{"type":"FeatureCollection","features":[{"type":"Feature","properties":{"stroke":"#0000FF","stroke-width":2},"geometry":{"type":"LineString","coordinates":[[20.701587,43.612357],[20.701587,43.612357],[20.701582,43.612385],[20.701577,43.612402],[20.701575,43.612422],[20.701582,43.612442],[20.70155,43.612427],[20.70155,43.612452],[20.701552,43.612487],[20.701567,43.612517],[20.70158,43.612542],[20.701582,43.612565],[20.70159,43.612587],[20.701592,43.612612],[20.701597,43.612637],[20.7016,43.612665],[20.701602,43.612692],[20.701602,43.612717],[20.701605,43.612747],[20.70161,43.612772],[20.701617,43.612795],[20.70164,43.612817],[20.701667,43.612837],[20.70169,43.612857],[20.701717,43.612882],[20.701742,43.612907],[20.701762,43.612932],[20.70178,43.612955],[20.701795,43.612982],[20.701815,43.613007],[20.701822,43.613032],[20.701837,43.613057],[20.701847,43.613077],[20.701862,43.6131],[20.701867,43.613122],[20.701872,43.613142],[20.701872,43.613165],[20.701872,43.61319],[20.701875,43.613212],[20.701882,43.613237],[20.701887,43.613257],[20.701902,43.61328],[20.70191,43.613302],[20.701917,43.613325],[20.70193,43.613347],[20.70194,43.613377],[20.701947,43.6134],[20.701955,43.61342],[20.701962,43.613437],[20.701962,43.613465],[20.70197,43.613487],[20.70198,43.613502],[20.701987,43.613525],[20.701992,43.613547],[20.701995,43.613567],[20.702,43.61359],[20.70201,43.613607],[20.702012,43.613627],[20.702017,43.613645],[20.702032,43.613662],[20.70204,43.613683],[20.70204,43.613712],[20.702042,43.613732],[20.702055,43.613757],[20.702057,43.613777],[20.702062,43.613797],[20.702067,43.613817],[20.702067,43.613837],[20.702062,43.613857],[20.70205,43.613877],[20.70204,43.613892],[20.702017,43.6139],[20.701987,43.613907],[20.701962,43.613907],[20.701937,43.613895],[20.70191,43.613877],[20.70189,43.613857],[20.701862,43.613837],[20.701837,43.613817],[20.701817,43.6138],[20.701802,43.613785],[20.701782,43.613765],[20.701765,43.613747],[20.701742,43.613727],[20.701722,43.61371],[20.7017,43.61369],[20.701682,43.613667],[20.701662,43.613647],[20.70164,43.61363],[20.701617,43.613607],[20.701597,43.613587],[20.701582,43.613565],[20.701562,43.613545],[20.70154,43.613527],[20.701518,43.613507],[20.701497,43.613492],[20.701477,43.613475],[20.70146,43.613457],[20.701442,43.613437],[20.701425,43.61342],[20.701402,43.613397],[20.701387,43.613377],[20.70137,43.61336],[20.701342,43.613342],[20.701327,43.613322],[20.70131,43.613302],[20.701287,43.613282],[20.70127,43.613262],[20.701252,43.613242],[20.701237,43.613222],[20.701222,43.613202],[20.701207,43.613182],[20.70119,43.613165],[20.701172,43.613142],[20.701152,43.61312],[20.701132,43.6131],[20.701122,43.613082],[20.701103,43.613062],[20.701077,43.613037],[20.70105,43.613017],[20.701022,43.613],[20.700997,43.61298],[20.700972,43.61296],[20.700947,43.612942],[20.70092,43.612927],[20.700887,43.612917],[20.70086,43.612902],[20.700832,43.61289],[20.700807,43.612877],[20.700775,43.612862],[20.700747,43.61285],[20.700722,43.612832],[20.700692,43.61282],[20.700667,43.612802],[20.700637,43.612787],[20.700612,43.612768],[20.700587,43.612752],[20.700565,43.612737],[20.700545,43.61272],[20.70052,43.612705],[20.700497,43.612692],[20.700472,43.612675],[20.700447,43.612657],[20.700425,43.61264],[20.700397,43.612627],[20.700382,43.612612],[20.70035,43.612597],[20.700325,43.612585],[20.700295,43.612567],[20.70027,43.612555],[20.700242,43.612542],[20.700215,43.612527],[20.700188,43.612512],[20.700165,43.6125],[20.700135,43.612487],[20.700107,43.61248],[20.700077,43.612467],[20.70005,43.612455],[20.700022,43.612447],[20.699995,43.612437],[20.69997,43.61243],[20.699947,43.612422],[20.69992,43.612415],[20.699895,43.612407],[20.699867,43.612397],[20.699842,43.612388],[20.699822,43.61238],[20.699797,43.612372],[20.699773,43.612367],[20.699747,43.612357],[20.699717,43.612347],[20.699695,43.61234],[20.699662,43.612332],[20.699632,43.612322],[20.699597,43.612312],[20.699565,43.6123],[20.699537,43.61229],[20.699507,43.612277],[20.699477,43.612265],[20.699447,43.612252],[20.69942,43.612242],[20.69939,43.612232],[20.699358,43.612217],[20.69933,43.61221],[20.699302,43.612197],[20.699272,43.612185],[20.699242,43.612177],[20.699215,43.612167],[20.699182,43.612157],[20.699155,43.612147],[20.699127,43.612137],[20.699092,43.61213],[20.699057,43.612127],[20.69903,43.612127],[20.698995,43.612127],[20.698962,43.612135],[20.698932,43.61214],[20.698902,43.612147],[20.698867,43.612147],[20.698832,43.61215],[20.698802,43.612155],[20.698765,43.612155],[20.698737,43.612152],[20.698705,43.61214],[20.698677,43.612132],[20.698642,43.61213],[20.698607,43.612125],[20.698575,43.612125],[20.698547,43.612125],[20.698522,43.61212],[20.69849,43.612117],[20.698455,43.61211],[20.698422,43.612102],[20.69838,43.6121],[20.698347,43.612093],[20.698317,43.612092],[20.69829,43.612092],[20.698257,43.612093],[20.698227,43.612093],[20.698202,43.6121],[20.698175,43.612102],[20.698142,43.612105],[20.698117,43.612105],[20.698087,43.61211],[20.698062,43.612117],[20.698037,43.612122],[20.698012,43.612125],[20.697977,43.612132],[20.69795,43.612132],[20.697922,43.612132],[20.69789,43.612127],[20.697855,43.612127],[20.697825,43.612122],[20.697792,43.612117],[20.697762,43.612115],[20.697735,43.612115],[20.697702,43.612112],[20.69767,43.612107],[20.697642,43.612107],[20.697607,43.612102],[20.697577,43.6121],[20.69755,43.612097],[20.697522,43.612097],[20.697495,43.612097],[20.69747,43.612092],[20.697445,43.612082],[20.69742,43.612072],[20.697392,43.61206],[20.697367,43.612052],[20.697337,43.612042],[20.697315,43.61203],[20.69728,43.612012],[20.697257,43.612],[20.697233,43.611985],[20.69721,43.611965],[20.697195,43.61195],[20.697172,43.61193],[20.697152,43.611915],[20.697132,43.611897],[20.697117,43.611877],[20.697097,43.611862],[20.697077,43.611842],[20.697057,43.611817],[20.697035,43.611807],[20.696995,43.611802],[20.696967,43.611802],[20.69694,43.611792],[20.696902,43.611787],[20.696872,43.611782],[20.69685,43.611775],[20.696827,43.611765],[20.696805,43.611757],[20.696782,43.611745],[20.696762,43.61173],[20.69675,43.611712],[20.696732,43.611697],[20.696717,43.611682],[20.696697,43.61167],[20.696692,43.61165],[20.696667,43.611635],[20.696642,43.611622],[20.696617,43.611607],[20.696592,43.611602],[20.696557,43.611592],[20.696525,43.611582],[20.696485,43.611587],[20.696452,43.61158],[20.696427,43.61157],[20.696403,43.611562],[20.696375,43.611557],[20.696347,43.611547],[20.696322,43.61154],[20.696292,43.611532],[20.696267,43.611525],[20.696242,43.611517],[20.696212,43.61151],[20.696187,43.611497],[20.696157,43.611487],[20.696137,43.611475],[20.696112,43.611457],[20.696085,43.611437],[20.696057,43.611417],[20.696027,43.611402],[20.696012,43.611387],[20.695992,43.611367],[20.695965,43.61135],[20.695947,43.611337],[20.695917,43.611327],[20.695892,43.611317],[20.695865,43.611312],[20.695837,43.611302],[20.695812,43.611295],[20.695782,43.611287],[20.695757,43.611282],[20.695735,43.611272],[20.69571,43.611262],[20.695677,43.611255],[20.695647,43.611242],[20.695608,43.611235],[20.695575,43.611227],[20.695542,43.611217],[20.695512,43.611222],[20.695477,43.61122],[20.695445,43.611217],[20.695412,43.61122],[20.695387,43.611227],[20.695365,43.611237],[20.695337,43.611242],[20.695312,43.611252],[20.695287,43.611257],[20.695267,43.611267],[20.695242,43.611277],[20.695217,43.611282],[20.69519,43.611282],[20.695162,43.611287],[20.695132,43.611292],[20.695102,43.611292],[20.695072,43.611287],[20.695045,43.611282],[20.69502,43.611277],[20.694992,43.611267],[20.694972,43.611257],[20.69495,43.611242],[20.694927,43.611217],[20.69491,43.611202],[20.6949,43.611187],[20.69489,43.611167],[20.694877,43.611142],[20.694882,43.611122],[20.69487,43.611107],[20.694867,43.611087],[20.694862,43.611065],[20.694857,43.611042],[20.694855,43.611012],[20.694848,43.610995],[20.694845,43.610967],[20.694845,43.610947],[20.69484,43.610922],[20.694837,43.6109],[20.694835,43.61088],[20.694832,43.610857],[20.69483,43.610837],[20.694822,43.610812],[20.694822,43.610792],[20.694817,43.610772],[20.694812,43.610755],[20.694807,43.610732],[20.694797,43.610715],[20.694787,43.610692],[20.69478,43.610672],[20.694772,43.610655],[20.694767,43.610637],[20.694757,43.610612],[20.694745,43.610592],[20.69473,43.61057],[20.694712,43.610552],[20.694697,43.610532],[20.694687,43.610517],[20.694677,43.6105],[20.694658,43.61048],[20.694647,43.610462],[20.694637,43.610442],[20.694623,43.610425],[20.694612,43.610407],[20.6946,43.610385],[20.694587,43.610362],[20.694577,43.610345],[20.694567,43.610322],[20.694557,43.610297],[20.694555,43.610277],[20.694547,43.610257],[20.694542,43.61023],[20.694537,43.610212],[20.694535,43.61019],[20.694527,43.610167],[20.694525,43.610147],[20.694522,43.610127],[20.694517,43.61011],[20.694515,43.610092],[20.694512,43.610067],[20.694517,43.610047],[20.694517,43.610025],[20.694522,43.610005],[20.694522,43.609982],[20.694527,43.609962],[20.69453,43.60994],[20.694532,43.60992],[20.694532,43.609897],[20.694527,43.609877],[20.694522,43.609852],[20.69452,43.609832],[20.69452,43.609813],[20.694515,43.609787],[20.694497,43.609765],[20.694492,43.60974],[20.694495,43.609722],[20.694495,43.609702],[20.694492,43.609682],[20.694485,43.609655],[20.694485,43.609632],[20.694475,43.609615],[20.694472,43.609592],[20.694472,43.609567],[20.694468,43.609547],[20.694472,43.609522],[20.694472,43.609502],[20.694472,43.609482],[20.694467,43.609462],[20.694465,43.609445],[20.69446,43.609417],[20.694457,43.6094],[20.694457,43.60938],[20.694457,43.60936],[20.694452,43.60934],[20.694447,43.60932],[20.694447,43.609297],[20.694442,43.609272],[20.694437,43.609247],[20.694432,43.609222],[20.694427,43.609202],[20.694422,43.609182],[20.694417,43.609162],[20.694415,43.609145],[20.694407,43.609127],[20.694402,43.609107],[20.694392,43.609082],[20.694392,43.609062],[20.694387,43.609042],[20.69438,43.609025],[20.694382,43.609007],[20.694377,43.60898],[20.694372,43.608962],[20.694367,43.608942],[20.694362,43.608922],[20.69436,43.608902],[20.694352,43.608882],[20.69435,43.608857],[20.694352,43.608837],[20.694347,43.608812],[20.694347,43.608795],[20.694347,43.608772],[20.694347,43.608752],[20.694345,43.60873],[20.694342,43.60871],[20.694342,43.608687],[20.694342,43.608665],[20.694347,43.608642],[20.69435,43.608625],[20.694342,43.608602],[20.694342,43.60858],[20.694347,43.608562],[20.694347,43.60854],[20.694345,43.608517],[20.694342,43.608497],[20.694337,43.608475],[20.694335,43.608455],[20.694335,43.608435],[20.69433,43.608415],[20.694327,43.608395],[20.694322,43.608372],[20.694317,43.608355],[20.694315,43.608335],[20.694312,43.608317],[20.694307,43.608297],[20.6943,43.608277],[20.69429,43.60826],[20.694282,43.60824],[20.694272,43.608217],[20.694257,43.608192],[20.694252,43.608172],[20.694242,43.608152],[20.69423,43.60813],[20.694222,43.60811],[20.694217,43.60809],[20.694212,43.608068],[20.694207,43.60805],[20.694207,43.608032],[20.6942,43.608012],[20.694192,43.607992],[20.694187,43.607967],[20.694182,43.607947],[20.69418,43.607927],[20.694172,43.607902],[20.694167,43.60788],[20.694162,43.607857],[20.694157,43.607832],[20.694152,43.607815],[20.694147,43.60779],[20.694147,43.607767],[20.694142,43.607747],[20.694142,43.607725],[20.69414,43.6077],[20.694145,43.607677],[20.694145,43.60765],[20.694147,43.607632],[20.69415,43.60761],[20.694152,43.607587],[20.694152,43.607567],[20.69416,43.607542],[20.694157,43.607515],[20.694162,43.607495],[20.694162,43.607475],[20.694167,43.607455],[20.694167,43.607432],[20.69416,43.607412],[20.694167,43.607385],[20.694172,43.607362],[20.694172,43.607345],[20.694172,43.607322],[20.694175,43.6073],[20.694177,43.607282],[20.694182,43.607262],[20.694192,43.607238],[20.69419,43.607217],[20.69419,43.607192],[20.694192,43.60717],[20.694195,43.60715],[20.694192,43.607122],[20.694192,43.607097],[20.694187,43.607077],[20.69418,43.607052],[20.69417,43.607032],[20.694167,43.607012],[20.69416,43.60699],[20.694152,43.606967],[20.694147,43.606947],[20.694142,43.606927],[20.694137,43.6069],[20.694132,43.60688],[20.694127,43.606855],[20.694122,43.60683],[20.69412,43.606812],[20.694112,43.606792],[20.694105,43.606772],[20.694102,43.60675],[20.694105,43.606732],[20.694105,43.606712],[20.694097,43.606687],[20.694088,43.606662],[20.694087,43.606645],[20.694077,43.606622],[20.694077,43.606602],[20.694082,43.606582],[20.694077,43.606565],[20.694082,43.60654],[20.694075,43.606517],[20.694077,43.606492],[20.69407,43.606467],[20.69407,43.60645],[20.694067,43.606427],[20.694067,43.606407],[20.694062,43.606387],[20.694052,43.606362],[20.69405,43.60634],[20.694037,43.606317],[20.694027,43.606295],[20.694018,43.60627],[20.694012,43.606247],[20.694005,43.606222],[20.693992,43.6062],[20.693985,43.606172],[20.69398,43.60615],[20.693977,43.606127],[20.693972,43.60611],[20.693962,43.606082],[20.693955,43.606055],[20.693945,43.606037],[20.693935,43.606015],[20.693922,43.605997],[20.693912,43.605977],[20.693907,43.60596],[20.6939,43.605937],[20.693885,43.605917],[20.693862,43.605897],[20.693845,43.605872],[20.693828,43.605852],[20.69381,43.605832],[20.69379,43.605812],[20.693777,43.605795],[20.693752,43.605777],[20.693735,43.605762],[20.693707,43.605747],[20.693682,43.60573],[20.693655,43.605718],[20.693625,43.605707],[20.693592,43.605697],[20.69357,43.605692],[20.693545,43.60569],[20.69352,43.605687],[20.693482,43.605687],[20.693457,43.60569],[20.693432,43.605692],[20.693407,43.605692],[20.693372,43.605695],[20.693337,43.60569],[20.693302,43.605687],[20.693267,43.605687],[20.693237,43.605682],[20.693207,43.605672],[20.693182,43.605667],[20.693152,43.605648],[20.693132,43.605637],[20.693102,43.60562],[20.693077,43.6056],[20.693062,43.605585],[20.693045,43.605572],[20.693022,43.605557],[20.693007,43.605542],[20.692982,43.605525],[20.692965,43.605507],[20.692952,43.605492],[20.692937,43.605475],[20.692917,43.605465],[20.692902,43.60545],[20.692882,43.605437],[20.692857,43.60542],[20.69284,43.605405],[20.692817,43.605385],[20.692792,43.605365],[20.692767,43.605345],[20.692745,43.605327],[20.692717,43.605307],[20.692695,43.60529],[20.69267,43.605272],[20.692652,43.60526],[20.692622,43.605242],[20.692592,43.605225],[20.692562,43.605212],[20.692542,43.6052],[20.692522,43.605187],[20.692505,43.605175],[20.692485,43.605162],[20.692467,43.60515],[20.69245,43.605137],[20.692435,43.605122],[20.692417,43.605105],[20.692402,43.605087],[20.692382,43.605072],[20.692362,43.605057],[20.692342,43.605035],[20.692325,43.605022],[20.692308,43.605005],[20.692282,43.604987],[20.692252,43.604972],[20.692232,43.604962],[20.692202,43.60495],[20.69217,43.60494],[20.69214,43.60493],[20.692112,43.604925],[20.692087,43.604912],[20.692062,43.604905],[20.692032,43.604892],[20.692007,43.604877],[20.69198,43.60486],[20.691957,43.604842],[20.69194,43.604827],[20.691922,43.604812],[20.691905,43.604795],[20.691892,43.604772],[20.691882,43.604757],[20.691872,43.604737],[20.691865,43.604715],[20.691858,43.604692],[20.691852,43.604667],[20.691847,43.604642],[20.691842,43.604622],[20.691832,43.604602],[20.691822,43.604582],[20.691807,43.604567],[20.691797,43.60455],[20.691777,43.604527],[20.691752,43.604508],[20.691727,43.604495],[20.691702,43.60449],[20.691677,43.604492],[20.691652,43.60449],[20.691617,43.604495],[20.691592,43.6045],[20.69157,43.604512],[20.691545,43.604525],[20.691525,43.60454],[20.691507,43.604555],[20.69149,43.60457],[20.691462,43.60459],[20.691452,43.60461],[20.691422,43.604627],[20.691395,43.604647],[20.691382,43.604663],[20.691357,43.604685],[20.691335,43.604705],[20.69132,43.60472],[20.691302,43.604737],[20.691287,43.604752],[20.691267,43.60477],[20.691252,43.604792],[20.691237,43.604815],[20.691225,43.604835],[20.691215,43.604857],[20.691202,43.604877],[20.691195,43.604902],[20.691192,43.60492],[20.691182,43.604945],[20.691175,43.604965],[20.691167,43.604982],[20.691162,43.605002],[20.691155,43.605027],[20.691147,43.605052],[20.69114,43.605072],[20.691137,43.60509],[20.691125,43.605107],[20.691115,43.605132],[20.691105,43.605155],[20.691087,43.605175],[20.691072,43.605192],[20.691052,43.605212],[20.69103,43.605227],[20.691002,43.60524],[20.690975,43.605252],[20.690952,43.605262],[20.690915,43.605267],[20.690882,43.605272],[20.690847,43.605272],[20.690812,43.605272],[20.690777,43.605265],[20.690742,43.605255],[20.690717,43.605242],[20.690692,43.605227],[20.69066,43.605217],[20.690632,43.605212],[20.690607,43.605197],[20.69058,43.605182],[20.690555,43.605172],[20.690525,43.605162],[20.690497,43.605147],[20.690467,43.605135],[20.690437,43.605122],[20.690415,43.605112],[20.690392,43.605102],[20.69037,43.605092],[20.690347,43.605085],[20.69032,43.605077],[20.690285,43.605067],[20.690252,43.605062],[20.69022,43.605055],[20.690187,43.605042],[20.690157,43.605035],[20.690132,43.605027],[20.690107,43.605025],[20.690077,43.605022],[20.690052,43.605017],[20.690022,43.60502],[20.68999,43.605015],[20.689955,43.605012],[20.68993,43.60501],[20.689897,43.60501],[20.689865,43.60501],[20.68984,43.605007],[20.68981,43.605],[20.689785,43.604997],[20.689747,43.604992],[20.689725,43.604985],[20.689692,43.604977],[20.689665,43.604972],[20.689635,43.604962],[20.689612,43.604952],[20.689577,43.604945],[20.689543,43.604937],[20.689517,43.604927],[20.689485,43.60492],[20.68946,43.604912],[20.689422,43.604902],[20.689392,43.604892],[20.689357,43.604882],[20.689337,43.604872],[20.689312,43.604862],[20.689285,43.604852],[20.689257,43.604837],[20.689235,43.604822],[20.689207,43.604807],[20.68918,43.604795],[20.689155,43.60478],[20.689137,43.604767],[20.689112,43.604745],[20.689092,43.60473],[20.68907,43.604712],[20.68905,43.604692],[20.68903,43.604672],[20.689012,43.604652],[20.688987,43.604635],[20.688957,43.60462],[20.68893,43.604605],[20.688903,43.6046],[20.68888,43.604592],[20.688847,43.604587],[20.68881,43.604585],[20.688785,43.604582],[20.688757,43.60458],[20.688727,43.604582],[20.688702,43.604582],[20.688675,43.604585],[20.688647,43.604585],[20.68862,43.604592],[20.688592,43.604595],[20.688567,43.604602],[20.688545,43.604607],[20.688515,43.604617],[20.688482,43.604632],[20.688462,43.604642],[20.688435,43.604657],[20.688412,43.604675],[20.688392,43.604695],[20.688368,43.604717],[20.688357,43.604732],[20.688337,43.604752],[20.68832,43.604775],[20.688315,43.604795],[20.688302,43.604812],[20.688287,43.604837],[20.688277,43.604852],[20.688265,43.60487],[20.68825,43.604892],[20.688242,43.60491],[20.68823,43.604927],[20.688212,43.60495],[20.688202,43.604967],[20.688192,43.60499],[20.688177,43.605015],[20.688167,43.605042],[20.688152,43.605065],[20.68814,43.605087],[20.688122,43.605105],[20.68811,43.605125],[20.6881,43.605142],[20.688085,43.60516],[20.688072,43.605177],[20.688052,43.6052],[20.68804,43.605222],[20.688022,43.605242],[20.688007,43.605267],[20.687992,43.605287],[20.687977,43.605312],[20.687957,43.605335],[20.687942,43.60535],[20.687925,43.605367],[20.687905,43.605382],[20.687887,43.605397],[20.687872,43.605415],[20.687855,43.605437],[20.68784,43.605452],[20.687817,43.605472],[20.687802,43.605493],[20.687785,43.605522],[20.687772,43.605542],[20.687757,43.605562],[20.687747,43.605587],[20.687737,43.605612],[20.687732,43.605632],[20.68772,43.605655],[20.68772,43.605677],[20.687717,43.605697],[20.687715,43.605715],[20.687717,43.60574],[20.687712,43.605762],[20.68771,43.605787],[20.687707,43.60581],[20.687707,43.605837],[20.68771,43.605857],[20.687712,43.605877],[20.68772,43.605897],[20.687722,43.605917],[20.687732,43.605942],[20.687737,43.60596],[20.687745,43.605985],[20.687752,43.606012],[20.687763,43.606035],[20.687767,43.606062],[20.687777,43.606087],[20.687785,43.60611],[20.68778,43.60613],[20.687775,43.606147],[20.687762,43.606172],[20.687747,43.606192],[20.687755,43.606212],[20.687732,43.606225],[20.687692,43.606232],[20.687657,43.606235],[20.68763,43.606237],[20.687605,43.60624],[20.687577,43.606237],[20.687542,43.606237],[20.687507,43.606235],[20.687482,43.606232],[20.687452,43.606235],[20.687422,43.606237],[20.687397,43.606242],[20.687367,43.606245],[20.687332,43.606252],[20.687297,43.606257],[20.687275,43.606267],[20.687242,43.606277],[20.687212,43.606287],[20.687182,43.6063],[20.687158,43.606312],[20.68713,43.606323],[20.687102,43.60634],[20.687082,43.606352],[20.687055,43.606367],[20.687037,43.606382],[20.687017,43.606392],[20.68699,43.606412],[20.686967,43.606427],[20.686952,43.606442],[20.686922,43.606457],[20.6869,43.60647],[20.686872,43.606477],[20.686847,43.606492],[20.686827,43.606502],[20.6868,43.606505],[20.68677,43.6065],[20.68674,43.606497],[20.686715,43.606495],[20.68669,43.606487],[20.686667,43.606477],[20.68664,43.606467],[20.686612,43.606452],[20.686595,43.606437],[20.686577,43.606422],[20.686562,43.606407],[20.686542,43.606392],[20.686515,43.606382],[20.686492,43.606367],[20.68647,43.60636],[20.686442,43.606362],[20.686467,43.606387],[20.686495,43.606392],[20.686522,43.606387],[20.68653,43.606352],[20.686532,43.606332],[20.686537,43.606302],[20.686537,43.606277],[20.686542,43.606252],[20.686547,43.606232],[20.686547,43.606212],[20.686542,43.606192],[20.686547,43.606172],[20.686557,43.606155],[20.686572,43.606137],[20.686585,43.606117],[20.686587,43.606098],[20.686597,43.606077],[20.6866,43.606057],[20.686602,43.60604],[20.686587,43.60602],[20.68658,43.605997],[20.686597,43.605972],[20.68662,43.60595],[20.68663,43.605927],[20.686622,43.605907],[20.686617,43.605887],[20.68661,43.605865],[20.686602,43.605847],[20.686597,43.605827],[20.686592,43.605807],[20.686597,43.605785],[20.686607,43.605767],[20.686612,43.60575],[20.68662,43.605727],[20.686622,43.605707],[20.686622,43.605687],[20.686627,43.605667],[20.686617,43.605647],[20.686602,43.605627],[20.686592,43.605607],[20.686577,43.60559],[20.68657,43.605567],[20.686552,43.60555],[20.686535,43.605535],[20.68652,43.60552],[20.686505,43.605505],[20.686487,43.605487],[20.686467,43.605472],[20.686452,43.605455],[20.686442,43.605437],[20.686432,43.60542],[20.686415,43.605402],[20.686395,43.605387],[20.686385,43.60537],[20.686377,43.605347],[20.686363,43.605327],[20.686352,43.605312],[20.686342,43.605292],[20.686347,43.605272],[20.686352,43.605252],[20.68635,43.605235],[20.686357,43.605217],[20.686363,43.605197],[20.686363,43.605175],[20.686362,43.605157],[20.686362,43.605135],[20.686367,43.605117],[20.686377,43.605097],[20.686392,43.605082],[20.68641,43.605062],[20.686422,43.605047],[20.686427,43.605027],[20.686432,43.605005],[20.686452,43.604977],[20.686472,43.604955],[20.686487,43.604935],[20.686495,43.604915],[20.686505,43.604892],[20.686512,43.604872],[20.686515,43.604852],[20.686527,43.604832],[20.686537,43.604817],[20.686547,43.604795],[20.686542,43.604772],[20.68655,43.604752],[20.686552,43.60473],[20.686553,43.604702],[20.686557,43.604677],[20.686557,43.60466],[20.68656,43.60464],[20.686562,43.604622],[20.686562,43.604602],[20.686562,43.604585],[20.686562,43.604567],[20.686562,43.604542],[20.686562,43.604517],[20.68656,43.6045],[20.68656,43.604482],[20.686557,43.60446],[20.68656,43.604437],[20.686552,43.604415],[20.686557,43.604395],[20.686565,43.604372],[20.686562,43.604352],[20.686565,43.60433],[20.686567,43.604307],[20.686572,43.604282],[20.686572,43.604265],[20.686572,43.604247],[20.686572,43.604222],[20.686562,43.604207],[20.68656,43.604182],[20.686557,43.604157],[20.686547,43.604135],[20.686537,43.60411],[20.686527,43.604087],[20.686522,43.604067],[20.686512,43.604052],[20.686502,43.604032],[20.686492,43.604017],[20.686482,43.603992],[20.686472,43.603973],[20.686465,43.603952],[20.686455,43.603935],[20.686445,43.603912],[20.686435,43.603892],[20.68642,43.603872],[20.686407,43.603855],[20.686392,43.603832],[20.686372,43.60381],[20.68636,43.603792],[20.68634,43.603777],[20.686322,43.603757],[20.686302,43.603737],[20.68628,43.603712],[20.68626,43.60369],[20.686242,43.60367],[20.686227,43.603655],[20.686207,43.603632],[20.68619,43.603607],[20.686177,43.603587],[20.686162,43.603572],[20.686147,43.603552],[20.686132,43.603532],[20.686112,43.603515],[20.6861,43.603495],[20.686082,43.60347],[20.686062,43.603447],[20.68605,43.603425],[20.686037,43.603402],[20.686032,43.603385],[20.686018,43.603367],[20.686012,43.603347],[20.686007,43.603327],[20.686,43.60331],[20.68599,43.603292],[20.685992,43.603272],[20.685995,43.60325],[20.685997,43.603227],[20.686002,43.603205],[20.686007,43.603177],[20.686017,43.603155],[20.686022,43.603137],[20.686032,43.603117],[20.686042,43.603097],[20.68605,43.60308],[20.68605,43.603062],[20.686052,43.603042],[20.686047,43.603022],[20.686047,43.603002],[20.686047,43.602977],[20.686052,43.60296],[20.686047,43.602937],[20.686042,43.602915],[20.686035,43.602892],[20.686027,43.602872],[20.686005,43.602848],[20.685987,43.602832],[20.685972,43.602807],[20.685957,43.602782],[20.685942,43.602763],[20.685927,43.602747],[20.685915,43.602727],[20.685902,43.602702],[20.685885,43.60269],[20.685872,43.602672],[20.685862,43.602655],[20.68585,43.602637],[20.685842,43.602617],[20.685832,43.602595],[20.685817,43.60257],[20.685802,43.602547],[20.685782,43.602527],[20.685762,43.602507],[20.68575,43.602482],[20.68573,43.602457],[20.685712,43.602437],[20.685697,43.60242],[20.68568,43.602405],[20.685655,43.602387],[20.685632,43.602367],[20.685617,43.602352],[20.685597,43.60233],[20.68558,43.602313],[20.68556,43.602292],[20.685545,43.602272],[20.68553,43.602257],[20.685517,43.602237],[20.685507,43.602215],[20.685497,43.602197],[20.685485,43.602175],[20.685477,43.602155],[20.685472,43.602137],[20.685467,43.602112],[20.685465,43.602092],[20.685465,43.602072],[20.685462,43.602052],[20.685502,43.60206],[20.685535,43.602077],[20.685565,43.602092],[20.685545,43.60207],[20.685522,43.602055],[20.685505,43.602037],[20.685487,43.60202],[20.685462,43.60201],[20.68542,43.601995],[20.685377,43.601982],[20.685337,43.60197],[20.685302,43.601957],[20.685282,43.601945],[20.685247,43.601933],[20.685223,43.601927],[20.685188,43.601912],[20.68516,43.601902],[20.685135,43.601892],[20.685112,43.60188],[20.68508,43.601872],[20.685047,43.60186],[20.68502,43.601852],[20.68499,43.601835],[20.684962,43.60182],[20.684937,43.601802],[20.684902,43.60179],[20.684875,43.601782],[20.684857,43.60177],[20.684837,43.601757],[20.684812,43.601742],[20.68478,43.601725],[20.684752,43.601705],[20.68473,43.601687],[20.684712,43.601667],[20.684692,43.601652],[20.684665,43.601637],[20.684647,43.60162],[20.684627,43.601607],[20.684602,43.601592],[20.684583,43.601572],[20.684567,43.601557],[20.68455,43.601542],[20.684532,43.601527],[20.684512,43.601507],[20.684492,43.60149],[20.684477,43.601472],[20.684457,43.601455],[20.684432,43.601442],[20.684415,43.601427],[20.684387,43.601417],[20.684365,43.601402],[20.684342,43.601387],[20.684322,43.601372],[20.6843,43.601355],[20.684285,43.60134],[20.684267,43.601322],[20.684255,43.601307],[20.684238,43.601287],[20.684227,43.60127],[20.68421,43.601252],[20.684192,43.601235],[20.684177,43.601217],[20.684162,43.6012],[20.684142,43.601177],[20.684115,43.601157],[20.684097,43.601142],[20.684077,43.601127],[20.684057,43.60111],[20.684027,43.601087],[20.684012,43.601072],[20.683992,43.60106],[20.683972,43.601042],[20.683952,43.601027],[20.68393,43.601012],[20.683907,43.600997],[20.683887,43.600987],[20.683867,43.600972],[20.683845,43.600962],[20.683817,43.600952],[20.683792,43.600942],[20.683767,43.600932],[20.683742,43.600927],[20.68371,43.600917],[20.683685,43.600897],[20.683657,43.600882],[20.683633,43.600877],[20.683607,43.600867],[20.683575,43.60086],[20.683547,43.600847],[20.683517,43.600832],[20.683492,43.600817],[20.683467,43.6008],[20.683442,43.600782],[20.683425,43.600762],[20.683408,43.600742],[20.683392,43.600727],[20.683375,43.60071],[20.683352,43.600685],[20.683342,43.600667],[20.683327,43.60065],[20.683312,43.600627],[20.683297,43.600612],[20.683292,43.600592],[20.68329,43.600575],[20.683277,43.600552],[20.68327,43.600532],[20.683262,43.600512],[20.683252,43.600492],[20.683235,43.600477],[20.683227,43.600457],[20.683217,43.60044],[20.683212,43.600417],[20.683195,43.600397],[20.683185,43.600377],[20.683172,43.600357],[20.68316,43.600337],[20.683147,43.60032],[20.683135,43.600297],[20.683125,43.600277],[20.68311,43.600257],[20.683095,43.600242],[20.683072,43.600222],[20.683047,43.600205],[20.683025,43.600187],[20.68301,43.600172],[20.682993,43.600152],[20.682985,43.60013],[20.682972,43.600112],[20.68296,43.600095],[20.682947,43.600077],[20.682932,43.60006],[20.682922,43.600037],[20.68291,43.60002],[20.68289,43.6],[20.682873,43.599982],[20.682865,43.599962],[20.68285,43.599935],[20.682838,43.599912],[20.682827,43.599893],[20.682815,43.59987],[20.682802,43.599842],[20.682792,43.599822],[20.682782,43.599805],[20.682765,43.599787],[20.682747,43.59977],[20.682732,43.599747],[20.682717,43.59973],[20.682702,43.599707],[20.68269,43.59969],[20.682677,43.599672],[20.682672,43.599652],[20.682657,43.599632],[20.682645,43.599615],[20.682637,43.599597],[20.682627,43.59958],[20.682612,43.59956],[20.682597,43.599545],[20.682582,43.599522],[20.682567,43.5995],[20.682555,43.599475],[20.682547,43.599455],[20.68253,43.599432],[20.682517,43.59941],[20.6825,43.599387],[20.682487,43.59937],[20.682475,43.599352],[20.682457,43.59934],[20.682432,43.599317],[20.682412,43.599302],[20.68239,43.599282],[20.682372,43.599267],[20.682352,43.599255],[20.682332,43.599235],[20.682317,43.599217],[20.68229,43.599195],[20.682268,43.599175],[20.68225,43.59916],[20.682237,43.599137],[20.682225,43.599122],[20.682212,43.5991],[20.682197,43.599077],[20.682187,43.599062],[20.682172,43.59904],[20.682162,43.599017],[20.68215,43.599],[20.682132,43.598982],[20.682115,43.59896],[20.682097,43.598942],[20.682087,43.59892],[20.682078,43.598902],[20.682075,43.598877],[20.682067,43.59886],[20.682052,43.598837],[20.682042,43.598817],[20.682027,43.598802],[20.682015,43.598785],[20.682005,43.598762],[20.681992,43.598742],[20.681982,43.598727],[20.681967,43.598705],[20.68196,43.59868],[20.68195,43.598662],[20.681932,43.598647],[20.681912,43.59863],[20.681895,43.598615],[20.681877,43.598598],[20.681862,43.598582],[20.681847,43.598562],[20.681832,43.598542],[20.681815,43.598522],[20.6818,43.598507],[20.681787,43.598487],[20.681767,43.598467],[20.681757,43.598447],[20.681742,43.598425],[20.681727,43.598407],[20.681712,43.598392],[20.681692,43.598367],[20.681677,43.598342],[20.681662,43.598322],[20.681647,43.598307],[20.681627,43.598287],[20.681612,43.598272],[20.681592,43.598252],[20.681577,43.598235],[20.68156,43.598217],[20.681542,43.598202],[20.681525,43.598182],[20.681505,43.598162],[20.681487,43.598142],[20.681467,43.598127],[20.681442,43.59811],[20.681412,43.598097],[20.681387,43.598085],[20.681367,43.59807],[20.68135,43.598057],[20.681325,43.598037],[20.681297,43.59802],[20.681272,43.598005],[20.681252,43.597992],[20.681222,43.597972],[20.681192,43.597957],[20.681172,43.597942],[20.681152,43.597927],[20.681132,43.59791],[20.681107,43.5979],[20.681085,43.597892],[20.681057,43.597882],[20.681032,43.59787],[20.681007,43.597862],[20.680985,43.59785],[20.680957,43.597842],[20.680932,43.597832],[20.680902,43.597822],[20.680872,43.597815],[20.680842,43.597807],[20.680807,43.597805],[20.680782,43.597802],[20.680752,43.597797],[20.680722,43.597792],[20.680692,43.597785],[20.680662,43.597777],[20.680635,43.597772],[20.680602,43.597767],[20.680567,43.597762],[20.680537,43.597757],[20.68051,43.597757],[20.680485,43.597745],[20.680457,43.59774],[20.680432,43.597747],[20.680407,43.597757],[20.680407,43.597777],[20.680412,43.597795],[20.680417,43.597817],[20.680437,43.597832],[20.680457,43.597857],[20.680477,43.597885],[20.680487,43.597902],[20.680488,43.597922],[20.6805,43.59794],[20.68051,43.597962],[20.680512,43.59799],[20.680507,43.598012],[20.680497,43.598035],[20.680482,43.598052],[20.68046,43.598062],[20.680432,43.598072],[20.680402,43.598077],[20.680375,43.598072],[20.680347,43.598062],[20.680327,43.59805],[20.68031,43.598032],[20.680297,43.598012],[20.680282,43.597992],[20.680262,43.597972],[20.680245,43.597957],[20.680225,43.597945],[20.680202,43.597932],[20.680182,43.59792],[20.680162,43.597905],[20.680145,43.597892],[20.680127,43.597877],[20.680102,43.59786],[20.68008,43.597842],[20.680057,43.59783],[20.680037,43.597812],[20.680017,43.597802],[20.679987,43.597785],[20.679962,43.597772],[20.679942,43.597757],[20.679922,43.597737],[20.679902,43.597722],[20.67988,43.597707],[20.67986,43.597687],[20.679837,43.597672],[20.679817,43.597652],[20.679797,43.597637],[20.679777,43.597622],[20.679765,43.597607],[20.679747,43.59759],[20.679727,43.59757],[20.679707,43.597547],[20.679697,43.597527],[20.679682,43.59751],[20.679662,43.597487],[20.67964,43.597467],[20.679622,43.597447],[20.679607,43.597425],[20.67959,43.597407],[20.679577,43.597388],[20.679557,43.597367],[20.679537,43.597347],[20.679515,43.59733],[20.679502,43.597312],[20.679482,43.597292],[20.679465,43.597277],[20.679445,43.597262],[20.67942,43.59725],[20.679397,43.597242],[20.679367,43.597237],[20.679337,43.597237],[20.67931,43.597252],[20.67929,43.597272],[20.679278,43.597292],[20.679277,43.597312],[20.679282,43.597332],[20.679285,43.597352],[20.679278,43.597372],[20.679285,43.597392],[20.67929,43.597412],[20.679297,43.597435],[20.679305,43.597457],[20.679307,43.597475],[20.67931,43.597497],[20.67931,43.59752],[20.67931,43.597547],[20.679307,43.597567],[20.679307,43.597587],[20.679302,43.597607],[20.6793,43.597627],[20.679292,43.597647],[20.679285,43.597675],[20.679277,43.597692],[20.67927,43.597715],[20.679257,43.597735],[20.679247,43.597752],[20.679237,43.597767],[20.679225,43.597785],[20.679212,43.597802],[20.67919,43.59782],[20.679167,43.597835],[20.67917,43.597852],[20.679155,43.597872],[20.679127,43.597867],[20.679095,43.597862],[20.679062,43.597857],[20.679035,43.59786],[20.679,43.597865],[20.678972,43.597875],[20.678937,43.59788],[20.678907,43.597885],[20.67888,43.597892],[20.678852,43.597905],[20.678827,43.597912],[20.678795,43.59792],[20.678762,43.59793],[20.678722,43.597932],[20.678687,43.597937],[20.678655,43.597937],[20.67863,43.597937],[20.678605,43.597945],[20.678577,43.597952],[20.67855,43.597957],[20.678525,43.597962],[20.6785,43.597962],[20.678467,43.597972],[20.678435,43.597972],[20.678402,43.597972],[20.67837,43.597972],[20.678342,43.597972],[20.678317,43.597967],[20.678287,43.597967],[20.678257,43.597962],[20.678227,43.59796],[20.678202,43.597957],[20.678172,43.597957],[20.678132,43.597952],[20.678097,43.597947],[20.67807,43.597947],[20.67804,43.597942],[20.678005,43.597942],[20.677972,43.597932],[20.677945,43.597922],[20.677917,43.597912],[20.67789,43.597907],[20.677862,43.597905],[20.677832,43.597902],[20.677797,43.5979],[20.677772,43.597897],[20.677737,43.597897],[20.677712,43.597897],[20.677687,43.597887],[20.677657,43.597885],[20.677627,43.59788],[20.677602,43.597872],[20.677572,43.59786],[20.677542,43.59785],[20.677512,43.59785],[20.677477,43.597845],[20.67745,43.597838],[20.677425,43.597832],[20.677402,43.597822],[20.677377,43.597807],[20.677343,43.597802],[20.677312,43.597792],[20.677282,43.59779],[20.677257,43.597777],[20.67723,43.597772],[20.677202,43.597767],[20.677172,43.597757],[20.677145,43.597752],[20.677118,43.597752],[20.677092,43.59775],[20.67706,43.597742],[20.677032,43.597735],[20.677,43.597727],[20.67697,43.597722],[20.676945,43.597722],[20.676912,43.597722],[20.676875,43.597717],[20.676847,43.597715],[20.676822,43.597712],[20.676792,43.597715],[20.676767,43.59772],[20.676737,43.597722],[20.676712,43.597737],[20.676685,43.597745],[20.676652,43.597747],[20.676622,43.597747],[20.676592,43.597757],[20.676565,43.597762],[20.676532,43.597762],[20.676495,43.597762],[20.67647,43.597768],[20.676442,43.597772],[20.676405,43.597767],[20.676372,43.597772],[20.676342,43.597767],[20.676312,43.597772],[20.676282,43.597772],[20.676252,43.597767],[20.676222,43.597765],[20.67619,43.597767],[20.676157,43.597767],[20.676127,43.597765],[20.676097,43.597757],[20.676067,43.597752],[20.676037,43.597747],[20.676012,43.597747],[20.67599,43.597737],[20.675967,43.597722],[20.675942,43.597717],[20.675912,43.597717],[20.67588,43.597712],[20.675857,43.597705],[20.675832,43.5977],[20.6758,43.597695],[20.67578,43.597682],[20.675753,43.597672],[20.67573,43.597672],[20.675702,43.597677],[20.675672,43.597672],[20.675647,43.597667],[20.675622,43.597657],[20.675592,43.597647],[20.675572,43.597637],[20.675542,43.59763],[20.675515,43.59762],[20.675487,43.597617],[20.675465,43.597607],[20.675432,43.5976],[20.67541,43.597582],[20.675387,43.597572],[20.67536,43.597567],[20.675327,43.597555],[20.675305,43.597547],[20.675277,43.597543],[20.67525,43.597542],[20.675222,43.597535],[20.675195,43.597525],[20.675167,43.597512],[20.675147,43.597502],[20.675125,43.597487],[20.675097,43.597475],[20.675072,43.597467],[20.675047,43.597455],[20.675022,43.597445],[20.674992,43.597432],[20.674965,43.597417],[20.67494,43.597407],[20.674912,43.597392],[20.674882,43.597382],[20.674852,43.597372],[20.674827,43.597367],[20.674802,43.597357],[20.674775,43.597352],[20.674752,43.597337],[20.67472,43.597327],[20.674692,43.597312],[20.674667,43.597297],[20.674642,43.597287],[20.674617,43.597272],[20.674592,43.597262],[20.674567,43.597252],[20.674547,43.597242],[20.674522,43.59723],[20.674492,43.59722],[20.67447,43.59721],[20.674442,43.597202],[20.67441,43.597192],[20.674385,43.59719],[20.674353,43.597185],[20.674327,43.597182],[20.6743,43.597182],[20.674277,43.597175],[20.674252,43.597162],[20.674232,43.597152],[20.67421,43.59714],[20.674182,43.59713],[20.67415,43.597117],[20.67412,43.597112],[20.674087,43.59711],[20.674062,43.597107],[20.674037,43.5971],[20.674007,43.597097],[20.673982,43.5971],[20.673952,43.597105],[20.673927,43.597102],[20.6739,43.597092],[20.673872,43.597095],[20.673842,43.597087],[20.673812,43.597077],[20.673787,43.597072],[20.673757,43.59707],[20.673727,43.597075],[20.673697,43.597075],[20.673667,43.597077],[20.673637,43.597082],[20.67361,43.597082],[20.67358,43.597085],[20.673552,43.597087],[20.673527,43.597087],[20.673502,43.597085],[20.673477,43.597087],[20.673447,43.597092],[20.673422,43.597092],[20.673387,43.597095],[20.67336,43.597095],[20.673335,43.5971],[20.673307,43.597102],[20.673282,43.59711],[20.673247,43.597115],[20.673217,43.597122],[20.673187,43.597122],[20.673162,43.597117],[20.673137,43.597117],[20.673097,43.59712],[20.67306,43.59712],[20.673022,43.59712],[20.672985,43.597127],[20.672952,43.597132],[20.672925,43.597142],[20.672892,43.597137],[20.672862,43.597137],[20.672832,43.597145],[20.672807,43.59715],[20.672777,43.597157],[20.672742,43.597167],[20.672715,43.597177],[20.67269,43.59719],[20.672672,43.597205],[20.67265,43.597212],[20.672627,43.59722],[20.672607,43.597232],[20.672587,43.597245],[20.672557,43.597247],[20.672527,43.597257],[20.672497,43.59727],[20.672472,43.597282],[20.672445,43.597285],[20.672418,43.597285],[20.672397,43.597292],[20.672365,43.597302],[20.672337,43.597302],[20.672307,43.597307],[20.672282,43.597312],[20.672252,43.597317],[20.67222,43.597322],[20.672182,43.597325],[20.672145,43.59733],[20.672115,43.597332],[20.672082,43.597337],[20.672055,43.597342],[20.672027,43.597345],[20.672,43.597355],[20.671967,43.597367],[20.671942,43.597372],[20.671915,43.597382],[20.671887,43.597385],[20.671852,43.597387],[20.671822,43.597392],[20.67179,43.5974],[20.671757,43.597407],[20.671727,43.597412],[20.671692,43.597422],[20.671658,43.597422],[20.671622,43.59743],[20.671588,43.597435],[20.671562,43.597442],[20.671527,43.597447],[20.671487,43.59745],[20.671457,43.597457],[20.671427,43.597462],[20.671398,43.597465],[20.671367,43.597467],[20.671337,43.597472],[20.67131,43.59748],[20.671277,43.597485],[20.671243,43.597492],[20.671217,43.597497],[20.67118,43.5975],[20.671152,43.597502],[20.671122,43.597507],[20.671095,43.597512],[20.671067,43.597517],[20.671037,43.597525],[20.67101,43.59753],[20.670985,43.597535],[20.670957,43.597537],[20.67093,43.597537],[20.670902,43.59754],[20.67087,43.597542],[20.67084,43.597543],[20.670807,43.597547],[20.670767,43.597543],[20.670735,43.59755],[20.670705,43.597555],[20.670677,43.597557],[20.67065,43.597555],[20.670622,43.597562],[20.670587,43.597562],[20.670562,43.59756],[20.670535,43.597562],[20.670497,43.597562],[20.670472,43.59756],[20.670442,43.597562],[20.670417,43.597565],[20.670392,43.59757],[20.670365,43.597575],[20.670327,43.597577],[20.670297,43.59758],[20.670267,43.597582],[20.67024,43.59758],[20.670207,43.59758],[20.670172,43.597582],[20.670145,43.597587],[20.670107,43.597595],[20.670072,43.597592],[20.67004,43.597587],[20.670005,43.597582],[20.669972,43.597577],[20.669937,43.597572],[20.6699,43.597567],[20.66987,43.59757],[20.669842,43.59757],[20.669812,43.59757],[20.669782,43.597572],[20.669752,43.597577],[20.669722,43.597577],[20.669682,43.597585],[20.669647,43.597587],[20.669612,43.597587],[20.669572,43.59759],[20.669542,43.597592],[20.669507,43.597597],[20.669477,43.597597],[20.669445,43.597597],[20.669417,43.597602],[20.669387,43.597602],[20.669352,43.597597],[20.669325,43.597597],[20.669287,43.597592],[20.669247,43.597587],[20.66921,43.597587],[20.669172,43.597587],[20.669132,43.59759],[20.669095,43.597595],[20.669065,43.597597],[20.669027,43.597602],[20.668997,43.59761],[20.668972,43.597612],[20.668942,43.597617],[20.668912,43.597625],[20.668882,43.59763],[20.66885,43.597632],[20.668817,43.597632],[20.668787,43.59763],[20.668752,43.597627],[20.668722,43.59763],[20.668692,43.597637],[20.668662,43.597647],[20.668637,43.597652],[20.668602,43.597657],[20.668575,43.597662],[20.668545,43.597665],[20.668515,43.597667],[20.668485,43.597667],[20.668452,43.59767],[20.66842,43.59767],[20.668387,43.597677],[20.668357,43.597683],[20.668332,43.597697],[20.668307,43.597697],[20.668272,43.59771],[20.668245,43.597717],[20.668215,43.597722],[20.668182,43.597727],[20.668155,43.597732],[20.668122,43.59774],[20.668092,43.597747],[20.668062,43.597752],[20.66803,43.597757],[20.668005,43.597762],[20.667972,43.597765],[20.667947,43.597765],[20.66792,43.597768],[20.667885,43.597762],[20.66786,43.597762],[20.667827,43.597762],[20.667792,43.597765],[20.667757,43.597762],[20.667732,43.597762],[20.667702,43.597762],[20.667675,43.597767],[20.667647,43.597772],[20.66762,43.597782],[20.667592,43.59779],[20.667562,43.597782],[20.667537,43.597777],[20.667507,43.597767],[20.66748,43.597757],[20.667452,43.59775],[20.667427,43.597742],[20.667397,43.59773],[20.667367,43.597717],[20.667337,43.597715],[20.667307,43.59771],[20.667272,43.597692],[20.667247,43.597683],[20.667217,43.597677],[20.667187,43.597667],[20.667155,43.597655],[20.667125,43.597645],[20.667092,43.59763],[20.667057,43.597617],[20.667027,43.597602],[20.667,43.597585],[20.66697,43.59758],[20.66694,43.597567],[20.66691,43.597555],[20.666882,43.597542],[20.66685,43.597525],[20.666822,43.59751],[20.666795,43.59749],[20.666767,43.597472],[20.66674,43.597457],[20.666715,43.597442],[20.666687,43.59743],[20.666655,43.597417],[20.666625,43.59741],[20.6666,43.5974],[20.666565,43.597387],[20.666532,43.597377],[20.6665,43.597372],[20.666467,43.597362],[20.666432,43.597355],[20.666402,43.597347],[20.666367,43.597337],[20.666327,43.59733],[20.666292,43.597322],[20.66626,43.597315],[20.66622,43.59731],[20.666182,43.597302],[20.666147,43.597297],[20.666112,43.597292],[20.666077,43.597282],[20.666042,43.597277],[20.666002,43.597267],[20.66597,43.59726],[20.665935,43.59725],[20.665907,43.597242],[20.665877,43.597232],[20.665847,43.597222],[20.66581,43.597212],[20.665775,43.597205],[20.665745,43.597197],[20.665712,43.597185],[20.665675,43.597177],[20.665642,43.597172],[20.665607,43.597167],[20.665572,43.597163],[20.665537,43.59716],[20.665507,43.597152],[20.665472,43.597152],[20.665442,43.59715],[20.665407,43.59715],[20.665375,43.597152],[20.665342,43.59715],[20.665307,43.597152],[20.665275,43.597152],[20.665242,43.597152],[20.665212,43.597152],[20.66518,43.59715],[20.665147,43.597142],[20.665115,43.597132],[20.665085,43.597125],[20.665057,43.597117],[20.665027,43.597107],[20.664997,43.597102],[20.664972,43.597092],[20.664945,43.597085],[20.664917,43.597072],[20.664892,43.597065],[20.664867,43.597057],[20.664847,43.597042],[20.664825,43.597022],[20.664797,43.597005],[20.664777,43.596987],[20.664762,43.596967],[20.664747,43.596947],[20.664727,43.596932],[20.664705,43.596912],[20.664693,43.59689],[20.66468,43.596867],[20.664662,43.596853],[20.66464,43.596845],[20.664617,43.596832],[20.664602,43.596817],[20.664577,43.596805],[20.664555,43.596787],[20.664537,43.596767],[20.66453,43.59675],[20.664507,43.596732],[20.664492,43.596715],[20.664477,43.596697],[20.664467,43.59668],[20.66445,43.596662],[20.664437,43.596647],[20.664445,43.596622],[20.664442,43.596602],[20.66444,43.596572],[20.664437,43.59654],[20.664427,43.596515],[20.6644,43.596502],[20.664385,43.596485],[20.664372,43.596465],[20.664357,43.596447],[20.664342,43.59643],[20.664327,43.59641],[20.66432,43.596392],[20.664305,43.596367],[20.664287,43.596352],[20.664272,43.596332],[20.664252,43.596312],[20.664232,43.596297],[20.664212,43.596287],[20.664197,43.596267],[20.664205,43.596242],[20.664205,43.596225],[20.664182,43.596202],[20.664155,43.59619],[20.664117,43.596175],[20.664087,43.596167],[20.664062,43.596155],[20.664022,43.596142],[20.663992,43.59614],[20.663957,43.59614],[20.663927,43.596137],[20.663892,43.596135],[20.663862,43.596137],[20.663825,43.596137],[20.663797,43.596137],[20.663765,43.596147],[20.663743,43.596162],[20.66373,43.596182],[20.663702,43.5962],[20.66367,43.5962],[20.663627,43.5962],[20.663587,43.596207],[20.663552,43.596215],[20.663518,43.596222],[20.663482,43.59623],[20.663447,43.596237],[20.66342,43.596248],[20.66339,43.59626],[20.663355,43.596265],[20.66332,43.59627],[20.663282,43.59628],[20.663255,43.596287],[20.663222,43.596297],[20.663187,43.596305],[20.663147,43.596307],[20.663112,43.596317],[20.663077,43.596325],[20.663042,43.596332],[20.663012,43.59634],[20.662975,43.596347],[20.662942,43.596352],[20.662907,43.59636],[20.662872,43.596367],[20.662837,43.596372],[20.662802,43.596377],[20.662767,43.596392],[20.662747,43.596412],[20.66272,43.596422],[20.662685,43.596422],[20.662657,43.596432],[20.662642,43.596457],[20.662627,43.596477],[20.662597,43.59649],[20.662565,43.596492],[20.662527,43.596492],[20.662497,43.596492],[20.662462,43.596487],[20.662427,43.596482],[20.662392,43.59648],[20.66236,43.596482],[20.662325,43.596487],[20.662287,43.596495],[20.662257,43.596502],[20.662222,43.596512],[20.662188,43.59652],[20.662162,43.59653],[20.662132,43.596542],[20.662102,43.596552],[20.662072,43.596565],[20.662037,43.596577],[20.662007,43.596592],[20.661977,43.5966],[20.661945,43.596612],[20.661917,43.596625],[20.661892,43.596635],[20.66186,43.59664],[20.66183,43.596647],[20.661802,43.596652],[20.661777,43.596655],[20.661747,43.59665],[20.66172,43.596647],[20.661695,43.596645],[20.661665,43.596642],[20.66164,43.596628],[20.661617,43.596617],[20.661592,43.596632],[20.661612,43.59662],[20.661617,43.596647],[20.661618,43.596672],[20.661597,43.596682],[20.66158,43.596697],[20.661557,43.596707],[20.661532,43.596715],[20.661512,43.596732],[20.661502,43.596752],[20.661492,43.59677],[20.661475,43.596787],[20.661462,43.596805],[20.661442,43.59682],[20.661427,43.596842],[20.661412,43.596857],[20.661385,43.596877],[20.661357,43.596887],[20.661327,43.596897],[20.6613,43.596905],[20.661272,43.596912],[20.661245,43.596922],[20.661212,43.596932],[20.661187,43.596935],[20.66116,43.596942],[20.661132,43.596947],[20.661107,43.596952],[20.661082,43.59696],[20.661055,43.59697],[20.66103,43.596977],[20.661002,43.596987],[20.660975,43.596995],[20.660952,43.597005],[20.660927,43.597017],[20.660902,43.597027],[20.660875,43.597032],[20.660847,43.597042],[20.660822,43.597057],[20.660802,43.597067],[20.660777,43.597072],[20.660752,43.597078],[20.660727,43.597087],[20.660702,43.597097],[20.66068,43.59711],[20.660657,43.597122],[20.660632,43.597132],[20.660602,43.597147],[20.660572,43.597157],[20.660545,43.597162],[20.660522,43.59717],[20.660497,43.59718],[20.660462,43.597187],[20.660432,43.597202],[20.660405,43.597207],[20.660372,43.597217],[20.660347,43.597227],[20.66032,43.597232],[20.660292,43.597232],[20.66026,43.59724],[20.660227,43.597245],[20.6602,43.597252],[20.660172,43.597262],[20.660147,43.59727],[20.660122,43.597277],[20.660087,43.597275],[20.660052,43.597272],[20.660017,43.597265],[20.65999,43.59726],[20.659957,43.597252],[20.659932,43.59725],[20.659902,43.597245],[20.659875,43.597233],[20.659847,43.597227],[20.659817,43.597217],[20.659792,43.597205],[20.659765,43.597192],[20.65974,43.597182],[20.659717,43.597172],[20.659695,43.597157],[20.659677,43.597137],[20.659655,43.597122],[20.659632,43.597112],[20.65961,43.5971],[20.659587,43.597087],[20.659567,43.59707],[20.659545,43.597052],[20.659525,43.597035],[20.659502,43.597017],[20.659485,43.597002],[20.659475,43.59698],[20.659462,43.596957],[20.659447,43.596937],[20.659427,43.596912],[20.659405,43.596892],[20.659382,43.59687],[20.659365,43.596847],[20.65934,43.596835],[20.659312,43.596817],[20.65928,43.596797],[20.659252,43.596783],[20.65923,43.596777],[20.659202,43.596767],[20.65917,43.596755],[20.659142,43.596747],[20.659115,43.596737],[20.659085,43.596727],[20.659043,43.59672],[20.659015,43.596712],[20.658977,43.596707],[20.658952,43.596698],[20.658925,43.596697],[20.658897,43.596695],[20.658867,43.596692],[20.658832,43.596695],[20.658802,43.596697],[20.658772,43.596697],[20.658742,43.596697],[20.658712,43.596702],[20.658685,43.596707],[20.658657,43.59671],[20.658627,43.596715],[20.65859,43.59672],[20.658562,43.596725],[20.658527,43.596727],[20.658495,43.596727],[20.658462,43.596735],[20.65843,43.596737],[20.658397,43.596737],[20.658367,43.59674],[20.65834,43.59674],[20.65831,43.596737],[20.65828,43.596735],[20.658245,43.596732],[20.658212,43.596732],[20.65818,43.596732],[20.658147,43.596737],[20.65812,43.596742],[20.658087,43.59674],[20.658057,43.59674],[20.658027,43.59674],[20.657992,43.596742],[20.657962,43.596745],[20.65793,43.59675],[20.657897,43.59675],[20.657862,43.59675],[20.65783,43.59675],[20.657797,43.59675],[20.657767,43.59675],[20.657735,43.596742],[20.657712,43.596735],[20.657685,43.596722],[20.657657,43.596712],[20.657635,43.596705],[20.657605,43.596695],[20.657577,43.596682],[20.657547,43.596672],[20.657517,43.596657],[20.657495,43.596642],[20.657467,43.596627],[20.657437,43.596615],[20.657412,43.596602],[20.657382,43.596592],[20.657357,43.596587],[20.657327,43.596577],[20.657297,43.596572],[20.65727,43.596562],[20.65724,43.596552],[20.657212,43.59655],[20.657182,43.596537],[20.657157,43.596525],[20.657135,43.596507],[20.657112,43.596492],[20.657087,43.596477],[20.657067,43.596465],[20.657047,43.596452],[20.657022,43.59644],[20.656995,43.596422],[20.656975,43.596403],[20.656952,43.596392],[20.656932,43.59638],[20.656917,43.596365],[20.656895,43.596347],[20.656877,43.596332],[20.656862,43.596317],[20.656837,43.596302],[20.656807,43.59629],[20.65679,43.596275],[20.656767,43.596265],[20.656747,43.596248],[20.656725,43.596237],[20.656707,43.596222],[20.656687,43.59621],[20.656667,43.596197],[20.656637,43.596182],[20.656605,43.59617],[20.656577,43.596155],[20.656557,43.596142],[20.656537,43.596127],[20.656517,43.59611],[20.656492,43.5961],[20.656472,43.596087],[20.656447,43.596077],[20.656422,43.596067],[20.656395,43.596062],[20.65636,43.596052],[20.656337,43.596047],[20.656307,43.596045],[20.656282,43.59604],[20.656252,43.596042],[20.65622,43.596037],[20.656187,43.59604],[20.65616,43.59604],[20.65613,43.596042],[20.6561,43.59605],[20.656067,43.596057],[20.65604,43.596062],[20.65601,43.596077],[20.655982,43.596082],[20.655957,43.596085],[20.655922,43.596092],[20.655895,43.596102],[20.655862,43.59611],[20.655835,43.596122],[20.655802,43.596135],[20.655767,43.596147],[20.655732,43.596152],[20.6557,43.596162],[20.655667,43.596172],[20.655632,43.596182],[20.655602,43.596192],[20.655572,43.596197],[20.655537,43.596202],[20.655507,43.596205],[20.655475,43.596212],[20.655442,43.596217],[20.65541,43.596217],[20.65538,43.596217],[20.655347,43.596217],[20.655322,43.596217],[20.655287,43.596217],[20.655257,43.596217],[20.655222,43.596215],[20.655195,43.596215],[20.655162,43.596212],[20.655137,43.596212],[20.65511,43.596207],[20.65508,43.596207],[20.655055,43.596207],[20.65503,43.596207],[20.655005,43.59621],[20.654972,43.596212],[20.654942,43.596212],[20.65491,43.596205],[20.654877,43.5962],[20.654847,43.596197],[20.654817,43.596192],[20.65479,43.596192],[20.65476,43.596192],[20.654722,43.596192],[20.654692,43.596192],[20.654667,43.596192],[20.654632,43.596187],[20.654602,43.596192],[20.654577,43.59619],[20.65455,43.596177],[20.654522,43.596167],[20.65449,43.596157],[20.65446,43.596152],[20.654432,43.596147],[20.654402,43.596142],[20.654372,43.596142],[20.654342,43.596137],[20.654317,43.596137],[20.65429,43.59614],[20.654265,43.596142],[20.654237,43.596145],[20.654205,43.596142],[20.654172,43.596142],[20.654147,43.596145],[20.654117,43.59615],[20.654083,43.596147],[20.654052,43.596152],[20.654007,43.596155],[20.653965,43.59616],[20.653925,43.59617],[20.653893,43.596177],[20.653865,43.596187],[20.653837,43.596197],[20.653807,43.596207],[20.653775,43.596215],[20.653737,43.596222],[20.653707,43.596227],[20.653672,43.596237],[20.653635,43.596247],[20.653597,43.596257],[20.653562,43.596265],[20.65353,43.59627],[20.653492,43.596277],[20.653457,43.596285],[20.653427,43.596292],[20.653397,43.596302],[20.653362,43.596307],[20.653332,43.596312],[20.653302,43.596317],[20.653272,43.596322],[20.653242,43.596332],[20.653212,43.59634],[20.653192,43.596352],[20.65316,43.596367],[20.653133,43.596375],[20.653105,43.596377],[20.653077,43.596372],[20.653052,43.596365],[20.653022,43.596362],[20.65299,43.596372],[20.652955,43.596382],[20.65293,43.596387],[20.652902,43.59639],[20.652875,43.596392],[20.652842,43.596392],[20.652815,43.596397],[20.652787,43.5964],[20.652762,43.596403],[20.652735,43.59641],[20.652707,43.596417],[20.652677,43.596417],[20.652645,43.596422],[20.652617,43.596422],[20.652587,43.59643],[20.652562,43.596432],[20.652528,43.596435],[20.6525,43.596437],[20.65247,43.59644],[20.652437,43.59644],[20.652407,43.596442],[20.652377,43.596445],[20.652337,43.596442],[20.652312,43.596442],[20.652285,43.596442],[20.652262,43.596435],[20.65224,43.596425],[20.652215,43.596417],[20.652182,43.596412],[20.652148,43.59641],[20.652125,43.59641],[20.65209,43.596407],[20.652057,43.596402],[20.65203,43.596397],[20.651997,43.596387],[20.651967,43.596382],[20.651937,43.596377],[20.65191,43.596372],[20.651882,43.596367],[20.651852,43.596357],[20.651825,43.596352],[20.651797,43.596342],[20.651772,43.596332],[20.651747,43.596322],[20.65172,43.596312],[20.651695,43.596307],[20.65167,43.596297],[20.651645,43.596287],[20.651617,43.596277],[20.65159,43.596267],[20.651565,43.596255],[20.651537,43.596247],[20.651507,43.596237],[20.651482,43.596225],[20.651455,43.596215],[20.65142,43.596207],[20.651388,43.596202],[20.651357,43.596205],[20.651322,43.596202],[20.651292,43.596187],[20.651262,43.596185],[20.651232,43.596182],[20.651202,43.596182],[20.651175,43.596182],[20.651142,43.596182],[20.651112,43.596177],[20.651085,43.596178],[20.651055,43.596182],[20.651027,43.596187],[20.650995,43.596192],[20.650967,43.596197],[20.650937,43.596205],[20.65091,43.59621],[20.650885,43.596217],[20.650855,43.596227],[20.650827,43.596237],[20.650802,43.596242],[20.650772,43.596252],[20.650747,43.59626],[20.650722,43.596272],[20.650697,43.596282],[20.65067,43.596295],[20.650645,43.596307],[20.650617,43.596322],[20.65059,43.59633],[20.650562,43.59634],[20.650532,43.596345],[20.650507,43.596352],[20.650477,43.596357],[20.65045,43.596365],[20.650427,43.596372],[20.650397,43.59638],[20.650372,43.596387],[20.650345,43.59639],[20.650317,43.596392],[20.650287,43.596395],[20.650257,43.596397],[20.650232,43.596397],[20.650205,43.596397],[20.650177,43.596402],[20.650152,43.596403],[20.650125,43.596402],[20.650097,43.596402],[20.650072,43.596403],[20.650045,43.596407],[20.650017,43.596402],[20.649992,43.596402],[20.649967,43.596403],[20.649937,43.596407],[20.64991,43.596412],[20.649885,43.596422],[20.649857,43.59643],[20.64983,43.596437],[20.649802,43.596442],[20.649777,43.59645],[20.649747,43.596457],[20.649727,43.596467],[20.649702,43.596477],[20.649675,43.596497],[20.649655,43.59651],[20.64963,43.596522],[20.649607,43.596532],[20.64958,43.596542],[20.649557,43.596557],[20.649532,43.596577],[20.649502,43.596592],[20.64948,43.596605],[20.64946,43.596622],[20.649437,43.596632],[20.649417,43.596647],[20.649392,43.596657],[20.649367,43.596672],[20.649345,43.596682],[20.649317,43.596697],[20.649295,43.596707],[20.649272,43.596717],[20.64925,43.59673],[20.649222,43.596742],[20.6492,43.596755],[20.649175,43.596765],[20.649152,43.596777],[20.649132,43.596792],[20.649112,43.596802],[20.649087,43.596817],[20.649062,43.596827],[20.649037,43.596842],[20.649012,43.596852],[20.648987,43.596867],[20.648967,43.59688],[20.64894,43.596887],[20.648912,43.596897],[20.648887,43.596905],[20.648862,43.596915],[20.648835,43.59693],[20.648807,43.596945],[20.648778,43.59696],[20.648752,43.596977],[20.64873,43.596992],[20.648702,43.597002],[20.648672,43.597012],[20.648642,43.597022],[20.648612,43.597032],[20.648577,43.597037],[20.648547,43.597037],[20.648512,43.597042],[20.648482,43.597052],[20.648447,43.597055],[20.648417,43.597052],[20.648387,43.597057],[20.648357,43.597062],[20.648322,43.597067],[20.64829,43.597067],[20.648265,43.597067],[20.648235,43.597065],[20.648202,43.597065],[20.648172,43.597062],[20.64814,43.59706],[20.648107,43.597057],[20.648077,43.597052],[20.648047,43.59705],[20.648017,43.597047],[20.647987,43.597042],[20.647962,43.597037],[20.647937,43.597032],[20.647912,43.597025],[20.647887,43.597012],[20.647857,43.597007],[20.647827,43.596997],[20.647797,43.596995],[20.647765,43.596982],[20.647732,43.59698],[20.647697,43.596977],[20.647667,43.596967],[20.647637,43.596957],[20.64761,43.596947],[20.647582,43.596937],[20.647557,43.596925],[20.647532,43.59691],[20.647505,43.596897],[20.647477,43.596887],[20.647452,43.596872],[20.64743,43.59686],[20.647405,43.596842],[20.647387,43.596827],[20.64737,43.596812],[20.647357,43.596795],[20.647337,43.59678],[20.647307,43.596762],[20.647277,43.596757],[20.647247,43.596755],[20.647217,43.596752],[20.647188,43.596752],[20.647165,43.596752],[20.647145,43.596735],[20.647132,43.596717],[20.647117,43.596702],[20.647095,43.59669],[20.647067,43.596685],[20.647032,43.596682],[20.646997,43.596685],[20.646967,43.596682],[20.646942,43.596672],[20.646927,43.596655],[20.6469,43.596642],[20.646875,43.596632],[20.64686,43.596615],[20.646832,43.596602],[20.646807,43.596587],[20.646777,43.596575],[20.646752,43.596567],[20.646722,43.596558],[20.646687,43.596557],[20.646662,43.596552],[20.646632,43.596552],[20.646607,43.596555],[20.646577,43.596552],[20.646547,43.596555],[20.646522,43.596558],[20.646495,43.59657],[20.646467,43.596585],[20.646435,43.596597],[20.6464,43.596607],[20.64638,43.59662],[20.646342,43.596627],[20.646315,43.596632],[20.64629,43.596635],[20.64626,43.596642],[20.646232,43.596647],[20.646197,43.596655],[20.646175,43.596662],[20.646137,43.596662],[20.646107,43.596667],[20.646077,43.596667],[20.646047,43.596672],[20.646017,43.596675],[20.645987,43.596682],[20.645957,43.596685],[20.645927,43.596685],[20.645897,43.596687],[20.645867,43.596687],[20.645842,43.596692],[20.645817,43.596697],[20.645787,43.596707],[20.645752,43.596712],[20.645717,43.596717],[20.645692,43.596722],[20.645662,43.596722],[20.64563,43.596725],[20.645607,43.596735],[20.64557,43.596742],[20.64553,43.596747],[20.645492,43.596747],[20.645462,43.596742],[20.645437,43.596747],[20.645412,43.596757],[20.645377,43.596752],[20.645355,43.596742],[20.645327,43.596745],[20.645302,43.596737],[20.645275,43.596732],[20.645247,43.59673],[20.645212,43.59673],[20.645187,43.596725],[20.645155,43.596727],[20.645127,43.596727],[20.6451,43.596725],[20.645062,43.59673],[20.645032,43.596725],[20.645,43.596725],[20.644967,43.596727],[20.644937,43.59673],[20.644907,43.596732],[20.644873,43.596732],[20.644842,43.596735],[20.644812,43.596732],[20.644785,43.596725],[20.644765,43.596702],[20.644745,43.596682],[20.644722,43.596662],[20.644697,43.596647],[20.644667,43.59664],[20.644635,43.596637],[20.644607,43.596637],[20.644577,43.596632],[20.644547,43.596625],[20.644515,43.596622],[20.644487,43.59662],[20.644457,43.596617],[20.64443,43.596612],[20.644397,43.596605],[20.64437,43.5966],[20.64434,43.596595],[20.644307,43.596587],[20.644277,43.596582],[20.644245,43.59658],[20.644212,43.596572],[20.644185,43.596567],[20.644152,43.596562],[20.644127,43.596557],[20.644097,43.596552],[20.644067,43.59655],[20.644042,43.596545],[20.644012,43.596537],[20.643982,43.596532],[20.643952,43.596532],[20.643927,43.59654],[20.643897,43.596542],[20.643862,43.596547],[20.64383,43.596558],[20.643802,43.596562],[20.643772,43.596565],[20.643747,43.596565],[20.643717,43.596567],[20.643692,43.596567],[20.643667,43.596565],[20.643642,43.596562],[20.643605,43.596558],[20.643572,43.596557],[20.643547,43.596558],[20.643522,43.596562],[20.64349,43.596562],[20.643452,43.596567],[20.643427,43.596567],[20.6434,43.596572],[20.643362,43.596577],[20.643327,43.596577],[20.643292,43.59658],[20.643267,43.596582],[20.643227,43.59658],[20.643197,43.59658],[20.643172,43.596582],[20.64314,43.596587],[20.643112,43.59659],[20.643087,43.59659],[20.643057,43.59659],[20.643027,43.596587],[20.642997,43.596585],[20.642967,43.596582],[20.642942,43.596587],[20.642917,43.596587],[20.642887,43.596587],[20.642862,43.596587],[20.642832,43.596587],[20.642802,43.59658],[20.642772,43.596577],[20.642742,43.596575],[20.642717,43.596572],[20.642687,43.596567],[20.642657,43.596567],[20.642622,43.59657],[20.642597,43.596562],[20.642575,43.596555],[20.642545,43.59655],[20.642517,43.596545],[20.642482,43.596542],[20.64245,43.596542],[20.642422,43.596545],[20.642387,43.596542],[20.642352,43.596537],[20.642322,43.596535],[20.642297,43.596527],[20.642262,43.596517],[20.642232,43.596517],[20.642215,43.5965],[20.642205,43.596477],[20.642182,43.59646],[20.642157,43.596445],[20.64213,43.59643],[20.642105,43.596415],[20.642072,43.596412],[20.642042,43.596412],[20.642002,43.59642],[20.641967,43.596417],[20.641942,43.596415],[20.641907,43.59641],[20.641877,43.5964],[20.641852,43.596397],[20.641822,43.596397],[20.641787,43.59639],[20.641757,43.596387],[20.641725,43.59638],[20.641697,43.596377],[20.641667,43.596377],[20.641642,43.596377],[20.641615,43.596377],[20.641585,43.596372],[20.64156,43.596362],[20.641525,43.596347],[20.6415,43.59634],[20.64147,43.596335],[20.641432,43.596327],[20.641407,43.596322],[20.641382,43.596322],[20.641352,43.59632],[20.641327,43.596317],[20.641297,43.59631],[20.641272,43.596305],[20.641247,43.596302],[20.641205,43.596295],[20.641172,43.596292],[20.641147,43.596287],[20.64112,43.596282],[20.641088,43.596282],[20.64106,43.596282],[20.641027,43.596285],[20.640997,43.596282],[20.640967,43.59628],[20.640937,43.59628],[20.640907,43.59628],[20.640877,43.596287],[20.64085,43.596282],[20.64082,43.596277],[20.640785,43.596267],[20.64076,43.596265],[20.640735,43.596265],[20.640705,43.59626],[20.640682,43.596252],[20.640647,43.596248],[20.640622,43.596247],[20.640592,43.596245],[20.640562,43.596242],[20.640532,43.59624],[20.6405,43.59624],[20.640475,43.59624],[20.640442,43.59624],[20.640415,43.596242],[20.64039,43.59624],[20.640363,43.596237],[20.640337,43.596232],[20.640307,43.596232],[20.640272,43.596237],[20.640242,43.596237],[20.64021,43.596235],[20.640187,43.596245],[20.64016,43.596257],[20.64013,43.596272],[20.640102,43.596287],[20.640082,43.596302],[20.640047,43.59632],[20.640022,43.596327],[20.64,43.596332],[20.639975,43.596342],[20.63996,43.596357],[20.639935,43.596372],[20.639905,43.596382],[20.639872,43.596397],[20.639852,43.596407],[20.63983,43.596417],[20.639797,43.59643],[20.639772,43.596437],[20.639745,43.596447],[20.639707,43.596457],[20.639682,43.596465],[20.639652,43.596472],[20.639615,43.59648],[20.63958,43.596492],[20.639552,43.596497],[20.63952,43.596507],[20.639495,43.596515],[20.63947,43.596527],[20.639447,43.596537],[20.63943,43.596552],[20.639397,43.596567],[20.639375,43.596572],[20.639352,43.596582],[20.639322,43.596597],[20.639287,43.596605],[20.639252,43.596617],[20.639222,43.596625],[20.639187,43.596632],[20.639162,43.596637],[20.639137,43.596645],[20.639102,43.59665],[20.639072,43.596657],[20.639037,43.59667],[20.63901,43.59668],[20.63898,43.596692],[20.638952,43.596707],[20.638932,43.596722],[20.638907,43.59673],[20.638867,43.596737],[20.638822,43.596745],[20.638792,43.596752],[20.638765,43.596765],[20.638737,43.596777],[20.638712,43.596787],[20.63868,43.596787],[20.638652,43.596792],[20.638627,43.596802],[20.638605,43.596812],[20.638577,43.596817],[20.638552,43.59683],[20.638522,43.596842],[20.638507,43.596857],[20.638492,43.596872],[20.638472,43.596887],[20.638457,43.596902],[20.63844,43.596922],[20.638432,43.596947],[20.638425,43.596965],[20.638417,43.596985],[20.638417,43.597002],[20.638417,43.59703],[20.638415,43.59705],[20.638407,43.59707],[20.638412,43.597097],[20.638407,43.597122],[20.638405,43.597142],[20.63841,43.597162],[20.638412,43.597182],[20.63842,43.59721],[20.63842,43.597232],[20.63843,43.597252],[20.638437,43.597277],[20.638435,43.597295],[20.638442,43.597312],[20.638447,43.597332],[20.638442,43.59735],[20.63844,43.59737],[20.638447,43.597388],[20.638452,43.59741],[20.638457,43.59743],[20.638452,43.597447],[20.638455,43.597467],[20.63846,43.59749],[20.638465,43.597512],[20.638472,43.59753],[20.638462,43.597557],[20.63845,43.597575],[20.638437,43.597592],[20.638417,43.597607],[20.638397,43.597625],[20.63838,43.59764],[20.638358,43.597652],[20.638332,43.597672],[20.638307,43.59768],[20.638277,43.597687],[20.638245,43.597697],[20.638222,43.597707],[20.638197,43.597715],[20.638165,43.597722],[20.63814,43.597727],[20.638102,43.597727],[20.638077,43.597727],[20.638047,43.597732],[20.638012,43.597727],[20.637987,43.597727],[20.637955,43.597737],[20.637922,43.597747],[20.637897,43.597752],[20.637867,43.597752],[20.637832,43.597757],[20.637805,43.597762],[20.637777,43.597772],[20.637747,43.597782],[20.63772,43.597792],[20.637692,43.597802],[20.637665,43.597815],[20.63764,43.597817],[20.637617,43.597827],[20.637595,43.597835],[20.637567,43.597847],[20.637542,43.597855],[20.637512,43.597865],[20.63748,43.597877],[20.637452,43.597882],[20.637432,43.597895],[20.637402,43.597902],[20.63737,43.597915],[20.637347,43.597922],[20.637322,43.59793],[20.63729,43.597937],[20.637255,43.59795],[20.637227,43.597962],[20.637202,43.597972],[20.63717,43.597985],[20.637137,43.597992],[20.637102,43.597997],[20.637072,43.597997],[20.637047,43.598002],[20.637012,43.598],[20.636982,43.598002],[20.636955,43.598005],[20.63693,43.598005],[20.636897,43.598002],[20.636872,43.598002],[20.636842,43.598],[20.636807,43.598002],[20.636775,43.598002],[20.63675,43.598002],[20.636717,43.597997],[20.636692,43.597992],[20.636665,43.59799],[20.636632,43.59799],[20.636605,43.59799],[20.636572,43.597987],[20.636542,43.597992],[20.636515,43.597992],[20.636482,43.597992],[20.636455,43.59799],[20.636423,43.597992],[20.636392,43.598],[20.636357,43.598007],[20.636332,43.598017],[20.636302,43.598027],[20.63627,43.598032],[20.636242,43.598037],[20.636212,43.598042],[20.636185,43.598052],[20.636162,43.598067],[20.636137,43.598072],[20.636107,43.59808],[20.636082,43.598092],[20.636057,43.598097],[20.636037,43.598117],[20.63602,43.59814],[20.635995,43.598157],[20.635973,43.598167],[20.635952,43.598187],[20.635932,43.598205],[20.635912,43.598222],[20.635897,43.598242],[20.635872,43.598257],[20.635852,43.598277],[20.63584,43.598297],[20.635827,43.598317],[20.635812,43.598337],[20.635817,43.59836],[20.635783,43.598367],[20.635765,43.59838],[20.63574,43.5984],[20.635715,43.598407],[20.635687,43.598422],[20.635665,43.598437],[20.635642,43.598452],[20.635622,43.598467],[20.635602,43.598485],[20.635592,43.598502],[20.635577,43.598522],[20.635562,43.59854],[20.635545,43.598557],[20.635522,43.598575],[20.635507,43.598592],[20.635495,43.598617],[20.635477,43.598637],[20.635452,43.598647],[20.635427,43.598665],[20.635412,43.598682],[20.6354,43.598702],[20.635382,43.598722],[20.63536,43.598735],[20.635337,43.59875],[20.635312,43.598762],[20.635292,43.598782],[20.635267,43.5988],[20.635245,43.598817],[20.63522,43.598827],[20.635192,43.598827],[20.635157,43.598832],[20.635132,43.598845],[20.635115,43.598862],[20.635087,43.598875],[20.63506,43.598882],[20.635035,43.598892],[20.635005,43.598897],[20.634982,43.598915],[20.634952,43.59893],[20.634932,43.598942],[20.634905,43.59896],[20.63488,43.598972],[20.634852,43.598982],[20.634827,43.598987],[20.634795,43.598995],[20.634772,43.59901],[20.634752,43.599027],[20.634732,43.599045],[20.63471,43.599065],[20.634685,43.599082],[20.634667,43.599097],[20.63465,43.59911],[20.634632,43.599125],[20.634602,43.599145],[20.63458,43.599155],[20.634557,43.599167],[20.634527,43.599185],[20.634502,43.599197],[20.634482,43.599212],[20.63446,43.59923],[20.634437,43.599247],[20.634412,43.599265],[20.634395,43.599282],[20.634375,43.599302],[20.634352,43.599322],[20.63433,43.599337],[20.634302,43.599352],[20.63428,43.599365],[20.634252,43.59938],[20.634232,43.599392],[20.634205,43.599412],[20.634177,43.599435],[20.634157,43.599455],[20.63414,43.599472],[20.634122,43.59949],[20.634107,43.599507],[20.634095,43.599527],[20.634077,43.599547],[20.634065,43.599562],[20.634055,43.599582],[20.634037,43.599597],[20.634022,43.59962],[20.634012,43.59964],[20.633997,43.599657],[20.633982,43.599672],[20.63397,43.59969],[20.633952,43.599707],[20.633935,43.599722],[20.633917,43.59975],[20.633902,43.599777],[20.63388,43.599802],[20.633867,43.599822],[20.633857,43.59985],[20.633847,43.599872],[20.633842,43.599893],[20.633825,43.599917],[20.633802,43.59994],[20.63379,43.59996],[20.633777,43.599982],[20.633762,43.600002],[20.633745,43.60002],[20.633727,43.60004],[20.633712,43.600057],[20.633692,43.600077],[20.633677,43.600097],[20.633662,43.600115],[20.633642,43.60014],[20.633632,43.600157],[20.633617,43.600175],[20.633597,43.6002],[20.633587,43.600217],[20.633577,43.600232],[20.633557,43.600262],[20.633547,43.600287],[20.633527,43.600307],[20.633512,43.600325],[20.633497,43.600342],[20.633477,43.600352],[20.63346,43.600367],[20.633442,43.600387],[20.633422,43.600402],[20.633407,43.600417],[20.633382,43.600437],[20.633367,43.600455],[20.63335,43.600467],[20.633327,43.600487],[20.633317,43.600507],[20.633297,43.600527],[20.633272,43.600545],[20.633247,43.600562],[20.633225,43.60058],[20.633207,43.600602],[20.633187,43.600617],[20.63317,43.600637],[20.633157,43.600657],[20.63314,43.600677],[20.633125,43.600695],[20.633107,43.60071],[20.633092,43.60073],[20.63306,43.600745],[20.633022,43.600752],[20.632987,43.600765],[20.632952,43.60078],[20.632925,43.600792],[20.632895,43.600805],[20.632862,43.600817],[20.632822,43.600827],[20.632785,43.600842],[20.632755,43.600857],[20.632727,43.600872],[20.632697,43.600878],[20.632665,43.600885],[20.632632,43.600895],[20.632602,43.600902],[20.632572,43.600907],[20.632542,43.600917],[20.632512,43.600927],[20.632482,43.600935],[20.632452,43.600947],[20.632417,43.600955],[20.632385,43.600957],[20.632352,43.600957],[20.632317,43.600962],[20.632282,43.600972],[20.632245,43.60098],[20.63222,43.60098],[20.63219,43.60098],[20.632157,43.600977],[20.632122,43.600972],[20.632092,43.600967],[20.632068,43.600962],[20.632033,43.600955],[20.632007,43.600952],[20.631977,43.600955],[20.63195,43.600948],[20.631922,43.600947],[20.631895,43.600942],[20.631865,43.600942],[20.631827,43.600942],[20.631792,43.600945],[20.631757,43.600952],[20.63172,43.600962],[20.631687,43.60097],[20.631657,43.60098],[20.631622,43.600985],[20.631592,43.60099],[20.631557,43.600995],[20.631522,43.601005],[20.631495,43.601012],[20.631462,43.601022],[20.63143,43.601032],[20.6314,43.60104],[20.631375,43.601042],[20.631345,43.601047],[20.631317,43.601055],[20.63129,43.601062],[20.631262,43.601067],[20.631232,43.601072],[20.631205,43.601077],[20.631177,43.601087],[20.631152,43.601097],[20.631125,43.601102],[20.631097,43.6011],[20.631062,43.601107],[20.631027,43.601117],[20.63099,43.601115],[20.630957,43.601117],[20.630927,43.601127],[20.630892,43.601132],[20.630857,43.601142],[20.63083,43.601147],[20.6308,43.601157],[20.630767,43.601172],[20.630742,43.601182],[20.630707,43.601197],[20.630685,43.601212],[20.630665,43.601222],[20.630642,43.601237],[20.630612,43.601245],[20.630587,43.601255],[20.630562,43.601262],[20.63053,43.601272],[20.63049,43.601282],[20.630462,43.601292],[20.630435,43.6013],[20.6304,43.601305],[20.630365,43.601312],[20.630335,43.601317],[20.630302,43.601322],[20.630262,43.601327],[20.630227,43.601325],[20.630195,43.60132],[20.63016,43.601322],[20.630132,43.601327],[20.630105,43.601332],[20.630072,43.601337],[20.630037,43.601335],[20.63,43.601332],[20.629962,43.601335],[20.629925,43.601335],[20.629887,43.601337],[20.62985,43.601337],[20.629822,43.601328],[20.62979,43.601322],[20.629752,43.601312],[20.629722,43.601305],[20.629682,43.601302],[20.629645,43.601297],[20.629602,43.601292],[20.629567,43.601285],[20.629532,43.601282],[20.629497,43.601282],[20.629462,43.601277],[20.629435,43.601275],[20.629402,43.601272],[20.62937,43.601267],[20.629337,43.601265],[20.629307,43.601262],[20.629282,43.601257],[20.629255,43.601252],[20.629222,43.60125],[20.629187,43.601247],[20.629157,43.601242],[20.629125,43.601242],[20.6291,43.601247],[20.629062,43.60125],[20.629022,43.601252],[20.628995,43.601262],[20.62897,43.601277],[20.628942,43.601287],[20.628912,43.601292],[20.628882,43.601297],[20.628847,43.6013],[20.628815,43.601305],[20.628777,43.601312],[20.628745,43.601312],[20.62871,43.601322],[20.62868,43.601337],[20.628652,43.601355],[20.62862,43.601365],[20.628587,43.601377],[20.628557,43.601387],[20.628527,43.601398],[20.628497,43.601407],[20.628472,43.601417],[20.628437,43.601427],[20.628405,43.601437],[20.628382,43.601447],[20.62836,43.60146],[20.628337,43.60148],[20.628315,43.601492],[20.62829,43.601505],[20.62827,43.601522],[20.628252,43.601545],[20.628237,43.601562],[20.628222,43.601582],[20.628207,43.601597],[20.628197,43.601617],[20.628187,43.601637],[20.628177,43.601657],[20.628152,43.601667],[20.62812,43.601677],[20.628087,43.60169],[20.628047,43.601702],[20.628015,43.601712],[20.627985,43.601727],[20.627965,43.60174],[20.627938,43.601747],[20.627937,43.601767],[20.627915,43.601787],[20.627887,43.601795],[20.627862,43.601812],[20.627847,43.601827],[20.627817,43.601842],[20.627795,43.601855],[20.627777,43.601867],[20.627757,43.601882],[20.627747,43.6019],[20.627732,43.601915],[20.627712,43.601933],[20.627697,43.601955],[20.627682,43.601972],[20.627667,43.601987],[20.627647,43.602012],[20.627635,43.60203],[20.627632,43.602047],[20.627602,43.602062],[20.627572,43.602077],[20.627552,43.602102],[20.627545,43.602127],[20.627532,43.602147],[20.627532,43.602167],[20.627527,43.602187],[20.627502,43.602195],[20.627477,43.602212],[20.627462,43.60223],[20.62745,43.602252],[20.627445,43.602272],[20.627427,43.602287],[20.627407,43.602307],[20.627382,43.602317],[20.627357,43.602325],[20.627327,43.602335],[20.627302,43.602347],[20.627272,43.602365],[20.62725,43.602377],[20.627227,43.602387],[20.6272,43.602395],[20.627172,43.602405],[20.627147,43.602417],[20.627132,43.602435],[20.62712,43.602452],[20.6271,43.602472],[20.62709,43.602492],[20.627067,43.602505],[20.627055,43.602522],[20.627037,43.602537],[20.627007,43.602545],[20.626992,43.602562],[20.62696,43.602567],[20.626937,43.602582],[20.626915,43.602592],[20.626902,43.60261],[20.626877,43.602622],[20.62686,43.602637],[20.626847,43.602657],[20.62683,43.602672],[20.62681,43.602687],[20.626797,43.602702],[20.62678,43.60272],[20.626762,43.602732],[20.626742,43.602747],[20.626715,43.602757],[20.626682,43.60277],[20.62666,43.60278],[20.62663,43.60278],[20.626605,43.60279],[20.62658,43.602795],[20.626545,43.60281],[20.626512,43.602827],[20.62649,43.602842],[20.626477,43.60286],[20.62646,43.602877],[20.626437,43.602892],[20.626415,43.60291],[20.626397,43.60293],[20.626387,43.602947],[20.626372,43.602972],[20.626352,43.602992],[20.626332,43.603015],[20.626307,43.60303],[20.626287,43.603042],[20.626265,43.603055],[20.626247,43.603067],[20.626217,43.603092],[20.6262,43.603107],[20.626182,43.60312],[20.626158,43.60314],[20.62614,43.603155],[20.626117,43.603167],[20.626097,43.603182],[20.626075,43.603192],[20.626047,43.603207],[20.626022,43.603232],[20.626012,43.603257],[20.625987,43.603275],[20.625965,43.603282],[20.625937,43.603287],[20.625907,43.603292],[20.625877,43.603292],[20.625857,43.603305],[20.625847,43.603327],[20.625835,43.603345],[20.625815,43.603362],[20.625795,43.603377],[20.625772,43.603392],[20.62574,43.603405],[20.625712,43.60342],[20.625687,43.60344],[20.625672,43.603453],[20.625655,43.603472],[20.625637,43.603487],[20.625612,43.6035],[20.625587,43.603517],[20.625577,43.603535],[20.625542,43.603535],[20.625507,43.603537],[20.625472,43.603542],[20.62544,43.603547],[20.62541,43.603555],[20.625387,43.603562],[20.625357,43.60357],[20.625335,43.603577],[20.625307,43.603582],[20.625272,43.603595],[20.625247,43.603602],[20.625225,43.603612],[20.625197,43.603622],[20.62517,43.60363],[20.625142,43.603637],[20.625107,43.603642],[20.625075,43.60365],[20.625042,43.603657],[20.625007,43.603667],[20.624982,43.603675],[20.624948,43.603682],[20.62491,43.60369],[20.624882,43.603692],[20.62485,43.603697],[20.624825,43.603702],[20.62479,43.603712],[20.624757,43.603725],[20.624732,43.603737],[20.624707,43.603742],[20.624677,43.603752],[20.624657,43.603767],[20.624632,43.603782],[20.624607,43.603797],[20.624582,43.603807],[20.624552,43.603815],[20.624525,43.603822],[20.624502,43.603832],[20.624475,43.603842],[20.624452,43.60385],[20.624417,43.603862],[20.624392,43.603877],[20.624362,43.603892],[20.624332,43.603897],[20.624302,43.6039],[20.624277,43.603903],[20.624242,43.60391],[20.624217,43.603917],[20.624192,43.603922],[20.624167,43.603932],[20.624132,43.603937],[20.624097,43.603942],[20.624072,43.603947],[20.624047,43.603952],[20.624017,43.60396],[20.623987,43.603967],[20.623967,43.603977],[20.623942,43.603992],[20.623917,43.603997],[20.623887,43.604002],[20.623862,43.604007],[20.623827,43.60401],[20.623802,43.604012],[20.623777,43.604017],[20.623735,43.604022],[20.6237,43.60403],[20.623672,43.60404],[20.62364,43.604047],[20.623607,43.604055],[20.623557,43.604067],[20.623527,43.604072],[20.623502,43.604077],[20.623457,43.604087],[20.623432,43.604092],[20.623407,43.604097],[20.623372,43.604105],[20.62334,43.604107],[20.623302,43.60411],[20.623267,43.604112],[20.623232,43.604115],[20.623197,43.604122],[20.623168,43.604127],[20.623145,43.604135],[20.623117,43.604142],[20.623087,43.604147],[20.623057,43.604147],[20.623027,43.604147],[20.622997,43.60415],[20.622965,43.604152],[20.62294,43.604157],[20.622905,43.604167],[20.622877,43.604172],[20.622845,43.604182],[20.622812,43.604187],[20.62278,43.604197],[20.622747,43.604202],[20.622722,43.604207],[20.622697,43.604205],[20.622675,43.604192],[20.62265,43.604197],[20.622617,43.604205],[20.622592,43.604215],[20.62256,43.60422],[20.622532,43.60422],[20.622502,43.604227],[20.622472,43.604237],[20.622442,43.604237],[20.622412,43.604242],[20.622385,43.604247],[20.622355,43.604255],[20.622325,43.60426],[20.6223,43.604267],[20.622272,43.604277],[20.622242,43.604283],[20.622212,43.604295],[20.622187,43.604302],[20.62216,43.604312],[20.622135,43.604312],[20.622107,43.604317],[20.622082,43.604327],[20.622042,43.604332],[20.622017,43.604337],[20.621982,43.604342],[20.621945,43.604347],[20.621912,43.60435],[20.621875,43.604352],[20.621847,43.604357],[20.621822,43.60437],[20.621797,43.604377],[20.621775,43.604387],[20.621745,43.604392],[20.621715,43.604402],[20.621692,43.604415],[20.621667,43.604422],[20.621632,43.60443],[20.621595,43.604437],[20.621562,43.60445],[20.62153,43.604455],[20.621502,43.604462],[20.62148,43.604467],[20.621452,43.604477],[20.621422,43.60448],[20.621397,43.604482],[20.621367,43.604487],[20.621342,43.604492],[20.621312,43.604497],[20.62129,43.604505],[20.621265,43.604512],[20.621227,43.604522],[20.62118,43.604537],[20.621132,43.60455],[20.621092,43.604557],[20.62106,43.604562],[20.621032,43.604567],[20.620997,43.604572],[20.620967,43.604577],[20.620932,43.604582],[20.620897,43.604585],[20.62087,43.604597],[20.620832,43.604602],[20.620805,43.604617],[20.620785,43.60463],[20.620755,43.604642],[20.62073,43.604652],[20.620702,43.604657],[20.620672,43.60467],[20.62064,43.60468],[20.620617,43.604687],[20.620582,43.604702],[20.62055,43.604712],[20.620517,43.604722],[20.620485,43.604733],[20.620452,43.604747],[20.620425,43.604757],[20.620402,43.604767],[20.620372,43.604777],[20.620345,43.604785],[20.620325,43.6048],[20.620297,43.604818],[20.62027,43.604827],[20.620242,43.604837],[20.620222,43.60485],[20.620192,43.604865],[20.62016,43.604877],[20.620132,43.604885],[20.620097,43.604897],[20.620067,43.604912],[20.620035,43.604927],[20.620002,43.604937],[20.619972,43.604937],[20.619945,43.604947],[20.619912,43.604965],[20.61988,43.604982],[20.619855,43.604992],[20.619827,43.605002],[20.6198,43.605017],[20.619772,43.605032],[20.619747,43.605052],[20.619727,43.605072],[20.6197,43.605082],[20.619672,43.605092],[20.619647,43.605105],[20.619622,43.605117],[20.619597,43.605127],[20.619572,43.605137],[20.619547,43.605147],[20.61952,43.60516],[20.619488,43.605172],[20.619467,43.605182],[20.619442,43.605192],[20.619415,43.60521],[20.619395,43.60523],[20.61937,43.605252],[20.619345,43.605262],[20.619315,43.60528],[20.619295,43.605292],[20.619267,43.605305],[20.619242,43.605317],[20.619217,43.605332],[20.619192,43.605338],[20.619162,43.605357],[20.619135,43.605367],[20.619108,43.605382],[20.619087,43.6054],[20.619067,43.605412],[20.619047,43.60543],[20.619022,43.605442],[20.619,43.605452],[20.618975,43.605462],[20.61895,43.605477],[20.618925,43.605492],[20.618905,43.605502],[20.618877,43.605522],[20.618852,43.605532],[20.618827,43.605545],[20.618807,43.605557],[20.618777,43.605575],[20.618752,43.60559],[20.61873,43.605605],[20.618707,43.605617],[20.618685,43.605637],[20.618667,43.605652],[20.618637,43.605667],[20.618607,43.605682],[20.618577,43.60569],[20.618552,43.605702],[20.61852,43.605715],[20.618495,43.60573],[20.618468,43.605737],[20.618442,43.60575],[20.618417,43.605765],[20.618395,43.605777],[20.618367,43.605792],[20.618342,43.605807],[20.618317,43.605817],[20.618287,43.605832],[20.618262,43.605842],[20.618237,43.605857],[20.618212,43.605872],[20.618192,43.605885],[20.618172,43.605902],[20.618147,43.60592],[20.618123,43.605932],[20.618097,43.60594],[20.618075,43.605957],[20.61805,43.60597],[20.618022,43.60598],[20.617997,43.605995],[20.617972,43.606005],[20.61795,43.606017],[20.617922,43.606032],[20.617902,43.606045],[20.617877,43.60606],[20.617855,43.606072],[20.617825,43.60609],[20.6178,43.606105],[20.617767,43.606122],[20.617742,43.606137],[20.617717,43.606155],[20.617692,43.606172],[20.61767,43.606182],[20.617647,43.606187],[20.617622,43.606202],[20.617595,43.60622],[20.617567,43.606237],[20.61754,43.606252],[20.617515,43.606252],[20.617495,43.606265],[20.617472,43.60628],[20.617452,43.606295],[20.617427,43.606305],[20.617407,43.606317],[20.617387,43.606332],[20.617367,43.606352],[20.617342,43.606367],[20.617322,43.60638],[20.617292,43.6064],[20.617265,43.606417],[20.617247,43.606432],[20.617217,43.606442],[20.617182,43.606455],[20.61716,43.606465],[20.617135,43.606478],[20.617112,43.606487],[20.61709,43.606497],[20.617068,43.60651],[20.617037,43.606522],[20.617012,43.606537],[20.616987,43.606552],[20.616955,43.606562],[20.616927,43.606572],[20.616895,43.606582],[20.61687,43.606597],[20.616845,43.606612],[20.616817,43.606622],[20.616792,43.606637],[20.616762,43.606647],[20.616742,43.606657],[20.61671,43.606672],[20.616687,43.606682],[20.616667,43.606695],[20.616645,43.606707],[20.616617,43.606717],[20.6166,43.606732],[20.616577,43.606747],[20.616557,43.60676],[20.616532,43.606772],[20.616507,43.606785],[20.616487,43.606795],[20.616452,43.606802],[20.616417,43.60681],[20.61639,43.606817],[20.61636,43.606825],[20.61634,43.60684],[20.616327,43.606857],[20.616307,43.606872],[20.616285,43.606882],[20.616267,43.6069],[20.616242,43.606912],[20.616222,43.606927],[20.616192,43.60694],[20.616167,43.60695],[20.616145,43.606965],[20.616122,43.606977],[20.616105,43.606997],[20.616087,43.607017],[20.616075,43.607037],[20.61606,43.607052],[20.616037,43.607065],[20.616015,43.607082],[20.616,43.607102],[20.615977,43.607112],[20.61595,43.607125],[20.615937,43.607142],[20.615912,43.607162],[20.615887,43.607182],[20.615865,43.607197],[20.615847,43.607212],[20.615827,43.607227],[20.615797,43.607238],[20.615782,43.607255],[20.615765,43.60727],[20.615737,43.607287],[20.615717,43.607302],[20.61569,43.607312],[20.61566,43.607325],[20.615627,43.607337],[20.615607,43.607352],[20.615572,43.60736],[20.615552,43.607372],[20.615522,43.607385],[20.615505,43.607397],[20.615472,43.607397],[20.615442,43.607397],[20.615415,43.607393],[20.61539,43.6074],[20.615372,43.607417],[20.615367,43.60744],[20.615342,43.607452],[20.615317,43.607462],[20.615287,43.607467],[20.615257,43.607477],[20.615232,43.607477],[20.615207,43.607485],[20.615187,43.607502],[20.615177,43.607522],[20.615157,43.607537],[20.615122,43.607532],[20.615095,43.607532],[20.615067,43.60753],[20.615037,43.607542],[20.615032,43.607562],[20.615017,43.607582],[20.615002,43.607597],[20.614977,43.607607],[20.614955,43.607615],[20.614922,43.607627],[20.6149,43.607637],[20.614872,43.607652],[20.61485,43.607667],[20.614825,43.607682],[20.614792,43.607697],[20.614753,43.607705],[20.614725,43.607712],[20.614695,43.607727],[20.614672,43.607747],[20.614657,43.607762],[20.614632,43.607772],[20.614597,43.607785],[20.614575,43.6078],[20.614547,43.60782],[20.614528,43.607832],[20.614505,43.607837],[20.614472,43.607842],[20.614447,43.60785],[20.614427,43.607862],[20.614402,43.607875],[20.614377,43.607882],[20.614352,43.607895],[20.614322,43.607913],[20.614297,43.607935],[20.614282,43.607952],[20.614267,43.607972],[20.614247,43.607992],[20.614222,43.608007],[20.614205,43.608022],[20.614192,43.608042],[20.614177,43.608062],[20.614148,43.608072],[20.614117,43.608082],[20.614087,43.608082],[20.61406,43.608092],[20.614027,43.60809],[20.613992,43.608092],[20.613958,43.608102],[20.613923,43.608107],[20.613895,43.608115],[20.613862,43.608127],[20.613837,43.608132],[20.613815,43.608142],[20.613787,43.608157],[20.613757,43.608162],[20.613722,43.608167],[20.613697,43.608172],[20.613672,43.608177],[20.613647,43.608182],[20.613617,43.608197],[20.613587,43.608197],[20.613557,43.608197],[20.613517,43.608202],[20.613492,43.608202],[20.613457,43.608202],[20.613432,43.608212],[20.613397,43.608212],[20.613372,43.608217],[20.613342,43.608222],[20.613317,43.608227],[20.613292,43.608235],[20.613262,43.608245],[20.613237,43.60825],[20.61321,43.608252],[20.613177,43.608257],[20.613152,43.60826],[20.61312,43.608262],[20.613095,43.608265],[20.613067,43.608267],[20.613032,43.608275],[20.612992,43.60828],[20.612957,43.608287],[20.612932,43.608297],[20.612907,43.608302],[20.612872,43.608312],[20.612837,43.608327],[20.612805,43.608337],[20.612772,43.608352],[20.612748,43.608362],[20.612722,43.608375],[20.612697,43.608385],[20.612675,43.608392],[20.612647,43.608397],[20.612617,43.6084],[20.612585,43.60841],[20.612565,43.608422],[20.612545,43.608437],[20.612517,43.608452],[20.612492,43.608467],[20.61247,43.608477],[20.612437,43.60849],[20.612412,43.608502],[20.612392,43.608517],[20.612372,43.608527],[20.612347,43.608537],[20.612327,43.60855],[20.612305,43.608562],[20.612275,43.608572],[20.612252,43.608582],[20.612217,43.608597],[20.612185,43.608607],[20.612157,43.608617],[20.612132,43.608625],[20.612105,43.608632],[20.61207,43.608642],[20.612042,43.608645],[20.612017,43.608655],[20.611988,43.608657],[20.611962,43.608665],[20.611937,43.608677],[20.611912,43.608682],[20.611877,43.608692],[20.61184,43.608705],[20.611817,43.608717],[20.611792,43.608727],[20.611757,43.608737],[20.611732,43.608752],[20.611702,43.608767],[20.611675,43.608777],[20.611652,43.60879],[20.611627,43.608802],[20.611597,43.608812],[20.611573,43.608822],[20.61155,43.608832],[20.611527,43.608847],[20.611505,43.608857],[20.611485,43.60887],[20.611462,43.608887],[20.61144,43.608898],[20.611417,43.608917],[20.611395,43.608935],[20.611372,43.608947],[20.611342,43.60896],[20.611317,43.608972],[20.611292,43.60899],[20.611265,43.609002],[20.611245,43.609012],[20.611222,43.609025],[20.61173,43.608745],[20.611762,43.608737],[20.611792,43.608727],[20.611822,43.608717],[20.611852,43.608707],[20.611877,43.608697],[20.611902,43.60869],[20.611932,43.608685],[20.61197,43.608672],[20.611995,43.60867],[20.612022,43.608662],[20.612052,43.60866],[20.612082,43.608655],[20.612107,43.608657],[20.612132,43.608652],[20.612155,43.608645],[20.612187,43.608632],[20.612212,43.60862],[20.612232,43.608607],[20.612257,43.608603],[20.6123,43.608595],[20.612332,43.608587],[20.612367,43.60858],[20.612407,43.608572],[20.612432,43.608567],[20.612472,43.608552],[20.612507,43.608537],[20.61254,43.608517],[20.61257,43.608497],[20.612602,43.608482],[20.612632,43.60847],[20.612657,43.608467],[20.612685,43.608467],[20.612712,43.608462],[20.61274,43.608455],[20.612757,43.608442],[20.61278,43.608427],[20.612795,43.608407],[20.612812,43.608392],[20.612837,43.608367],[20.612862,43.608355],[20.612882,43.608345],[20.612912,43.608335],[20.612942,43.608325],[20.612967,43.608317],[20.612997,43.608302],[20.613025,43.6083],[20.613062,43.608292],[20.613087,43.608285],[20.613117,43.608277],[20.613147,43.608277],[20.613185,43.608272],[20.613222,43.608267],[20.613252,43.60826],[20.613282,43.608257],[20.613317,43.608245],[20.613345,43.608235],[20.613385,43.608227],[20.613417,43.608217],[20.613447,43.608212],[20.61348,43.608212],[20.613512,43.608207],[20.61354,43.608205],[20.61357,43.608202],[20.613605,43.608197],[20.61364,43.608187],[20.613672,43.60818],[20.613705,43.608177],[20.613737,43.608167],[20.613775,43.608157],[20.613807,43.60815],[20.613835,43.608145],[20.613867,43.608137],[20.613907,43.60813],[20.613947,43.608117],[20.61397,43.60811],[20.614002,43.608102],[20.614032,43.608095],[20.614062,43.608087],[20.614097,43.608077],[20.614117,43.608062],[20.614137,43.608045],[20.61417,43.608037],[20.614197,43.608022],[20.61423,43.608007],[20.614257,43.607987],[20.61428,43.60797],[20.61431,43.607952],[20.614342,43.607937],[20.614372,43.607917],[20.614395,43.607902],[20.614417,43.60789],[20.614442,43.607872],[20.61447,43.607862],[20.6145,43.607855],[20.614517,43.60784],[20.614547,43.60782],[20.614572,43.607805],[20.614605,43.607792],[20.614635,43.607772],[20.614657,43.607757],[20.614687,43.607747],[20.614712,43.607735],[20.614747,43.60772],[20.614785,43.607707],[20.614817,43.607692],[20.61485,43.60768],[20.614882,43.607662],[20.614912,43.607647],[20.614947,43.607632],[20.614982,43.607618],[20.615015,43.607607],[20.615045,43.6076],[20.615077,43.607585],[20.61511,43.607567],[20.61514,43.607552],[20.615167,43.607542],[20.615197,43.607532],[20.615227,43.607515],[20.615252,43.607502],[20.615285,43.607492],[20.615317,43.607485],[20.615342,43.607475],[20.615375,43.607462],[20.615402,43.607447],[20.615427,43.607432],[20.615447,43.607417],[20.615482,43.607405],[20.615507,43.607392],[20.615532,43.60738],[20.61556,43.607365],[20.61559,43.607355],[20.615615,43.607347],[20.615642,43.607337],[20.61567,43.607325],[20.615692,43.607307],[20.615717,43.607305],[20.615737,43.607295],[20.615762,43.60728],[20.615787,43.607262],[20.615812,43.607252],[20.615832,43.607237],[20.615857,43.607222],[20.615887,43.607202],[20.615912,43.607187],[20.615935,43.607175],[20.615957,43.60716],[20.615977,43.607142],[20.616,43.607132],[20.616022,43.60712],[20.616047,43.607102],[20.616065,43.607087],[20.616082,43.60707],[20.616102,43.607047],[20.616122,43.607025],[20.61614,43.606997],[20.61616,43.606982],[20.616182,43.606967],[20.616212,43.60695],[20.616237,43.606937],[20.61626,43.606925],[20.616285,43.606912],[20.616305,43.606897],[20.61633,43.606885],[20.616352,43.606872],[20.616372,43.606857],[20.616387,43.606837],[20.616412,43.606822],[20.61645,43.60682],[20.616485,43.60681],[20.616522,43.606802],[20.616547,43.606787],[20.616577,43.606772],[20.616607,43.606762],[20.616632,43.606742],[20.616657,43.606727],[20.616687,43.606712],[20.616707,43.6067],[20.616732,43.606682],[20.616762,43.606667],[20.616785,43.606652],[20.616815,43.606645],[20.616842,43.606632],[20.616877,43.606617],[20.616912,43.606602],[20.616942,43.606587],[20.616965,43.606577],[20.616995,43.606567],[20.617022,43.606557],[20.61706,43.606542],[20.617087,43.606525],[20.61712,43.606512],[20.617152,43.606497],[20.617177,43.606487],[20.617205,43.606472],[20.61724,43.606455],[20.617262,43.60644],[20.617292,43.606422],[20.617312,43.606407],[20.61734,43.606387],[20.61737,43.606372],[20.617397,43.606352],[20.61742,43.606327],[20.617447,43.606307],[20.61748,43.606287],[20.617512,43.606275],[20.617547,43.606257],[20.617575,43.60625],[20.617602,43.606237],[20.61762,43.606222],[20.617647,43.606207],[20.617682,43.606192],[20.617717,43.606177],[20.61774,43.606165],[20.617772,43.606147],[20.617802,43.606125],[20.617835,43.606107],[20.617857,43.606095],[20.617877,43.60608],[20.617907,43.60606],[20.617937,43.606047],[20.617967,43.606035],[20.618,43.606017],[20.618032,43.606002],[20.61806,43.605987],[20.618088,43.605972],[20.618117,43.605955],[20.618145,43.605935],[20.618172,43.605922],[20.618197,43.605907],[20.618222,43.605887],[20.618255,43.605867],[20.618282,43.605852],[20.618307,43.60584],[20.61834,43.605827],[20.618372,43.605807],[20.6184,43.605792],[20.618432,43.605777],[20.618467,43.60576],[20.618492,43.605742],[20.618517,43.605732],[20.618547,43.605717],[20.61858,43.605702],[20.618612,43.60569],[20.618637,43.605677],[20.618665,43.60566],[20.61869,43.60564],[20.618717,43.605622],[20.618742,43.60561],[20.618762,43.605597],[20.618782,43.605577],[20.618815,43.605562],[20.61884,43.605552],[20.618867,43.605537],[20.6189,43.60552],[20.618918,43.605507],[20.618942,43.605492],[20.618967,43.605475],[20.618992,43.605462],[20.619022,43.60545],[20.619052,43.605432],[20.619087,43.605415],[20.619108,43.605402],[20.619135,43.605385],[20.619162,43.60537],[20.619197,43.605355],[20.61923,43.605337],[20.61926,43.605325],[20.619282,43.60531],[20.619307,43.605297],[20.619337,43.60528],[20.619367,43.605262],[20.619395,43.605252],[20.619422,43.605235],[20.619452,43.605217],[20.619477,43.605202],[20.619507,43.605187],[20.619535,43.605172],[20.619565,43.605157],[20.619587,43.605145],[20.619615,43.605137],[20.619642,43.60513],[20.61967,43.605113],[20.619695,43.6051],[20.619722,43.605087],[20.619752,43.605067],[20.619777,43.60505],[20.619802,43.605032],[20.61983,43.605017],[20.619857,43.605002],[20.619882,43.604995],[20.619903,43.604985],[20.619937,43.604972],[20.619962,43.604965],[20.61999,43.604952],[20.620017,43.604937],[20.620047,43.604927],[20.620072,43.604917],[20.620102,43.604907],[20.620127,43.604888],[20.620152,43.604882],[20.620182,43.604872],[20.620207,43.60486],[20.620232,43.604842],[20.620262,43.604825],[20.620292,43.604807],[20.620312,43.604795],[20.620342,43.604782],[20.620372,43.604767],[20.6204,43.604755],[20.620422,43.60474],[20.620455,43.604722],[20.62048,43.604702],[20.620502,43.604692],[20.620537,43.60468],[20.62057,43.604667],[20.620595,43.604657],[20.620617,43.604642],[20.620645,43.604627],[20.620667,43.604612],[20.620692,43.604602],[20.620717,43.60459],[20.620747,43.604575],[20.620777,43.604567],[20.620802,43.604557],[20.620832,43.604557],[20.620865,43.604547],[20.620895,43.604537],[20.620927,43.60453],[20.620962,43.604527],[20.620987,43.604522],[20.621008,43.604517],[20.621042,43.604508],[20.621072,43.604508],[20.621105,43.604502],[20.62113,43.604497],[20.621152,43.604487],[20.621182,43.60448],[20.621207,43.604477],[20.621232,43.604472],[20.621262,43.604472],[20.621297,43.60447],[20.621332,43.604465],[20.621362,43.604462],[20.621387,43.60446],[20.621412,43.604457],[20.62144,43.60445],[20.621467,43.604442],[20.621492,43.604445],[20.621522,43.604447],[20.621552,43.604442],[20.621582,43.604437],[20.621613,43.604422],[20.621637,43.60441],[20.621665,43.604407],[20.621697,43.604402],[20.621727,43.604397],[20.621757,43.60439],[20.621777,43.604377],[20.621807,43.604357],[20.62183,43.604342],[20.621852,43.604332],[20.62188,43.604327],[20.621907,43.604325],[20.621935,43.604322],[20.621962,43.60432],[20.621987,43.60432],[20.622027,43.604315],[20.622067,43.604312],[20.622097,43.604307],[20.622125,43.604297],[20.622157,43.604287],[20.62219,43.604292],[20.622217,43.60429],[20.622247,43.604282],[20.62228,43.60427],[20.622307,43.604267],[20.622342,43.604265],[20.622372,43.604262],[20.622397,43.604255],[20.62243,43.604242],[20.622452,43.604237],[20.622482,43.604227],[20.622512,43.604215],[20.622542,43.604212],[20.62257,43.604202],[20.622595,43.604207],[20.62262,43.604207],[20.622652,43.604202],[20.622685,43.604192],[20.622717,43.60419],[20.622752,43.604192],[20.62278,43.604187],[20.622807,43.60418],[20.622835,43.604175],[20.622862,43.604177],[20.622897,43.604182],[20.622925,43.604177],[20.62296,43.604172],[20.622992,43.604165],[20.623017,43.604162],[20.623045,43.604162],[20.623077,43.60416],[20.623102,43.604157],[20.62313,43.604155],[20.62316,43.604147],[20.623187,43.604137],[20.623212,43.604128],[20.623247,43.604122],[20.623272,43.604115],[20.623302,43.604115],[20.623332,43.604107],[20.62336,43.604102],[20.623392,43.6041],[20.623425,43.604092],[20.623457,43.604087],[20.623487,43.604077],[20.623525,43.604067],[20.623557,43.604062],[20.623582,43.604058],[20.623615,43.604052],[20.623647,43.604047],[20.623677,43.604042],[20.623702,43.604032],[20.623735,43.604027],[20.623767,43.604022],[20.6238,43.60402],[20.62383,43.604017],[20.623865,43.604012],[20.6239,43.604012],[20.62393,43.604007],[20.623957,43.604],[20.623992,43.603987],[20.624025,43.603982],[20.624052,43.603972],[20.624092,43.603962],[20.624122,43.603952],[20.624147,43.603947],[20.62418,43.60394],[20.624212,43.603932],[20.624235,43.603925],[20.624262,43.603922],[20.624292,43.60392],[20.62433,43.603915],[20.624367,43.603912],[20.624402,43.603907],[20.624437,43.603897],[20.624462,43.603885],[20.624487,43.603872],[20.624515,43.603857],[20.62454,43.603837],[20.624567,43.603832],[20.624597,43.60383],[20.624622,43.603822],[20.624652,43.603812],[20.624677,43.603797],[20.624712,43.603782],[20.624742,43.603767],[20.624777,43.603757],[20.624807,43.603745],[20.624842,43.603732],[20.624867,43.603717],[20.624897,43.603705],[20.624927,43.6037],[20.62496,43.603692],[20.624992,43.603685],[20.625022,43.603677],[20.625052,43.60367],[20.62508,43.603662],[20.625112,43.603657],[20.625142,43.60365],[20.625173,43.603637],[20.625207,43.60363],[20.625237,43.603627],[20.625262,43.603617],[20.625287,43.60361],[20.625307,43.6036],[20.625327,43.603587],[20.625357,43.603577],[20.625387,43.603572],[20.625422,43.603565],[20.625442,43.603552],[20.62547,43.603547],[20.6255,43.603545],[20.625527,43.603542],[20.625552,43.603542],[20.625582,43.60354],[20.625612,43.603532],[20.625642,43.603527],[20.625672,43.603517],[20.625705,43.603517],[20.625735,43.60351],[20.625775,43.603507],[20.625807,43.603492],[20.625835,43.603487],[20.625865,43.603482],[20.625892,43.60347],[20.625915,43.603462],[20.625932,43.603442],[20.625933,43.603422],[20.625932,43.603392],[20.625922,43.603367],[20.625907,43.603345],[20.625895,43.603327],[20.62589,43.603307],[20.62591,43.603295],[20.62594,43.60329],[20.625965,43.603287],[20.626002,43.603287],[20.62603,43.603277],[20.626052,43.603267],[20.626077,43.603257],[20.626095,43.603242],[20.626122,43.603232],[20.626142,43.603217],[20.626145,43.6032],[20.626162,43.603182],[20.626182,43.60317],[20.6262,43.603152],[20.626212,43.603135],[20.626235,43.603115],[20.62625,43.6031],[20.626272,43.603087],[20.626292,43.603072],[20.626305,43.603057],[20.626332,43.603042],[20.626352,43.60303],[20.626362,43.603007],[20.626382,43.602995],[20.626407,43.602972],[20.626427,43.602952],[20.626442,43.602937],[20.626455,43.602922],[20.626472,43.602907],[20.626487,43.602882],[20.626505,43.602867],[20.626522,43.602852],[20.626545,43.602835],[20.626565,43.602822],[20.626587,43.602807],[20.626612,43.602802],[20.626637,43.60279],[20.626665,43.602777],[20.626682,43.602763],[20.626707,43.60277],[20.626725,43.602757],[20.626747,43.602742],[20.626767,43.602727],[20.626782,43.60271],[20.62681,43.602693],[20.626827,43.602677],[20.626842,43.602662],[20.626865,43.60265],[20.626885,43.602637],[20.62691,43.602625],[20.626937,43.602612],[20.62696,43.602602],[20.62699,43.602587],[20.627017,43.602575],[20.627035,43.60256],[20.627057,43.602547],[20.627075,43.602532],[20.627097,43.602515],[20.627117,43.602495],[20.627137,43.602475],[20.627152,43.602457],[20.627162,43.602437],[20.627165,43.602417],[20.62716,43.602397],[20.627177,43.602383],[20.62721,43.602383],[20.627235,43.602387],[20.627267,43.60238],[20.627295,43.602375],[20.627332,43.60237],[20.627357,43.602357],[20.627387,43.60235],[20.627417,43.602342],[20.627432,43.602325],[20.627432,43.602307],[20.627445,43.602287],[20.627452,43.602265],[20.627467,43.602247],[20.627487,43.602227],[20.62751,43.602207],[20.627537,43.602185],[20.62755,43.602162],[20.627562,43.60214],[20.627565,43.60212],[20.627582,43.6021],[20.627587,43.602072],[20.627585,43.602055],[20.627602,43.602035],[20.627627,43.602025],[20.627662,43.602007],[20.627695,43.601987],[20.627727,43.60197],[20.627748,43.601947],[20.627762,43.601927],[20.627775,43.601907],[20.627787,43.60189],[20.627802,43.601872],[20.627817,43.601855],[20.627837,43.60184],[20.627867,43.601827],[20.627892,43.601817],[20.627917,43.601805],[20.627945,43.60179],[20.627972,43.601778],[20.628002,43.601777],[20.62803,43.60177],[20.628057,43.601757],[20.628082,43.601742],[20.628107,43.601732],[20.628135,43.601722],[20.628167,43.60172],[20.628202,43.601715],[20.628232,43.601712],[20.628265,43.6017],[20.6283,43.60169],[20.62833,43.601682],[20.628367,43.601672],[20.628402,43.601667],[20.628432,43.601667],[20.62846,43.601662],[20.628492,43.601657],[20.628522,43.60165],[20.62855,43.601642],[20.628577,43.601642],[20.628607,43.601642],[20.628645,43.601632],[20.62868,43.601622],[20.628712,43.601617],[20.628742,43.601612],[20.628782,43.601607],[20.628812,43.601597],[20.62884,43.601592],[20.628867,43.601587],[20.628892,43.601582],[20.62892,43.601577],[20.628952,43.601572],[20.628982,43.601567],[20.629007,43.601565],[20.629047,43.601553],[20.629077,43.60155],[20.629107,43.601547],[20.629145,43.601537],[20.62918,43.601532],[20.629207,43.601527],[20.629242,43.60152],[20.629277,43.601512],[20.629303,43.60151],[20.629338,43.601502],[20.629367,43.601497],[20.629397,43.601492],[20.62943,43.601487],[20.629462,43.60148],[20.629487,43.601472],[20.629512,43.601467],[20.629545,43.601462],[20.629572,43.60146],[20.6296,43.601452],[20.629627,43.601442],[20.62965,43.601432],[20.629677,43.601425],[20.6297,43.601417],[20.629722,43.60141],[20.62976,43.601397],[20.6298,43.601387],[20.62984,43.60138],[20.629867,43.601377],[20.629902,43.601372],[20.629937,43.60137],[20.629975,43.601372],[20.630007,43.601372],[20.630042,43.601365],[20.630077,43.60136],[20.630112,43.601352],[20.630142,43.60135],[20.630177,43.601345],[20.630215,43.60134],[20.63025,43.601328],[20.630277,43.601322],[20.630312,43.601317],[20.630347,43.601312],[20.630367,43.6013],[20.630392,43.601287],[20.63041,43.60127],[20.630435,43.601257],[20.63046,43.601245],[20.630492,43.601242],[20.630527,43.601237],[20.630557,43.60123],[20.630592,43.60122],[20.630632,43.601215],[20.630657,43.6012],[20.630682,43.601187],[20.630715,43.601185],[20.630747,43.601177],[20.630772,43.601172],[20.63081,43.601162],[20.630847,43.601152],[20.630877,43.601137],[20.630907,43.601125],[20.63094,43.601117],[20.630972,43.601107],[20.631007,43.601102],[20.631045,43.60109],[20.631077,43.601077],[20.631112,43.601067],[20.631147,43.601057],[20.631182,43.601047],[20.63121,43.601035],[20.631238,43.601022],[20.631272,43.601015],[20.631312,43.601007],[20.631347,43.601],[20.63138,43.600995],[20.631417,43.600987],[20.631452,43.600977],[20.631492,43.600972],[20.631527,43.600972],[20.631562,43.600967],[20.631597,43.600962],[20.63164,43.600955],[20.631677,43.600948],[20.631715,43.600947],[20.631752,43.600947],[20.631782,43.600947],[20.631817,43.60094],[20.631857,43.600935],[20.63189,43.600927],[20.631922,43.600927],[20.631962,43.600922],[20.631997,43.600917],[20.63203,43.600912],[20.632068,43.600902],[20.6321,43.600905],[20.632132,43.600897],[20.632167,43.600892],[20.632202,43.600895],[20.632232,43.600897],[20.632267,43.600902],[20.632297,43.60091],[20.632327,43.600912],[20.63236,43.600907],[20.63239,43.600905],[20.632427,43.600897],[20.63246,43.600892],[20.63249,43.600885],[20.632515,43.600877],[20.632547,43.600865],[20.632575,43.600855],[20.6326,43.60084],[20.632627,43.60083],[20.63266,43.600822],[20.632682,43.600812],[20.63271,43.600807],[20.632742,43.600797],[20.632775,43.600793],[20.632805,43.60079],[20.632835,43.600777],[20.632867,43.600767],[20.632902,43.600757],[20.632932,43.600745],[20.63296,43.600727],[20.632985,43.600712],[20.633012,43.600695],[20.633042,43.600677],[20.63307,43.600662],[20.633092,43.600652],[20.633117,43.600632],[20.63315,43.60062],[20.63318,43.600612],[20.633212,43.600605],[20.633237,43.600587],[20.633262,43.600572],[20.633292,43.60056],[20.633315,43.600547],[20.633322,43.600527],[20.633332,43.600512],[20.633347,43.600492],[20.633365,43.600472],[20.633377,43.600452],[20.633397,43.600432],[20.633417,43.600412],[20.633432,43.600397],[20.633457,43.600382],[20.633482,43.60036],[20.633507,43.600342],[20.633522,43.600322],[20.633542,43.600307],[20.63356,43.600282],[20.633572,43.600262],[20.633587,43.600242],[20.633602,43.600222],[20.633617,43.600202],[20.633635,43.600182],[20.633657,43.600162],[20.633672,43.600142],[20.633685,43.600122],[20.633705,43.600102],[20.633725,43.600082],[20.633745,43.600062],[20.63376,43.600037],[20.633785,43.600017],[20.633802,43.599992],[20.633817,43.599972],[20.633835,43.59995],[20.633848,43.599925],[20.633867,43.599897],[20.633885,43.599875],[20.633892,43.599852],[20.633902,43.59983],[20.633917,43.599802],[20.633935,43.599777],[20.63395,43.599752],[20.633967,43.599727],[20.63398,43.599707],[20.633997,43.59968],[20.634012,43.59966],[20.63403,43.59964],[20.634042,43.599615],[20.634057,43.599595],[20.634077,43.599575],[20.634097,43.599552],[20.634122,43.599537],[20.634145,43.599512],[20.634162,43.599487],[20.634182,43.599472],[20.634205,43.599452],[20.634227,43.599425],[20.634247,43.599405],[20.634262,43.599387],[20.634282,43.599372],[20.634302,43.599357],[20.634322,43.599342],[20.634345,43.599327],[20.634367,43.599312],[20.634392,43.5993],[20.634417,43.599282],[20.634437,43.599265],[20.63446,43.599247],[20.634487,43.599232],[20.634517,43.599217],[20.63454,43.599202],[20.634565,43.59919],[20.634597,43.599175],[20.634625,43.599157],[20.634647,43.599147],[20.634672,43.59913],[20.634692,43.599112],[20.634712,43.5991],[20.634732,43.599082],[20.63475,43.599067],[20.63477,43.599048],[20.634792,43.599035],[20.634805,43.599015],[20.634827,43.598995],[20.634862,43.59899],[20.634897,43.598977],[20.634927,43.598965],[20.63495,43.598955],[20.634972,43.598942],[20.635002,43.59893],[20.635027,43.598915],[20.635062,43.598905],[20.635097,43.598897],[20.635132,43.598882],[20.635157,43.598872],[20.635178,43.598862],[20.635197,43.598847],[20.63522,43.598837],[20.635247,43.598827],[20.635272,43.598815],[20.6353,43.5988],[20.635327,43.598785],[20.635345,43.598767],[20.63537,43.59875],[20.635397,43.598732],[20.635412,43.598712],[20.635427,43.598692],[20.63545,43.598672],[20.635462,43.59865],[20.635475,43.598632],[20.635497,43.598612],[20.635525,43.598592],[20.635545,43.598577],[20.635562,43.598557],[20.63559,43.598542],[20.635607,43.59852],[20.635622,43.598502],[20.635645,43.598482],[20.635667,43.598462],[20.63569,43.598443],[20.63571,43.598427],[20.635737,43.598407],[20.635762,43.598387],[20.635782,43.59837],[20.635802,43.598352],[20.635827,43.598327],[20.635852,43.598307],[20.635875,43.598287],[20.635902,43.598267],[20.635922,43.598245],[20.635945,43.598218],[20.635967,43.598195],[20.635987,43.598172],[20.636007,43.598147],[20.636027,43.598127],[20.63605,43.598107],[20.636077,43.59809],[20.63611,43.598082],[20.636137,43.598077],[20.636167,43.598067],[20.63619,43.598057],[20.636222,43.598042],[20.63625,43.598042],[20.636282,43.59804],[20.636317,43.59803],[20.63635,43.598022],[20.636375,43.598017],[20.636407,43.59801],[20.636442,43.598002],[20.636475,43.597993],[20.636502,43.597992],[20.636537,43.597985],[20.636565,43.597987],[20.636595,43.597987],[20.636627,43.597987],[20.636657,43.597987],[20.636692,43.597987],[20.636722,43.597987],[20.63676,43.597997],[20.63679,43.597997],[20.636822,43.597997],[20.636855,43.598],[20.636887,43.597997],[20.636917,43.598002],[20.636945,43.598002],[20.636975,43.597997],[20.637002,43.597997],[20.637037,43.597993],[20.637075,43.597997],[20.637107,43.597993],[20.637142,43.597992],[20.63718,43.597987],[20.63721,43.597982],[20.637242,43.597972],[20.63728,43.597962],[20.637315,43.597952],[20.637337,43.597935],[20.637362,43.597922],[20.637392,43.59791],[20.637432,43.597902],[20.637455,43.597892],[20.637482,43.597877],[20.63751,43.597862],[20.637535,43.597847],[20.637567,43.597837],[20.637592,43.597827],[20.637627,43.597822],[20.637655,43.597815],[20.637692,43.597802],[20.637725,43.597787],[20.63775,43.597772],[20.637782,43.597762],[20.637812,43.59776],[20.637842,43.597755],[20.637877,43.597755],[20.63791,43.597752],[20.637943,43.59775],[20.637978,43.597747],[20.638012,43.597737],[20.638042,43.597732],[20.638077,43.597732],[20.638102,43.597732],[20.638132,43.597727],[20.638162,43.59773],[20.638195,43.597727],[20.638222,43.597717],[20.638245,43.597712],[20.638272,43.597692],[20.638297,43.597687],[20.638323,43.59768],[20.638357,43.597665],[20.638382,43.597647],[20.638407,43.597627],[20.638432,43.597602],[20.638455,43.59758],[20.63847,43.597557],[20.638482,43.597537],[20.638487,43.597512],[20.638492,43.597485],[20.63849,43.597457],[20.638482,43.597432],[20.63848,43.597407],[20.638467,43.597382],[20.638457,43.597357],[20.638455,43.597332],[20.638457,43.597305],[20.638452,43.597277],[20.63844,43.597252],[20.638432,43.59723],[20.638432,43.597207],[20.638427,43.597182],[20.638427,43.59716],[20.638422,43.597132],[20.638422,43.597107],[20.638422,43.597078],[20.638417,43.597052],[20.638412,43.59703],[20.638415,43.597005],[20.638417,43.596982],[20.638427,43.596952],[20.638437,43.596927],[20.638452,43.596902],[20.638467,43.596882],[20.63849,43.596862],[20.638517,43.59684],[20.63854,43.596827],[20.638567,43.596812],[20.638592,43.596807],[20.638632,43.596797],[20.638665,43.596783],[20.638692,43.596777],[20.638722,43.596772],[20.638755,43.596762],[20.638782,43.596752],[20.638815,43.596742],[20.638842,43.596735],[20.638875,43.596727],[20.638907,43.59672],[20.638932,43.596712],[20.638957,43.596697],[20.638987,43.59668],[20.639027,43.596665],[20.63906,43.596655],[20.639095,43.596647],[20.639127,43.596642],[20.639165,43.596628],[20.6392,43.596622],[20.639242,43.596607],[20.639272,43.596595],[20.639297,43.596587],[20.639332,43.596577],[20.639367,43.59657],[20.639397,43.596558],[20.639432,43.596545],[20.639462,43.596532],[20.639497,43.596517],[20.639525,43.596502],[20.639555,43.596487],[20.639582,43.596473],[20.63961,43.596467],[20.639637,43.596462],[20.639665,43.596457],[20.639702,43.596442],[20.639732,43.59644],[20.639757,43.596432],[20.639792,43.596422],[20.639827,43.59641],[20.639857,43.5964],[20.639882,43.596387],[20.639902,43.596367],[20.639925,43.596362],[20.639955,43.596352],[20.639992,43.596335],[20.640022,43.596317],[20.640047,43.596302],[20.640072,43.596287],[20.640102,43.596272],[20.64013,43.596257],[20.640152,43.596242],[20.640185,43.596232],[20.640217,43.596215],[20.640255,43.59621],[20.640282,43.596217],[20.640305,43.596227],[20.64034,43.596232],[20.640382,43.596235],[20.640412,43.596237],[20.640442,43.59624],[20.640477,43.596245],[20.640517,43.596247],[20.640547,43.596247],[20.640572,43.596247],[20.640612,43.596252],[20.640645,43.596255],[20.640677,43.596255],[20.640708,43.59626],[20.640737,43.596267],[20.640775,43.596267],[20.640817,43.596267],[20.640857,43.596265],[20.640887,43.596267],[20.640917,43.596275],[20.640957,43.596287],[20.640982,43.596292],[20.641007,43.596302],[20.641042,43.596305],[20.641067,43.596312],[20.641087,43.596325],[20.641127,43.596322],[20.641162,43.59633],[20.641195,43.596347],[20.641217,43.596355],[20.641247,43.59636],[20.641277,43.596367],[20.641305,43.596375],[20.641335,43.596382],[20.641377,43.596392],[20.64141,43.596397],[20.641437,43.596402],[20.641462,43.596407],[20.641495,43.596412],[20.641525,43.596422],[20.641552,43.596427],[20.64158,43.596435],[20.641615,43.59644],[20.641652,43.596442],[20.64168,43.59645],[20.64171,43.596457],[20.641747,43.596462],[20.641772,43.596462],[20.641805,43.596472],[20.641842,43.596477],[20.64187,43.59648],[20.641897,43.596485],[20.641927,43.59649],[20.641957,43.596497],[20.64199,43.596502],[20.642015,43.596497],[20.642042,43.596492],[20.642077,43.596487],[20.642112,43.596497],[20.64214,43.59651],[20.642167,43.596512],[20.642207,43.596517],[20.642245,43.596515],[20.642272,43.596522],[20.642302,43.596525],[20.642332,43.59653],[20.642367,43.596532],[20.642397,43.59653],[20.642432,43.596532],[20.64247,43.596532],[20.642497,43.596532],[20.642527,43.596535],[20.642565,43.59654],[20.6426,43.596542],[20.642627,43.596542],[20.642657,43.596545],[20.642692,43.596547],[20.642727,43.596552],[20.642757,43.596562],[20.642787,43.596567],[20.642822,43.596572],[20.642862,43.596575],[20.642892,43.596577],[20.642925,43.596585],[20.64296,43.596587],[20.642997,43.596585],[20.643027,43.59659],[20.643055,43.59659],[20.643093,43.596587],[20.643125,43.59659],[20.643157,43.59659],[20.643182,43.59659],[20.643217,43.596582],[20.643242,43.59658],[20.643272,43.596585],[20.6433,43.596587],[20.643337,43.596585],[20.643362,43.596587],[20.64339,43.596587],[20.643427,43.596582],[20.643457,43.596577],[20.643482,43.596572],[20.643508,43.596567],[20.643542,43.596562],[20.643575,43.596562],[20.643602,43.596565],[20.64364,43.596567],[20.643667,43.596567],[20.643707,43.596567],[20.643745,43.596562],[20.643782,43.596562],[20.643817,43.596567],[20.643852,43.596567],[20.643887,43.596567],[20.64392,43.596565],[20.643945,43.596562],[20.643972,43.596562],[20.644007,43.596562],[20.644037,43.596562],[20.644072,43.596562],[20.644107,43.596567],[20.644142,43.596567],[20.644172,43.596567],[20.644207,43.596572],[20.644245,43.59657],[20.644272,43.59657],[20.644307,43.596575],[20.644347,43.59658],[20.644382,43.596585],[20.644412,43.596592],[20.644442,43.596597],[20.644477,43.596605],[20.644512,43.596607],[20.64455,43.596615],[20.644585,43.596615],[20.644612,43.59662],[20.644648,43.596627],[20.644687,43.596625],[20.64472,43.596628],[20.644752,43.596637],[20.64477,43.596655],[20.644787,43.59668],[20.644802,43.596698],[20.64482,43.596717],[20.644842,43.59673],[20.64488,43.59673],[20.644905,43.59673],[20.644942,43.596727],[20.644977,43.596717],[20.645007,43.596715],[20.645037,43.596717],[20.645072,43.596722],[20.645107,43.596727],[20.645132,43.596732],[20.645172,43.59673],[20.645207,43.596732],[20.645237,43.596735],[20.645265,43.596732],[20.645302,43.596727],[20.645337,43.596727],[20.645365,43.596732],[20.645395,43.59674],[20.645425,43.596747],[20.645452,43.596747],[20.645477,43.596737],[20.645512,43.59673],[20.645547,43.596727],[20.64558,43.596727],[20.645612,43.596727],[20.645645,43.596725],[20.64568,43.596722],[20.645712,43.596715],[20.645737,43.59671],[20.645767,43.596705],[20.645795,43.596705],[20.645822,43.596702],[20.645855,43.596705],[20.64589,43.596697],[20.645917,43.596687],[20.645942,43.596675],[20.645975,43.596672],[20.646005,43.596667],[20.646035,43.59666],[20.646067,43.596652],[20.646095,43.596652],[20.646137,43.596652],[20.64617,43.596647],[20.6462,43.596637],[20.646232,43.596625],[20.646267,43.596622],[20.646297,43.596625],[20.646327,43.596617],[20.64636,43.596605],[20.646393,43.596592],[20.646425,43.596587],[20.646457,43.596582],[20.646497,43.59658],[20.646537,43.596572],[20.646565,43.596557],[20.646595,43.596542],[20.646635,43.596532],[20.646672,43.596527],[20.646707,43.59652],[20.646742,43.596522],[20.64677,43.596527],[20.646805,43.596532],[20.646842,43.596542],[20.646865,43.596557],[20.646902,43.596567],[20.646937,43.596577],[20.646967,43.596592],[20.646992,43.596597],[20.647007,43.596617],[20.647037,43.596632],[20.647057,43.596647],[20.647077,43.596662],[20.647095,43.596677],[20.647115,43.596695],[20.647135,43.596712],[20.64715,43.596735],[20.64717,43.596752],[20.6472,43.596757],[20.647232,43.596765],[20.647267,43.596767],[20.647307,43.59677],[20.64734,43.596783],[20.647372,43.596802],[20.647392,43.596822],[20.647413,43.596842],[20.647437,43.596862],[20.647462,43.596885],[20.647482,43.596902],[20.647512,43.596912],[20.647532,43.596922],[20.647555,43.596932],[20.647592,43.596945],[20.647627,43.596957],[20.64766,43.59697],[20.647692,43.596977],[20.647732,43.596987],[20.647772,43.596995],[20.647805,43.596997],[20.647832,43.597002],[20.647872,43.597012],[20.647905,43.597015],[20.647935,43.59702],[20.647962,43.597027],[20.648007,43.59704],[20.648042,43.59705],[20.64808,43.597055],[20.648112,43.597057],[20.648147,43.597062],[20.648182,43.597057],[20.64822,43.597057],[20.648252,43.59706],[20.648287,43.597062],[20.648325,43.597065],[20.648362,43.59706],[20.648397,43.597057],[20.648422,43.59705],[20.648467,43.597055],[20.648505,43.597055],[20.648537,43.597045],[20.648562,43.597037],[20.648592,43.597027],[20.64863,43.597027],[20.648655,43.597027],[20.648682,43.597022],[20.648707,43.597017],[20.64875,43.597007],[20.648787,43.59699],[20.648817,43.596965],[20.648832,43.596935],[20.648847,43.596912],[20.64887,43.596897],[20.648892,43.596885],[20.648922,43.596872],[20.648952,43.596857],[20.648977,43.596847],[20.649002,43.596837],[20.649027,43.596832],[20.649065,43.596825],[20.649102,43.596812],[20.649127,43.596797],[20.649157,43.596782],[20.649187,43.596767],[20.649215,43.596755],[20.649237,43.59674],[20.649272,43.596727],[20.649302,43.596712],[20.649335,43.596705],[20.64937,43.59669],[20.6494,43.596675],[20.64943,43.596665],[20.649452,43.596652],[20.649472,43.596637],[20.6495,43.596615],[20.649527,43.596597],[20.649557,43.596582],[20.649585,43.596567],[20.649615,43.596552],[20.649647,43.596537],[20.649672,43.596522],[20.649702,43.596507],[20.649732,43.59649],[20.64976,43.596473],[20.649782,43.596462],[20.649807,43.596452],[20.64984,43.596447],[20.64988,43.596442],[20.649905,43.596437],[20.649942,43.596432],[20.649977,43.596422],[20.650012,43.596412],[20.650047,43.596412],[20.650075,43.596407],[20.650115,43.596402],[20.650155,43.596395],[20.650187,43.596395],[20.65022,43.596397],[20.650257,43.5964],[20.650297,43.596402],[20.650332,43.596397],[20.650367,43.596392],[20.650402,43.59639],[20.650442,43.59638],[20.650477,43.596377],[20.650512,43.596377],[20.650537,43.59637],[20.650562,43.596357],[20.650592,43.596345],[20.65062,43.596337],[20.650652,43.596325],[20.650692,43.59631],[20.65073,43.596295],[20.650762,43.596285],[20.6508,43.596275],[20.65083,43.596265],[20.65087,43.596252],[20.650907,43.596237],[20.650945,43.596232],[20.650985,43.596222],[20.651022,43.596212],[20.651052,43.596202],[20.65109,43.596197],[20.651132,43.596192],[20.651167,43.596187],[20.6512,43.596182],[20.651235,43.596185],[20.65127,43.59619],[20.651307,43.596197],[20.651342,43.596207],[20.651377,43.59621],[20.651417,43.596207],[20.651455,43.596217],[20.651485,43.596227],[20.65152,43.596237],[20.651557,43.596247],[20.65159,43.596262],[20.651617,43.596277],[20.651642,43.59629],[20.651667,43.596292],[20.651695,43.596307],[20.651725,43.59632],[20.651755,43.596335],[20.65179,43.596347],[20.651827,43.596362],[20.651862,43.596375],[20.651897,43.596387],[20.651932,43.596402],[20.65197,43.596412],[20.652007,43.596417],[20.652045,43.596422],[20.652082,43.596425],[20.652122,43.596432],[20.652162,43.596435],[20.652205,43.596442],[20.652242,43.596447],[20.652282,43.596452],[20.652317,43.59645],[20.65236,43.596447],[20.652397,43.596445],[20.65243,43.596445],[20.65247,43.596447],[20.652515,43.596447],[20.65254,43.596447],[20.652582,43.596445],[20.65262,43.596442],[20.652657,43.59644],[20.652697,43.59644],[20.652742,43.59644],[20.652782,43.596437],[20.652822,43.596437],[20.652857,43.596435],[20.652895,43.596427],[20.652932,43.596422],[20.652972,43.596417],[20.65301,43.596415],[20.653042,43.596415],[20.653077,43.596412],[20.65311,43.596403],[20.653145,43.596397],[20.653185,43.596382],[20.653222,43.596375],[20.653257,43.596365],[20.653295,43.596355],[20.653327,43.596347],[20.653367,43.596332],[20.653402,43.596325],[20.653442,43.596312],[20.653482,43.596305],[20.653517,43.596292],[20.653552,43.59628],[20.653585,43.59627],[20.653615,43.596262],[20.653647,43.596255],[20.653677,43.596248],[20.653712,43.596242],[20.65375,43.596237],[20.653782,43.596232],[20.653815,43.596225],[20.653852,43.596207],[20.653882,43.596195],[20.653917,43.596187],[20.653947,43.596185],[20.653977,43.596177],[20.654012,43.596167],[20.654047,43.596157],[20.654082,43.596152],[20.654118,43.596147],[20.654155,43.596147],[20.654192,43.596142],[20.654227,43.596147],[20.65426,43.596147],[20.654292,43.596152],[20.654332,43.596157],[20.654372,43.59616],[20.654412,43.596165],[20.65445,43.596175],[20.654487,43.596177],[20.654522,43.596175],[20.65456,43.596178],[20.654592,43.596187],[20.654627,43.596197],[20.65466,43.596207],[20.654692,43.596207],[20.65473,43.596207],[20.654772,43.596212],[20.654812,43.596212],[20.654847,43.596212],[20.654877,43.596217],[20.654913,43.59622],[20.654952,43.596222],[20.65499,43.596227],[20.655027,43.596232],[20.655067,43.596237],[20.655102,43.596242],[20.655135,43.596232],[20.65518,43.596232],[20.655225,43.596237],[20.655267,43.596235],[20.655305,43.596237],[20.655342,43.596232],[20.655385,43.596227],[20.655422,43.596227],[20.655447,43.596222],[20.655487,43.59622],[20.65553,43.596217],[20.655572,43.596212],[20.655615,43.59621],[20.655647,43.596205],[20.655682,43.596195],[20.65572,43.596182],[20.655762,43.596172],[20.655802,43.596162],[20.655837,43.596155],[20.655862,43.596145],[20.655892,43.596132],[20.655927,43.59612],[20.655952,43.596107],[20.655977,43.596102],[20.656012,43.596092],[20.656057,43.596082],[20.656092,43.596072],[20.656125,43.596067],[20.65616,43.59606],[20.656192,43.596055],[20.656232,43.596057],[20.656272,43.596062],[20.656307,43.596067],[20.656342,43.596072],[20.656372,43.596082],[20.656397,43.59609],[20.656432,43.5961],[20.656467,43.596117],[20.6565,43.596132],[20.656532,43.596147],[20.656557,43.596165],[20.65658,43.596187],[20.656607,43.596207],[20.656642,43.596225],[20.656667,43.59624],[20.656692,43.596255],[20.656717,43.59627],[20.65675,43.596292],[20.656777,43.596312],[20.65681,43.596327],[20.656842,43.596337],[20.656867,43.596352],[20.656895,43.596365],[20.65692,43.596382],[20.656937,43.596402],[20.656962,43.596422],[20.656995,43.596442],[20.657025,43.596457],[20.657055,43.596473],[20.657082,43.596495],[20.657117,43.596512],[20.657142,43.596527],[20.657165,43.596542],[20.6572,43.596555],[20.657232,43.596562],[20.657257,43.596577],[20.657287,43.596587],[20.65732,43.596597],[20.657357,43.596607],[20.657392,43.596615],[20.657427,43.596625],[20.657462,43.596637],[20.657495,43.596652],[20.657522,43.596667],[20.65755,43.596685],[20.657585,43.596695],[20.657617,43.59671],[20.65765,43.596727],[20.657678,43.596742],[20.657712,43.596752],[20.657747,43.596762],[20.657785,43.596767],[20.657822,43.59677],[20.657852,43.59677],[20.657887,43.596765],[20.657932,43.596762],[20.657967,43.596757],[20.658007,43.596757],[20.658042,43.59675],[20.658077,43.596745],[20.65812,43.596742],[20.65816,43.596742],[20.658197,43.596745],[20.658232,43.596747],[20.658267,43.596747],[20.658307,43.596752],[20.658347,43.596755],[20.658387,43.596757],[20.658427,43.59676],[20.658465,43.596762],[20.6585,43.59676],[20.658532,43.596757],[20.658572,43.596752],[20.658607,43.596747],[20.658637,43.596742],[20.65867,43.596737],[20.658707,43.596732],[20.658747,43.596725],[20.658782,43.59672],[20.658817,43.596717],[20.658852,43.596712],[20.658892,43.596712],[20.658927,43.596715],[20.65896,43.596715],[20.65899,43.59672],[20.659022,43.596722],[20.659057,43.596727],[20.659087,43.596742],[20.659122,43.596755],[20.659157,43.596767],[20.659187,43.596782],[20.659217,43.596792],[20.659247,43.596807],[20.659277,43.596825],[20.6593,43.596842],[20.659322,43.596862],[20.659352,43.596882],[20.659387,43.596902],[20.659417,43.596917],[20.659447,43.59693],[20.65948,43.596942],[20.659515,43.596947],[20.659552,43.596952],[20.659587,43.596962],[20.659622,43.596967],[20.659657,43.596967],[20.659692,43.596972],[20.659727,43.596977],[20.659767,43.596982],[20.659807,43.596985],[20.659837,43.596977],[20.65988,43.596977],[20.65992,43.596987],[20.659952,43.596987],[20.659987,43.596987],[20.660025,43.596982],[20.660055,43.596977],[20.660095,43.596967],[20.66014,43.596967],[20.660183,43.596967],[20.660227,43.596967],[20.660265,43.59696],[20.660315,43.596955],[20.66036,43.596957],[20.6604,43.596955],[20.660437,43.596955],[20.66047,43.596952],[20.660507,43.596945],[20.660547,43.596935],[20.660592,43.596922],[20.660632,43.596912],[20.660662,43.5969],[20.660697,43.59689],[20.660737,43.596877],[20.66076,43.596867],[20.660785,43.596862],[20.660812,43.596852],[20.660847,43.59684],[20.660887,43.596827],[20.660925,43.596815],[20.660965,43.596807],[20.660992,43.5968],[20.66103,43.596787],[20.661065,43.59678],[20.661102,43.596772],[20.661132,43.596762],[20.661162,43.596752],[20.661195,43.596742],[20.661222,43.59673],[20.661255,43.596717],[20.661287,43.596707],[20.661322,43.596702],[20.661352,43.596692],[20.661372,43.59667],[20.661402,43.596657],[20.661432,43.596647],[20.661467,43.59664],[20.661492,43.59664],[20.661522,43.59664],[20.661555,43.596632],[20.661572,43.596615],[20.661582,43.596592],[20.661607,43.596595],[20.661575,43.596595],[20.661532,43.596587],[20.661512,43.59657],[20.661515,43.596542],[20.661527,43.59652],[20.661545,43.596492],[20.661567,43.596467],[20.661583,43.596447],[20.661605,43.596427],[20.661632,43.596412],[20.661657,43.596397],[20.661685,43.596387],[20.66172,43.596377],[20.661755,43.596372],[20.661787,43.596367],[20.661822,43.596365],[20.661862,43.596362],[20.661902,43.596357],[20.66194,43.596357],[20.661977,43.596352],[20.662017,43.596347],[20.662065,43.596342],[20.6621,43.596335],[20.662135,43.596325],[20.662172,43.596317],[20.662212,43.596307],[20.66225,43.596297],[20.662285,43.596285],[20.662317,43.596272],[20.66235,43.596262],[20.662378,43.596248],[20.66241,43.59624],[20.662442,43.59623],[20.662475,43.59622],[20.662507,43.59621],[20.662537,43.596202],[20.662575,43.596192],[20.662607,43.596182],[20.662637,43.596172],[20.662665,43.596165],[20.662697,43.596155],[20.66273,43.596137],[20.662752,43.59612],[20.66278,43.596102],[20.662807,43.596085],[20.662827,43.596067],[20.662855,43.596052],[20.662877,43.596032],[20.662905,43.596012],[20.66293,43.596005],[20.662947,43.595987],[20.662948,43.595967],[20.662948,43.59595],[20.662935,43.595932],[20.662905,43.595917],[20.66287,43.595907],[20.662837,43.595907],[20.662793,43.595895],[20.662765,43.595882],[20.662742,43.595867],[20.662715,43.595852],[20.66269,43.595837],[20.662665,43.595822],[20.662667,43.595798],[20.662682,43.595782],[20.6627,43.595762],[20.662712,43.595742],[20.662722,43.595727],[20.66273,43.595702],[20.662747,43.595675],[20.662757,43.595657],[20.662772,43.59564],[20.662782,43.595622],[20.662797,43.595595],[20.662807,43.595577],[20.662815,43.595552],[20.66283,43.59553],[20.66284,43.595512],[20.66285,43.595492],[20.66286,43.595475],[20.662867,43.595452],[20.662875,43.595435],[20.662887,43.595415],[20.662897,43.595392],[20.662912,43.595377],[20.662927,43.59536],[20.662937,43.595342],[20.662952,43.595322],[20.662967,43.595305],[20.662982,43.595282],[20.662995,43.59526],[20.663002,43.59524],[20.663012,43.595222],[20.663025,43.5952],[20.663042,43.595177],[20.663055,43.59516],[20.663062,43.59514],[20.663072,43.595122],[20.663077,43.5951],[20.66308,43.59508],[20.663075,43.595057],[20.663077,43.595037],[20.663082,43.595017],[20.663082,43.594992],[20.663082,43.594975],[20.663095,43.59495],[20.66311,43.59493],[20.663122,43.594902],[20.66313,43.594882],[20.663138,43.594865],[20.663145,43.594842],[20.663162,43.594817],[20.663173,43.594802],[20.663182,43.594782],[20.663192,43.594762],[20.663197,43.594737],[20.663207,43.594717],[20.663222,43.594687],[20.663217,43.59467],[20.663205,43.59465],[20.663197,43.594622],[20.663192,43.594605],[20.663182,43.594582],[20.663172,43.594565],[20.663167,43.594542],[20.663162,43.594517],[20.663157,43.594497],[20.663157,43.59448],[20.663157,43.594462],[20.663157,43.594442],[20.66316,43.594425],[20.663167,43.5944],[20.663165,43.594377],[20.663162,43.594357],[20.66316,43.59434],[20.663162,43.594322],[20.663152,43.594297],[20.663155,43.594277],[20.663155,43.594257],[20.663162,43.594237],[20.663172,43.594207],[20.66319,43.59419],[20.663217,43.594177],[20.663242,43.59417],[20.663257,43.594152],[20.66327,43.594135],[20.663292,43.594122],[20.663312,43.594107],[20.663327,43.594087],[20.66336,43.594072],[20.663385,43.594062],[20.663417,43.594057],[20.663447,43.594047],[20.663477,43.594042],[20.663512,43.594027],[20.663542,43.594012],[20.663552,43.593992],[20.663557,43.593972],[20.663582,43.593965],[20.66361,43.593955],[20.663642,43.593937],[20.663662,43.593922],[20.663685,43.59391],[20.663707,43.593898],[20.663742,43.593887],[20.663765,43.593875],[20.66379,43.593865],[20.66381,43.59385],[20.663837,43.59384],[20.663857,43.593828],[20.663885,43.593817],[20.663912,43.593807],[20.663942,43.593792],[20.663965,43.593777],[20.663987,43.59376],[20.664007,43.593743],[20.664027,43.59373],[20.664055,43.593712],[20.664067,43.593697],[20.664087,43.59368],[20.66411,43.593662],[20.664123,43.593642],[20.66414,43.59362],[20.664152,43.593592],[20.664157,43.59357],[20.664158,43.59355],[20.664172,43.593527],[20.664207,43.593515],[20.664235,43.593517],[20.664272,43.593515],[20.6643,43.593497],[20.664312,43.59348],[20.664322,43.593457],[20.66432,43.59343],[20.664312,43.593402],[20.664307,43.59338],[20.664312,43.593357],[20.664313,43.593327],[20.664302,43.593302],[20.664287,43.593277],[20.664267,43.593257],[20.664252,43.593237],[20.664237,43.593212],[20.664217,43.593192],[20.66421,43.593172],[20.664207,43.593145],[20.664202,43.593117],[20.664202,43.59309],[20.664192,43.593065],[20.664195,43.593037],[20.664197,43.593015],[20.66419,43.592987],[20.664182,43.59296],[20.664177,43.592942],[20.664172,43.592917],[20.66417,43.592892],[20.664172,43.59287],[20.66417,43.592847],[20.664172,43.592827],[20.664175,43.592802],[20.66417,43.59278],[20.66417,43.592755],[20.664172,43.59273],[20.664175,43.592705],[20.664177,43.59268],[20.664172,43.592657],[20.664172,43.592632],[20.664177,43.592605],[20.66418,43.592577],[20.664182,43.592552],[20.664182,43.59253],[20.664195,43.59251],[20.664197,43.592487],[20.664197,43.592462],[20.66421,43.592442],[20.664222,43.592422],[20.664227,43.592402],[20.664237,43.592385],[20.664235,43.59236],[20.664222,43.59234],[20.66425,43.592335],[20.664265,43.592315],[20.664282,43.592292],[20.6643,43.592262],[20.664305,43.592232],[20.664302,43.592207],[20.664302,43.592177],[20.664312,43.59215],[20.664312,43.592122],[20.66431,43.592095],[20.664295,43.592072],[20.664277,43.59205],[20.664262,43.592027],[20.664252,43.592007],[20.664247,43.591987],[20.664237,43.59196],[20.66423,43.591942],[20.664225,43.591922],[20.66422,43.591897],[20.664212,43.591877],[20.664202,43.591852],[20.664205,43.591827],[20.664202,43.591802],[20.664195,43.59178],[20.664195,43.591757],[20.66419,43.591735],[20.664182,43.59171],[20.66417,43.59169],[20.664162,43.591672],[20.664152,43.59165],[20.664142,43.591622],[20.664137,43.591602],[20.664127,43.59158],[20.664122,43.591557],[20.664112,43.591535],[20.66411,43.591515],[20.664102,43.591492],[20.664095,43.591467],[20.664085,43.591437],[20.664082,43.591412],[20.664072,43.591387],[20.664057,43.591367],[20.664042,43.591345],[20.664032,43.591322],[20.664017,43.5913],[20.664002,43.591282],[20.663987,43.591262],[20.663967,43.591242],[20.66395,43.591227],[20.663932,43.59121],[20.66391,43.591195],[20.663887,43.591175],[20.66387,43.591155],[20.663852,43.591132],[20.663842,43.591117],[20.66382,43.591098],[20.663805,43.591082],[20.663787,43.591067],[20.66377,43.591052],[20.663743,43.591035],[20.663722,43.591022],[20.663702,43.591007],[20.663675,43.590997],[20.663657,43.590977],[20.663642,43.590962],[20.663627,43.590947],[20.663602,43.590932],[20.663582,43.590917],[20.663562,43.590905],[20.663537,43.590892],[20.663515,43.590877],[20.663485,43.590867],[20.663465,43.590852],[20.66344,43.590842],[20.663417,43.590832],[20.663387,43.590822],[20.663362,43.590812],[20.663337,43.590795],[20.663317,43.590782],[20.663297,43.590765],[20.663275,43.590752],[20.663255,43.59074],[20.663227,43.590722],[20.66321,43.590705],[20.663197,43.590687],[20.663182,43.590672],[20.663165,43.590652],[20.663145,43.590632],[20.663125,43.590617],[20.663107,43.5906],[20.663082,43.590582],[20.663067,43.590563],[20.663042,43.590542],[20.663027,43.590527],[20.66301,43.590507],[20.662995,43.590487],[20.662977,43.59047],[20.662957,43.590447],[20.662937,43.590432],[20.66292,43.590417],[20.662902,43.5904],[20.662882,43.590387],[20.662862,43.590377],[20.662837,43.590365],[20.662817,43.590355],[20.662793,43.590345],[20.662762,43.590332],[20.662723,43.590325],[20.662692,43.590315],[20.662667,43.590307],[20.662637,43.590297],[20.662612,43.590287],[20.662587,43.590277],[20.662562,43.590267],[20.66254,43.590262],[20.662512,43.590247],[20.662477,43.590235],[20.662452,43.590222],[20.662417,43.590207],[20.662392,43.590197],[20.66237,43.590187],[20.662343,43.59017],[20.662322,43.590155],[20.6623,43.590137],[20.662277,43.590122],[20.66226,43.590107],[20.662232,43.59009],[20.662207,43.590077],[20.662187,43.590067],[20.662165,43.59005],[20.662137,43.590037],[20.662112,43.590027],[20.662082,43.590012],[20.662057,43.589997],[20.662037,43.589985],[20.662005,43.589972],[20.661977,43.589957],[20.661952,43.589942],[20.661932,43.58993],[20.661905,43.58991],[20.661882,43.589892],[20.661865,43.589872],[20.661842,43.589857],[20.661822,43.589837],[20.661808,43.589815],[20.661807,43.589792],[20.661815,43.589772],[20.661822,43.58975],[20.661837,43.589732],[20.661842,43.589712],[20.661847,43.58969],[20.661857,43.58967],[20.661855,43.589647],[20.66186,43.589622],[20.661862,43.589602],[20.661867,43.589577],[20.66187,43.589552],[20.661887,43.58953],[20.661897,43.589505],[20.661895,43.589482],[20.661897,43.589462],[20.661892,43.58944],[20.661897,43.589417],[20.661892,43.589392],[20.6619,43.58937],[20.661897,43.58935],[20.661887,43.589332],[20.661895,43.589315],[20.661877,43.589292],[20.661867,43.589267],[20.661857,43.589247],[20.661847,43.589227],[20.661837,43.58921],[20.661822,43.589192],[20.661797,43.589167],[20.661787,43.58915],[20.661777,43.589127],[20.661762,43.589107],[20.661755,43.58909],[20.661755,43.589067],[20.661752,43.589042],[20.66175,43.589022],[20.661742,43.588997],[20.66172,43.588977],[20.661697,43.58896],[20.661677,43.588945],[20.661657,43.588932],[20.661645,43.588915],[20.661632,43.588892],[20.661617,43.588872],[20.66159,43.588847],[20.661577,43.588827],[20.661565,43.588807],[20.661542,43.58879],[20.661525,43.588762],[20.661505,43.588742],[20.66148,43.588722],[20.661457,43.588702],[20.661437,43.588678],[20.661412,43.588662],[20.6614,43.588642],[20.66138,43.58862],[20.661362,43.588597],[20.661337,43.588577],[20.661312,43.588557],[20.661292,43.588542],[20.661277,43.588527],[20.661257,43.588507],[20.661237,43.588485],[20.661222,43.588457],[20.66121,43.588435],[20.661197,43.588412],[20.66119,43.58839],[20.66118,43.588367],[20.661185,43.588345],[20.66118,43.588325],[20.66118,43.588302],[20.661167,43.588285],[20.661155,43.588267],[20.661145,43.588245],[20.661135,43.588227],[20.661132,43.588202],[20.661132,43.588185],[20.66112,43.588162],[20.661105,43.588147],[20.661077,43.588132],[20.661047,43.58812],[20.661027,43.588107],[20.660992,43.588107],[20.660962,43.588107],[20.660937,43.588105],[20.660962,43.588105],[20.66101,43.5881],[20.661055,43.588092],[20.661087,43.588077],[20.661117,43.588067],[20.661145,43.588057],[20.661168,43.588045],[20.66119,43.588032],[20.661212,43.588012],[20.661237,43.587997],[20.661265,43.587982],[20.661292,43.58797],[20.661315,43.587955],[20.661342,43.587942],[20.661367,43.587927],[20.661392,43.587912],[20.661422,43.587897],[20.661442,43.587885],[20.66147,43.58787],[20.661492,43.58785],[20.661522,43.587833],[20.661548,43.58782],[20.661572,43.587807],[20.661602,43.587787],[20.661632,43.58777],[20.661652,43.587757],[20.661675,43.587737],[20.6617,43.587727],[20.661725,43.587712],[20.661752,43.587697],[20.661773,43.58768],[20.661797,43.587667],[20.66182,43.587642],[20.661842,43.587632],[20.661857,43.587617],[20.661882,43.587605],[20.661897,43.58759],[20.661922,43.587572],[20.66194,43.587557],[20.661957,43.587542],[20.661972,43.587527],[20.661997,43.587507],[20.662017,43.587492],[20.662027,43.587472],[20.66204,43.587452],[20.662042,43.587435],[20.662047,43.587415],[20.662057,43.587392],[20.66206,43.587372],[20.662057,43.587352],[20.662052,43.587335],[20.66206,43.587313],[20.662062,43.587292],[20.662062,43.587275],[20.662075,43.587252],[20.662087,43.587237],[20.66211,43.587217],[20.662127,43.587202],[20.662152,43.587192],[20.662182,43.587182],[20.66221,43.587175],[20.662237,43.587172],[20.662267,43.587162],[20.662287,43.587147],[20.662312,43.58715],[20.66234,43.587152],[20.662372,43.587158],[20.662397,43.587165],[20.66243,43.587165],[20.662465,43.587167],[20.66249,43.587167],[20.66252,43.587175],[20.662555,43.587177],[20.662587,43.587175],[20.662615,43.587172],[20.662642,43.587177],[20.66267,43.587182],[20.662697,43.587182],[20.662727,43.587187],[20.662757,43.587192],[20.66279,43.587192],[20.662822,43.587195],[20.662852,43.587197],[20.66288,43.587197],[20.66291,43.587197],[20.66294,43.587195],[20.662972,43.587192],[20.663002,43.587195],[20.663027,43.58719],[20.663055,43.58718],[20.663082,43.587172],[20.663112,43.587165],[20.663138,43.587157],[20.663177,43.587155],[20.663212,43.58715],[20.663245,43.587145],[20.663282,43.58714],[20.663317,43.587132],[20.663347,43.587132],[20.663377,43.587127],[20.663417,43.587127],[20.663447,43.58713],[20.663482,43.587132],[20.663522,43.587137],[20.663557,43.587142],[20.663592,43.587152],[20.663627,43.587158],[20.66366,43.587162],[20.663697,43.58717],[20.663737,43.587172],[20.663772,43.587172],[20.663805,43.587172],[20.663842,43.587175],[20.663877,43.587177],[20.66391,43.587182],[20.66394,43.587182],[20.663977,43.587182],[20.664012,43.587187],[20.664052,43.587192],[20.664082,43.587197],[20.664107,43.587197],[20.664142,43.5872],[20.664175,43.587202],[20.664205,43.587202],[20.664237,43.587205],[20.664277,43.587205],[20.66431,43.587205],[20.66434,43.587205],[20.66437,43.587202],[20.664402,43.5872],[20.664435,43.587195],[20.664467,43.58719],[20.664502,43.58718],[20.664535,43.587172],[20.66456,43.587167],[20.664587,43.58715],[20.664622,43.587127],[20.664655,43.58711],[20.664677,43.587092],[20.664692,43.587072],[20.664702,43.587042],[20.664712,43.587015],[20.664717,43.586982],[20.664707,43.586952],[20.664685,43.586932],[20.664662,43.586915],[20.664645,43.586895],[20.664622,43.586867],[20.664607,43.586842],[20.664585,43.586822],[20.664567,43.586805],[20.664547,43.586777],[20.664522,43.586752],[20.664507,43.586727],[20.664482,43.586708],[20.66446,43.586697],[20.664442,43.586677],[20.66442,43.586657],[20.664392,43.58664],[20.664367,43.586622],[20.664348,43.586607],[20.66433,43.58659],[20.664307,43.586575],[20.664282,43.586552],[20.66426,43.58653],[20.66425,43.586507],[20.664227,43.586487],[20.664212,43.586465],[20.664202,43.586445],[20.664187,43.586425],[20.66417,43.586398],[20.664155,43.586377],[20.664142,43.586357],[20.664135,43.586332],[20.664117,43.586305],[20.664112,43.586277],[20.664102,43.586257],[20.664097,43.586232],[20.664092,43.586212],[20.66408,43.586195],[20.66407,43.586177],[20.664047,43.586152],[20.664037,43.586125],[20.664027,43.586102],[20.664017,43.586072],[20.664002,43.58605],[20.663982,43.58603],[20.663967,43.58601],[20.663952,43.58599],[20.663933,43.585965],[20.663912,43.585937],[20.663895,43.585917],[20.663872,43.585897],[20.663852,43.58588],[20.663837,43.585863],[20.663817,43.58585],[20.663792,43.585835],[20.663767,43.58582],[20.663747,43.585802],[20.663727,43.585782],[20.663702,43.585762],[20.66368,43.585742],[20.663662,43.585727],[20.663637,43.585705],[20.66361,43.585685],[20.663587,43.585667],[20.663562,43.585652],[20.663535,43.585637],[20.66351,43.585622],[20.663482,43.585602],[20.663462,43.585587],[20.663437,43.585567],[20.663417,43.585552],[20.663392,43.585535],[20.663367,43.58552],[20.663347,43.585502],[20.66332,43.58548],[20.6633,43.585462],[20.663277,43.585447],[20.663257,43.585425],[20.663235,43.585402],[20.663217,43.585382],[20.663202,43.585365],[20.663197,43.585342],[20.663207,43.585317],[20.66322,43.5853],[20.663255,43.585292],[20.66328,43.585277],[20.663315,43.58527],[20.663342,43.585265],[20.663382,43.585257],[20.663417,43.585252],[20.663457,43.585247],[20.663487,43.585245],[20.663527,43.585245],[20.663567,43.58524],[20.6636,43.585235],[20.66363,43.58523],[20.66366,43.585225],[20.663697,43.585217],[20.663737,43.585215],[20.663772,43.58521],[20.663805,43.585197],[20.663837,43.585182],[20.66387,43.585172],[20.663897,43.585152],[20.663925,43.585137],[20.663962,43.58512],[20.663992,43.585102],[20.664022,43.585085],[20.66405,43.58507],[20.66408,43.585055],[20.66411,43.585042],[20.664132,43.585027],[20.664152,43.585007],[20.664177,43.584987],[20.664207,43.58497],[20.66423,43.584957],[20.664252,43.584942],[20.664282,43.584922],[20.664312,43.58491],[20.664342,43.584895],[20.664372,43.584882],[20.664407,43.584867],[20.664432,43.584862],[20.664462,43.584857],[20.664492,43.584845],[20.664522,43.584832],[20.664547,43.584822],[20.664582,43.584812],[20.66462,43.584802],[20.664652,43.584792],[20.664685,43.584787],[20.664722,43.584777],[20.664757,43.58477],[20.66479,43.584767],[20.664827,43.584765],[20.664862,43.584765],[20.6649,43.584762],[20.664937,43.584762],[20.664967,43.58476],[20.665002,43.584757],[20.665042,43.58475],[20.665087,43.584742],[20.665122,43.584738],[20.665155,43.584737],[20.665187,43.584735],[20.665225,43.584727],[20.665262,43.584722],[20.665297,43.584712],[20.665337,43.584707],[20.66537,43.584702],[20.665412,43.5847],[20.66544,43.584692],[20.665467,43.584682],[20.665497,43.584665],[20.66553,43.584642],[20.665558,43.584622],[20.665582,43.584602],[20.6656,43.584577],[20.665617,43.584547],[20.665632,43.584522],[20.665647,43.584497],[20.665652,43.584477],[20.665652,43.584445],[20.66566,43.584415],[20.66567,43.58439],[20.665675,43.584365],[20.665678,43.58434],[20.665682,43.584315],[20.66569,43.584292],[20.665697,43.584265],[20.665702,43.584237],[20.665707,43.58421],[20.665712,43.584187],[20.665727,43.584172],[20.665737,43.584155],[20.665765,43.584132],[20.665787,43.584107],[20.6658,43.584085],[20.665812,43.584062],[20.665827,43.584042],[20.66584,43.58402],[20.665862,43.583995],[20.66588,43.583972],[20.665897,43.583947],[20.665912,43.58392],[20.665925,43.583893],[20.665937,43.583867],[20.665942,43.583847],[20.665947,43.583822],[20.665937,43.583792],[20.665938,43.583767],[20.665925,43.583745],[20.665912,43.583722],[20.665897,43.583692],[20.665872,43.583667],[20.66585,43.583645],[20.665832,43.583627],[20.665807,43.583605],[20.665787,43.583587],[20.66577,43.583572],[20.665745,43.583557],[20.665722,43.583542],[20.6657,43.58352],[20.665682,43.5835],[20.665662,43.583482],[20.665642,43.583467],[20.665622,43.583442],[20.665605,43.583422],[20.66559,43.583407],[20.66557,43.583385],[20.665555,43.583362],[20.66554,43.583342],[20.665523,43.583322],[20.665502,43.583307],[20.665485,43.583287],[20.665467,43.583267],[20.665452,43.583247],[20.665442,43.583227],[20.66544,43.583202],[20.665452,43.583182],[20.665462,43.583162],[20.665482,43.583147],[20.66551,43.58313],[20.665532,43.583117],[20.665557,43.583102],[20.665587,43.583085],[20.665612,43.583067],[20.665642,43.583052],[20.665667,43.58304],[20.665692,43.583022],[20.66572,43.583005],[20.665747,43.582987],[20.66578,43.582982],[20.665802,43.58297],[20.66583,43.582957],[20.665852,43.582937],[20.665875,43.58293],[20.665903,43.582922],[20.665932,43.582902],[20.665965,43.582885],[20.66599,43.582872],[20.666012,43.582852],[20.666037,43.582835],[20.666065,43.582815],[20.666092,43.582802],[20.666112,43.582785],[20.666132,43.582772],[20.666157,43.582762],[20.666182,43.582752],[20.666202,43.582735],[20.666232,43.582715],[20.666247,43.582695],[20.666277,43.582675],[20.666302,43.582657],[20.666322,43.58264],[20.666345,43.582617],[20.666362,43.5826],[20.666385,43.582585],[20.666402,43.582572],[20.666417,43.582547],[20.666432,43.582527],[20.666457,43.582505],[20.666473,43.582482],[20.66649,43.582457],[20.666507,43.582442],[20.666522,43.582427],[20.666547,43.582415],[20.666575,43.582397],[20.666597,43.582385],[20.66662,43.582375],[20.666652,43.582362],[20.666682,43.582357],[20.66672,43.582345],[20.66675,43.582337],[20.666777,43.582332],[20.666805,43.582327],[20.666837,43.582317],[20.666872,43.582312],[20.6669,43.582307],[20.666935,43.582297],[20.666957,43.582287],[20.666992,43.582287],[20.667022,43.582282],[20.667052,43.582277],[20.667078,43.582272],[20.667107,43.582265],[20.66713,43.58225],[20.667142,43.58223],[20.667167,43.582207],[20.667205,43.582197],[20.667237,43.582192],[20.667267,43.582185],[20.667285,43.582167],[20.66732,43.582152],[20.667347,43.58214],[20.66737,43.582125],[20.66739,43.582112],[20.66742,43.582102],[20.667447,43.58209],[20.66747,43.58207],[20.667487,43.582055],[20.667507,43.582042],[20.667537,43.582035],[20.667557,43.582025],[20.667575,43.582007],[20.667592,43.581987],[20.667612,43.581972],[20.667635,43.581962],[20.667652,43.581947],[20.667672,43.581927],[20.667683,43.581912],[20.6677,43.581897],[20.667715,43.581872],[20.667735,43.581847],[20.667747,43.581825],[20.667762,43.581807],[20.667777,43.581792],[20.667795,43.581772],[20.667812,43.58175],[20.667832,43.581732],[20.667852,43.581715],[20.667872,43.581697],[20.667887,43.581677],[20.667892,43.581657],[20.6679,43.581628],[20.667905,43.581612],[20.667897,43.581587],[20.667887,43.581562],[20.66789,43.581537],[20.667887,43.581515],[20.667885,43.581497],[20.667897,43.581473],[20.667897,43.581457],[20.66792,43.581437],[20.667927,43.581415],[20.667937,43.581395],[20.667962,43.581382],[20.667997,43.581377],[20.668027,43.581367],[20.668055,43.581352],[20.668077,43.58134],[20.668098,43.581327],[20.66812,43.581307],[20.668145,43.581282],[20.66816,43.581267],[20.668182,43.581242],[20.668192,43.581222],[20.668207,43.581197],[20.668222,43.581172],[20.668252,43.581172],[20.668292,43.581182],[20.668332,43.581187],[20.668372,43.581185],[20.668397,43.581177],[20.668427,43.58117],[20.668467,43.581167],[20.668512,43.58117],[20.668552,43.581167],[20.668585,43.581167],[20.668617,43.581167],[20.668652,43.581162],[20.668685,43.581152],[20.668722,43.581147],[20.668757,43.581147],[20.668795,43.581137],[20.668827,43.581137],[20.668865,43.581132],[20.6689,43.581127],[20.668932,43.581127],[20.668967,43.58113],[20.669002,43.581122],[20.669027,43.581117],[20.66906,43.581115],[20.669097,43.581107],[20.669127,43.581105],[20.669152,43.581097],[20.669187,43.581087],[20.669225,43.58108],[20.669252,43.581067],[20.669292,43.581067],[20.669317,43.58106],[20.669347,43.581047],[20.669377,43.581032],[20.669397,43.581012],[20.669417,43.581002],[20.66945,43.580982],[20.669475,43.58097],[20.669502,43.580957],[20.669525,43.580938],[20.669547,43.580922],[20.669572,43.580902],[20.669592,43.580887],[20.669612,43.580875],[20.669642,43.58086],[20.669672,43.580847],[20.669702,43.580842],[20.669737,43.580835],[20.669772,43.580822],[20.669802,43.580822],[20.669835,43.580827],[20.66987,43.58083],[20.669907,43.58083],[20.669937,43.580832],[20.66997,43.580832],[20.670002,43.58083],[20.670027,43.580827],[20.670062,43.580817],[20.670095,43.580807],[20.670117,43.580797],[20.670142,43.580782],[20.670172,43.580767],[20.670197,43.580752],[20.670222,43.580737],[20.670252,43.580722],[20.670277,43.58071],[20.670312,43.580695],[20.67035,43.580685],[20.670385,43.580677],[20.670417,43.580672],[20.67044,43.580665],[20.670472,43.580665],[20.67051,43.580662],[20.670547,43.580667],[20.670587,43.580667],[20.670622,43.580667],[20.670657,43.580667],[20.670692,43.58067],[20.67073,43.580672],[20.670767,43.580672],[20.670807,43.58068],[20.670845,43.580682],[20.670875,43.580685],[20.670912,43.58069],[20.670955,43.580692],[20.670992,43.58069],[20.671025,43.580687],[20.671057,43.580687],[20.671092,43.580687],[20.67113,43.580687],[20.671167,43.580687],[20.671202,43.58069],[20.671235,43.580695],[20.671265,43.580697],[20.671305,43.5807],[20.67134,43.580705],[20.671372,43.580712],[20.671402,43.580713],[20.671437,43.580713],[20.67147,43.58072],[20.671502,43.580722],[20.67154,43.580727],[20.67158,43.580725],[20.67161,43.580725],[20.671637,43.580722],[20.671675,43.580717],[20.671712,43.580713],[20.671745,43.58071],[20.671772,43.580705],[20.671807,43.580692],[20.671837,43.580682],[20.671872,43.580677],[20.671905,43.580672],[20.67194,43.580662],[20.671975,43.580657],[20.672007,43.580657],[20.672047,43.58065],[20.672082,43.580642],[20.672117,43.580635],[20.672147,43.580632],[20.67218,43.580625],[20.672217,43.580617],[20.672247,43.580612],[20.672282,43.580605],[20.672315,43.5806],[20.672342,43.580587],[20.672372,43.580577],[20.672402,43.580558],[20.672427,43.580547],[20.672457,43.580527],[20.672475,43.58051],[20.672492,43.580487],[20.67251,43.580462],[20.672527,43.58044],[20.672545,43.580417],[20.672565,43.580395],[20.672585,43.580375],[20.672607,43.58035],[20.67264,43.580327],[20.67267,43.58031],[20.672702,43.580292],[20.672727,43.580277],[20.67275,43.580262],[20.67278,43.580242],[20.672805,43.58022],[20.672822,43.580197],[20.672837,43.58018],[20.672852,43.580157],[20.672865,43.58013],[20.672877,43.580102],[20.672882,43.580077],[20.672892,43.580055],[20.67291,43.58003],[20.672922,43.580005],[20.672937,43.579982],[20.672957,43.57996],[20.67298,43.579942],[20.673,43.579925],[20.673023,43.579907],[20.673055,43.579887],[20.67308,43.579875],[20.673105,43.579867],[20.673132,43.57985],[20.673165,43.579837],[20.673192,43.579827],[20.673213,43.579817],[20.673237,43.579805],[20.67327,43.579787],[20.673297,43.579767],[20.673317,43.579752],[20.673332,43.579737],[20.67335,43.579722],[20.673368,43.579702],[20.673382,43.579685],[20.673395,43.579662],[20.673402,43.579635],[20.67341,43.579605],[20.67342,43.579582],[20.67342,43.579562],[20.673427,43.579535],[20.673437,43.57951],[20.67345,43.57949],[20.673467,43.579465],[20.67348,43.579442],[20.673497,43.579422],[20.673515,43.5794],[20.673532,43.579375],[20.673557,43.579355],[20.67358,43.57934],[20.673607,43.57932],[20.673632,43.579302],[20.673657,43.57929],[20.673687,43.579272],[20.673717,43.579255],[20.673745,43.579237],[20.67377,43.579225],[20.673797,43.579212],[20.673825,43.579197],[20.67385,43.57919],[20.673875,43.579182],[20.673895,43.57917],[20.673927,43.579152],[20.673957,43.579142],[20.673992,43.579132],[20.674022,43.579127],[20.674057,43.579115],[20.674087,43.5791],[20.674117,43.579087],[20.674135,43.57907],[20.674157,43.579053],[20.674185,43.579037],[20.674207,43.579027],[20.674232,43.579012],[20.674257,43.579],[20.67428,43.57899],[20.674302,43.578977],[20.674322,43.578962],[20.67434,43.578945],[20.674352,43.578927],[20.674372,43.578912],[20.674387,43.578897],[20.674405,43.578885],[20.674427,43.578875],[20.674445,43.578857],[20.674462,43.578837],[20.674482,43.578822],[20.674497,43.578797],[20.674507,43.578777],[20.674517,43.578757],[20.674525,43.578732],[20.674532,43.578712],[20.674542,43.578687],[20.674547,43.578665],[20.674552,43.578645],[20.674547,43.578622],[20.674543,43.578602],[20.674547,43.578582],[20.674547,43.578562],[20.674547,43.578537],[20.674547,43.578512],[20.674552,43.578482],[20.674552,43.578457],[20.674555,43.578437],[20.674557,43.578417],[20.674562,43.578397],[20.674567,43.578377],[20.674577,43.578357],[20.674578,43.57833],[20.67459,43.57831],[20.674602,43.57829],[20.674612,43.578267],[20.674625,43.578245],[20.67463,43.578227],[20.674645,43.5782],[20.674657,43.578177],[20.67468,43.578157],[20.674697,43.578137],[20.674712,43.578117],[20.67474,43.578105],[20.674777,43.578097],[20.674807,43.578092],[20.674837,43.57809],[20.674872,43.578087],[20.674902,43.578087],[20.674932,43.578087],[20.674962,43.578087],[20.674992,43.578085],[20.675017,43.578085],[20.675047,43.578082],[20.675075,43.578082],[20.675102,43.57808],[20.67513,43.57808],[20.675167,43.578082],[20.675202,43.57808],[20.675237,43.578082],[20.675265,43.578082],[20.67529,43.578082],[20.67532,43.578087],[20.67535,43.578092],[20.675377,43.578092],[20.675412,43.578097],[20.675445,43.578097],[20.675477,43.5781],[20.675507,43.578102],[20.675537,43.578102],[20.675572,43.578107],[20.675602,43.578105],[20.67563,43.578105],[20.675657,43.578105],[20.675682,43.578105],[20.675712,43.578102],[20.675737,43.578097],[20.67577,43.578097],[20.675802,43.5781],[20.67584,43.578097],[20.675867,43.578097],[20.6759,43.5781],[20.675927,43.578097],[20.675957,43.578102],[20.67599,43.578105],[20.676017,43.578112],[20.676052,43.578115],[20.676092,43.578115],[20.676132,43.578117],[20.676168,43.578125],[20.676202,43.57813],[20.676227,43.578135],[20.676262,43.578142],[20.676297,43.57815],[20.676327,43.578152],[20.676358,43.578157],[20.676385,43.578155],[20.676415,43.578157],[20.676442,43.578152],[20.676475,43.578147],[20.676502,43.578142],[20.676532,43.578132],[20.676557,43.578125],[20.676592,43.57811],[20.676617,43.578092],[20.676635,43.578072],[20.676662,43.578057],[20.676692,43.57804],[20.676712,43.578022],[20.676732,43.578007],[20.67675,43.577992],[20.67677,43.577975],[20.676797,43.57796],[20.676825,43.577945],[20.676842,43.577932],[20.676867,43.577913],[20.67689,43.577902],[20.67691,43.577887],[20.676935,43.577877],[20.676962,43.577865],[20.676982,43.577855],[20.677007,43.57784],[20.677032,43.577825],[20.677062,43.577807],[20.677087,43.577792],[20.677115,43.577782],[20.67714,43.577772],[20.67717,43.577762],[20.677197,43.577752],[20.67723,43.577742],[20.677257,43.577737],[20.677287,43.577727],[20.677315,43.577717],[20.677342,43.57771],[20.677372,43.577702],[20.677402,43.577692],[20.677432,43.577685],[20.67746,43.577675],[20.67749,43.577667],[20.677522,43.577652],[20.67755,43.577645],[20.677575,43.577637],[20.677602,43.577622],[20.677632,43.577612],[20.677662,43.577603],[20.677692,43.577595],[20.677722,43.577585],[20.677752,43.577575],[20.67778,43.577567],[20.67781,43.577555],[20.677837,43.577542],[20.677862,43.577532],[20.67789,43.577522],[20.677917,43.57751],[20.677947,43.5775],[20.677982,43.57749],[20.678005,43.577477],[20.678037,43.577467],[20.678062,43.57745],[20.678087,43.57744],[20.678112,43.577432],[20.678145,43.577422],[20.678167,43.577412],[20.6782,43.577402],[20.678227,43.577397],[20.678255,43.577392],[20.678277,43.577382],[20.678307,43.577372],[20.678332,43.577365],[20.678362,43.57736],[20.678397,43.577357],[20.67843,43.57735],[20.678455,43.577342],[20.678487,43.577335],[20.678522,43.577322],[20.67855,43.577307],[20.67858,43.577302],[20.678607,43.577295],[20.678625,43.577282],[20.678647,43.57727],[20.67867,43.577252],[20.678692,43.577237],[20.678715,43.577217],[20.678737,43.5772],[20.678752,43.57718],[20.678772,43.577162],[20.678797,43.577142],[20.678822,43.577132],[20.678847,43.577115],[20.678875,43.577097],[20.678905,43.577083],[20.678932,43.577072],[20.678955,43.577062],[20.678982,43.577055],[20.679017,43.577042],[20.679052,43.577032],[20.67908,43.57702],[20.679112,43.577007],[20.679135,43.576995],[20.679167,43.576985],[20.67919,43.576967],[20.679212,43.57696],[20.679237,43.576945],[20.679257,43.576928],[20.679282,43.576917],[20.679305,43.576905],[20.679335,43.576887],[20.679365,43.57687],[20.67939,43.576852],[20.679412,43.576837],[20.679437,43.57682],[20.679462,43.576805],[20.679492,43.576797],[20.679512,43.576782],[20.67954,43.576765],[20.679557,43.57675],[20.67958,43.576732],[20.679605,43.57672],[20.679622,43.576703],[20.679652,43.57669],[20.679675,43.576677],[20.679693,43.576665],[20.679715,43.576652],[20.679737,43.576637],[20.679762,43.576622],[20.679787,43.576607],[20.679812,43.576597],[20.679842,43.576587],[20.679867,43.576575],[20.679887,43.576562],[20.679918,43.576548],[20.679947,43.576537],[20.679972,43.576527],[20.680005,43.57651],[20.680032,43.576497],[20.680057,43.576487],[20.680085,43.576478],[20.680112,43.576467],[20.680137,43.576457],[20.680162,43.576445],[20.68019,43.576432],[20.680215,43.576417],[20.680242,43.576402],[20.680267,43.576392],[20.680297,43.576382],[20.680327,43.576362],[20.680357,43.576352],[20.680382,43.576342],[20.680417,43.576322],[20.680447,43.576307],[20.680475,43.576295],[20.680497,43.57628],[20.680522,43.576262],[20.680542,43.576247],[20.680565,43.576232],[20.680587,43.576207],[20.680602,43.576192],[20.680617,43.576172],[20.680632,43.576147],[20.680642,43.576127],[20.680657,43.57611],[20.680675,43.576092],[20.680697,43.57607],[20.680722,43.576052],[20.680742,43.576037],[20.680767,43.576022],[20.680797,43.576007],[20.68082,43.575997],[20.680842,43.575987],[20.680868,43.575975],[20.680897,43.575962],[20.680922,43.57595],[20.680947,43.57594],[20.68098,43.575927],[20.68101,43.575912],[20.681035,43.575905],[20.681062,43.575887],[20.681087,43.575875],[20.681112,43.575865],[20.681137,43.575852],[20.681165,43.575842],[20.681192,43.575832],[20.681217,43.575822],[20.681245,43.575807],[20.681267,43.575792],[20.68129,43.575775],[20.681312,43.575762],[20.681337,43.575747],[20.681362,43.575732],[20.68139,43.575712],[20.681412,43.575697],[20.68143,43.575677],[20.681452,43.575657],[20.68147,43.575637],[20.681487,43.575617],[20.68151,43.575597],[20.68153,43.575575],[20.681547,43.57556],[20.68157,43.575542],[20.681587,43.575522],[20.681605,43.575502],[20.681617,43.575477],[20.681627,43.575455],[20.681637,43.575437],[20.681647,43.575412],[20.681663,43.57539],[20.681675,43.57537],[20.681687,43.575347],[20.681695,43.575322],[20.68171,43.575295],[20.681727,43.575267],[20.681737,43.575242],[20.681742,43.57522],[20.681752,43.575197],[20.681772,43.575165],[20.681777,43.575142],[20.681787,43.575117],[20.681792,43.575092],[20.681787,43.575062],[20.681787,43.575035],[20.681785,43.575007],[20.681777,43.574985],[20.681772,43.574958],[20.681755,43.574937],[20.681737,43.574917],[20.68173,43.574892],[20.681712,43.574872],[20.6817,43.574852],[20.681692,43.57483],[20.681687,43.5748],[20.681685,43.574775],[20.681682,43.574752],[20.681687,43.574727],[20.68168,43.5747],[20.681677,43.574677],[20.681677,43.574655],[20.68167,43.574632],[20.681677,43.574607],[20.681682,43.574585],[20.681675,43.574562],[20.68168,43.574537],[20.68168,43.574507],[20.681685,43.57448],[20.681677,43.574452],[20.681677,43.574427],[20.681672,43.5744],[20.681667,43.574372],[20.681667,43.574347],[20.681667,43.574325],[20.681662,43.5743],[20.681667,43.574272],[20.681675,43.574252],[20.681667,43.57423],[20.681657,43.574207],[20.681647,43.574182],[20.681652,43.574162],[20.68165,43.574132],[20.681637,43.574102],[20.681628,43.574077],[20.681612,43.574055],[20.681597,43.574037],[20.681582,43.57402],[20.681567,43.574002],[20.681545,43.573977],[20.681517,43.573952],[20.681497,43.573937],[20.681477,43.573917],[20.681455,43.573897],[20.68143,43.573882],[20.681405,43.573865],[20.681377,43.573857],[20.681352,43.573832],[20.681332,43.573807],[20.681307,43.573792],[20.681277,43.57378],[20.681252,43.573767],[20.681222,43.573752],[20.681195,43.573737],[20.68117,43.573727],[20.681142,43.573715],[20.68111,43.573702],[20.681072,43.573695],[20.681045,43.573682],[20.681012,43.573672],[20.680982,43.573662],[20.680955,43.573657],[20.680925,43.57365],[20.680895,43.57364],[20.680862,43.573632],[20.68083,43.573617],[20.680797,43.573602],[20.680772,43.57359],[20.680742,43.573582],[20.680712,43.57357],[20.680682,43.573557],[20.680652,43.573547],[20.680617,43.573535],[20.680587,43.573522],[20.680557,43.573515],[20.680517,43.573507],[20.680477,43.573505],[20.680442,43.573502],[20.680407,43.573502],[20.680372,43.573497],[20.680337,43.573492],[20.680295,43.573492],[20.680257,43.573492],[20.680222,43.573492],[20.68019,43.57349],[20.680152,43.57349],[20.680117,43.573487],[20.680087,43.573482],[20.680052,43.573477],[20.680017,43.573475],[20.67998,43.573472],[20.679947,43.573465],[20.679918,43.573455],[20.679882,43.573447],[20.679845,43.573445],[20.67981,43.573447],[20.679777,43.573442],[20.679752,43.573437],[20.679712,43.573432],[20.67968,43.573432],[20.679647,43.573432],[20.679612,43.57343],[20.679575,43.573425],[20.679542,43.573415],[20.679522,43.573397],[20.679503,43.573375],[20.679497,43.573352],[20.679487,43.573327],[20.679485,43.57331],[20.679482,43.573287],[20.679482,43.573257],[20.679492,43.573232],[20.679492,43.573205],[20.679492,43.573185],[20.6795,43.573162],[20.679502,43.573137],[20.679503,43.573112],[20.67951,43.573087],[20.67951,43.573057],[20.679512,43.573037],[20.679517,43.573015],[20.679522,43.572987],[20.679527,43.572962],[20.679532,43.572937],[20.679535,43.572917],[20.679542,43.572892],[20.679545,43.572865],[20.679542,43.572847],[20.67954,43.572822],[20.679532,43.572795],[20.67953,43.572763],[20.679512,43.57274],[20.6795,43.572717],[20.679482,43.572692],[20.679462,43.57267],[20.679437,43.572647],[20.679412,43.57263],[20.679382,43.572608],[20.67936,43.572595],[20.679332,43.572577],[20.6793,43.572567],[20.679275,43.572557],[20.679252,43.572547],[20.679222,43.57253],[20.679192,43.572522],[20.679157,43.572517],[20.679127,43.572517],[20.679102,43.572507],[20.67907,43.572502],[20.679035,43.572497],[20.679005,43.57249],[20.678977,43.572482],[20.678952,43.572477],[20.678915,43.572472],[20.678882,43.572467],[20.678847,43.572465],[20.678815,43.57246],[20.67879,43.572452],[20.678757,43.57245],[20.678725,43.572437],[20.678695,43.57243],[20.678657,43.572427],[20.678622,43.572417],[20.678592,43.572412],[20.67856,43.572402],[20.678518,43.572397],[20.678487,43.572395],[20.67846,43.57239],[20.678425,43.572382],[20.678392,43.572372],[20.678365,43.57236],[20.67834,43.572345],[20.678322,43.57233],[20.67831,43.572305],[20.678305,43.57228],[20.678312,43.57226],[20.678322,43.572237],[20.67834,43.572215],[20.678357,43.572197],[20.678382,43.572172],[20.678402,43.572152],[20.678432,43.572132],[20.678457,43.57211],[20.678487,43.572092],[20.678507,43.572077],[20.678532,43.572057],[20.678555,43.572032],[20.678572,43.572012],[20.678597,43.571992],[20.678622,43.571972],[20.678642,43.571947],[20.678662,43.571922],[20.678685,43.571897],[20.678705,43.571877],[20.678725,43.571857],[20.678745,43.571837],[20.678772,43.57182],[20.6788,43.571802],[20.678827,43.571785],[20.678857,43.57177],[20.678887,43.571757],[20.678917,43.571745],[20.678947,43.571727],[20.67898,43.57171],[20.679005,43.571697],[20.679032,43.571685],[20.679062,43.571665],[20.679092,43.571647],[20.679122,43.571627],[20.679152,43.571607],[20.679177,43.571592],[20.679197,43.571575],[20.679227,43.571557],[20.679252,43.571532],[20.679272,43.57151],[20.67929,43.571492],[20.679307,43.571472],[20.679322,43.571447],[20.679332,43.57142],[20.679347,43.571397],[20.679352,43.57138],[20.679355,43.571352],[20.679362,43.571322],[20.679367,43.571292],[20.679367,43.57127],[20.679362,43.57125],[20.679352,43.571222],[20.679342,43.571192],[20.679332,43.571162],[20.67932,43.571137],[20.67931,43.571117],[20.679292,43.571092],[20.679278,43.571072],[20.679267,43.571047],[20.679247,43.571025],[20.679237,43.571002],[20.679232,43.570982],[20.679222,43.57096],[20.679222,43.570937],[20.679222,43.570912],[20.679232,43.570887],[20.679242,43.570863],[20.679257,43.57084],[20.679272,43.570822],[20.679287,43.5708],[20.679297,43.570772],[20.679312,43.570747],[20.679332,43.570722],[20.679347,43.570697],[20.679362,43.570675],[20.679365,43.570655],[20.679375,43.570635],[20.679392,43.570617],[20.67941,43.570605],[20.67943,43.57058],[20.67945,43.570555],[20.679467,43.570532],[20.679485,43.57052],[20.679512,43.570497],[20.679537,43.57048],[20.679555,43.570467],[20.679577,43.570452],[20.679602,43.570432],[20.679627,43.570417],[20.67965,43.570407],[20.679675,43.57039],[20.679705,43.570372],[20.679732,43.570357],[20.679752,43.570347],[20.679772,43.570335],[20.679797,43.570322],[20.679822,43.570312],[20.679852,43.570297],[20.679877,43.570277],[20.679905,43.570265],[20.679937,43.57025],[20.67997,43.570237],[20.680002,43.570227],[20.680032,43.570217],[20.680062,43.57021],[20.680092,43.570197],[20.680115,43.570182],[20.680112,43.570165],[20.680097,43.570147],[20.680087,43.570132],[20.680082,43.570112],[20.680087,43.570092],[20.68009,43.570072],[20.680097,43.570052],[20.680092,43.57003],[20.680097,43.570007],[20.680097,43.569987],[20.680102,43.569967],[20.680112,43.569947],[20.680115,43.569927],[20.680112,43.569902],[20.680112,43.569878],[20.680108,43.56986],[20.680105,43.569837],[20.680105,43.56982],[20.680112,43.569797],[20.680117,43.569775],[20.680127,43.56975],[20.680137,43.569727],[20.68014,43.569707],[20.680147,43.569685],[20.680145,43.569662],[20.680137,43.569637],[20.680127,43.569612],[20.680105,43.56959],[20.680082,43.56957],[20.680065,43.56955],[20.680055,43.569527],[20.680047,43.569507],[20.680037,43.569477],[20.680025,43.569457],[20.680007,43.569435],[20.679997,43.569412],[20.679977,43.569392],[20.679962,43.569377],[20.679935,43.569355],[20.679917,43.56934],[20.679892,43.569322],[20.679865,43.569312],[20.679842,43.569302],[20.679817,43.569292],[20.679797,43.569272],[20.67978,43.569247],[20.679767,43.569232],[20.679747,43.569215],[20.679725,43.569202],[20.679705,43.56918],[20.679682,43.56916],[20.679662,43.569142],[20.67964,43.569127],[20.67962,43.569112],[20.679607,43.569097],[20.679585,43.569075],[20.679567,43.56906],[20.679547,43.569042],[20.679525,43.569025],[20.679502,43.569002],[20.679487,43.568982],[20.679467,43.568965],[20.679452,43.56895],[20.679437,43.568927],[20.67942,43.568915],[20.679405,43.5689],[20.67939,43.56888],[20.679375,43.568865],[20.679357,43.568852],[20.67934,43.568832],[20.679327,43.568812],[20.679307,43.568792],[20.679282,43.568775],[20.679267,43.568755],[20.679252,43.568737],[20.67925,43.568717],[20.679235,43.568702],[20.67922,43.568682],[20.679202,43.568662],[20.67919,43.568647],[20.679172,43.568627],[20.67916,43.568605],[20.679152,43.568587],[20.679137,43.568567],[20.679123,43.568545],[20.679107,43.568527],[20.679095,43.568505],[20.679095,43.568487],[20.679087,43.568467],[20.679082,43.568447],[20.679087,43.568427],[20.679082,43.568402],[20.679072,43.568385],[20.679077,43.568358],[20.679067,43.56834],[20.679067,43.56832],[20.679062,43.568302],[20.679045,43.568277],[20.679037,43.568257],[20.679035,43.568235],[20.67903,43.568212],[20.679027,43.568187],[20.679027,43.568167],[20.679022,43.568142],[20.679012,43.568122],[20.679002,43.568102],[20.678997,43.568082],[20.678987,43.568062],[20.678975,43.568037],[20.678967,43.568015],[20.678955,43.567992],[20.678942,43.567967],[20.67894,43.567942],[20.678942,43.56792],[20.678927,43.567902],[20.678922,43.567882],[20.678917,43.567862],[20.67889,43.567832],[20.678867,43.567807],[20.678835,43.567777],[20.678805,43.567747],[20.678777,43.567722],[20.67876,43.567702],[20.678742,43.56769],[20.678725,43.567672],[20.678707,43.567652],[20.678682,43.567642],[20.678652,43.567647],[20.678625,43.56765],[20.678597,43.567652],[20.67857,43.567655],[20.678545,43.567642],[20.678545,43.567622],[20.678547,43.567602],[20.67856,43.567587],[20.678577,43.56757],[20.678592,43.567547],[20.678595,43.567528],[20.67861,43.567515],[20.678622,43.567487],[20.678632,43.567467],[20.678647,43.567445],[20.678662,43.567422],[20.678677,43.567405],[20.67869,43.567382],[20.678697,43.567362],[20.678717,43.56734],[20.678735,43.567322],[20.678747,43.567303],[20.678732,43.567282],[20.678697,43.567272],[20.67867,43.56726],[20.678647,43.567247],[20.67863,43.567227],[20.67861,43.567207],[20.678605,43.567187],[20.678632,43.567167],[20.678635,43.567147],[20.678612,43.567137],[20.678585,43.567127],[20.67857,43.567112],[20.678572,43.567087],[20.6786,43.567075],[20.678635,43.567062],[20.678677,43.567045],[20.678717,43.567022],[20.678747,43.567005],[20.678765,43.56699],[20.678772,43.56697],[20.678787,43.566955],[20.678815,43.566952],[20.678817,43.566932],[20.678847,43.566917],[20.678857,43.566897],[20.678862,43.56688],[20.678867,43.566853],[20.678842,43.566827],[20.678815,43.566797],[20.678782,43.566762],[20.678747,43.566727],[20.67872,43.566705],[20.678702,43.566687],[20.678682,43.566672],[20.67868,43.566642],[20.678687,43.566615],[20.678692,43.566592],[20.678697,43.566572],[20.678708,43.566552],[20.678722,43.566537],[20.678737,43.566517],[20.67875,43.566502],[20.678762,43.566485],[20.678787,43.566467],[20.678797,43.566452],[20.678812,43.566432],[20.678827,43.566417],[20.678837,43.566397],[20.678852,43.566382],[20.678857,43.566362],[20.678862,43.566337],[20.67887,43.566317],[20.678882,43.566302],[20.678887,43.566282],[20.678885,43.566262],[20.678877,43.566242],[20.678887,43.566215],[20.678892,43.56619],[20.678895,43.566167],[20.678892,43.566142],[20.678902,43.566122],[20.678915,43.566102],[20.678925,43.566082],[20.67893,43.566062],[20.67895,43.566042],[20.678962,43.566027],[20.67897,43.566005],[20.67898,43.565985],[20.678987,43.565967],[20.678992,43.565947],[20.67901,43.56593],[20.679027,43.565915],[20.679052,43.565895],[20.679065,43.565877],[20.67908,43.565862],[20.679085,43.565842],[20.679095,43.565822],[20.679107,43.5658],[20.679123,43.565772],[20.679142,43.565747],[20.679155,43.565727],[20.679172,43.565712],[20.679197,43.565717],[20.679222,43.565712],[20.679252,43.565697],[20.679275,43.565685],[20.6793,43.565682],[20.679327,43.565672],[20.679365,43.565665],[20.679407,43.565652],[20.67943,43.565647],[20.679468,43.565635],[20.679495,43.565622],[20.679522,43.565615],[20.679552,43.56561],[20.67959,43.565607],[20.679625,43.565615],[20.679658,43.565627],[20.679687,43.565637],[20.67972,43.565652],[20.679745,43.565657],[20.67978,43.565662],[20.679817,43.565665],[20.679842,43.565665],[20.679867,43.565665],[20.679892,43.565672],[20.67993,43.565677],[20.679962,43.565687],[20.679995,43.565692],[20.68002,43.565697],[20.68006,43.5657],[20.680097,43.565697],[20.68013,43.565697],[20.680162,43.565707],[20.680182,43.565717]]}},{"type":"Feature","properties":{"timestamp":1740292243000,"name":"0"},"geometry":{"type":"Point","coordinates":[20.701587,43.612357]}},{"type":"Feature","properties":{"timestamp":1740292511000,"name":"1"},"geometry":{"type":"Point","coordinates":[20.701402,43.613397]}},{"type":"Feature","properties":{"timestamp":1740292715000,"name":"2"},"geometry":{"type":"Point","coordinates":[20.698802,43.612155]}},{"type":"Feature","properties":{"timestamp":1740292933000,"name":"3"},"geometry":{"type":"Point","coordinates":[20.696085,43.611437]}},{"type":"Feature","properties":{"timestamp":1740293157000,"name":"4"},"geometry":{"type":"Point","coordinates":[20.694517,43.610047]}},{"type":"Feature","properties":{"timestamp":1740293381000,"name":"5"},"geometry":{"type":"Point","coordinates":[20.694182,43.607947]}},{"type":"Feature","properties":{"timestamp":1740293624000,"name":"6"},"geometry":{"type":"Point","coordinates":[20.693735,43.605762]}},{"type":"Feature","properties":{"timestamp":1740293874000,"name":"7"},"geometry":{"type":"Point","coordinates":[20.691525,43.60454]}},{"type":"Feature","properties":{"timestamp":1740294141000,"name":"8"},"geometry":{"type":"Point","coordinates":[20.689155,43.60478]}},{"type":"Feature","properties":{"timestamp":1740294401000,"name":"9"},"geometry":{"type":"Point","coordinates":[20.687762,43.606172]}},{"type":"Feature","properties":{"timestamp":1740295436000,"name":"10"},"geometry":{"type":"Point","coordinates":[20.686467,43.605472]}},{"type":"Feature","properties":{"timestamp":1740295786000,"name":"11"},"geometry":{"type":"Point","coordinates":[20.686062,43.603447]}},{"type":"Feature","properties":{"timestamp":1740296231000,"name":"12"},"geometry":{"type":"Point","coordinates":[20.68478,43.601725]}},{"type":"Feature","properties":{"timestamp":1740296449000,"name":"13"},"geometry":{"type":"Point","coordinates":[20.682932,43.60006]}},{"type":"Feature","properties":{"timestamp":1740296715000,"name":"14"},"geometry":{"type":"Point","coordinates":[20.681467,43.598127]}},{"type":"Feature","properties":{"timestamp":1740297141000,"name":"15"},"geometry":{"type":"Point","coordinates":[20.679557,43.597367]}},{"type":"Feature","properties":{"timestamp":1740297447000,"name":"16"},"geometry":{"type":"Point","coordinates":[20.677425,43.597832]}},{"type":"Feature","properties":{"timestamp":1740297762000,"name":"17"},"geometry":{"type":"Point","coordinates":[20.674642,43.597287]}},{"type":"Feature","properties":{"timestamp":1740298397000,"name":"18"},"geometry":{"type":"Point","coordinates":[20.671822,43.597392]}},{"type":"Feature","properties":{"timestamp":1740298600000,"name":"19"},"geometry":{"type":"Point","coordinates":[20.668662,43.597647]}},{"type":"Feature","properties":{"timestamp":1740298811000,"name":"20"},"geometry":{"type":"Point","coordinates":[20.665572,43.597163]}},{"type":"Feature","properties":{"timestamp":1740299079000,"name":"21"},"geometry":{"type":"Point","coordinates":[20.663187,43.596305]}},{"type":"Feature","properties":{"timestamp":1740300176000,"name":"22"},"geometry":{"type":"Point","coordinates":[20.660545,43.597162]}},{"type":"Feature","properties":{"timestamp":1740300384000,"name":"23"},"geometry":{"type":"Point","coordinates":[20.657735,43.596742]}},{"type":"Feature","properties":{"timestamp":1740300600000,"name":"24"},"geometry":{"type":"Point","coordinates":[20.65503,43.596207]}},{"type":"Feature","properties":{"timestamp":1740300828000,"name":"25"},"geometry":{"type":"Point","coordinates":[20.651997,43.596387]}},{"type":"Feature","properties":{"timestamp":1740301036000,"name":"26"},"geometry":{"type":"Point","coordinates":[20.649295,43.596707]}},{"type":"Feature","properties":{"timestamp":1740301282000,"name":"27"},"geometry":{"type":"Point","coordinates":[20.646607,43.596555]}},{"type":"Feature","properties":{"timestamp":1740301518000,"name":"28"},"geometry":{"type":"Point","coordinates":[20.643667,43.596565]}},{"type":"Feature","properties":{"timestamp":1740302126000,"name":"29"},"geometry":{"type":"Point","coordinates":[20.640735,43.596265]}},{"type":"Feature","properties":{"timestamp":1740302412000,"name":"30"},"geometry":{"type":"Point","coordinates":[20.638435,43.597295]}},{"type":"Feature","properties":{"timestamp":1740302670000,"name":"31"},"geometry":{"type":"Point","coordinates":[20.636037,43.598117]}},{"type":"Feature","properties":{"timestamp":1740303272000,"name":"32"},"geometry":{"type":"Point","coordinates":[20.633952,43.599707]}},{"type":"Feature","properties":{"timestamp":1740303632000,"name":"33"},"geometry":{"type":"Point","coordinates":[20.631557,43.600995]}},{"type":"Feature","properties":{"timestamp":1740303858000,"name":"34"},"geometry":{"type":"Point","coordinates":[20.628405,43.601437]}},{"type":"Feature","properties":{"timestamp":1740304385000,"name":"35"},"geometry":{"type":"Point","coordinates":[20.626387,43.602947]}},{"type":"Feature","properties":{"timestamp":1740304836000,"name":"36"},"geometry":{"type":"Point","coordinates":[20.623802,43.604012]}},{"type":"Feature","properties":{"timestamp":1740305212000,"name":"37"},"geometry":{"type":"Point","coordinates":[20.620755,43.604642]}},{"type":"Feature","properties":{"timestamp":1740305434000,"name":"38"},"geometry":{"type":"Point","coordinates":[20.618123,43.605932]}},{"type":"Feature","properties":{"timestamp":1740305775000,"name":"39"},"geometry":{"type":"Point","coordinates":[20.615737,43.607287]}},{"type":"Feature","properties":{"timestamp":1740306063000,"name":"40"},"geometry":{"type":"Point","coordinates":[20.613152,43.60826]}},{"type":"Feature","properties":{"timestamp":1740307310000,"name":"41"},"geometry":{"type":"Point","coordinates":[20.61254,43.608517]}},{"type":"Feature","properties":{"timestamp":1740307527000,"name":"42"},"geometry":{"type":"Point","coordinates":[20.615482,43.607405]}},{"type":"Feature","properties":{"timestamp":1740307730000,"name":"43"},"geometry":{"type":"Point","coordinates":[20.618145,43.605935]}},{"type":"Feature","properties":{"timestamp":1740307935000,"name":"44"},"geometry":{"type":"Point","coordinates":[20.620895,43.604537]}},{"type":"Feature","properties":{"timestamp":1740308188000,"name":"45"},"geometry":{"type":"Point","coordinates":[20.62383,43.604017]}},{"type":"Feature","properties":{"timestamp":1740308441000,"name":"46"},"geometry":{"type":"Point","coordinates":[20.626362,43.603007]}},{"type":"Feature","properties":{"timestamp":1740308745000,"name":"47"},"geometry":{"type":"Point","coordinates":[20.62855,43.601642]}},{"type":"Feature","properties":{"timestamp":1740308962000,"name":"48"},"geometry":{"type":"Point","coordinates":[20.631752,43.600947]}},{"type":"Feature","properties":{"timestamp":1740309164000,"name":"49"},"geometry":{"type":"Point","coordinates":[20.634145,43.599512]}},{"type":"Feature","properties":{"timestamp":1740309369000,"name":"50"},"geometry":{"type":"Point","coordinates":[20.636565,43.597987]}},{"type":"Feature","properties":{"timestamp":1740309571000,"name":"51"},"geometry":{"type":"Point","coordinates":[20.638755,43.596762]}},{"type":"Feature","properties":{"timestamp":1740309836000,"name":"52"},"geometry":{"type":"Point","coordinates":[20.64187,43.59648]}},{"type":"Feature","properties":{"timestamp":1740310041000,"name":"53"},"geometry":{"type":"Point","coordinates":[20.645037,43.596717]}},{"type":"Feature","properties":{"timestamp":1740310256000,"name":"54"},"geometry":{"type":"Point","coordinates":[20.648112,43.597057]}},{"type":"Feature","properties":{"timestamp":1740310477000,"name":"55"},"geometry":{"type":"Point","coordinates":[20.651307,43.596197]}},{"type":"Feature","properties":{"timestamp":1740310681000,"name":"56"},"geometry":{"type":"Point","coordinates":[20.654877,43.596217]}},{"type":"Feature","properties":{"timestamp":1740310880000,"name":"57"},"geometry":{"type":"Point","coordinates":[20.658232,43.596747]}},{"type":"Feature","properties":{"timestamp":1740311461000,"name":"58"},"geometry":{"type":"Point","coordinates":[20.661575,43.596595]}},{"type":"Feature","properties":{"timestamp":1740311721000,"name":"59"},"geometry":{"type":"Point","coordinates":[20.663075,43.595057]}},{"type":"Feature","properties":{"timestamp":1740311956000,"name":"60"},"geometry":{"type":"Point","coordinates":[20.664267,43.593257]}},{"type":"Feature","properties":{"timestamp":1740312179000,"name":"61"},"geometry":{"type":"Point","coordinates":[20.663722,43.591022]}},{"type":"Feature","properties":{"timestamp":1740312432000,"name":"62"},"geometry":{"type":"Point","coordinates":[20.661897,43.589462]}},{"type":"Feature","properties":{"timestamp":1740312686000,"name":"63"},"geometry":{"type":"Point","coordinates":[20.661752,43.587697]}},{"type":"Feature","properties":{"timestamp":1740312932000,"name":"64"},"geometry":{"type":"Point","coordinates":[20.664402,43.5872]}},{"type":"Feature","properties":{"timestamp":1740313135000,"name":"65"},"geometry":{"type":"Point","coordinates":[20.663342,43.585265]}},{"type":"Feature","properties":{"timestamp":1740313336000,"name":"66"},"geometry":{"type":"Point","coordinates":[20.665942,43.583847]}},{"type":"Feature","properties":{"timestamp":1740313598000,"name":"67"},"geometry":{"type":"Point","coordinates":[20.667142,43.58223]}},{"type":"Feature","properties":{"timestamp":1740313865000,"name":"68"},"geometry":{"type":"Point","coordinates":[20.669502,43.580957]}},{"type":"Feature","properties":{"timestamp":1740314065000,"name":"69"},"geometry":{"type":"Point","coordinates":[20.67264,43.580327]}},{"type":"Feature","properties":{"timestamp":1740314282000,"name":"70"},"geometry":{"type":"Point","coordinates":[20.674547,43.578537]}},{"type":"Feature","properties":{"timestamp":1740314496000,"name":"71"},"geometry":{"type":"Point","coordinates":[20.677062,43.577807]}},{"type":"Feature","properties":{"timestamp":1740314698000,"name":"72"},"geometry":{"type":"Point","coordinates":[20.679737,43.576637]}},{"type":"Feature","properties":{"timestamp":1740314912000,"name":"73"},"geometry":{"type":"Point","coordinates":[20.681755,43.574937]}},{"type":"Feature","properties":{"timestamp":1740315113000,"name":"74"},"geometry":{"type":"Point","coordinates":[20.67968,43.573432]}},{"type":"Feature","properties":{"timestamp":1740315316000,"name":"75"},"geometry":{"type":"Point","coordinates":[20.678857,43.57177]}},{"type":"Feature","properties":{"timestamp":1740315523000,"name":"76"},"geometry":{"type":"Point","coordinates":[20.680105,43.56982]}},{"type":"Feature","properties":{"timestamp":1740315943000,"name":"77"},"geometry":{"type":"Point","coordinates":[20.67889,43.567832]}},{"type":"Feature","properties":{"timestamp":1740316381000,"name":"78"},"geometry":{"type":"Point","coordinates":[20.678987,43.565967]}}]}