{"type":"FeatureCollection",
 "properties":{},
 "features":
 [{"type":"Feature",
   "properties":{},
   "geometry":
   {"type":"LineString",
    "coordinates":
    [[22.302724400000002, 44.175674300000004],
     [22.302533, 44.175783900000006], [22.302439200000002, 44.1758497],
     [22.3022843, 44.175982700000006],
     [22.302190600000003, 44.1760894], [22.3018271, 44.1764548],
     [22.301633000000002, 44.1766601],
     [22.301585300000003, 44.1767121], [22.3015405, 44.1767808],
     [22.301518, 44.1768656], [22.3015119, 44.1769854],
     [22.3015119, 44.1770834], [22.3014875, 44.177258800000004],
     [22.3014467, 44.177397600000006],
     [22.3013958, 44.177461900000004],
     [22.3012021, 44.177719200000006], [22.301143, 44.177824400000006],
     [22.301118600000002, 44.177913600000004],
     [22.301139000000003, 44.178018800000004],
     [22.301185800000003, 44.1781437]]}},
  {"type":"Feature",
   "properties":{},
   "geometry":
   {"type":"LineString",
    "coordinates":
    [[22.301185800000003, 44.1781437],
     [22.301220500000003, 44.178305300000005]]}},
  {"type":"Feature",
   "properties":{},
   "geometry":
   {"type":"LineString",
    "coordinates":
    [[22.301220500000003, 44.178305300000005], [22.3012327, 44.178412],
     [22.3012286, 44.1786327], [22.3012164, 44.1787496],
     [22.3011553, 44.178945500000005],
     [22.301145100000003, 44.1790463],
     [22.3011553, 44.179141300000005],
     [22.301208600000002, 44.179216000000004]]}},
  {"type":"Feature",
   "properties":{},
   "geometry":
   {"type":"LineString",
    "coordinates":
    [[22.301208600000002, 44.179216000000004],
     [22.301149600000002, 44.1793409],
     [22.3011008, 44.179411300000005],
     [22.301059300000002, 44.179489800000006], [22.301027, 44.1795716],
     [22.3010145, 44.179656], [22.301012500000002, 44.1797551],
     [22.301020700000002, 44.1798397],
     [22.301037100000002, 44.179911100000005],
     [22.3010772, 44.179984000000005],
     [22.301140800000002, 44.1800665],
     [22.301192200000003, 44.1801254],
     [22.301214700000003, 44.1801983],
     [22.3012209, 44.180263800000006],
     [22.301208600000002, 44.1803256],
     [22.301152100000003, 44.1803985],
     [22.301061800000003, 44.180451500000004],
     [22.3009345, 44.180497900000006], [22.3008616, 44.1805104],
     [22.3007928, 44.180506], [22.3007221, 44.180488800000006],
     [22.300623400000003, 44.180445600000006],
     [22.3005549, 44.1804323], [22.3005074, 44.180431600000006],
     [22.3004274, 44.1804405], [22.300311400000002, 44.180464],
     [22.300249800000003, 44.1804927],
     [22.300136900000002, 44.180549400000004],
     [22.300082500000002, 44.180567100000005], [22.3000116, 44.180573],
     [22.2999593, 44.1805767], [22.29991, 44.180601700000004],
     [22.2998698, 44.180645500000004], [22.2998431, 44.180681]]}},
  {"type":"Feature",
   "properties":{},
   "geometry":
   {"type":"LineString",
    "coordinates":
    [[22.2998431, 44.180681], [22.2998611, 44.1807066],
     [22.2999495, 44.180916100000005],
     [22.2999827, 44.181064600000006]]}},
  {"type":"Feature",
   "properties":{},
   "geometry":
   {"type":"LineString",
    "coordinates":
    [[22.2999827, 44.181064600000006], [22.2998285, 44.1811269],
     [22.2997228, 44.1811531],
     [22.299597900000002, 44.181165500000006],
     [22.299469100000003, 44.1811917],
     [22.299294200000002, 44.1812716], [22.2992327, 44.1813075],
     [22.299180800000002, 44.181335000000004],
     [22.299127000000002, 44.181339200000004],
     [22.2990636, 44.181330900000006],
     [22.299007900000003, 44.181304700000005],
     [22.2989387, 44.1812234], [22.2988618, 44.181164100000004],
     [22.2987869, 44.1811297],
     [22.298719600000002, 44.181118700000006],
     [22.2982315, 44.1810911], [22.2979701, 44.181082800000006],
     [22.297872100000003, 44.1810911],
     [22.297751100000003, 44.181117300000004],
     [22.2976934, 44.1811517],
     [22.297663500000002, 44.181180100000006],
     [22.297517600000003, 44.181428800000006],
     [22.2971676, 44.1819037], [22.2971371, 44.181935900000006],
     [22.2970772, 44.1819829], [22.296997100000002, 44.1819975],
     [22.2969455, 44.1820175], [22.2968842, 44.182055000000005],
     [22.2968611, 44.182094], [22.2967505, 44.1822876],
     [22.296654500000002, 44.182444600000004],
     [22.2966121, 44.1825363], [22.2966029, 44.1825726],
     [22.296596700000002, 44.182602900000006],
     [22.2966029, 44.182673300000005]]}},
  {"type":"Feature",
   "properties":{},
   "geometry":
   {"type":"LineString",
    "coordinates":
    [[22.2966029, 44.182673300000005], [22.2963212, 44.1826882],
     [22.2960099, 44.182695100000004],
     [22.2953276, 44.182681300000006],
     [22.294954800000003, 44.182664800000005],
     [22.2947434, 44.1826427], [22.2945704, 44.1826055],
     [22.2944378, 44.1826014], [22.2942648, 44.182619300000006],
     [22.2937267, 44.1827571],
     [22.293551800000003, 44.182777800000004],
     [22.2933923, 44.182764000000006],
     [22.293269300000002, 44.182715800000004],
     [22.293169300000002, 44.182653800000004],
     [22.2930636, 44.1825394], [22.292911800000002, 44.1823574],
     [22.292817600000003, 44.1822899], [22.2927119, 44.1822541],
     [22.2922987, 44.182163100000004],
     [22.292171900000003, 44.182149300000006],
     [22.2920547, 44.182159000000006],
     [22.2919528, 44.182178300000004],
     [22.291849000000003, 44.1822224], [22.2917606, 44.1822803],
     [22.291633800000003, 44.182360200000005], [22.291505, 44.182447],
     [22.291418, 44.1825137], [22.2913071, 44.1825628],
     [22.290107000000003, 44.1828914], [22.2884265, 44.1835226],
     [22.2876751, 44.183804900000005], [22.2836487, 44.1854026],
     [22.278426300000003, 44.188054], [22.2779133, 44.1883799],
     [22.2775283, 44.1886245], [22.2769964, 44.189163],
     [22.276532900000003, 44.1897985],
     [22.276110300000003, 44.190121000000005],
     [22.275728500000003, 44.1903361], [22.275206, 44.190735800000006],
     [22.2750798, 44.190832300000004],
     [22.274828600000003, 44.1910244]]}},
  {"type":"Feature",
   "properties":{},
   "geometry":
   {"type":"LineString",
    "coordinates":
    [[22.274828600000003, 44.1910244],
     [22.274441600000003, 44.1913519],
     [22.2734118, 44.192220000000006]]}},
  {"type":"Feature",
   "properties":{},
   "geometry":
   {"type":"LineString",
    "coordinates":
    [[22.2734118, 44.192220000000006], [22.2733212, 44.1922216],
     [22.2732487, 44.1921966], [22.2731441, 44.1921168],
     [22.2729953, 44.1920341], [22.272657300000002, 44.1918821],
     [22.272226800000002, 44.1916725], [22.2717306, 44.191484],
     [22.271408700000002, 44.191320600000005],
     [22.2711553, 44.191159000000006],
     [22.270939300000002, 44.1910244], [22.270706, 44.190907100000004],
     [22.270561200000003, 44.1908436],
     [22.2703962, 44.190821500000006],
     [22.270221900000003, 44.1908186], [22.2699362, 44.1908484],
     [22.269684100000003, 44.1908571],
     [22.269273700000003, 44.190847500000004],
     [22.269031000000002, 44.1908253], [22.2688512, 44.1908186],
     [22.2687238, 44.190837800000004],
     [22.2685803, 44.190877300000004],
     [22.268442200000003, 44.1908523], [22.2683135, 44.1907821],
     [22.2680198, 44.1906696], [22.2677851, 44.1906109],
     [22.267617400000002, 44.1905792],
     [22.267314300000002, 44.190488800000004],
     [22.2667927, 44.1903455], [22.2663434, 44.1902224],
     [22.2659786, 44.190118600000005], [22.2656849, 44.1899955],
     [22.2655293, 44.1899407], [22.265367100000002, 44.1899311],
     [22.2651176, 44.1898926],
     [22.264920500000002, 44.189842600000006],
     [22.264695200000002, 44.1897791],
     [22.264441700000003, 44.1897147],
     [22.2642285, 44.189670500000005],
     [22.264152000000003, 44.1896378], [22.2640689, 44.1895733],
     [22.263855600000003, 44.1893916], [22.2636867, 44.1892348],
     [22.263574000000002, 44.189123300000006],
     [22.2634748, 44.1889915],
     [22.263391600000002, 44.188903100000005],
     [22.2632669, 44.188808800000004], [22.26311, 44.1887175],
     [22.2628418, 44.1886146],
     [22.262612400000002, 44.188500100000006],
     [22.262430000000002, 44.188440500000006],
     [22.2621591, 44.1883867], [22.2620009, 44.1883319],
     [22.2619915, 44.1883294]]}},
  {"type":"Feature",
   "properties":{},
   "geometry":
   {"type":"LineString",
    "coordinates":
    [[22.2619915, 44.1883294], [22.2618507, 44.1882924],
     [22.2617206, 44.188275100000006],
     [22.261498000000003, 44.188190500000005],
     [22.2613558, 44.188157800000006],
     [22.261168100000003, 44.1881155], [22.2609964, 44.188079],
     [22.260769800000002, 44.1880645],
     [22.260634300000003, 44.1880395], [22.2604425, 44.1879934],
     [22.260291000000002, 44.1879847], [22.2601032, 44.1879809],
     [22.259877900000003, 44.187977000000004], [22.259772, 44.1879549],
     [22.2596151, 44.1878943], [22.259424600000003, 44.1877645],
     [22.259258300000003, 44.1876472], [22.2591162, 44.1875991],
     [22.2588748, 44.187547200000004],
     [22.2585838, 44.187477900000005], [22.2583866, 44.1874279],
     [22.2582257, 44.1873385], [22.258113, 44.1872471],
     [22.2579843, 44.187181700000004], [22.2578314, 44.1871029],
     [22.2577205, 44.1868732], [22.2573228, 44.1867244],
     [22.257015000000003, 44.1866326],
     [22.2568905, 44.186645000000006],
     [22.256492700000003, 44.1867566],
     [22.256271400000003, 44.186831000000005],
     [22.2560362, 44.1869005], [22.2558633, 44.186920300000004],
     [22.2557595, 44.1869079], [22.255711100000003, 44.1868484],
     [22.2557353, 44.1866599],
     [22.255617800000003, 44.186548300000005],
     [22.255424100000003, 44.1864615],
     [22.255178500000003, 44.1864987], [22.2550056, 44.1865557],
     [22.254459200000003, 44.186394500000006],
     [22.254345, 44.186292900000005], [22.2538747, 44.1861714],
     [22.2536084, 44.186193700000004],
     [22.253169200000002, 44.1863326],
     [22.252315000000003, 44.186543300000004],
     [22.2514019, 44.186831000000005], [22.2508382, 44.1871063],
     [22.2500739, 44.187267500000004], [22.2483101, 44.1873493],
     [22.247919300000003, 44.1874188], [22.2470789, 44.1877684],
     [22.2467538, 44.1879445], [22.2465636, 44.188120600000005],
     [22.2463492, 44.1882272], [22.2460829, 44.1882594],
     [22.2457543, 44.188150300000004],
     [22.245342800000003, 44.1881156],
     [22.244405500000003, 44.1881776],
     [22.243935200000003, 44.1882892], [22.2438556, 44.1883239],
     [22.243402600000003, 44.1883884], [22.242621, 44.188341300000005],
     [22.2422094, 44.1883314], [22.2418221, 44.188279300000005],
     [22.241469300000002, 44.1882917], [22.2411338, 44.1881677],
     [22.2407742, 44.187991600000004],
     [22.240200100000003, 44.1877337], [22.2399671, 44.1875408],
     [22.239664, 44.1872898], [22.239518800000003, 44.1871956],
     [22.2392559, 44.1869773], [22.2384121, 44.186235800000006],
     [22.2382396, 44.186179100000004]]}},
  {"type":"Feature",
   "properties":{},
   "geometry":
   {"type":"LineString",
    "coordinates":
    [[22.2330513, 44.187286500000006],
     [22.2331414, 44.187307000000004],
     [22.233269500000002, 44.1873206], [22.233346, 44.187339400000006],
     [22.233421, 44.187361], [22.233839500000002, 44.187558200000005],
     [22.2339266, 44.1875932], [22.2340191, 44.187620300000006],
     [22.2341155, 44.187639000000004],
     [22.234214400000003, 44.1876491],
     [22.2343142, 44.187650500000004],
     [22.234391900000002, 44.1876454],
     [22.234468600000003, 44.187634900000006],
     [22.2345435, 44.1876193], [22.234616000000003, 44.1875985],
     [22.234641500000002, 44.187589900000006],
     [22.2347125, 44.187566800000006],
     [22.2347782, 44.187544700000004],
     [22.2348104, 44.187537000000006], [22.2348694, 44.1875274],
     [22.234911, 44.187516800000004], [22.2349673, 44.1875062],
     [22.2350223, 44.1875014], [22.2350907, 44.1874745],
     [22.2353093, 44.1873379], [22.2354193, 44.1872841],
     [22.2357505, 44.187057100000004], [22.2358538, 44.1869667],
     [22.2360067, 44.186784], [22.2363219, 44.186599400000006],
     [22.236677200000003, 44.186397400000004],
     [22.2370045, 44.1862907], [22.237465800000003, 44.1862099],
     [22.237668300000003, 44.1861772],
     [22.238149800000002, 44.1861753],
     [22.2382101, 44.186181000000005],
     [22.2382396, 44.186179100000004]]}},
  {"type":"Feature",
   "properties":{},
   "geometry":
   {"type":"LineString",
    "coordinates":
    [[22.2230804, 44.1865557], [22.2232443, 44.1865643],
     [22.2238103, 44.1865595], [22.2240329, 44.1865682],
     [22.224285000000002, 44.186595100000005],
     [22.224393600000003, 44.1866028],
     [22.224542500000002, 44.186595100000005],
     [22.224731600000002, 44.186573], [22.225011900000002, 44.1865413],
     [22.225218400000003, 44.1864855],
     [22.225286800000003, 44.1864672],
     [22.225332400000003, 44.1864586],
     [22.2253887, 44.186457600000004],
     [22.225442400000002, 44.1864653],
     [22.225497400000002, 44.1864749],
     [22.225567100000003, 44.1864864],
     [22.225733400000003, 44.186498900000004],
     [22.225840700000003, 44.186510500000004],
     [22.225974800000003, 44.186503800000004],
     [22.2261652, 44.1864739], [22.226534, 44.186418200000006],
     [22.2271067, 44.1863614],
     [22.227285100000003, 44.186351800000004],
     [22.227341600000003, 44.1863395],
     [22.227474400000002, 44.186280000000004],
     [22.227559000000003, 44.1862429],
     [22.227603300000002, 44.1862408],
     [22.227656800000002, 44.1862441], [22.2279167, 44.1862681],
     [22.228289500000002, 44.1863297], [22.2288153, 44.1863201],
     [22.229022200000003, 44.186315500000006],
     [22.229086600000002, 44.1863309],
     [22.229161700000002, 44.1863636],
     [22.229279700000003, 44.1864501],
     [22.229451400000002, 44.186632800000005],
     [22.2297142, 44.1869444],
     [22.229784000000002, 44.186998300000006],
     [22.229859100000002, 44.1870406],
     [22.2300039, 44.187092500000006],
     [22.230264100000003, 44.187175200000006],
     [22.230562300000003, 44.1872745], [22.2307652, 44.1873456],
     [22.2309647, 44.187393], [22.231038, 44.187393400000005],
     [22.231102, 44.1873871], [22.231442100000002, 44.187303500000006],
     [22.231545500000003, 44.1872812],
     [22.2316073, 44.187274800000004], [22.2318706, 44.1872909],
     [22.231930000000002, 44.1872922],
     [22.231993600000003, 44.1872849],
     [22.232063500000002, 44.187271100000004],
     [22.2321557, 44.187232800000004],
     [22.232216400000002, 44.1872121],
     [22.232298500000002, 44.1871899], [22.232406, 44.1871656],
     [22.2325832, 44.1871525], [22.2326377, 44.1871579],
     [22.232761200000002, 44.187194600000005],
     [22.2330513, 44.187286500000006]]}},
  {"type":"Feature",
   "properties":{},
   "geometry":
   {"type":"LineString",
    "coordinates":
    [[22.210525800000003, 44.194324900000005], [22.210556, 44.1942557],
     [22.2106593, 44.194194100000004],
     [22.2107344, 44.194159500000005],
     [22.2109436, 44.194099900000005],
     [22.211464000000003, 44.1939306], [22.2115954, 44.1938691],
     [22.211708100000003, 44.193822000000004],
     [22.2118073, 44.1937451], [22.211870400000002, 44.1936662],
     [22.2119092, 44.193592200000005],
     [22.211926700000003, 44.193516200000005],
     [22.2118931, 44.193311400000006],
     [22.211906600000002, 44.193228700000006],
     [22.211952200000002, 44.1931595], [22.2120031, 44.1930883],
     [22.212118500000003, 44.1930076], [22.2122204, 44.1929383],
     [22.212282100000003, 44.1928825], [22.2122928, 44.1928229],
     [22.212268700000003, 44.1927749], [22.2121587, 44.1926191],
     [22.212177500000003, 44.192553700000005],
     [22.212209700000002, 44.1925152],
     [22.2122552, 44.192484500000006],
     [22.2123303, 44.192469100000004], [22.2124296, 44.1924633],
     [22.2125449, 44.1924768], [22.2127112, 44.192507500000005],
     [22.2129473, 44.1925614], [22.2131538, 44.192571],
     [22.2135454, 44.192551800000004],
     [22.2138029, 44.192517200000005],
     [22.2141194, 44.192472900000006],
     [22.214250800000002, 44.1924883],
     [22.214688000000002, 44.1925825], [22.214924, 44.192636400000005],
     [22.215063500000003, 44.192661400000006],
     [22.2151494, 44.1926672], [22.2153612, 44.192672900000005],
     [22.215492700000002, 44.1926422], [22.2156187, 44.1926037],
     [22.215667, 44.1925748], [22.215691200000002, 44.1925383],
     [22.215659000000002, 44.192494100000005],
     [22.2155919, 44.192461400000006],
     [22.215503400000003, 44.192438300000006],
     [22.215428300000003, 44.1924191],
     [22.215262000000003, 44.192365200000005],
     [22.215130600000002, 44.1923133],
     [22.215034000000003, 44.192213300000006],
     [22.214714800000003, 44.191974800000004],
     [22.214334, 44.191659400000006], [22.214323200000003, 44.1916267],
     [22.214309800000002, 44.1915825],
     [22.2143045, 44.191540200000006], [22.2143286, 44.191521],
     [22.214411700000003, 44.1914998], [22.2144815, 44.1914825],
     [22.214610200000003, 44.1914421],
     [22.215296900000002, 44.191432500000005],
     [22.215479300000002, 44.1914171], [22.215557, 44.1913883],
     [22.2159647, 44.191230600000004], [22.2165763, 44.1907824],
     [22.2168472, 44.1906344], [22.21722, 44.1904824],
     [22.217308300000003, 44.1904617],
     [22.2173924, 44.190433500000005], [22.2174713, 44.1903984],
     [22.2175438, 44.1903568], [22.217608900000002, 44.1903093],
     [22.2176669, 44.190255300000004],
     [22.217715300000002, 44.1901967],
     [22.217753400000003, 44.1901342], [22.2177806, 44.1900689],
     [22.2178074, 44.1898574], [22.2178051, 44.1897241],
     [22.217806900000003, 44.1896385],
     [22.217820800000002, 44.1895535],
     [22.217847000000003, 44.189469300000006],
     [22.2178851, 44.1893874],
     [22.217934600000003, 44.189308800000006],
     [22.2179952, 44.1892342], [22.218412800000003, 44.1887295],
     [22.218730100000002, 44.188429500000005],
     [22.2192949, 44.1881071], [22.2194831, 44.1879596],
     [22.2197481, 44.1877221], [22.220006100000003, 44.1876146],
     [22.220490700000003, 44.1874671],
     [22.2207626, 44.187329600000005],
     [22.2210554, 44.187102100000004],
     [22.221205400000002, 44.1870296],
     [22.221459900000003, 44.1869821], [22.2215889, 44.1869396],
     [22.221819, 44.186812100000004], [22.222063000000002, 44.1866246],
     [22.222310500000003, 44.1865296], [22.2226801, 44.1865046],
     [22.2230804, 44.1865557]]}},
  {"type":"Feature",
   "properties":{},
   "geometry":
   {"type":"LineString",
    "coordinates":
    [[22.1999514, 44.196609800000004], [22.2003282, 44.1967233],
     [22.2006957, 44.1968444], [22.2009519, 44.1969464],
     [22.2011691, 44.1970454], [22.2012912, 44.1971185],
     [22.20144, 44.197229], [22.2015889, 44.1973338],
     [22.2017381, 44.197403], [22.201906, 44.1974656],
     [22.2020741, 44.1975155], [22.2021625, 44.197563200000005],
     [22.2022267, 44.1976061], [22.202249000000002, 44.1976108],
     [22.2023262, 44.197627100000005], [22.2024951, 44.1976925],
     [22.203302500000003, 44.1979309], [22.2034768, 44.1979841],
     [22.2036546, 44.198031], [22.2038353, 44.1980717],
     [22.2040186, 44.1981059], [22.2041757, 44.198129900000005],
     [22.2043341, 44.1981491], [22.2044143, 44.198152900000004],
     [22.2044934, 44.1981636], [22.2045719, 44.198181600000005],
     [22.2046466, 44.198206500000005], [22.2047165, 44.1982378],
     [22.2047804, 44.198275100000004], [22.2050701, 44.1984982],
     [22.2051233, 44.198548200000005],
     [22.2051827, 44.198594400000005], [22.2052258, 44.198632],
     [22.205336600000003, 44.198682700000006],
     [22.205422300000002, 44.198717800000004],
     [22.205512600000002, 44.1987463],
     [22.205982000000002, 44.1988232],
     [22.206203900000002, 44.1989284],
     [22.206358400000003, 44.199024200000004], [22.2065957, 44.199071],
     [22.2069309, 44.199088200000006],
     [22.207122400000003, 44.1991426], [22.2071921, 44.1991445],
     [22.2072511, 44.199108], [22.2072672, 44.1990734],
     [22.207259200000003, 44.1990253],
     [22.207256100000002, 44.1989809], [22.2072319, 44.1989213],
     [22.207191700000003, 44.198867400000005],
     [22.207105900000002, 44.1988155], [22.2070639, 44.1988034],
     [22.2070259, 44.198785900000004],
     [22.206993200000003, 44.1987636], [22.2069666, 44.1987369],
     [22.206947600000003, 44.198707000000006],
     [22.206936900000002, 44.1986751],
     [22.206931500000003, 44.198582800000004], [22.207197, 44.1983559],
     [22.2074217, 44.198109800000005], [22.2074599, 44.1980482],
     [22.207586000000003, 44.197932900000005],
     [22.208110100000003, 44.197417200000004],
     [22.2081814, 44.1973537], [22.2082404, 44.1973348],
     [22.208304700000003, 44.1973211],
     [22.208415900000002, 44.1973319],
     [22.2085465, 44.197343200000006], [22.2086477, 44.1973536],
     [22.2087067, 44.197338300000006], [22.2088006, 44.1972979],
     [22.208837600000003, 44.1972309], [22.2088468, 44.1971511],
     [22.2088757, 44.1970414], [22.208929, 44.1969578],
     [22.2090102, 44.1968541], [22.2091648, 44.196649400000005],
     [22.2092725, 44.196477400000006], [22.2092992, 44.1964162],
     [22.2093184, 44.1963729], [22.209324300000002, 44.1963219],
     [22.2093206, 44.1962564], [22.209308200000002, 44.1961877],
     [22.209293300000002, 44.1961268],
     [22.209272600000002, 44.196032900000006],
     [22.2092701, 44.1959536], [22.2092858, 44.1958782],
     [22.209294500000002, 44.1957906], [22.209316, 44.195687500000005],
     [22.209349200000002, 44.195586000000006],
     [22.209394, 44.195486800000005], [22.2094199, 44.195438100000004],
     [22.2094501, 44.1953906], [22.209508800000002, 44.1953157],
     [22.209578200000003, 44.1952456],
     [22.2096574, 44.195181000000005],
     [22.2097455, 44.195122700000006],
     [22.209841700000002, 44.1950714], [22.2104211, 44.1947137],
     [22.210533700000003, 44.1946329], [22.2106061, 44.1945406],
     [22.2106195, 44.194492600000004], [22.2106195, 44.1944426],
     [22.210579300000003, 44.194386800000004],
     [22.210525800000003, 44.194324900000005]]}},
  {"type":"Feature",
   "properties":{},
   "geometry":
   {"type":"LineString",
    "coordinates":
    [[22.1805835, 44.1843298], [22.180738100000003, 44.1843925],
     [22.18083, 44.1844308], [22.180877600000002, 44.1844538],
     [22.1809601, 44.1845091], [22.1810426, 44.1845708],
     [22.1811952, 44.184687800000006],
     [22.181418100000002, 44.184879200000005],
     [22.181490800000002, 44.1849336], [22.1815627, 44.1849696],
     [22.181667700000002, 44.1850098],
     [22.182289400000002, 44.1852132],
     [22.1826364, 44.185326800000006], [22.1827729, 44.1853865],
     [22.1828989, 44.1854692], [22.182942, 44.1855065],
     [22.1829807, 44.1855568], [22.1830119, 44.185606400000005],
     [22.1830445, 44.185694700000006], [22.183076, 44.1857504],
     [22.1831725, 44.1858462], [22.1833357, 44.185994300000004],
     [22.1835796, 44.1862298], [22.1837547, 44.186387],
     [22.183875500000003, 44.186474700000005],
     [22.1839489, 44.1865207], [22.1841867, 44.1866241],
     [22.1844174, 44.1867055],
     [22.184599600000002, 44.186785400000005],
     [22.1847593, 44.186876700000006],
     [22.184981500000003, 44.187034100000005],
     [22.185190000000002, 44.187186000000004],
     [22.1852407, 44.1872229],
     [22.185397700000003, 44.187317500000006],
     [22.185601600000002, 44.1873992],
     [22.185967700000003, 44.187543500000004],
     [22.186260100000002, 44.187651200000005],
     [22.186537700000002, 44.187719400000006],
     [22.1867898, 44.1877877],
     [22.187086200000003, 44.187881000000004],
     [22.1874711, 44.188007000000006], [22.1877701, 44.1880983],
     [22.1879311, 44.188129100000005], [22.1882293, 44.1881642],
     [22.1886657, 44.188217900000005],
     [22.1888833, 44.188259900000006], [22.1890402, 44.1882974],
     [22.1892159, 44.188358300000004],
     [22.189427300000002, 44.188459800000004],
     [22.1896419, 44.1885868], [22.1898008, 44.188706],
     [22.190049400000003, 44.1889009],
     [22.1902398, 44.189067300000005], [22.1903627, 44.1892105],
     [22.1904527, 44.1893698], [22.190525, 44.1895625],
     [22.1906296, 44.1899433],
     [22.190699300000002, 44.190312600000006],
     [22.1907676, 44.1906052], [22.1908378, 44.190748500000005],
     [22.190922200000003, 44.1908514], [22.1910081, 44.1909129],
     [22.191146200000002, 44.1909793],
     [22.191328600000002, 44.191059100000004],
     [22.1914909, 44.1911476], [22.191692, 44.1912687],
     [22.191859700000002, 44.191394700000004],
     [22.1919925, 44.1915053],
     [22.192162800000002, 44.191679300000004],
     [22.1923806, 44.1919301], [22.192602700000002, 44.1922305],
     [22.192758400000002, 44.1924086], [22.1929096, 44.1925241],
     [22.1930611, 44.1926317],
     [22.193268500000002, 44.192755000000005],
     [22.193471000000002, 44.192870400000004],
     [22.193852200000002, 44.1930853], [22.1939242, 44.1931359],
     [22.1941083, 44.1932587], [22.194255400000003, 44.1933705],
     [22.194348, 44.193470500000004], [22.194404000000002, 44.1935944],
     [22.1944711, 44.193721200000006], [22.1946076, 44.1938837],
     [22.1948487, 44.19415], [22.1949925, 44.194323100000005],
     [22.1950559, 44.19446], [22.1951384, 44.194645],
     [22.195228500000002, 44.194746200000004], [22.1953861, 44.194854],
     [22.195578100000002, 44.194931000000004],
     [22.1958436, 44.195050200000004], [22.196051500000003, 44.195152],
     [22.1961847, 44.1952395],
     [22.196328400000002, 44.195348100000004],
     [22.196492300000003, 44.1954428],
     [22.1966939, 44.195569500000005],
     [22.1968789, 44.195677200000006],
     [22.1970412, 44.195741600000005],
     [22.1971834, 44.195776200000005],
     [22.1973081, 44.195799300000004],
     [22.1974395, 44.195806000000005],
     [22.1975817, 44.195810800000004],
     [22.197668800000002, 44.195829100000005],
     [22.197789500000003, 44.195879100000006],
     [22.1979143, 44.1959473], [22.198092600000003, 44.1960762],
     [22.1982536, 44.1961656], [22.1984239, 44.196229100000004],
     [22.198665300000002, 44.196290600000005], [22.199199, 44.19643],
     [22.1997341, 44.196561800000005],
     [22.1999514, 44.196609800000004]]}},
  {"type":"Feature",
   "properties":{},
   "geometry":
   {"type":"LineString",
    "coordinates":
    [[22.180149, 44.1840382], [22.1802406, 44.184120500000006],
     [22.1803215, 44.1841901], [22.180406, 44.184252900000004],
     [22.1804746, 44.1842902], [22.1805293, 44.1843164],
     [22.1805835, 44.1843298]]}},
  {"type":"Feature",
   "properties":{},
   "geometry":
   {"type":"LineString",
    "coordinates":
    [[22.177818900000002, 44.179701800000004],
     [22.1776993, 44.179860500000004],
     [22.177656600000002, 44.1799192], [22.177605800000002, 44.179996],
     [22.177576100000003, 44.180071700000006],
     [22.1775589, 44.180133500000004], [22.1775509, 44.1801893],
     [22.1775589, 44.180243100000006], [22.177575, 44.1803201],
     [22.177667200000002, 44.1804885],
     [22.178003200000003, 44.1811554],
     [22.178174900000002, 44.181442000000004],
     [22.178335800000003, 44.1817094],
     [22.178582600000002, 44.1820749],
     [22.178869600000002, 44.182419200000005],
     [22.1793073, 44.1829064], [22.1795721, 44.183238100000004],
     [22.179645400000002, 44.183348300000006],
     [22.1798873, 44.183768900000004],
     [22.1799249, 44.183816900000004],
     [22.179962500000002, 44.183857200000006],
     [22.180027000000003, 44.1839226], [22.180149, 44.1840382]]}},
  {"type":"Feature",
   "properties":{},
   "geometry":
   {"type":"LineString",
    "coordinates":
    [[22.177818900000002, 44.179701800000004],
     [22.1776105, 44.1796197], [22.177456300000003, 44.1795995],
     [22.1773518, 44.1795801], [22.1772454, 44.1795671],
     [22.1771378, 44.179560800000004], [22.1770298, 44.179561],
     [22.1769326, 44.179567000000006],
     [22.1768284, 44.179595600000006],
     [22.176728200000003, 44.1796123], [22.1766356, 44.1796341],
     [22.1763651, 44.1797118], [22.1758792, 44.179851500000005],
     [22.175106900000003, 44.1800748],
     [22.1748242, 44.180176800000005], [22.1747845, 44.1801881],
     [22.1747228, 44.180193800000005],
     [22.174645100000003, 44.180193800000005],
     [22.1745002, 44.1801534], [22.174371500000003, 44.1801419],
     [22.174283000000003, 44.180165], [22.1742338, 44.1801899],
     [22.174189100000003, 44.180218800000006],
     [22.1741408, 44.180259500000005],
     [22.174101200000003, 44.1803047],
     [22.174071100000003, 44.1803535],
     [22.173689200000002, 44.1808519], [22.1736195, 44.1809616],
     [22.1736061, 44.1810443],
     [22.173579200000002, 44.181271300000006],
     [22.1735751, 44.1813426], [22.1735617, 44.1814133],
     [22.173539, 44.181482900000006], [22.1735127, 44.1815404],
     [22.17348, 44.1815963], [22.173439600000002, 44.181650700000006],
     [22.1733923, 44.181702200000004], [22.1733386, 44.1817502],
     [22.173278800000002, 44.1817945],
     [22.173066900000002, 44.1819733], [22.172847, 44.1822965],
     [22.1726794, 44.182459], [22.1726247, 44.182523800000006],
     [22.1725734, 44.1825975], [22.1725171, 44.1826658],
     [22.1724634, 44.1827254], [22.1723991, 44.1827697],
     [22.1723548, 44.1828014], [22.1722636, 44.182844700000004],
     [22.1721122, 44.1828966], [22.1719808, 44.182924400000005],
     [22.1718693, 44.1829337], [22.1717638, 44.1829364],
     [22.171655, 44.1829447], [22.171593700000003, 44.1829655],
     [22.1715307, 44.182989600000006], [22.1714562, 44.1830325],
     [22.1713866, 44.1830756], [22.1712689, 44.183120100000004],
     [22.171104800000002, 44.1831734], [22.1709573, 44.1832003],
     [22.1706891, 44.1832581], [22.1705845, 44.183285000000005],
     [22.1704209, 44.1833484], [22.1702626, 44.1833965],
     [22.1701191, 44.183435], [22.1700401, 44.1834628],
     [22.1699796, 44.1834889], [22.1698416, 44.1835523],
     [22.169471400000003, 44.18366], [22.1693615, 44.1837024],
     [22.169289000000003, 44.1837466],
     [22.169047600000003, 44.1838254],
     [22.168861200000002, 44.1838665], [22.168433, 44.183944800000006],
     [22.1680257, 44.1839753], [22.1675107, 44.184075500000006],
     [22.1671486, 44.1841543], [22.1667194, 44.184215900000005],
     [22.1660113, 44.1842909], [22.165617, 44.184367800000004],
     [22.1654507, 44.184379400000005],
     [22.165311300000003, 44.184381300000005], [22.1651825, 44.184389],
     [22.165115500000002, 44.184404400000005],
     [22.165005500000003, 44.184460200000004],
     [22.164748000000003, 44.184539], [22.164619300000002, 44.1845736],
     [22.1645173, 44.184579400000004],
     [22.164235700000003, 44.1845948],
     [22.1639729, 44.184581300000005],
     [22.163645600000002, 44.1845833], [22.1631199, 44.1845506],
     [22.1629456, 44.184567900000005], [22.1625915, 44.1846198],
     [22.1623546, 44.184642600000004],
     [22.162252900000002, 44.184677900000004],
     [22.162185800000003, 44.184697], [22.1621166, 44.184724100000004],
     [22.162052600000003, 44.1847573],
     [22.1619949, 44.184795900000005], [22.1619445, 44.1848394],
     [22.161633300000002, 44.185000900000006],
     [22.161375800000002, 44.1851221],
     [22.161327500000002, 44.185164400000005],
     [22.161151200000003, 44.185275700000005],
     [22.160759900000002, 44.185534700000005],
     [22.1603473, 44.1857835], [22.1599818, 44.186040600000005],
     [22.159839700000003, 44.1861484]]}},
  {"type":"Feature",
   "properties":{},
   "geometry":
   {"type":"LineString",
    "coordinates":
    [[22.159839700000003, 44.1861484], [22.1597726, 44.1862599],
     [22.1596787, 44.1864426], [22.1596143, 44.1865426],
     [22.159488300000003, 44.1866427],
     [22.159296100000002, 44.186763500000005],
     [22.159215900000003, 44.1868129],
     [22.1591223, 44.186854700000005], [22.1590212, 44.1868792],
     [22.1588606, 44.186900900000005],
     [22.158729100000002, 44.186912500000005],
     [22.158549400000002, 44.1868655],
     [22.158355500000003, 44.1868275],
     [22.1580444, 44.186761100000005], [22.1576643, 44.1867509],
     [22.1572666, 44.186689], [22.1570439, 44.1866429],
     [22.1569232, 44.1866275], [22.156749700000002, 44.1866355],
     [22.155743700000002, 44.186517800000004],
     [22.155451300000003, 44.186498], [22.1550195, 44.1864519],
     [22.154772700000002, 44.1863807],
     [22.1545849, 44.186330700000006], [22.1540217, 44.1861807],
     [22.153611, 44.186039400000006], [22.1533535, 44.185922000000005],
     [22.1531255, 44.185849000000005], [22.1528652, 44.1857898],
     [22.1526481, 44.185717800000006], [22.1524807, 44.1856151],
     [22.152381000000002, 44.1855496]]}},
  {"type":"Feature",
   "properties":{},
   "geometry":
   {"type":"LineString",
    "coordinates":
    [[22.140364400000003, 44.1828008],
     [22.140607000000003, 44.1827946], [22.1408588, 44.1826719],
     [22.141067900000003, 44.1824504],
     [22.141234200000003, 44.182109600000004],
     [22.141885300000002, 44.1816291], [22.1421609, 44.1815507],
     [22.142446, 44.181564400000006], [22.1425173, 44.1816462],
     [22.142346200000002, 44.181806300000005],
     [22.142270200000002, 44.182048300000005],
     [22.142270200000002, 44.182341300000004],
     [22.142360500000002, 44.1825254],
     [22.142522000000003, 44.182627600000004],
     [22.1429164, 44.182736600000005], [22.143030500000002, 44.182706],
     [22.143059, 44.1826242], [22.1429307, 44.182392500000006],
     [22.1429687, 44.182300500000004],
     [22.1432253, 44.182167500000006],
     [22.1433204, 44.182031200000004], [22.1434344, 44.1819733],
     [22.143515200000003, 44.181980100000004],
     [22.1435865, 44.1820789], [22.143543700000002, 44.1822357],
     [22.1436578, 44.1823959], [22.143966600000002, 44.1824674],
     [22.1448743, 44.1827332], [22.145796100000002, 44.1829581],
     [22.1463474, 44.183050200000004], [22.1469509, 44.1832955],
     [22.147694700000002, 44.1834251], [22.1479226, 44.1834387],
     [22.148438300000002, 44.1835153], [22.1486665, 44.1835618],
     [22.1488564, 44.1836363], [22.149197, 44.1837809],
     [22.1493021, 44.1838849], [22.1493776, 44.1839649],
     [22.1494468, 44.1841469], [22.1495035, 44.184346600000005],
     [22.1497125, 44.184713300000006],
     [22.1498646, 44.184924200000005],
     [22.1499667, 44.185242800000005],
     [22.1500428, 44.185311000000006], [22.1501616, 44.1853246],
     [22.1504388, 44.1852822], [22.1507998, 44.185292800000006],
     [22.1513452, 44.185287900000006], [22.1514516, 44.1853083],
     [22.1515153, 44.1853518], [22.1516211, 44.185421000000005],
     [22.151772, 44.1854444], [22.151947200000002, 44.1854591],
     [22.1521544, 44.1854978], [22.152381000000002, 44.1855496]]}},
  {"type":"Feature",
   "properties":{},
   "geometry":
   {"type":"LineString",
    "coordinates":
    [[22.1192485, 44.1782115], [22.1203071, 44.178401900000004],
     [22.120478300000002, 44.178406200000005],
     [22.120967800000003, 44.178279100000005],
     [22.1212537, 44.1781456], [22.1214535, 44.178122800000004],
     [22.121680400000002, 44.1780674], [22.1219936, 44.1780805],
     [22.1224022, 44.1781358], [22.122942400000003, 44.1781553],
     [22.1235007, 44.1782953], [22.1242951, 44.178591600000004],
     [22.1247036, 44.1788357], [22.1249578, 44.1790669],
     [22.1252983, 44.179538900000004],
     [22.1254481, 44.179740800000005],
     [22.125602400000002, 44.179844900000006],
     [22.1259383, 44.1799491], [22.1260881, 44.1800663],
     [22.1263605, 44.180203000000006], [22.1266056, 44.1804797],
     [22.12676, 44.1806132], [22.1268825, 44.1807825],
     [22.1270369, 44.1808769], [22.1273047, 44.180919200000005],
     [22.1278812, 44.1809518], [22.128248900000003, 44.1809941],
     [22.1288889, 44.180938700000006], [22.1292884, 44.180968],
     [22.1296867, 44.1809759], [22.129783200000002, 44.1809778],
     [22.129933, 44.1810169], [22.1302008, 44.1811731],
     [22.1307909, 44.1813717],
     [22.131140400000003, 44.181443300000005],
     [22.1315172, 44.1815768], [22.131739600000003, 44.1816126],
     [22.132012000000003, 44.1817689],
     [22.132429600000002, 44.181957700000005], [22.1327904, 44.182032],
     [22.1327928, 44.182032500000005], [22.1331877, 44.1821367],
     [22.133537200000003, 44.1821204], [22.1338595, 44.1821302],
     [22.134027500000002, 44.1821823],
     [22.134195400000003, 44.1823288], [22.134318, 44.1823743],
     [22.1347992, 44.1823874], [22.134958, 44.182416700000005],
     [22.1352531, 44.182556600000005],
     [22.1355028, 44.182621700000006],
     [22.136737500000002, 44.183263000000004],
     [22.1369463, 44.183337900000005], [22.137182300000003, 44.183377],
     [22.1379132, 44.1834258], [22.1383081, 44.1835007],
     [22.1386848, 44.183595100000005],
     [22.138861900000002, 44.1836244], [22.1390117, 44.1836178],
     [22.139256800000002, 44.183559300000006],
     [22.1395337, 44.1834551], [22.139710700000002, 44.1833412],
     [22.139856, 44.1831523], [22.1400285, 44.1830579],
     [22.140226700000003, 44.1828274],
     [22.140364400000003, 44.1828008]]}},
  {"type":"Feature",
   "properties":{},
   "geometry":
   {"type":"LineString",
    "coordinates":
    [[22.1192485, 44.1782115], [22.1190126, 44.178371500000004],
     [22.118917900000003, 44.178445200000006],
     [22.1188149, 44.1784746], [22.118653400000003, 44.1784468],
     [22.1184377, 44.1783792], [22.118288, 44.1783044],
     [22.118139300000003, 44.1782209], [22.1180036, 44.1781495],
     [22.1177907, 44.178083300000004],
     [22.117676000000003, 44.178042600000005],
     [22.117364000000002, 44.1779559], [22.117023, 44.1778837],
     [22.1166579, 44.1777699], [22.1162843, 44.177645000000005],
     [22.116047700000003, 44.1775773],
     [22.1158383, 44.177499600000004],
     [22.1154793, 44.177278300000005],
     [22.115114600000002, 44.1770244], [22.1148095, 44.1768711],
     [22.114619100000002, 44.176761400000004],
     [22.114499900000002, 44.1766841], [22.1144138, 44.1766159],
     [22.1143651, 44.176523800000005], [22.1143001, 44.1764148],
     [22.1142532, 44.176272000000004],
     [22.1141976, 44.176091500000005],
     [22.114156400000002, 44.175967400000005],
     [22.1140572, 44.1758084], [22.1139182, 44.1757384],
     [22.113718600000002, 44.175588600000005], [22.11362, 44.1755001],
     [22.113557500000002, 44.175409300000005],
     [22.1134723, 44.1752744],
     [22.113391500000002, 44.175133900000006],
     [22.1132956, 44.1749712], [22.113233, 44.174903],
     [22.112965600000003, 44.1747323], [22.1128074, 44.1746421],
     [22.1126435, 44.1745448], [22.1124581, 44.174414600000006],
     [22.112374000000003, 44.1743298],
     [22.112303400000002, 44.1742531],
     [22.1122845, 44.174200500000005], [22.1122535, 44.1741388],
     [22.112266100000003, 44.1740787], [22.1122772, 44.1740292],
     [22.112297100000003, 44.1739751], [22.1123248, 44.173921],
     [22.1123547, 44.173824800000006]]}},
  {"type":"Feature",
   "properties":{},
   "geometry":
   {"type":"LineString",
    "coordinates":
    [[22.1123547, 44.173824800000006],
     [22.1123361, 44.173757800000004], [22.1122817, 44.1736683],
     [22.1121565, 44.1735344], [22.1120248, 44.1734474],
     [22.111842600000003, 44.173354700000004],
     [22.111714900000003, 44.173288500000005],
     [22.1116028, 44.173232600000006], [22.1115277, 44.1731859],
     [22.1114806, 44.1731368], [22.1114605, 44.173112100000004],
     [22.111442, 44.173046500000005], [22.111446800000003, 44.1729987],
     [22.1114658, 44.1729379], [22.111477, 44.1728728],
     [22.111491100000002, 44.172766], [22.111515800000003, 44.1727089],
     [22.1115652, 44.172617200000005],
     [22.111637400000003, 44.172492500000004],
     [22.111741600000002, 44.1723982], [22.1117862, 44.172347],
     [22.1118567, 44.172271900000005],
     [22.1118947, 44.172227500000005], [22.1119416, 44.1721766],
     [22.111984900000003, 44.1721055],
     [22.1120312, 44.172074300000006],
     [22.112077000000003, 44.171996500000006],
     [22.1121139, 44.1719178], [22.1120908, 44.1718471],
     [22.1120285, 44.1718416], [22.111968700000002, 44.1718982],
     [22.1119087, 44.1719577],
     [22.111834400000003, 44.172002400000004],
     [22.1117479, 44.1720478], [22.1116634, 44.1721092],
     [22.1115494, 44.1721717], [22.1113627, 44.172318000000004],
     [22.1112544, 44.1723781], [22.111145, 44.1724431],
     [22.111053700000003, 44.1725009], [22.1109425, 44.1725574],
     [22.110856100000003, 44.1726103], [22.1107951, 44.1726584],
     [22.1107525, 44.172677500000006],
     [22.110666300000002, 44.1726838]]}},
  {"type":"Feature",
   "properties":{},
   "geometry":
   {"type":"LineString",
    "coordinates":
    [[22.107001200000003, 44.172145], [22.107024000000003, 44.1721573],
     [22.107043700000002, 44.1722022],
     [22.107112100000002, 44.1722647],
     [22.107225800000002, 44.1723559],
     [22.1073835, 44.172478500000004], [22.1075778, 44.1726204],
     [22.1077456, 44.172739500000006],
     [22.107895300000003, 44.1728566], [22.1079908, 44.1729313],
     [22.1080705, 44.172974800000006],
     [22.108133300000002, 44.1729982], [22.1082001, 44.1730129],
     [22.1082624, 44.173015500000005], [22.108359, 44.173010600000005],
     [22.1084719, 44.1729969],
     [22.108617600000002, 44.172982600000005],
     [22.1087433, 44.1729751], [22.1088272, 44.1729732],
     [22.1090132, 44.172961900000004],
     [22.1091495, 44.172963800000005],
     [22.109325100000003, 44.1729525], [22.1094997, 44.1729445],
     [22.1096465, 44.172937000000005], [22.1097995, 44.1729144],
     [22.109931600000003, 44.1728948],
     [22.110022100000002, 44.172882800000004],
     [22.110119400000002, 44.172862300000006],
     [22.1102066, 44.172828700000004], [22.1102838, 44.1728152],
     [22.1103773, 44.1728034], [22.110479100000003, 44.1727593],
     [22.110550800000002, 44.1727344], [22.110589100000002, 44.172707],
     [22.110666300000002, 44.1726838]]}},
  {"type":"Feature",
   "properties":{},
   "geometry":
   {"type":"LineString",
    "coordinates":
    [[22.1068177, 44.172213], [22.1069041, 44.1721857],
     [22.107001200000003, 44.172145]]}},
  {"type":"Feature",
   "properties":{},
   "geometry":
   {"type":"LineString",
    "coordinates":
    [[22.1068177, 44.172213], [22.106813300000002, 44.172147],
     [22.106798700000002, 44.1721014], [22.1067372, 44.1720346],
     [22.1067043, 44.171995], [22.1066684, 44.1719591],
     [22.106633600000002, 44.1719232], [22.1065891, 44.1718774],
     [22.106544600000003, 44.1718228],
     [22.1064963, 44.171754500000006],
     [22.106460600000002, 44.1716792],
     [22.106429900000002, 44.1715955]]}},
  {"type":"Feature",
   "properties":{},
   "geometry":
   {"type":"LineString",
    "coordinates":
    [[22.106429900000002, 44.1715955], [22.106414, 44.1715372],
     [22.106398000000002, 44.171465600000005],
     [22.1063763, 44.1712283], [22.1063465, 44.171010200000005],
     [22.1063295, 44.170797400000005], [22.106327, 44.170765700000004],
     [22.1063177, 44.170552], [22.1063149, 44.170461]]}},
  {"type":"Feature",
   "properties":{},
   "geometry":
   {"type":"LineString",
    "coordinates":
    [[22.1063149, 44.170461], [22.106312600000003, 44.170258800000006],
     [22.10632, 44.1700676], [22.1063438, 44.1698189],
     [22.106356400000003, 44.169641000000006],
     [22.106375200000002, 44.1695117], [22.1064015, 44.1693897],
     [22.106434, 44.1692413], [22.1064881, 44.169035300000004],
     [22.106536000000002, 44.168860300000006],
     [22.1065511, 44.1687707], [22.1065609, 44.1687126],
     [22.1065659, 44.1686575]]}},
  {"type":"Feature",
   "properties":{},
   "geometry":
   {"type":"LineString",
    "coordinates":
    [[22.1065659, 44.1686575], [22.1065703, 44.1686099],
     [22.1065735, 44.1685206], [22.1065581, 44.168412100000005],
     [22.106542700000002, 44.168325700000004],
     [22.1065118, 44.1681807], [22.1065118, 44.168108600000004],
     [22.106517200000003, 44.1680471], [22.1065441, 44.1679922],
     [22.106579500000002, 44.1679486],
     [22.1066539, 44.167870400000005],
     [22.106786600000003, 44.167762800000006],
     [22.1071904, 44.167460600000005],
     [22.107624400000002, 44.1671392], [22.1078413, 44.1669762],
     [22.1080645, 44.166804400000004],
     [22.1084512, 44.166492700000006], [22.1086554, 44.1663203],
     [22.108756, 44.166233000000005], [22.1088565, 44.1661324],
     [22.1089416, 44.166016000000006],
     [22.109032900000003, 44.165873100000006],
     [22.1091181, 44.1657081],
     [22.109160600000003, 44.165608000000006],
     [22.1092032, 44.165485700000005],
     [22.109265500000003, 44.1652842],
     [22.109287400000003, 44.1651813], [22.1093014, 44.1650834],
     [22.1093031, 44.165012000000004],
     [22.1093027, 44.164827900000006], [22.1093055, 44.1647181],
     [22.1093131, 44.164630100000004], [22.1093207, 44.1645509],
     [22.109335700000003, 44.164475], [22.109380100000003, 44.1643332],
     [22.1094246, 44.164204700000006],
     [22.109449400000003, 44.164128000000005],
     [22.1094742, 44.164033700000005], [22.1094928, 44.1639526],
     [22.1095021, 44.1638413], [22.109511400000002, 44.1637433],
     [22.109527, 44.163675000000005], [22.1095486, 44.163597900000006],
     [22.1095741, 44.1635311],
     [22.109602300000002, 44.163471200000004],
     [22.109637900000003, 44.1634192],
     [22.1098153, 44.163225700000005],
     [22.1101867, 44.162822500000004],
     [22.110325900000003, 44.162653600000006],
     [22.1104017, 44.1625536], [22.1105021, 44.1624095],
     [22.110582500000003, 44.1622841], [22.1106629, 44.1621588],
     [22.110746300000002, 44.162033400000006],
     [22.110817500000003, 44.161939000000004],
     [22.1109931, 44.1617161], [22.1111749, 44.161484400000006],
     [22.1113536, 44.161248300000004], [22.1115323, 44.1610121]]}},
  {"type":"Feature",
   "properties":{},
   "geometry":
   {"type":"LineString",
    "coordinates":
    [[22.1115323, 44.1610121], [22.1111709, 44.160768600000004],
     [22.1105218, 44.1605262], [22.110216, 44.160453000000004],
     [22.1100551, 44.1604723], [22.1098405, 44.1607032],
     [22.1094918, 44.160884], [22.1091485, 44.160922500000005]]}},
  {"type":"Feature",
   "properties":{},
   "geometry":
   {"type":"LineString",
    "coordinates":
    [[22.1091485, 44.160922500000005],
     [22.1088588, 44.160791700000004],
     [22.108789100000003, 44.1606839],
     [22.1086603, 44.160291400000006], [22.1083599, 44.1594447],
     [22.108365300000003, 44.1590368],
     [22.108440400000003, 44.1583941],
     [22.108408200000003, 44.158151700000005],
     [22.108263400000002, 44.158093900000004],
     [22.108290200000003, 44.157839900000006],
     [22.108397500000002, 44.1571857], [22.108376, 44.156939300000005],
     [22.108290200000003, 44.156727700000005],
     [22.1078289, 44.1564313], [22.1075103, 44.156118400000004],
     [22.107501600000003, 44.1558502], [22.1076386, 44.1556839],
     [22.1076571, 44.1554774], [22.107527700000002, 44.1551501],
     [22.1072878, 44.1546521], [22.107258700000003, 44.1545275],
     [22.1071154, 44.1538373], [22.1070832, 44.1535255],
     [22.1071798, 44.1532677], [22.107544500000003, 44.1530829],
     [22.1077537, 44.152979], [22.108005900000002, 44.152740400000006],
     [22.1082956, 44.152424700000005],
     [22.108531600000003, 44.1521592], [22.1086335, 44.1521746],
     [22.1088105, 44.1522554], [22.1090358, 44.1523478],
     [22.109196800000003, 44.152332400000006],
     [22.1092692, 44.152215000000005],
     [22.1092343, 44.151982100000005],
     [22.109212900000003, 44.1517435], [22.1092987, 44.1516126],
     [22.109470400000003, 44.1513721], [22.1095168, 44.151263],
     [22.1096501, 44.151062200000005], [22.1097493, 44.1508313],
     [22.1098271, 44.1507081], [22.1098056, 44.1504752],
     [22.1096581, 44.1503771], [22.1095186, 44.1503482],
     [22.109333600000003, 44.1501712], [22.1092504, 44.1500865],
     [22.1092817, 44.149785900000005],
     [22.109215600000002, 44.149464900000005],
     [22.1090546, 44.149160800000004], [22.108891, 44.1490261],
     [22.108711300000003, 44.1489914],
     [22.108472600000002, 44.148916400000005],
     [22.108413600000002, 44.148800900000005],
     [22.108365300000003, 44.1486431],
     [22.108169500000002, 44.1485776], [22.107823500000002, 44.14867],
     [22.107622300000003, 44.1487008], [22.1075512, 44.1487162],
     [22.1074869, 44.148710400000006]]}},
  {"type":"Feature",
   "properties":{},
   "geometry":
   {"type":"LineString",
    "coordinates":
    [[22.1074869, 44.148710400000006], [22.107448, 44.148662300000005],
     [22.1074373, 44.1486421],
     [22.107426500000003, 44.148619000000004],
     [22.1074252, 44.1485873], [22.107438600000002, 44.1485526],
     [22.107462700000003, 44.148489100000006],
     [22.1075056, 44.1483476], [22.107507000000002, 44.1483063],
     [22.1075056, 44.148270700000005],
     [22.1075003, 44.148236000000004],
     [22.1074802, 44.148210000000006],
     [22.107430500000003, 44.1481696],
     [22.107403700000003, 44.1481398],
     [22.107383600000002, 44.148118600000004],
     [22.107360800000002, 44.1480965],
     [22.107335300000003, 44.1480705], [22.1073011, 44.1480486]]}},
  {"type":"Feature",
   "properties":{},
   "geometry":
   {"type":"LineString",
    "coordinates":
    [[22.1073011, 44.1480486],
     [22.107264200000003, 44.148060900000004], [22.1072297, 44.148066],
     [22.107194500000002, 44.148065700000004]]}},
  {"type":"Feature",
   "properties":{},
   "geometry":
   {"type":"LineString",
    "coordinates":
    [[22.107194500000002, 44.148065700000004],
     [22.1071744, 44.148084000000004], [22.1070698, 44.1481513],
     [22.106963800000003, 44.1482351],
     [22.106816900000002, 44.148376000000006],
     [22.1066648, 44.1485141],
     [22.106483700000002, 44.148669000000005],
     [22.1063027, 44.1489452], [22.1060707, 44.149284900000005],
     [22.106039600000003, 44.149346800000004],
     [22.1060015, 44.149406600000006], [22.1059567, 44.1494639],
     [22.105901000000003, 44.149522700000006],
     [22.1058382, 44.1495777], [22.1058048, 44.1496039],
     [22.1057689, 44.149628400000005],
     [22.105707000000002, 44.1496641],
     [22.1056402, 44.149694800000006], [22.1056066, 44.1497125],
     [22.105569000000003, 44.1497255],
     [22.105528900000003, 44.1497333],
     [22.105499400000003, 44.1497357],
     [22.105469900000003, 44.1497353],
     [22.1053783, 44.149725800000006],
     [22.105286000000003, 44.1497219], [22.1051936, 44.1497237],
     [22.105084, 44.1497332], [22.1050298, 44.1497406],
     [22.1049763, 44.149750700000006], [22.1048857, 44.1497742],
     [22.104799500000002, 44.1498051],
     [22.1047188, 44.149843000000004],
     [22.104312500000002, 44.149914200000005],
     [22.104126100000002, 44.1499758],
     [22.104012100000002, 44.1500403],
     [22.103914200000002, 44.1501086], [22.103815, 44.1501737],
     [22.103713000000003, 44.1502366],
     [22.103430000000003, 44.150336700000004],
     [22.103155100000002, 44.1504011],
     [22.102930500000003, 44.1504598], [22.1028209, 44.1504941],
     [22.102708500000002, 44.150523400000004],
     [22.1025788, 44.150550100000004], [22.1024467, 44.1505701],
     [22.102313000000002, 44.1505833],
     [22.102178300000002, 44.1505895],
     [22.102043300000002, 44.1505888],
     [22.1018073, 44.150624400000005], [22.1016888, 44.1506325],
     [22.101572, 44.150648600000004], [22.101457800000002, 44.1506726],
     [22.1013473, 44.1507043], [22.1012433, 44.1507425],
     [22.1011446, 44.1507875],
     [22.101052300000003, 44.150839000000005],
     [22.1006995, 44.1509872], [22.1003146, 44.1511421],
     [22.099807700000003, 44.151359500000005],
     [22.099390600000003, 44.151504800000005],
     [22.0993263, 44.1515125], [22.099231, 44.151509700000005],
     [22.0989387, 44.1514317],
     [22.098907800000003, 44.151424000000006],
     [22.0988408, 44.1514115], [22.0988019, 44.151399000000005],
     [22.0987456, 44.1513788],
     [22.098682500000002, 44.151357600000004],
     [22.0985739, 44.151329700000005], [22.0985337, 44.1513153]]}},
  {"type":"Feature",
   "properties":{},
   "geometry":
   {"type":"LineString",
    "coordinates":
    [[22.0985337, 44.1513153], [22.0982306, 44.1514558],
     [22.0977947, 44.1516174], [22.0974782, 44.151691500000005],
     [22.0971724, 44.151830100000005],
     [22.0968157, 44.151841600000004],
     [22.096233700000003, 44.1520379], [22.0961827, 44.1520437],
     [22.095839400000003, 44.152251500000006],
     [22.0956945, 44.1523709], [22.0955014, 44.152551800000005],
     [22.0952278, 44.152703800000005],
     [22.095034700000003, 44.1530463], [22.0948631, 44.1530945],
     [22.0946538, 44.152998200000006],
     [22.094506300000003, 44.152915500000006],
     [22.0942891, 44.152855800000005],
     [22.0937124, 44.152925100000004], [22.0929238, 44.1530386],
     [22.0927736, 44.1531195], [22.0926931, 44.153367700000004],
     [22.0925778, 44.1535467], [22.0923042, 44.1538854],
     [22.0921567, 44.1539681], [22.0919475, 44.153918100000006],
     [22.0918187, 44.1538661], [22.0916444, 44.1539239],
     [22.090799500000003, 44.154324200000005],
     [22.090150400000002, 44.1547129], [22.0898259, 44.1549515],
     [22.0894048, 44.1550342], [22.088683200000002, 44.1553229],
     [22.0884633, 44.1554287], [22.0881629, 44.1557578],
     [22.0876908, 44.1561292], [22.0872509, 44.156415900000006],
     [22.0867708, 44.1567969], [22.0863283, 44.1569413],
     [22.0861056, 44.1569875], [22.0856068, 44.157241500000005],
     [22.0854512, 44.1573973], [22.0851159, 44.1575532],
     [22.0847672, 44.157768700000005],
     [22.0845044, 44.157872600000005], [22.0835951, 44.1575647],
     [22.0838982, 44.156785400000004], [22.0841718, 44.1562427],
     [22.0842683, 44.155773200000006], [22.08433, 44.155515300000005],
     [22.0843515, 44.1551478], [22.0843998, 44.1547167],
     [22.0840242, 44.154045100000005],
     [22.0837185, 44.153635200000004],
     [22.0836782, 44.153531300000004],
     [22.0837533, 44.153440800000006], [22.083984, 44.1533177],
     [22.0843676, 44.152878900000005],
     [22.0837802, 44.153111800000005], [22.083351, 44.1530848],
     [22.0827448, 44.153086800000004],
     [22.082098400000003, 44.152948200000004],
     [22.081393000000002, 44.152800000000006], [22.08076, 44.1527923],
     [22.0798266, 44.152698], [22.0795745, 44.1525595],
     [22.0794564, 44.152343900000005], [22.079317, 44.152224600000004],
     [22.0787966, 44.1520591], [22.0786625, 44.152005200000005],
     [22.078608900000003, 44.151909], [22.0786035, 44.151793500000004],
     [22.0785552, 44.1515895], [22.078405, 44.1514548],
     [22.078292400000002, 44.1513932], [22.0778578, 44.1513586],
     [22.077718400000002, 44.151362400000004],
     [22.0776004, 44.1513086], [22.077477000000002, 44.1511007],
     [22.0773429, 44.1510083], [22.077171200000002, 44.150916],
     [22.0769674, 44.1508582], [22.076790300000003, 44.1507755],
     [22.076542200000002, 44.1507245],
     [22.0762539, 44.150550300000006], [22.076152, 44.150456000000005],
     [22.076042, 44.1504156], [22.0758301, 44.1502616],
     [22.075635600000002, 44.150202], [22.0755337, 44.1501789],
     [22.0754506, 44.1501923], [22.0753728, 44.150193300000005],
     [22.0751998, 44.150075900000004], [22.075029500000003, 44.150021],
     [22.0748766, 44.1500095], [22.0747089, 44.149852700000004],
     [22.0745648, 44.1496986]]}},
  {"type":"Feature",
   "properties":{},
   "geometry":
   {"type":"LineString",
    "coordinates":
    [[22.0745648, 44.1496986], [22.0744535, 44.149608]]}},
  {"type":"Feature",
   "properties":{},
   "geometry":
   {"type":"LineString",
    "coordinates":
    [[22.074591100000003, 44.146550700000006], [22.07461, 44.146802],
     [22.074519600000002, 44.1470588],
     [22.074549700000002, 44.1472156],
     [22.074617500000002, 44.1474345],
     [22.074726700000003, 44.1477184],
     [22.0747795, 44.148023800000004],
     [22.074764400000003, 44.1481671], [22.0747117, 44.1483022],
     [22.074591100000003, 44.1484833],
     [22.074414100000002, 44.1486779],
     [22.0741918, 44.148856300000006], [22.0740449, 44.1489725],
     [22.0740063, 44.149033800000005], [22.074002, 44.1491167],
     [22.0740298, 44.149218000000005], [22.0743358, 44.1495174],
     [22.0744535, 44.149608]]}},
  {"type":"Feature",
   "properties":{},
   "geometry":
   {"type":"LineString",
    "coordinates":
    [[22.074591100000003, 44.146550700000006],
     [22.074448800000003, 44.1465972],
     [22.074086700000002, 44.147055300000005],
     [22.0738989, 44.147209200000006],
     [22.073783600000002, 44.147216900000004],
     [22.073343700000002, 44.147147700000005],
     [22.073180100000002, 44.147113000000004],
     [22.0727134, 44.1468551],
     [22.072421000000002, 44.146626100000006],
     [22.0727563, 44.1462431], [22.0729575, 44.1460237],
     [22.073528800000002, 44.1453539],
     [22.0737889, 44.145032400000005],
     [22.073901600000003, 44.1449093],
     [22.073826500000003, 44.1447899],
     [22.073692400000002, 44.1446533], [22.0736521, 44.1445628],
     [22.0736253, 44.1442934], [22.0736548, 44.1441278],
     [22.073561, 44.1439411], [22.0733678, 44.1438141],
     [22.0731211, 44.1437814], [22.072842100000003, 44.143791],
     [22.0727134, 44.1437852], [22.072449900000002, 44.1436391],
     [22.0722601, 44.1435504],
     [22.072190300000003, 44.143452200000006],
     [22.072268100000002, 44.143252100000005],
     [22.0723835, 44.143021100000006], [22.0724237, 44.1428517],
     [22.072477300000003, 44.1426323],
     [22.0726061, 44.142495600000004],
     [22.072764300000003, 44.1422627],
     [22.073043300000002, 44.1420972], [22.0734134, 44.1419009],
     [22.0737299, 44.14182], [22.073979400000002, 44.141681500000004],
     [22.0740771, 44.141609900000006]]}},
  {"type":"Feature",
   "properties":{},
   "geometry":
   {"type":"LineString",
    "coordinates":
    [[22.0650304, 44.142677000000006],
     [22.065246400000003, 44.142586300000005],
     [22.065358500000002, 44.1425478], [22.0654775, 44.1425343],
     [22.0655804, 44.142524200000004],
     [22.065686200000002, 44.142497000000006],
     [22.065783800000002, 44.142463500000005],
     [22.065921900000003, 44.1423962], [22.0661191, 44.1422716],
     [22.0662698, 44.1421878], [22.0663431, 44.142160100000005],
     [22.066426, 44.1421444], [22.0665778, 44.1421312],
     [22.0666961, 44.142103500000005], [22.0667997, 44.1420663],
     [22.066970100000002, 44.141989200000005],
     [22.067150100000003, 44.141896200000005],
     [22.067284400000002, 44.1418235], [22.0673853, 44.1417823],
     [22.067505, 44.1417574], [22.0676449, 44.1417227],
     [22.0678625, 44.1416648], [22.067992, 44.1416406],
     [22.0680941, 44.1416276],
     [22.068259400000002, 44.141623300000006],
     [22.068356400000003, 44.141649],
     [22.068535200000003, 44.141766000000004],
     [22.068692000000002, 44.141912000000005], [22.068805, 44.1419526],
     [22.0690385, 44.141958], [22.0693416, 44.1419401],
     [22.0695622, 44.141912000000005],
     [22.069848500000003, 44.1418039], [22.0701046, 44.1416525],
     [22.0707224, 44.1413281], [22.0709221, 44.141209200000006],
     [22.071110400000002, 44.1411443], [22.071359, 44.141101000000006],
     [22.071765900000003, 44.141063200000005],
     [22.071969300000003, 44.1410956],
     [22.072259300000002, 44.141179400000006],
     [22.07241, 44.141220000000004], [22.0725607, 44.1412362],
     [22.072730200000002, 44.1412281], [22.0730919, 44.1411767],
     [22.073247600000002, 44.1411777],
     [22.073572300000002, 44.141309500000006],
     [22.0738716, 44.141449800000004],
     [22.0740771, 44.141609900000006]]}},
  {"type":"Feature",
   "properties":{},
   "geometry":
   {"type":"LineString",
    "coordinates":
    [[22.0650304, 44.142677000000006],
     [22.064489700000003, 44.142566900000006],
     [22.063931800000002, 44.1424591],
     [22.063583100000002, 44.142324300000006],
     [22.063344400000002, 44.142206900000005],
     [22.0633176, 44.142056800000006],
     [22.063298800000002, 44.1418739],
     [22.0631942, 44.141356200000004], [22.0631245, 44.141002],
     [22.063025200000002, 44.1408153], [22.0626605, 44.1404573],
     [22.062510200000002, 44.1402147], [22.062411, 44.1400184],
     [22.0623223, 44.139715800000005]]}},
  {"type":"Feature",
   "properties":{},
   "geometry":
   {"type":"LineString",
    "coordinates":
    [[22.0623223, 44.139715800000005],
     [22.0623684, 44.139651900000004],
     [22.0624277, 44.139572900000005]]}},
  {"type":"Feature",
   "properties":{},
   "geometry":
   {"type":"LineString",
    "coordinates":
    [[22.0624277, 44.139572900000005], [22.0623982, 44.1394919],
     [22.062351900000003, 44.139394200000005],
     [22.062332400000003, 44.139284], [22.0623174, 44.139160800000006],
     [22.062248, 44.1390053], [22.062235700000002, 44.138864500000004],
     [22.0622221, 44.138721800000006],
     [22.062196200000002, 44.138689500000005],
     [22.062004100000003, 44.1385878],
     [22.061978200000002, 44.138542900000004]]}},
  {"type":"Feature",
   "properties":{},
   "geometry":
   {"type":"LineString",
    "coordinates":
    [[22.061978200000002, 44.138542900000004],
     [22.0618602, 44.1384975], [22.0616948, 44.138488],
     [22.061428300000003, 44.1385154],
     [22.0613324, 44.138502100000004], [22.0612938, 44.1384569],
     [22.061246, 44.1383747], [22.0611906, 44.1379773],
     [22.0610618, 44.1372572], [22.0610779, 44.136814300000005],
     [22.0611545, 44.1365591], [22.061383900000003, 44.136212],
     [22.0614586, 44.1358942], [22.0616105, 44.1353695],
     [22.061914400000003, 44.134926300000004]]}},
  {"type":"Feature",
   "properties":{},
   "geometry":
   {"type":"LineString",
    "coordinates":
    [[22.061914400000003, 44.134926300000004],
     [22.061981900000003, 44.1346998], [22.0620999, 44.1345034],
     [22.0623547, 44.1342031], [22.0624995, 44.133976000000004],
     [22.062722100000002, 44.1337199], [22.0628992, 44.1335524],
     [22.062934000000002, 44.1334235],
     [22.0628187, 44.132934500000005], [22.0628348, 44.1327535],
     [22.062917900000002, 44.132459000000004],
     [22.0631379, 44.132149000000005],
     [22.063416800000002, 44.1317679],
     [22.063403400000002, 44.131729400000005],
     [22.0632881, 44.131638900000006],
     [22.0630467, 44.131554200000004], [22.0629153, 44.1313289],
     [22.0628375, 44.1311364], [22.0626444, 44.130865],
     [22.0626175, 44.1307533], [22.0626728, 44.130621500000004]]}},
  {"type":"Feature",
   "properties":{},
   "geometry":
   {"type":"LineString",
    "coordinates":
    [[22.0628303, 44.1247398], [22.0628315, 44.124818600000005],
     [22.0628785, 44.124927], [22.063242900000002, 44.1251253],
     [22.063477900000002, 44.1253109],
     [22.063854000000003, 44.1256442],
     [22.064047900000002, 44.1259521], [22.0642242, 44.1262685],
     [22.0642007, 44.1264498], [22.0641655, 44.1265553],
     [22.0640186, 44.1266017], [22.0638952, 44.1265553],
     [22.063742400000002, 44.1265553],
     [22.0636483, 44.126563700000005],
     [22.063530800000002, 44.1266186], [22.0631723, 44.126821],
     [22.0628785, 44.1270151],
     [22.062584700000002, 44.127323000000004],
     [22.0625436, 44.127462200000004], [22.0626082, 44.1275423],
     [22.0627962, 44.1277406],
     [22.063048900000002, 44.128116000000006],
     [22.063190000000002, 44.1284366],
     [22.063284000000003, 44.1287108],
     [22.063284000000003, 44.1289512],
     [22.063248700000003, 44.129060900000006],
     [22.0631488, 44.1291621], [22.0630196, 44.129276000000004],
     [22.0629138, 44.129402500000005],
     [22.062866800000002, 44.129545900000004],
     [22.0628844, 44.1297062], [22.0629843, 44.1299213],
     [22.0630783, 44.1300943], [22.063101800000002, 44.1302335],
     [22.0630254, 44.130334700000006],
     [22.0627551, 44.130532900000006],
     [22.0626728, 44.130621500000004]]}},
  {"type":"Feature",
   "properties":{},
   "geometry":
   {"type":"LineString",
    "coordinates":
    [[22.060883200000003, 44.1215108], [22.0609378, 44.1215543],
     [22.061192300000002, 44.121667200000005],
     [22.061483600000003, 44.1217564], [22.061806, 44.1218585],
     [22.062280100000002, 44.1220712], [22.0624416, 44.1221954],
     [22.0624916, 44.1222865], [22.062522400000002, 44.1224025],
     [22.062526300000002, 44.1225406],
     [22.062472300000003, 44.1234284], [22.06248, 44.123588500000004],
     [22.0625313, 44.1238122],
     [22.062549200000003, 44.123936400000005],
     [22.062572300000003, 44.124182100000006],
     [22.0626184, 44.1243257], [22.0627454, 44.1245549],
     [22.0628303, 44.1247398]]}},
  {"type":"Feature",
   "properties":{},
   "geometry":
   {"type":"LineString",
    "coordinates":
    [[22.059377100000003, 44.1214147],
     [22.0592407, 44.121364400000004],
     [22.0590988, 44.121296900000004],
     [22.0589879, 44.121157800000006], [22.0588021, 44.1208326],
     [22.058749000000002, 44.120741100000004],
     [22.0587106, 44.1206143], [22.058717, 44.1204673],
     [22.0586826, 44.1200186], [22.058608800000002, 44.1198035],
     [22.0585498, 44.119611400000004], [22.0585166, 44.1194202],
     [22.0585148, 44.1192732],
     [22.058537700000002, 44.119149900000004],
     [22.0585242, 44.1190768], [22.0584594, 44.1189267],
     [22.058361, 44.118708700000006],
     [22.058351400000003, 44.118599700000004],
     [22.058326400000002, 44.118522500000005],
     [22.058290300000003, 44.1184321],
     [22.058205400000002, 44.1182729],
     [22.058137900000002, 44.1181171], [22.0581132, 44.118022],
     [22.0581132, 44.117935100000004], [22.0581286, 44.1177696],
     [22.0581016, 44.117632900000004],
     [22.0580402, 44.117462100000004],
     [22.057964600000002, 44.117307200000006],
     [22.0578618, 44.1171816]]}},
  {"type":"Feature",
   "properties":{},
   "geometry":
   {"type":"LineString",
    "coordinates":
    [[22.0578618, 44.1171816],
     [22.057827200000002, 44.117197100000006], [22.057749, 44.1172139],
     [22.0568382, 44.117317400000005],
     [22.056354900000002, 44.117369800000006],
     [22.0560812, 44.1174035], [22.055817, 44.1174322],
     [22.0555443, 44.1174522], [22.0554859, 44.117457200000004],
     [22.055408200000002, 44.117471200000004],
     [22.055333100000002, 44.117491300000005],
     [22.0552508, 44.1175219], [22.055174700000002, 44.1175599],
     [22.0551059, 44.117604500000006],
     [22.055045800000002, 44.1176551], [22.0549798, 44.1177219],
     [22.054604700000002, 44.1180467],
     [22.054406800000002, 44.118194200000005],
     [22.0543206, 44.118266500000004],
     [22.054177000000003, 44.1183831],
     [22.054025300000003, 44.1185011],
     [22.053955600000002, 44.1185527],
     [22.053881800000003, 44.1186013],
     [22.053781500000003, 44.1186591],
     [22.053675400000003, 44.1187115], [22.0535643, 44.1187581],
     [22.0534348, 44.118824800000006],
     [22.052665400000002, 44.119205900000004],
     [22.051732100000002, 44.1196834],
     [22.051678300000003, 44.1197199],
     [22.0516417, 44.119754900000004],
     [22.051618400000002, 44.119792800000006],
     [22.051454200000002, 44.1202525], [22.0514067, 44.1203274],
     [22.0513882, 44.1203536]]}},
  {"type":"Feature",
   "properties":{},
   "geometry":
   {"type":"LineString",
    "coordinates":
    [[22.0420385, 44.1216756], [22.0413825, 44.121529100000004],
     [22.0408085, 44.1213616], [22.0400226, 44.1211633],
     [22.0393681, 44.121067000000004],
     [22.0386118, 44.120986200000004], [22.0383435, 44.1210016],
     [22.0382363, 44.120963100000004],
     [22.038155800000002, 44.1208976], [22.038129, 44.120724300000006],
     [22.0379788, 44.1205664], [22.037882200000002, 44.1203893],
     [22.0377642, 44.120250600000006], [22.037517400000002, 44.120085],
     [22.037227700000003, 44.1199464], [22.0370208, 44.1197122],
     [22.0368791, 44.1195767],
     [22.036565200000002, 44.119382200000004],
     [22.0361227, 44.119178100000006],
     [22.0360127, 44.119035600000004],
     [22.0357579, 44.118737200000005],
     [22.0357042, 44.118448300000004], [22.0355433, 44.1180632],
     [22.0355111, 44.1177282], [22.0355326, 44.1173931],
     [22.0356238, 44.1170812], [22.035892, 44.116619],
     [22.0365572, 44.116465000000005],
     [22.036702000000002, 44.116187700000005],
     [22.036694100000002, 44.116063600000004]]}},
  {"type":"Feature",
   "properties":{},
   "geometry":
   {"type":"LineString",
    "coordinates":
    [[22.036694100000002, 44.116063600000004],
     [22.0365217, 44.115889800000005], [22.0364659, 44.1157059],
     [22.0367639, 44.115194300000006], [22.0367034, 44.1151375],
     [22.0365188, 44.1151114], [22.036382900000003, 44.11504],
     [22.036171000000003, 44.1149822],
     [22.0356835, 44.114947400000005],
     [22.0352898, 44.114837400000006]]}},
  {"type":"Feature",
   "properties":{},
   "geometry":
   {"type":"LineString",
    "coordinates":
    [[22.0352898, 44.114837400000006], [22.0348405, 44.1146326],
     [22.034291, 44.114432], [22.0338812, 44.114422000000005],
     [22.0335925, 44.114335000000004]]}},
  {"type":"Feature",
   "properties":{},
   "geometry":
   {"type":"LineString",
    "coordinates":
    [[22.02831, 44.110396400000006], [22.028199400000002, 44.1108245],
     [22.0281243, 44.1111731], [22.0280895, 44.1117566],
     [22.0280385, 44.1122323], [22.0279098, 44.112675200000005],
     [22.0279849, 44.1131759], [22.0278078, 44.1135919],
     [22.0278078, 44.1139154], [22.0278561, 44.1143352],
     [22.0278132, 44.114585500000004],
     [22.0277917, 44.114781900000004], [22.0274806, 44.1152634],
     [22.0273143, 44.1155715], [22.027325, 44.115694700000006],
     [22.0273465, 44.115833300000006],
     [22.0275611, 44.116133700000006],
     [22.027668400000003, 44.116361000000005], [22.0276549, 44.116515],
     [22.027638800000002, 44.116684500000005],
     [22.0279688, 44.116557400000005],
     [22.028682200000002, 44.1161607], [22.0290202, 44.115997],
     [22.029862400000003, 44.115463600000005], [22.0301145, 44.115298],
     [22.031090900000002, 44.1149302], [22.0315388, 44.1149071],
     [22.032432, 44.114626], [22.032646500000002, 44.114418],
     [22.032705500000002, 44.114238900000004],
     [22.0328772, 44.1140521], [22.032995200000002, 44.1140521],
     [22.033083700000002, 44.114079100000005],
     [22.033268800000002, 44.114206200000005],
     [22.0335925, 44.114335000000004]]}},
  {"type":"Feature",
   "properties":{},
   "geometry":
   {"type":"LineString",
    "coordinates":
    [[22.0278762, 44.110469200000004], [22.0275289, 44.1102853],
     [22.0267886, 44.1100137], [22.0263648, 44.1097807],
     [22.026217300000003, 44.1096729],
     [22.0261073, 44.109534200000006],
     [22.026053700000002, 44.1094225],
     [22.0260617, 44.109326200000005],
     [22.025809600000002, 44.109050800000006],
     [22.0256969, 44.1089873], [22.025533300000003, 44.1089488],
     [22.0254689, 44.108910200000004],
     [22.025350900000003, 44.1086791],
     [22.025235600000002, 44.1085694], [22.0251176, 44.1084711],
     [22.0248494, 44.1084211], [22.024811800000002, 44.1083517],
     [22.0247099, 44.108186100000005],
     [22.024685700000003, 44.108107100000005],
     [22.024793000000003, 44.10793],
     [22.024931300000002, 44.107783000000005]]}},
  {"type":"Feature",
   "properties":{},
   "geometry":
   {"type":"LineString",
    "coordinates":
    [[22.024931300000002, 44.107783000000005],
     [22.0251811, 44.1077546], [22.0253267, 44.10775],
     [22.0255857, 44.1077476],
     [22.025828500000003, 44.107745400000006],
     [22.0259949, 44.1077406], [22.026128800000002, 44.1077261],
     [22.0263133, 44.107697800000004],
     [22.026465400000003, 44.107668100000005],
     [22.026575700000002, 44.107623800000006],
     [22.026722300000003, 44.1075425],
     [22.026873400000003, 44.1074545],
     [22.026969100000002, 44.1073736],
     [22.027085000000003, 44.1072543], [22.0271684, 44.1071302],
     [22.027205600000002, 44.1070099], [22.0272286, 44.1068681],
     [22.0272173, 44.106748200000006], [22.0271948, 44.1066517],
     [22.027174600000002, 44.106552], [22.027144200000002, 44.1063989],
     [22.0271064, 44.1062243],
     [22.027068800000002, 44.106051400000005], [22.027041, 44.1059166],
     [22.0270301, 44.1058218], [22.0270212, 44.105708500000006],
     [22.027044800000002, 44.1056017],
     [22.027087100000003, 44.1055063],
     [22.0271431, 44.105402500000004],
     [22.027183800000003, 44.105352100000005],
     [22.027234, 44.105308400000006], [22.0273344, 44.105234100000004],
     [22.0274466, 44.1051665], [22.0275614, 44.105120500000005],
     [22.0277269, 44.1050607], [22.0278671, 44.1050161],
     [22.028030400000002, 44.1049613],
     [22.028163600000003, 44.1049118], [22.0282623, 44.1048642],
     [22.0283833, 44.1047765], [22.0284787, 44.104679000000004],
     [22.028535100000003, 44.1045985], [22.0286025, 44.1044846],
     [22.028662500000003, 44.1043424],
     [22.0287423, 44.104143400000005], [22.0288134, 44.1039728],
     [22.0288706, 44.1038073], [22.028890800000003, 44.1036355],
     [22.028872500000002, 44.103514000000004],
     [22.0287817, 44.1033449],
     [22.028633300000003, 44.103191300000006],
     [22.0284137, 44.103061600000004],
     [22.0281959, 44.102901900000006],
     [22.0280476, 44.102751600000005], [22.0279932, 44.1026821],
     [22.027949900000003, 44.102587500000006],
     [22.0279315, 44.102456100000005], [22.0279203, 44.1023462],
     [22.027928000000003, 44.1022545],
     [22.027972100000003, 44.1021341],
     [22.028115500000002, 44.1018695],
     [22.028286100000003, 44.1015731], [22.0285453, 44.1011825],
     [22.028635, 44.1010234], [22.028740000000003, 44.1008125],
     [22.0288836, 44.1005546], [22.029023300000002, 44.1003467],
     [22.0291675, 44.1001271], [22.0292534, 44.1000147],
     [22.0294035, 44.0998667], [22.0296384, 44.099683000000006],
     [22.029867300000003, 44.099544300000005],
     [22.030169800000003, 44.0993883], [22.030458300000003, 44.099224],
     [22.030609300000002, 44.099131], [22.0307183, 44.099018400000006],
     [22.0308473, 44.098857300000006],
     [22.030932800000002, 44.0987232], [22.0309676, 44.0985929],
     [22.0309579, 44.098434700000006],
     [22.030894500000002, 44.0982453],
     [22.030796000000002, 44.098034600000005], [22.030752, 44.0978967],
     [22.030738000000003, 44.0977602],
     [22.0307351, 44.097590200000006],
     [22.0307809, 44.097433200000005], [22.0308478, 44.0972893],
     [22.0309405, 44.0971685], [22.031072, 44.097017300000005],
     [22.031208600000003, 44.0968961],
     [22.0313614, 44.096793500000004]]}},
  {"type":"Feature",
   "properties":{},
   "geometry":
   {"type":"LineString",
    "coordinates":
    [[22.0313614, 44.096793500000004], [22.0309142, 44.096823],
     [22.030664700000003, 44.0968256],
     [22.0303583, 44.096720600000005],
     [22.029959100000003, 44.0966157],
     [22.029549300000003, 44.0965773],
     [22.029392400000003, 44.0965056],
     [22.0293105, 44.096364900000005], [22.0292606, 44.0961652],
     [22.0292748, 44.096073100000005],
     [22.029189300000002, 44.0958581],
     [22.0290147, 44.095558600000004],
     [22.028929100000003, 44.0954793], [22.028711700000002, 44.095469],
     [22.0284444, 44.0955126], [22.0283233, 44.0955509],
     [22.0282306, 44.0956277], [22.0278421, 44.095694300000005],
     [22.0272006, 44.095725], [22.026691000000003, 44.095817100000005],
     [22.0263524, 44.095814600000004], [22.0261101, 44.0958479],
     [22.0258606, 44.0958197], [22.025664600000002, 44.0958862],
     [22.0251728, 44.0959118], [22.0247451, 44.095973300000004],
     [22.0241036, 44.095975800000005], [22.0236866, 44.0959349],
     [22.0234443, 44.0960168],
     [22.023080800000002, 44.096132000000004],
     [22.0228563, 44.096132000000004], [22.0225498, 44.0960808],
     [22.0222041, 44.0959681], [22.021919, 44.095863200000004],
     [22.021894, 44.0958248], [22.021886900000002, 44.0957659],
     [22.0219902, 44.0956252], [22.022147, 44.095522800000005],
     [22.0223395, 44.0954204], [22.022435700000003, 44.0953359],
     [22.022489200000003, 44.0952156],
     [22.022157500000002, 44.095007700000004],
     [22.021985200000003, 44.0947442], [22.0218823, 44.0944148],
     [22.0217989, 44.0942391], [22.0215377, 44.093746],
     [22.021398700000002, 44.0935404], [22.0211179, 44.0933228],
     [22.021051200000002, 44.093169100000004],
     [22.020973400000003, 44.092853700000006],
     [22.0208261, 44.0925622], [22.0207343, 44.092436400000004],
     [22.020659300000002, 44.0922168],
     [22.020364700000002, 44.0919054],
     [22.020220100000003, 44.0917996],
     [22.020139500000003, 44.091655800000005],
     [22.0201534, 44.091522100000006],
     [22.0202034, 44.091288500000005], [22.020353500000002, 44.090983],
     [22.0204731, 44.0905897], [22.020445300000002, 44.090448],
     [22.0202868, 44.0903142],
     [22.019978300000002, 44.090182500000004],
     [22.0194335, 44.0900826], [22.0192723, 44.0900547],
     [22.0184189, 44.0900687], [22.018157600000002, 44.0900806],
     [22.0178324, 44.090240300000005],
     [22.0177131, 44.090274900000004], [22.0174977, 44.0902668]]}},
  {"type":"Feature",
   "properties":{},
   "geometry":
   {"type":"LineString",
    "coordinates":
    [[22.059377100000003, 44.1214147],
     [22.059441600000003, 44.1213664], [22.059510600000003, 44.121346],
     [22.059606000000002, 44.1213344],
     [22.0598515, 44.121324400000006],
     [22.060101500000002, 44.121306700000005],
     [22.0602416, 44.121306700000005],
     [22.0603351, 44.121318300000006],
     [22.060427400000002, 44.121343100000004],
     [22.060883200000003, 44.1215108]]}},
  {"type":"Feature",
   "properties":{},
   "geometry":
   {"type":"LineString",
    "coordinates":
    [[22.0513882, 44.1203536], [22.0512877, 44.1203857],
     [22.051004900000002, 44.1204653],
     [22.050734000000002, 44.1205494],
     [22.0505411, 44.120610600000006], [22.0504335, 44.1206587],
     [22.0501735, 44.1207797], [22.049598900000003, 44.1209794],
     [22.049485100000002, 44.1210188],
     [22.049395800000003, 44.1210377],
     [22.049280000000003, 44.121036700000005],
     [22.0491898, 44.1210394], [22.0491001, 44.121046400000004],
     [22.0490019, 44.121057400000005], [22.048901, 44.121074],
     [22.0487934, 44.1210904], [22.048666, 44.1211198],
     [22.048524500000003, 44.1211618], [22.0483884, 44.1212123],
     [22.048204300000002, 44.121277600000006],
     [22.048018300000003, 44.1213403],
     [22.0478165, 44.121399200000006],
     [22.047610600000002, 44.121450100000004],
     [22.0471787, 44.121526100000004],
     [22.0470764, 44.121552300000005],
     [22.046972200000003, 44.121574200000005],
     [22.0468663, 44.1215916],
     [22.046745400000002, 44.121612500000005],
     [22.046627700000002, 44.121625900000005],
     [22.0465546, 44.121625900000005],
     [22.046484200000002, 44.1216267],
     [22.046403100000003, 44.121623400000004],
     [22.0463278, 44.1216136], [22.046251100000003, 44.1215964],
     [22.046201800000002, 44.1215799],
     [22.0461582, 44.121563800000004],
     [22.046090600000003, 44.1215471],
     [22.046020000000002, 44.1215388], [22.0458953, 44.1215417],
     [22.0457545, 44.1215521], [22.0456152, 44.1215701],
     [22.045469800000003, 44.1215855], [22.0453341, 44.1215977],
     [22.0451969, 44.1215989],
     [22.045101000000003, 44.121601600000005],
     [22.0449823, 44.121603500000006],
     [22.044866600000002, 44.1216031],
     [22.0447299, 44.121592400000004],
     [22.044461100000003, 44.1215865], [22.0442401, 44.1215813],
     [22.0440314, 44.121583900000005], [22.0435647, 44.1216214],
     [22.043210600000002, 44.121643600000006],
     [22.043031000000003, 44.1216408],
     [22.0428512, 44.121641600000004], [22.0426022, 44.1216488],
     [22.0423537, 44.1216628], [22.0422483, 44.1216616],
     [22.0421431, 44.1216659], [22.0420385, 44.1216756]]}},
  {"type":"Feature",
   "properties":{},
   "geometry":
   {"type":"LineString",
    "coordinates":
    [[22.02831, 44.110396400000006], [22.0281488, 44.1104082],
     [22.0278762, 44.110469200000004]]}},
  {"type":"Feature",
   "properties":{},
   "geometry":
   {"type":"LineString",
    "coordinates":
    [[22.0174977, 44.0902668], [22.0174321, 44.0902882]]}},
  {"type":"Feature",
   "properties":{},
   "geometry":
   {"type":"LineString",
    "coordinates":
    [[22.0174321, 44.0902882], [22.0173045, 44.0902746],
     [22.016384600000002, 44.0896157], [22.0162826, 44.089502],
     [22.016167300000003, 44.0893055], [22.0160895, 44.0891129],
     [22.0156668, 44.0877971]]}},
  {"type":"Feature",
   "properties":{},
   "geometry":
   {"type":"LineString",
    "coordinates":
    [[22.0156668, 44.0877971],
     [22.015612100000002, 44.087629500000006]]}},
  {"type":"Feature",
   "properties":{},
   "geometry":
   {"type":"LineString",
    "coordinates":
    [[22.015612100000002, 44.087629500000006],
     [22.0155531, 44.0874791],
     [22.015440400000003, 44.087355800000005],
     [22.015166800000003, 44.0871458],
     [22.014869100000002, 44.086958900000006]]}},
  {"type":"Feature",
   "properties":{},
   "geometry":
   {"type":"LineString",
    "coordinates":
    [[22.0128573, 44.086347700000005], [22.0131577, 44.0862648],
     [22.0132502, 44.0862524],
     [22.013332000000002, 44.086257200000006],
     [22.0134608, 44.086290000000005],
     [22.013554600000003, 44.0863256], [22.013620300000003, 44.086365],
     [22.0136539, 44.0863959], [22.0136867, 44.0864229],
     [22.013710900000003, 44.0864941], [22.0136928, 44.0865626],
     [22.0136532, 44.0866107], [22.0135358, 44.0867292],
     [22.0133957, 44.0868448], [22.0133441, 44.0868988],
     [22.0133079, 44.0869695],
     [22.013305600000002, 44.087015300000004],
     [22.013323800000002, 44.087033000000005],
     [22.0133741, 44.0870818], [22.013594100000002, 44.0872353],
     [22.0136773, 44.0873259], [22.013700800000002, 44.0873365],
     [22.0137363, 44.0873399],
     [22.013792000000002, 44.087334500000004],
     [22.0138217, 44.0873239], [22.0138469, 44.0873148],
     [22.0140932, 44.0871967], [22.0145187, 44.087117500000005],
     [22.0147474, 44.0870711], [22.0148233, 44.0870225],
     [22.014869100000002, 44.086958900000006]]}},
  {"type":"Feature",
   "properties":{},
   "geometry":
   {"type":"LineString",
    "coordinates":
    [[22.0092819, 44.083849300000004], [22.0092979, 44.0839543],
     [22.0093381, 44.0840921],
     [22.009442800000002, 44.084220200000004],
     [22.0096533, 44.084345400000004], [22.0098263, 44.0844147],
     [22.010087900000002, 44.084528500000005],
     [22.0103279, 44.0846585], [22.010415100000003, 44.0847211],
     [22.010503500000002, 44.0848001],
     [22.0107088, 44.085105500000004],
     [22.010806600000002, 44.085204700000006],
     [22.0109354, 44.0853078], [22.0111943, 44.0854754],
     [22.0113324, 44.0856122], [22.011382, 44.0856815],
     [22.011428900000002, 44.0857547],
     [22.011451700000002, 44.0858415],
     [22.011494600000002, 44.085921400000004],
     [22.011627400000002, 44.086041800000004],
     [22.011767000000003, 44.0861522],
     [22.0118903, 44.086247500000006],
     [22.0120566, 44.086340400000005], [22.0121572, 44.0863978],
     [22.0122545, 44.0864404], [22.012353, 44.086443100000004],
     [22.0124898, 44.086419], [22.0127178, 44.086377600000006],
     [22.0128573, 44.086347700000005]]}},
  {"type":"Feature",
   "properties":{},
   "geometry":
   {"type":"LineString",
    "coordinates":
    [[22.0092819, 44.083849300000004],
     [22.009610900000002, 44.0837323],
     [22.0098549, 44.083655500000006], [22.01001, 44.0836162]]}},
  {"type":"Feature",
   "properties":{},
   "geometry":
   {"type":"LineString",
    "coordinates":
    [[22.01001, 44.0836162], [22.009975200000003, 44.083511200000004],
     [22.009978500000003, 44.083442500000004],
     [22.0099959, 44.0833385], [22.010036200000002, 44.0832278],
     [22.0100738, 44.083127600000005],
     [22.0101529, 44.082990800000005],
     [22.0102568, 44.082837600000005],
     [22.0102647, 44.082815800000006],
     [22.0102619, 44.082786500000005],
     [22.0102492, 44.082766500000005], [22.0102186, 44.0827509],
     [22.0100717, 44.0826858], [22.0099902, 44.0826397],
     [22.0097877, 44.082503300000006],
     [22.0096865, 44.082468600000006],
     [22.0095604, 44.082450300000005],
     [22.009420900000002, 44.0824325], [22.0091351, 44.0823957],
     [22.0089635, 44.082362100000005],
     [22.008751800000002, 44.082295900000005],
     [22.0086048, 44.082254400000004], [22.0084573, 44.082194],
     [22.008313700000002, 44.082115300000005],
     [22.008154100000002, 44.0820227],
     [22.008013300000002, 44.0819351],
     [22.007907200000002, 44.0818693],
     [22.0078511, 44.081808300000006],
     [22.007776800000002, 44.0816724],
     [22.007709300000002, 44.0815586],
     [22.007644900000003, 44.0814935],
     [22.0075465, 44.081412400000005],
     [22.0073669, 44.081290700000004], [22.0073162, 44.0812758],
     [22.0072845, 44.0812711],
     [22.007255400000002, 44.081269000000006], [22.0070343, 44.08126],
     [22.0069248, 44.081250000000004]]}},
  {"type":"Feature",
   "properties":{},
   "geometry":
   {"type":"LineString",
    "coordinates":
    [[22.0069248, 44.081250000000004],
     [22.006862100000003, 44.0812972], [22.0066743, 44.0814505],
     [22.006421200000002, 44.0817021],
     [22.006277100000002, 44.081838600000005],
     [22.006064600000002, 44.0819915], [22.0058808, 44.0821604],
     [22.005775800000002, 44.0822714],
     [22.005686500000003, 44.0824565],
     [22.0055692, 44.082791500000006], [22.005531, 44.0828956]]}},
  {"type":"Feature",
   "properties":{},
   "geometry":
   {"type":"LineString",
    "coordinates":
    [[22.005126, 44.0824074], [22.0051421, 44.082415100000006],
     [22.0051609, 44.0824324], [22.0051676, 44.0824556],
     [22.0051676, 44.0824835], [22.005146200000002, 44.0825297],
     [22.0051247, 44.0825972], [22.0051193, 44.0826299],
     [22.005123400000002, 44.0826733],
     [22.005148900000002, 44.0827017], [22.0051911, 44.0827364],
     [22.00524, 44.0827639], [22.0052971, 44.082793300000006],
     [22.0053635, 44.082820700000006],
     [22.005449900000002, 44.0828617], [22.005531, 44.0828956]]}},
  {"type":"Feature",
   "properties":{},
   "geometry":
   {"type":"LineString",
    "coordinates":
    [[22.005126, 44.0824074], [22.0051194, 44.082360200000004],
     [22.0050643, 44.082306300000006],
     [22.005023400000002, 44.0822726],
     [22.004967800000003, 44.0822312],
     [22.004903300000002, 44.0822103],
     [22.004823000000002, 44.082195500000005],
     [22.004766200000002, 44.0821843], [22.0047077, 44.0821794],
     [22.004648800000002, 44.082180900000004],
     [22.004591, 44.082188800000004], [22.0044964, 44.082196],
     [22.0044013, 44.0821963], [22.0043066, 44.0821897],
     [22.0039982, 44.0821358], [22.0036846, 44.082065300000004],
     [22.003567, 44.0820218], [22.0035287, 44.082003],
     [22.0034972, 44.081978500000005], [22.0034774, 44.0819544],
     [22.0034697, 44.0819191], [22.0034762, 44.081884300000006],
     [22.0034992, 44.0815965], [22.0034937, 44.0815094],
     [22.0034801, 44.081472000000005],
     [22.0034546, 44.081438600000006],
     [22.0034195, 44.081412400000005],
     [22.003365900000002, 44.0814024], [22.0032925, 44.0813957],
     [22.0031895, 44.0813995], [22.003046700000002, 44.081429],
     [22.0029204, 44.081475000000005], [22.0027976, 44.0815257],
     [22.0026863, 44.081557700000005], [22.0025736, 44.0815873],
     [22.0024519, 44.0816144], [22.0023284, 44.0816369],
     [22.0022035, 44.0816548], [22.0018515, 44.081724900000005],
     [22.0015624, 44.0817713], [22.001382600000003, 44.081795],
     [22.0012231, 44.0818233], [22.0010829, 44.0818415],
     [22.000946900000002, 44.081857], [22.0007832, 44.081867700000004],
     [22.000591, 44.081895200000005], [22.000412100000002, 44.0819416],
     [22.000240100000003, 44.081956600000005],
     [22.000087, 44.081978400000004], [22.0000043, 44.081958300000004],
     [21.999933000000002, 44.081906200000006],
     [21.9998533, 44.0818816], [21.9997693, 44.0818792],
     [21.9997288, 44.081888400000004],
     [21.999691600000002, 44.0819033],
     [21.9996623, 44.081920800000006], [21.9996379, 44.0819418],
     [21.9996098, 44.0819763], [21.9995917, 44.082014],
     [21.999584300000002, 44.0820536], [21.9995516, 44.0822038],
     [21.999512300000003, 44.0823532], [21.9994663, 44.0825015],
     [21.9994072, 44.082618100000005]]}},
  {"type":"Feature",
   "properties":{},
   "geometry":
   {"type":"LineString",
    "coordinates":
    [[21.9994072, 44.082618100000005], [21.9990521, 44.0826488],
     [21.9985605, 44.0826653], [21.9983116, 44.082672800000005],
     [21.9982614, 44.0826202], [21.9982802, 44.0824834],
     [21.9983109, 44.0823113],
     [21.998140900000003, 44.081984000000006],
     [21.998025400000003, 44.081545500000004],
     [21.9979647, 44.0812444], [21.9977035, 44.080836500000004],
     [21.997683300000002, 44.0806187],
     [21.997435000000003, 44.080305200000005],
     [21.997426700000002, 44.0800732], [21.9972207, 44.0799697],
     [21.9980315, 44.079505600000005]]}},
  {"type":"Feature",
   "properties":{},
   "geometry":
   {"type":"LineString",
    "coordinates":
    [[21.9980315, 44.079505600000005],
     [21.997739600000003, 44.079460700000006], [21.997146, 44.0794931],
     [21.996885900000002, 44.079537800000004],
     [21.9964167, 44.0797043], [21.996134, 44.079964200000006],
     [21.9958005, 44.080118600000006],
     [21.995546100000002, 44.080147000000004],
     [21.995184300000002, 44.080142900000006],
     [21.994811600000002, 44.0800677],
     [21.9946246, 44.079801800000006],
     [21.994144900000002, 44.079632800000006],
     [21.994041000000003, 44.079415000000004],
     [21.994096900000002, 44.079177300000005],
     [21.9942637, 44.079017500000006], [21.9942287, 44.0786524],
     [21.9942888, 44.0781611], [21.9941165, 44.0778234],
     [21.993922, 44.077497400000006], [21.9936711, 44.077210300000004],
     [21.993425700000003, 44.0769261]]}},
  {"type":"Feature",
   "properties":{},
   "geometry":
   {"type":"LineString",
    "coordinates":
    [[21.995569500000002, 44.073741600000005],
     [21.9953302, 44.0736733], [21.9951049, 44.0736598],
     [21.9948716, 44.0736791], [21.994675800000003, 44.0737832],
     [21.9945953, 44.0739084], [21.9945068, 44.0740549],
     [21.9944987, 44.074263], [21.9944327, 44.0744306],
     [21.9943281, 44.074598300000005], [21.9943066, 44.0747081],
     [21.9943576, 44.074812200000004], [21.9944488, 44.0749143],
     [21.9944193, 44.0749798], [21.994271700000002, 44.0750376],
     [21.9942342, 44.0751379], [21.9941457, 44.0753999],
     [21.994025, 44.075644600000004], [21.9940679, 44.0758181],
     [21.9942449, 44.0758643], [21.994489, 44.075804600000005],
     [21.994784000000003, 44.075794900000005],
     [21.9952051, 44.0758797], [21.9953688, 44.075926],
     [21.995497500000003, 44.0759838], [21.9955216, 44.076084],
     [21.99546, 44.076238100000005], [21.9952642, 44.076502100000006],
     [21.995162200000003, 44.0766794],
     [21.9949072, 44.076767700000005],
     [21.9943296, 44.076859600000006],
     [21.993800500000003, 44.076872200000004],
     [21.993606500000002, 44.0768944],
     [21.993425700000003, 44.0769261]]}},
  {"type":"Feature",
   "properties":{},
   "geometry":
   {"type":"LineString",
    "coordinates":
    [[21.994600600000002, 44.0683133],
     [21.9946068, 44.068705800000004],
     [21.9945868, 44.069060900000004], [21.994492, 44.0695667],
     [21.9943072, 44.069850100000004],
     [21.994022700000002, 44.0702196],
     [21.993778000000002, 44.070517300000006],
     [21.9936881, 44.0707254], [21.993803, 44.0708294],
     [21.9941275, 44.0709299], [21.994462000000002, 44.0710877],
     [21.994546900000003, 44.0711845],
     [21.994531900000002, 44.0713926],
     [21.994487000000003, 44.0715899],
     [21.994462000000002, 44.071815900000004],
     [21.9946018, 44.072135100000004],
     [21.9948015, 44.072414900000005],
     [21.995126000000003, 44.0727126],
     [21.995265800000002, 44.072877600000005],
     [21.995380700000002, 44.0729745],
     [21.995426700000003, 44.073177400000006],
     [21.9955067, 44.073300100000004],
     [21.995558300000003, 44.073500800000005],
     [21.995569500000002, 44.073741600000005]]}},
  {"type":"Feature",
   "properties":{},
   "geometry":
   {"type":"LineString",
    "coordinates":
    [[21.9839908, 44.0713488], [21.9842595, 44.0712058],
     [21.9847222, 44.070614400000004],
     [21.9848664, 44.070234500000005],
     [21.985142800000002, 44.0699452], [21.985401200000002, 44.06982],
     [21.985605500000002, 44.0696171],
     [21.9859961, 44.069293300000005],
     [21.986476800000002, 44.0690861],
     [21.9868673, 44.068982500000004],
     [21.9872339, 44.068991100000005], [21.9876425, 44.0690559],
     [21.988057100000002, 44.069034300000006],
     [21.989006500000002, 44.069198300000004],
     [21.990334400000002, 44.0686673], [21.9910494, 44.0685033],
     [21.991422, 44.0685378], [21.9923834, 44.0681838],
     [21.993549100000003, 44.0681492],
     [21.994600600000002, 44.0683133]]}},
  {"type":"Feature",
   "properties":{},
   "geometry":
   {"type":"LineString",
    "coordinates":
    [[21.9839908, 44.0713488],
     [21.984073600000002, 44.071200600000004],
     [21.9841474, 44.0710204], [21.9842614, 44.070819],
     [21.9844277, 44.0705839], [21.9844706, 44.070469200000005],
     [21.9845229, 44.070317], [21.984627500000002, 44.070053],
     [21.9846986, 44.069926800000005],
     [21.984855500000002, 44.069620300000004],
     [21.9848997, 44.0694719], [21.984946700000002, 44.0692031],
     [21.984961400000003, 44.0690335],
     [21.985012400000002, 44.0686934],
     [21.985032500000003, 44.068483300000004],
     [21.985062000000003, 44.0683455], [21.9851519, 44.0680343],
     [21.985247100000002, 44.0678165],
     [21.985345000000002, 44.0676161],
     [21.985442900000002, 44.067460000000004],
     [21.985484500000002, 44.067352], [21.9855394, 44.0672075],
     [21.985579700000002, 44.0670803],
     [21.9855971, 44.066995500000004],
     [21.985618600000002, 44.0669319],
     [21.985664200000002, 44.066853800000004],
     [21.985720500000003, 44.066768100000004],
     [21.985766100000003, 44.06669], [21.9857942, 44.0666081],
     [21.9858036, 44.066533], [21.9857969, 44.066451],
     [21.985791600000002, 44.0663653], [21.9858224, 44.0662535],
     [21.9858693, 44.0661803],
     [21.986016900000003, 44.066046300000004],
     [21.9862341, 44.0658796], [21.9864326, 44.0657177],
     [21.9865788, 44.065575100000004],
     [21.9867303, 44.065405500000004], [21.9868618, 44.0652369],
     [21.9870294, 44.0649825], [21.987249300000002, 44.0647329],
     [21.9874197, 44.0645565], [21.9875337, 44.0644062],
     [21.987614100000002, 44.0642761],
     [21.987709300000002, 44.0641152],
     [21.9878676, 44.063842400000006], [21.98805, 44.063563],
     [21.988155900000002, 44.063390500000004],
     [21.9882552, 44.063176500000004],
     [21.988394600000003, 44.062891300000004],
     [21.9884939, 44.0627159], [21.988550200000002, 44.0626224],
     [21.9885972, 44.0624885], [21.9886106, 44.062377600000005],
     [21.988600700000003, 44.0621797],
     [21.988573900000002, 44.0620111], [21.9885443, 44.0618357],
     [21.9885309, 44.0616391], [21.988525600000003, 44.0614088],
     [21.9885242, 44.061300800000005],
     [21.988548400000003, 44.061180400000005],
     [21.988580600000002, 44.0610763], [21.9886342, 44.0609327],
     [21.988750900000003, 44.0607053], [21.9888407, 44.0605241],
     [21.988889, 44.0603959], [21.9889225, 44.06026],
     [21.9889252, 44.060155], [21.9889158, 44.0600384],
     [21.9889212, 44.059935200000005],
     [21.9889775, 44.059742500000006], [21.9890593, 44.0595093],
     [21.9891733, 44.059280900000005],
     [21.9892216, 44.059145900000004], [21.9892739, 44.0589628],
     [21.989320000000003, 44.058793200000004]]}},
  {"type":"Feature",
   "properties":{},
   "geometry":
   {"type":"LineString",
    "coordinates":
    [[21.989320000000003, 44.058793200000004],
     [21.987787, 44.057823400000004]]}},
  {"type":"Feature",
   "properties":{},
   "geometry":
   {"type":"LineString",
    "coordinates":
    [[21.9766431, 44.0610177], [21.976968300000003, 44.0610349],
     [21.977217000000003, 44.0610341], [21.977387200000003, 44.061003],
     [21.977597300000003, 44.060946300000005],
     [21.977861200000003, 44.060849700000006],
     [21.9780212, 44.0608097], [21.9782473, 44.060785300000006],
     [21.978467700000003, 44.060782200000006],
     [21.9786147, 44.0607686], [21.9788266, 44.0606966],
     [21.9791324, 44.0605838],
     [21.979243800000003, 44.060559700000006],
     [21.979407400000003, 44.0605375],
     [21.9795884, 44.060525000000005], [21.97974, 44.0605173],
     [21.9798526, 44.060508600000006],
     [21.9800843, 44.060438500000004], [21.9803137, 44.0603393],
     [21.980598, 44.0603046], [21.980828600000002, 44.0602497],
     [21.981013700000002, 44.0601745],
     [21.9812565, 44.060050200000006],
     [21.981532700000002, 44.0599307],
     [21.982077200000003, 44.0597475],
     [21.982633800000002, 44.0596146],
     [21.983087100000002, 44.0594854],
     [21.983465300000002, 44.0593669], [21.9835913, 44.0593158],
     [21.9838542, 44.0592271], [21.9842833, 44.059070000000006],
     [21.9846387, 44.0589467], [21.984998100000002, 44.0588117],
     [21.985255600000002, 44.058719200000006],
     [21.985517100000003, 44.0586508],
     [21.985729000000003, 44.0586045], [21.9858806, 44.0585621],
     [21.986091100000003, 44.0584889],
     [21.986347300000002, 44.0583916],
     [21.9867697, 44.058236400000006],
     [21.987042000000002, 44.0581313],
     [21.987381300000003, 44.0580109],
     [21.987570400000003, 44.0579395],
     [21.987697800000003, 44.057883600000004],
     [21.987787, 44.057823400000004]]}},
  {"type":"Feature",
   "properties":{},
   "geometry":
   {"type":"LineString",
    "coordinates":
    [[21.965233400000002, 44.061051600000006],
     [21.9652594, 44.0610766], [21.9652922, 44.061093],
     [21.9653251, 44.061105500000004],
     [21.9653692, 44.061114700000005], [21.965415, 44.061116600000005],
     [21.965714700000003, 44.0611532],
     [21.965991000000002, 44.061187000000004],
     [21.9660812, 44.0611947], [21.966172, 44.0611947],
     [21.9662317, 44.0611903], [21.966290700000002, 44.0611826],
     [21.966487400000002, 44.061146900000004],
     [21.966685000000002, 44.0611137],
     [21.966782300000002, 44.0610925],
     [21.966881800000003, 44.0610774],
     [21.966982700000003, 44.0610684], [21.9670895, 44.0610657],
     [21.9671962, 44.0610699], [21.967301900000002, 44.0610809],
     [21.9675446, 44.0611156],
     [21.967872500000002, 44.061194300000004],
     [21.9680797, 44.061232800000006],
     [21.9681719, 44.061226700000006],
     [21.968263500000003, 44.061216900000005],
     [21.9683935, 44.0611967],
     [21.968457700000002, 44.061195500000004],
     [21.968521600000003, 44.061191400000006],
     [21.968624400000003, 44.061178500000004],
     [21.9687248, 44.0611582], [21.968814000000002, 44.0611357],
     [21.9688583, 44.061123900000005], [21.9689012, 44.0611095],
     [21.9689613, 44.0610834],
     [21.969016500000002, 44.061052100000005],
     [21.9690875, 44.0610021], [21.9691493, 44.0609461],
     [21.969381300000002, 44.060743800000004],
     [21.969597200000003, 44.060592500000006],
     [21.969913700000003, 44.0603901],
     [21.969950400000002, 44.060374800000005], [21.9699901, 44.060364],
     [21.9700317, 44.060358300000004], [21.970068, 44.0603574],
     [21.9701108, 44.060353], [21.9702255, 44.0603722],
     [21.970298600000003, 44.0603891], [21.9703938, 44.0604219],
     [21.970483700000003, 44.0604542], [21.9705856, 44.060473],
     [21.9706996, 44.0604893],
     [21.970751500000002, 44.060487900000005],
     [21.9707988, 44.0604797], [21.970822700000003, 44.0604862],
     [21.9710013, 44.0603612], [21.971172900000003, 44.0602527],
     [21.9712585, 44.0601981], [21.9713514, 44.0601501],
     [21.971443200000003, 44.0601118],
     [21.9715397, 44.060079900000005],
     [21.971639900000003, 44.0600547], [21.971743, 44.0600364],
     [21.9721198, 44.059972800000004],
     [21.972337800000002, 44.059974100000005], [21.9725557, 44.059967],
     [21.972717000000003, 44.0599563], [21.972877500000003, 44.059941],
     [21.9730975, 44.059928400000004], [21.9733939, 44.0599256],
     [21.9735467, 44.0599429],
     [21.973782800000002, 44.059972800000004],
     [21.973981300000002, 44.0600316],
     [21.9742414, 44.060139500000005],
     [21.9747631, 44.060358300000004], [21.9749482, 44.0604652],
     [21.975035400000003, 44.0605154],
     [21.975165500000003, 44.0605539],
     [21.975264300000003, 44.0605921], [21.9753669, 44.0606248],
     [21.975472800000002, 44.0606516], [21.9755812, 44.0606724],
     [21.9756992, 44.060688000000006],
     [21.9758186, 44.060696500000006], [21.9759312, 44.0607052],
     [21.976042500000002, 44.0607254], [21.9761579, 44.0607611],
     [21.9763644, 44.060857500000004], [21.9765012, 44.0609307],
     [21.976560900000003, 44.060961600000006],
     [21.976615900000002, 44.0609934], [21.9766431, 44.0610177]]}},
  {"type":"Feature",
   "properties":{},
   "geometry":
   {"type":"LineString",
    "coordinates":
    [[21.9605295, 44.052999400000004],
     [21.960631900000003, 44.0531087],
     [21.960696300000002, 44.053214700000005],
     [21.9608089, 44.0533554], [21.9608974, 44.0534046],
     [21.960990000000002, 44.0534364], [21.9611549, 44.0534903],
     [21.961222000000003, 44.053525], [21.9613145, 44.053611800000006],
     [21.961443300000003, 44.0537265],
     [21.9615982, 44.053919300000004], [21.9616632, 44.0540576],
     [21.9617182, 44.0542123], [21.961749100000002, 44.0543642],
     [21.9617547, 44.0543867], [21.961779200000002, 44.0544851],
     [21.9617973, 44.0545502], [21.9618322, 44.0545989],
     [21.961893200000002, 44.054670200000004],
     [21.9620421, 44.054818600000004],
     [21.962150700000002, 44.0549526],
     [21.962251300000002, 44.055103900000006],
     [21.962307600000003, 44.0552475],
     [21.9623183, 44.055357400000005], [21.962342500000002, 44.0555],
     [21.962490000000003, 44.0557564], [21.9627063, 44.0560398],
     [21.962804000000002, 44.0561694],
     [21.962870900000002, 44.056307700000005], [21.962899, 44.0564629],
     [21.9628736, 44.056584300000004],
     [21.962773000000002, 44.056830100000006],
     [21.9625986, 44.0571154], [21.9625691, 44.0572059],
     [21.9625825, 44.0573149], [21.962692500000003, 44.0577483],
     [21.9627301, 44.0580018], [21.962777000000003, 44.0582225],
     [21.96284, 44.058342], [21.962893700000002, 44.0584191],
     [21.9630493, 44.0586417], [21.9630747, 44.058714],
     [21.963100200000003, 44.0587959],
     [21.963103200000003, 44.0588278],
     [21.963109600000003, 44.0588962],
     [21.963096200000003, 44.0589675],
     [21.963093500000003, 44.0590349],
     [21.963105600000002, 44.0590928],
     [21.963171300000003, 44.0593048],
     [21.9633161, 44.059620900000006],
     [21.963373800000003, 44.0597231],
     [21.963385900000002, 44.0597963], [21.9633788, 44.0598965],
     [21.963363100000002, 44.0600584], [21.963360400000003, 44.06031],
     [21.963385900000002, 44.0604584],
     [21.9634569, 44.060612600000006], [21.9635025, 44.0606762],
     [21.9635421, 44.060703600000004], [21.9635776, 44.0607142],
     [21.9636192, 44.0607215], [21.9636722, 44.060726300000006],
     [21.9637138, 44.0607186],
     [21.963774800000003, 44.060691600000006],
     [21.9638724, 44.0606212], [21.964048400000003, 44.0603562],
     [21.9640886, 44.0603076], [21.9641154, 44.0602844],
     [21.9641503, 44.060276200000004],
     [21.964191200000002, 44.0602767], [21.9643032, 44.0603167],
     [21.9646183, 44.060401000000006], [21.9648021, 44.0604661],
     [21.964902000000002, 44.060533400000004],
     [21.964918800000003, 44.0605446],
     [21.965006600000002, 44.060605300000006], [21.965069, 44.0606598],
     [21.965154100000003, 44.0607624],
     [21.9652205, 44.060856400000006],
     [21.9652312, 44.060915200000004],
     [21.965231900000003, 44.061003400000004],
     [21.965233400000002, 44.061051600000006]]}},
  {"type":"Feature",
   "properties":{},
   "geometry":
   {"type":"LineString",
    "coordinates":
    [[21.9605295, 44.052999400000004], [21.9605387, 44.052917],
     [21.9605147, 44.0528466], [21.960454900000002, 44.0527293],
     [21.960319400000003, 44.0525803],
     [21.960197400000002, 44.052332500000006],
     [21.960133000000003, 44.0521687],
     [21.960107500000003, 44.0520337], [21.9601049, 44.0518949],
     [21.960135700000002, 44.051761000000006],
     [21.960175900000003, 44.051607700000005],
     [21.960188000000002, 44.0514766], [21.9601934, 44.0512925],
     [21.9602508, 44.0510229], [21.9603071, 44.05086],
     [21.960367400000003, 44.050732800000006],
     [21.960458600000003, 44.0505988],
     [21.960592700000003, 44.050442600000004],
     [21.9606652, 44.050365500000005],
     [21.960791200000003, 44.050231600000004],
     [21.960917300000002, 44.0501091],
     [21.9609951, 44.050003100000005],
     [21.961031300000002, 44.0498971], [21.961044, 44.049845700000006],
     [21.9610686, 44.049694200000005], [21.9611115, 44.0495448],
     [21.9612027, 44.0493308], [21.961253600000003, 44.0492123],
     [21.961285800000002, 44.049106200000004],
     [21.961295200000002, 44.0489954],
     [21.961299200000003, 44.0486937],
     [21.961318000000002, 44.048197300000005],
     [21.961354200000002, 44.047973600000006],
     [21.9614669, 44.0475244],
     [21.961584900000002, 44.047009700000004],
     [21.9616855, 44.0466174], [21.9617566, 44.0464063],
     [21.961834900000003, 44.0462725],
     [21.961906000000003, 44.0461414], [21.9620381, 44.0459248],
     [21.9621561, 44.0457417], [21.9622634, 44.045502600000006],
     [21.9623345, 44.045349300000005],
     [21.9623586, 44.045250100000004], [21.96236, 44.0451421],
     [21.9623358, 44.045042800000004],
     [21.9622648, 44.044924200000004],
     [21.9621995, 44.044797100000004], [21.9621901, 44.0447779],
     [21.962141900000002, 44.0446795], [21.9621083, 44.0445696],
     [21.962111, 44.0444838], [21.962135200000002, 44.044387400000005],
     [21.962200900000003, 44.0442515],
     [21.9623388, 44.043911300000005], [21.9624756, 44.0436562],
     [21.962584200000002, 44.0434652], [21.962603, 44.043370800000005],
     [21.9625869, 44.0432792], [21.9625562, 44.043215100000005],
     [21.962542600000003, 44.043186600000006], [21.962485, 44.043098],
     [21.962375, 44.0430064], [21.9622047, 44.042914800000005],
     [21.9620451, 44.0428213], [21.9619633, 44.0427422],
     [21.961909600000002, 44.042633300000006],
     [21.9618493, 44.042480000000005],
     [21.961805000000002, 44.0423065],
     [21.961766100000002, 44.042027700000006],
     [21.961753100000003, 44.0417539],
     [21.9617571, 44.041622800000006],
     [21.961789300000003, 44.0415003], [21.9618912, 44.0412314],
     [21.9620964, 44.0407474], [21.9621648, 44.0405305],
     [21.962202400000002, 44.040450500000006],
     [21.962268100000003, 44.040369500000004],
     [21.962380800000002, 44.0402837],
     [21.962551100000002, 44.0401807], [21.9627884, 44.0400757],
     [21.9630057, 44.039995700000006], [21.9632122, 44.0398896],
     [21.963353100000003, 44.0397971], [21.963455, 44.039702600000005],
     [21.963532800000003, 44.0396129],
     [21.963592400000003, 44.0395064],
     [21.963776600000003, 44.0391807], [21.9639831, 44.0388279],
     [21.964374300000003, 44.0381414],
     [21.964713900000003, 44.0375493],
     [21.964733600000002, 44.0375145], [21.9648863, 44.0372909]]}},
  {"type":"Feature",
   "properties":{},
   "geometry":
   {"type":"LineString",
    "coordinates":
    [[21.9648863, 44.0372909], [21.9649547, 44.0372148],
     [21.9650672, 44.0371272], [21.965236100000002, 44.037014],
     [21.9655607, 44.036804700000005], [21.9657109, 44.0367073],
     [21.9658115, 44.0366215],
     [21.965887900000002, 44.036528000000004],
     [21.9659295, 44.036444100000004],
     [21.965953600000002, 44.0363516],
     [21.965963000000002, 44.0362378],
     [21.965956300000002, 44.036034400000005],
     [21.9659416, 44.0356758], [21.9659081, 44.035301800000006],
     [21.9658652, 44.0349846],
     [21.965841100000002, 44.034638400000006],
     [21.9658464, 44.034534300000004],
     [21.965867900000003, 44.0344466],
     [21.965904100000003, 44.0343627], [21.965949700000003, 44.0343],
     [21.966046300000002, 44.034181700000005],
     [21.966343000000002, 44.0338975], [21.966469, 44.0337625],
     [21.966587, 44.033610200000005], [21.966646100000002, 44.0334993],
     [21.9666663, 44.033438800000006], [21.9666816, 44.0333928],
     [21.966719100000002, 44.0332038],
     [21.966822500000003, 44.0327239], [21.9669566, 44.0321261],
     [21.967002200000003, 44.031831000000004],
     [21.967055400000003, 44.0315743], [21.9670983, 44.0314447],
     [21.967109800000003, 44.0312981],
     [21.9670887, 44.031109400000005],
     [21.966955300000002, 44.030581100000006]]}},
  {"type":"Feature",
   "properties":{},
   "geometry":
   {"type":"LineString",
    "coordinates":
    [[21.966955300000002, 44.030581100000006],
     [21.9669491, 44.0302838], [21.9669536, 44.0301102],
     [21.966942900000003, 44.0300286], [21.9668782, 44.0298542],
     [21.9668473, 44.0297293], [21.966840100000002, 44.0296317],
     [21.9668524, 44.0295378], [21.966885400000002, 44.029418],
     [21.96697, 44.0292043]]}},
  {"type":"Feature",
   "properties":{},
   "geometry":
   {"type":"LineString",
    "coordinates":
    [[21.96697, 44.0292043], [21.9670826, 44.028936300000005],
     [21.9672382, 44.028758800000006], [21.967493, 44.0286393],
     [21.9677317, 44.0285698], [21.9679007, 44.0284464]]}},
  {"type":"Feature",
   "properties":{},
   "geometry":
   {"type":"LineString",
    "coordinates":
    [[21.9679007, 44.0284464], [21.9679806, 44.0281335]]}},
  {"type":"Feature",
   "properties":{},
   "geometry":
   {"type":"LineString",
    "coordinates":
    [[21.9679806, 44.0281335], [21.9679842, 44.028065600000005],
     [21.9679141, 44.027945], [21.9677371, 44.027790700000004],
     [21.9673884, 44.0275709]]}},
  {"type":"Feature",
   "properties":{},
   "geometry":
   {"type":"LineString",
    "coordinates":
    [[21.9673884, 44.0275709], [21.9673991, 44.0275082],
     [21.967381600000003, 44.027332400000006]]}},
  {"type":"Feature",
   "properties":{},
   "geometry":
   {"type":"LineString",
    "coordinates":
    [[21.967381600000003, 44.027332400000006],
     [21.9674011, 44.027283600000004],
     [21.967442700000003, 44.027179600000004],
     [21.9672011, 44.0268657], [21.967093400000003, 44.0265957],
     [21.9670585, 44.0263634], [21.967027700000003, 44.0257239],
     [21.967020700000003, 44.0255786], [21.96702, 44.0255043],
     [21.9670178, 44.0252835], [21.9671604, 44.0245217],
     [21.967148700000003, 44.0242391], [21.967303, 44.023741],
     [21.967506800000002, 44.0234438], [21.967684300000002, 44.023268],
     [21.967957900000002, 44.0231876], [21.9681378, 44.0231347]]}},
  {"type":"Feature",
   "properties":{},
   "geometry":
   {"type":"LineString",
    "coordinates":
    [[21.9681378, 44.0231347],
     [21.968054900000002, 44.023116800000004],
     [21.9680415, 44.0231149],
     [21.967993200000002, 44.023100400000004],
     [21.967944900000003, 44.0230801],
     [21.9678559, 44.023022000000005],
     [21.9678159, 44.022995900000005], [21.9674903, 44.022815],
     [21.9670649, 44.0225098], [21.9669034, 44.0224283],
     [21.9668281, 44.022412700000004],
     [21.966759900000003, 44.0224053],
     [21.966675300000002, 44.022409700000004],
     [21.966443100000003, 44.022473600000005],
     [21.966275900000003, 44.022507700000006],
     [21.9661687, 44.0225201], [21.9660973, 44.0225226],
     [21.96599, 44.0225136], [21.965917700000002, 44.0225025],
     [21.9658385, 44.0224764], [21.965790600000002, 44.0224497],
     [21.9657501, 44.0224113], [21.965720100000002, 44.0223662],
     [21.9656382, 44.0221389], [21.965630800000003, 44.0221129],
     [21.9656318, 44.022076500000004],
     [21.965646300000003, 44.0219882],
     [21.9656576, 44.021928100000004], [21.9656638, 44.0218976],
     [21.9656667, 44.0215389], [21.965642000000003, 44.0214632],
     [21.965600700000003, 44.0214082],
     [21.9655346, 44.021375600000006],
     [21.9654603, 44.021357800000004],
     [21.964972000000003, 44.0213413], [21.9649091, 44.0213401],
     [21.964872900000003, 44.0213282]]}},
  {"type":"Feature",
   "properties":{},
   "geometry":
   {"type":"LineString",
    "coordinates":
    [[21.964872900000003, 44.0213282],
     [21.964842800000003, 44.0212967], [21.9646776, 44.0210121],
     [21.9645562, 44.020701700000004], [21.9645005, 44.0205562],
     [21.9644365, 44.0203579], [21.9644128, 44.020289600000005],
     [21.9643973, 44.020268800000004], [21.964374600000003, 44.020251],
     [21.9643106, 44.020225800000006],
     [21.964248700000002, 44.0202065], [21.964065, 44.0201812],
     [21.963971, 44.0201621]]}},
  {"type":"Feature",
   "properties":{},
   "geometry":
   {"type":"LineString",
    "coordinates":
    [[21.963971, 44.0201621], [21.963837700000003, 44.0201299],
     [21.9636716, 44.020063300000004],
     [21.9635059, 44.020023300000005], [21.9630297, 44.0200003]]}},
  {"type":"Feature",
   "properties":{},
   "geometry":
   {"type":"LineString",
    "coordinates":
    [[21.9574487, 44.0179903], [21.957867, 44.017883000000005],
     [21.9580263, 44.0179617], [21.9581258, 44.0184628],
     [21.958374600000003, 44.0186131],
     [21.958872300000003, 44.0187061], [21.9593998, 44.018971],
     [21.9596288, 44.0187849], [21.959837800000003, 44.0187849],
     [21.9601563, 44.0186274], [21.9607834, 44.0189566],
     [21.9610023, 44.0191499],
     [21.961639400000003, 44.019293100000006],
     [21.961994800000003, 44.0194209], [21.9620952, 44.0194569],
     [21.962216700000003, 44.0195006], [21.9630297, 44.0200003]]}},
  {"type":"Feature",
   "properties":{},
   "geometry":
   {"type":"LineString",
    "coordinates":
    [[21.9307877, 44.0117763], [21.9309011, 44.011746],
     [21.9311069, 44.011811800000004],
     [21.9313928, 44.012054400000004], [21.9315643, 44.012149],
     [21.931735800000002, 44.012313400000004],
     [21.931907300000002, 44.0123545],
     [21.932198800000002, 44.012379200000005],
     [21.9325818, 44.0124943], [21.9329363, 44.0124532],
     [21.9332336, 44.0125067],
     [21.933554800000003, 44.012548100000004],
     [21.9340335, 44.012617600000006], [21.9346636, 44.0126751],
     [21.9351005, 44.0128891], [21.935129500000002, 44.0134338],
     [21.9351057, 44.013704600000004],
     [21.935830600000003, 44.0139061], [21.936371, 44.0138662],
     [21.937018300000002, 44.013672400000004],
     [21.9384002, 44.014188600000004], [21.9391938, 44.0142663],
     [21.9408762, 44.0145977], [21.941718100000003, 44.0148676],
     [21.9422812, 44.0149836], [21.9426996, 44.015025900000005],
     [21.943357000000002, 44.0151745],
     [21.9435365, 44.015215100000006],
     [21.9439925, 44.015330600000006],
     [21.944255300000002, 44.015516000000005],
     [21.944888300000002, 44.015739700000005],
     [21.945156500000003, 44.015940400000005],
     [21.945435500000002, 44.0160252], [21.9461757, 44.0163724],
     [21.9468195, 44.0167505], [21.947441700000002, 44.0170514],
     [21.948064000000002, 44.0176455],
     [21.948836500000002, 44.017977200000004],
     [21.949051100000002, 44.0179695], [21.9492657, 44.0178692],
     [21.9494051, 44.0178924], [21.9495006, 44.0180151],
     [21.9497822, 44.0181981], [21.9502001, 44.0182634],
     [21.950627100000002, 44.018354900000006],
     [21.9509541, 44.018276500000006], [21.951263, 44.0183614],
     [21.9513448, 44.018452800000006],
     [21.951299300000002, 44.0186031], [21.9510268, 44.0190604],
     [21.9511086, 44.0191649], [21.951481, 44.019289],
     [21.9520988, 44.0195177], [21.9523259, 44.019530800000005],
     [21.952871000000002, 44.0199293],
     [21.9533616, 44.020171000000005], [21.9537169, 44.0203934],
     [21.9541065, 44.020602100000005],
     [21.954319100000003, 44.020653700000004],
     [21.9546661, 44.020768600000004],
     [21.955233500000002, 44.0207598],
     [21.9556894, 44.020956600000005],
     [21.956081100000002, 44.021246000000005],
     [21.9563329, 44.021400400000005], [21.9566655, 44.0214544],
     [21.9570195, 44.021369500000006],
     [21.957250400000003, 44.0209072],
     [21.9572454, 44.020679200000004],
     [21.957159200000003, 44.0203125],
     [21.957181000000002, 44.0197646], [21.957004, 44.0189049],
     [21.9570624, 44.018322000000005],
     [21.9571161, 44.018175500000005], [21.9574487, 44.0179903]]}},
  {"type":"Feature",
   "properties":{},
   "geometry":
   {"type":"LineString",
    "coordinates":
    [[21.9307877, 44.0117763], [21.9308333, 44.011650800000005],
     [21.930051900000002, 44.0105787],
     [21.9298417, 44.010248100000005],
     [21.929572500000003, 44.0099742], [21.9295002, 44.0097546],
     [21.929539600000002, 44.0096459],
     [21.929638100000002, 44.0096247], [21.929900800000002, 44.009653],
     [21.9301898, 44.009601100000005], [21.930413, 44.009416900000005],
     [21.9307301, 44.0093614], [21.9312733, 44.009275200000005],
     [21.9315655, 44.0091831], [21.9318774, 44.0091854],
     [21.932324, 44.009091000000005]]}},
  {"type":"Feature",
   "properties":{},
   "geometry":
   {"type":"LineString",
    "coordinates":
    [[21.932324, 44.009091000000005], [21.9323534, 44.008948100000005],
     [21.9322193, 44.0087629], [21.932053, 44.0085545],
     [21.932112, 44.008323000000004], [21.9320422, 44.0081841],
     [21.9320369, 44.0080607], [21.9322193, 44.0078716],
     [21.9326699, 44.0077173], [21.9327986, 44.0075475],
     [21.9329649, 44.007439500000004], [21.9330025, 44.0072813],
     [21.9331678, 44.0071616]]}},
  {"type":"Feature",
   "properties":{},
   "geometry":
   {"type":"LineString",
    "coordinates":
    [[21.9331678, 44.0071616], [21.9329642, 44.0070482],
     [21.9328493, 44.006951400000005],
     [21.932780400000002, 44.0068428],
     [21.932764000000002, 44.006764800000006],
     [21.932780400000002, 44.0066538],
     [21.932744300000003, 44.0066113],
     [21.9326687, 44.006547600000005],
     [21.9326031, 44.006441300000006], [21.9325669, 44.0063114],
     [21.932475, 44.006224], [21.9324553, 44.0061343],
     [21.9323371, 44.006032700000006],
     [21.932235300000002, 44.005973700000006],
     [21.932169700000003, 44.005976100000005],
     [21.9320777, 44.0059808], [21.9319726, 44.005952400000005],
     [21.9317986, 44.0058273], [21.9316016, 44.005669000000005],
     [21.9313784, 44.005489600000004], [21.9311912, 44.0053691],
     [21.9309581, 44.0052723], [21.9308103, 44.0051873],
     [21.9307085, 44.005057400000005],
     [21.930606700000002, 44.0049842],
     [21.9304656, 44.004936900000004], [21.9301996, 44.0047433]]}},
  {"type":"Feature",
   "properties":{},
   "geometry":
   {"type":"LineString",
    "coordinates":
    [[21.9301996, 44.0047433], [21.9301011, 44.0045425],
     [21.9300026, 44.0043607], [21.929950100000003, 44.0041883],
     [21.929966500000003, 44.004079600000004],
     [21.929913900000003, 44.0039828],
     [21.9297432, 44.003789100000006],
     [21.929588900000002, 44.0035411],
     [21.929391900000002, 44.003134900000006],
     [21.9292343, 44.002849100000006], [21.9290635, 44.0026153],
     [21.9289847, 44.0024925], [21.9289421, 44.002365000000005],
     [21.928846800000002, 44.002284700000004],
     [21.9288206, 44.0022445], [21.9287877, 44.002079200000004],
     [21.928715500000003, 44.00198], [21.928682700000003, 44.0018808],
     [21.9284988, 44.0017462], [21.9283478, 44.0015006],
     [21.928259100000002, 44.001323400000004],
     [21.928111400000002, 44.0011534],
     [21.9279997, 44.001014000000005],
     [21.9278027, 44.000853400000004],
     [21.927517100000003, 44.0004283],
     [21.927352900000002, 44.0003338],
     [21.9271132, 44.000111800000006],
     [21.9268669, 43.999948800000006],
     [21.926692900000003, 43.999745700000005],
     [21.926564900000002, 43.9994882], [21.9264434, 43.9993087],
     [21.9262398, 43.9991221], [21.9261774, 43.9989757],
     [21.9260592, 43.998869400000004],
     [21.925987000000003, 43.998720600000006],
     [21.9258524, 43.9986167], [21.925711200000002, 43.9985128],
     [21.9255536, 43.9984868], [21.925409100000003, 43.9984088],
     [21.9252088, 43.9983687],
     [21.924919900000003, 43.998354500000005],
     [21.9247163, 43.9982459], [21.9245127, 43.998186800000006],
     [21.924348600000002, 43.9981821],
     [21.924095700000002, 43.9980357],
     [21.923783800000002, 43.997964800000005],
     [21.9232763, 43.9977364], [21.9228224, 43.9975929],
     [21.9221553, 43.997325800000006],
     [21.921900800000003, 43.997207100000004],
     [21.9217014, 43.9972268], [21.921495, 43.997281300000004],
     [21.9212612, 43.997256500000006], [21.9209655, 43.9971131],
     [21.920711, 43.996925000000005], [21.920463400000003, 43.9968706],
     [21.9202365, 43.996672700000005], [21.9194593, 43.9962918],
     [21.919269200000002, 43.9962188]]}},
  {"type":"Feature",
   "properties":{},
   "geometry":
   {"type":"LineString",
    "coordinates":
    [[21.919269200000002, 43.9962188],
     [21.918737200000002, 43.9960147],
     [21.9183589, 43.995831700000004],
     [21.9179807, 43.995767300000004], [21.9175766, 43.9955591],
     [21.917311, 43.995431700000005], [21.9171684, 43.995254300000006],
     [21.9170021, 43.994922200000005],
     [21.9168866, 43.994778800000006]]}},
  {"type":"Feature",
   "properties":{},
   "geometry":
   {"type":"LineString",
    "coordinates":
    [[21.9168866, 43.994778800000006],
     [21.9166108, 43.993952500000006],
     [21.916431900000003, 43.9938121],
     [21.916082300000003, 43.9936542],
     [21.915700100000002, 43.993431900000004],
     [21.915480600000002, 43.9932973],
     [21.915309800000003, 43.993233000000004],
     [21.9152352, 43.9931678]]}},
  {"type":"Feature",
   "properties":{},
   "geometry":
   {"type":"LineString",
    "coordinates":
    [[21.9152352, 43.9931678], [21.9158808, 43.9928849],
     [21.9162839, 43.992400200000006], [21.9166665, 43.9916153],
     [21.916736, 43.9912118], [21.9167075, 43.9909107],
     [21.9165089, 43.9905915], [21.915566400000003, 43.9901199],
     [21.914866200000002, 43.9896612], [21.914183, 43.989169600000004],
     [21.9137829, 43.9887169],
     [21.913725600000003, 43.988223700000006],
     [21.913619, 43.987677600000005]]}},
  {"type":"Feature",
   "properties":{},
   "geometry":
   {"type":"LineString",
    "coordinates":
    [[21.913619, 43.987677600000005], [21.9133889, 43.987548800000006],
     [21.9129913, 43.9874748], [21.9125488, 43.9874445],
     [21.9116007, 43.9874194], [21.910398500000003, 43.9875209],
     [21.9096681, 43.987554], [21.909230100000002, 43.987612000000006],
     [21.908479500000002, 43.9876419],
     [21.907692700000002, 43.9877206], [21.9065878, 43.9875745],
     [21.9063304, 43.987549], [21.9058995, 43.987661900000006],
     [21.905654400000003, 43.987734100000004],
     [21.905448200000002, 43.987696500000006],
     [21.905333900000002, 43.9876013],
     [21.905159400000002, 43.9870644], [21.9049307, 43.9866055],
     [21.9041545, 43.9857613], [21.9034806, 43.9855232],
     [21.902806700000003, 43.9852591],
     [21.902541900000003, 43.984813100000004],
     [21.902433600000002, 43.9843672],
     [21.9022049, 43.984098800000005],
     [21.901759700000003, 43.9839342], [21.9014047, 43.9838217],
     [21.9012128, 43.983536900000004]]}},
  {"type":"Feature",
   "properties":{},
   "geometry":
   {"type":"LineString",
    "coordinates":
    [[21.8984126, 43.981908000000004], [21.8985628, 43.982101],
     [21.8989705, 43.982209000000005],
     [21.8997537, 43.982185900000005],
     [21.900386700000002, 43.982363400000004],
     [21.9012128, 43.983536900000004]]}},
  {"type":"Feature",
   "properties":{},
   "geometry":
   {"type":"LineString",
    "coordinates":
    [[21.946249700000003, 43.9397457],
     [21.9460526, 43.939806000000004], [21.9458379, 43.9398922],
     [21.945770600000003, 43.939915500000005], [21.9454436, 43.940029],
     [21.945253700000002, 43.9400929], [21.9450824, 43.9401791],
     [21.9448574, 43.9403069], [21.9439268, 43.940859700000004],
     [21.9433557, 43.9411105], [21.9428424, 43.941272600000005],
     [21.9421901, 43.9413053], [21.941699200000002, 43.9418062],
     [21.9413941, 43.9419951], [21.9401355, 43.9424134],
     [21.9395095, 43.9427936], [21.938932, 43.9429062],
     [21.9383723, 43.943114400000006],
     [21.937032900000002, 43.9432746], [21.936602, 43.9434455],
     [21.9363998, 43.943594700000006], [21.9359146, 43.9437884],
     [21.9354145, 43.9442278], [21.9346402, 43.94482],
     [21.934281300000002, 43.9451447],
     [21.934032300000002, 43.9451891], [21.933854, 43.945510500000005],
     [21.9331767, 43.946015100000004], [21.9323313, 43.9463796],
     [21.9314398, 43.947006300000005], [21.9313185, 43.9473107],
     [21.9313919, 43.9477234], [21.931599300000002, 43.9481486],
     [21.931541300000003, 43.9487456],
     [21.931527000000003, 43.949267500000005],
     [21.931410900000003, 43.949572800000006],
     [21.930878, 43.950355300000005], [21.9308471, 43.9506213],
     [21.930331300000002, 43.9510445], [21.9294991, 43.9515442],
     [21.9290206, 43.9519517], [21.9287235, 43.9520598],
     [21.928346700000002, 43.9522762],
     [21.9280091, 43.952412200000005],
     [21.927512200000002, 43.952656600000005], [21.92689, 43.9531452],
     [21.9262471, 43.9534347], [21.9255934, 43.953543800000006],
     [21.9246036, 43.953551000000004],
     [21.923378600000003, 43.9539911],
     [21.922560500000003, 43.954316500000004],
     [21.921764600000003, 43.9547254],
     [21.9212303, 43.955281400000004], [21.920152, 43.955926500000004],
     [21.919452900000003, 43.9566974],
     [21.9187583, 43.957232700000006],
     [21.917986300000003, 43.9583451],
     [21.917611500000003, 43.9584399],
     [21.9169994, 43.959265800000004],
     [21.9163651, 43.960018600000005], [21.9158227, 43.96146],
     [21.9157313, 43.961831700000005], [21.9153895, 43.9625306],
     [21.9144095, 43.963377900000005],
     [21.913501200000002, 43.963781700000006],
     [21.9133283, 43.964096000000005], [21.9131049, 43.9642861],
     [21.9128374, 43.9643871], [21.912550000000003, 43.9646527],
     [21.9122714, 43.9647178], [21.9116567, 43.965005700000006],
     [21.9110377, 43.9653806],
     [21.910396600000002, 43.965806400000005],
     [21.9100793, 43.9659144], [21.9098942, 43.966070300000005],
     [21.9090279, 43.966557300000005],
     [21.9087648, 43.966888000000004],
     [21.908046300000002, 43.967102100000005],
     [21.907549000000003, 43.9674435],
     [21.906970100000002, 43.9675534],
     [21.906121900000002, 43.967592800000006],
     [21.9055125, 43.967756400000006],
     [21.904983700000003, 43.967784300000005],
     [21.903713800000002, 43.9677382], [21.9027938, 43.9681678],
     [21.9014358, 43.968380800000006],
     [21.9005289, 43.968587400000004],
     [21.8992329, 43.968921300000005],
     [21.8983525, 43.969198000000006], [21.8980126, 43.9691362],
     [21.897796500000002, 43.969144400000005], [21.896698, 43.969458],
     [21.896148, 43.969466000000004], [21.895596, 43.969293500000006],
     [21.895240700000002, 43.969248900000004],
     [21.894023500000003, 43.9696215], [21.8932152, 43.9696135],
     [21.8925483, 43.969764700000006],
     [21.891860400000002, 43.9697742], [21.8916344, 43.9698823],
     [21.891442700000002, 43.9701755],
     [21.8903313, 43.970534400000005], [21.889733, 43.9708233],
     [21.8892342, 43.9720214], [21.8891028, 43.9721076],
     [21.888503, 43.9723066], [21.8883678, 43.9723721],
     [21.8876852, 43.973096000000005], [21.8876859, 43.9731469],
     [21.8877402, 43.973184800000006], [21.8878086, 43.9731867],
     [21.8886189, 43.9728287], [21.8895084, 43.9726342],
     [21.8903055, 43.9726463], [21.8910097, 43.9724657],
     [21.891802400000003, 43.9721897], [21.892291, 43.972185],
     [21.8925427, 43.9722967], [21.8924381, 43.972411],
     [21.892081400000002, 43.972531700000005],
     [21.8915627, 43.973059600000006], [21.8914629, 43.9734342],
     [21.8905537, 43.973780100000006],
     [21.8898833, 43.974705300000004],
     [21.889020300000002, 43.9753972],
     [21.8884137, 43.976000000000006],
     [21.887789700000003, 43.9760404], [21.8871475, 43.9761619],
     [21.886703200000003, 43.976227400000006],
     [21.8861676, 43.9763807], [21.8853113, 43.9768375],
     [21.8848571, 43.9769808], [21.885503200000002, 43.9772339],
     [21.885780500000003, 43.977661100000006],
     [21.886173600000003, 43.9778208],
     [21.8865941, 43.978114000000005], [21.886903500000003, 43.978357],
     [21.887060700000003, 43.9786571],
     [21.887143400000003, 43.978985300000005],
     [21.887327600000003, 43.979043000000004], [21.8875271, 43.979024],
     [21.8877554, 43.9789291], [21.8878953, 43.9789101],
     [21.888126200000002, 43.978894200000006],
     [21.8883817, 43.978932400000005],
     [21.888688900000002, 43.9791964], [21.8887734, 43.979422],
     [21.889112800000003, 43.9797591],
     [21.889621100000003, 43.9806042], [21.8898246, 43.9808126],
     [21.8899851, 43.9809203],
     [21.889703800000003, 43.981390000000005],
     [21.889915000000002, 43.981582], [21.8900034, 43.981801600000004],
     [21.8902378, 43.9821548], [21.890383800000002, 43.9824858],
     [21.890843800000003, 43.982673600000005],
     [21.8913148, 43.9826902], [21.8923877, 43.9825821],
     [21.8939004, 43.9827403], [21.894436900000002, 43.9826824],
     [21.894678300000002, 43.982686300000005],
     [21.8949304, 43.9825512], [21.895204, 43.9824508],
     [21.8955795, 43.982389100000006],
     [21.8959657, 43.982431500000004], [21.8962608, 43.9824624],
     [21.8966309, 43.982431500000004],
     [21.8973336, 43.982176800000005],
     [21.8979135, 43.982055300000006],
     [21.8984126, 43.981908000000004]]}},
  {"type":"Feature",
   "properties":{},
   "geometry":
   {"type":"LineString",
    "coordinates":
    [[21.9419279, 43.937013], [21.9422716, 43.9370064],
     [21.942467100000002, 43.937083400000006],
     [21.942748700000003, 43.937179900000004],
     [21.9430374, 43.9370543], [21.9433066, 43.9370254],
     [21.9435158, 43.9371148], [21.9435119, 43.937154400000004],
     [21.9436238, 43.937388000000006],
     [21.943800500000002, 43.9375723],
     [21.9442026, 43.937903600000006], [21.9442331, 43.9379694],
     [21.944565100000002, 43.9381032],
     [21.944726600000003, 43.9382918], [21.9448088, 43.9384937],
     [21.945013000000003, 43.9387416],
     [21.945006900000003, 43.938978500000005],
     [21.9449094, 43.939123300000006],
     [21.9449155, 43.939213200000005], [21.9456931, 43.9395291],
     [21.945952300000002, 43.9397004],
     [21.946249700000003, 43.9397457]]}},
  {"type":"Feature",
   "properties":{},
   "geometry":
   {"type":"LineString",
    "coordinates":
    [[21.940995, 43.9338552], [21.9409163, 43.9343999],
     [21.9407707, 43.9349792], [21.9407484, 43.9353141],
     [21.940889000000002, 43.935857000000006],
     [21.940928000000003, 43.936149500000006],
     [21.941424100000003, 43.936802], [21.9419279, 43.937013]]}},
  {"type":"Feature",
   "properties":{},
   "geometry":
   {"type":"LineString",
    "coordinates":
    [[21.940995, 43.9338552], [21.941287600000003, 43.933674],
     [21.9415863, 43.933274000000004], [21.9418879, 43.9329952],
     [21.9423692, 43.9322214], [21.9428924, 43.931599000000006],
     [21.9432052, 43.931395], [21.943376100000002, 43.9310022],
     [21.9436471, 43.930746500000005], [21.9437184, 43.9303794],
     [21.9438648, 43.930300900000006], [21.943916, 43.930168200000004],
     [21.944125200000002, 43.930229700000005],
     [21.944524700000002, 43.930565300000005]]}},
  {"type":"Feature",
   "properties":{},
   "geometry":
   {"type":"LineString",
    "coordinates":
    [[21.9412653, 43.9263442], [21.9413798, 43.926309700000004],
     [21.941490700000003, 43.926312100000004],
     [21.941689800000002, 43.926437], [21.9418888, 43.9267514],
     [21.9421393, 43.926954900000005],
     [21.9422998, 43.927343400000005],
     [21.942640100000002, 43.9280555],
     [21.9430318, 43.928740000000005],
     [21.9433271, 43.929267200000005],
     [21.943333600000003, 43.9295169],
     [21.943391400000003, 43.929725000000005],
     [21.9434085, 43.9298699], [21.943489800000002, 43.9299131],
     [21.943657, 43.9298555], [21.9437879, 43.929729800000004],
     [21.944071400000002, 43.9297246], [21.9442677, 43.929955],
     [21.944420400000002, 43.9303268],
     [21.944524700000002, 43.930565300000005]]}},
  {"type":"Feature",
   "properties":{},
   "geometry":
   {"type":"LineString",
    "coordinates":
    [[21.9400499, 43.925604500000006],
     [21.939949600000002, 43.9258425],
     [21.9399324, 43.925949100000004], [21.9399747, 43.9260968],
     [21.940039000000002, 43.926224100000006],
     [21.9400911, 43.926290300000005], [21.9401571, 43.9263338],
     [21.940220200000002, 43.926346900000006],
     [21.940337600000003, 43.926351200000006],
     [21.9404255, 43.9263593],
     [21.940703300000003, 43.926474600000006],
     [21.9407812, 43.9264937], [21.940873200000002, 43.9265021],
     [21.940986600000002, 43.9264847],
     [21.941131900000002, 43.926423400000004],
     [21.9412653, 43.9263442]]}},
  {"type":"Feature",
   "properties":{},
   "geometry":
   {"type":"LineString",
    "coordinates":
    [[21.934638600000003, 43.9151034], [21.9346837, 43.9152405],
     [21.9346436, 43.9154786], [21.9344383, 43.915594000000006],
     [21.934343100000003, 43.9156914],
     [21.934343100000003, 43.9162109],
     [21.934573500000003, 43.916780900000006],
     [21.934753800000003, 43.916900000000005],
     [21.9352796, 43.9169324], [21.93553, 43.9170731],
     [21.9356252, 43.9172499],
     [21.936116000000002, 43.917603400000004],
     [21.9366068, 43.9175818], [21.936827100000002, 43.9175818],
     [21.9372027, 43.918245600000006], [21.937353, 43.9183863],
     [21.937403, 43.918545], [21.937418100000002, 43.918732600000006],
     [21.9376384, 43.919219600000005],
     [21.937608400000002, 43.9193566], [21.9379038, 43.9200925],
     [21.9382895, 43.920839300000004],
     [21.938840300000003, 43.921200000000006],
     [21.9401975, 43.921683400000006], [21.9408636, 43.9220441],
     [21.9408995, 43.9223796], [21.9411959, 43.9224751],
     [21.941492200000003, 43.9224465],
     [21.941961000000003, 43.9222266], [21.9423435, 43.9220537],
     [21.9421259, 43.922576], [21.9419578, 43.922958200000004],
     [21.941865, 43.9232418], [21.9417632, 43.923397900000005],
     [21.9414833, 43.9236347], [21.9412932, 43.9239947],
     [21.9410013, 43.924294100000004], [21.9407812, 43.9245959],
     [21.9406293, 43.924829900000006],
     [21.940173700000003, 43.9254231],
     [21.9400499, 43.925604500000006]]}},
  {"type":"Feature",
   "properties":{},
   "geometry":
   {"type":"LineString",
    "coordinates":
    [[21.934638600000003, 43.9151034],
     [21.933290600000003, 43.9150706], [21.932485, 43.9150526],
     [21.9323771, 43.914599200000005], [21.9322063, 43.9142559],
     [21.931945600000002, 43.9139386], [21.931826, 43.913863],
     [21.9314722, 43.9138718], [21.9313116, 43.913834],
     [21.9313748, 43.913657300000004], [21.9312347, 43.913235],
     [21.9310106, 43.913051800000005],
     [21.930795200000002, 43.9127716], [21.9312651, 43.9124457],
     [21.931619700000002, 43.9120399], [21.9319309, 43.911732],
     [21.9320139, 43.9116184], [21.932001500000002, 43.9114689],
     [21.9317981, 43.9110354], [21.9316612, 43.9107872]]}},
  {"type":"Feature",
   "properties":{},
   "geometry":
   {"type":"LineString",
    "coordinates":
    [[21.9316612, 43.9107872], [21.931491, 43.9106766],
     [21.9314894, 43.9106311], [21.9314827, 43.910443400000005],
     [21.931428800000003, 43.9102819], [21.9315159, 43.9100248],
     [21.931459500000003, 43.9096272]]}},
  {"type":"Feature",
   "properties":{},
   "geometry":
   {"type":"LineString",
    "coordinates":
    [[21.9333104, 43.9079783], [21.933062, 43.908177900000005],
     [21.9323763, 43.9085655], [21.932062900000002, 43.9090732],
     [21.931459500000003, 43.9096272]]}},
  {"type":"Feature",
   "properties":{},
   "geometry":
   {"type":"LineString",
    "coordinates":
    [[21.9333104, 43.9079783], [21.932987200000003, 43.9079654],
     [21.9325556, 43.9078189], [21.932373000000002, 43.9076395],
     [21.932016100000002, 43.907478100000006],
     [21.9319455, 43.9073256], [21.9319206, 43.9069548],
     [21.931812700000002, 43.906754500000005],
     [21.931767100000002, 43.906497300000005],
     [21.9314973, 43.9058993], [21.9312276, 43.905373100000006],
     [21.9310616, 43.9050322], [21.9310906, 43.904793000000005]]}},
  {"type":"Feature",
   "properties":{},
   "geometry":
   {"type":"LineString",
    "coordinates":
    [[21.9310906, 43.904793000000005],
     [21.931206800000002, 43.9044013], [21.9312234, 43.9040036],
     [21.931464100000003, 43.903268100000005],
     [21.9318335, 43.902801600000004], [21.9319205, 43.9026353],
     [21.931930700000002, 43.9025273],
     [21.931906100000003, 43.9021648], [21.9318671, 43.9019119],
     [21.9318384, 43.90169], [21.931826, 43.901323100000006],
     [21.931821900000003, 43.901240300000005],
     [21.9316351, 43.9007195], [21.9315181, 43.900579],
     [21.931415400000002, 43.9002239], [21.9314113, 43.9000612],
     [21.9314298, 43.899932500000006], [21.9314585, 43.8997935],
     [21.9314688, 43.8997091], [21.9313764, 43.8990316],
     [21.93136, 43.8989576], [21.931306600000003, 43.898831900000005],
     [21.9312943, 43.8987697], [21.931308700000002, 43.8986943],
     [21.931417500000002, 43.8983274], [21.9314626, 43.8982534],
     [21.9315509, 43.8981572], [21.9316166, 43.8980862],
     [21.931639200000003, 43.8980404],
     [21.9316207, 43.897907200000006], [21.931514, 43.8975566],
     [21.931509900000002, 43.897490000000005],
     [21.9315509, 43.897390900000005],
     [21.931600200000002, 43.897312500000005],
     [21.9317339, 43.8971618],
     [21.932166900000002, 43.896874600000004], [21.932402, 43.8967222],
     [21.9329958, 43.8962872]]}},
  {"type":"Feature",
   "properties":{},
   "geometry":
   {"type":"LineString",
    "coordinates":
    [[21.9329958, 43.8962872], [21.9328268, 43.8963413],
     [21.932606800000002, 43.8964032],
     [21.9324218, 43.896439900000004],
     [21.932237100000002, 43.8964875], [21.9319072, 43.8965126],
     [21.931529, 43.896594900000004], [21.9312787, 43.896651500000004],
     [21.9310212, 43.896665000000006],
     [21.930844200000003, 43.8966738],
     [21.930821700000003, 43.8966744]]}},
  {"type":"Feature",
   "properties":{},
   "geometry":
   {"type":"LineString",
    "coordinates":
    [[21.930821700000003, 43.8966744], [21.9307431, 43.8966733]]}},
  {"type":"Feature",
   "properties":{},
   "geometry":
   {"type":"LineString",
    "coordinates":
    [[21.9307431, 43.8966733], [21.930719200000002, 43.8966731],
     [21.930513, 43.896662], [21.9303138, 43.896658300000006],
     [21.9301776, 43.8966622], [21.930128500000002, 43.896673],
     [21.930070200000003, 43.8966921],
     [21.929993900000003, 43.8967302], [21.9299095, 43.8967954],
     [21.929813900000003, 43.896936000000004],
     [21.9297158, 43.897131300000005], [21.9296519, 43.8972247],
     [21.929584600000002, 43.8972649],
     [21.929509300000003, 43.8972877],
     [21.929419000000003, 43.897297900000005],
     [21.9293154, 43.897287500000004],
     [21.9288059, 43.897208000000006], [21.9286965, 43.8972027],
     [21.9284158, 43.897205], [21.928067000000002, 43.897217100000006],
     [21.927877900000002, 43.897185]]}},
  {"type":"Feature",
   "properties":{},
   "geometry":
   {"type":"LineString",
    "coordinates":
    [[21.927877900000002, 43.897185], [21.927691600000003, 43.8970883],
     [21.9275257, 43.8970093], [21.9272618, 43.8969054],
     [21.9271481, 43.8968209], [21.9266998, 43.8962408],
     [21.9265776, 43.8958329],
     [21.926499200000002, 43.895594100000004],
     [21.9263185, 43.8954856], [21.926240200000002, 43.8953119],
     [21.9262462, 43.895068800000004],
     [21.925878700000002, 43.8946042], [21.9254147, 43.8937315],
     [21.9247219, 43.893093300000004], [21.923794, 43.8927155],
     [21.9232939, 43.8925375], [21.9228722, 43.892324800000004],
     [21.9228194, 43.892260500000006], [21.9225047, 43.8918776],
     [21.9217094, 43.8912045], [21.9214322, 43.8909614],
     [21.9219504, 43.8908311], [21.9222757, 43.890792100000006],
     [21.9224926, 43.890614], [21.9226794, 43.8899454],
     [21.9229927, 43.8892115], [21.923342100000003, 43.8888468],
     [21.923607200000003, 43.8883518], [21.924264, 43.887722200000006],
     [21.924607400000003, 43.8873314], [21.9248845, 43.8865063],
     [21.924944800000002, 43.8860461], [21.9250532, 43.8857681],
     [21.9252039, 43.8854685], [21.925487, 43.885355600000004],
     [21.925710000000002, 43.885069], [21.9258244, 43.8844828],
     [21.9258485, 43.883740200000005],
     [21.9258175, 43.883095000000004]]}},
  {"type":"Feature",
   "properties":{},
   "geometry":
   {"type":"LineString",
    "coordinates":
    [[21.9289409, 43.8828596],
     [21.928812200000003, 43.882918100000005],
     [21.9284903, 43.8830109],
     [21.928218100000002, 43.883080500000005],
     [21.9279659, 43.883142400000004],
     [21.927697700000003, 43.883172300000005],
     [21.927318200000002, 43.8831975],
     [21.9268971, 43.883241000000005],
     [21.9266302, 43.883255500000004],
     [21.926380700000003, 43.883236100000005],
     [21.926116500000003, 43.883191700000005],
     [21.9258175, 43.883095000000004]]}},
  {"type":"Feature",
   "properties":{},
   "geometry":
   {"type":"LineString",
    "coordinates":
    [[21.927245000000003, 43.8787917],
     [21.927293600000002, 43.878870500000005],
     [21.927326400000002, 43.8789828],
     [21.927368700000002, 43.879127700000005],
     [21.9274087, 43.879314900000004], [21.9274275, 43.8796339],
     [21.9274248, 43.8800013], [21.9273899, 43.880229400000005],
     [21.9273497, 43.880488400000004], [21.9273524, 43.880616],
     [21.9273738, 43.880705000000006],
     [21.9274597, 43.880865400000005], [21.9276313, 43.8811535],
     [21.9277467, 43.881343], [21.9278379, 43.881457000000005],
     [21.927916200000002, 43.881522700000005],
     [21.9279371, 43.8815402], [21.9281115, 43.881621300000006],
     [21.928259, 43.881706400000006],
     [21.928430600000002, 43.881810800000004],
     [21.9285755, 43.8819597], [21.9286372, 43.8820795],
     [21.9286533, 43.882187800000004],
     [21.928639500000003, 43.8822826],
     [21.928604800000002, 43.882420700000004],
     [21.9285824, 43.882541100000005],
     [21.928590500000002, 43.8826131], [21.9286415, 43.882688],
     [21.9287414, 43.882770300000004], [21.9288558, 43.8828277],
     [21.9289409, 43.8828596]]}},
  {"type":"Feature",
   "properties":{},
   "geometry":
   {"type":"LineString",
    "coordinates":
    [[21.9264161, 43.877528600000005],
     [21.9264143, 43.877565700000005],
     [21.926473700000003, 43.877728100000006],
     [21.9265189, 43.877844100000004],
     [21.926630300000003, 43.877990600000004],
     [21.9267974, 43.8781389], [21.9269031, 43.878278800000004],
     [21.9270289, 43.8784377], [21.9271421, 43.8786238],
     [21.9271843, 43.8786932], [21.927245000000003, 43.8787917]]}},
  {"type":"Feature",
   "properties":{},
   "geometry":
   {"type":"LineString",
    "coordinates":
    [[21.922176500000003, 43.871988900000005],
     [21.922455300000003, 43.8723704],
     [21.922503600000002, 43.872730100000005],
     [21.922581400000002, 43.8730781],
     [21.922624600000002, 43.8731925],
     [21.9226807, 43.873341100000005],
     [21.922715500000002, 43.8735615],
     [21.922688700000002, 43.8737104], [21.9226485, 43.8738941],
     [21.922678, 43.8740758], [21.922745000000003, 43.8743233],
     [21.922822800000002, 43.874491500000005],
     [21.9231152, 43.874965200000005],
     [21.923273400000003, 43.8752823], [21.9233566, 43.875379],
     [21.923474600000002, 43.8754447],
     [21.923624800000002, 43.8754737],
     [21.9238125, 43.875498900000004], [21.9240593, 43.8755395],
     [21.9243275, 43.875566500000005],
     [21.9245743, 43.875576200000005],
     [21.9247996, 43.875553000000004],
     [21.9249444, 43.875510500000004], [21.9250812, 43.8754621],
     [21.925183200000003, 43.875458300000005],
     [21.9254809, 43.8754621], [21.9257089, 43.8755047],
     [21.9258725, 43.8756149], [21.9259449, 43.8757328],
     [21.9260039, 43.876026700000004], [21.9260066, 43.876133],
     [21.9259556, 43.876249], [21.9259288, 43.876359300000004],
     [21.925939500000002, 43.8765159],
     [21.9260012, 43.876715000000004],
     [21.9260978, 43.877047600000004], [21.926307, 43.8773685],
     [21.9264161, 43.877528600000005]]}},
  {"type":"Feature",
   "properties":{},
   "geometry":
   {"type":"LineString",
    "coordinates":
    [[21.9221411, 43.8719431], [21.9221581, 43.871968300000006],
     [21.922176500000003, 43.871988900000005]]}},
  {"type":"Feature",
   "properties":{},
   "geometry":
   {"type":"LineString",
    "coordinates":
    [[21.9221411, 43.8719431],
     [21.922072800000002, 43.871885400000004],
     [21.922024500000003, 43.8718573],
     [21.9219773, 43.871833300000006],
     [21.921926600000003, 43.871818700000006],
     [21.921878000000003, 43.871810200000006],
     [21.9214045, 43.8717879], [21.921213100000003, 43.8717807],
     [21.9210801, 43.8717861], [21.9209783, 43.8718105],
     [21.920938200000002, 43.8718244],
     [21.9208588, 43.871857600000006], [21.9204197, 43.8720767]]}},
  {"type":"Feature",
   "properties":{},
   "geometry":
   {"type":"LineString",
    "coordinates":
    [[21.9204197, 43.8720767],
     [21.919986400000003, 43.872116500000004],
     [21.919767800000002, 43.8721368], [21.9194707, 43.8721745],
     [21.919399000000002, 43.872175500000004],
     [21.919347300000002, 43.8721673],
     [21.919211200000003, 43.8720711],
     [21.919075300000003, 43.871984700000006],
     [21.9188149, 43.8718136], [21.9186306, 43.8717247],
     [21.918104200000002, 43.871475800000006],
     [21.917932500000003, 43.87135], [21.917748600000003, 43.8711775],
     [21.917649500000003, 43.871046400000004],
     [21.9176064, 43.8709142],
     [21.917491300000002, 43.870395800000004],
     [21.917491300000002, 43.8702875], [21.9175261, 43.8701347],
     [21.917586500000002, 43.8699936], [21.9176897, 43.869719],
     [21.917742, 43.8695807], [21.917786300000003, 43.8693729],
     [21.9177876, 43.869334200000004],
     [21.917779600000003, 43.869277100000005],
     [21.917732700000002, 43.8691959], [21.917532, 43.868942600000004],
     [21.9170374, 43.8683064], [21.9165913, 43.867747800000004],
     [21.9164083, 43.867555100000004],
     [21.916002000000002, 43.8672121], [21.9159195, 43.8670921],
     [21.915813500000002, 43.8668977], [21.9157465, 43.866745],
     [21.915706200000002, 43.866540900000004], [21.9157531, 43.866204],
     [21.9157897, 43.865966500000006],
     [21.915914200000003, 43.8657659],
     [21.916097200000003, 43.865623400000004],
     [21.9166975, 43.865314700000006],
     [21.917001300000003, 43.8652117], [21.9173417, 43.8651722]]}},
  {"type":"Feature",
   "properties":{},
   "geometry":
   {"type":"LineString",
    "coordinates":
    [[21.9173417, 43.8651722], [21.917781, 43.865050800000006],
     [21.9182202, 43.864863400000004],
     [21.9186412, 43.864508400000005], [21.9187076, 43.8643152],
     [21.918785200000002, 43.8641334],
     [21.918985600000003, 43.863942300000005],
     [21.919158200000002, 43.863891200000005],
     [21.9194481, 43.8638477], [21.919515500000003, 43.8638193],
     [21.919653800000003, 43.8637158]]}},
  {"type":"Feature",
   "properties":{},
   "geometry":
   {"type":"LineString",
    "coordinates":
    [[21.919653800000003, 43.8637158], [21.9198342, 43.8635838]]}},
  {"type":"Feature",
   "properties":{},
   "geometry":
   {"type":"LineString",
    "coordinates":
    [[21.923249400000003, 43.8518635], [21.9232173, 43.8520449],
     [21.9232091, 43.852180100000005],
     [21.9232356, 43.852268300000006], [21.923307, 43.852440200000004],
     [21.923514800000003, 43.8527606],
     [21.923798100000003, 43.8531677], [21.9241201, 43.8536366],
     [21.924303600000002, 43.853927500000005],
     [21.924587000000002, 43.8543503], [21.9247356, 43.8546447],
     [21.9247723, 43.8547755], [21.9247927, 43.8548843],
     [21.9248008, 43.855094400000006], [21.924809, 43.855237],
     [21.924796800000003, 43.855331], [21.924753300000003, 43.8554102],
     [21.9246154, 43.85555], [21.924434100000003, 43.855692700000006],
     [21.924342900000003, 43.855777700000004],
     [21.9242169, 43.855897600000006],
     [21.924136400000002, 43.8560156], [21.9241123, 43.8561046],
     [21.9240977, 43.856221600000005], [21.924101800000003, 43.856614],
     [21.924112, 43.8571371], [21.924123, 43.8576537],
     [21.9241257, 43.857938000000004],
     [21.924104200000002, 43.858063800000004],
     [21.9240372, 43.8582533],
     [21.923924500000002, 43.858535700000004],
     [21.923814500000002, 43.8587677],
     [21.923739400000002, 43.858856700000004],
     [21.9235544, 43.859017200000004], [21.923262, 43.8592686],
     [21.9230689, 43.8594814], [21.9228999, 43.8596999],
     [21.9227524, 43.859875900000006], [21.922637, 43.860034500000005],
     [21.9225834, 43.8601679], [21.9225029, 43.8603575],
     [21.9223608, 43.8606205], [21.9222803, 43.8608197],
     [21.9221864, 43.860987900000005], [21.9220496, 43.8611136],
     [21.9217653, 43.8613689],
     [21.921639300000002, 43.861448200000005],
     [21.921459600000002, 43.861541], [21.921277200000002, 43.8616745],
     [21.921121600000003, 43.861800200000005],
     [21.920971400000003, 43.8619317],
     [21.9207863, 43.862055500000004],
     [21.9206012, 43.862219800000005],
     [21.920322300000002, 43.862465400000005],
     [21.9201801, 43.862591200000004], [21.920038, 43.8627033],
     [21.9199656, 43.8627903], [21.9199066, 43.862916000000006],
     [21.919882400000002, 43.863012700000006],
     [21.919895800000003, 43.8630998],
     [21.919930700000002, 43.8632081], [21.91993, 43.863307500000005],
     [21.919925900000003, 43.8633898],
     [21.919893300000002, 43.863480900000006],
     [21.9198342, 43.8635838]]}},
  {"type":"Feature",
   "properties":{},
   "geometry":
   {"type":"LineString",
    "coordinates":
    [[21.923507700000002, 43.845641400000005],
     [21.923627500000002, 43.845890700000005], [21.9236611, 43.845996],
     [21.923673800000003, 43.846088], [21.923661600000003, 43.8461335],
     [21.9236514, 43.8461762], [21.9235964, 43.8462217],
     [21.9234002, 43.846308400000005],
     [21.923056900000002, 43.846467000000004],
     [21.922809700000002, 43.8466068], [21.922667, 43.846692100000006],
     [21.922595700000002, 43.8467215], [21.9223858, 43.8467994],
     [21.9223022, 43.8468302],
     [21.922224800000002, 43.846871400000005],
     [21.922153400000003, 43.8469111],
     [21.9221106, 43.846956600000006], [21.9220699, 43.8470272],
     [21.922065800000002, 43.8470889], [21.9220475, 43.8472227],
     [21.9219945, 43.8474079], [21.921947600000003, 43.8476651],
     [21.9219109, 43.847819400000006],
     [21.9218559, 43.847956100000005],
     [21.9218009, 43.848044300000005],
     [21.921788600000003, 43.8481016], [21.9217948, 43.8481575],
     [21.921839600000002, 43.848322100000004], [21.9219924, 43.848641],
     [21.922051500000002, 43.8488879],
     [21.922141200000002, 43.849234800000005],
     [21.9222146, 43.849499400000006], [21.9222533, 43.8497051],
     [21.9222676, 43.849758], [21.922326700000003, 43.8498286],
     [21.922375600000002, 43.849858000000005],
     [21.9224286, 43.8498962], [21.9224856, 43.849974100000004],
     [21.922546800000003, 43.8501872], [21.9225794, 43.8502754],
     [21.922612, 43.850369400000005], [21.9226996, 43.8505076],
     [21.9228545, 43.8507383], [21.9230583, 43.850985300000005],
     [21.923117400000002, 43.851069], [21.9231908, 43.851224800000004],
     [21.9232397, 43.851390900000006], [21.9232581, 43.8515628],
     [21.923249400000003, 43.8518635]]}},
  {"type":"Feature",
   "properties":{},
   "geometry":
   {"type":"LineString",
    "coordinates":
    [[21.9318692, 43.8455231], [21.9316926, 43.8454422],
     [21.9315447, 43.8453766],
     [21.931329100000003, 43.845298400000004],
     [21.9309619, 43.8452136], [21.930767600000003, 43.8451791],
     [21.930529, 43.8451639], [21.930255000000002, 43.845145800000004],
     [21.9297574, 43.8451255], [21.929702300000002, 43.845134],
     [21.929376, 43.8451813], [21.9290862, 43.845213400000006],
     [21.9285664, 43.8453023], [21.9279353, 43.8453971],
     [21.9272251, 43.8454843], [21.9270834, 43.845498600000006],
     [21.9268368, 43.8454897], [21.9264088, 43.845480900000005],
     [21.925856500000002, 43.8454368],
     [21.925298100000003, 43.845395700000005],
     [21.924988300000003, 43.8453971],
     [21.924900700000002, 43.8454354],
     [21.924768200000003, 43.8454971],
     [21.9245726, 43.845561800000006],
     [21.9245403, 43.845566700000006],
     [21.9243892, 43.845589700000005],
     [21.924197600000003, 43.8455926], [21.9239347, 43.8456059],
     [21.923507700000002, 43.845641400000005]]}},
  {"type":"Feature",
   "properties":{},
   "geometry":
   {"type":"LineString",
    "coordinates":
    [[21.9318692, 43.8455231], [21.9331095, 43.8458267],
     [21.9338701, 43.846015900000005], [21.934082, 43.8460453],
     [21.9351194, 43.8462114], [21.9357179, 43.8462313],
     [21.936260700000002, 43.846223200000004],
     [21.936431900000002, 43.846205600000005],
     [21.9366336, 43.8461409], [21.9368456, 43.8460424],
     [21.937010800000003, 43.84591], [21.937332700000002, 43.8457117],
     [21.9374325, 43.8456309], [21.9375222, 43.8456015],
     [21.9377077, 43.845569100000006],
     [21.9378931, 43.845551500000006], [21.9381479, 43.8455397],
     [21.9384534, 43.8455476]]}},
  {"type":"Feature",
   "properties":{},
   "geometry":
   {"type":"LineString",
    "coordinates":
    [[21.9384534, 43.8455476], [21.9385145, 43.845493600000005],
     [21.938659400000002, 43.845385400000005], [21.938741, 43.8453627],
     [21.9393652, 43.8453661], [21.9401489, 43.8454812],
     [21.9406229, 43.845227300000005], [21.9410077, 43.8452003],
     [21.9418572, 43.844943], [21.943232300000002, 43.8443812],
     [21.9443492, 43.843954700000005], [21.944673, 43.8439513],
     [21.945071900000002, 43.8440664],
     [21.945780600000003, 43.8441239], [21.9460622, 43.8440461],
     [21.9462546, 43.8440359],
     [21.946855300000003, 43.844157800000005],
     [21.947338700000003, 43.8441916],
     [21.947854900000003, 43.844056200000004],
     [21.9481694, 43.8438159],
     [21.948441600000002, 43.843406300000005],
     [21.949624200000002, 43.843101700000005],
     [21.950056, 43.8431559]]}},
  {"type":"Feature",
   "properties":{},
   "geometry":
   {"type":"LineString",
    "coordinates":
    [[21.950056, 43.8431559], [21.950351700000002, 43.842438300000005],
     [21.9504549, 43.842079500000004],
     [21.9504643, 43.841781600000004], [21.9503564, 43.8413653],
     [21.9501147, 43.8409641], [21.9498293, 43.8407193],
     [21.9492893, 43.8403353], [21.9487029, 43.839962500000006],
     [21.9483712, 43.8396509], [21.9482246, 43.8393615],
     [21.948155200000002, 43.8390221],
     [21.9484098, 43.838610300000006]]}},
  {"type":"Feature",
   "properties":{},
   "geometry":
   {"type":"LineString",
    "coordinates":
    [[21.9484098, 43.838610300000006], [21.9486335, 43.838371],
     [21.948996100000002, 43.8382263],
     [21.950284500000002, 43.8379592], [21.9507474, 43.8377088],
     [21.951025100000003, 43.837469500000005],
     [21.951295100000003, 43.8366793], [21.9515806, 43.8362953],
     [21.9519203, 43.836028400000004],
     [21.952265200000003, 43.8357803], [21.9525046, 43.8355757],
     [21.952676, 43.835322100000006], [21.952815, 43.834803900000004],
     [21.9530566, 43.8344329]]}},
  {"type":"Feature",
   "properties":{},
   "geometry":
   {"type":"LineString",
    "coordinates":
    [[21.948177400000002, 43.8301135], [21.948291100000002, 43.830148],
     [21.9483293, 43.830163000000006],
     [21.9483794, 43.830178000000004],
     [21.948485700000003, 43.830202500000006],
     [21.9485871, 43.830219400000004],
     [21.9486749, 43.830238400000006],
     [21.948769600000002, 43.830268800000006],
     [21.9488913, 43.8303123], [21.9491422, 43.830416500000005],
     [21.9494086, 43.8305312], [21.9495641, 43.8305929],
     [21.9497289, 43.830654800000005],
     [21.949824000000003, 43.8306928],
     [21.9499131, 43.830730800000005],
     [21.9500178, 43.830783700000005],
     [21.9501104, 43.830832300000004], [21.950536, 43.8310523],
     [21.9507976, 43.8311992],
     [21.950974000000002, 43.831300500000005],
     [21.951180500000003, 43.831419100000005],
     [21.951397800000002, 43.8315482], [21.951684800000002, 43.831727],
     [21.9517554, 43.831771], [21.951976400000003, 43.831900100000006],
     [21.9520762, 43.831964500000005],
     [21.952188000000003, 43.8320397],
     [21.9522835, 43.832108500000004],
     [21.9523911, 43.832192500000005], [21.9525836, 43.8323411],
     [21.9526527, 43.832397900000004],
     [21.9527095, 43.832447300000005], [21.9527588, 43.8324967],
     [21.9528408, 43.8325776], [21.9528998, 43.832638200000005],
     [21.952958900000002, 43.8327053],
     [21.9530694, 43.832832200000006],
     [21.953126400000002, 43.8329034],
     [21.953163800000002, 43.8329487],
     [21.953183300000003, 43.8329724],
     [21.9532302, 43.833019400000005], [21.9532786, 43.833061],
     [21.9533391, 43.833104600000006],
     [21.9534035, 43.833147600000004],
     [21.9534738, 43.833192800000006],
     [21.9535199, 43.833226200000006], [21.9535601, 43.8332574],
     [21.953608000000003, 43.833306300000004], [21.953637, 43.8333418],
     [21.953691000000003, 43.8334197], [21.953723, 43.8334722],
     [21.9537508, 43.8335097],
     [21.953772700000002, 43.833541800000006],
     [21.9538133, 43.8335925], [21.953845700000002, 43.833641],
     [21.9538622, 43.833676100000005], [21.9538757, 43.8337091],
     [21.9538777, 43.833796], [21.9538742, 43.833829200000004],
     [21.9538663, 43.833871], [21.9538446, 43.833928900000004],
     [21.953823800000002, 43.8339737],
     [21.953808900000002, 43.834003300000006],
     [21.953782200000003, 43.8340474],
     [21.9536696, 43.834094900000004],
     [21.953539900000003, 43.8341438],
     [21.9534044, 43.834194800000006],
     [21.953318900000003, 43.8342352],
     [21.9532688, 43.834267100000005], [21.9532157, 43.834299],
     [21.953153800000003, 43.834339400000005],
     [21.9531037, 43.8343776], [21.9530566, 43.8344329]]}},
  {"type":"Feature",
   "properties":{},
   "geometry":
   {"type":"LineString",
    "coordinates":
    [[21.9483263, 43.8300118], [21.948177400000002, 43.8301135]]}},
  {"type":"Feature",
   "properties":{},
   "geometry":
   {"type":"LineString",
    "coordinates":
    [[21.9480343, 43.829585], [21.9483301, 43.8298652],
     [21.9483408, 43.829876500000005], [21.948349800000003, 43.829886],
     [21.9483612, 43.829901500000005],
     [21.948367700000002, 43.829912300000004],
     [21.948371700000003, 43.8299223], [21.948374, 43.829930000000004],
     [21.9483748, 43.8299431],
     [21.948373200000002, 43.829953800000006],
     [21.9483263, 43.8300118]]}},
  {"type":"Feature",
   "properties":{},
   "geometry":
   {"type":"LineString",
    "coordinates":
    [[21.9488534, 43.828586200000004],
     [21.9488197, 43.828652500000004],
     [21.9488048, 43.828673300000005], [21.9487877, 43.8286972],
     [21.9487436, 43.828728000000005],
     [21.9484129, 43.828903200000006], [21.948337900000002, 43.828946],
     [21.9482672, 43.8289873], [21.948214200000002, 43.8290182],
     [21.9481612, 43.8290475],
     [21.948123300000002, 43.829073300000005],
     [21.948078600000002, 43.829095800000005],
     [21.947958200000002, 43.8291684],
     [21.9478882, 43.829227100000004],
     [21.947852400000002, 43.8292829], [21.947841800000003, 43.829323],
     [21.947846700000003, 43.829343400000006],
     [21.947859, 43.829372500000005], [21.947879, 43.829407200000006],
     [21.9478985, 43.8294343], [21.9479179, 43.829458300000006],
     [21.947944500000002, 43.8294908], [21.9479967, 43.8295528],
     [21.9480343, 43.829585]]}},
  {"type":"Feature",
   "properties":{},
   "geometry":
   {"type":"LineString",
    "coordinates":
    [[21.949634600000003, 43.827204300000005],
     [21.9496216, 43.8272616], [21.949596900000003, 43.8273048],
     [21.9488552, 43.8284699], [21.9488506, 43.8285058],
     [21.9488534, 43.828586200000004]]}},
  {"type":"Feature",
   "properties":{},
   "geometry":
   {"type":"LineString",
    "coordinates":
    [[21.949617500000002, 43.8270933],
     [21.949634600000003, 43.827204300000005]]}},
  {"type":"Feature",
   "properties":{},
   "geometry":
   {"type":"LineString",
    "coordinates":
    [[21.9511512, 43.824366500000004], [21.9510976, 43.8245348],
     [21.951046, 43.8246867], [21.951012900000002, 43.824834200000005],
     [21.9510127, 43.8249493], [21.9510253, 43.825109700000006],
     [21.951018100000002, 43.8251563],
     [21.9509985, 43.825221400000004],
     [21.9509645, 43.825253100000005], [21.950766, 43.825380800000005],
     [21.950535300000002, 43.825531700000006],
     [21.9504081, 43.8256652], [21.950309, 43.825788800000005],
     [21.950229500000003, 43.8258646],
     [21.950145900000003, 43.825988300000006],
     [21.950038600000003, 43.8260851], [21.9499354, 43.8261492],
     [21.9498797, 43.826189400000004],
     [21.949864700000003, 43.8262206],
     [21.949842500000003, 43.826351700000004],
     [21.9496092, 43.826929500000006], [21.949601, 43.826989100000006],
     [21.949617500000002, 43.8270933]]}},
  {"type":"Feature",
   "properties":{},
   "geometry":
   {"type":"LineString",
    "coordinates":
    [[21.9511512, 43.824366500000004], [21.9511739, 43.8242355],
     [21.9511492, 43.8239376], [21.951180100000002, 43.8237734],
     [21.9511863, 43.8235594], [21.9512132, 43.8234462],
     [21.9512627, 43.823322600000004], [21.9513459, 43.8231933],
     [21.951626, 43.822735800000004], [21.951710600000002, 43.8225683],
     [21.951797300000003, 43.8224037],
     [21.951926200000003, 43.822264700000005],
     [21.952065400000002, 43.822160200000006],
     [21.9521462, 43.822080500000006], [21.9522267, 43.8219822],
     [21.9523116, 43.8218297],
     [21.952358800000003, 43.821726000000005],
     [21.9523547, 43.821612800000004],
     [21.952102800000002, 43.821049800000004],
     [21.952050500000002, 43.8208787], [21.952061, 43.820545100000004],
     [21.9521105, 43.820388300000005],
     [21.9522529, 43.820223000000006], [21.9526308, 43.8199188],
     [21.9528836, 43.819476200000004], [21.9529648, 43.8193919]]}},
  {"type":"Feature",
   "properties":{},
   "geometry":
   {"type":"LineString",
    "coordinates":
    [[21.9529648, 43.8193919], [21.952516900000003, 43.8188606],
     [21.952291600000002, 43.8185839],
     [21.952060900000003, 43.818302300000006],
     [21.9520319, 43.8182587], [21.952004600000002, 43.8182113],
     [21.951976400000003, 43.818156200000004],
     [21.9519579, 43.818113000000004],
     [21.951946900000003, 43.8180701],
     [21.9519375, 43.818023600000004], [21.951924100000003, 43.817922],
     [21.951900000000002, 43.817684], [21.951878500000003, 43.8174585],
     [21.951838300000002, 43.8170937], [21.9517981, 43.8167424],
     [21.951741700000003, 43.816173400000004],
     [21.951687200000002, 43.815582500000005],
     [21.951678700000002, 43.815438], [21.95168, 43.815391500000004],
     [21.9516867, 43.815355700000005],
     [21.951698500000003, 43.815322300000005],
     [21.9517203, 43.8152783], [21.951757800000003, 43.8152251],
     [21.951792700000002, 43.815182500000006],
     [21.951831600000002, 43.815142800000004],
     [21.951893100000003, 43.8150909],
     [21.951976400000003, 43.815021900000005],
     [21.952031400000003, 43.8149773], [21.952085, 43.814926],
     [21.952121100000003, 43.8148877], [21.9521441, 43.8148506],
     [21.952164200000002, 43.814810900000005],
     [21.952180300000002, 43.814775100000006],
     [21.952198300000003, 43.8147141]]}},
  {"type":"Feature",
   "properties":{},
   "geometry":
   {"type":"LineString",
    "coordinates":
    [[21.952198300000003, 43.8147141], [21.9519299, 43.8144641],
     [21.951493600000003, 43.8137783], [21.951297, 43.813396600000004],
     [21.951150300000002, 43.813019600000004],
     [21.9511498, 43.812861500000004], [21.9512801, 43.8125167],
     [21.9512801, 43.812226200000005],
     [21.951188600000002, 43.8118141],
     [21.9511739, 43.811626600000004],
     [21.951038500000003, 43.8114021], [21.9510861, 43.8111485],
     [21.950870100000003, 43.810791900000005],
     [21.950383300000002, 43.810298], [21.949929400000002, 43.8097591],
     [21.9497976, 43.809640200000004],
     [21.949929400000002, 43.809349700000006],
     [21.9500026, 43.809172700000005], [21.9498818, 43.8088319],
     [21.9499074, 43.808068500000005],
     [21.9497427, 43.807310400000006],
     [21.9495341, 43.806856100000005],
     [21.9495487, 43.806186600000004]]}},
  {"type":"Feature",
   "properties":{},
   "geometry":
   {"type":"LineString",
    "coordinates":
    [[21.9495487, 43.806186600000004], [21.9494162, 43.8062114],
     [21.949114700000003, 43.8060728],
     [21.949142900000002, 43.805528100000004], [21.948933, 43.805332],
     [21.948506400000003, 43.8048951], [21.948345, 43.804527],
     [21.9480855, 43.804346200000005], [21.9477853, 43.8041998],
     [21.947354800000003, 43.8039806],
     [21.947237100000002, 43.8039111],
     [21.947172400000003, 43.8038442]]}},
  {"type":"Feature",
   "properties":{},
   "geometry":
   {"type":"LineString",
    "coordinates":
    [[21.947883, 43.8009586], [21.947877300000002, 43.8010013],
     [21.94787, 43.8010335], [21.9478535, 43.801072100000006],
     [21.947831400000002, 43.801141], [21.947817500000003, 43.8011828],
     [21.9478106, 43.8012874], [21.947795600000003, 43.8015392],
     [21.947761500000002, 43.801644800000005],
     [21.947697400000003, 43.801786400000005],
     [21.947659400000003, 43.8018731],
     [21.947629300000003, 43.8020639], [21.9476073, 43.8021897],
     [21.9475672, 43.802327000000005],
     [21.947509200000002, 43.802445500000005],
     [21.947469100000003, 43.8025771],
     [21.947459000000002, 43.802670000000006],
     [21.947463600000003, 43.8028394],
     [21.947459000000002, 43.8029955],
     [21.9473808, 43.803194700000006], [21.9472957, 43.8033707],
     [21.9472151, 43.8036247], [21.947172400000003, 43.8038442]]}},
  {"type":"Feature",
   "properties":{},
   "geometry":
   {"type":"LineString",
    "coordinates":
    [[21.947883, 43.8009586], [21.947661500000002, 43.800811200000005],
     [21.9472051, 43.8005014], [21.9469998, 43.800356],
     [21.946903600000002, 43.800260200000004],
     [21.9468506, 43.8001967], [21.946819, 43.8001214],
     [21.9467855, 43.8000045], [21.946765000000003, 43.7998324],
     [21.9467389, 43.799702100000005], [21.946683, 43.7995784],
     [21.9466119, 43.799427300000005],
     [21.946532400000002, 43.799332400000004],
     [21.9464417, 43.7992566], [21.946345, 43.7991997],
     [21.9462978, 43.799173700000004],
     [21.9461525, 43.799072900000006], [21.9460517, 43.7989826],
     [21.9459927, 43.7989005], [21.9459741, 43.798855],
     [21.945967900000003, 43.7987887], [21.9459775, 43.7987005],
     [21.946013400000002, 43.798636800000004],
     [21.946079400000002, 43.7985533],
     [21.9461775, 43.798435600000005],
     [21.946236300000002, 43.7983678],
     [21.946270400000003, 43.7983172],
     [21.946304400000002, 43.7982554],
     [21.9463323, 43.798183800000004], [21.9463426, 43.7981252],
     [21.9463343, 43.798087], [21.946294100000003, 43.7980378],
     [21.946218700000003, 43.7979715], [21.946162, 43.7979216]]}},
  {"type":"Feature",
   "properties":{},
   "geometry":
   {"type":"LineString",
    "coordinates":
    [[21.946162, 43.7979216], [21.946169100000002, 43.797887],
     [21.946180400000003, 43.797837200000004],
     [21.9462131, 43.797769200000005]]}},
  {"type":"Feature",
   "properties":{},
   "geometry":
   {"type":"LineString",
    "coordinates":
    [[21.9462131, 43.797769200000005], [21.9459237, 43.7978687],
     [21.945838300000002, 43.7978996],
     [21.945792700000002, 43.7979208],
     [21.9457364, 43.797951600000005],
     [21.945675100000003, 43.797979700000006],
     [21.9456361, 43.797989900000005],
     [21.9454253, 43.798030000000004],
     [21.945258600000003, 43.7980474], [21.9450188, 43.7980778],
     [21.9446464, 43.798161300000004], [21.944036, 43.7983263],
     [21.943896300000002, 43.798356500000004],
     [21.943817000000003, 43.798362600000004], [21.9437016, 43.798369],
     [21.9432508, 43.798388900000006],
     [21.9429111, 43.798389300000004], [21.9427498, 43.7983969]]}},
  {"type":"Feature",
   "properties":{},
   "geometry":
   {"type":"LineString",
    "coordinates":
    [[21.9427498, 43.7983969], [21.9426232, 43.798401500000004],
     [21.942368300000002, 43.7983903],
     [21.9413737, 43.798277500000005],
     [21.9412328, 43.798261800000006],
     [21.9410956, 43.798269700000006],
     [21.940951100000003, 43.798251400000005],
     [21.9406548, 43.7981836], [21.9405067, 43.798131500000004],
     [21.940365800000002, 43.798115800000005],
     [21.940271900000003, 43.7981132],
     [21.940086100000002, 43.7981393],
     [21.9399163, 43.798134100000006],
     [21.939564800000003, 43.7981525],
     [21.9389918, 43.798261600000004],
     [21.9372377, 43.798747600000006], [21.9371036, 43.7987301],
     [21.9367066, 43.7984785], [21.9363257, 43.79831],
     [21.9362184, 43.7983022]]}},
  {"type":"Feature",
   "properties":{},
   "geometry":
   {"type":"LineString",
    "coordinates":
    [[21.9362184, 43.7983022], [21.9355425, 43.798294500000004],
     [21.9349712, 43.79825], [21.9345903, 43.798190000000005],
     [21.933665, 43.797917000000005], [21.9332117, 43.7977505],
     [21.9328469, 43.797642100000004], [21.932407, 43.7976073],
     [21.932251500000003, 43.797632400000005],
     [21.9319457, 43.7977408], [21.9314173, 43.7978899],
     [21.9309774, 43.797959600000006], [21.9305375, 43.7979538],
     [21.930258600000002, 43.797915100000004],
     [21.930057400000003, 43.7978299],
     [21.929880400000002, 43.7976712],
     [21.9295934, 43.797431100000004],
     [21.929373400000003, 43.797344]]}},
  {"type":"Feature",
   "properties":{},
   "geometry":
   {"type":"LineString",
    "coordinates":
    [[21.929373400000003, 43.797344], [21.9290489, 43.7971736],
     [21.928968400000002, 43.7970187], [21.9291401, 43.7966354],
     [21.929327800000003, 43.7963218],
     [21.929435100000003, 43.7958803],
     [21.929499500000002, 43.795485400000004],
     [21.9292313, 43.7947264], [21.929089100000002, 43.7942618],
     [21.9290999, 43.7940023], [21.9290489, 43.7939075],
     [21.928909400000002, 43.7937536],
     [21.928736400000002, 43.793199800000004],
     [21.9287485, 43.793040100000006],
     [21.9289899, 43.792832000000004],
     [21.9289872, 43.792691600000005],
     [21.929030100000002, 43.7925483], [21.9294459, 43.79177],
     [21.9297785, 43.791102], [21.9300815, 43.790697300000005],
     [21.9303095, 43.790281], [21.930829900000003, 43.7894833],
     [21.9316292, 43.788941200000004], [21.9322944, 43.7881511],
     [21.9330132, 43.78764], [21.934037800000002, 43.7871869],
     [21.9343597, 43.786729900000005],
     [21.9356632, 43.785765600000005], [21.9367951, 43.7851963],
     [21.937937700000003, 43.785029800000004],
     [21.938458100000002, 43.784967800000004],
     [21.938898000000002, 43.784843900000006],
     [21.9392198, 43.7847625],
     [21.939359300000003, 43.784561100000005], [21.9393727, 43.784443],
     [21.9392545, 43.7843442]]}},
  {"type":"Feature",
   "properties":{},
   "geometry":
   {"type":"LineString",
    "coordinates":
    [[21.932582800000002, 43.7815985],
     [21.933744100000002, 43.7820885], [21.9342429, 43.7822539],
     [21.9346436, 43.7826554], [21.935625, 43.7830273],
     [21.937409300000002, 43.783831500000005],
     [21.9385854, 43.783991900000004], [21.9392545, 43.7843442]]}},
  {"type":"Feature",
   "properties":{},
   "geometry":
   {"type":"LineString",
    "coordinates":
    [[21.932582800000002, 43.7815985],
     [21.931666800000002, 43.7812265], [21.9310535, 43.7807423],
     [21.9299658, 43.780453], [21.9281748, 43.7796972],
     [21.9277814, 43.779626400000005], [21.927388, 43.7792721],
     [21.926993600000003, 43.7793076],
     [21.9269247, 43.779012400000006]]}},
  {"type":"Feature",
   "properties":{},
   "geometry":
   {"type":"LineString",
    "coordinates":
    [[21.9269247, 43.779012400000006], [21.9271636, 43.7788206],
     [21.9279027, 43.778328], [21.928329100000003, 43.778027],
     [21.9286569, 43.777541500000005]]}},
  {"type":"Feature",
   "properties":{},
   "geometry":
   {"type":"LineString",
    "coordinates":
    [[21.9286569, 43.777541500000005], [21.9280525, 43.7744057],
     [21.928718200000002, 43.7729724]]}},
  {"type":"Feature",
   "properties":{},
   "geometry":
   {"type":"LineString",
    "coordinates":
    [[21.928718200000002, 43.7729724], [21.9287195, 43.7727607],
     [21.9287819, 43.7726373], [21.9290081, 43.772342900000005],
     [21.929079100000003, 43.772262500000004],
     [21.9292599, 43.772017600000005], [21.9293027, 43.7719691],
     [21.929633000000003, 43.7715947],
     [21.9299573, 43.771223600000006],
     [21.930000200000002, 43.771180300000005],
     [21.930060100000002, 43.771146300000005],
     [21.9301794, 43.7711126]]}},
  {"type":"Feature",
   "properties":{},
   "geometry":
   {"type":"LineString",
    "coordinates":
    [[21.9301794, 43.7711126],
     [21.930335200000002, 43.771014900000004],
     [21.930428300000003, 43.770972400000005],
     [21.9305953, 43.770915200000005],
     [21.930723800000003, 43.770861100000005],
     [21.9308319, 43.770795400000004], [21.9311605, 43.7705241],
     [21.9315812, 43.7702721], [21.9318467, 43.770120600000006],
     [21.9322054, 43.7698577], [21.932466, 43.769687700000006],
     [21.932922, 43.769187900000006], [21.9334048, 43.768529400000006],
     [21.933644100000002, 43.7682536], [21.9337136, 43.768202],
     [21.9338073, 43.7681605], [21.934452, 43.767879900000004]]}},
  {"type":"Feature",
   "properties":{},
   "geometry":
   {"type":"LineString",
    "coordinates":
    [[21.936156200000003, 43.7658385],
     [21.9357884, 43.766268000000004],
     [21.935417400000002, 43.766736900000005],
     [21.9351428, 43.7671173], [21.9349433, 43.767359500000005],
     [21.934795100000002, 43.7675222],
     [21.934452, 43.767879900000004]]}},
  {"type":"Feature",
   "properties":{},
   "geometry":
   {"type":"LineString",
    "coordinates":
    [[21.937481100000003, 43.764173500000005],
     [21.937261300000003, 43.764583300000005],
     [21.936885800000002, 43.765032700000006],
     [21.9365424, 43.7654201], [21.936156200000003, 43.7658385]]}},
  {"type":"Feature",
   "properties":{},
   "geometry":
   {"type":"LineString",
    "coordinates":
    [[21.903462700000002, 43.768374400000006],
     [21.904047000000002, 43.7682554],
     [21.9042937, 43.768394900000004], [21.9045083, 43.7685344],
     [21.9047121, 43.768573100000005], [21.9050125, 43.7685808],
     [21.9051551, 43.768564600000005],
     [21.905539400000002, 43.7686329],
     [21.905832200000003, 43.7687273],
     [21.9060355, 43.768798700000005],
     [21.906405600000003, 43.7687247],
     [21.906740900000003, 43.768804700000004],
     [21.9071265, 43.7688858],
     [21.907416700000002, 43.768881400000005],
     [21.9076659, 43.768783400000004],
     [21.9079577, 43.768824900000006], [21.908317, 43.768759],
     [21.908703300000003, 43.768782300000005],
     [21.9091074, 43.768922800000006], [21.9094006, 43.7689372],
     [21.9096903, 43.768976], [21.910042200000003, 43.7691012],
     [21.9104087, 43.769370800000004],
     [21.9106901, 43.769517300000004], [21.9108512, 43.7697567],
     [21.911052700000003, 43.7698814], [21.9112706, 43.7699367],
     [21.911507200000003, 43.7701731],
     [21.911545800000003, 43.7702116], [21.911778, 43.770315200000006],
     [21.911985400000002, 43.770343600000004],
     [21.9122378, 43.7704408],
     [21.912361800000003, 43.770440300000004],
     [21.9126176, 43.770406900000005],
     [21.912829900000002, 43.770307200000005],
     [21.9134092, 43.770252500000005], [21.9139287, 43.7701495],
     [21.9144279, 43.769987900000004], [21.9146971, 43.7700279],
     [21.9152165, 43.769994600000004], [21.915336, 43.7699657],
     [21.915766400000003, 43.7700149],
     [21.916069200000003, 43.770158900000006],
     [21.916290800000002, 43.770300500000005],
     [21.916600000000003, 43.7703593],
     [21.9169193, 43.770379000000005], [21.9171884, 43.7703398],
     [21.917404, 43.7704007], [21.917508100000003, 43.7703664],
     [21.917711200000003, 43.7700825], [21.9181473, 43.7697585],
     [21.919125700000002, 43.769191400000004],
     [21.9195192, 43.7692154], [21.9198115, 43.7693224],
     [21.919981200000002, 43.7692549],
     [21.920347000000003, 43.7692386],
     [21.920582000000003, 43.769361800000006],
     [21.9208441, 43.769350700000004],
     [21.921114900000003, 43.769194500000005], [21.921301, 43.769131],
     [21.9214904, 43.7689748], [21.9217704, 43.7688907],
     [21.9220639, 43.768806600000005],
     [21.922609100000003, 43.768638900000006],
     [21.9247035, 43.7677557], [21.924975, 43.7676626],
     [21.925175000000003, 43.7676503], [21.9252885, 43.7677149],
     [21.9254864, 43.767667200000005],
     [21.925670200000003, 43.7674383],
     [21.925701200000002, 43.766929700000006],
     [21.926076700000003, 43.766581], [21.926464300000003, 43.7660828],
     [21.9267441, 43.7658337], [21.926814, 43.765817000000006],
     [21.9272119, 43.7657219], [21.9281955, 43.7654184],
     [21.928989400000003, 43.7652152], [21.929668300000003, 43.764907],
     [21.9301996, 43.7646335], [21.9304691, 43.764509000000004],
     [21.9323748, 43.7638094], [21.9333831, 43.763386600000004],
     [21.933853600000003, 43.7632422],
     [21.9341812, 43.763246300000006], [21.9344344, 43.7634138],
     [21.9346678, 43.763395800000005], [21.9349485, 43.7632916],
     [21.935175400000002, 43.7632976],
     [21.935692900000003, 43.7634501],
     [21.9364686, 43.763290500000004],
     [21.936911900000002, 43.7632574],
     [21.9372803, 43.763361200000006], [21.9374764, 43.7635261],
     [21.937543, 43.7638547],
     [21.937481100000003, 43.764173500000005]]}},
  {"type":"Feature",
   "properties":{},
   "geometry":
   {"type":"LineString",
    "coordinates":
    [[21.8864191, 43.7738801], [21.886468, 43.7738564],
     [21.887352200000002, 43.7733548],
     [21.888897800000002, 43.772477800000004],
     [21.889028500000002, 43.7723936],
     [21.890196000000003, 43.771641100000004],
     [21.8914942, 43.7708199], [21.8922238, 43.7704248],
     [21.892695800000002, 43.770192300000005],
     [21.8929855, 43.7700916], [21.893586300000003, 43.7699754],
     [21.8941896, 43.7698033], [21.894841600000003, 43.7697662],
     [21.895388800000003, 43.7696733],
     [21.8967943, 43.769657800000004],
     [21.8971698, 43.769712000000006], [21.897835, 43.7697662],
     [21.8986503, 43.7696965],
     [21.899143900000002, 43.769564800000005],
     [21.900810500000002, 43.7690574], [21.9014709, 43.7689606],
     [21.9021414, 43.7686963], [21.9027236, 43.768523900000005],
     [21.903462700000002, 43.768374400000006]]}},
  {"type":"Feature",
   "properties":{},
   "geometry":
   {"type":"LineString",
    "coordinates":
    [[21.8922715, 43.775574600000006], [21.8921251, 43.7756266],
     [21.892074700000002, 43.77563], [21.8920411, 43.7756144],
     [21.892045900000003, 43.775586700000005], [21.892298, 43.7753804],
     [21.892511600000002, 43.775248700000006],
     [21.8925284, 43.775226100000005],
     [21.892487600000003, 43.7752123], [21.8915057, 43.775266],
     [21.891095200000002, 43.7753111],
     [21.8903798, 43.775444500000006],
     [21.890351000000003, 43.7754428],
     [21.890353400000002, 43.7754203],
     [21.890934400000003, 43.775075300000005],
     [21.890953600000003, 43.775032], [21.890872, 43.775030300000005],
     [21.890103800000002, 43.775274700000004],
     [21.8899909, 43.775285100000005], [21.8900149, 43.7752227],
     [21.8907953, 43.7747952], [21.89092, 43.774726900000005],
     [21.890958400000002, 43.7746853],
     [21.8908624, 43.774669700000004],
     [21.8906907, 43.774704500000006], [21.8902046, 43.7748032],
     [21.8897869, 43.774912400000005], [21.8897197, 43.7749072],
     [21.8897581, 43.77485], [21.890099000000003, 43.774645400000004],
     [21.8901518, 43.774600400000004],
     [21.8900173, 43.774596900000006], [21.8899669, 43.7746092],
     [21.888658600000003, 43.7749297],
     [21.887943200000002, 43.7748812],
     [21.8873792, 43.774815000000004], [21.8873278, 43.7747979],
     [21.8873515, 43.774766500000005],
     [21.888055400000002, 43.7744495], [21.888083, 43.7744238],
     [21.888118600000002, 43.7743582],
     [21.888154200000002, 43.7742383],
     [21.888146300000002, 43.774201100000006],
     [21.888102800000002, 43.7741697],
     [21.887675700000003, 43.7741041],
     [21.8872408, 43.774101200000004],
     [21.8871185, 43.774093400000005], [21.8868809, 43.7740784],
     [21.8867663, 43.7740584], [21.886616, 43.7740013],
     [21.8864285, 43.773918800000004],
     [21.886411000000003, 43.7739033], [21.8864124, 43.7738888],
     [21.8864191, 43.7738801]]}},
  {"type":"Feature",
   "properties":{},
   "geometry":
   {"type":"LineString",
    "coordinates":
    [[21.893310900000003, 43.7761044],
     [21.893258200000002, 43.776103400000004],
     [21.8930939, 43.776100400000004],
     [21.892948800000003, 43.7760733], [21.8929337, 43.7759926],
     [21.893114200000003, 43.7758814],
     [21.893121400000002, 43.775853600000005], [21.8930854, 43.775838],
     [21.8927181, 43.7758502], [21.8926653, 43.7758398],
     [21.892679700000002, 43.775806800000005],
     [21.8930013, 43.7755832], [21.8930422, 43.7755382],
     [21.8929893, 43.7755226], [21.89289, 43.7755196],
     [21.892816500000002, 43.775517400000005],
     [21.8922715, 43.775574600000006]]}},
  {"type":"Feature",
   "properties":{},
   "geometry":
   {"type":"LineString",
    "coordinates":
    [[21.887806, 43.775504600000005], [21.887983400000003, 43.7755364],
     [21.888157500000002, 43.775619400000004],
     [21.8885223, 43.7756248], [21.8889351, 43.7755865],
     [21.889318600000003, 43.775620100000005],
     [21.8896523, 43.7756739],
     [21.890009300000003, 43.775674900000006],
     [21.890663800000002, 43.775772100000005],
     [21.8913143, 43.7758392], [21.8919941, 43.775959300000004],
     [21.892385400000002, 43.7759804],
     [21.8929005, 43.776085900000005], [21.8929757, 43.776105],
     [21.893089500000002, 43.776113900000006],
     [21.8932319, 43.776113800000005],
     [21.893310900000003, 43.7761044]]}},
  {"type":"Feature",
   "properties":{},
   "geometry":
   {"type":"LineString",
    "coordinates":
    [[21.8832658, 43.7755494], [21.8836553, 43.7755846],
     [21.8840425, 43.775629], [21.8843736, 43.775579300000004],
     [21.8849555, 43.7755079],
     [21.885334200000003, 43.775468100000005],
     [21.885598100000003, 43.7754917],
     [21.886005800000003, 43.7754009],
     [21.886298500000002, 43.7753759], [21.8867106, 43.7753188],
     [21.8872131, 43.7752319], [21.887368900000002, 43.7752421],
     [21.8875317, 43.775405600000006],
     [21.887806, 43.775504600000005]]}},
  {"type":"Feature",
   "properties":{},
   "geometry":
   {"type":"LineString",
    "coordinates":
    [[21.8832658, 43.7755494],
     [21.883156600000003, 43.775465100000005],
     [21.883178, 43.775379900000004], [21.8830493, 43.7753025],
     [21.883006400000003, 43.775077800000005],
     [21.8830922, 43.7750003], [21.8830332, 43.7748725],
     [21.8825442, 43.774722600000004],
     [21.8822347, 43.774368200000005],
     [21.8821429, 43.774260000000005],
     [21.881230300000002, 43.7740985],
     [21.880583700000003, 43.774231500000006],
     [21.8799433, 43.7740862], [21.8796643, 43.7738383],
     [21.879498, 43.7735865], [21.879481900000002, 43.7734432],
     [21.8792298, 43.773090700000004],
     [21.8787041, 43.772807900000004], [21.8785753, 43.7724361],
     [21.8787309, 43.7722734], [21.8791654, 43.7720526],
     [21.8788114, 43.771545100000004],
     [21.8788275, 43.771181000000006],
     [21.879283400000002, 43.7706077], [21.8797287, 43.7699453],
     [21.879996900000002, 43.7693797]]}},
  {"type":"Feature",
   "properties":{},
   "geometry":
   {"type":"LineString",
    "coordinates":
    [[21.8822264, 43.757152000000005], [21.8822532, 43.7574058],
     [21.8821781, 43.757514300000004],
     [21.8821996, 43.757785500000004], [21.8818884, 43.7582504],
     [21.8814914, 43.758575900000004],
     [21.881276900000003, 43.7588548],
     [21.8811052, 43.759211300000004],
     [21.8811052, 43.759335300000004], [21.8813949, 43.7597305],
     [21.8813949, 43.759901], [21.881459300000003, 43.760024900000005],
     [21.8816095, 43.760117900000004],
     [21.8817275, 43.760272900000004],
     [21.8817919, 43.760482100000004], [21.881706, 43.7607301],
     [21.8818133, 43.760916], [21.881716800000003, 43.761303500000004],
     [21.8817275, 43.7614275], [21.8820923, 43.761776100000006],
     [21.882103, 43.7619156], [21.8821996, 43.762109300000006],
     [21.8821781, 43.7622875], [21.8822639, 43.7624658],
     [21.8824034, 43.7633181], [21.8825, 43.7635815],
     [21.8824678, 43.763783000000004], [21.8825858, 43.7639225],
     [21.882596500000002, 43.7641782],
     [21.882746700000002, 43.7644803], [21.8825718, 43.7648084],
     [21.882427, 43.7651532], [21.8824055, 43.7655096],
     [21.882373400000002, 43.7658196],
     [21.8815794, 43.766617600000004],
     [21.881026900000002, 43.768101300000005],
     [21.880721100000002, 43.7685623],
     [21.880082700000003, 43.769124000000005],
     [21.879996900000002, 43.7693797]]}},
  {"type":"Feature",
   "properties":{},
   "geometry":
   {"type":"LineString",
    "coordinates":
    [[21.8831136, 43.7554243], [21.8831759, 43.7556622],
     [21.8831531, 43.7557362], [21.883133, 43.7558017],
     [21.882864700000003, 43.7558869], [21.8826609, 43.7559644],
     [21.8823927, 43.7560109], [21.8822425, 43.756080600000004],
     [21.8820064, 43.7562511], [21.8819635, 43.7563596],
     [21.882124400000002, 43.7566076], [21.8822103, 43.7569718],
     [21.8822264, 43.757152000000005]]}},
  {"type":"Feature",
   "properties":{},
   "geometry":
   {"type":"LineString",
    "coordinates":
    [[21.8831136, 43.7554243], [21.8837309, 43.7554315]]}},
  {"type":"Feature",
   "properties":{},
   "geometry":
   {"type":"LineString",
    "coordinates":
    [[21.8837309, 43.7554315], [21.8844974, 43.7552522],
     [21.8850285, 43.7551476],
     [21.885656100000002, 43.754946100000005],
     [21.8860853, 43.754748500000005],
     [21.8863749, 43.754674800000004], [21.887024, 43.754446200000004],
     [21.8873727, 43.7543067], [21.887941400000003, 43.7539929],
     [21.8882847, 43.753865000000005], [21.8886065, 43.7536945],
     [21.888998100000002, 43.753407800000005],
     [21.8894112, 43.7530784],
     [21.889738400000002, 43.752919600000006],
     [21.889901300000002, 43.7528122], [21.890381, 43.752515800000005],
     [21.8909454, 43.752063500000006], [21.891642, 43.751503]]}},
  {"type":"Feature",
   "properties":{},
   "geometry":
   {"type":"LineString",
    "coordinates":
    [[21.891642, 43.751503], [21.891881100000003, 43.7512516],
     [21.892106400000003, 43.750992000000004],
     [21.8919788, 43.750774500000006], [21.892019, 43.750666],
     [21.8920995, 43.7505691],
     [21.892225500000002, 43.750452800000005],
     [21.892348900000002, 43.7503211],
     [21.892453500000002, 43.7501874], [21.892593, 43.7500653],
     [21.892783400000003, 43.749951], [21.89288, 43.7498522],
     [21.892992600000003, 43.749778600000006],
     [21.8930946, 43.7496914], [21.8931723, 43.749559600000005],
     [21.893268900000002, 43.7494415], [21.893424500000002, 43.749333],
     [21.893619400000002, 43.749208700000004],
     [21.8938776, 43.749097000000006], [21.8941491, 43.7489275],
     [21.894187600000002, 43.748856100000005]]}},
  {"type":"Feature",
   "properties":{},
   "geometry":
   {"type":"LineString",
    "coordinates":
    [[21.894187600000002, 43.748856100000005],
     [21.894289500000003, 43.7486669],
     [21.894144700000002, 43.748399600000006],
     [21.8940911, 43.7480275], [21.8939194, 43.7475625],
     [21.893704800000002, 43.7473959],
     [21.8936512, 43.747163400000005],
     [21.8936673, 43.746810700000005],
     [21.8934795, 43.746543300000006], [21.893281, 43.7463186],
     [21.893163, 43.745950400000005], [21.893045, 43.7457192],
     [21.8932748, 43.7452544],
     [21.893100200000003, 43.744736100000004],
     [21.8927574, 43.7442687], [21.892636900000003, 43.7440118],
     [21.892473600000002, 43.7437727],
     [21.892497000000002, 43.743459300000005],
     [21.8925795, 43.743196600000005],
     [21.8923881, 43.743107200000004],
     [21.892292700000002, 43.742749700000005],
     [21.891894500000003, 43.7420527],
     [21.8918138, 43.741742800000004], [21.8919089, 43.7412456],
     [21.891950700000002, 43.740745600000004],
     [21.8921491, 43.7403193], [21.8925729, 43.739792200000004],
     [21.8928197, 43.739493800000005],
     [21.8929967, 43.739133300000006], [21.8930772, 43.7387031],
     [21.893082500000002, 43.738342700000004],
     [21.8932113, 43.737959000000004], [21.8934581, 43.7377729],
     [21.8935827, 43.7373679], [21.8936391, 43.737098],
     [21.8938053, 43.7368979], [21.893882400000003, 43.7365006],
     [21.894038100000003, 43.736277300000005],
     [21.894187600000002, 43.7360684],
     [21.894341200000003, 43.735890600000005],
     [21.894552400000002, 43.735645000000005],
     [21.895078100000003, 43.7355985],
     [21.895169300000003, 43.735521000000006],
     [21.8956158, 43.735382400000006],
     [21.8958446, 43.735468700000006], [21.896045, 43.735282100000006],
     [21.8962052, 43.7351581],
     [21.896413900000002, 43.735106300000005],
     [21.896607000000003, 43.7350365], [21.8968108, 43.7348737],
     [21.897130800000003, 43.734787000000004],
     [21.897561800000002, 43.7346256],
     [21.897878300000002, 43.7344396], [21.8981061, 43.7342646]]}},
  {"type":"Feature",
   "properties":{},
   "geometry":
   {"type":"LineString",
    "coordinates":
    [[21.8981061, 43.7342646], [21.898388, 43.7340481],
     [21.898586400000003, 43.734040400000005],
     [21.899042400000003, 43.7337574],
     [21.899380400000002, 43.7334977], [21.8999436, 43.7330015],
     [21.9001099, 43.732895], [21.9001689, 43.7327418],
     [21.9000777, 43.7324628], [21.900040200000003, 43.7322031],
     [21.900045600000002, 43.7319395],
     [21.899968700000002, 43.7318185]]}},
  {"type":"Feature",
   "properties":{},
   "geometry":
   {"type":"LineString",
    "coordinates":
    [[21.9005642, 43.7295925], [21.900542700000003, 43.7297524],
     [21.900569500000003, 43.7299462],
     [21.900623200000002, 43.730147800000005],
     [21.900666100000002, 43.7303804], [21.9006125, 43.7306323],
     [21.9005534, 43.7308455], [21.900499800000002, 43.7309773],
     [21.900355, 43.7311362], [21.9001887, 43.731306800000006],
     [21.9001243, 43.7314657], [21.9000546, 43.7316828],
     [21.899968700000002, 43.7318185]]}},
  {"type":"Feature",
   "properties":{},
   "geometry":
   {"type":"LineString",
    "coordinates":
    [[21.899075500000002, 43.7281137], [21.8992338, 43.7281757],
     [21.8994323, 43.7282512], [21.899590500000002, 43.728321],
     [21.899789000000002, 43.728419900000006],
     [21.8999419, 43.7285459], [21.9000653, 43.7286544],
     [21.900135000000002, 43.7287552],
     [21.900255700000002, 43.7289219], [21.9003389, 43.7290537],
     [21.900411300000002, 43.729199], [21.9004622, 43.7293405],
     [21.9005213, 43.729491700000004], [21.9005642, 43.7295925]]}},
  {"type":"Feature",
   "properties":{},
   "geometry":
   {"type":"LineString",
    "coordinates":
    [[21.897904500000003, 43.7281816], [21.8982838, 43.7281351],
     [21.8987009, 43.7281137], [21.899075500000002, 43.7281137]]}},
  {"type":"Feature",
   "properties":{},
   "geometry":
   {"type":"LineString",
    "coordinates":
    [[21.897904500000003, 43.7281816],
     [21.8978939, 43.728177300000006], [21.8976437, 43.7280743],
     [21.8974736, 43.727689700000006], [21.8970148, 43.7272684],
     [21.8961384, 43.7266751],
     [21.895894900000002, 43.726198600000004],
     [21.8958784, 43.725566400000005],
     [21.8958458, 43.724786900000005],
     [21.895515500000002, 43.7246649], [21.895303300000002, 43.724477],
     [21.8949539, 43.7244308], [21.8946888, 43.724255500000005],
     [21.894523000000003, 43.723964], [21.894509000000003, 43.723699],
     [21.8944951, 43.7233815], [21.894102, 43.7234913],
     [21.893489000000002, 43.723601], [21.8928468, 43.7236258],
     [21.892713500000003, 43.7235159],
     [21.892578500000003, 43.7233564],
     [21.8926044, 43.722731800000005],
     [21.892406700000002, 43.722182200000006],
     [21.892483900000002, 43.721953600000006],
     [21.8938302, 43.719854500000004],
     [21.894077300000003, 43.719338]]}},
  {"type":"Feature",
   "properties":{},
   "geometry":
   {"type":"LineString",
    "coordinates":
    [[21.895197800000002, 43.7174105],
     [21.895244100000003, 43.717959300000004],
     [21.894734800000002, 43.7183006],
     [21.894401400000003, 43.7187959],
     [21.894077300000003, 43.719338]]}},
  {"type":"Feature",
   "properties":{},
   "geometry":
   {"type":"LineString",
    "coordinates":
    [[21.895197800000002, 43.7174105], [21.8948459, 43.7168884],
     [21.894781100000003, 43.7160518], [21.8950104, 43.7156159],
     [21.8951144, 43.7151282], [21.8949779, 43.714420100000005],
     [21.8945218, 43.7136222],
     [21.894363600000002, 43.713421800000006]]}},
  {"type":"Feature",
   "properties":{},
   "geometry":
   {"type":"LineString",
    "coordinates":
    [[21.894363600000002, 43.713421800000006],
     [21.8943456, 43.713153000000005],
     [21.894846700000002, 43.7122207], [21.8952561, 43.7113104],
     [21.895281100000002, 43.7111122]]}},
  {"type":"Feature",
   "properties":{},
   "geometry":
   {"type":"LineString",
    "coordinates":
    [[21.895281100000002, 43.7111122], [21.8950734, 43.7108702],
     [21.8949527, 43.7106976], [21.8948427, 43.710494000000004],
     [21.8947059, 43.710228400000005], [21.8946469, 43.7100093],
     [21.894612000000002, 43.709908500000004]]}},
  {"type":"Feature",
   "properties":{},
   "geometry":
   {"type":"LineString",
    "coordinates":
    [[21.894612000000002, 43.709908500000004],
     [21.8945292, 43.709500600000005], [21.894676, 43.7091974],
     [21.894508300000002, 43.7087957],
     [21.893952600000002, 43.7084319],
     [21.8937697, 43.708046700000004]]}},
  {"type":"Feature",
   "properties":{},
   "geometry":
   {"type":"LineString",
    "coordinates":
    [[21.8937697, 43.708046700000004],
     [21.8943951, 43.706444600000005],
     [21.894921200000002, 43.7052631], [21.8951059, 43.7046572],
     [21.894991700000002, 43.7036378],
     [21.894876800000002, 43.7022818], [21.8948019, 43.7018733],
     [21.894614800000003, 43.7015724]]}},
  {"type":"Feature",
   "properties":{},
   "geometry":
   {"type":"LineString",
    "coordinates":
    [[21.894614800000003, 43.7015724],
     [21.894464600000003, 43.7011072], [21.8945371, 43.7009794],
     [21.8945164, 43.7008397], [21.894632100000003, 43.700606],
     [21.8949187, 43.7004564], [21.8950126, 43.7001787],
     [21.8952166, 43.699971600000005],
     [21.8952952, 43.699615300000005],
     [21.895681200000002, 43.6990284], [21.8958529, 43.6985699],
     [21.896160000000002, 43.698016700000004],
     [21.8966023, 43.697503700000006],
     [21.8969324, 43.696969700000004],
     [21.8973449, 43.696515500000004], [21.8977916, 43.6961491],
     [21.8979764, 43.6960594], [21.898205800000003, 43.6958081],
     [21.898580300000003, 43.695185300000006],
     [21.8989936, 43.694753500000004]]}},
  {"type":"Feature",
   "properties":{},
   "geometry":
   {"type":"LineString",
    "coordinates":
    [[21.900084900000003, 43.687216400000004],
     [21.9001249, 43.687457800000004],
     [21.899959000000003, 43.6882096],
     [21.899857200000003, 43.6886024], [21.8997487, 43.6890665],
     [21.899698700000002, 43.690151], [21.8994243, 43.690863300000004],
     [21.899078300000003, 43.691401600000006], [21.8990984, 43.692072],
     [21.899030200000002, 43.692482000000005],
     [21.8991067, 43.6928573], [21.899330000000003, 43.6930642],
     [21.8989936, 43.694753500000004]]}},
  {"type":"Feature",
   "properties":{},
   "geometry":
   {"type":"LineString",
    "coordinates":
    [[21.8991688, 43.679674600000006], [21.8992526, 43.6804556],
     [21.8992736, 43.6816158], [21.8994728, 43.6822225],
     [21.899409900000002, 43.682518200000004],
     [21.899493800000002, 43.6826092],
     [21.899464000000002, 43.6827489], [21.8993891, 43.6829734],
     [21.899198000000002, 43.683254700000006],
     [21.8993028, 43.6836648], [21.8995293, 43.683961800000006],
     [21.899827100000003, 43.684660900000004],
     [21.900228600000002, 43.6851174],
     [21.9002722, 43.685452700000006], [21.9002327, 43.685887],
     [21.900061, 43.6862256], [21.900099700000002, 43.686732500000005],
     [21.900084900000003, 43.687216400000004]]}},
  {"type":"Feature",
   "properties":{},
   "geometry":
   {"type":"LineString",
    "coordinates":
    [[21.8983333, 43.679687400000006],
     [21.8991688, 43.679674600000006]]}},
  {"type":"Feature",
   "properties":{},
   "geometry":
   {"type":"LineString",
    "coordinates":
    [[21.896404800000003, 43.672089], [21.8966837, 43.6727811],
     [21.8965055, 43.673403], [21.8965579, 43.6735926],
     [21.896757100000002, 43.6740931],
     [21.897187000000002, 43.674889400000005],
     [21.8974806, 43.675769100000004],
     [21.897554000000003, 43.676140700000005],
     [21.8973967, 43.676959700000005], [21.8969668, 43.6782034],
     [21.897245, 43.678496700000004], [21.897804800000003, 43.67902],
     [21.8983333, 43.679687400000006]]}},
  {"type":"Feature",
   "properties":{},
   "geometry":
   {"type":"LineString",
    "coordinates":
    [[21.8924793, 43.6694152], [21.8930273, 43.6700778],
     [21.8937551, 43.670409], [21.8942622, 43.6714265],
     [21.8948673, 43.6718169], [21.8957914, 43.6719115],
     [21.896404800000003, 43.672089]]}},
  {"type":"Feature",
   "properties":{},
   "geometry":
   {"type":"LineString",
    "coordinates":
    [[21.8924793, 43.6694152], [21.892262000000002, 43.6693116],
     [21.8920812, 43.669184300000005],
     [21.8918497, 43.668917900000004], [21.891700800000002, 43.668993],
     [21.8913768, 43.6690594], [21.891140800000002, 43.6688964],
     [21.890867200000002, 43.6685743],
     [21.8905615, 43.668229000000004],
     [21.890491700000002, 43.668027200000004],
     [21.8903576, 43.6678409], [21.8902396, 43.6677594],
     [21.890084, 43.6675577], [21.8899016, 43.667386900000004],
     [21.8897085, 43.667286000000004],
     [21.8895529, 43.667235600000005], [21.8893899, 43.6672887],
     [21.8892048, 43.667371700000004], [21.8889049, 43.6674942],
     [21.8886219, 43.6676342], [21.8885128, 43.667574900000005],
     [21.8884076, 43.667316500000005],
     [21.888480100000002, 43.667061000000004],
     [21.8885283, 43.666657400000005], [21.8886088, 43.6663897],
     [21.8887515, 43.665850400000004],
     [21.888782300000003, 43.6656794], [21.8889043, 43.6654077],
     [21.889156, 43.6652177], [21.8893115, 43.6649189],
     [21.8894081, 43.6647133], [21.8896334, 43.6644183],
     [21.8898748, 43.664076900000005], [21.8899124, 43.6638207],
     [21.8901207, 43.6635768], [21.8902235, 43.6632697],
     [21.8903743, 43.6630161]]}},
  {"type":"Feature",
   "properties":{},
   "geometry":
   {"type":"LineString",
    "coordinates":
    [[21.890720400000003, 43.661468500000005],
     [21.8905494, 43.661623000000006],
     [21.8904827, 43.661701400000005], [21.8905494, 43.6618159],
     [21.8904077, 43.662015000000004],
     [21.8903576, 43.662310500000004], [21.890391, 43.6626422],
     [21.8903743, 43.6630161]]}},
  {"type":"Feature",
   "properties":{},
   "geometry":
   {"type":"LineString",
    "coordinates":
    [[21.8860885, 43.656809300000006],
     [21.886256200000002, 43.656954000000006],
     [21.8866099, 43.657097900000004],
     [21.886945100000002, 43.6572826],
     [21.887262200000002, 43.657482300000005], [21.8874107, 43.657651],
     [21.8874931, 43.657831300000005], [21.8875625, 43.6579889],
     [21.887807900000002, 43.6582742], [21.8881492, 43.658461],
     [21.888504400000002, 43.658619900000005],
     [21.8887812, 43.6587667], [21.889062900000003, 43.6588556],
     [21.8893136, 43.6588839], [21.889498800000002, 43.6589869],
     [21.889654800000002, 43.659143], [21.889737500000003, 43.6592672],
     [21.889852700000002, 43.6594617], [21.8901229, 43.6604356],
     [21.8900539, 43.6608314], [21.8902082, 43.660974],
     [21.8904569, 43.661042800000004], [21.8906083, 43.6611665],
     [21.890744700000003, 43.6613215],
     [21.890720400000003, 43.661468500000005]]}},
  {"type":"Feature",
   "properties":{},
   "geometry":
   {"type":"LineString",
    "coordinates":
    [[21.8860885, 43.656809300000006], [21.8859166, 43.6566794],
     [21.885675000000003, 43.656491100000004],
     [21.885495900000002, 43.6563807],
     [21.885237500000002, 43.656241300000005],
     [21.8849208, 43.656085600000004]]}},
  {"type":"Feature",
   "properties":{},
   "geometry":
   {"type":"LineString",
    "coordinates":
    [[21.8839928, 43.655368200000005],
     [21.884084100000003, 43.6554291], [21.8843685, 43.6557351],
     [21.8844527, 43.6558064], [21.884555300000002, 43.6558829],
     [21.8847925, 43.656022500000006],
     [21.8849208, 43.656085600000004]]}},
  {"type":"Feature",
   "properties":{},
   "geometry":
   {"type":"LineString",
    "coordinates":
    [[21.8839928, 43.655368200000005],
     [21.8839286, 43.655218600000005],
     [21.8838696, 43.655047800000006], [21.8837623, 43.6548615],
     [21.8835933, 43.6546772],
     [21.883480600000002, 43.654436600000004],
     [21.8832956, 43.654135800000006],
     [21.8832419, 43.654023200000005], [21.8830917, 43.6538874],
     [21.882971, 43.653677800000004], [21.8828423, 43.653499200000006],
     [21.8826706, 43.6533673], [21.882515100000003, 43.6532683],
     [21.8822951, 43.6532314], [21.8820564, 43.6532081],
     [21.8818929, 43.6530944]]}},
  {"type":"Feature",
   "properties":{},
   "geometry":
   {"type":"LineString",
    "coordinates":
    [[21.8818929, 43.6530944],
     [21.881757200000003, 43.652976800000005],
     [21.881559900000003, 43.6528666], [21.8812819, 43.6527897],
     [21.8810258, 43.652824900000006], [21.880859, 43.652818700000005],
     [21.880736300000002, 43.652770700000005],
     [21.880467200000002, 43.6525042], [21.880261400000002, 43.652363],
     [21.8800142, 43.652236900000005]]}},
  {"type":"Feature",
   "properties":{},
   "geometry":
   {"type":"LineString",
    "coordinates":
    [[21.8800142, 43.652236900000005],
     [21.879259100000002, 43.6519301],
     [21.878640200000003, 43.651520500000004],
     [21.878359900000003, 43.6513946],
     [21.878200800000002, 43.651352700000004],
     [21.877944600000003, 43.651279200000005],
     [21.8773255, 43.651102800000004], [21.8768195, 43.6509282]]}},
  {"type":"Feature",
   "properties":{},
   "geometry":
   {"type":"LineString",
    "coordinates":
    [[21.8768195, 43.6509282], [21.8768324, 43.6508807],
     [21.876838300000003, 43.6508112],
     [21.8768242, 43.650713800000005],
     [21.8767934, 43.650388400000004],
     [21.876772900000002, 43.6502057], [21.8765955, 43.6495392]]}},
  {"type":"Feature",
   "properties":{},
   "geometry":
   {"type":"LineString",
    "coordinates":
    [[21.876536100000003, 43.649550100000006],
     [21.8765955, 43.6495392]]}},
  {"type":"Feature",
   "properties":{},
   "geometry":
   {"type":"LineString",
    "coordinates":
    [[21.876536100000003, 43.649550100000006],
     [21.876501100000002, 43.649442300000004],
     [21.8764632, 43.6493142],
     [21.876296200000002, 43.648810000000005],
     [21.876199500000002, 43.6485381], [21.876147500000002, 43.648311],
     [21.876099500000002, 43.648190500000005],
     [21.876028400000003, 43.647971000000005],
     [21.8760045, 43.6478924], [21.875967900000003, 43.6476485],
     [21.8759361, 43.6474174], [21.875912500000002, 43.6473317],
     [21.8758884, 43.647285600000004],
     [21.875730400000002, 43.6470604],
     [21.875586000000002, 43.646867300000004],
     [21.8754646, 43.6466877], [21.8754358, 43.6466281]]}},
  {"type":"Feature",
   "properties":{},
   "geometry":
   {"type":"LineString",
    "coordinates":
    [[21.8754358, 43.6466281], [21.8753442, 43.646458800000005]]}},
  {"type":"Feature",
   "properties":{},
   "geometry":
   {"type":"LineString",
    "coordinates":
    [[21.8753442, 43.646458800000005],
     [21.8753822, 43.646435800000006]]}},
  {"type":"Feature",
   "properties":{},
   "geometry":
   {"type":"LineString",
    "coordinates":
    [[21.8753822, 43.646435800000006], [21.8753512, 43.6462537],
     [21.875382600000002, 43.6457399],
     [21.8753764, 43.645697500000004], [21.8753643, 43.6456596],
     [21.8753281, 43.645586800000004], [21.8752754, 43.6454639],
     [21.8752467, 43.6453764], [21.875239800000003, 43.6453557],
     [21.8752177, 43.6452891]]}},
  {"type":"Feature",
   "properties":{},
   "geometry":
   {"type":"LineString",
    "coordinates":
    [[21.8752177, 43.6452891], [21.8749447, 43.6453117],
     [21.874897100000002, 43.645316],
     [21.8747042, 43.645333400000005]]}},
  {"type":"Feature",
   "properties":{},
   "geometry":
   {"type":"LineString",
    "coordinates":
    [[21.8747042, 43.645333400000005],
     [21.874628100000002, 43.645339400000005],
     [21.8744498, 43.645353400000005],
     [21.874243800000002, 43.6453701]]}},
  {"type":"Feature",
   "properties":{},
   "geometry":
   {"type":"LineString",
    "coordinates":
    [[21.874243800000002, 43.6453701],
     [21.874228000000002, 43.6452222], [21.8742389, 43.6451177],
     [21.874251, 43.644870000000004], [21.8742246, 43.644738000000004],
     [21.8740272, 43.644600700000005]]}},
  {"type":"Feature",
   "properties":{},
   "geometry":
   {"type":"LineString",
    "coordinates":
    [[21.872652000000002, 43.6447924],
     [21.873226600000002, 43.6446758],
     [21.8733869, 43.644643300000006],
     [21.873474400000003, 43.644625500000004],
     [21.8735813, 43.6446162], [21.8736433, 43.6446108],
     [21.873722800000003, 43.6446028],
     [21.873871400000002, 43.6446028],
     [21.8740272, 43.644600700000005]]}},
  {"type":"Feature",
   "properties":{},
   "geometry":
   {"type":"LineString",
    "coordinates":
    [[21.872652000000002, 43.6447924],
     [21.872585700000002, 43.644685300000006],
     [21.872566900000002, 43.6446125], [21.8725995, 43.64453],
     [21.8727285, 43.6442039], [21.872757800000002, 43.6441298],
     [21.872780000000002, 43.644049800000005]]}},
  {"type":"Feature",
   "properties":{},
   "geometry":
   {"type":"LineString",
    "coordinates":
    [[21.8733909, 43.6438798],
     [21.873311100000002, 43.643923900000004],
     [21.873154300000003, 43.643956],
     [21.872780000000002, 43.644049800000005]]}}]}
