{"type":"FeatureCollection",
 "properties":{},
 "features":
 [{"type":"Feature",
   "properties":{},
   "geometry":
   {"type":"LineString",
    "coordinates":
    [[22.3419272, 44.382507600000004],
     [22.342169300000002, 44.3824954]]}},
  {"type":"Feature",
   "properties":{},
   "geometry":
   {"type":"LineString",
    "coordinates":
    [[22.342169300000002, 44.3824954], [22.3423987, 44.3824605],
     [22.342589200000003, 44.3824118],
     [22.342767000000002, 44.382331400000005],
     [22.342944600000003, 44.3822027],
     [22.343093600000003, 44.3820501],
     [22.3432853, 44.381761000000004],
     [22.343369300000003, 44.3816733],
     [22.3434841, 44.381578700000006],
     [22.343611600000003, 44.381502100000006], [22.343793, 44.3814131],
     [22.343987000000002, 44.3813377], [22.3442957, 44.3812573],
     [22.344663100000002, 44.3812063], [22.3450463, 44.3811217],
     [22.345325000000003, 44.381090400000005],
     [22.345567900000002, 44.3810668], [22.3456969, 44.3810653],
     [22.345834, 44.3810492], [22.3459705, 44.3810094],
     [22.3461512, 44.3809344], [22.346589700000003, 44.3807849],
     [22.3467239, 44.380756000000005], [22.3468601, 44.3807484],
     [22.347196500000003, 44.3807575],
     [22.347345500000003, 44.3807484], [22.3474711, 44.380724],
     [22.3477606, 44.3806206], [22.348062900000002, 44.3805064],
     [22.348277900000003, 44.380447100000005],
     [22.3487867, 44.380337600000004],
     [22.3490787, 44.380264700000005], [22.3492687, 44.3801859],
     [22.3498868, 44.379918700000005],
     [22.3501051, 44.379830500000004],
     [22.350300800000003, 44.379717400000004],
     [22.3504188, 44.3796082], [22.350565600000003, 44.379429],
     [22.3508692, 44.378995]]}},
  {"type":"Feature",
   "properties":{},
   "geometry":
   {"type":"LineString",
    "coordinates":
    [[22.3508692, 44.378995], [22.351392200000003, 44.378199300000006],
     [22.351457800000002, 44.3781319],
     [22.351580600000002, 44.3780422],
     [22.3516251, 44.378024700000005], [22.351718, 44.377988200000004],
     [22.351843000000002, 44.3779665], [22.3520356, 44.3779568],
     [22.352376000000003, 44.3779829],
     [22.352558000000002, 44.377984500000004],
     [22.352723, 44.377976800000006], [22.3529231, 44.3779495],
     [22.3533148, 44.3778726], [22.3536374, 44.3778255],
     [22.353928, 44.377818600000005], [22.3544647, 44.3778274]]}},
  {"type":"Feature",
   "properties":{},
   "geometry":
   {"type":"LineString",
    "coordinates":
    [[22.3544647, 44.3778274], [22.3546574, 44.377599700000005],
     [22.3545018, 44.3774425], [22.3546039, 44.3773295],
     [22.3546413, 44.3772432], [22.354555400000002, 44.377155],
     [22.3539439, 44.3767677], [22.353842, 44.3766757],
     [22.3538366, 44.376595200000004],
     [22.353922400000002, 44.3764801],
     [22.354206700000002, 44.376296100000005],
     [22.3543516, 44.376184900000005],
     [22.3547003, 44.375832200000005],
     [22.354952400000002, 44.3756098]]}},
  {"type":"Feature",
   "properties":{},
   "geometry":
   {"type":"LineString",
    "coordinates":
    [[22.354952400000002, 44.3756098],
     [22.354763700000003, 44.375001700000006],
     [22.3545599, 44.374576100000006],
     [22.354313100000002, 44.373862900000006],
     [22.354206700000002, 44.373056000000005]]}},
  {"type":"Feature",
   "properties":{},
   "geometry":
   {"type":"LineString",
    "coordinates":
    [[22.3531008, 44.371102], [22.3530158, 44.371154100000005],
     [22.3529997, 44.3712576], [22.3530534, 44.371414900000005],
     [22.3531553, 44.3716104], [22.3531768, 44.371763800000004],
     [22.3532036, 44.3718827], [22.3533645, 44.371978500000004],
     [22.3534557, 44.3721243], [22.3534933, 44.37227],
     [22.353632700000002, 44.3724694], [22.3538366, 44.3727071],
     [22.354056500000002, 44.3729218],
     [22.354206700000002, 44.373056000000005]]}},
  {"type":"Feature",
   "properties":{},
   "geometry":
   {"type":"LineString",
    "coordinates":
    [[22.360187200000002, 44.365253900000006],
     [22.360050400000002, 44.3652712],
     [22.359924300000003, 44.365299900000004],
     [22.359849200000003, 44.3653344],
     [22.359546100000003, 44.365539600000005],
     [22.3592511, 44.3656969],
     [22.359063300000003, 44.365811900000004],
     [22.358926500000003, 44.365915400000006],
     [22.3586503, 44.366178100000006], [22.3584518, 44.3663181],
     [22.3580468, 44.3665405], [22.3579368, 44.366586600000005],
     [22.357885800000002, 44.3666345],
     [22.357794600000002, 44.3667304],
     [22.3577088, 44.366862700000006],
     [22.3576498, 44.366989200000006], [22.3574486, 44.3673574],
     [22.3572823, 44.3675798], [22.3571214, 44.3677677],
     [22.3569739, 44.3678904], [22.356676200000003, 44.3680898],
     [22.3564991, 44.3682049], [22.356279200000003, 44.368433],
     [22.356008300000003, 44.3687417], [22.3557723, 44.3690773],
     [22.355673000000003, 44.3691578],
     [22.355407500000002, 44.3693438],
     [22.355131200000002, 44.3695432], [22.3547611, 44.3698366],
     [22.354495500000002, 44.370128], [22.354299700000002, 44.370406],
     [22.3541388, 44.3706821], [22.354055600000002, 44.3707876],
     [22.3539564, 44.370862300000006], [22.3537633, 44.3709505],
     [22.3534387, 44.371050200000006], [22.3532268, 44.3710943],
     [22.3531008, 44.371102]]}},
  {"type":"Feature",
   "properties":{},
   "geometry":
   {"type":"LineString",
    "coordinates":
    [[22.3616494, 44.364000100000005],
     [22.361044800000002, 44.3645724],
     [22.360474200000002, 44.3650959],
     [22.360302500000003, 44.3652175],
     [22.360187200000002, 44.365253900000006]]}},
  {"type":"Feature",
   "properties":{},
   "geometry":
   {"type":"LineString",
    "coordinates":
    [[22.3750772, 44.3577328], [22.3750399, 44.357775200000006],
     [22.3749527, 44.357818300000005],
     [22.374798000000002, 44.357852900000005],
     [22.3741884, 44.3580429],
     [22.372843000000003, 44.358374700000006],
     [22.371868000000003, 44.3586395],
     [22.3717104, 44.358691300000004],
     [22.3716082, 44.358752200000005], [22.3713741, 44.3589287],
     [22.3706886, 44.3594615], [22.370237200000002, 44.3598207],
     [22.3699733, 44.3600003], [22.369492100000002, 44.3602743],
     [22.368559700000002, 44.3607887], [22.3675293, 44.3612788],
     [22.366622000000003, 44.361738100000004],
     [22.366158300000002, 44.361972800000004],
     [22.3648171, 44.3626912], [22.364476500000002, 44.3628434],
     [22.3642338, 44.362919500000004],
     [22.362982000000002, 44.363373100000004],
     [22.361990000000002, 44.3637949],
     [22.3617941, 44.363893600000004],
     [22.3616494, 44.364000100000005]]}},
  {"type":"Feature",
   "properties":{},
   "geometry":
   {"type":"LineString",
    "coordinates":
    [[22.3750772, 44.3577328],
     [22.375346500000003, 44.357702800000006],
     [22.3753871, 44.357698000000006],
     [22.3754293, 44.357707600000005]]}},
  {"type":"Feature",
   "properties":{},
   "geometry":
   {"type":"LineString",
    "coordinates":
    [[22.3754293, 44.357707600000005], [22.3758835, 44.3575086],
     [22.376639800000003, 44.3569352],
     [22.377079700000003, 44.3564692], [22.3778629, 44.3558612],
     [22.377997, 44.3555736], [22.378082900000003, 44.354737400000005],
     [22.3781609, 44.354392700000005]]}},
  {"type":"Feature",
   "properties":{},
   "geometry":
   {"type":"LineString",
    "coordinates":
    [[22.378569600000002, 44.353902600000005],
     [22.378371700000002, 44.3541857], [22.378273, 44.3542976],
     [22.3782482, 44.354325800000005],
     [22.3781609, 44.354392700000005]]}},
  {"type":"Feature",
   "properties":{},
   "geometry":
   {"type":"LineString",
    "coordinates":
    [[22.379110700000002, 44.3528375], [22.3790933, 44.3529147],
     [22.3790976, 44.3529451], [22.3790784, 44.3529969],
     [22.3788826, 44.3533485], [22.3787655, 44.3535875],
     [22.378569600000002, 44.353902600000005]]}},
  {"type":"Feature",
   "properties":{},
   "geometry":
   {"type":"LineString",
    "coordinates":
    [[22.381302400000003, 44.3515388],
     [22.381149500000003, 44.3516375],
     [22.3808025, 44.351889500000006],
     [22.379110700000002, 44.3528375]]}},
  {"type":"Feature",
   "properties":{},
   "geometry":
   {"type":"LineString",
    "coordinates":
    [[22.3821021, 44.350344400000004],
     [22.3820412, 44.350452700000005], [22.3819799, 44.3505777],
     [22.3819167, 44.350718400000005],
     [22.381834400000002, 44.3509097], [22.3817591, 44.3510397],
     [22.3817127, 44.3511298], [22.381679400000003, 44.3511782],
     [22.3816351, 44.3512414], [22.3815905, 44.3512916],
     [22.381542800000002, 44.351342900000006], [22.3814357, 44.351435],
     [22.3813834, 44.351483200000004],
     [22.381302400000003, 44.3515388]]}},
  {"type":"Feature",
   "properties":{},
   "geometry":
   {"type":"LineString",
    "coordinates":
    [[22.382278000000003, 44.3497812], [22.3822215, 44.3499071],
     [22.3821483, 44.3501836], [22.3821236, 44.350284],
     [22.3821021, 44.350344400000004]]}},
  {"type":"Feature",
   "properties":{},
   "geometry":
   {"type":"LineString",
    "coordinates":
    [[22.382164500000002, 44.3489294],
     [22.382260900000002, 44.3496046],
     [22.382278000000003, 44.3497812]]}},
  {"type":"Feature",
   "properties":{},
   "geometry":
   {"type":"LineString",
    "coordinates":
    [[22.381196900000003, 44.3476961],
     [22.3813351, 44.347756000000004], [22.381557, 44.347839300000004],
     [22.3816592, 44.347878800000004],
     [22.381799100000002, 44.3479497],
     [22.3819112, 44.348009000000005],
     [22.3819921, 44.348060700000005], [22.3820203, 44.3480859],
     [22.3820385, 44.348109400000006],
     [22.382052400000003, 44.348131800000004],
     [22.382071, 44.348198100000005], [22.3820906, 44.348293500000004],
     [22.3821598, 44.3488886], [22.382164500000002, 44.3489294]]}},
  {"type":"Feature",
   "properties":{},
   "geometry":
   {"type":"LineString",
    "coordinates":
    [[22.381042, 44.347596100000004], [22.3811126, 44.347644700000004],
     [22.381196900000003, 44.3476961]]}},
  {"type":"Feature",
   "properties":{},
   "geometry":
   {"type":"LineString",
    "coordinates":
    [[22.3808836, 44.3473849], [22.380934, 44.347455800000006],
     [22.3809763, 44.347517200000006],
     [22.3810173, 44.347570000000005],
     [22.381042, 44.347596100000004]]}},
  {"type":"Feature",
   "properties":{},
   "geometry":
   {"type":"LineString",
    "coordinates":
    [[22.3771248, 44.3437008], [22.377192400000002, 44.3437548],
     [22.377276600000002, 44.343823],
     [22.377397900000002, 44.343928000000005],
     [22.3780252, 44.3445164], [22.3783619, 44.3448213],
     [22.378607900000002, 44.345046800000006],
     [22.3787749, 44.345194400000004], [22.378865700000002, 44.345275],
     [22.3789425, 44.345341100000006],
     [22.3790042, 44.345392000000004], [22.3791188, 44.34548],
     [22.3792188, 44.345550200000005],
     [22.3794338, 44.345692500000006],
     [22.3797532, 44.345893800000006],
     [22.3799218, 44.346003100000004], [22.380061, 44.3460958],
     [22.3802214, 44.346204], [22.3802647, 44.3462388],
     [22.380294600000003, 44.346270600000004],
     [22.3803252, 44.346314500000005],
     [22.3803708, 44.346392200000004],
     [22.380442000000002, 44.346516300000005],
     [22.380634500000003, 44.3469107], [22.3807234, 44.34709],
     [22.380845500000003, 44.3473206], [22.3808836, 44.3473849]]}},
  {"type":"Feature",
   "properties":{},
   "geometry":
   {"type":"LineString",
    "coordinates":
    [[22.3737283, 44.3427822], [22.373820900000002, 44.3428589],
     [22.373890600000003, 44.3429165], [22.3739469, 44.3429616],
     [22.3740072, 44.342998], [22.3740944, 44.343046900000004],
     [22.3742647, 44.3430939], [22.374364, 44.3431313],
     [22.3744511, 44.3431591],
     [22.374555800000003, 44.343189800000005],
     [22.3746858, 44.3432234], [22.3748803, 44.3432608],
     [22.375054600000002, 44.3432915],
     [22.375312100000002, 44.343329000000004],
     [22.375381800000003, 44.3433356],
     [22.375497300000003, 44.343339500000006],
     [22.3757212, 44.3433366], [22.3757829, 44.343339500000006],
     [22.375833800000002, 44.3433414],
     [22.375886100000002, 44.3433481], [22.3759599, 44.3433634],
     [22.3762389, 44.3434335], [22.376476200000003, 44.3435025],
     [22.376740400000003, 44.343582100000006],
     [22.3768926, 44.343620300000005],
     [22.3770045, 44.343648800000004],
     [22.377085100000002, 44.343678000000004],
     [22.3771248, 44.3437008]]}},
  {"type":"Feature",
   "properties":{},
   "geometry":
   {"type":"LineString",
    "coordinates":
    [[22.3737283, 44.3427822], [22.3737524, 44.342699800000005],
     [22.3737819, 44.342604300000005], [22.3738114, 44.3425151],
     [22.3738309, 44.3424647],
     [22.373849200000002, 44.342420100000005]]}},
  {"type":"Feature",
   "properties":{},
   "geometry":
   {"type":"LineString",
    "coordinates":
    [[22.373849200000002, 44.342420100000005],
     [22.3738336, 44.342361700000005],
     [22.3738464, 44.342272400000006],
     [22.373877200000003, 44.342157400000005],
     [22.3739831, 44.3419722], [22.3740281, 44.341861400000006],
     [22.374089, 44.3417461], [22.374126200000003, 44.3416665],
     [22.3741528, 44.3416164], [22.3741935, 44.3415547],
     [22.3742561, 44.3414869], [22.3743902, 44.341332400000006],
     [22.374472400000002, 44.341255700000005],
     [22.3745128, 44.341194400000006], [22.3745693, 44.3411239],
     [22.374634200000003, 44.3410572], [22.3747307, 44.3409594],
     [22.374753300000002, 44.340919500000005],
     [22.3747656, 44.340877400000004], [22.3747674, 44.3408354],
     [22.3747589, 44.3407939], [22.3747207, 44.3406687],
     [22.374652400000002, 44.3404338],
     [22.374508900000002, 44.340027600000006],
     [22.3744981, 44.3399269], [22.3744847, 44.339814600000004],
     [22.3744921, 44.338986000000006],
     [22.374483400000003, 44.3387049],
     [22.374454500000002, 44.3384805],
     [22.374418300000002, 44.338241100000005],
     [22.3743157, 44.337829600000006],
     [22.374290700000003, 44.337711500000005],
     [22.3742634, 44.3375822], [22.374259000000002, 44.3375209],
     [22.3742446, 44.337460400000005],
     [22.374222800000002, 44.3374061], [22.374193, 44.337353900000004],
     [22.374144100000002, 44.337268], [22.374066900000003, 44.3371246],
     [22.373949600000003, 44.3369007], [22.3738557, 44.3366848],
     [22.3737765, 44.3364363], [22.3737457, 44.3363279],
     [22.3736733, 44.336056500000005],
     [22.3736277, 44.335724600000006],
     [22.3736523, 44.335605300000005],
     [22.373684500000003, 44.3354869], [22.3737242, 44.3353697],
     [22.3737701, 44.3352567], [22.3738229, 44.3351454],
     [22.3738825, 44.3350358], [22.3739528, 44.334928000000005],
     [22.374032800000002, 44.3348236],
     [22.3741221, 44.334723200000006], [22.3742205, 44.3346272],
     [22.3743425, 44.3344785], [22.3744927, 44.3343855],
     [22.374503500000003, 44.3343347],
     [22.374490100000003, 44.3342867],
     [22.3744431, 44.334241600000006], [22.3744018, 44.3342168],
     [22.3743559, 44.334196500000004], [22.374293100000003, 44.334178],
     [22.374226500000002, 44.334168000000005],
     [22.3741586, 44.334166700000004], [22.3740914, 44.3341743],
     [22.3740273, 44.334190500000005],
     [22.373968400000003, 44.334214700000004],
     [22.3737028, 44.3342656],
     [22.373587500000003, 44.334319300000004],
     [22.3734185, 44.334425800000005],
     [22.373280400000002, 44.3345131], [22.3731744, 44.3345658],
     [22.373035, 44.334611900000006],
     [22.372919600000003, 44.334671400000005],
     [22.372701000000003, 44.3348152], [22.3726299, 44.3348613],
     [22.372592400000002, 44.3348704],
     [22.372548100000003, 44.3348718],
     [22.3725072, 44.334868500000006],
     [22.372466300000003, 44.3348479],
     [22.372433800000003, 44.334828300000005],
     [22.3724087, 44.3348037], [22.372394500000002, 44.3347806],
     [22.372386900000002, 44.334756000000006],
     [22.372386300000002, 44.3347307], [22.3723952, 44.3346838],
     [22.372400600000002, 44.3344229],
     [22.3724355, 44.334312600000004],
     [22.372560200000002, 44.3341629], [22.3727091, 44.3339155],
     [22.3728257, 44.3337658],
     [22.372919600000003, 44.333608500000004],
     [22.3729786, 44.3334934], [22.3729733, 44.333407],
     [22.3729303, 44.333336100000004], [22.3728552, 44.3332593],
     [22.3727345, 44.3331864], [22.3726273, 44.3331346],
     [22.372576300000002, 44.333067500000006],
     [22.3725495, 44.3330022], [22.3724636, 44.3327049],
     [22.372316100000003, 44.3323653],
     [22.372259800000002, 44.3320736],
     [22.372238300000003, 44.3319835],
     [22.372254400000003, 44.331920200000006],
     [22.372254400000003, 44.3318377],
     [22.372243700000002, 44.331647700000005],
     [22.372072000000003, 44.3311623], [22.3718521, 44.3307172],
     [22.371634800000002, 44.3302701],
     [22.371494100000003, 44.330055300000005],
     [22.371347800000002, 44.3298423],
     [22.371183300000002, 44.3296137], [22.3711208, 44.3295309],
     [22.3710126, 44.329387600000004], [22.3708436, 44.3291612],
     [22.3707014, 44.3289002], [22.3706719, 44.328735200000004],
     [22.370623600000002, 44.328537600000004],
     [22.3705941, 44.328285300000005], [22.3705606, 44.3281318],
     [22.37046, 44.3279274], [22.370343400000003, 44.3276367],
     [22.370079200000003, 44.3272405],
     [22.3699343, 44.327033300000004], [22.3698592, 44.3269431],
     [22.369713100000002, 44.326837600000005],
     [22.3696312, 44.326712900000004],
     [22.369566900000002, 44.3265824], [22.3695534, 44.3264135],
     [22.3695856, 44.3262658], [22.369709, 44.326123800000005],
     [22.369896800000003, 44.3259473], [22.3701891, 44.3256825],
     [22.370350100000003, 44.3254887]]}},
  {"type":"Feature",
   "properties":{},
   "geometry":
   {"type":"LineString",
    "coordinates":
    [[22.370350100000003, 44.3254887],
     [22.369896800000003, 44.324955200000005],
     [22.369355000000002, 44.324335500000004],
     [22.369290600000003, 44.3242203]]}},
  {"type":"Feature",
   "properties":{},
   "geometry":
   {"type":"LineString",
    "coordinates":
    [[22.369290600000003, 44.3242203],
     [22.3692208, 44.324089900000004], [22.3690867, 44.3239056],
     [22.368201600000003, 44.3230767],
     [22.367203800000002, 44.3222132],
     [22.367037500000002, 44.3221019], [22.366662, 44.3220059],
     [22.3664045, 44.3219215], [22.3662758, 44.3218486],
     [22.365948600000003, 44.3216222], [22.3656052, 44.3213036],
     [22.365337, 44.321138600000005], [22.3651278, 44.321088700000004],
     [22.364666500000002, 44.3210964], [22.3642158, 44.3210503],
     [22.363539900000003, 44.321081],
     [22.363132200000003, 44.321104000000005],
     [22.3628855, 44.3210733], [22.3624885, 44.3210196],
     [22.3622793, 44.3209803], [22.362172, 44.320949600000006],
     [22.362099200000003, 44.320947200000006]]}},
  {"type":"Feature",
   "properties":{},
   "geometry":
   {"type":"LineString",
    "coordinates":
    [[22.3575921, 44.3221009], [22.3576444, 44.322051],
     [22.357724, 44.3220268], [22.3580115, 44.3220107],
     [22.3587506, 44.321971000000005],
     [22.3590231, 44.321940700000006],
     [22.359438800000003, 44.321827500000005],
     [22.3597205, 44.3217239], [22.3599126, 44.321649300000004],
     [22.3603007, 44.3215876], [22.3606292, 44.321518600000005],
     [22.360894000000002, 44.321458400000004],
     [22.3611076, 44.3213937], [22.361439800000003, 44.3212096],
     [22.361700900000002, 44.3211102],
     [22.361935000000003, 44.3210427],
     [22.3620273, 44.321010400000006], [22.3620705, 44.3209869],
     [22.362099200000003, 44.320947200000006]]}},
  {"type":"Feature",
   "properties":{},
   "geometry":
   {"type":"LineString",
    "coordinates":
    [[22.3561479, 44.3214838], [22.3561853, 44.3215492],
     [22.3562188, 44.321604900000004], [22.3562528, 44.3216485],
     [22.3562899, 44.3216855], [22.3563355, 44.321716200000004],
     [22.356389200000002, 44.321743000000005],
     [22.3564885, 44.3217803], [22.3565769, 44.3218073],
     [22.356810300000003, 44.3218716],
     [22.357015500000003, 44.3219215], [22.3573106, 44.321987],
     [22.3574178, 44.322018400000005], [22.357505, 44.3220491],
     [22.357566700000003, 44.3220827], [22.3575921, 44.3221009]]}},
  {"type":"Feature",
   "properties":{},
   "geometry":
   {"type":"LineString",
    "coordinates":
    [[22.356047200000003, 44.321202500000005],
     [22.356074000000003, 44.321293100000005],
     [22.3561102, 44.321392800000005], [22.3561479, 44.3214838]]}},
  {"type":"Feature",
   "properties":{},
   "geometry":
   {"type":"LineString",
    "coordinates":
    [[22.354288200000003, 44.3118971], [22.3542722, 44.3120488],
     [22.3542348, 44.3122908], [22.3542062, 44.3124169],
     [22.3541598, 44.3125755], [22.3541238, 44.3126715],
     [22.3540984, 44.3127348], [22.3540461, 44.3128509],
     [22.354001800000002, 44.312944900000005],
     [22.353965600000002, 44.3130121], [22.3538637, 44.3131829],
     [22.353796600000003, 44.313293300000005], [22.353777, 44.3133349],
     [22.353761600000002, 44.313378400000005],
     [22.353751000000003, 44.3134238],
     [22.353747400000003, 44.313460500000005],
     [22.353748300000003, 44.3134938], [22.3537591, 44.3135313],
     [22.3537792, 44.313575400000005], [22.3538028, 44.313606],
     [22.353861000000002, 44.313671400000004],
     [22.353914600000003, 44.3137174],
     [22.353969600000003, 44.3137539], [22.3540233, 44.3137836],
     [22.3540785, 44.3138055], [22.3542159, 44.313844],
     [22.3543297, 44.313859400000005], [22.3544547, 44.3138651],
     [22.3545798, 44.313862400000005],
     [22.354658500000003, 44.3138616], [22.3547532, 44.3138705],
     [22.354824200000003, 44.3138859], [22.3548967, 44.3139089],
     [22.354957000000002, 44.313934800000006], [22.35502, 44.3139732],
     [22.355067000000002, 44.314014500000006],
     [22.3551112, 44.314055700000004], [22.355145500000003, 44.314095],
     [22.355363800000003, 44.3144391],
     [22.355550700000002, 44.3147521], [22.3556285, 44.3148855],
     [22.355659300000003, 44.3149565],
     [22.355672700000003, 44.3149968], [22.3556902, 44.3150745],
     [22.3556972, 44.315175200000006], [22.3556862, 44.315634],
     [22.3556889, 44.3157329], [22.3557004, 44.3158103],
     [22.3557157, 44.315865200000005],
     [22.355741100000003, 44.3159209], [22.3557747, 44.3159737],
     [22.355812200000003, 44.316029300000004],
     [22.355855100000003, 44.316076300000006],
     [22.355894300000003, 44.3161112],
     [22.355945000000002, 44.3161502],
     [22.356040200000002, 44.3162116],
     [22.356186100000002, 44.3162929],
     [22.356637300000003, 44.3165184],
     [22.356785900000002, 44.3165922],
     [22.356878400000003, 44.3166336],
     [22.356965600000002, 44.3166662],
     [22.357020600000002, 44.3166815],
     [22.357079600000002, 44.3166931], [22.3571439, 44.3166998],
     [22.357219, 44.3167027], [22.3582654, 44.316678800000005],
     [22.358423600000002, 44.3166797], [22.3585336, 44.3166826],
     [22.3586181, 44.316692200000006], [22.3587026, 44.3167066],
     [22.3588424, 44.3167326], [22.359104900000002, 44.3167872],
     [22.3593832, 44.316856400000006],
     [22.359438800000003, 44.3168755],
     [22.359489800000002, 44.316897600000004],
     [22.359532700000003, 44.316922500000004],
     [22.359577, 44.316954200000005], [22.3597238, 44.317085600000006],
     [22.3599967, 44.3173255], [22.3600718, 44.317385],
     [22.360129500000003, 44.3174263],
     [22.360193900000002, 44.3174666],
     [22.360246200000002, 44.3174944], [22.3602971, 44.3175165],
     [22.360433800000003, 44.3175621],
     [22.3606002, 44.317620100000006],
     [22.3608349, 44.317688200000006], [22.3612158, 44.3177899],
     [22.3614572, 44.317843700000005],
     [22.3616275, 44.317882000000004], [22.361775, 44.317916600000004],
     [22.3618525, 44.3179433],
     [22.361909100000002, 44.317973200000004],
     [22.3619521, 44.3180039], [22.3619923, 44.318043200000005],
     [22.3620164, 44.3180807], [22.3620285, 44.3181104],
     [22.3620339, 44.3181469],
     [22.362028300000002, 44.318177000000006],
     [22.362007100000003, 44.318220800000006],
     [22.3619789, 44.318263900000005], [22.3619373, 44.3183129],
     [22.3618944, 44.318350300000006], [22.361834, 44.3183906],
     [22.3617388, 44.3184357], [22.361658400000003, 44.3184741],
     [22.3615712, 44.3185093], [22.3614402, 44.3185542],
     [22.3612815, 44.318597800000006],
     [22.361100500000003, 44.318643900000005],
     [22.3608389, 44.318705300000005],
     [22.360556000000003, 44.318768600000006],
     [22.360219400000002, 44.318839600000004],
     [22.359929700000002, 44.3189049],
     [22.359672200000002, 44.318957700000006],
     [22.3593611, 44.319012400000005], [22.3579019, 44.3192541],
     [22.3574272, 44.319344300000004],
     [22.357129500000003, 44.319419200000006],
     [22.356960500000003, 44.3194844],
     [22.3568237, 44.319555400000006],
     [22.356718500000003, 44.3196139],
     [22.356614500000003, 44.3196821],
     [22.3565152, 44.319764600000006], [22.3564022, 44.319856],
     [22.356308700000003, 44.3199527],
     [22.3562443, 44.320033300000006], [22.3561692, 44.320135],
     [22.356080300000002, 44.320270400000005],
     [22.356015000000003, 44.320385],
     [22.355992200000003, 44.320451600000005],
     [22.3559895, 44.3204909], [22.355994900000002, 44.3205936],
     [22.3560002, 44.3207606], [22.356008300000003, 44.3208719],
     [22.3560163, 44.320965900000004],
     [22.3560324, 44.321102100000004],
     [22.356047200000003, 44.321202500000005]]}},
  {"type":"Feature",
   "properties":{},
   "geometry":
   {"type":"LineString",
    "coordinates":
    [[22.354288200000003, 44.3118971], [22.3544285, 44.3118378],
     [22.354511000000002, 44.311768400000005],
     [22.3546824, 44.311569000000006], [22.354831, 44.311377],
     [22.354926000000003, 44.3112884],
     [22.3550292, 44.311210100000004], [22.3551159, 44.3111613],
     [22.355184, 44.3111539], [22.355287200000003, 44.3111687],
     [22.3553718, 44.3112012], [22.3554606, 44.3112943],
     [22.3555205, 44.311344500000004],
     [22.3556175, 44.311362200000005], [22.3557248, 44.3113504],
     [22.3558549, 44.311320900000005], [22.3562099, 44.3112116],
     [22.356350300000003, 44.311183500000006],
     [22.3564617, 44.3111909], [22.3566867, 44.311286900000006],
     [22.356781700000003, 44.311328200000005],
     [22.356893200000002, 44.3113371], [22.3570439, 44.3113164],
     [22.357171700000002, 44.3112976],
     [22.357585500000003, 44.311241800000005], [22.358325, 44.311101],
     [22.3589525, 44.310952900000004],
     [22.359522400000003, 44.3108267], [22.3597471, 44.3107539],
     [22.359930700000003, 44.3106845], [22.3605814, 44.3104317],
     [22.3608759, 44.310351000000004],
     [22.361171000000002, 44.3102102], [22.3613779, 44.3101616],
     [22.361584800000003, 44.310181], [22.3617816, 44.310283000000005],
     [22.3621473, 44.3104322]]}},
  {"type":"Feature",
   "properties":{},
   "geometry":
   {"type":"LineString",
    "coordinates":
    [[22.3621473, 44.3104322], [22.362377600000002, 44.3104133],
     [22.3625529, 44.310368000000004], [22.3627384, 44.3102937],
     [22.3629585, 44.310193000000005], [22.363211200000002, 44.310056],
     [22.3633783, 44.3099641], [22.363498500000002, 44.3098824],
     [22.3637839, 44.309679700000004], [22.3641955, 44.3093647],
     [22.3643484, 44.3092072], [22.3644462, 44.3091066],
     [22.3645298, 44.3090555],
     [22.364613300000002, 44.309029300000006], [22.3649109, 44.308933],
     [22.365287900000002, 44.3088266], [22.365404100000003, 44.308812],
     [22.3655182, 44.3088178],
     [22.365777100000003, 44.308838200000004],
     [22.365899300000002, 44.3088441], [22.3660338, 44.3088484],
     [22.366190800000002, 44.308849900000006],
     [22.366380300000003, 44.308864500000006],
     [22.3665169, 44.308903900000004],
     [22.366649300000002, 44.3089505],
     [22.3668042, 44.308981100000004],
     [22.366944800000002, 44.308988400000004], [22.3670529, 44.308982],
     [22.367188600000002, 44.3089383], [22.3672444, 44.3088995],
     [22.3672913, 44.3088324], [22.3673606, 44.3087347],
     [22.367401400000002, 44.308699700000005],
     [22.367482900000002, 44.3086603], [22.3675624, 44.3086326],
     [22.367690800000002, 44.3085947],
     [22.369388, 44.308218100000005]]}},
  {"type":"Feature",
   "properties":{},
   "geometry":
   {"type":"LineString",
    "coordinates":
    [[22.3773327, 44.3043958],
     [22.377183900000002, 44.304436700000004],
     [22.3768089, 44.304569400000005], [22.3765073, 44.3046146],
     [22.3762709, 44.30467], [22.375789700000002, 44.3048669],
     [22.3757063, 44.3049005], [22.375633, 44.3049413],
     [22.3755294, 44.3050902],
     [22.375374100000002, 44.305355500000005],
     [22.375215200000003, 44.305600500000004],
     [22.375125500000003, 44.3056822], [22.3750623, 44.3057274],
     [22.3749845, 44.305753800000005],
     [22.374899300000003, 44.305779900000005],
     [22.3746343, 44.305828000000005],
     [22.3745161, 44.305867400000004], [22.3743653, 44.3059433],
     [22.3741941, 44.306020600000004], [22.3735684, 44.306356],
     [22.373185300000003, 44.306519400000006],
     [22.3728877, 44.3066769], [22.372321200000002, 44.3069423],
     [22.371708400000003, 44.3072169],
     [22.3714479, 44.307329900000006],
     [22.3708637, 44.307731000000004], [22.370383, 44.3079515],
     [22.3699875, 44.308064300000005],
     [22.369388, 44.308218100000005]]}},
  {"type":"Feature",
   "properties":{},
   "geometry":
   {"type":"LineString",
    "coordinates":
    [[22.3799658, 44.303881700000005],
     [22.3795287, 44.303903600000005],
     [22.3791139, 44.303947300000004],
     [22.3789315, 44.303969900000006], [22.3788316, 44.3039925],
     [22.378776600000002, 44.3040144],
     [22.3786941, 44.304049400000004], [22.3785415, 44.3041381],
     [22.378319100000002, 44.304243400000004],
     [22.378206000000002, 44.304280600000006],
     [22.3780664, 44.3043105],
     [22.377905400000003, 44.304327300000004],
     [22.3776027, 44.3043564], [22.3774315, 44.304376100000006],
     [22.3773327, 44.3043958]]}},
  {"type":"Feature",
   "properties":{},
   "geometry":
   {"type":"LineString",
    "coordinates":
    [[22.384647, 44.300522300000004], [22.384361900000002, 44.3005609],
     [22.383947000000003, 44.3006407],
     [22.3837075, 44.300683500000005],
     [22.383497000000002, 44.3007441],
     [22.3833133, 44.300813500000004],
     [22.3832121, 44.300890300000006], [22.3820149, 44.3017619],
     [22.3814472, 44.3021047],
     [22.380999300000003, 44.302351400000006],
     [22.3808197, 44.3024799], [22.3805328, 44.302739900000006],
     [22.3802933, 44.3029438],
     [22.380212800000002, 44.303045700000006],
     [22.3801777, 44.303113700000004], [22.3801674, 44.3031816],
     [22.380173600000003, 44.3032452], [22.380188, 44.303354500000005],
     [22.3801756, 44.3034771], [22.3801467, 44.3035938],
     [22.380084800000002, 44.303716400000006],
     [22.3799658, 44.303881700000005]]}},
  {"type":"Feature",
   "properties":{},
   "geometry":
   {"type":"LineString",
    "coordinates":
    [[22.3850844, 44.300422000000005],
     [22.384647, 44.300522300000004]]}},
  {"type":"Feature",
   "properties":{},
   "geometry":
   {"type":"LineString",
    "coordinates":
    [[22.3726704, 44.2946656], [22.372861, 44.2947088],
     [22.373290400000002, 44.2948603],
     [22.373625800000003, 44.294994700000004],
     [22.3738183, 44.2950566], [22.3740415, 44.295099500000006],
     [22.3743772, 44.2951403], [22.3745847, 44.2951447],
     [22.3747705, 44.295129200000005],
     [22.3749955, 44.295087800000005],
     [22.375328800000002, 44.2950243], [22.3754847, 44.295008],
     [22.375625000000003, 44.295005800000006],
     [22.3757613, 44.2950147], [22.375920200000003, 44.2950457],
     [22.376265, 44.295144], [22.376362, 44.2951646],
     [22.376492000000002, 44.295175], [22.3771454, 44.295175],
     [22.3775479, 44.2952208], [22.377803800000002, 44.2952304],
     [22.378036100000003, 44.2952127],
     [22.3781888, 44.295204500000004], [22.3783746, 44.2952141],
     [22.3785779, 44.295242200000004], [22.378805, 44.295293900000004],
     [22.379061, 44.2953641], [22.3792803, 44.2954512],
     [22.3795632, 44.295612500000004],
     [22.3796834, 44.295681300000005],
     [22.3798083, 44.295723100000004],
     [22.380021000000003, 44.2957368], [22.380278, 44.2957564],
     [22.380884400000003, 44.2958268], [22.3810526, 44.2958757],
     [22.3812059, 44.2959472],
     [22.381429100000002, 44.296111700000004], [22.3816922, 44.296281],
     [22.3824368, 44.2966518], [22.3825867, 44.2967365],
     [22.382790800000002, 44.2968781],
     [22.3830248, 44.297026200000005], [22.3831148, 44.2971072],
     [22.383248000000002, 44.2972777],
     [22.3833413, 44.297386200000005],
     [22.3835029, 44.297507800000005],
     [22.3845773, 44.298179000000005],
     [22.384683900000002, 44.2982541],
     [22.384752000000002, 44.2983227], [22.3849571, 44.298613],
     [22.3849936, 44.298665400000004], [22.385057500000002, 44.29872],
     [22.3854271, 44.2988811], [22.3855076, 44.298929900000005],
     [22.3856284, 44.2990147], [22.3859561, 44.2993442],
     [22.386108200000002, 44.299559200000004],
     [22.386128900000003, 44.299624200000004],
     [22.386131000000002, 44.2996922],
     [22.3860917, 44.299837000000004], [22.3860566, 44.2999153],
     [22.3859844, 44.2999566], [22.3858709, 44.3000157],
     [22.3857243, 44.3000881], [22.385617, 44.3001354],
     [22.385522, 44.300193], [22.3853754, 44.300287600000004],
     [22.385303200000003, 44.3003408],
     [22.3850844, 44.300422000000005]]}},
  {"type":"Feature",
   "properties":{},
   "geometry":
   {"type":"LineString",
    "coordinates":
    [[22.3706649, 44.294631300000006], [22.3723531, 44.294645],
     [22.372496, 44.294645900000006], [22.3725805, 44.2946491],
     [22.3726704, 44.2946656]]}},
  {"type":"Feature",
   "properties":{},
   "geometry":
   {"type":"LineString",
    "coordinates":
    [[22.3794803, 44.287883400000005],
     [22.378683900000002, 44.288595400000005],
     [22.3775812, 44.289515900000005], [22.3773747, 44.2897401],
     [22.377308000000003, 44.2898593],
     [22.3772814, 44.289950000000005],
     [22.377261400000002, 44.290136000000004],
     [22.377184800000002, 44.2906129],
     [22.3771148, 44.290922900000005],
     [22.377064800000003, 44.2911924],
     [22.377008200000002, 44.2912997],
     [22.376841600000002, 44.291445200000005],
     [22.376521800000003, 44.291690800000005],
     [22.376218700000003, 44.2918553],
     [22.375812200000002, 44.2920723],
     [22.375708900000003, 44.292122400000004],
     [22.3753758, 44.2922011], [22.3751293, 44.2922488],
     [22.374689500000002, 44.2923513], [22.3745429, 44.2924038],
     [22.374453000000003, 44.292453900000005], [22.374393, 44.2925683],
     [22.374333, 44.292699500000005], [22.3742698, 44.292847300000005],
     [22.374193100000003, 44.292973700000005],
     [22.3740299, 44.2931049], [22.3737834, 44.2932074],
     [22.3733669, 44.293267], [22.3730504, 44.2933004],
     [22.3729172, 44.2933314], [22.3724674, 44.2935055],
     [22.3710482, 44.2943639], [22.3706649, 44.294631300000006]]}},
  {"type":"Feature",
   "properties":{},
   "geometry":
   {"type":"LineString",
    "coordinates":
    [[22.3794803, 44.287883400000005],
     [22.3796922, 44.287434100000006], [22.3796064, 44.2872306],
     [22.379700200000002, 44.287067400000005],
     [22.380453900000003, 44.286533600000006],
     [22.380808000000002, 44.286422300000005],
     [22.381457100000002, 44.2862955],
     [22.381714600000002, 44.2862341], [22.382192, 44.2859806],
     [22.3821598, 44.2859038], [22.3820096, 44.285765600000005],
     [22.381929200000002, 44.2856504],
     [22.381972100000002, 44.2855429],
     [22.382004300000002, 44.285508300000004],
     [22.3819023, 44.2853585], [22.381982800000003, 44.2852356],
     [22.3823261, 44.285062800000006], [22.3823368, 44.2848862],
     [22.382229600000002, 44.2848132],
     [22.381891600000003, 44.2848017],
     [22.381258600000002, 44.2847249],
     [22.380883100000002, 44.284709500000005],
     [22.380818700000003, 44.2846289],
     [22.380818700000003, 44.2844561], [22.3808724, 44.2842064],
     [22.380989000000003, 44.284105600000004],
     [22.381037300000003, 44.284007700000004],
     [22.3810682, 44.2838051], [22.3811915, 44.2836554],
     [22.381459800000002, 44.2835728],
     [22.381679700000003, 44.2834729],
     [22.381907700000003, 44.2832348], [22.3822027, 44.2830159],
     [22.382532700000002, 44.282941], [22.3832434, 44.282823900000004],
     [22.3839194, 44.282693300000005],
     [22.384573800000002, 44.282409200000004],
     [22.3856521, 44.2820021], [22.3864084, 44.281787],
     [22.386961000000003, 44.281610300000004],
     [22.387733500000003, 44.2814337],
     [22.388489800000002, 44.281345300000005],
     [22.388742, 44.281368400000005], [22.3889968, 44.2815182],
     [22.389128200000002, 44.28157], [22.389621700000003, 44.2813626],
     [22.390227900000003, 44.2811706], [22.3906463, 44.2810247],
     [22.391107700000003, 44.280848000000006],
     [22.391335700000003, 44.2808288]]}},
  {"type":"Feature",
   "properties":{},
   "geometry":
   {"type":"LineString",
    "coordinates":
    [[22.391335700000003, 44.2808288],
     [22.391802400000003, 44.280686700000004],
     [22.3920679, 44.2805638], [22.3923388, 44.280387100000006],
     [22.39254, 44.280237400000004], [22.392768, 44.2800645],
     [22.393575300000002, 44.2797688],
     [22.394101000000003, 44.2795537], [22.3944765, 44.2793598],
     [22.394916400000003, 44.2791409],
     [22.3951739, 44.279100500000006], [22.395367, 44.2790679],
     [22.3957184, 44.278914300000004], [22.3964104, 44.2788259],
     [22.3969549, 44.2786838], [22.3974887, 44.2784611],
     [22.398006300000002, 44.2781615], [22.3981855, 44.2780865]]}},
  {"type":"Feature",
   "properties":{},
   "geometry":
   {"type":"LineString",
    "coordinates":
    [[22.3990344, 44.2662149], [22.3990733, 44.2664193],
     [22.399270700000002, 44.266713800000005],
     [22.3993046, 44.266764300000006],
     [22.3990733, 44.267551000000005],
     [22.3982831, 44.268641300000006],
     [22.397974700000002, 44.2698972],
     [22.397916900000002, 44.271649800000006],
     [22.397974700000002, 44.2720914], [22.3984951, 44.2734576],
     [22.3987649, 44.27481], [22.398263800000002, 44.2756655],
     [22.3980904, 44.276107100000004], [22.3980904, 44.2765487],
     [22.3981664, 44.2767763],
     [22.398302400000002, 44.277183400000006],
     [22.3982831, 44.277597400000005], [22.3981855, 44.2780865]]}},
  {"type":"Feature",
   "properties":{},
   "geometry":
   {"type":"LineString",
    "coordinates":
    [[22.4127009, 44.26286], [22.4126425, 44.2629966],
     [22.4124167, 44.2631863],
     [22.412292100000002, 44.263269900000004], [22.4122142, 44.263362],
     [22.4120506, 44.2634428], [22.4119533, 44.263526500000005],
     [22.4118949, 44.2636436], [22.4117819, 44.263744],
     [22.411649500000003, 44.2637775], [22.4114393, 44.2639392],
     [22.4113575, 44.263997800000006],
     [22.411252400000002, 44.2640089],
     [22.411026500000002, 44.2641707],
     [22.4107656, 44.264307300000006],
     [22.4105475, 44.264368700000006], [22.4103645, 44.2644886],
     [22.410185400000003, 44.2645611], [22.409134, 44.264820400000005],
     [22.4087174, 44.2649794], [22.408215000000002, 44.2652805],
     [22.407685400000002, 44.265629100000005],
     [22.407292100000003, 44.2658773],
     [22.407218200000003, 44.265994400000004],
     [22.4070001, 44.2661366], [22.406673, 44.2662398],
     [22.405754, 44.2655231], [22.405625500000003, 44.2653614],
     [22.405465900000003, 44.265275], [22.405314, 44.265230300000006],
     [22.405018000000002, 44.265386500000005],
     [22.404492400000002, 44.2657462], [22.4036668, 44.2662063],
     [22.4034137, 44.2663067], [22.4029737, 44.266443300000006],
     [22.4025648, 44.266474], [22.402370100000002, 44.266390400000006],
     [22.401778200000003, 44.2661868], [22.4015679, 44.2661673],
     [22.401392700000002, 44.266175600000004],
     [22.4004543, 44.2663485],
     [22.399823400000002, 44.266552100000006],
     [22.399683200000002, 44.266552100000006],
     [22.399539200000003, 44.266418300000005],
     [22.3992043, 44.2662649], [22.3990344, 44.2662149]]}},
  {"type":"Feature",
   "properties":{},
   "geometry":
   {"type":"LineString",
    "coordinates":
    [[22.4127009, 44.26286], [22.4128508, 44.2627584],
     [22.4132901, 44.262272200000005],
     [22.4135148, 44.261996800000006],
     [22.413814300000002, 44.2620827],
     [22.414108900000002, 44.2619289],
     [22.4148628, 44.261374700000005], [22.4151823, 44.261153],
     [22.4153962, 44.261056800000006]]}},
  {"type":"Feature",
   "properties":{},
   "geometry":
   {"type":"LineString",
    "coordinates":
    [[22.4153962, 44.261056800000006],
     [22.415466900000002, 44.2610279],
     [22.4162108, 44.260631000000004], [22.4167251, 44.2603092],
     [22.4170753, 44.2600806],
     [22.417487100000002, 44.259842500000005]]}},
  {"type":"Feature",
   "properties":{},
   "geometry":
   {"type":"LineString",
    "coordinates":
    [[22.417487100000002, 44.259842500000005],
     [22.4179087, 44.259655900000006], [22.4182658, 44.2594712]]}},
  {"type":"Feature",
   "properties":{},
   "geometry":
   {"type":"LineString",
    "coordinates":
    [[22.4182658, 44.2594712], [22.4186871, 44.259484],
     [22.419459200000002, 44.2594584],
     [22.419824300000002, 44.2592931],
     [22.4202771, 44.259199300000006],
     [22.420992000000002, 44.258926200000005],
     [22.421242200000002, 44.258670200000005],
     [22.4212184, 44.2585507], [22.420914500000002, 44.2582691],
     [22.420706000000003, 44.2580899],
     [22.420694100000002, 44.257996000000006],
     [22.420664300000002, 44.2578168],
     [22.420457300000002, 44.257591700000006],
     [22.420439000000002, 44.2575391],
     [22.420451200000002, 44.2574939],
     [22.420485900000003, 44.2574472]]}},
  {"type":"Feature",
   "properties":{},
   "geometry":
   {"type":"LineString",
    "coordinates":
    [[22.420485900000003, 44.2574472],
     [22.420665200000002, 44.257343500000005],
     [22.420848600000003, 44.257260300000006],
     [22.421056500000002, 44.2571698], [22.421146200000003, 44.257145],
     [22.421195100000002, 44.2571421], [22.4212726, 44.2571421],
     [22.4213418, 44.2571275], [22.4213948, 44.2571114],
     [22.4220185, 44.2568604], [22.4221204, 44.256815100000004],
     [22.422314, 44.256618100000004],
     [22.422468900000002, 44.256461900000005],
     [22.4225259, 44.2564049], [22.4225789, 44.2563655],
     [22.4225973, 44.256327600000006], [22.4226278, 44.256278],
     [22.4226931, 44.2562094], [22.423037500000003, 44.2559364],
     [22.4231312, 44.2558517], [22.4232656, 44.255676],
     [22.423355400000002, 44.2555861], [22.423665200000002, 44.25537],
     [22.423903600000003, 44.2552153],
     [22.424195100000002, 44.2550679], [22.4242583, 44.2550357],
     [22.424299, 44.254993400000004], [22.424476300000002, 44.2545701],
     [22.4245415, 44.2544708], [22.424598600000003, 44.2544022],
     [22.4247617, 44.254254800000005],
     [22.424867600000002, 44.2542022], [22.4249328, 44.2541803],
     [22.4251448, 44.254130700000005],
     [22.425287500000003, 44.254084000000006],
     [22.425501500000003, 44.2539687], [22.425691, 44.253840200000006],
     [22.4259172, 44.2536636], [22.425996700000002, 44.2535892],
     [22.426659100000002, 44.2532578],
     [22.4267834, 44.253231500000005],
     [22.426940300000002, 44.253227100000004],
     [22.4271013, 44.2532359], [22.4274294, 44.253282600000006],
     [22.427516800000003, 44.2532823],
     [22.428018400000003, 44.253263600000004],
     [22.428197800000003, 44.2532286],
     [22.428625800000002, 44.2531352],
     [22.429205000000003, 44.2530505],
     [22.429436900000002, 44.2530067], [22.429897500000003, 44.252887],
     [22.4302607, 44.2528341]]}},
  {"type":"Feature",
   "properties":{},
   "geometry":
   {"type":"LineString",
    "coordinates":
    [[22.4302607, 44.2528341], [22.430311900000003, 44.2527768],
     [22.4304318, 44.2526894],
     [22.430600700000003, 44.252569900000005],
     [22.430976700000002, 44.252315100000004],
     [22.4310601, 44.2522597], [22.4311435, 44.2521841],
     [22.4312022, 44.2521113], [22.4313162, 44.251997700000004],
     [22.4313995, 44.251927800000004], [22.4314807, 44.2518521]]}},
  {"type":"Feature",
   "properties":{},
   "geometry":
   {"type":"LineString",
    "coordinates":
    [[22.4314807, 44.2518521], [22.4315599, 44.2518114],
     [22.431655600000003, 44.251778], [22.431783600000003, 44.2517532],
     [22.4319135, 44.2517414], [22.432130500000003, 44.2517367],
     [22.432276700000003, 44.251720600000006],
     [22.4326052, 44.2516526], [22.4337963, 44.2513671],
     [22.4344493, 44.2512284], [22.434628200000002, 44.2511857],
     [22.43475, 44.251143400000004], [22.4348515, 44.251097],
     [22.4349649, 44.2510503], [22.4350123, 44.251032800000004]]}},
  {"type":"Feature",
   "properties":{},
   "geometry":
   {"type":"LineString",
    "coordinates":
    [[22.4350123, 44.251032800000004],
     [22.4351039, 44.250975600000004], [22.4352912, 44.250841],
     [22.4353909, 44.250773300000006],
     [22.435440200000002, 44.250750200000006],
     [22.4356645, 44.2506812], [22.435735100000002, 44.2506659],
     [22.4358469, 44.2506526]]}},
  {"type":"Feature",
   "properties":{},
   "geometry":
   {"type":"LineString",
    "coordinates":
    [[22.4358469, 44.2506526], [22.4360198, 44.2506435],
     [22.436166500000002, 44.250647], [22.4363372, 44.2506506],
     [22.4365005, 44.2506526], [22.4366337, 44.250660700000005],
     [22.436744400000002, 44.250667500000006],
     [22.436965700000002, 44.2507156]]}},
  {"type":"Feature",
   "properties":{},
   "geometry":
   {"type":"LineString",
    "coordinates":
    [[22.436965700000002, 44.2507156],
     [22.436982800000003, 44.2505874], [22.4369887, 44.2505338],
     [22.437002600000003, 44.250460600000004],
     [22.4370121, 44.250401100000005],
     [22.437026000000003, 44.250347700000006],
     [22.437047200000002, 44.2503156], [22.4370821, 44.2502872],
     [22.437131400000002, 44.2502669],
     [22.437278300000003, 44.2502257], [22.4374305, 44.25018],
     [22.4375092, 44.250157900000005], [22.437631900000003, 44.250123],
     [22.437741900000002, 44.250087900000004],
     [22.437809, 44.2500591]]}},
  {"type":"Feature",
   "properties":{},
   "geometry":
   {"type":"LineString",
    "coordinates":
    [[22.437809, 44.2500591], [22.4378251, 44.2500024],
     [22.4378478, 44.249884], [22.437868, 44.249795600000006],
     [22.4378832, 44.2497242], [22.4379136, 44.2496498],
     [22.437937700000003, 44.2495932],
     [22.437961400000002, 44.249551200000006],
     [22.4379846, 44.2495039], [22.4380066, 44.249464],
     [22.4380336, 44.249419200000006],
     [22.438063800000002, 44.2493597], [22.4381027, 44.2492761],
     [22.4381451, 44.2492037], [22.4381737, 44.249149300000006],
     [22.438234700000002, 44.2490694], [22.4382921, 44.249004],
     [22.4383327, 44.2489629], [22.4383796, 44.2489207]]}},
  {"type":"Feature",
   "properties":{},
   "geometry":
   {"type":"LineString",
    "coordinates":
    [[22.4383796, 44.2489207],
     [22.438422900000003, 44.248864000000005],
     [22.4384735, 44.2488126], [22.438501600000002, 44.2487766],
     [22.4385365, 44.2487233], [22.4385602, 44.248679300000006],
     [22.4385647, 44.248637800000004],
     [22.4385647, 44.248591700000006], [22.4385182, 44.2484398],
     [22.438469400000002, 44.2483364],
     [22.438360000000003, 44.248168500000006],
     [22.4383678, 44.2481383], [22.438391000000003, 44.2481109],
     [22.4385717, 44.2479268]]}},
  {"type":"Feature",
   "properties":{},
   "geometry":
   {"type":"LineString",
    "coordinates":
    [[22.4385717, 44.2479268], [22.4385143, 44.2478926],
     [22.4384467, 44.2478551],
     [22.438382500000003, 44.247822400000004],
     [22.4383234, 44.247793400000006], [22.4382389, 44.2477559],
     [22.438173000000003, 44.2477316], [22.4380801, 44.2477123],
     [22.4379855, 44.247701400000004],
     [22.437836800000003, 44.247709900000004],
     [22.4376776, 44.2477183], [22.4375621, 44.247728200000005],
     [22.437437300000003, 44.2477382],
     [22.437320200000002, 44.2477437],
     [22.4371832, 44.247757500000006],
     [22.437030800000002, 44.2477735], [22.436862, 44.247791],
     [22.436752300000002, 44.247801100000004],
     [22.4366893, 44.247808400000004]]}},
  {"type":"Feature",
   "properties":{},
   "geometry":
   {"type":"LineString",
    "coordinates":
    [[22.4366893, 44.247808400000004],
     [22.436507000000002, 44.2478123],
     [22.436374700000002, 44.247826200000006],
     [22.4362746, 44.2478123], [22.4361682, 44.2477638],
     [22.436161700000003, 44.2477037],
     [22.436203600000002, 44.2476343],
     [22.436329500000003, 44.2475765], [22.4364521, 44.2475164],
     [22.4365521, 44.247451700000006],
     [22.436690900000002, 44.2473754],
     [22.4367443, 44.247330500000004],
     [22.4367737, 44.247302100000006],
     [22.436808300000003, 44.2472663],
     [22.436798300000003, 44.247189000000006],
     [22.4367738, 44.247117200000005], [22.4367671, 44.2470469],
     [22.4367492, 44.2469447], [22.4367537, 44.2468792],
     [22.436791600000003, 44.246804100000006],
     [22.4368094, 44.2467051], [22.4368094, 44.2466189],
     [22.4367671, 44.2465406], [22.4366601, 44.24644],
     [22.436597600000002, 44.246372900000004],
     [22.4365218, 44.246291400000004], [22.4364148, 44.2461828],
     [22.4363546, 44.2461222], [22.4363056, 44.246056700000004],
     [22.4362241, 44.2459537], [22.436167100000002, 44.2458838],
     [22.4361265, 44.2458357]]}},
  {"type":"Feature",
   "properties":{},
   "geometry":
   {"type":"LineString",
    "coordinates":
    [[22.4361265, 44.2458357], [22.4360618, 44.2457555],
     [22.4359916, 44.245673000000004],
     [22.435857300000002, 44.2455244],
     [22.4357842, 44.245443900000005],
     [22.435705600000002, 44.245356300000005],
     [22.435635400000002, 44.2452698],
     [22.435546900000002, 44.2451632],
     [22.4354584, 44.245035400000006],
     [22.4353938, 44.244959900000005],
     [22.4353446, 44.244913600000004],
     [22.435295500000002, 44.2448643],
     [22.435236500000002, 44.244747600000004],
     [22.4351957, 44.2446842], [22.4351695, 44.2446526]]}},
  {"type":"Feature",
   "properties":{},
   "geometry":
   {"type":"LineString",
    "coordinates":
    [[22.4351695, 44.2446526], [22.4351281, 44.2445584]]}},
  {"type":"Feature",
   "properties":{},
   "geometry":
   {"type":"LineString",
    "coordinates":
    [[22.435103, 44.2444852], [22.4351281, 44.2445584]]}},
  {"type":"Feature",
   "properties":{},
   "geometry":
   {"type":"LineString",
    "coordinates":
    [[22.435103, 44.2444852], [22.4351553, 44.2444142],
     [22.4352364, 44.2443718], [22.435364800000002, 44.2442859],
     [22.4355051, 44.244208400000005], [22.4355896, 44.2441588]]}},
  {"type":"Feature",
   "properties":{},
   "geometry":
   {"type":"LineString",
    "coordinates":
    [[22.4355896, 44.2441588], [22.4356653, 44.244075300000006],
     [22.435759400000002, 44.243999900000006],
     [22.4358788, 44.2439113], [22.435984100000002, 44.2438178],
     [22.4360347, 44.243770500000004], [22.436119, 44.243701],
     [22.4361892, 44.2436306], [22.436283300000003, 44.243533],
     [22.4363339, 44.243466600000005], [22.4363844, 44.2434002],
     [22.4364223, 44.243326700000004],
     [22.4364743, 44.243242200000005],
     [22.4365235, 44.243166800000004],
     [22.4365586, 44.243113400000006], [22.4365874, 44.2430796],
     [22.436633, 44.2430177], [22.4366948, 44.2429592],
     [22.4367322, 44.242919], [22.436812800000002, 44.2428479],
     [22.436870000000003, 44.2427902],
     [22.436920200000003, 44.2427476], [22.4369964, 44.2426794],
     [22.4371113, 44.242581300000005], [22.4371975, 44.2425257],
     [22.4373192, 44.242453000000005], [22.4373766, 44.2423768],
     [22.437469500000002, 44.2422884],
     [22.437532100000002, 44.2422206], [22.4375828, 44.2421105],
     [22.437652, 44.2420015], [22.4376909, 44.241938600000005],
     [22.437723000000002, 44.2418526],
     [22.4377551, 44.241780000000006],
     [22.4377979, 44.241665600000005],
     [22.437810900000002, 44.2416311], [22.4378022, 44.241545],
     [22.437799000000002, 44.241513700000006],
     [22.4377855, 44.2413692],
     [22.437770200000003, 44.241077600000004],
     [22.437801200000003, 44.2408048], [22.4378056, 44.2407507],
     [22.437803300000002, 44.2407267],
     [22.437794800000002, 44.240705000000005]]}},
  {"type":"Feature",
   "properties":{},
   "geometry":
   {"type":"LineString",
    "coordinates":
    [[22.437794800000002, 44.240705000000005],
     [22.4378709, 44.2406705], [22.437951400000003, 44.2406299],
     [22.438054700000002, 44.2405738],
     [22.4381983, 44.240491000000006],
     [22.438226800000002, 44.240474600000006], [22.4385151, 44.240307],
     [22.438707100000002, 44.240186200000004],
     [22.439039100000002, 44.2399773], [22.4392101, 44.2398711],
     [22.439222, 44.2398637]]}},
  {"type":"Feature",
   "properties":{},
   "geometry":
   {"type":"LineString",
    "coordinates":
    [[22.439222, 44.2398637], [22.4393387, 44.23979],
     [22.4394013, 44.2397484], [22.4394682, 44.2397008],
     [22.4395504, 44.2396362], [22.439615200000002, 44.2395762],
     [22.439671200000003, 44.2395216], [22.4397293, 44.2394558],
     [22.4397632, 44.2394175], [22.4400489, 44.238999500000006],
     [22.440051200000003, 44.2389961],
     [22.440124100000002, 44.238889500000006],
     [22.4401259, 44.2388868]]}},
  {"type":"Feature",
   "properties":{},
   "geometry":
   {"type":"LineString",
    "coordinates":
    [[22.4401259, 44.2388868], [22.4403675, 44.238525200000005],
     [22.4403966, 44.2384817]]}},
  {"type":"Feature",
   "properties":{},
   "geometry":
   {"type":"LineString",
    "coordinates":
    [[22.4403966, 44.2384817], [22.4407782, 44.2379344],
     [22.4409704, 44.237650200000004], [22.4412121, 44.2372979],
     [22.441938200000003, 44.2361878],
     [22.442678200000003, 44.2351168]]}},
  {"type":"Feature",
   "properties":{},
   "geometry":
   {"type":"LineString",
    "coordinates":
    [[22.442678200000003, 44.2351168],
     [22.4427531, 44.235008300000004],
     [22.4428412, 44.234894700000005],
     [22.4429282, 44.234793200000006],
     [22.442988900000003, 44.234728600000004],
     [22.4430538, 44.2346641],
     [22.443141400000002, 44.234578400000004],
     [22.443237500000002, 44.234492700000004],
     [22.443337900000003, 44.2344055],
     [22.4434469, 44.234312100000004],
     [22.4435174, 44.234255100000006],
     [22.443593200000002, 44.234196100000005],
     [22.4436676, 44.2341381], [22.443744600000002, 44.2340801],
     [22.4438986, 44.233961300000004],
     [22.443989600000002, 44.2338934]]}},
  {"type":"Feature",
   "properties":{},
   "geometry":
   {"type":"LineString",
    "coordinates":
    [[22.443989600000002, 44.2338934],
     [22.444407700000003, 44.233581400000006],
     [22.444767900000002, 44.2333148],
     [22.4450757, 44.233083900000004],
     [22.445149400000002, 44.233023800000005],
     [22.445230900000002, 44.232956300000005],
     [22.4453125, 44.2328841], [22.445394, 44.2328081],
     [22.445436200000003, 44.2327664], [22.4454837, 44.2327153],
     [22.445512700000002, 44.232680900000005],
     [22.4455469, 44.232635300000005],
     [22.4455797, 44.232591500000005],
     [22.4455975, 44.232565900000004],
     [22.4456139, 44.232535600000006], [22.4456302, 44.2324837],
     [22.4456364, 44.2324545], [22.445635600000003, 44.2324264],
     [22.4456348, 44.2323991], [22.4456253, 44.2323691],
     [22.4456159, 44.232340900000004],
     [22.4455996, 44.232305200000006], [22.4455826, 44.2322767],
     [22.4455528, 44.232239400000005],
     [22.445525500000002, 44.2322171],
     [22.445489300000002, 44.232190200000005],
     [22.4454305, 44.232162300000006], [22.4453873, 44.2321437],
     [22.445342200000002, 44.232127000000006],
     [22.4452944, 44.232114100000004],
     [22.445149100000002, 44.232083800000005],
     [22.444974300000002, 44.2320542],
     [22.444605600000003, 44.232003000000006],
     [22.444492200000003, 44.231988900000005],
     [22.4444413, 44.2319824], [22.4443826, 44.2319777],
     [22.444326, 44.231975500000004], [22.444228900000002, 44.2319723],
     [22.4441248, 44.231971], [22.4440294, 44.2319696],
     [22.443861100000003, 44.2319674], [22.4437724, 44.2319672],
     [22.443694200000003, 44.231967100000006],
     [22.4436071, 44.2319711], [22.4435357, 44.2319751],
     [22.4434164, 44.2319832], [22.4432775, 44.231993100000004],
     [22.443149100000003, 44.231999300000005],
     [22.443080600000002, 44.231996900000006],
     [22.4430212, 44.2319897], [22.4429728, 44.231975500000004],
     [22.4429447, 44.2319618], [22.4429151, 44.231942700000005],
     [22.4428963, 44.2319211], [22.4428804, 44.2318981],
     [22.442867200000002, 44.231871600000005],
     [22.442860600000003, 44.231850900000005],
     [22.442863900000003, 44.231830300000006],
     [22.442868100000002, 44.2318097],
     [22.4428854, 44.231781600000005], [22.442919, 44.231751700000004],
     [22.4429462, 44.231733000000006], [22.4429827, 44.2317125],
     [22.443020500000003, 44.231694700000006],
     [22.4430759, 44.2316737], [22.443151200000003, 44.2316547],
     [22.443215000000002, 44.2316359], [22.4432505, 44.2316251],
     [22.443288600000002, 44.231608800000004],
     [22.443320500000002, 44.2315891],
     [22.443346700000003, 44.231565200000006],
     [22.443367600000002, 44.231540200000005], [22.443382, 44.2315174],
     [22.4433957, 44.2314901], [22.4434013, 44.2314671],
     [22.4434003, 44.231446000000005],
     [22.4433946, 44.231419800000005],
     [22.443381300000002, 44.2313898], [22.4433577, 44.2313562],
     [22.4432167, 44.2312029], [22.443198900000002, 44.2311811],
     [22.4431727, 44.231147], [22.4431574, 44.2311173],
     [22.443150300000003, 44.231087900000006],
     [22.443149000000002, 44.2310608],
     [22.443155400000002, 44.231025800000005], [22.443169, 44.2309896],
     [22.443188900000003, 44.230956600000006],
     [22.4432145, 44.230926100000005], [22.4432455, 44.2308996],
     [22.443281900000002, 44.2308789],
     [22.443337900000003, 44.2308535], [22.4433954, 44.2308327],
     [22.4434483, 44.23082], [22.443499600000003, 44.2308108],
     [22.443538200000003, 44.230809], [22.443584400000002, 44.2308102],
     [22.443615, 44.2308151], [22.4436925, 44.230828900000006],
     [22.443783, 44.230842700000004]]}},
  {"type":"Feature",
   "properties":{},
   "geometry":
   {"type":"LineString",
    "coordinates":
    [[22.443783, 44.230842700000004], [22.443888700000002, 44.230859],
     [22.4440101, 44.2308734], [22.4441393, 44.2308803],
     [22.444279, 44.230885300000004],
     [22.444401900000003, 44.230886000000005]]}},
  {"type":"Feature",
   "properties":{},
   "geometry":
   {"type":"LineString",
    "coordinates":
    [[22.444401900000003, 44.230886000000005],
     [22.4445838, 44.2308893], [22.4447087, 44.2308886],
     [22.4449928, 44.230882400000006],
     [22.445264100000003, 44.230873200000005],
     [22.4457264, 44.2308597], [22.446188600000003, 44.2308463],
     [22.4467412, 44.230822], [22.4469508, 44.2308114],
     [22.4470642, 44.230804600000006],
     [22.4471862, 44.230794700000004], [22.4473139, 44.230777],
     [22.4475002, 44.230742], [22.4477051, 44.2306952],
     [22.4479228, 44.2306423],
     [22.448185900000002, 44.230583100000004],
     [22.4484098, 44.2305365],
     [22.448543200000003, 44.230510100000004],
     [22.4486852, 44.2304838],
     [22.448774500000003, 44.230467700000005],
     [22.4489234, 44.230448800000005],
     [22.449061200000003, 44.2304333], [22.4491924, 44.230424],
     [22.449387, 44.230414700000004], [22.4495745, 44.230410000000006],
     [22.4497964, 44.2304054], [22.450094, 44.230399600000005],
     [22.4503659, 44.230395400000006],
     [22.450524400000003, 44.2303903],
     [22.450670000000002, 44.2303866], [22.4508371, 44.2303799],
     [22.4510171, 44.2303701], [22.4512149, 44.2303561],
     [22.451451300000002, 44.2303359], [22.4516813, 44.2303142],
     [22.4519328, 44.2302863]]}},
  {"type":"Feature",
   "properties":{},
   "geometry":
   {"type":"LineString",
    "coordinates":
    [[22.4519328, 44.2302863], [22.4527281, 44.2301872]]}},
  {"type":"Feature",
   "properties":{},
   "geometry":
   {"type":"LineString",
    "coordinates":
    [[22.4527281, 44.2301872], [22.4530266, 44.230146000000005],
     [22.4533337, 44.2301018], [22.4535872, 44.230066900000004],
     [22.4537182, 44.2300448],
     [22.453870600000002, 44.230019600000006],
     [22.453978300000003, 44.229999], [22.4541031, 44.2299754],
     [22.4542138, 44.229952000000004], [22.4543332, 44.2299225],
     [22.454461100000003, 44.2298914],
     [22.454612700000002, 44.2298528],
     [22.4546192, 44.229851100000005]]}},
  {"type":"Feature",
   "properties":{},
   "geometry":
   {"type":"LineString",
    "coordinates":
    [[22.4546192, 44.229851100000005],
     [22.454731300000002, 44.229817700000005],
     [22.4549077, 44.229773300000005],
     [22.454993700000003, 44.2297537], [22.4550969, 44.2297342],
     [22.4552108, 44.229713000000004],
     [22.455329000000003, 44.229691900000006]]}},
  {"type":"Feature",
   "properties":{},
   "geometry":
   {"type":"LineString",
    "coordinates":
    [[22.455329000000003, 44.229691900000006],
     [22.4554954, 44.229670000000006], [22.4556022, 44.2296575],
     [22.4557605, 44.229648100000006],
     [22.455935500000002, 44.2296385],
     [22.4561303, 44.229635300000005],
     [22.456348900000002, 44.2296428],
     [22.4565243, 44.229655900000004], [22.456717, 44.2296691],
     [22.4568917, 44.2296841],
     [22.457023500000002, 44.229699100000005],
     [22.457194700000002, 44.2297189],
     [22.457305700000003, 44.229735700000006],
     [22.457575000000002, 44.2297846], [22.4577446, 44.2298161],
     [22.457931300000002, 44.2298476],
     [22.458300400000002, 44.229910600000004], [22.458514, 44.229939],
     [22.4587319, 44.2299674], [22.458857000000002, 44.2299808],
     [22.4589992, 44.2299943], [22.4591458, 44.2300077],
     [22.4593095, 44.230018], [22.4594074, 44.2300188]]}},
  {"type":"Feature",
   "properties":{},
   "geometry":
   {"type":"LineString",
    "coordinates":
    [[22.4594074, 44.2300188], [22.4593521, 44.2301865],
     [22.4594203, 44.2303179], [22.4593606, 44.230562500000005],
     [22.459441700000003, 44.230892600000004],
     [22.459573900000002, 44.2310637], [22.4596336, 44.2311677],
     [22.4596592, 44.2313052], [22.4598896, 44.231598600000005],
     [22.460111400000002, 44.2319012], [22.4601498, 44.232103],
     [22.460269200000003, 44.2321946], [22.4604271, 44.2322344]]}},
  {"type":"Feature",
   "properties":{},
   "geometry":
   {"type":"LineString",
    "coordinates":
    [[22.4604271, 44.2322344], [22.461344200000003, 44.2322313],
     [22.4623969, 44.232268700000006],
     [22.462918300000002, 44.232244900000005],
     [22.4631468, 44.232221200000005], [22.4633849, 44.2321838],
     [22.463605, 44.232167100000005], [22.4637768, 44.232156],
     [22.4639273, 44.2321979], [22.464111900000002, 44.2323005],
     [22.464191000000003, 44.2323734], [22.4645037, 44.2325461],
     [22.4646921, 44.2327567], [22.4647976, 44.2328215],
     [22.4648955, 44.2327999], [22.465456800000002, 44.232619]]}},
  {"type":"Feature",
   "properties":{},
   "geometry":
   {"type":"LineString",
    "coordinates":
    [[22.465456800000002, 44.232619], [22.4656904, 44.232624400000006],
     [22.465946600000002, 44.2326757], [22.4660295, 44.2326028],
     [22.466168900000003, 44.2324436], [22.4664326, 44.2323572],
     [22.4666059, 44.232297800000005],
     [22.466832200000002, 44.232310000000005]]}},
  {"type":"Feature",
   "properties":{},
   "geometry":
   {"type":"LineString",
    "coordinates":
    [[22.466832200000002, 44.232310000000005], [22.4669935, 44.232379],
     [22.4672413, 44.2324092], [22.467536600000003, 44.232345],
     [22.467916300000002, 44.2324847], [22.4681852, 44.2327341],
     [22.468412, 44.232987300000005],
     [22.468760800000002, 44.2332923]]}},
  {"type":"Feature",
   "properties":{},
   "geometry":
   {"type":"LineString",
    "coordinates":
    [[22.470450300000003, 44.2321905],
     [22.470094200000002, 44.2324173],
     [22.469698400000002, 44.2326361],
     [22.469472300000003, 44.2327333],
     [22.4691727, 44.233008700000006],
     [22.468760800000002, 44.2332923]]}},
  {"type":"Feature",
   "properties":{},
   "geometry":
   {"type":"LineString",
    "coordinates":
    [[22.470450300000003, 44.2321905],
     [22.4707057, 44.232106900000005], [22.4710274, 44.2319558],
     [22.4713385, 44.231842400000005], [22.4715758, 44.2317782],
     [22.471771500000003, 44.231661800000005]]}},
  {"type":"Feature",
   "properties":{},
   "geometry":
   {"type":"LineString",
    "coordinates":
    [[22.471771500000003, 44.231661800000005], [22.472321, 44.2315005],
     [22.4725934, 44.2314768], [22.472768700000003, 44.2314955],
     [22.472929800000003, 44.2315532],
     [22.473057700000002, 44.2315379],
     [22.473270900000003, 44.2314598],
     [22.473545700000003, 44.231335900000005],
     [22.473794400000003, 44.231254400000005],
     [22.474362900000003, 44.2311136],
     [22.474521600000003, 44.231044000000004],
     [22.474706400000002, 44.230913300000005],
     [22.474921900000002, 44.230840300000004], [22.475128, 44.2307775],
     [22.4753294, 44.230636600000004],
     [22.476115800000002, 44.2303447], [22.4762437, 44.2303294]]}},
  {"type":"Feature",
   "properties":{},
   "geometry":
   {"type":"LineString",
    "coordinates":
    [[22.480019900000002, 44.228385100000004],
     [22.479741100000002, 44.2285363],
     [22.4795829, 44.228601100000006], [22.4791308, 44.2289358],
     [22.4790329, 44.229060000000004],
     [22.478452700000002, 44.229276000000006],
     [22.477993100000003, 44.2295189], [22.4775938, 44.2297403],
     [22.4768328, 44.230080400000006], [22.4762437, 44.2303294]]}},
  {"type":"Feature",
   "properties":{},
   "geometry":
   {"type":"LineString",
    "coordinates":
    [[22.4830143, 44.2281087], [22.482755, 44.228023400000005],
     [22.482212500000003, 44.228077400000004],
     [22.482001500000003, 44.228066600000005],
     [22.4818885, 44.2280342], [22.4808713, 44.228153000000006],
     [22.4801329, 44.228331100000005],
     [22.480019900000002, 44.228385100000004]]}},
  {"type":"Feature",
   "properties":{},
   "geometry":
   {"type":"LineString",
    "coordinates":
    [[22.4830143, 44.2281087], [22.4832618, 44.2282072],
     [22.483335200000003, 44.2283057],
     [22.483518500000002, 44.2285422], [22.483546, 44.228653900000005],
     [22.4839677, 44.2292319]]}},
  {"type":"Feature",
   "properties":{},
   "geometry":
   {"type":"LineString",
    "coordinates":
    [[22.4839677, 44.2292319], [22.4840816, 44.229402],
     [22.4844149, 44.229887000000005],
     [22.484728500000003, 44.230617800000005],
     [22.484939400000002, 44.231287800000004],
     [22.4851594, 44.2320037],
     [22.485119100000002, 44.232129900000004]]}},
  {"type":"Feature",
   "properties":{},
   "geometry":
   {"type":"LineString",
    "coordinates":
    [[22.485119100000002, 44.232129900000004],
     [22.4850494, 44.2323912], [22.4851777, 44.2327394],
     [22.4853519, 44.2329627], [22.4854145, 44.233445200000006],
     [22.485618000000002, 44.2335252], [22.4858353, 44.2335386],
     [22.4861249, 44.233482900000006], [22.4865058, 44.2334964],
     [22.4870181, 44.233554000000005], [22.4873587, 44.2334387],
     [22.4877316, 44.2332715], [22.487962200000002, 44.2331139],
     [22.4882278, 44.2329659], [22.4883887, 44.232958200000006],
     [22.488504000000002, 44.2329736]]}},
  {"type":"Feature",
   "properties":{},
   "geometry":
   {"type":"LineString",
    "coordinates":
    [[22.488504000000002, 44.2329736], [22.4885872, 44.2331408],
     [22.4886087, 44.2334618],
     [22.488643500000002, 44.233782700000006],
     [22.488718600000002, 44.234071], [22.488855400000002, 44.23434],
     [22.489008300000002, 44.2345668],
     [22.489112900000002, 44.2346341],
     [22.489531000000003, 44.2346568], [22.489609100000003, 44.234661],
     [22.490172400000002, 44.2346072],
     [22.490778600000002, 44.2345418],
     [22.491502800000003, 44.234595600000006],
     [22.4920285, 44.234676300000004],
     [22.4923772, 44.234687900000004], [22.4929458, 44.2345533],
     [22.493600200000003, 44.234461100000004],
     [22.494117900000003, 44.2345187], [22.4943083, 44.2345629],
     [22.495088900000002, 44.2347667],
     [22.495479200000002, 44.2349467]]}},
  {"type":"Feature",
   "properties":{},
   "geometry":
   {"type":"LineString",
    "coordinates":
    [[22.497607600000002, 44.2367531],
     [22.4975135, 44.236571100000006],
     [22.4972624, 44.236245100000005],
     [22.496981100000003, 44.236052400000005],
     [22.496873500000003, 44.235960500000004],
     [22.496803200000002, 44.2356641], [22.4967204, 44.2355159],
     [22.4965136, 44.2353973], [22.4958516, 44.2351809],
     [22.495479200000002, 44.2349467]]}},
  {"type":"Feature",
   "properties":{},
   "geometry":
   {"type":"LineString",
    "coordinates":
    [[22.4980769, 44.2371573], [22.4979397, 44.237093200000004],
     [22.497854500000003, 44.237036800000006],
     [22.497763000000003, 44.2369697],
     [22.497669300000002, 44.236862900000006],
     [22.497607600000002, 44.2367531]]}},
  {"type":"Feature",
   "properties":{},
   "geometry":
   {"type":"LineString",
    "coordinates":
    [[22.5019013, 44.2381912], [22.5017248, 44.238138600000006],
     [22.501639100000002, 44.2381187],
     [22.5015524, 44.238106900000005], [22.5014533, 44.2380884],
     [22.5013769, 44.238059500000006],
     [22.5012882, 44.238025500000006],
     [22.5011371, 44.237988900000005], [22.500992, 44.2379538],
     [22.5006483, 44.237877600000004], [22.5004078, 44.2377911],
     [22.500351000000002, 44.237775600000006],
     [22.5002922, 44.2377674], [22.5001962, 44.2377593],
     [22.500076500000002, 44.2377443], [22.4997656, 44.2376674],
     [22.4992404, 44.2375163], [22.4988338, 44.237386],
     [22.498259, 44.2371939], [22.4980769, 44.2371573]]}},
  {"type":"Feature",
   "properties":{},
   "geometry":
   {"type":"LineString",
    "coordinates":
    [[22.5023081, 44.238266100000004], [22.5019013, 44.2381912]]}},
  {"type":"Feature",
   "properties":{},
   "geometry":
   {"type":"LineString",
    "coordinates":
    [[22.5023081, 44.238266100000004], [22.502621700000002, 44.238309],
     [22.502959, 44.2383475], [22.5033178, 44.2382884],
     [22.503673000000003, 44.238239500000006],
     [22.504078500000002, 44.2381418],
     [22.504534200000002, 44.238013300000006],
     [22.504928900000003, 44.2379259],
     [22.505330800000003, 44.2378179],
     [22.505775800000002, 44.2377048],
     [22.5061633, 44.237594300000005],
     [22.506446800000003, 44.237527400000005],
     [22.506794900000003, 44.2374914], [22.5071803, 44.237532]]}},
  {"type":"Feature",
   "properties":{},
   "geometry":
   {"type":"LineString",
    "coordinates":
    [[22.5118948, 44.236597700000004], [22.5116596, 44.2365423],
     [22.5114369, 44.236509700000006], [22.5113001, 44.2365058],
     [22.5111017, 44.236521200000006],
     [22.510940700000003, 44.236553900000004],
     [22.5106296, 44.236686500000005], [22.5101173, 44.2369421],
     [22.5096855, 44.237132300000006], [22.509428, 44.2372476],
     [22.509277800000003, 44.2373053],
     [22.5087413, 44.237443600000006],
     [22.5079125, 44.237597400000006],
     [22.507689900000003, 44.2376166], [22.5073814, 44.2376031],
     [22.5071803, 44.237532]]}},
  {"type":"Feature",
   "properties":{},
   "geometry":
   {"type":"LineString",
    "coordinates":
    [[22.513952900000003, 44.2368174],
     [22.513819700000003, 44.2368438], [22.5134344, 44.2368463],
     [22.5126065, 44.236800300000006],
     [22.512248300000003, 44.2367494],
     [22.512075900000003, 44.236701000000004],
     [22.5118948, 44.236597700000004]]}},
  {"type":"Feature",
   "properties":{},
   "geometry":
   {"type":"LineString",
    "coordinates":
    [[22.513952900000003, 44.2368174],
     [22.513795100000003, 44.236565000000006], [22.513684, 44.236401],
     [22.5136369, 44.236335700000005], [22.513573, 44.2362489],
     [22.5135234, 44.236182500000005],
     [22.513476200000003, 44.2361221],
     [22.513460300000002, 44.236101700000006]]}},
  {"type":"Feature",
   "properties":{},
   "geometry":
   {"type":"LineString",
    "coordinates":
    [[22.513460300000002, 44.236101700000006],
     [22.5134015, 44.236028000000005],
     [22.5133343, 44.235941200000006],
     [22.513233900000003, 44.2358222],
     [22.5131473, 44.235715400000004]]}},
  {"type":"Feature",
   "properties":{},
   "geometry":
   {"type":"LineString",
    "coordinates":
    [[22.5131473, 44.235715400000004],
     [22.513219000000003, 44.235753900000006],
     [22.5133067, 44.2358154], [22.5133848, 44.2358842],
     [22.513425400000003, 44.2359209],
     [22.513466100000002, 44.2359553], [22.5135031, 44.2359875],
     [22.5135401, 44.236017200000006],
     [22.5136033, 44.236066900000004], [22.5136664, 44.2361142],
     [22.513727900000003, 44.2361591], [22.513786, 44.2361992],
     [22.513845, 44.2362405], [22.513900600000003, 44.2362794],
     [22.5140035, 44.2363452], [22.5141083, 44.236406],
     [22.514216400000002, 44.2364644],
     [22.514280900000003, 44.2364939], [22.5143488, 44.2365234],
     [22.51442, 44.2365529], [22.514497900000002, 44.2365824],
     [22.5145842, 44.2366143], [22.5146672, 44.2366438],
     [22.514751800000003, 44.2366746],
     [22.5148465, 44.236705300000004], [22.5149672, 44.2367415],
     [22.5150611, 44.2367634], [22.5151328, 44.236777800000006],
     [22.5152046, 44.236789900000005], [22.515304, 44.2368055],
     [22.5153983, 44.2368163],
     [22.515566900000003, 44.236828300000006],
     [22.5158293, 44.236840400000006],
     [22.5160017, 44.236842900000006], [22.5160921, 44.2368442],
     [22.5162093, 44.2368407],
     [22.516325300000002, 44.236834300000005], [22.516448, 44.2368256],
     [22.5166314, 44.2368084], [22.5167146, 44.2368012],
     [22.517177200000003, 44.236756]]}},
  {"type":"Feature",
   "properties":{},
   "geometry":
   {"type":"LineString",
    "coordinates":
    [[22.517177200000003, 44.236756], [22.5190418, 44.236241]]}},
  {"type":"Feature",
   "properties":{},
   "geometry":
   {"type":"LineString",
    "coordinates":
    [[22.5190418, 44.236241], [22.5191543, 44.2362089],
     [22.519254200000002, 44.236173900000004],
     [22.519339000000002, 44.2361419]]}},
  {"type":"Feature",
   "properties":{},
   "geometry":
   {"type":"LineString",
    "coordinates":
    [[22.519339000000002, 44.2361419],
     [22.5195545, 44.236052300000004]]}},
  {"type":"Feature",
   "properties":{},
   "geometry":
   {"type":"LineString",
    "coordinates":
    [[22.5195545, 44.236052300000004],
     [22.5196167, 44.236026100000004]]}},
  {"type":"Feature",
   "properties":{},
   "geometry":
   {"type":"LineString",
    "coordinates":
    [[22.5197492, 44.236043900000006], [22.5196876, 44.2360509],
     [22.5196167, 44.236026100000004]]}},
  {"type":"Feature",
   "properties":{},
   "geometry":
   {"type":"LineString",
    "coordinates":
    [[22.5197492, 44.236043900000006],
     [22.520371200000003, 44.2357918],
     [22.5204455, 44.235760400000004], [22.5205997, 44.2356987],
     [22.5211253, 44.235480300000006], [22.5229649, 44.234712],
     [22.5230453, 44.234675800000005],
     [22.5231178, 44.234643000000005], [22.5244067, 44.2340886],
     [22.5244585, 44.234065900000004],
     [22.524523300000002, 44.234036700000004],
     [22.5248636, 44.2338901], [22.525203, 44.2337471],
     [22.5254261, 44.233637300000005],
     [22.5257089, 44.233464000000005],
     [22.526239800000003, 44.2331287],
     [22.5264615, 44.232964300000006], [22.5266789, 44.2327875],
     [22.5267343, 44.2327426], [22.5270598, 44.2324575],
     [22.5271957, 44.2323339], [22.5272329, 44.2323012],
     [22.5272627, 44.232275], [22.5280245, 44.2315575]]}},
  {"type":"Feature",
   "properties":{},
   "geometry":
   {"type":"LineString",
    "coordinates":
    [[22.5280245, 44.2315575], [22.528263900000002, 44.2313339],
     [22.528285800000003, 44.2313156],
     [22.528312300000003, 44.2313034]]}},
  {"type":"Feature",
   "properties":{},
   "geometry":
   {"type":"LineString",
    "coordinates":
    [[22.5284277, 44.231308600000006], [22.5283933, 44.231301],
     [22.528351, 44.2313004], [22.528312300000003, 44.2313034]]}},
  {"type":"Feature",
   "properties":{},
   "geometry":
   {"type":"LineString",
    "coordinates":
    [[22.5285383, 44.231240500000006],
     [22.528510500000003, 44.231256800000004],
     [22.5284277, 44.231308600000006]]}},
  {"type":"Feature",
   "properties":{},
   "geometry":
   {"type":"LineString",
    "coordinates":
    [[22.5285106, 44.231175], [22.528496800000003, 44.2311959],
     [22.5285063, 44.231210700000005],
     [22.5285383, 44.231240500000006]]}},
  {"type":"Feature",
   "properties":{},
   "geometry":
   {"type":"LineString",
    "coordinates":
    [[22.5285106, 44.231175], [22.5285578, 44.2311293],
     [22.5286902, 44.2310013], [22.528752400000002, 44.230944],
     [22.528826000000002, 44.230872000000005],
     [22.5288499, 44.2308499], [22.5292059, 44.2305105],
     [22.5295498, 44.230182600000006], [22.5297851, 44.2299633],
     [22.529813, 44.2299373], [22.530058200000003, 44.2296971],
     [22.5301253, 44.2296433],
     [22.530192300000003, 44.229606700000005],
     [22.5302526, 44.2295834]]}},
  {"type":"Feature",
   "properties":{},
   "geometry":
   {"type":"LineString",
    "coordinates":
    [[22.5303267, 44.2295747], [22.530302600000002, 44.229576],
     [22.5302526, 44.2295834]]}},
  {"type":"Feature",
   "properties":{},
   "geometry":
   {"type":"LineString",
    "coordinates":
    [[22.5303232, 44.229522100000004], [22.5303267, 44.2295747]]}},
  {"type":"Feature",
   "properties":{},
   "geometry":
   {"type":"LineString",
    "coordinates":
    [[22.530318700000002, 44.2294551],
     [22.5303232, 44.229522100000004]]}},
  {"type":"Feature",
   "properties":{},
   "geometry":
   {"type":"LineString",
    "coordinates":
    [[22.530313500000002, 44.2293767],
     [22.530318700000002, 44.2294551]]}},
  {"type":"Feature",
   "properties":{},
   "geometry":
   {"type":"LineString",
    "coordinates":
    [[22.5303115, 44.2293469], [22.530313500000002, 44.2293767]]}},
  {"type":"Feature",
   "properties":{},
   "geometry":
   {"type":"LineString",
    "coordinates":
    [[22.5306867, 44.229038700000004], [22.5304998, 44.2291922],
     [22.5303115, 44.2293469]]}},
  {"type":"Feature",
   "properties":{},
   "geometry":
   {"type":"LineString",
    "coordinates":
    [[22.5306867, 44.229038700000004],
     [22.530712100000002, 44.2290147]]}},
  {"type":"Feature",
   "properties":{},
   "geometry":
   {"type":"LineString",
    "coordinates":
    [[22.530712100000002, 44.2290147],
     [22.5307047, 44.229011500000006],
     [22.5306855, 44.228995700000006],
     [22.5306751, 44.228987100000005],
     [22.5306578, 44.228957300000005],
     [22.530654400000003, 44.228925100000005],
     [22.530665300000003, 44.2288938], [22.5306894, 44.2288665],
     [22.5307242, 44.228846000000004],
     [22.5307663, 44.228834400000004],
     [22.530794800000002, 44.228833400000006]]}},
  {"type":"Feature",
   "properties":{},
   "geometry":
   {"type":"LineString",
    "coordinates":
    [[22.5308274, 44.2281167], [22.5308038, 44.2286507],
     [22.5307993, 44.2287527], [22.530797, 44.2288032],
     [22.530794800000002, 44.228833400000006]]}},
  {"type":"Feature",
   "properties":{},
   "geometry":
   {"type":"LineString",
    "coordinates":
    [[22.5308274, 44.2281167], [22.5308378, 44.2278852],
     [22.530858000000002, 44.227438]]}},
  {"type":"Feature",
   "properties":{},
   "geometry":
   {"type":"LineString",
    "coordinates":
    [[22.530858000000002, 44.227438], [22.5308141, 44.2274338],
     [22.530774400000002, 44.227419600000005], [22.5307433, 44.227397],
     [22.5307241, 44.2273684], [22.5307187, 44.227340600000005],
     [22.5307247, 44.2273129], [22.5307444, 44.227283400000005],
     [22.5307689, 44.2272661], [22.5308041, 44.2272514]]}},
  {"type":"Feature",
   "properties":{},
   "geometry":
   {"type":"LineString",
    "coordinates":
    [[22.530720300000002, 44.226250400000005],
     [22.530797800000002, 44.2271761], [22.5308041, 44.2272514]]}},
  {"type":"Feature",
   "properties":{},
   "geometry":
   {"type":"LineString",
    "coordinates":
    [[22.530716100000003, 44.2262077],
     [22.530720300000002, 44.226250400000005]]}},
  {"type":"Feature",
   "properties":{},
   "geometry":
   {"type":"LineString",
    "coordinates":
    [[22.5301285, 44.2263413],
     [22.530153300000002, 44.226335600000006],
     [22.5305927, 44.226235100000004],
     [22.530716100000003, 44.2262077]]}},
  {"type":"Feature",
   "properties":{},
   "geometry":
   {"type":"LineString",
    "coordinates":
    [[22.5278716, 44.223735100000006],
     [22.528459400000003, 44.2241627], [22.5289807, 44.2246382],
     [22.5292958, 44.2249409], [22.5293256, 44.224977800000005],
     [22.5293789, 44.2250437], [22.529398800000003, 44.2250783],
     [22.529836600000003, 44.225839400000005], [22.53009, 44.226275],
     [22.5301285, 44.2263413]]}},
  {"type":"Feature",
   "properties":{},
   "geometry":
   {"type":"LineString",
    "coordinates":
    [[22.5278716, 44.223735100000006],
     [22.5277545, 44.223590900000005], [22.5276949, 44.2235444],
     [22.5273894, 44.223404800000004], [22.5272106, 44.2233056],
     [22.5270988, 44.2232263], [22.5270137, 44.2231485],
     [22.5269173, 44.2230432], [22.5267431, 44.222802400000006],
     [22.5266133, 44.222621000000004],
     [22.5263831, 44.222349200000004],
     [22.526090800000002, 44.2219685],
     [22.5255972, 44.221233600000005]]}},
  {"type":"Feature",
   "properties":{},
   "geometry":
   {"type":"LineString",
    "coordinates":
    [[22.5255972, 44.221233600000005],
     [22.5254134, 44.221271400000006], [22.525105, 44.221335100000005],
     [22.5247813, 44.2214024], [22.5243925, 44.2214588]]}},
  {"type":"Feature",
   "properties":{},
   "geometry":
   {"type":"LineString",
    "coordinates":
    [[22.5243925, 44.2214588], [22.5240149, 44.220515500000005],
     [22.523605500000002, 44.2195716], [22.5234868, 44.2195702],
     [22.5233835, 44.219568300000006], [22.5232692, 44.2195782]]}},
  {"type":"Feature",
   "properties":{},
   "geometry":
   {"type":"LineString",
    "coordinates":
    [[22.5232692, 44.2195782], [22.523058600000002, 44.2190327],
     [22.5230223, 44.2188345]]}},
  {"type":"Feature",
   "properties":{},
   "geometry":
   {"type":"LineString",
    "coordinates":
    [[22.5231159, 44.2175729], [22.5230223, 44.2188345]]}},
  {"type":"Feature",
   "properties":{},
   "geometry":
   {"type":"LineString",
    "coordinates":
    [[22.5301277, 44.2076426], [22.5289815, 44.2094378],
     [22.528206100000002, 44.2108578], [22.5279229, 44.2120692],
     [22.5273508, 44.2124523], [22.5260703, 44.2146762],
     [22.5245941, 44.2172399],
     [22.524483200000002, 44.217324000000005],
     [22.524252500000003, 44.2173663],
     [22.524043300000002, 44.217408600000006],
     [22.523812600000003, 44.217500900000005],
     [22.5234908, 44.217539300000006], [22.5231159, 44.2175729]]}},
  {"type":"Feature",
   "properties":{},
   "geometry":
   {"type":"LineString",
    "coordinates":
    [[22.5301277, 44.2076426], [22.5240365, 44.2063657],
     [22.5239121, 44.2063396]]}},
  {"type":"Feature",
   "properties":{},
   "geometry":
   {"type":"LineString",
    "coordinates":
    [[22.5239121, 44.2063396], [22.5237453, 44.2063028]]}},
  {"type":"Feature",
   "properties":{},
   "geometry":
   {"type":"LineString",
    "coordinates":
    [[22.5237453, 44.2063028], [22.5217105, 44.205837200000005],
     [22.521591400000002, 44.205801300000005],
     [22.5214934, 44.2057712], [22.5213988, 44.2057341],
     [22.521299300000003, 44.205688200000004],
     [22.5211194, 44.205578200000005],
     [22.519842200000003, 44.204661800000004],
     [22.519251, 44.204280000000004], [22.518529400000002, 44.2039291],
     [22.5177276, 44.2035393], [22.5176768, 44.203514600000005],
     [22.517108, 44.203238000000006], [22.5168672, 44.2031293],
     [22.516624800000002, 44.2030405],
     [22.5162054, 44.202898600000005], [22.5158974, 44.2027255],
     [22.515547, 44.202517500000006], [22.515459800000002, 44.2024606],
     [22.5149204, 44.2021086], [22.5147967, 44.202059500000004],
     [22.5146675, 44.202016400000005],
     [22.5145437, 44.201988500000006],
     [22.514418000000003, 44.2019669], [22.5140712, 44.2019479],
     [22.5137119, 44.20192], [22.5131935, 44.2018718],
     [22.5128749, 44.201826100000005], [22.512629, 44.2017753],
     [22.5125829, 44.201752500000005],
     [22.5125458, 44.201720800000004],
     [22.5125245, 44.201680200000006],
     [22.512522800000003, 44.2016396], [22.5125405, 44.2015952],
     [22.5126183, 44.2015216], [22.5127174, 44.201462],
     [22.5127953, 44.2014062], [22.5128537, 44.2013377],
     [22.512878500000003, 44.201269200000006], [22.5129227, 44.201188],
     [22.512986400000003, 44.2011182],
     [22.5130802, 44.201019300000006],
     [22.513204100000003, 44.200916500000005],
     [22.513310200000003, 44.200845400000006], [22.513735, 44.2005892],
     [22.513804, 44.2005283], [22.5138447, 44.2004674],
     [22.5138712, 44.200355800000004],
     [22.513892700000003, 44.200040200000004],
     [22.513897800000002, 44.199965000000006],
     [22.513892400000003, 44.199894], [22.5138712, 44.199831800000005],
     [22.5138234, 44.1997062], [22.5137922, 44.199596400000004],
     [22.5137509, 44.199451200000006], [22.5137438, 44.1993396],
     [22.5137544, 44.199233], [22.513768600000002, 44.199181],
     [22.513804, 44.1991023], [22.5138748, 44.199023700000005],
     [22.5139809, 44.1989387], [22.5142145, 44.198775000000005],
     [22.514326, 44.1986926], [22.5144056, 44.1986177],
     [22.5144658, 44.1985467],
     [22.514518900000002, 44.198479400000004], [22.5145631, 44.198416],
     [22.514595, 44.1983551], [22.514641, 44.198258700000004],
     [22.514676400000003, 44.1981635],
     [22.514713500000003, 44.1980658],
     [22.5147383, 44.197970700000006],
     [22.5147386, 44.197697700000006],
     [22.5147492, 44.197575900000004], [22.5147581, 44.1975277],
     [22.5147705, 44.197488400000005], [22.5148359, 44.197332]]}},
  {"type":"Feature",
   "properties":{},
   "geometry":
   {"type":"LineString",
    "coordinates":
    [[22.5148359, 44.197332], [22.5149338, 44.1971313],
     [22.514963100000003, 44.1970599], [22.514976, 44.196966200000006],
     [22.514974000000002, 44.196859800000006],
     [22.5149557, 44.196763600000004],
     [22.514933300000003, 44.196661600000006]]}},
  {"type":"Feature",
   "properties":{},
   "geometry":
   {"type":"LineString",
    "coordinates":
    [[22.514933300000003, 44.196661600000006],
     [22.514874600000002, 44.196564300000006],
     [22.5148136, 44.196491200000004], [22.5147465, 44.1964358],
     [22.513770100000002, 44.195790900000006],
     [22.513695600000002, 44.1957596], [22.5136204, 44.1957377],
     [22.513520800000002, 44.1957232], [22.5134739, 44.1957195]]}},
  {"type":"Feature",
   "properties":{},
   "geometry":
   {"type":"LineString",
    "coordinates":
    [[22.5134739, 44.1957195], [22.5135177, 44.195611400000004],
     [22.5135483, 44.1955661], [22.513845800000002, 44.195233],
     [22.5138988, 44.1951497], [22.5139192, 44.1950693],
     [22.5139335, 44.1949568], [22.5139192, 44.1948092],
     [22.5139314, 44.1947405], [22.5139579, 44.1946865],
     [22.5140089, 44.194636800000005],
     [22.514347200000003, 44.1944761], [22.514496, 44.1944366],
     [22.5145877, 44.1943957], [22.5147996, 44.1942905],
     [22.5148455, 44.1942554], [22.514872, 44.1942225],
     [22.5148812, 44.1941794], [22.514875, 44.194140000000004],
     [22.5148547, 44.194100500000005],
     [22.514666100000003, 44.1939274],
     [22.514635600000002, 44.193875500000004],
     [22.514630500000003, 44.1938368], [22.514635600000002, 44.19379],
     [22.5146519, 44.1937506], [22.514680400000003, 44.1937111],
     [22.5147324, 44.1936636], [22.514876100000002, 44.1935591],
     [22.5149657, 44.1935182], [22.5152256, 44.1933962],
     [22.5154375, 44.1932727], [22.515523100000003, 44.1932004],
     [22.515606700000003, 44.1931266],
     [22.515649500000002, 44.1930587], [22.5157229, 44.1929213],
     [22.5158278, 44.192727000000005],
     [22.5158625, 44.192673600000006],
     [22.515907300000002, 44.1926159],
     [22.515982700000002, 44.192539200000006],
     [22.516309800000002, 44.192309], [22.51659, 44.192103],
     [22.5168061, 44.1919875], [22.5170527, 44.1918692],
     [22.517172900000002, 44.1917939],
     [22.5172616, 44.191723800000005], [22.5173604, 44.1916244],
     [22.5174348, 44.191542600000005],
     [22.5174883, 44.191503000000004], [22.5177915, 44.1913745],
     [22.5179596, 44.191292000000004],
     [22.518081900000002, 44.1912116],
     [22.5181644, 44.191158300000005]]}},
  {"type":"Feature",
   "properties":{},
   "geometry":
   {"type":"LineString",
    "coordinates":
    [[22.5181644, 44.191158300000005],
     [22.518243400000003, 44.1910321],
     [22.518454400000003, 44.1909361],
     [22.5184098, 44.190712000000005],
     [22.518523400000003, 44.1904763],
     [22.518661400000003, 44.190211500000004],
     [22.5187913, 44.1898594], [22.518880600000003, 44.1897285],
     [22.519148400000002, 44.1896324],
     [22.5193797, 44.189434600000006],
     [22.5196395, 44.189216300000005], [22.5198667, 44.1890708],
     [22.5201305, 44.188878700000004],
     [22.520276600000003, 44.1886256],
     [22.520499800000003, 44.1883986],
     [22.520706800000003, 44.1881658], [22.5209259, 44.1879767],
     [22.5212465, 44.1878108], [22.5213439, 44.1876973],
     [22.521628, 44.187612900000005], [22.5219567, 44.187514],
     [22.522285500000002, 44.1874528],
     [22.522569100000002, 44.187391700000006]]}},
  {"type":"Feature",
   "properties":{},
   "geometry":
   {"type":"LineString",
    "coordinates":
    [[22.522569100000002, 44.187391700000006],
     [22.5225529, 44.187363500000004], [22.5225449, 44.1873262],
     [22.522540900000003, 44.1872842], [22.5225422, 44.1872387],
     [22.5225493, 44.1872089], [22.522559700000002, 44.1871791],
     [22.522576, 44.1871446], [22.5226086, 44.1870935],
     [22.522677, 44.1869875], [22.522712900000002, 44.186939],
     [22.5227487, 44.186888200000006], [22.5227846, 44.1868339],
     [22.5228204, 44.1867772], [22.522873, 44.186680800000005],
     [22.522925500000003, 44.186577500000006],
     [22.522968300000002, 44.1864939],
     [22.523003600000003, 44.186420600000005],
     [22.523030600000002, 44.186354300000005],
     [22.523039200000003, 44.1863132], [22.5230435, 44.1862647],
     [22.5230484, 44.1861491]]}},
  {"type":"Feature",
   "properties":{},
   "geometry":
   {"type":"LineString",
    "coordinates":
    [[22.5230484, 44.1861491], [22.5230278, 44.1860232]]}},
  {"type":"Feature",
   "properties":{},
   "geometry":
   {"type":"LineString",
    "coordinates":
    [[22.5230278, 44.1860232], [22.523032200000003, 44.1859879],
     [22.523042500000003, 44.1859574],
     [22.523057400000003, 44.185929300000005],
     [22.523084500000003, 44.1858907], [22.5231061, 44.1858632],
     [22.523134300000002, 44.1858334],
     [22.523225800000002, 44.185755300000004],
     [22.523345600000003, 44.1856675], [22.523488200000003, 44.185568],
     [22.5235676, 44.185518200000004], [22.5236503, 44.1854638],
     [22.5237163, 44.1854175], [22.5237856, 44.1853689],
     [22.5238288, 44.1853354], [22.5238586, 44.1853059],
     [22.523894600000002, 44.1852631],
     [22.5239192, 44.185228800000004],
     [22.5239437, 44.185187600000006],
     [22.5239832, 44.185110200000004],
     [22.524002900000003, 44.1850657],
     [22.524022600000002, 44.1850188],
     [22.5240407, 44.184966100000004],
     [22.524058800000002, 44.1849111],
     [22.524095000000003, 44.184794000000004],
     [22.524121100000002, 44.1846879], [22.5241472, 44.1845748],
     [22.524175000000003, 44.184451200000005],
     [22.5241839, 44.184382400000004],
     [22.524222100000003, 44.1842163],
     [22.524228700000002, 44.1841561], [22.5242368, 44.1840703],
     [22.5242352, 44.1840101], [22.5242244, 44.1839482],
     [22.5242109, 44.1838892],
     [22.524197400000002, 44.183839600000006],
     [22.5241644, 44.1837345], [22.5239252, 44.183103],
     [22.5239036, 44.183030300000006], [22.5238821, 44.1829552],
     [22.5238665, 44.182877700000006], [22.5238529, 44.1828093],
     [22.523849900000002, 44.182754300000006],
     [22.5238565, 44.1827151], [22.5238777, 44.182673400000006],
     [22.523901300000002, 44.182642], [22.5239376, 44.1826122],
     [22.5239966, 44.182580200000004],
     [22.5240353, 44.182566900000005],
     [22.5241083, 44.182546200000004], [22.5242149, 44.1825242],
     [22.5245204, 44.182485500000006], [22.5245976, 44.1824669],
     [22.524662300000003, 44.182444700000005],
     [22.5247223, 44.182418500000004],
     [22.5247604, 44.182397200000004],
     [22.524805500000003, 44.1823702],
     [22.524844400000003, 44.1823368],
     [22.524868700000003, 44.182308500000005],
     [22.5248971, 44.182273300000006], [22.524926, 44.182228800000004],
     [22.524940500000003, 44.182199600000004],
     [22.5249549, 44.182163300000006],
     [22.524961100000002, 44.1821197], [22.5249697, 44.1820412],
     [22.524968, 44.1819714], [22.5249613, 44.181842100000004],
     [22.5249427, 44.1815319], [22.524921000000003, 44.1812175],
     [22.5248862, 44.180875], [22.5248749, 44.180766000000006],
     [22.524869300000002, 44.180705700000004],
     [22.5248637, 44.1806453], [22.5248589, 44.180556900000006],
     [22.524854100000002, 44.180466200000005],
     [22.5248542, 44.180372000000006],
     [22.524857500000003, 44.1802708],
     [22.524857400000002, 44.1802062],
     [22.524855600000002, 44.1801545],
     [22.524852300000003, 44.180092300000005],
     [22.5248449, 44.180029100000006],
     [22.5248363, 44.179988200000004],
     [22.5248245, 44.179940200000004],
     [22.5247955, 44.179868400000004],
     [22.524768100000003, 44.179803500000006],
     [22.5247244, 44.179716500000005], [22.5246873, 44.179654],
     [22.5246137, 44.1795357], [22.524577700000002, 44.1794795],
     [22.5245417, 44.179421000000005], [22.524505700000002, 44.179366],
     [22.5244763, 44.1793168], [22.524440300000002, 44.1792559],
     [22.524419, 44.1792178], [22.524407500000002, 44.179184500000005],
     [22.5243992, 44.1791451], [22.5243942, 44.1790916],
     [22.5243906, 44.179019800000006], [22.5243919, 44.1789421],
     [22.5243997, 44.1788528], [22.5244089, 44.1788025],
     [22.524421200000003, 44.1787475],
     [22.524435200000003, 44.178690200000005],
     [22.524447600000002, 44.1786411], [22.5244691, 44.1785756],
     [22.524497200000003, 44.178503000000006],
     [22.5245195, 44.1784484], [22.524555000000003, 44.1783614],
     [22.524591800000003, 44.1782722],
     [22.5246318, 44.178178300000006], [22.52465, 44.178135100000006],
     [22.524673, 44.1780878], [22.524699100000003, 44.1780443],
     [22.524728500000002, 44.1780039], [22.524761100000003, 44.177965],
     [22.5248311, 44.1778988],
     [22.524880800000002, 44.177852900000005],
     [22.5249369, 44.1778046], [22.5249731, 44.177772100000006],
     [22.525012500000003, 44.1777395],
     [22.525094600000003, 44.177669800000004],
     [22.525180000000002, 44.177601200000005],
     [22.5252719, 44.1775302], [22.5254605, 44.177384800000006],
     [22.5256557, 44.1772371], [22.5261433, 44.1768699],
     [22.5266634, 44.1764561], [22.526974300000003, 44.176211],
     [22.5270447, 44.1761533],
     [22.527124800000003, 44.176093200000004],
     [22.527169800000003, 44.1760608],
     [22.527221200000003, 44.1760261], [22.5273232, 44.1759598],
     [22.527365, 44.175935700000004], [22.52741, 44.175911500000005],
     [22.527479500000002, 44.175879200000004],
     [22.527561900000002, 44.175844500000004],
     [22.527765900000002, 44.175760200000006],
     [22.527976300000002, 44.1756758], [22.528236, 44.1755749],
     [22.5285526, 44.1754389],
     [22.528707700000002, 44.175370900000004], [22.5288064, 44.175324],
     [22.528875300000003, 44.175288900000005],
     [22.5289474, 44.175246800000004],
     [22.5289915, 44.175220100000004],
     [22.529035500000003, 44.1751864],
     [22.529069800000002, 44.1751591],
     [22.5291074, 44.175127100000005],
     [22.5291809, 44.175046800000004], [22.5292576, 44.1749572],
     [22.5293445, 44.1748503]]}},
  {"type":"Feature",
   "properties":{},
   "geometry":
   {"type":"LineString",
    "coordinates":
    [[22.5293445, 44.1748503], [22.5293975, 44.1747181],
     [22.529441700000003, 44.174656500000005],
     [22.529486000000002, 44.174590200000004],
     [22.5295287, 44.174522800000005],
     [22.529559900000002, 44.174469300000005],
     [22.529586400000003, 44.1744301], [22.5296151, 44.1743728],
     [22.5296354, 44.1743316], [22.5296567, 44.174269],
     [22.529677900000003, 44.1742125], [22.5296929, 44.1741408],
     [22.529729, 44.174010200000005], [22.5297434, 44.1739021],
     [22.5297765, 44.1736141], [22.5297558, 44.1734317],
     [22.529728000000002, 44.173329100000004]]}},
  {"type":"Feature",
   "properties":{},
   "geometry":
   {"type":"LineString",
    "coordinates":
    [[22.529728000000002, 44.173329100000004],
     [22.529741100000003, 44.1731427], [22.5297635, 44.1728357],
     [22.529790600000002, 44.1726455], [22.5298421, 44.1724764],
     [22.530026300000003, 44.1719777], [22.5302848, 44.1712554],
     [22.530325100000002, 44.1711381],
     [22.530351900000003, 44.1710669], [22.5309701, 44.1694316],
     [22.5310358, 44.1691805], [22.5310798, 44.1690751],
     [22.5311415, 44.168978900000006],
     [22.531282100000002, 44.1688224], [22.5314768, 44.168633],
     [22.5317504, 44.168446700000004], [22.5320442, 44.1682925],
     [22.5326488, 44.167987100000005],
     [22.532930500000003, 44.167807200000006]]}},
  {"type":"Feature",
   "properties":{},
   "geometry":
   {"type":"LineString",
    "coordinates":
    [[22.532930500000003, 44.167807200000006],
     [22.5328193, 44.167720100000004],
     [22.532518600000003, 44.167668600000006],
     [22.5321803, 44.1676269], [22.531821500000003, 44.1675387],
     [22.531391000000003, 44.1674407],
     [22.530888700000002, 44.1673157],
     [22.530420600000003, 44.1672127], [22.5299525, 44.1670804],
     [22.529446800000002, 44.166938200000004],
     [22.5290709, 44.166857300000004],
     [22.5287873, 44.166722500000006],
     [22.5283465, 44.166629400000005],
     [22.528138100000003, 44.1665166]]}},
  {"type":"Feature",
   "properties":{},
   "geometry":
   {"type":"LineString",
    "coordinates":
    [[22.528138100000003, 44.1665166], [22.528435400000003, 44.166449],
     [22.5288472, 44.166375800000004],
     [22.529194800000003, 44.1663135], [22.5296594, 44.1662647],
     [22.530116600000003, 44.166186100000004],
     [22.5307135, 44.166066900000004],
     [22.5311631, 44.165966600000004], [22.5315635, 44.1658284],
     [22.5320509, 44.165617000000005], [22.5324513, 44.1654599],
     [22.5328896, 44.165216], [22.5329538, 44.164988300000005],
     [22.532693100000003, 44.1646848],
     [22.5323342, 44.164419200000005],
     [22.532063100000002, 44.1640954]]}},
  {"type":"Feature",
   "properties":{},
   "geometry":
   {"type":"LineString",
    "coordinates":
    [[22.5345818, 44.1635555], [22.5343591, 44.163577800000006],
     [22.5340345, 44.1636394],
     [22.533530300000002, 44.163751000000005],
     [22.532757800000002, 44.163949200000005],
     [22.5322831, 44.1640165], [22.532063100000002, 44.1640954]]}},
  {"type":"Feature",
   "properties":{},
   "geometry":
   {"type":"LineString",
    "coordinates":
    [[22.5345818, 44.1635555], [22.5346584, 44.163536400000005],
     [22.5347553, 44.1635234], [22.5348873, 44.163521100000004],
     [22.5352481, 44.163554700000006],
     [22.535368400000003, 44.1635639],
     [22.535412100000002, 44.1635593], [22.5354695, 44.1635433],
     [22.5355345, 44.163512000000004],
     [22.535635600000003, 44.163452400000004],
     [22.5356646, 44.163429400000005], [22.5358932, 44.1632478],
     [22.536030500000003, 44.1631416], [22.536138, 44.163021],
     [22.5362295, 44.162867500000004],
     [22.5363882, 44.162601800000004],
     [22.536436100000003, 44.1624872],
     [22.536497800000003, 44.1624193],
     [22.5365734, 44.162362800000004],
     [22.536634000000003, 44.162321500000004],
     [22.536815, 44.162226100000005], [22.536916100000003, 44.1621833],
     [22.5370758, 44.1621207], [22.537164100000002, 44.1620787],
     [22.537212, 44.1620359], [22.5372291, 44.161996200000004],
     [22.537236500000002, 44.161948900000006],
     [22.537235000000003, 44.1619037],
     [22.537235000000003, 44.1618336],
     [22.537225900000003, 44.161784000000004],
     [22.537204600000003, 44.1617328], [22.5371604, 44.1616809]]}},
  {"type":"Feature",
   "properties":{},
   "geometry":
   {"type":"LineString",
    "coordinates":
    [[22.5371604, 44.1616809], [22.5369147, 44.1614008]]}},
  {"type":"Feature",
   "properties":{},
   "geometry":
   {"type":"LineString",
    "coordinates":
    [[22.5369147, 44.1614008], [22.536876300000003, 44.1613362],
     [22.536865600000002, 44.1612929],
     [22.536872300000002, 44.1612391], [22.5368844, 44.1611977]]}},
  {"type":"Feature",
   "properties":{},
   "geometry":
   {"type":"LineString",
    "coordinates":
    [[22.5368844, 44.1611977],
     [22.536934000000002, 44.161155400000005],
     [22.536982300000002, 44.1611313],
     [22.537079900000002, 44.1610998], [22.5372054, 44.1610693],
     [22.537663600000002, 44.1609581],
     [22.5385433, 44.160773400000004],
     [22.538707000000002, 44.1607599], [22.5388303, 44.1607599],
     [22.538902500000003, 44.160766800000005],
     [22.538948400000002, 44.1607763],
     [22.539164300000003, 44.160818600000006],
     [22.5392662, 44.160844600000004], [22.539348, 44.160862900000005],
     [22.5394633, 44.1608687], [22.5396524, 44.1608658],
     [22.5397785, 44.1608523], [22.5398831, 44.1608369],
     [22.539915, 44.160828800000004], [22.5401245, 44.160775300000005],
     [22.5404665, 44.1606657], [22.5406288, 44.160600200000005],
     [22.540699800000002, 44.1605569],
     [22.5407428, 44.160515600000004], [22.5407629, 44.1604626],
     [22.5407629, 44.160420300000006], [22.5407535, 44.1603713],
     [22.5407039, 44.1602952], [22.5404534, 44.1600594],
     [22.54026, 44.1599066], [22.540163800000002, 44.1598246]]}},
  {"type":"Feature",
   "properties":{},
   "geometry":
   {"type":"LineString",
    "coordinates":
    [[22.540163800000002, 44.1598246],
     [22.540148600000002, 44.159792100000004],
     [22.5401433, 44.159752600000004],
     [22.540141900000002, 44.1597218],
     [22.540160500000002, 44.159676100000006]]}},
  {"type":"Feature",
   "properties":{},
   "geometry":
   {"type":"LineString",
    "coordinates":
    [[22.540160500000002, 44.159676100000006],
     [22.540175400000003, 44.15966], [22.5403552, 44.1594649],
     [22.540411900000002, 44.1594154],
     [22.540526800000002, 44.159314900000005],
     [22.540581800000002, 44.159269800000004],
     [22.5406583, 44.1592071], [22.540823200000002, 44.1591169],
     [22.5409724, 44.159059400000004]]}},
  {"type":"Feature",
   "properties":{},
   "geometry":
   {"type":"LineString",
    "coordinates":
    [[22.5409724, 44.159059400000004],
     [22.540827200000003, 44.158799200000004],
     [22.5406945, 44.1586433], [22.5406073, 44.158561500000005],
     [22.5405309, 44.158475900000006],
     [22.5404826, 44.158354700000004], [22.5403927, 44.1581324],
     [22.5403862, 44.1580529]]}},
  {"type":"Feature",
   "properties":{},
   "geometry":
   {"type":"LineString",
    "coordinates":
    [[22.540192, 44.1570941], [22.5401956, 44.157125],
     [22.5401978, 44.1572976], [22.540181800000003, 44.1574801],
     [22.5401594, 44.1576688], [22.540162600000002, 44.1577635],
     [22.540179700000003, 44.157813100000006],
     [22.5402638, 44.1579429], [22.540334, 44.158016200000006],
     [22.5403862, 44.1580529]]}},
  {"type":"Feature",
   "properties":{},
   "geometry":
   {"type":"LineString",
    "coordinates":
    [[22.539096800000003, 44.156113500000004],
     [22.539127800000003, 44.156159300000006],
     [22.539158200000003, 44.156200500000004],
     [22.5392765, 44.1563023], [22.5393632, 44.1563713],
     [22.539400500000003, 44.1564187],
     [22.539432400000003, 44.1564416], [22.5394644, 44.1564545],
     [22.5395155, 44.1564652], [22.5396347, 44.156482800000006],
     [22.539652800000002, 44.156495], [22.5396624, 44.156514900000005],
     [22.5396879, 44.1566745], [22.5397283, 44.1569334],
     [22.539769900000003, 44.157081500000004], [22.539788, 44.1571098],
     [22.5397997, 44.157123500000004],
     [22.539810300000003, 44.1571304], [22.5398295, 44.1571342],
     [22.5398625, 44.1571342], [22.540192, 44.1570941]]}},
  {"type":"Feature",
   "properties":{},
   "geometry":
   {"type":"LineString",
    "coordinates":
    [[22.539460700000003, 44.156077200000006],
     [22.5392997, 44.1560946],
     [22.539096800000003, 44.156113500000004]]}},
  {"type":"Feature",
   "properties":{},
   "geometry":
   {"type":"LineString",
    "coordinates":
    [[22.539460700000003, 44.156077200000006],
     [22.5393547, 44.1559169], [22.5392781, 44.1557703],
     [22.5392525, 44.1556695], [22.539227, 44.1554877],
     [22.5392142, 44.1553289]]}},
  {"type":"Feature",
   "properties":{},
   "geometry":
   {"type":"LineString",
    "coordinates":
    [[22.5392142, 44.1553289], [22.5392183, 44.1551039],
     [22.5391395, 44.154946100000004], [22.5390345, 44.154727],
     [22.5388966, 44.1545221], [22.5387883, 44.154366700000004],
     [22.5386701, 44.154213600000006], [22.5386537, 44.1539663],
     [22.538716100000002, 44.1537073],
     [22.5387653, 44.153455300000005], [22.5388375, 44.1531703],
     [22.538913, 44.152767600000004], [22.5389951, 44.152452000000004],
     [22.539054200000002, 44.1520704], [22.5391428, 44.1517478],
     [22.539169100000002, 44.151239000000004],
     [22.5390148, 44.1508528], [22.5388901, 44.150341700000006],
     [22.5386701, 44.1500402], [22.5384798, 44.1495739],
     [22.5383058, 44.149197], [22.538115400000002, 44.148926200000005],
     [22.5380268, 44.148761300000004], [22.5379447, 44.148448],
     [22.537875800000002, 44.1480217],
     [22.5378167, 44.147564800000005],
     [22.5377674, 44.147209100000005],
     [22.5377346, 44.146820500000004], [22.5376493, 44.146599],
     [22.5375574, 44.146413], [22.537239000000003, 44.146125600000005],
     [22.5370092, 44.145897100000006], [22.5368549, 44.1456074],
     [22.5368385, 44.1451952], [22.536868000000002, 44.144922],
     [22.536937, 44.1446346], [22.5370442, 44.144365]]}},
  {"type":"Feature",
   "properties":{},
   "geometry":
   {"type":"LineString",
    "coordinates":
    [[22.5370442, 44.144365], [22.536719400000003, 44.144226],
     [22.5361347, 44.1437679], [22.5356305, 44.143217400000005],
     [22.5349438, 44.142786300000004],
     [22.533769000000003, 44.1423089], [22.5334758, 44.1422436]]}},
  {"type":"Feature",
   "properties":{},
   "geometry":
   {"type":"LineString",
    "coordinates":
    [[22.5334758, 44.1422436],
     [22.532680000000003, 44.142066400000004],
     [22.531896800000002, 44.1419009], [22.531414, 44.1418739],
     [22.530685300000002, 44.141856600000004]]}},
  {"type":"Feature",
   "properties":{},
   "geometry":
   {"type":"LineString",
    "coordinates":
    [[22.530685300000002, 44.141856600000004],
     [22.530531800000002, 44.141883],
     [22.529735000000002, 44.142020200000005],
     [22.527782300000002, 44.142543800000006],
     [22.5260335, 44.1431212], [22.5255024, 44.143240500000005],
     [22.524740700000002, 44.1433368],
     [22.5239468, 44.143321400000005],
     [22.522047800000003, 44.143229000000005],
     [22.5217098, 44.1431558], [22.5213879, 44.1430019],
     [22.521157300000002, 44.142859400000006],
     [22.520535000000002, 44.1424321], [22.5190893, 44.1415409],
     [22.5189525, 44.141452400000006],
     [22.518928300000002, 44.1414235],
     [22.518911600000003, 44.141341600000004]]}},
  {"type":"Feature",
   "properties":{},
   "geometry":
   {"type":"LineString",
    "coordinates":
    [[22.518911600000003, 44.141341600000004], [22.518535, 44.1411413],
     [22.5181083, 44.141000000000005],
     [22.517615900000003, 44.1408233], [22.5170448, 44.1406584],
     [22.5164605, 44.140439300000004],
     [22.515938600000002, 44.140229700000006],
     [22.5154232, 44.1400577], [22.5149636, 44.139876300000005],
     [22.514415500000002, 44.1396195], [22.5139001, 44.1393816],
     [22.513358500000002, 44.1391178], [22.5129416, 44.1389081],
     [22.512354000000002, 44.1386655], [22.5118452, 44.1383663],
     [22.5106307, 44.1379682], [22.5099085, 44.1377679],
     [22.509485100000003, 44.137607700000004],
     [22.508677600000002, 44.1375771], [22.508067, 44.137515900000004],
     [22.5075615, 44.137492300000005], [22.5071249, 44.1375206],
     [22.5066424, 44.1375041], [22.506356800000002, 44.1373839],
     [22.505972800000002, 44.137207200000006], [22.5056872, 44.136974],
     [22.5052637, 44.1366395],
     [22.504886300000003, 44.136444000000004],
     [22.5039836, 44.1361542], [22.5036607, 44.1360383],
     [22.5035174, 44.135986900000006], [22.5031104, 44.1358503],
     [22.502936400000003, 44.135690100000005], [22.5024933, 44.135643],
     [22.501968100000003, 44.135635900000004],
     [22.5014429, 44.1354357], [22.5009538, 44.135332000000005],
     [22.5003235, 44.1351859], [22.499765500000002, 44.135021],
     [22.4993683, 44.134860800000006], [22.4987381, 44.1348137],
     [22.498212900000002, 44.1348585], [22.4976811, 44.1349127],
     [22.4971034, 44.1349998], [22.496729100000003, 44.1349833],
     [22.4960497, 44.1349127], [22.495340600000002, 44.1348514],
     [22.494950000000003, 44.134776], [22.4941524, 44.1347195],
     [22.4936767, 44.134689300000005],
     [22.493280900000002, 44.1345952],
     [22.492865300000002, 44.1344949],
     [22.492535200000003, 44.134402900000005],
     [22.492135100000002, 44.1341854],
     [22.491688500000002, 44.1340711],
     [22.491218500000002, 44.1337952],
     [22.4907991, 44.133544300000004],
     [22.490422300000002, 44.1333854], [22.4899679, 44.1331568],
     [22.489606700000003, 44.132872500000005],
     [22.489175600000003, 44.1326551],
     [22.4883522, 44.132214600000005],
     [22.487602600000002, 44.131832700000004],
     [22.4870278, 44.131456400000005],
     [22.486651000000002, 44.1312835],
     [22.486251000000003, 44.130993600000004],
     [22.4859364, 44.1305253], [22.485559600000002, 44.1301043],
     [22.485214000000003, 44.130026300000004],
     [22.4846508, 44.1297391], [22.4839711, 44.1295858],
     [22.4834196, 44.129368400000004],
     [22.482805900000002, 44.1291955], [22.4819748, 44.1291035],
     [22.481838800000002, 44.128844300000004],
     [22.481702900000002, 44.128721600000006],
     [22.4809921, 44.1286519], [22.4805843, 44.1284986],
     [22.4797075, 44.1283794], [22.479081100000002, 44.1280932],
     [22.4786503, 44.1279198], [22.478392900000003, 44.1278293],
     [22.4778097, 44.127784000000005],
     [22.4767012, 44.127689700000005], [22.4759762, 44.1275502],
     [22.475041, 44.1273805], [22.4741426, 44.1271241],
     [22.4731129, 44.1268526], [22.472204, 44.126494300000005],
     [22.471799500000003, 44.126400000000004],
     [22.4707593, 44.1261134], [22.4701604, 44.126158700000005],
     [22.469256700000003, 44.126253000000005],
     [22.4679591, 44.126441500000006], [22.4673917, 44.1264302],
     [22.4664092, 44.126249200000004], [22.4653953, 44.1260191],
     [22.4648174, 44.125823000000004],
     [22.464003100000003, 44.1254007],
     [22.463083700000002, 44.1250009],
     [22.4623639, 44.124669100000006], [22.4618648, 44.1244692],
     [22.4615496, 44.1244202], [22.4611293, 44.1245144],
     [22.460619700000002, 44.124669100000006],
     [22.4602155, 44.1249094]]}},
  {"type":"Feature",
   "properties":{},
   "geometry":
   {"type":"LineString",
    "coordinates":
    [[22.4602155, 44.1249094], [22.460142700000002, 44.1247289],
     [22.46007, 44.124556000000005], [22.4599838, 44.1243726],
     [22.4598976, 44.1242084], [22.4598087, 44.1240578]]}},
  {"type":"Feature",
   "properties":{},
   "geometry":
   {"type":"LineString",
    "coordinates":
    [[22.4598087, 44.1240578], [22.459270500000002, 44.1239633],
     [22.458842100000002, 44.1238844], [22.4583531, 44.1236966],
     [22.457894300000003, 44.123498000000005],
     [22.457352200000003, 44.1233701],
     [22.456715300000003, 44.1232721],
     [22.455957100000003, 44.123201300000005],
     [22.4555818, 44.123195900000006], [22.4547819, 44.1230734],
     [22.454084400000003, 44.122771400000005],
     [22.4533755, 44.122474700000005],
     [22.4527082, 44.122199900000005], [22.452041, 44.1220012],
     [22.4514496, 44.122033900000005],
     [22.450687600000002, 44.1221509], [22.4502971, 44.1222325],
     [22.449664000000002, 44.122251600000006],
     [22.44894, 44.122210800000005], [22.4479088, 44.1222189],
     [22.4471999, 44.122159], [22.446381000000002, 44.1220937],
     [22.445550800000003, 44.121971300000006],
     [22.444656100000003, 44.121840600000006],
     [22.4439472, 44.1217345], [22.4431435, 44.121661],
     [22.4416537, 44.1214992],
     [22.440288900000002, 44.121366800000004],
     [22.4391454, 44.1213757], [22.437694500000003, 44.1210491],
     [22.4366002, 44.120819600000004], [22.4355106, 44.120604]]}},
  {"type":"Feature",
   "properties":{},
   "geometry":
   {"type":"LineString",
    "coordinates":
    [[22.4355106, 44.120604], [22.4349144, 44.1203285],
     [22.434477, 44.1201146], [22.4332023, 44.1200522],
     [22.4322832, 44.1199571], [22.431538, 44.1196883],
     [22.430781500000002, 44.119517200000004],
     [22.4303011, 44.1193326], [22.429385800000002, 44.118909],
     [22.428773, 44.1186972], [22.428360700000002, 44.1186754],
     [22.4279636, 44.1185179], [22.427615600000003, 44.1183496],
     [22.427154100000003, 44.1182274], [22.42667, 44.1179396],
     [22.426091300000003, 44.117722300000004],
     [22.4254369, 44.1175567], [22.4249414, 44.1175051],
     [22.4240147, 44.1173123], [22.4234851, 44.117203700000005],
     [22.423209, 44.117157500000005], [22.4227929, 44.117081500000005],
     [22.4219948, 44.117046200000004], [22.4214388, 44.1169674],
     [22.4206785, 44.1169565],
     [22.419963600000003, 44.117046200000004],
     [22.4195026, 44.1168952], [22.418677900000002, 44.1166959],
     [22.4180464, 44.1165955], [22.4176897, 44.1168114],
     [22.4174751, 44.1169737], [22.417173400000003, 44.1169529],
     [22.4166773, 44.116804], [22.4168431, 44.1165139],
     [22.416846900000003, 44.116378100000006],
     [22.416514000000003, 44.116160900000004],
     [22.4161925, 44.1161174], [22.415980700000002, 44.1159382],
     [22.4162076, 44.1156857], [22.4157273, 44.1152322],
     [22.415269600000002, 44.1148411], [22.4142748, 44.1142192],
     [22.4134767, 44.1138336],
     [22.412640800000002, 44.113407300000006],
     [22.410991600000003, 44.1130189],
     [22.410231300000003, 44.1126767],
     [22.409331100000003, 44.112521900000004],
     [22.408430900000003, 44.1122965],
     [22.4079845, 44.112206900000004],
     [22.406925400000002, 44.1122938], [22.4062522, 44.1122178],
     [22.405699900000002, 44.1123373],
     [22.405353400000003, 44.112333500000005],
     [22.4048248, 44.112565700000005],
     [22.404389600000002, 44.1125969], [22.4033823, 44.1123023],
     [22.402567700000002, 44.112239800000005],
     [22.402182200000002, 44.112146], [22.4019894, 44.1119362],
     [22.4019957, 44.1114942],
     [22.401952100000003, 44.110896000000004],
     [22.4016848, 44.110364700000005], [22.4013801, 44.1101772],
     [22.4006857, 44.109932900000004],
     [22.399846500000002, 44.109481]]}},
  {"type":"Feature",
   "properties":{},
   "geometry":
   {"type":"LineString",
    "coordinates":
    [[22.399846500000002, 44.109481], [22.3996721, 44.109532400000006],
     [22.3995594, 44.109569], [22.3994567, 44.1096054],
     [22.3993678, 44.109639400000006], [22.399264300000002, 44.109682],
     [22.3979389, 44.1103265],
     [22.397847300000002, 44.110367800000006],
     [22.397759100000002, 44.110413],
     [22.397690700000002, 44.110452200000005],
     [22.3976332, 44.1104883],
     [22.397572200000003, 44.110530100000005], [22.397413, 44.1106585],
     [22.3974067, 44.1106636], [22.3972695, 44.110781800000005],
     [22.3972222, 44.110821400000006],
     [22.3971643, 44.110860200000005],
     [22.3971078, 44.110890500000004],
     [22.397032900000003, 44.110921700000006],
     [22.3969515, 44.1109463], [22.3968536, 44.110964900000006],
     [22.396742900000003, 44.1109741],
     [22.3966324, 44.110979900000004], [22.396519, 44.110982400000005],
     [22.3964116, 44.1109816], [22.396067000000002, 44.1109756],
     [22.395959700000002, 44.1109736],
     [22.395863000000002, 44.110978200000005],
     [22.3957771, 44.110987300000005], [22.3956866, 44.1110023],
     [22.395591500000002, 44.111024300000004],
     [22.3955136, 44.111047600000006], [22.3954452, 44.1110722],
     [22.3953746, 44.111101000000005],
     [22.3953102, 44.111131400000005],
     [22.395245000000003, 44.1111663],
     [22.395182300000002, 44.1112046], [22.3951217, 44.1112468],
     [22.395069300000003, 44.1112891], [22.395028, 44.111327800000005],
     [22.394983200000002, 44.1113761], [22.3949454, 44.111424],
     [22.3947717, 44.111678000000005],
     [22.3947328, 44.111730400000006],
     [22.394680100000002, 44.111781900000004],
     [22.3946305, 44.111818400000004],
     [22.3945706, 44.111851200000004],
     [22.394518700000003, 44.111873200000005],
     [22.394438, 44.111901200000005], [22.394354800000002, 44.1119232],
     [22.3942632, 44.1119404]]}},
  {"type":"Feature",
   "properties":{},
   "geometry":
   {"type":"LineString",
    "coordinates":
    [[22.3942632, 44.1119404], [22.394151200000003, 44.1119518],
     [22.3940191, 44.111963700000004], [22.3938834, 44.111977],
     [22.393768, 44.111985100000005], [22.3936411, 44.1119916],
     [22.3935163, 44.1119957], [22.393386200000002, 44.1119975],
     [22.3932508, 44.111996700000006],
     [22.393128700000002, 44.1119974],
     [22.393002000000003, 44.1119989],
     [22.3927164, 44.112004000000006],
     [22.392592200000003, 44.112008700000004],
     [22.392483900000002, 44.112016000000004],
     [22.3923768, 44.112026300000004],
     [22.392266300000003, 44.1120402],
     [22.392174100000002, 44.112054300000004],
     [22.392098100000002, 44.112067800000005],
     [22.3886687, 44.1127607], [22.388559200000003, 44.1127717],
     [22.3884495, 44.1127778], [22.388326300000003, 44.112779],
     [22.3882012, 44.1127741], [22.388091900000003, 44.1127648],
     [22.387991000000003, 44.112751800000005],
     [22.387885100000002, 44.112733600000006],
     [22.3876634, 44.112700200000006], [22.3875545, 44.1126858],
     [22.387452800000002, 44.112677000000005],
     [22.387345800000002, 44.112672700000005],
     [22.3872237, 44.1126737], [22.3870955, 44.1126817],
     [22.386972800000002, 44.112696], [22.3868608, 44.1127112],
     [22.3857277, 44.1128657], [22.3836438, 44.113063000000004],
     [22.3834911, 44.1130829], [22.383320700000002, 44.1131072],
     [22.383161100000002, 44.113132], [22.3830119, 44.113157],
     [22.3828473, 44.113186500000005],
     [22.382685300000002, 44.1132177],
     [22.382536100000003, 44.1132483], [22.3817366, 44.1134045]]}},
  {"type":"Feature",
   "properties":{},
   "geometry":
   {"type":"LineString",
    "coordinates":
    [[22.3817366, 44.1134045], [22.381205, 44.1129929],
     [22.3810843, 44.1129255], [22.380908700000003, 44.1129034],
     [22.380671200000002, 44.112873500000006],
     [22.3804628, 44.1128567], [22.3794508, 44.1127753],
     [22.3788553, 44.112679], [22.378656900000003, 44.112640500000005],
     [22.3783645, 44.1125423], [22.3781499, 44.112478800000005]]}},
  {"type":"Feature",
   "properties":{},
   "geometry":
   {"type":"LineString",
    "coordinates":
    [[22.3781499, 44.112478800000005],
     [22.3778133, 44.112522000000006],
     [22.377390100000003, 44.112589500000006],
     [22.3769461, 44.1126233], [22.376455, 44.1126833],
     [22.376078900000003, 44.112698300000005],
     [22.3757132, 44.1128858], [22.3753266, 44.1131034],
     [22.3749296, 44.113163400000005],
     [22.3746005, 44.113118400000005],
     [22.374161700000002, 44.113118400000005],
     [22.3736706, 44.1131596], [22.373033300000003, 44.1132009],
     [22.3726728, 44.1133134], [22.3726154, 44.113497200000005],
     [22.372599700000002, 44.113666], [22.3722236, 44.1136059],
     [22.3717064, 44.113474700000005], [22.3711474, 44.1134222],
     [22.3702332, 44.1134372], [22.3700869, 44.1133059],
     [22.369898900000003, 44.113279600000006],
     [22.3696795, 44.1133321], [22.3692354, 44.1135947],
     [22.3688854, 44.1136847], [22.3680705, 44.1142435],
     [22.3670988, 44.114697400000004], [22.3661689, 44.1151399],
     [22.3654167, 44.1154475], [22.3649349, 44.115478700000004],
     [22.364580800000002, 44.1155375], [22.3641472, 44.11571],
     [22.3639383, 44.115653800000004],
     [22.3637868, 44.115702500000005], [22.363698000000003, 44.115755],
     [22.363186000000002, 44.11583], [22.3624338, 44.1161563],
     [22.3618846, 44.1163614]]}},
  {"type":"Feature",
   "properties":{},
   "geometry":
   {"type":"LineString",
    "coordinates":
    [[22.3618846, 44.1163614], [22.3617992, 44.1164349],
     [22.3612721, 44.116662700000006],
     [22.360923200000002, 44.1167888],
     [22.360375700000002, 44.1170921], [22.3591683, 44.1177141],
     [22.358699, 44.117933], [22.3585546, 44.117967500000006],
     [22.358185600000002, 44.1179848], [22.356172, 44.1177487],
     [22.355903400000003, 44.1178638],
     [22.355393900000003, 44.1181374],
     [22.3548885, 44.118350500000005], [22.3543671, 44.1185953],
     [22.353452500000003, 44.1190761],
     [22.352947200000003, 44.119387100000004],
     [22.352116900000002, 44.119810400000006],
     [22.351499200000003, 44.1202423],
     [22.351130100000002, 44.120587900000004],
     [22.3506408, 44.1211494], [22.3504362, 44.1214085],
     [22.349865700000002, 44.1219113],
     [22.3498138, 44.121929900000005]]}},
  {"type":"Feature",
   "properties":{},
   "geometry":
   {"type":"LineString",
    "coordinates":
    [[22.3483808, 44.1235927], [22.3487057, 44.1231961],
     [22.3488277, 44.123013900000004],
     [22.349125400000002, 44.122759900000005],
     [22.349428, 44.122497200000005], [22.349672, 44.1222537],
     [22.349852000000002, 44.122012000000005],
     [22.3498138, 44.121929900000005]]}},
  {"type":"Feature",
   "properties":{},
   "geometry":
   {"type":"LineString",
    "coordinates":
    [[22.3483808, 44.1235927], [22.3478634, 44.1238626],
     [22.3477625, 44.1239101], [22.3476764, 44.1239464],
     [22.3475848, 44.1239812], [22.3474949, 44.124011700000004],
     [22.347383500000003, 44.1240448], [22.347281000000002, 44.124071],
     [22.3471744, 44.124094], [22.3470581, 44.1241167],
     [22.346368400000003, 44.1242517], [22.3457726, 44.1244128],
     [22.3457067, 44.1244262], [22.3456505, 44.1244359],
     [22.3455958, 44.1244436], [22.3455283, 44.1244512],
     [22.3454643, 44.124456300000006], [22.3454009, 44.1244594],
     [22.345337100000002, 44.124460500000005],
     [22.3448379, 44.1244548], [22.3447551, 44.1244566],
     [22.3446518, 44.1244619], [22.3445652, 44.124469100000006],
     [22.344459500000003, 44.124481200000005],
     [22.344368300000003, 44.124494600000006],
     [22.344280400000002, 44.124510300000004],
     [22.344014100000003, 44.1245635], [22.3439358, 44.1245756],
     [22.3438418, 44.124582200000006],
     [22.3437668, 44.124581500000005],
     [22.3436813, 44.124573500000004],
     [22.343595200000003, 44.1245592], [22.3435102, 44.1245399],
     [22.343429500000003, 44.124516400000005],
     [22.343354, 44.124492800000006], [22.3428122, 44.124305]]}},
  {"type":"Feature",
   "properties":{},
   "geometry":
   {"type":"LineString",
    "coordinates":
    [[22.3428122, 44.124305], [22.3424669, 44.1241853],
     [22.3422212, 44.1240601]]}},
  {"type":"Feature",
   "properties":{},
   "geometry":
   {"type":"LineString",
    "coordinates":
    [[22.3422212, 44.1240601],
     [22.342001500000002, 44.123927300000005],
     [22.341907900000002, 44.1238753],
     [22.3417244, 44.123775200000004],
     [22.341534900000003, 44.1236867]]}},
  {"type":"Feature",
   "properties":{},
   "geometry":
   {"type":"LineString",
    "coordinates":
    [[22.341534900000003, 44.1236867], [22.3412398, 44.1235702]]}},
  {"type":"Feature",
   "properties":{},
   "geometry":
   {"type":"LineString",
    "coordinates":
    [[22.3412398, 44.1235702], [22.3411428, 44.1235419],
     [22.341051800000002, 44.1235158],
     [22.3409517, 44.123490000000004],
     [22.340810700000002, 44.123448200000006]]}},
  {"type":"Feature",
   "properties":{},
   "geometry":
   {"type":"LineString",
    "coordinates":
    [[22.340810700000002, 44.123448200000006],
     [22.3406471, 44.1233998], [22.3404931, 44.123357600000006],
     [22.340332500000002, 44.1233142],
     [22.340211500000002, 44.123277900000005],
     [22.3400934, 44.1232373], [22.3399812, 44.1231938],
     [22.339863400000002, 44.1231426], [22.3397718, 44.1230983],
     [22.3396829, 44.1230514], [22.3395814, 44.1229925],
     [22.3394687, 44.1229311], [22.339146500000002, 44.1227402]]}},
  {"type":"Feature",
   "properties":{},
   "geometry":
   {"type":"LineString",
    "coordinates":
    [[22.339146500000002, 44.1227402], [22.3390086, 44.1226664],
     [22.3382586, 44.1221886]]}},
  {"type":"Feature",
   "properties":{},
   "geometry":
   {"type":"LineString",
    "coordinates":
    [[22.3382586, 44.1221886], [22.3376577, 44.121626400000004],
     [22.337413700000003, 44.121408800000005],
     [22.337247400000003, 44.121323700000005],
     [22.3369925, 44.1212663],
     [22.336753400000003, 44.121276200000004],
     [22.3365113, 44.1213135], [22.336246000000003, 44.1214181],
     [22.335900900000002, 44.1215879],
     [22.335029600000002, 44.1218152],
     [22.334682400000002, 44.121853400000006],
     [22.3339682, 44.1218097], [22.333007900000002, 44.1217155],
     [22.331594000000003, 44.121478200000006],
     [22.3308125, 44.121393100000006], [22.3298752, 44.1212383],
     [22.328608300000003, 44.1210613],
     [22.328267200000003, 44.121013700000006]]}},
  {"type":"Feature",
   "properties":{},
   "geometry":
   {"type":"LineString",
    "coordinates":
    [[22.328267200000003, 44.121013700000006],
     [22.3281484, 44.1212369]]}},
  {"type":"Feature",
   "properties":{},
   "geometry":
   {"type":"LineString",
    "coordinates":
    [[22.3404808, 44.1417574],
     [22.338616400000003, 44.139116300000005],
     [22.336588600000002, 44.1360353],
     [22.334713200000003, 44.1334317], [22.3345705, 44.1328307],
     [22.3354232, 44.1310355], [22.3358081, 44.129938800000005],
     [22.335731000000003, 44.129393400000005],
     [22.335420600000003, 44.128703], [22.3347368, 44.1275301],
     [22.333939100000002, 44.1267462], [22.3333821, 44.1261987],
     [22.3320422, 44.1245385], [22.3281484, 44.1212369]]}},
  {"type":"Feature",
   "properties":{},
   "geometry":
   {"type":"LineString",
    "coordinates":
    [[22.3446128, 44.1473944], [22.3445117, 44.147038],
     [22.3443112, 44.146671700000006], [22.342621100000002, 44.144624],
     [22.3411288, 44.1426754], [22.3404808, 44.1417574]]}},
  {"type":"Feature",
   "properties":{},
   "geometry":
   {"type":"LineString",
    "coordinates":
    [[22.344743, 44.147899200000005], [22.3446128, 44.1473944]]}},
  {"type":"Feature",
   "properties":{},
   "geometry":
   {"type":"LineString",
    "coordinates":
    [[22.344743, 44.147899200000005], [22.3446491, 44.147889600000006],
     [22.3445673, 44.1479021], [22.3444976, 44.147938700000005],
     [22.3444158, 44.1479926], [22.3443434, 44.1480455],
     [22.3442924, 44.148069500000005],
     [22.3441905, 44.148102300000005],
     [22.344079200000003, 44.1481263],
     [22.343967900000003, 44.148155200000005],
     [22.343915600000003, 44.148176400000004],
     [22.3438485, 44.148217700000004],
     [22.343769400000003, 44.1482764], [22.3437063, 44.1483226],
     [22.343678200000003, 44.148338], [22.3436242, 44.148364],
     [22.343564200000003, 44.148383700000004],
     [22.343452900000003, 44.1484092],
     [22.343309400000003, 44.1484419],
     [22.343215500000003, 44.148459300000006],
     [22.343110900000003, 44.1484795],
     [22.342972800000002, 44.1485083],
     [22.342830600000003, 44.1485324], [22.342663, 44.1485593],
     [22.3424967, 44.1485709], [22.3421963, 44.1485824],
     [22.342087600000003, 44.148567],
     [22.341979000000002, 44.148546800000005],
     [22.3419294, 44.1485257], [22.341836800000003, 44.1484554],
     [22.341738900000003, 44.1483986],
     [22.341618200000003, 44.1483409], [22.3415445, 44.1483149],
     [22.3414855, 44.148313], [22.341356700000002, 44.1483226],
     [22.3412159, 44.148344800000004],
     [22.341099200000002, 44.1483736],
     [22.3409611, 44.148413100000006],
     [22.340789400000002, 44.148470800000005],
     [22.3405199, 44.148549700000004],
     [22.340320000000002, 44.1485709],
     [22.3401672, 44.148568000000004],
     [22.3399673, 44.148544900000005],
     [22.3398305, 44.148533400000005], [22.3397273, 44.1485526],
     [22.339595900000003, 44.1485786], [22.3395087, 44.1486421],
     [22.3394577, 44.1487181], [22.3394403, 44.1487768],
     [22.3393799, 44.1488278], [22.339231100000003, 44.1489221],
     [22.339039300000003, 44.1490261], [22.3388837, 44.14913],
     [22.3387724, 44.149208900000005],
     [22.338682600000002, 44.149233900000006],
     [22.338559200000002, 44.149258],
     [22.338494800000003, 44.149284900000005],
     [22.3384345, 44.1493417], [22.3383553, 44.1494148],
     [22.338230600000003, 44.1494841],
     [22.338054900000003, 44.1495486], [22.3377813, 44.1496689],
     [22.337631100000003, 44.149739100000005],
     [22.3375574, 44.1497911], [22.3375252, 44.149843000000004],
     [22.337503700000003, 44.149935400000004],
     [22.337460800000002, 44.1500672], [22.3374166, 44.1501433],
     [22.337337400000003, 44.1502154],
     [22.337252900000003, 44.150274100000004],
     [22.337132200000003, 44.150354], [22.337062500000002, 44.150429],
     [22.3370062, 44.1505166], [22.336915, 44.150657100000004],
     [22.336834500000002, 44.1507524],
     [22.336770100000003, 44.1508053], [22.336665500000002, 44.150865],
     [22.3362941, 44.151037200000005],
     [22.3361197, 44.151115100000005],
     [22.3359789, 44.151163200000006], [22.3358703, 44.1511835],
     [22.3357402, 44.151223900000005], [22.3356436, 44.1512662],
     [22.3355591, 44.151308500000006],
     [22.3354371, 44.151375900000005], [22.3352976, 44.1514673],
     [22.3352064, 44.151542400000004], [22.335109900000003, 44.151654],
     [22.3350401, 44.151731000000005],
     [22.3349851, 44.151782000000004],
     [22.334907400000002, 44.1518262], [22.334796, 44.151881100000004],
     [22.334692800000003, 44.151908000000006],
     [22.3345372, 44.1519302], [22.334409800000003, 44.1519388],
     [22.334318600000003, 44.151960900000006],
     [22.334226100000002, 44.151993700000006],
     [22.334066500000002, 44.1520735], [22.333961900000002, 44.152138],
     [22.333874700000003, 44.1521928],
     [22.333783500000003, 44.152241000000004],
     [22.333637300000003, 44.1523035], [22.3334616, 44.1523863],
     [22.3333704, 44.152447800000004],
     [22.333280600000002, 44.1525258],
     [22.333225600000002, 44.1526018],
     [22.333189400000002, 44.1526749],
     [22.333147800000003, 44.1527577],
     [22.3330647, 44.152857700000006],
     [22.332981500000002, 44.1529607], [22.3328957, 44.1530598],
     [22.3328233, 44.1531224], [22.3327254, 44.1531791],
     [22.332576500000002, 44.1532551], [22.33226, 44.153392700000005],
     [22.3320709, 44.1534716], [22.3319355, 44.1535371],
     [22.3317933, 44.153612100000004], [22.331619, 44.1536843],
     [22.3315184, 44.1537026], [22.331341400000003, 44.1537334],
     [22.330872000000003, 44.1538325],
     [22.3305702, 44.153897900000004], [22.3302805, 44.1539835],
     [22.3300847, 44.154048], [22.3299117, 44.154116300000005],
     [22.3296958, 44.1541991], [22.329548300000003, 44.1542491],
     [22.329306900000002, 44.1543049],
     [22.329172800000002, 44.1543347],
     [22.329026600000002, 44.154354000000005],
     [22.328883100000002, 44.1543598],
     [22.328750300000003, 44.1543636], [22.3286431, 44.1543828],
     [22.3285197, 44.1544165], [22.3283373, 44.1544723],
     [22.328179000000002, 44.1545031], [22.3280396, 44.1545214],
     [22.3278652, 44.1545599], [22.3276842, 44.1546138],
     [22.327438700000002, 44.154702300000004],
     [22.3272389, 44.1547889], [22.3271088, 44.154856200000005],
     [22.327031, 44.154913], [22.3269318, 44.1549958],
     [22.3268419, 44.1550785], [22.326750800000003, 44.1551314],
     [22.3264503, 44.1553094],
     [22.326163400000002, 44.155474000000005],
     [22.3259273, 44.1556087],
     [22.325723500000002, 44.155697200000006],
     [22.325518300000002, 44.155784700000005],
     [22.325306400000002, 44.1558636],
     [22.3251186, 44.155925200000006],
     [22.324973800000002, 44.155971400000006],
     [22.3248973, 44.156010900000005],
     [22.324837000000002, 44.156052200000005],
     [22.324784700000002, 44.1561042],
     [22.3247445, 44.156174400000005], [22.3246895, 44.1562774],
     [22.3246211, 44.1564227], [22.324567400000003, 44.1565035],
     [22.3245125, 44.1565785], [22.3244441, 44.156635300000005],
     [22.324360900000002, 44.156695000000006],
     [22.3242952, 44.1567286],
     [22.324210700000002, 44.156773900000005],
     [22.3241276, 44.1568297], [22.324025600000002, 44.1569105],
     [22.323845900000002, 44.1570442],
     [22.323745300000002, 44.157114500000006],
     [22.323656800000002, 44.1571799],
     [22.3235764, 44.157250100000006], [22.3235093, 44.1573252],
     [22.323444900000002, 44.1573906], [22.3233953, 44.1574329],
     [22.3233269, 44.1574724], [22.3232143, 44.157534000000005],
     [22.3229474, 44.1576408], [22.3227824, 44.1577071],
     [22.322702000000003, 44.1577379], [22.3226161, 44.1577562],
     [22.322512900000003, 44.157761], [22.3222527, 44.1577812],
     [22.3220649, 44.1578005], [22.3219147, 44.157826400000005],
     [22.3217578, 44.1578669],
     [22.321626400000003, 44.157907300000005],
     [22.3215137, 44.1579515], [22.3214024, 44.158015000000006],
     [22.3212723, 44.158093900000004],
     [22.321182500000003, 44.1581622],
     [22.321064500000002, 44.1582498],
     [22.320922300000003, 44.1583604],
     [22.320793600000002, 44.1584701],
     [22.320706400000002, 44.1585355],
     [22.320592400000002, 44.158586500000006], [22.3201632, 44.158752],
     [22.319924500000003, 44.1588684],
     [22.319726000000003, 44.1589685], [22.3196161, 44.1590281],
     [22.319523500000003, 44.1590599],
     [22.319409500000003, 44.1590897], [22.3193237, 44.159108],
     [22.3192084, 44.1591359], [22.3191078, 44.159172500000004],
     [22.3189844, 44.1592244],
     [22.318867700000002, 44.159282100000006],
     [22.318730900000002, 44.1593485], [22.3186371, 44.1593986],
     [22.3185499, 44.1594351], [22.3184748, 44.159450500000005],
     [22.3183876, 44.1594649], [22.318277700000003, 44.1594726],
     [22.3181677, 44.159473600000005], [22.318102, 44.159468800000006],
     [22.3179866, 44.1594544], [22.317863300000003, 44.1594351],
     [22.3176835, 44.1594034], [22.3175159, 44.1593822],
     [22.317371100000003, 44.159372600000005],
     [22.3172718, 44.159374500000006], [22.3171283, 44.1593784],
     [22.3170049, 44.1593889], [22.3168668, 44.1594082],
     [22.316718, 44.159430300000004], [22.3165973, 44.1594399],
     [22.3164698, 44.159438], [22.316314300000002, 44.1594284],
     [22.316174800000002, 44.1594197], [22.31603, 44.159402400000005],
     [22.3158476, 44.1593735], [22.3157296, 44.1593639],
     [22.315627600000003, 44.1593649], [22.3155244, 44.1593755],
     [22.315427800000002, 44.159386100000006], [22.3153192, 44.159388],
     [22.3152079, 44.159377400000004],
     [22.315046900000002, 44.159367800000005],
     [22.3147358, 44.1593649], [22.3145159, 44.1593668],
     [22.3142919, 44.159393800000004], [22.314076, 44.159413],
     [22.3138775, 44.159422600000006], [22.313628, 44.1594342],
     [22.313388, 44.1594313], [22.313194900000003, 44.159425500000005],
     [22.312953500000003, 44.159404300000006],
     [22.3127308, 44.159400500000004],
     [22.312548500000002, 44.159404300000006], [22.312417, 44.1593986],
     [22.312256100000003, 44.1593947],
     [22.312103200000003, 44.1593832], [22.3120066, 44.1593889],
     [22.311867200000002, 44.1594082],
     [22.311679400000003, 44.159450500000005],
     [22.311472900000002, 44.1594775],
     [22.311228800000002, 44.159496700000005],
     [22.310968600000002, 44.159521700000006],
     [22.310695000000003, 44.159567900000006],
     [22.3104805, 44.159589100000005], [22.3101506, 44.159616],
     [22.3098448, 44.1596391], [22.3096061, 44.1596641],
     [22.309442500000003, 44.159694900000005],
     [22.3092735, 44.1597334],
     [22.308865800000003, 44.159810300000004],
     [22.3085707, 44.1598892], [22.3084044, 44.159941200000006],
     [22.308267700000002, 44.1599701],
     [22.308168400000003, 44.1599835],
     [22.3080517, 44.159977700000006]]}},
  {"type":"Feature",
   "properties":{},
   "geometry":
   {"type":"LineString",
    "coordinates":
    [[22.3080517, 44.159977700000006], [22.3079846, 44.1601913],
     [22.3078362, 44.160538300000006],
     [22.307750300000002, 44.160732700000004],
     [22.3077235, 44.160831800000004],
     [22.307704700000002, 44.1609193], [22.307694, 44.161020400000005],
     [22.307789900000003, 44.163646400000005],
     [22.3077507, 44.1638285], [22.3076395, 44.164236700000004],
     [22.307613800000002, 44.1643563],
     [22.307607100000002, 44.1644896], [22.3076352, 44.164921],
     [22.307618100000003, 44.165040700000006],
     [22.3075967, 44.1652095],
     [22.307258700000002, 44.166799100000006],
     [22.307143200000002, 44.167099900000004],
     [22.3070534, 44.167305500000005]]}},
  {"type":"Feature",
   "properties":{},
   "geometry":
   {"type":"LineString",
    "coordinates":
    [[22.3070534, 44.167305500000005],
     [22.306800900000002, 44.167713600000006],
     [22.3067335, 44.167883100000005], [22.306320600000003, 44.168992],
     [22.3062772, 44.169080400000006], [22.3061268, 44.1693864],
     [22.3058084, 44.169978300000004], [22.305586, 44.170257500000005],
     [22.3054533, 44.1704665], [22.305325, 44.1708006],
     [22.3052737, 44.1709541], [22.3051108, 44.1712392]]}},
  {"type":"Feature",
   "properties":{},
   "geometry":
   {"type":"LineString",
    "coordinates":
    [[22.3051108, 44.1712392], [22.304750300000002, 44.1717943],
     [22.304649100000002, 44.1719437], [22.3045818, 44.1721062],
     [22.304345, 44.1726961], [22.304271, 44.172825],
     [22.3041637, 44.1729587],
     [22.304088200000002, 44.173042300000006],
     [22.3037849, 44.1733312], [22.3036937, 44.1734414],
     [22.3033402, 44.1737194], [22.3032749, 44.1737884],
     [22.303243700000003, 44.1738428],
     [22.303241200000002, 44.1738954],
     [22.303247300000002, 44.1739484], [22.303352, 44.174160400000005],
     [22.3033582, 44.174257600000004],
     [22.303341800000002, 44.1743371],
     [22.3032945, 44.174415200000006], [22.3031693, 44.1745418],
     [22.303042, 44.1746508], [22.302908600000002, 44.174798],
     [22.3027808, 44.175006700000004],
     [22.302710100000002, 44.1751524],
     [22.302678500000003, 44.1752272],
     [22.302668200000003, 44.175308300000005],
     [22.3026784, 44.1754321],
     [22.302724400000002, 44.175674300000004]]}}]}
