{"type":"FeatureCollection",
 "properties":{},
 "features":
 [{"type":"Feature",
   "properties":{},
   "geometry":
   {"type":"LineString",
    "coordinates":
    [[20.4928212, 44.8342046],
     [20.492924900000002, 44.834996600000004],
     [20.4929901, 44.8355146], [20.493002800000003, 44.8358098],
     [20.4930053, 44.8359851], [20.4929896, 44.836335600000005],
     [20.4929853, 44.836431600000004],
     [20.492926500000003, 44.8368374], [20.4927864, 44.8373426],
     [20.492646500000003, 44.8376898], [20.4926226, 44.8377489],
     [20.4926032, 44.8377971],
     [20.492347300000002, 44.838356100000006],
     [20.492183700000002, 44.838681300000005],
     [20.4919033, 44.8391893], [20.491688, 44.8395832],
     [20.4915173, 44.839716800000005]]}},
  {"type":"Feature",
   "properties":{},
   "geometry":
   {"type":"LineString",
    "coordinates":
    [[20.4910336, 44.8244953], [20.4910414, 44.8245355],
     [20.491169300000003, 44.825227700000006],
     [20.4912715, 44.8257684], [20.4913744, 44.826306],
     [20.4928212, 44.8342046]]}},
  {"type":"Feature",
   "properties":{},
   "geometry":
   {"type":"LineString",
    "coordinates":
    [[20.490544200000002, 44.822242100000004],
     [20.490675200000002, 44.822795500000005],
     [20.4910336, 44.8244953]]}},
  {"type":"Feature",
   "properties":{},
   "geometry":
   {"type":"LineString",
    "coordinates":
    [[20.489397500000003, 44.8184538], [20.4898007, 44.8189841],
     [20.489849, 44.819082200000004], [20.4898832, 44.8191849],
     [20.4901787, 44.820537800000004], [20.4902148, 44.8207031],
     [20.490544200000002, 44.822242100000004]]}},
  {"type":"Feature",
   "properties":{},
   "geometry":
   {"type":"LineString",
    "coordinates":
    [[20.488596400000002, 44.818115600000006],
     [20.4887334, 44.8181219],
     [20.488888000000003, 44.818131300000005],
     [20.488984300000002, 44.818131400000006],
     [20.489051800000002, 44.818151300000004],
     [20.4891484, 44.818195900000006],
     [20.4892183, 44.818237200000006], [20.4893068, 44.8183382],
     [20.489397500000003, 44.8184538]]}},
  {"type":"Feature",
   "properties":{},
   "geometry":
   {"type":"LineString",
    "coordinates":
    [[20.486081300000002, 44.8179038], [20.4873039, 44.8180549],
     [20.4879824, 44.818096700000005],
     [20.488596400000002, 44.818115600000006]]}},
  {"type":"Feature",
   "properties":{},
   "geometry":
   {"type":"LineString",
    "coordinates":
    [[20.48593, 44.8178897], [20.486081300000002, 44.8179038]]}},
  {"type":"Feature",
   "properties":{},
   "geometry":
   {"type":"LineString",
    "coordinates":
    [[20.4857936, 44.817874700000004], [20.48593, 44.8178897]]}},
  {"type":"Feature",
   "properties":{},
   "geometry":
   {"type":"LineString",
    "coordinates":
    [[20.4856899, 44.817857700000005],
     [20.4857936, 44.817874700000004]]}},
  {"type":"Feature",
   "properties":{},
   "geometry":
   {"type":"LineString",
    "coordinates":
    [[20.4856899, 44.817857700000005],
     [20.4852414, 44.817801200000005]]}},
  {"type":"Feature",
   "properties":{},
   "geometry":
   {"type":"LineString",
    "coordinates":
    [[20.4852414, 44.817801200000005],
     [20.484563100000003, 44.8177347], [20.4828119, 44.817565],
     [20.4826829, 44.817552500000005], [20.4813176, 44.817504],
     [20.4802107, 44.8174592]]}},
  {"type":"Feature",
   "properties":{},
   "geometry":
   {"type":"LineString",
    "coordinates":
    [[20.4800472, 44.8174511], [20.4801591, 44.817455800000005],
     [20.4802107, 44.8174592]]}},
  {"type":"Feature",
   "properties":{},
   "geometry":
   {"type":"LineString",
    "coordinates":
    [[20.4785237, 44.817320800000005], [20.4786712, 44.8173236],
     [20.4786645, 44.817386400000004], [20.4799495, 44.8174465],
     [20.4800472, 44.8174511]]}},
  {"type":"Feature",
   "properties":{},
   "geometry":
   {"type":"LineString",
    "coordinates":
    [[20.4784137, 44.817317900000006],
     [20.478464900000002, 44.8173193],
     [20.4785237, 44.817320800000005]]}},
  {"type":"Feature",
   "properties":{},
   "geometry":
   {"type":"LineString",
    "coordinates":
    [[20.4777029, 44.8172865], [20.4784137, 44.817317900000006]]}},
  {"type":"Feature",
   "properties":{},
   "geometry":
   {"type":"LineString",
    "coordinates":
    [[20.4776037, 44.817285600000005], [20.4776458, 44.817286],
     [20.4777029, 44.8172865]]}},
  {"type":"Feature",
   "properties":{},
   "geometry":
   {"type":"LineString",
    "coordinates":
    [[20.477008100000003, 44.817273], [20.477237600000002, 44.8172779],
     [20.4776037, 44.817285600000005]]}},
  {"type":"Feature",
   "properties":{},
   "geometry":
   {"type":"LineString",
    "coordinates":
    [[20.477008100000003, 44.817273], [20.4769563, 44.817275300000006],
     [20.4769362, 44.8172762], [20.4768809, 44.8173146]]}},
  {"type":"Feature",
   "properties":{},
   "geometry":
   {"type":"LineString",
    "coordinates":
    [[20.4766221, 44.8172982],
     [20.476720500000003, 44.817304400000005],
     [20.4768317, 44.8173115], [20.4768809, 44.8173146]]}},
  {"type":"Feature",
   "properties":{},
   "geometry":
   {"type":"LineString",
    "coordinates":
    [[20.4766221, 44.8172982], [20.4765751, 44.8172495],
     [20.4765288, 44.8172495],
     [20.476516800000002, 44.817248500000005],
     [20.4765175, 44.817220500000005]]}},
  {"type":"Feature",
   "properties":{},
   "geometry":
   {"type":"LineString",
    "coordinates":
    [[20.4756421, 44.8171929], [20.4764057, 44.817217],
     [20.4765175, 44.817220500000005]]}},
  {"type":"Feature",
   "properties":{},
   "geometry":
   {"type":"LineString",
    "coordinates":
    [[20.475494400000002, 44.817183500000006], [20.4755653, 44.817188],
     [20.4756421, 44.8171929]]}},
  {"type":"Feature",
   "properties":{},
   "geometry":
   {"type":"LineString",
    "coordinates":
    [[20.4745494, 44.817182], [20.4746561, 44.817141],
     [20.475494400000002, 44.817183500000006]]}},
  {"type":"Feature",
   "properties":{},
   "geometry":
   {"type":"LineString",
    "coordinates":
    [[20.4744248, 44.8171802], [20.47447, 44.817181000000005],
     [20.4745494, 44.817182]]}},
  {"type":"Feature",
   "properties":{},
   "geometry":
   {"type":"LineString",
    "coordinates":
    [[20.4742374, 44.8171248], [20.4743365, 44.817132900000004],
     [20.4743624, 44.8171468], [20.4744248, 44.8171802]]}},
  {"type":"Feature",
   "properties":{},
   "geometry":
   {"type":"LineString",
    "coordinates":
    [[20.4741183, 44.8171185],
     [20.474170400000002, 44.817121300000004],
     [20.4742374, 44.8171248]]}},
  {"type":"Feature",
   "properties":{},
   "geometry":
   {"type":"LineString",
    "coordinates":
    [[20.4741183, 44.8171185], [20.4720438, 44.8170555]]}},
  {"type":"Feature",
   "properties":{},
   "geometry":
   {"type":"LineString",
    "coordinates":
    [[20.471937500000003, 44.8170541],
     [20.4719756, 44.817054600000006], [20.4720438, 44.8170555]]}},
  {"type":"Feature",
   "properties":{},
   "geometry":
   {"type":"LineString",
    "coordinates":
    [[20.471937500000003, 44.8170541], [20.4719205, 44.8171017],
     [20.471898200000002, 44.8171478],
     [20.471856900000002, 44.8171873], [20.4717901, 44.8172441],
     [20.4716904, 44.8173103], [20.471650200000003, 44.8173322]]}},
  {"type":"Feature",
   "properties":{},
   "geometry":
   {"type":"LineString",
    "coordinates":
    [[20.4698166, 44.819546800000005],
     [20.4698548, 44.819500700000006],
     [20.470063200000002, 44.8192564],
     [20.470559100000003, 44.8186851], [20.4705979, 44.8186404],
     [20.4706279, 44.818600800000006], [20.4715923, 44.817404],
     [20.471650200000003, 44.8173322]]}},
  {"type":"Feature",
   "properties":{},
   "geometry":
   {"type":"LineString",
    "coordinates":
    [[20.4696348, 44.8197576], [20.4697351, 44.8196444],
     [20.4698166, 44.819546800000005]]}},
  {"type":"Feature",
   "properties":{},
   "geometry":
   {"type":"LineString",
    "coordinates":
    [[20.4694296, 44.819988900000006], [20.4694839, 44.8199279],
     [20.4696348, 44.8197576]]}},
  {"type":"Feature",
   "properties":{},
   "geometry":
   {"type":"LineString",
    "coordinates":
    [[20.4662574, 44.8197205], [20.4662241, 44.8197721],
     [20.4662329, 44.819818600000005],
     [20.4671041, 44.820073300000004], [20.4671263, 44.8200948],
     [20.4671719, 44.8201188], [20.4674638, 44.820213200000005],
     [20.4675872, 44.820232600000004], [20.4676903, 44.8202447],
     [20.4688285, 44.8200791], [20.4693244, 44.8200049],
     [20.4693359, 44.8200032], [20.4694296, 44.819988900000006]]}},
  {"type":"Feature",
   "properties":{},
   "geometry":
   {"type":"LineString",
    "coordinates":
    [[20.4662574, 44.8197205], [20.4662493, 44.8197178],
     [20.466138700000002, 44.8196808],
     [20.4660268, 44.819643400000004], [20.4659628, 44.819622]]}},
  {"type":"Feature",
   "properties":{},
   "geometry":
   {"type":"LineString",
    "coordinates":
    [[20.4659318, 44.8196778], [20.4659628, 44.819622]]}},
  {"type":"Feature",
   "properties":{},
   "geometry":
   {"type":"LineString",
    "coordinates":
    [[20.4659318, 44.8196778], [20.4655518, 44.819453100000004],
     [20.4652859, 44.8192759],
     [20.465232500000003, 44.819241700000006],
     [20.464542700000003, 44.818799500000004],
     [20.463799400000003, 44.8183488],
     [20.4637159, 44.818294800000004]]}},
  {"type":"Feature",
   "properties":{},
   "geometry":
   {"type":"LineString",
    "coordinates":
    [[20.462597300000002, 44.8176184],
     [20.462665400000002, 44.8176612],
     [20.4628818, 44.817793900000005],
     [20.4632533, 44.818023200000006],
     [20.4637159, 44.818294800000004]]}},
  {"type":"Feature",
   "properties":{},
   "geometry":
   {"type":"LineString",
    "coordinates":
    [[20.462039500000003, 44.817233400000006],
     [20.462525600000003, 44.8175722],
     [20.462571200000003, 44.8176016],
     [20.462597300000002, 44.8176184]]}},
  {"type":"Feature",
   "properties":{},
   "geometry":
   {"type":"LineString",
    "coordinates":
    [[20.462020900000002, 44.8172471],
     [20.462039500000003, 44.817233400000006]]}},
  {"type":"Feature",
   "properties":{},
   "geometry":
   {"type":"LineString",
    "coordinates":
    [[20.4619198, 44.8173237], [20.461962, 44.817291700000006],
     [20.462020900000002, 44.8172471]]}},
  {"type":"Feature",
   "properties":{},
   "geometry":
   {"type":"LineString",
    "coordinates":
    [[20.46186, 44.8173218], [20.4618843, 44.8173363],
     [20.4619198, 44.8173237]]}},
  {"type":"Feature",
   "properties":{},
   "geometry":
   {"type":"LineString",
    "coordinates":
    [[20.461794, 44.817279500000005], [20.4618201, 44.8172963],
     [20.46186, 44.8173218]]}},
  {"type":"Feature",
   "properties":{},
   "geometry":
   {"type":"LineString",
    "coordinates":
    [[20.461794, 44.817279500000005], [20.461775900000003, 44.8172677],
     [20.461750900000002, 44.817251500000005],
     [20.4617243, 44.8172341], [20.461165100000002, 44.8168805]]}},
  {"type":"Feature",
   "properties":{},
   "geometry":
   {"type":"LineString",
    "coordinates":
    [[20.461165100000002, 44.8168805],
     [20.460730700000003, 44.8165999]]}},
  {"type":"Feature",
   "properties":{},
   "geometry":
   {"type":"LineString",
    "coordinates":
    [[20.460342100000002, 44.8167747],
     [20.4605368, 44.816620300000004], [20.4605794, 44.8165873],
     [20.4606102, 44.816574900000006],
     [20.460644000000002, 44.8165704], [20.460677, 44.8165734],
     [20.460705400000002, 44.8165843],
     [20.460730700000003, 44.8165999]]}},
  {"type":"Feature",
   "properties":{},
   "geometry":
   {"type":"LineString",
    "coordinates":
    [[20.46036, 44.8167868], [20.460342100000002, 44.8167747]]}},
  {"type":"Feature",
   "properties":{},
   "geometry":
   {"type":"LineString",
    "coordinates":
    [[20.4602562, 44.816859], [20.4602906, 44.816834400000005],
     [20.460319000000002, 44.8168141],
     [20.460333600000002, 44.8168044],
     [20.460345200000003, 44.816796700000005],
     [20.46036, 44.8167868]]}},
  {"type":"Feature",
   "properties":{},
   "geometry":
   {"type":"LineString",
    "coordinates":
    [[20.4596172, 44.8173675], [20.4596521, 44.8173541],
     [20.4596704, 44.8173642], [20.4596969, 44.817346],
     [20.4597374, 44.8173182], [20.4597781, 44.8172906],
     [20.4597883, 44.8172531],
     [20.460210800000002, 44.816924500000006],
     [20.4602383, 44.8168732], [20.4602562, 44.816859]]}},
  {"type":"Feature",
   "properties":{},
   "geometry":
   {"type":"LineString",
    "coordinates":
    [[20.4596172, 44.8173675], [20.4590205, 44.817852300000006],
     [20.4589785, 44.817886400000006], [20.458951900000002, 44.817908],
     [20.458907, 44.8179439], [20.458870700000002, 44.8179729],
     [20.4588645, 44.8179778], [20.4582929, 44.818429],
     [20.4582883, 44.8184595], [20.458312900000003, 44.8184923],
     [20.458458800000002, 44.8185974],
     [20.458437200000002, 44.818612200000004],
     [20.457714300000003, 44.819099400000006]]}},
  {"type":"Feature",
   "properties":{},
   "geometry":
   {"type":"LineString",
    "coordinates":
    [[20.4577364, 44.8191153],
     [20.457714300000003, 44.819099400000006]]}},
  {"type":"Feature",
   "properties":{},
   "geometry":
   {"type":"LineString",
    "coordinates":
    [[20.457780900000003, 44.81915], [20.4577364, 44.8191153]]}},
  {"type":"Feature",
   "properties":{},
   "geometry":
   {"type":"LineString",
    "coordinates":
    [[20.4578712, 44.8192176], [20.4578123, 44.819173600000006],
     [20.457780900000003, 44.81915]]}},
  {"type":"Feature",
   "properties":{},
   "geometry":
   {"type":"LineString",
    "coordinates":
    [[20.4578712, 44.8192176], [20.4578612, 44.819223400000006],
     [20.4578378, 44.8192515], [20.4578291, 44.819283600000006],
     [20.4578364, 44.819315800000005],
     [20.4578586, 44.819344400000006],
     [20.4578919, 44.819370600000006], [20.4580276, 44.8194711],
     [20.458068400000002, 44.819501300000006]]}},
  {"type":"Feature",
   "properties":{},
   "geometry":
   {"type":"LineString",
    "coordinates":
    [[20.458068400000002, 44.819501300000006],
     [20.4575895, 44.8198226]]}},
  {"type":"Feature",
   "properties":{},
   "geometry":
   {"type":"LineString",
    "coordinates":
    [[20.4577691, 44.8199534], [20.4575895, 44.8198226]]}},
  {"type":"Feature",
   "properties":{},
   "geometry":
   {"type":"LineString",
    "coordinates":
    [[20.457645300000003, 44.8200366], [20.4577691, 44.8199534]]}},
  {"type":"Feature",
   "properties":{},
   "geometry":
   {"type":"LineString",
    "coordinates":
    [[20.45767, 44.8200541], [20.457645300000003, 44.8200366]]}},
  {"type":"Feature",
   "properties":{},
   "geometry":
   {"type":"LineString",
    "coordinates":
    [[20.457759300000003, 44.820097700000005],
     [20.457803300000002, 44.8200671], [20.4577509, 44.8200291],
     [20.457728900000003, 44.820013200000005],
     [20.45767, 44.8200541]]}},
  {"type":"Feature",
   "properties":{},
   "geometry":
   {"type":"LineString",
    "coordinates":
    [[20.457759300000003, 44.820097700000005],
     [20.457764400000002, 44.820101400000006]]}},
  {"type":"Feature",
   "properties":{},
   "geometry":
   {"type":"LineString",
    "coordinates":
    [[20.457798200000003, 44.8201259],
     [20.457764400000002, 44.820101400000006]]}},
  {"type":"Feature",
   "properties":{},
   "geometry":
   {"type":"LineString",
    "coordinates":
    [[20.457462600000003, 44.8203193],
     [20.457516400000003, 44.8203246],
     [20.457798200000003, 44.8201259]]}},
  {"type":"Feature",
   "properties":{},
   "geometry":
   {"type":"LineString",
    "coordinates":
    [[20.457462600000003, 44.8203193], [20.457426, 44.8203465],
     [20.4573845, 44.8203751]]}},
  {"type":"Feature",
   "properties":{},
   "geometry":
   {"type":"LineString",
    "coordinates":
    [[20.457414500000002, 44.8203978], [20.4573845, 44.8203751]]}},
  {"type":"Feature",
   "properties":{},
   "geometry":
   {"type":"LineString",
    "coordinates":
    [[20.4573651, 44.820433400000006],
     [20.457414500000002, 44.8203978]]}},
  {"type":"Feature",
   "properties":{},
   "geometry":
   {"type":"LineString",
    "coordinates":
    [[20.4573651, 44.820433400000006], [20.4574055, 44.8204622],
     [20.4574371, 44.8204828]]}},
  {"type":"Feature",
   "properties":{},
   "geometry":
   {"type":"LineString",
    "coordinates":
    [[20.4574371, 44.8204828], [20.4574381, 44.8204834]]}},
  {"type":"Feature",
   "properties":{},
   "geometry":
   {"type":"LineString",
    "coordinates":
    [[20.457182300000003, 44.8206767], [20.4574381, 44.8204834]]}},
  {"type":"Feature",
   "properties":{},
   "geometry":
   {"type":"LineString",
    "coordinates":
    [[20.456706200000003, 44.821004200000004],
     [20.457182300000003, 44.8206767]]}},
  {"type":"Feature",
   "properties":{},
   "geometry":
   {"type":"LineString",
    "coordinates":
    [[20.4573883, 44.821502300000006],
     [20.456706200000003, 44.821004200000004]]}},
  {"type":"Feature",
   "properties":{},
   "geometry":
   {"type":"LineString",
    "coordinates":
    [[20.4575937, 44.821652300000004],
     [20.4573883, 44.821502300000006]]}},
  {"type":"Feature",
   "properties":{},
   "geometry":
   {"type":"LineString",
    "coordinates":
    [[20.457591700000002, 44.821652500000006],
     [20.4575937, 44.821652300000004]]}},
  {"type":"Feature",
   "properties":{},
   "geometry":
   {"type":"LineString",
    "coordinates":
    [[20.457469, 44.821733300000005], [20.4574968, 44.821716200000004],
     [20.45754, 44.8216897],
     [20.457591700000002, 44.821652500000006]]}},
  {"type":"Feature",
   "properties":{},
   "geometry":
   {"type":"LineString",
    "coordinates":
    [[20.457469, 44.821733300000005], [20.4574484, 44.8217451],
     [20.4568572, 44.822082900000005], [20.4568012, 44.8221149],
     [20.456763300000002, 44.8221366]]}},
  {"type":"Feature",
   "properties":{},
   "geometry":
   {"type":"LineString",
    "coordinates":
    [[20.456763300000002, 44.8221366], [20.4567178, 44.8221618],
     [20.4558632, 44.822635000000005]]}},
  {"type":"Feature",
   "properties":{},
   "geometry":
   {"type":"LineString",
    "coordinates":
    [[20.45541, 44.8230452], [20.455356600000002, 44.823049000000005],
     [20.4553088, 44.8230525], [20.4552729, 44.823055100000005]]}},
  {"type":"Feature",
   "properties":{},
   "geometry":
   {"type":"LineString",
    "coordinates":
    [[20.4552729, 44.823055100000005], [20.4552441, 44.8230573],
     [20.4551631, 44.8230635], [20.4550234, 44.82312]]}},
  {"type":"Feature",
   "properties":{},
   "geometry":
   {"type":"LineString",
    "coordinates":
    [[20.4550234, 44.82312], [20.455128600000002, 44.823197900000004],
     [20.4551617, 44.8234593], [20.455165, 44.823480800000006],
     [20.455200400000003, 44.823713500000004],
     [20.455222300000003, 44.823855900000005],
     [20.455215900000002, 44.8238774],
     [20.4551972, 44.823895500000006],
     [20.455147500000002, 44.823928800000004],
     [20.4550823, 44.8239898], [20.454945000000002, 44.8241342],
     [20.4549306, 44.824175100000005], [20.4548612, 44.8242574]]}},
  {"type":"Feature",
   "properties":{},
   "geometry":
   {"type":"LineString",
    "coordinates":
    [[20.4540954, 44.824418300000005],
     [20.4541189, 44.824405500000005],
     [20.454432200000003, 44.824350100000004],
     [20.4544892, 44.824333200000005],
     [20.454685700000002, 44.8242999], [20.4547868, 44.8242728],
     [20.4548612, 44.8242574]]}},
  {"type":"Feature",
   "properties":{},
   "geometry":
   {"type":"LineString",
    "coordinates":
    [[20.4540954, 44.824418300000005],
     [20.4541551, 44.824515700000006],
     [20.454177700000002, 44.8245701], [20.4541888, 44.8246264],
     [20.4541942, 44.824689], [20.454189500000002, 44.8247571],
     [20.4541898, 44.824794000000004], [20.4541766, 44.8248466]]}},
  {"type":"Feature",
   "properties":{},
   "geometry":
   {"type":"LineString",
    "coordinates":
    [[20.4541766, 44.8248466], [20.4532327, 44.8247998],
     [20.4531561, 44.824797800000006], [20.4528132, 44.8247852],
     [20.4525572, 44.824757500000004], [20.4523994, 44.8247348],
     [20.452298900000002, 44.824710100000004],
     [20.4521336, 44.824700500000006], [20.4520613, 44.8247835],
     [20.4520069, 44.824958200000005],
     [20.451997000000002, 44.824989900000006],
     [20.4519781, 44.825010600000006], [20.451953, 44.8250242]]}},
  {"type":"Feature",
   "properties":{},
   "geometry":
   {"type":"LineString",
    "coordinates":
    [[20.451817300000002, 44.8250705], [20.451953, 44.8250242]]}},
  {"type":"Feature",
   "properties":{},
   "geometry":
   {"type":"LineString",
    "coordinates":
    [[20.4516803, 44.8250991], [20.451706, 44.825093800000005],
     [20.451817300000002, 44.8250705]]}},
  {"type":"Feature",
   "properties":{},
   "geometry":
   {"type":"LineString",
    "coordinates":
    [[20.451376800000002, 44.825153900000004],
     [20.4516803, 44.8250991]]}},
  {"type":"Feature",
   "properties":{},
   "geometry":
   {"type":"LineString",
    "coordinates":
    [[20.4513527, 44.825160000000004],
     [20.451376800000002, 44.825153900000004]]}},
  {"type":"Feature",
   "properties":{},
   "geometry":
   {"type":"LineString",
    "coordinates":
    [[20.4510763, 44.8251104], [20.4511059, 44.825131400000004],
     [20.4511316, 44.825138700000004],
     [20.451181300000002, 44.8251581],
     [20.451213300000003, 44.825170500000006],
     [20.4513527, 44.825160000000004]]}},
  {"type":"Feature",
   "properties":{},
   "geometry":
   {"type":"LineString",
    "coordinates":
    [[20.4509468, 44.825021], [20.4510763, 44.8251104]]}},
  {"type":"Feature",
   "properties":{},
   "geometry":
   {"type":"LineString",
    "coordinates":
    [[20.450851, 44.824950400000006], [20.4509468, 44.825021]]}},
  {"type":"Feature",
   "properties":{},
   "geometry":
   {"type":"LineString",
    "coordinates":
    [[20.4496372, 44.8240393],
     [20.449695900000002, 44.824083300000005],
     [20.450197000000003, 44.8244595], [20.4505109, 44.8246951],
     [20.4505792, 44.8247464], [20.45062, 44.824777000000005],
     [20.4508002, 44.8249122], [20.450832700000003, 44.8249366],
     [20.450851, 44.824950400000006]]}},
  {"type":"Feature",
   "properties":{},
   "geometry":
   {"type":"LineString",
    "coordinates":
    [[20.449618400000002, 44.8240241], [20.4496372, 44.8240393]]}},
  {"type":"Feature",
   "properties":{},
   "geometry":
   {"type":"LineString",
    "coordinates":
    [[20.4494738, 44.823865600000005],
     [20.449570100000003, 44.8239638], [20.4495939, 44.8239937],
     [20.449618400000002, 44.8240241]]}},
  {"type":"Feature",
   "properties":{},
   "geometry":
   {"type":"LineString",
    "coordinates":
    [[20.4481289, 44.823625500000006], [20.4483462, 44.8237789],
     [20.448390500000002, 44.823790200000005],
     [20.4484883, 44.823815200000006], [20.4485803, 44.8238174],
     [20.4487303, 44.823805], [20.4489102, 44.8237852],
     [20.4491222, 44.8237396], [20.4491462, 44.8237344],
     [20.4492018, 44.823729300000004], [20.4492529, 44.8237449],
     [20.449299, 44.8237563], [20.4493392, 44.8237729],
     [20.4493921, 44.8238106], [20.4494221, 44.8238363],
     [20.4494738, 44.823865600000005]]}},
  {"type":"Feature",
   "properties":{},
   "geometry":
   {"type":"LineString",
    "coordinates":
    [[20.4481289, 44.823625500000006],
     [20.448098400000003, 44.8236119]]}},
  {"type":"Feature",
   "properties":{},
   "geometry":
   {"type":"LineString",
    "coordinates":
    [[20.448098400000003, 44.8236119], [20.4483855, 44.8232803],
     [20.4484652, 44.8232307],
     [20.448500300000003, 44.823208900000004],
     [20.4486236, 44.8230943]]}},
  {"type":"Feature",
   "properties":{},
   "geometry":
   {"type":"LineString",
    "coordinates":
    [[20.4487762, 44.823100600000004], [20.4487522, 44.8231144],
     [20.448725500000002, 44.8231218],
     [20.448696700000003, 44.8231234], [20.4486685, 44.8231191],
     [20.448643500000003, 44.8231091], [20.4486236, 44.8230943]]}},
  {"type":"Feature",
   "properties":{},
   "geometry":
   {"type":"LineString",
    "coordinates":
    [[20.4487762, 44.823100600000004], [20.4488324, 44.8231322],
     [20.4489005, 44.8231641], [20.4489975, 44.823209500000004],
     [20.449121100000003, 44.823239900000004],
     [20.449370400000003, 44.823273300000004]]}},
  {"type":"Feature",
   "properties":{},
   "geometry":
   {"type":"LineString",
    "coordinates":
    [[20.4499262, 44.823046700000006], [20.4496556, 44.8230931],
     [20.4496499, 44.8231187],
     [20.449613900000003, 44.823167500000004],
     [20.449581300000002, 44.8232042],
     [20.4495727, 44.823208900000004],
     [20.4495347, 44.823229600000005],
     [20.449505600000002, 44.823245500000006],
     [20.449498900000002, 44.823249100000005],
     [20.4494273, 44.8232633],
     [20.449370400000003, 44.823273300000004]]}},
  {"type":"Feature",
   "properties":{},
   "geometry":
   {"type":"LineString",
    "coordinates":
    [[20.4499262, 44.823046700000006],
     [20.449937000000002, 44.8230918], [20.4499435, 44.8231187],
     [20.4499904, 44.8231922], [20.4500546, 44.8232492],
     [20.4501385, 44.823301400000005],
     [20.450223400000002, 44.823344500000005],
     [20.4502856, 44.8233606], [20.4503132, 44.823367700000006]]}},
  {"type":"Feature",
   "properties":{},
   "geometry":
   {"type":"LineString",
    "coordinates":
    [[20.450464800000002, 44.8233278],
     [20.4503132, 44.823367700000006]]}},
  {"type":"Feature",
   "properties":{},
   "geometry":
   {"type":"LineString",
    "coordinates":
    [[20.450464800000002, 44.8233278],
     [20.450558700000002, 44.8232562],
     [20.450581200000002, 44.8232389],
     [20.4505942, 44.823229000000005]]}},
  {"type":"Feature",
   "properties":{},
   "geometry":
   {"type":"LineString",
    "coordinates":
    [[20.4505942, 44.823229000000005],
     [20.450792200000002, 44.823067]]}},
  {"type":"Feature",
   "properties":{},
   "geometry":
   {"type":"LineString",
    "coordinates":
    [[20.450792200000002, 44.823067],
     [20.450839000000002, 44.8229301]]}},
  {"type":"Feature",
   "properties":{},
   "geometry":
   {"type":"LineString",
    "coordinates":
    [[20.4508772, 44.822822], [20.4508702, 44.822830100000004],
     [20.450851800000002, 44.822885],
     [20.450839000000002, 44.8229301]]}},
  {"type":"Feature",
   "properties":{},
   "geometry":
   {"type":"LineString",
    "coordinates":
    [[20.451014200000003, 44.822675100000005],
     [20.4508772, 44.822822]]}},
  {"type":"Feature",
   "properties":{},
   "geometry":
   {"type":"LineString",
    "coordinates":
    [[20.4510544, 44.822640500000006],
     [20.451014200000003, 44.822675100000005]]}},
  {"type":"Feature",
   "properties":{},
   "geometry":
   {"type":"LineString",
    "coordinates":
    [[20.4514794, 44.822273200000005],
     [20.4510544, 44.822640500000006]]}},
  {"type":"Feature",
   "properties":{},
   "geometry":
   {"type":"LineString",
    "coordinates":
    [[20.4514794, 44.822273200000005],
     [20.451453400000002, 44.8222564], [20.4514223, 44.8222329],
     [20.451415400000002, 44.822227700000006],
     [20.4513657, 44.822180200000005],
     [20.451057300000002, 44.8218614]]}},
  {"type":"Feature",
   "properties":{},
   "geometry":
   {"type":"LineString",
    "coordinates":
    [[20.451057300000002, 44.8218614],
     [20.451033900000002, 44.8217853]]}},
  {"type":"Feature",
   "properties":{},
   "geometry":
   {"type":"LineString",
    "coordinates":
    [[20.451033900000002, 44.8217853],
     [20.450980700000002, 44.8216102]]}},
  {"type":"Feature",
   "properties":{},
   "geometry":
   {"type":"LineString",
    "coordinates":
    [[20.450980700000002, 44.8216102],
     [20.45098, 44.821581200000004]]}},
  {"type":"Feature",
   "properties":{},
   "geometry":
   {"type":"LineString",
    "coordinates":
    [[20.4510004, 44.821486300000004],
     [20.45098, 44.821581200000004]]}},
  {"type":"Feature",
   "properties":{},
   "geometry":
   {"type":"LineString",
    "coordinates":
    [[20.4510004, 44.821486300000004], [20.4512299, 44.8213522],
     [20.4513797, 44.821264600000006], [20.4516083, 44.821131]]}},
  {"type":"Feature",
   "properties":{},
   "geometry":
   {"type":"LineString",
    "coordinates":
    [[20.451669600000002, 44.8210914], [20.4516083, 44.821131]]}},
  {"type":"Feature",
   "properties":{},
   "geometry":
   {"type":"LineString",
    "coordinates":
    [[20.451669600000002, 44.8210914], [20.4516797, 44.8209803]]}},
  {"type":"Feature",
   "properties":{},
   "geometry":
   {"type":"LineString",
    "coordinates":
    [[20.4516797, 44.8209803], [20.4517992, 44.8209109],
     [20.451835300000003, 44.8208904], [20.4518545, 44.8208788],
     [20.4521149, 44.820727600000005], [20.4522549, 44.8206463],
     [20.4523085, 44.820615100000005],
     [20.452583100000002, 44.8204555],
     [20.453016100000003, 44.8201933]]}},
  {"type":"Feature",
   "properties":{},
   "geometry":
   {"type":"LineString",
    "coordinates":
    [[20.453016100000003, 44.8201933],
     [20.4531077, 44.820142700000005]]}},
  {"type":"Feature",
   "properties":{},
   "geometry":
   {"type":"LineString",
    "coordinates":
    [[20.4531077, 44.820142700000005],
     [20.453121900000003, 44.8201344], [20.4531573, 44.8201137],
     [20.4532142, 44.8200804]]}},
  {"type":"Feature",
   "properties":{},
   "geometry":
   {"type":"LineString",
    "coordinates":
    [[20.4532142, 44.8200804],
     [20.453246500000002, 44.820059300000004],
     [20.453264, 44.820047900000006]]}},
  {"type":"Feature",
   "properties":{},
   "geometry":
   {"type":"LineString",
    "coordinates":
    [[20.453264, 44.820047900000006],
     [20.453299400000002, 44.820024800000006],
     [20.4535386, 44.8198659], [20.4538924, 44.8196254],
     [20.4544333, 44.819285400000005]]}},
  {"type":"Feature",
   "properties":{},
   "geometry":
   {"type":"LineString",
    "coordinates":
    [[20.4544333, 44.819285400000005],
     [20.4547348, 44.819106000000005],
     [20.4550281, 44.818939500000006],
     [20.4551379, 44.818870200000006], [20.4557645, 44.8185062],
     [20.4559266, 44.818413500000005], [20.4564795, 44.8180824]]}},
  {"type":"Feature",
   "properties":{},
   "geometry":
   {"type":"LineString",
    "coordinates":
    [[20.4564795, 44.8180824],
     [20.456737200000003, 44.817916700000005],
     [20.456954500000002, 44.8177571],
     [20.4570523, 44.817682100000006]]}},
  {"type":"Feature",
   "properties":{},
   "geometry":
   {"type":"LineString",
    "coordinates":
    [[20.4570523, 44.817682100000006],
     [20.457409700000003, 44.817388300000005],
     [20.4576956, 44.817157300000005], [20.4582117, 44.8167283],
     [20.458240800000002, 44.8167041],
     [20.458288800000002, 44.816664100000004], [20.4583227, 44.816636],
     [20.458533300000003, 44.8164609], [20.4593016, 44.8158222],
     [20.4593594, 44.815733900000005], [20.4595305, 44.8154802],
     [20.459865500000003, 44.815004200000004],
     [20.459923200000002, 44.8148927]]}},
  {"type":"Feature",
   "properties":{},
   "geometry":
   {"type":"LineString",
    "coordinates":
    [[20.460476800000002, 44.8135321],
     [20.460496600000003, 44.813543200000005],
     [20.4603799, 44.8138567], [20.46031, 44.8141933],
     [20.4600663, 44.8146287], [20.4600344, 44.814685700000005],
     [20.459923200000002, 44.8148927]]}},
  {"type":"Feature",
   "properties":{},
   "geometry":
   {"type":"LineString",
    "coordinates":
    [[20.4602602, 44.8134773], [20.460301, 44.813486000000005],
     [20.4603846, 44.813504], [20.460476800000002, 44.8135321]]}},
  {"type":"Feature",
   "properties":{},
   "geometry":
   {"type":"LineString",
    "coordinates":
    [[20.4603134, 44.8133731], [20.460295300000002, 44.8134085],
     [20.4602602, 44.8134773]]}},
  {"type":"Feature",
   "properties":{},
   "geometry":
   {"type":"LineString",
    "coordinates":
    [[20.4603134, 44.8133731], [20.460323300000002, 44.8133512],
     [20.4603387, 44.8133172]]}},
  {"type":"Feature",
   "properties":{},
   "geometry":
   {"type":"LineString",
    "coordinates":
    [[20.4603387, 44.8133172], [20.460570500000003, 44.8133696],
     [20.460648300000003, 44.8132225],
     [20.460682300000002, 44.813157700000005]]}},
  {"type":"Feature",
   "properties":{},
   "geometry":
   {"type":"LineString",
    "coordinates":
    [[20.460682300000002, 44.813157700000005],
     [20.4607259, 44.813086600000005], [20.461109, 44.8124611]]}},
  {"type":"Feature",
   "properties":{},
   "geometry":
   {"type":"LineString",
    "coordinates":
    [[20.461109, 44.8124611], [20.4614002, 44.8119856],
     [20.461502600000003, 44.8118185]]}},
  {"type":"Feature",
   "properties":{},
   "geometry":
   {"type":"LineString",
    "coordinates":
    [[20.4622952, 44.8103299], [20.4622108, 44.8104953],
     [20.462168400000003, 44.810582100000005],
     [20.4620435, 44.810838000000004], [20.4620107, 44.8109051],
     [20.461973, 44.810982200000005], [20.4619612, 44.8110043],
     [20.461865900000003, 44.8111833],
     [20.461722400000003, 44.811452900000006],
     [20.4616687, 44.811553700000005], [20.461665, 44.8115606],
     [20.461502600000003, 44.8118185]]}},
  {"type":"Feature",
   "properties":{},
   "geometry":
   {"type":"LineString",
    "coordinates":
    [[20.463331, 44.808394400000005], [20.4633182, 44.8084393],
     [20.4633115, 44.808475800000004],
     [20.463304400000002, 44.808502100000005],
     [20.463186, 44.808725900000006],
     [20.463022000000002, 44.809035900000005],
     [20.462908000000002, 44.8092314], [20.462657, 44.8096593],
     [20.4624747, 44.810001], [20.462374, 44.8101896],
     [20.4622952, 44.8103299]]}},
  {"type":"Feature",
   "properties":{},
   "geometry":
   {"type":"LineString",
    "coordinates":
    [[20.463456100000002, 44.8081961], [20.4633907, 44.8083025],
     [20.463331, 44.808394400000005]]}},
  {"type":"Feature",
   "properties":{},
   "geometry":
   {"type":"LineString",
    "coordinates":
    [[20.464249900000002, 44.8066278],
     [20.464266600000002, 44.806674400000006],
     [20.4642434, 44.8067179],
     [20.464192800000003, 44.806812900000004],
     [20.463456100000002, 44.8081961]]}},
  {"type":"Feature",
   "properties":{},
   "geometry":
   {"type":"LineString",
    "coordinates":
    [[20.4643029, 44.8065561], [20.464298600000003, 44.8065614],
     [20.464278800000002, 44.8065854], [20.4642607, 44.8066119],
     [20.464249900000002, 44.8066278]]}},
  {"type":"Feature",
   "properties":{},
   "geometry":
   {"type":"LineString",
    "coordinates":
    [[20.4643264, 44.8065275], [20.4643029, 44.8065561]]}},
  {"type":"Feature",
   "properties":{},
   "geometry":
   {"type":"LineString",
    "coordinates":
    [[20.465279600000002, 44.8048383],
     [20.4652722, 44.804852100000005],
     [20.465217900000003, 44.8049538], [20.4650548, 44.8052591],
     [20.464749, 44.8058312], [20.4643264, 44.8065275]]}},
  {"type":"Feature",
   "properties":{},
   "geometry":
   {"type":"LineString",
    "coordinates":
    [[20.4653204, 44.804762600000004],
     [20.4652989, 44.804803400000004],
     [20.465279600000002, 44.8048383]]}},
  {"type":"Feature",
   "properties":{},
   "geometry":
   {"type":"LineString",
    "coordinates":
    [[20.465845100000003, 44.8037812],
     [20.465806800000003, 44.8038527],
     [20.4653204, 44.804762600000004]]}},
  {"type":"Feature",
   "properties":{},
   "geometry":
   {"type":"LineString",
    "coordinates":
    [[20.4658918, 44.803693300000006],
     [20.4658772, 44.803718200000006],
     [20.465845100000003, 44.8037812]]}},
  {"type":"Feature",
   "properties":{},
   "geometry":
   {"type":"LineString",
    "coordinates":
    [[20.4658918, 44.803693300000006],
     [20.4659137, 44.803653700000005]]}},
  {"type":"Feature",
   "properties":{},
   "geometry":
   {"type":"LineString",
    "coordinates":
    [[20.4659137, 44.803653700000005],
     [20.465942000000002, 44.8036024]]}},
  {"type":"Feature",
   "properties":{},
   "geometry":
   {"type":"LineString",
    "coordinates":
    [[20.465942000000002, 44.8036024], [20.4659578, 44.8035725],
     [20.4659666, 44.803555800000005], [20.4662182, 44.803106],
     [20.466229600000002, 44.8030758],
     [20.4662276, 44.803045700000006],
     [20.4662098, 44.803009100000004], [20.466195900000002, 44.802992],
     [20.4658453, 44.802747200000006], [20.4657458, 44.8026933],
     [20.465674800000002, 44.8026776],
     [20.4656032, 44.802683300000005],
     [20.465561100000002, 44.8026952], [20.46543, 44.802786100000006],
     [20.465259200000002, 44.8029044], [20.4652107, 44.8029334],
     [20.4651681, 44.802958800000006]]}},
  {"type":"Feature",
   "properties":{},
   "geometry":
   {"type":"LineString",
    "coordinates":
    [[20.4648805, 44.802731900000005], [20.4649591, 44.8027936],
     [20.465004200000003, 44.802829], [20.465035800000003, 44.8028539],
     [20.4650858, 44.8028932], [20.4651681, 44.802958800000006]]}},
  {"type":"Feature",
   "properties":{},
   "geometry":
   {"type":"LineString",
    "coordinates":
    [[20.465070500000003, 44.802619],
     [20.4648805, 44.802731900000005]]}},
  {"type":"Feature",
   "properties":{},
   "geometry":
   {"type":"LineString",
    "coordinates":
    [[20.4653771, 44.802438], [20.4652977, 44.8024841],
     [20.465070500000003, 44.802619]]}},
  {"type":"Feature",
   "properties":{},
   "geometry":
   {"type":"LineString",
    "coordinates":
    [[20.465653200000002, 44.802258900000005],
     [20.4654436, 44.8023995], [20.4653771, 44.802438]]}},
  {"type":"Feature",
   "properties":{},
   "geometry":
   {"type":"LineString",
    "coordinates":
    [[20.465653200000002, 44.802258900000005],
     [20.4656933, 44.802234500000004],
     [20.4657282, 44.802213200000004]]}},
  {"type":"Feature",
   "properties":{},
   "geometry":
   {"type":"LineString",
    "coordinates":
    [[20.466082200000002, 44.8017223],
     [20.4661243, 44.801944400000004],
     [20.466117500000003, 44.8019793],
     [20.466085800000002, 44.802004200000006],
     [20.4657282, 44.802213200000004]]}},
  {"type":"Feature",
   "properties":{},
   "geometry":
   {"type":"LineString",
    "coordinates":
    [[20.466082200000002, 44.8017223], [20.4660027, 44.8013642],
     [20.465979, 44.801253800000005], [20.4659669, 44.8011901]]}},
  {"type":"Feature",
   "properties":{},
   "geometry":
   {"type":"LineString",
    "coordinates":
    [[20.4659669, 44.8011901], [20.4659795, 44.8011423],
     [20.465988900000003, 44.801105]]}},
  {"type":"Feature",
   "properties":{},
   "geometry":
   {"type":"LineString",
    "coordinates":
    [[20.465988900000003, 44.801105], [20.465985500000002, 44.8010875],
     [20.465902200000002, 44.800665],
     [20.465898300000003, 44.800645100000004]]}},
  {"type":"Feature",
   "properties":{},
   "geometry":
   {"type":"LineString",
    "coordinates":
    [[20.465898300000003, 44.800645100000004],
     [20.465891000000003, 44.8006192],
     [20.465885200000002, 44.8005951],
     [20.465881900000003, 44.8005822]]}},
  {"type":"Feature",
   "properties":{},
   "geometry":
   {"type":"LineString",
    "coordinates":
    [[20.465881900000003, 44.8005822], [20.4657617, 44.8000434],
     [20.465748700000002, 44.799984900000005],
     [20.4656667, 44.7995539], [20.4656124, 44.7992688],
     [20.4655852, 44.7991205]]}},
  {"type":"Feature",
   "properties":{},
   "geometry":
   {"type":"LineString",
    "coordinates":
    [[20.4655852, 44.7991205],
     [20.465562300000002, 44.799064800000004]]}},
  {"type":"Feature",
   "properties":{},
   "geometry":
   {"type":"LineString",
    "coordinates":
    [[20.465562300000002, 44.799064800000004],
     [20.4655528, 44.7990153],
     [20.465542000000003, 44.798943200000004],
     [20.465529500000002, 44.798882600000006]]}},
  {"type":"Feature",
   "properties":{},
   "geometry":
   {"type":"LineString",
    "coordinates":
    [[20.465529500000002, 44.798882600000006],
     [20.465521000000003, 44.7988426],
     [20.465484800000002, 44.7986802], [20.465451400000003, 44.79851],
     [20.465419200000003, 44.7983692],
     [20.465397300000003, 44.7982651], [20.4653223, 44.7978511],
     [20.465311800000002, 44.797801400000004],
     [20.4652938, 44.797723600000005]]}},
  {"type":"Feature",
   "properties":{},
   "geometry":
   {"type":"LineString",
    "coordinates":
    [[20.4652938, 44.797723600000005], [20.465288100000002, 44.79769],
     [20.4652669, 44.797591000000004], [20.4652543, 44.7975398]]}},
  {"type":"Feature",
   "properties":{},
   "geometry":
   {"type":"LineString",
    "coordinates":
    [[20.4652543, 44.7975398], [20.465215, 44.797290200000006],
     [20.4651482, 44.7969188], [20.4651159, 44.796724100000006],
     [20.465090200000002, 44.7964871],
     [20.465075600000002, 44.7962252],
     [20.465086200000002, 44.7958804], [20.465098, 44.795744600000006],
     [20.4651557, 44.795401000000005],
     [20.465177800000003, 44.7953059]]}},
  {"type":"Feature",
   "properties":{},
   "geometry":
   {"type":"LineString",
    "coordinates":
    [[20.465177800000003, 44.7953059], [20.4650801, 44.7952321],
     [20.465028800000002, 44.795178400000005],
     [20.4649444, 44.7950761], [20.464915400000002, 44.7950406],
     [20.464846400000003, 44.7949812], [20.4647872, 44.7949415],
     [20.4647183, 44.794901], [20.4646039, 44.7948479],
     [20.4644321, 44.794773500000005], [20.4641717, 44.7946716]]}},
  {"type":"Feature",
   "properties":{},
   "geometry":
   {"type":"LineString",
    "coordinates":
    [[20.464356000000002, 44.794525400000005],
     [20.4642734, 44.7945979], [20.4641717, 44.7946716]]}},
  {"type":"Feature",
   "properties":{},
   "geometry":
   {"type":"LineString",
    "coordinates":
    [[20.463740100000003, 44.7938484], [20.4637964, 44.7939303],
     [20.4638527, 44.7939931], [20.463884500000002, 44.7942278],
     [20.463874200000003, 44.7942424], [20.46396, 44.794352800000006],
     [20.4641263, 44.794449900000004],
     [20.464356000000002, 44.794525400000005]]}},
  {"type":"Feature",
   "properties":{},
   "geometry":
   {"type":"LineString",
    "coordinates":
    [[20.4637162, 44.793805000000006],
     [20.463740100000003, 44.7938484]]}},
  {"type":"Feature",
   "properties":{},
   "geometry":
   {"type":"LineString",
    "coordinates":
    [[20.4637162, 44.793805000000006],
     [20.463398700000003, 44.793451700000006],
     [20.4634478, 44.793427400000006]]}},
  {"type":"Feature",
   "properties":{},
   "geometry":
   {"type":"LineString",
    "coordinates":
    [[20.4633752, 44.7933638], [20.4634478, 44.793427400000006]]}},
  {"type":"Feature",
   "properties":{},
   "geometry":
   {"type":"LineString",
    "coordinates":
    [[20.4633752, 44.7933638], [20.463435200000003, 44.7933297]]}},
  {"type":"Feature",
   "properties":{},
   "geometry":
   {"type":"LineString",
    "coordinates":
    [[20.463435200000003, 44.7933297], [20.463199300000003, 44.793066],
     [20.4630523, 44.7928908], [20.463016800000002, 44.7928486]]}},
  {"type":"Feature",
   "properties":{},
   "geometry":
   {"type":"LineString",
    "coordinates":
    [[20.463016800000002, 44.7928486],
     [20.462975200000002, 44.7928117],
     [20.462904400000003, 44.7927654],
     [20.462373000000003, 44.7924683],
     [20.462319700000002, 44.7924385]]}},
  {"type":"Feature",
   "properties":{},
   "geometry":
   {"type":"LineString",
    "coordinates":
    [[20.462426, 44.7923762], [20.4623867, 44.7923994],
     [20.462351700000003, 44.792419800000005],
     [20.462319700000002, 44.7924385]]}},
  {"type":"Feature",
   "properties":{},
   "geometry":
   {"type":"LineString",
    "coordinates":
    [[20.462397900000003, 44.792344500000006],
     [20.462426, 44.7923762]]}},
  {"type":"Feature",
   "properties":{},
   "geometry":
   {"type":"LineString",
    "coordinates":
    [[20.462397900000003, 44.792344500000006],
     [20.461839700000002, 44.791942000000006]]}},
  {"type":"Feature",
   "properties":{},
   "geometry":
   {"type":"LineString",
    "coordinates":
    [[20.461839700000002, 44.791942000000006],
     [20.461705600000002, 44.7918649], [20.4612152, 44.791587]]}},
  {"type":"Feature",
   "properties":{},
   "geometry":
   {"type":"LineString",
    "coordinates":
    [[20.4612152, 44.791587], [20.4611337, 44.7915645]]}},
  {"type":"Feature",
   "properties":{},
   "geometry":
   {"type":"LineString",
    "coordinates":
    [[20.4611337, 44.7915645], [20.4610314, 44.7915481],
     [20.460258, 44.7910983], [20.4598824, 44.790903500000006],
     [20.4596397, 44.790781200000005], [20.4595634, 44.7907257],
     [20.4595339, 44.7906579], [20.459504600000002, 44.7904665],
     [20.459324000000002, 44.7898354]]}},
  {"type":"Feature",
   "properties":{},
   "geometry":
   {"type":"LineString",
    "coordinates":
    [[20.4586548, 44.7899225],
     [20.459284800000002, 44.789840500000004],
     [20.459324000000002, 44.7898354]]}},
  {"type":"Feature",
   "properties":{},
   "geometry":
   {"type":"LineString",
    "coordinates":
    [[20.4586548, 44.7899225], [20.4586483, 44.789879400000004],
     [20.458634200000002, 44.789808400000005],
     [20.4586295, 44.789787000000004],
     [20.4585967, 44.789784600000004],
     [20.458520200000002, 44.789795100000006],
     [20.458402, 44.789804000000004]]}},
  {"type":"Feature",
   "properties":{},
   "geometry":
   {"type":"LineString",
    "coordinates":
    [[20.4579294, 44.7896093], [20.4580023, 44.7896507],
     [20.4581255, 44.789715400000006],
     [20.458201900000002, 44.789750600000005], [20.4583052, 44.789782],
     [20.458402, 44.789804000000004]]}},
  {"type":"Feature",
   "properties":{},
   "geometry":
   {"type":"LineString",
    "coordinates":
    [[20.4579294, 44.7896093], [20.457870500000002, 44.7895544],
     [20.457814300000003, 44.7894907], [20.457780900000003, 44.789433],
     [20.457621200000002, 44.7890482],
     [20.457475600000002, 44.788940800000006], [20.4572742, 44.788815],
     [20.4571666, 44.7887477]]}},
  {"type":"Feature",
   "properties":{},
   "geometry":
   {"type":"LineString",
    "coordinates":
    [[20.4571666, 44.7887477], [20.4569128, 44.7886192],
     [20.4562738, 44.788295600000005]]}},
  {"type":"Feature",
   "properties":{},
   "geometry":
   {"type":"LineString",
    "coordinates":
    [[20.4562738, 44.788295600000005], [20.456306, 44.788264500000004],
     [20.456536500000002, 44.7880425], [20.4566754, 44.7879067],
     [20.456976, 44.787742200000004],
     [20.457064600000002, 44.7876982]]}},
  {"type":"Feature",
   "properties":{},
   "geometry":
   {"type":"LineString",
    "coordinates":
    [[20.4570057, 44.7876143], [20.4570367, 44.7876606],
     [20.457064600000002, 44.7876982]]}},
  {"type":"Feature",
   "properties":{},
   "geometry":
   {"type":"LineString",
    "coordinates":
    [[20.4566932, 44.7875716],
     [20.456822900000002, 44.787634100000005],
     [20.4568903, 44.7876666], [20.4570057, 44.7876143]]}},
  {"type":"Feature",
   "properties":{},
   "geometry":
   {"type":"LineString",
    "coordinates":
    [[20.4566932, 44.7875716], [20.4566146, 44.7875305]]}},
  {"type":"Feature",
   "properties":{},
   "geometry":
   {"type":"LineString",
    "coordinates":
    [[20.4566146, 44.7875305],
     [20.457068900000003, 44.787112300000004],
     [20.4571891, 44.786976900000006],
     [20.4572833, 44.786844200000004],
     [20.4573439, 44.786706300000006],
     [20.4573733, 44.786652600000004], [20.4573874, 44.7863235],
     [20.4574295, 44.7861612], [20.4574657, 44.7858212],
     [20.4576894, 44.7840793], [20.4576998, 44.7839053],
     [20.4578376, 44.782347], [20.4578729, 44.7821196],
     [20.458103400000002, 44.7804312], [20.4582224, 44.7793537],
     [20.4582233, 44.7793452], [20.4582462, 44.779126100000006],
     [20.458296500000003, 44.7787647],
     [20.458282200000003, 44.778567200000005],
     [20.4582073, 44.7783874], [20.458127, 44.7783567],
     [20.4581264, 44.7783049]]}},
  {"type":"Feature",
   "properties":{},
   "geometry":
   {"type":"LineString",
    "coordinates":
    [[20.458032000000003, 44.7781096], [20.458062, 44.7781305],
     [20.4581121, 44.778159200000005],
     [20.458121300000002, 44.7782366], [20.4581264, 44.7783049]]}},
  {"type":"Feature",
   "properties":{},
   "geometry":
   {"type":"LineString",
    "coordinates":
    [[20.458032000000003, 44.7781096],
     [20.4580556, 44.778082700000006],
     [20.4580902, 44.778001100000004], [20.458093400000003, 44.777886],
     [20.458110700000002, 44.7777216],
     [20.4581123, 44.777626600000005],
     [20.4581123, 44.777514800000006],
     [20.458077600000003, 44.7774645],
     [20.458022500000002, 44.7774097]]}},
  {"type":"Feature",
   "properties":{},
   "geometry":
   {"type":"LineString",
    "coordinates":
    [[20.458022500000002, 44.7774097], [20.4580004, 44.7773805],
     [20.457987900000003, 44.777354900000006],
     [20.4579852, 44.7773522]]}},
  {"type":"Feature",
   "properties":{},
   "geometry":
   {"type":"LineString",
    "coordinates":
    [[20.4579852, 44.7773522], [20.4579564, 44.777322500000004],
     [20.457943200000003, 44.777305600000005],
     [20.4579327, 44.777292300000006],
     [20.4579138, 44.777257600000006]]}},
  {"type":"Feature",
   "properties":{},
   "geometry":
   {"type":"LineString",
    "coordinates":
    [[20.4579138, 44.777257600000006],
     [20.4579099, 44.777232000000005],
     [20.4579059, 44.777206400000004], [20.4578871, 44.7771793]]}},
  {"type":"Feature",
   "properties":{},
   "geometry":
   {"type":"LineString",
    "coordinates":
    [[20.4578871, 44.7771793],
     [20.457902800000003, 44.777160300000006],
     [20.4577484, 44.776926700000004], [20.45767, 44.776809],
     [20.457506300000002, 44.77657], [20.4574165, 44.7764272],
     [20.4573602, 44.7763359], [20.457324, 44.7763092],
     [20.4572864, 44.776303500000004], [20.4572448, 44.7763063],
     [20.457239, 44.7762514]]}},
  {"type":"Feature",
   "properties":{},
   "geometry":
   {"type":"LineString",
    "coordinates":
    [[20.457239, 44.7762514], [20.4573246, 44.7762345]]}},
  {"type":"Feature",
   "properties":{},
   "geometry":
   {"type":"LineString",
    "coordinates":
    [[20.4573246, 44.7762345], [20.456873100000003, 44.7755458],
     [20.4568046, 44.7754622], [20.4562443, 44.774778000000005],
     [20.456146800000003, 44.774662400000004],
     [20.455697400000002, 44.7741478],
     [20.4551093, 44.773417800000004],
     [20.455049000000002, 44.7733341],
     [20.454990300000002, 44.773222000000004],
     [20.454955700000003, 44.7731471],
     [20.454711800000002, 44.772612300000006],
     [20.4545098, 44.772162900000005],
     [20.4544171, 44.771955500000004], [20.4543597, 44.7718391]]}},
  {"type":"Feature",
   "properties":{},
   "geometry":
   {"type":"LineString",
    "coordinates":
    [[20.4543597, 44.7718391],
     [20.454264600000002, 44.771626000000005]]}},
  {"type":"Feature",
   "properties":{},
   "geometry":
   {"type":"LineString",
    "coordinates":
    [[20.454264600000002, 44.771626000000005], [20.4541353, 44.771312],
     [20.4539502, 44.770810000000004], [20.4539228, 44.7707356],
     [20.4539003, 44.77062], [20.4538993, 44.770571200000006],
     [20.453901000000002, 44.770555],
     [20.453904700000002, 44.770537000000004], [20.453914, 44.7705077],
     [20.453921400000002, 44.7704846],
     [20.4539399, 44.770436100000005],
     [20.453962100000002, 44.7703879], [20.454011, 44.7703038]]}},
  {"type":"Feature",
   "properties":{},
   "geometry":
   {"type":"LineString",
    "coordinates":
    [[20.454455300000003, 44.769902900000005],
     [20.4543925, 44.7699316], [20.454338200000002, 44.7699599],
     [20.454263400000002, 44.7700095], [20.4542168, 44.7700437],
     [20.454169200000003, 44.7700875],
     [20.454114800000003, 44.7701444],
     [20.454069200000003, 44.770200800000005],
     [20.454035, 44.770253700000005], [20.454011, 44.7703038]]}},
  {"type":"Feature",
   "properties":{},
   "geometry":
   {"type":"LineString",
    "coordinates":
    [[20.4544198, 44.7698777],
     [20.454455300000003, 44.769902900000005]]}},
  {"type":"Feature",
   "properties":{},
   "geometry":
   {"type":"LineString",
    "coordinates":
    [[20.4544198, 44.7698777], [20.4548504, 44.7697188],
     [20.4549078, 44.769684700000006], [20.4549078, 44.7696631]]}},
  {"type":"Feature",
   "properties":{},
   "geometry":
   {"type":"LineString",
    "coordinates":
    [[20.4549078, 44.7696631], [20.4549539, 44.7696077],
     [20.454954500000003, 44.769579], [20.454782, 44.7695662],
     [20.4547043, 44.7695524], [20.4546278, 44.769531300000004],
     [20.4545414, 44.7695006],
     [20.454493600000003, 44.769477800000004],
     [20.4544824, 44.7694545],
     [20.454479900000003, 44.769436500000005],
     [20.454483200000002, 44.7694234]]}},
  {"type":"Feature",
   "properties":{},
   "geometry":
   {"type":"LineString",
    "coordinates":
    [[20.454483200000002, 44.7694234], [20.4548665, 44.7688536],
     [20.4551921, 44.7683832], [20.4553574, 44.7681069],
     [20.455483100000002, 44.767810700000005],
     [20.455737900000003, 44.767169900000006],
     [20.455840000000002, 44.7669936],
     [20.456190900000003, 44.7663181],
     [20.456857900000003, 44.7651228], [20.457018, 44.764774800000005],
     [20.457045700000002, 44.7646741],
     [20.457065500000002, 44.764562600000005],
     [20.457069100000002, 44.7644589],
     [20.4570571, 44.764349300000006], [20.457011, 44.7642429],
     [20.456937800000002, 44.764089000000006],
     [20.4568672, 44.7638462], [20.4568647, 44.7637784],
     [20.456871900000003, 44.763508], [20.4568814, 44.7633943],
     [20.4568859, 44.7632461], [20.4569256, 44.7622318],
     [20.4569461, 44.761562500000004], [20.4569426, 44.761493],
     [20.456937500000002, 44.761450200000006],
     [20.456917800000003, 44.7613916], [20.4568046, 44.7612006],
     [20.4565018, 44.760666400000005]]}},
  {"type":"Feature",
   "properties":{},
   "geometry":
   {"type":"LineString",
    "coordinates":
    [[20.4565018, 44.760666400000005],
     [20.456534100000002, 44.7606571]]}},
  {"type":"Feature",
   "properties":{},
   "geometry":
   {"type":"LineString",
    "coordinates":
    [[20.456534100000002, 44.7606571], [20.4566437, 44.7606489],
     [20.4568261, 44.7606132]]}},
  {"type":"Feature",
   "properties":{},
   "geometry":
   {"type":"LineString",
    "coordinates":
    [[20.4568261, 44.7606132], [20.456766400000003, 44.7603105]]}},
  {"type":"Feature",
   "properties":{},
   "geometry":
   {"type":"LineString",
    "coordinates":
    [[20.456929900000002, 44.7584], [20.4571119, 44.758934800000006],
     [20.4570009, 44.7591357], [20.456571, 44.7592305],
     [20.456773000000002, 44.759730000000005],
     [20.456792500000002, 44.759850300000004], [20.456786, 44.7599937],
     [20.456766400000003, 44.7603105]]}},
  {"type":"Feature",
   "properties":{},
   "geometry":
   {"type":"LineString",
    "coordinates":
    [[20.4568756, 44.7583168], [20.456929900000002, 44.7584]]}},
  {"type":"Feature",
   "properties":{},
   "geometry":
   {"type":"LineString",
    "coordinates":
    [[20.457070700000003, 44.7582225],
     [20.4570192, 44.758242300000006],
     [20.456997700000002, 44.7582497], [20.4569774, 44.7582572],
     [20.4569699, 44.7582612], [20.4569641, 44.758265200000004],
     [20.456954900000003, 44.7582729],
     [20.4569473, 44.758279900000005],
     [20.456940900000003, 44.7582868], [20.4569312, 44.7582978],
     [20.456928400000002, 44.7583007], [20.4569252, 44.7583028],
     [20.4569169, 44.7583071], [20.4568756, 44.7583168]]}},
  {"type":"Feature",
   "properties":{},
   "geometry":
   {"type":"LineString",
    "coordinates":
    [[20.4574246, 44.7574113], [20.4573393, 44.7576787],
     [20.4572824, 44.7578291], [20.4573456, 44.757977200000006],
     [20.457070700000003, 44.7582225]]}},
  {"type":"Feature",
   "properties":{},
   "geometry":
   {"type":"LineString",
    "coordinates":
    [[20.4568309, 44.7569184], [20.4568949, 44.7569668],
     [20.456900100000002, 44.756979400000006],
     [20.456926900000003, 44.7570429], [20.456994, 44.757201800000004],
     [20.4571022, 44.7574125], [20.4574246, 44.7574113]]}},
  {"type":"Feature",
   "properties":{},
   "geometry":
   {"type":"LineString",
    "coordinates":
    [[20.456993800000003, 44.756468000000005],
     [20.456655100000003, 44.756505600000004],
     [20.4566179, 44.756576800000005], [20.4566383, 44.7566426],
     [20.456806500000003, 44.7569012], [20.4568309, 44.7569184]]}},
  {"type":"Feature",
   "properties":{},
   "geometry":
   {"type":"LineString",
    "coordinates":
    [[20.4569143, 44.756180900000004], [20.45689, 44.7562228],
     [20.4569067, 44.7563064], [20.4569386, 44.7564021],
     [20.4569681, 44.7564487],
     [20.456993800000003, 44.756468000000005]]}},
  {"type":"Feature",
   "properties":{},
   "geometry":
   {"type":"LineString",
    "coordinates":
    [[20.4574813, 44.756155500000006],
     [20.4573304, 44.756156100000005], [20.457021, 44.756151900000006],
     [20.456964600000003, 44.7561541],
     [20.4569143, 44.756180900000004]]}},
  {"type":"Feature",
   "properties":{},
   "geometry":
   {"type":"LineString",
    "coordinates":
    [[20.456659000000002, 44.7559899],
     [20.4566841, 44.755993700000005], [20.4572387, 44.7560785],
     [20.4574654, 44.7561137], [20.457478400000003, 44.7561369],
     [20.4574813, 44.756155500000006]]}},
  {"type":"Feature",
   "properties":{},
   "geometry":
   {"type":"LineString",
    "coordinates":
    [[20.4569121, 44.7556868], [20.4568957, 44.7556816],
     [20.4568182, 44.755653200000005],
     [20.456797400000003, 44.7557185],
     [20.456737800000003, 44.7558013],
     [20.456692500000003, 44.755909800000005],
     [20.456659000000002, 44.7559899]]}},
  {"type":"Feature",
   "properties":{},
   "geometry":
   {"type":"LineString",
    "coordinates":
    [[20.4574092, 44.7553089], [20.4573305, 44.7553525],
     [20.4572535, 44.7556102], [20.4569121, 44.7556868]]}},
  {"type":"Feature",
   "properties":{},
   "geometry":
   {"type":"LineString",
    "coordinates":
    [[20.4574092, 44.7553089], [20.4573857, 44.7552545],
     [20.4573047, 44.755188800000006], [20.457286, 44.7551737],
     [20.457262200000002, 44.7551536]]}},
  {"type":"Feature",
   "properties":{},
   "geometry":
   {"type":"LineString",
    "coordinates":
    [[20.457262200000002, 44.7551536], [20.4573559, 44.7551116],
     [20.4573958, 44.7550918]]}},
  {"type":"Feature",
   "properties":{},
   "geometry":
   {"type":"LineString",
    "coordinates":
    [[20.4573958, 44.7550918], [20.457331, 44.755038500000005]]}},
  {"type":"Feature",
   "properties":{},
   "geometry":
   {"type":"LineString",
    "coordinates":
    [[20.457331, 44.755038500000005], [20.457555000000003, 44.7549124],
     [20.4576286, 44.754869500000005], [20.4576919, 44.754834],
     [20.4577457, 44.754806800000004], [20.457762000000002, 44.754801],
     [20.4577795, 44.7547976], [20.4577986, 44.7547957],
     [20.457816700000002, 44.754796400000004],
     [20.457999700000002, 44.754828700000004],
     [20.458184000000003, 44.754857300000005]]}},
  {"type":"Feature",
   "properties":{},
   "geometry":
   {"type":"LineString",
    "coordinates":
    [[20.458184000000003, 44.754857300000005], [20.458431, 44.7548888],
     [20.4585502, 44.754906500000004], [20.458615, 44.754917400000004],
     [20.458661900000003, 44.7549374],
     [20.458717200000002, 44.7549663], [20.4588259, 44.7550584],
     [20.4593163, 44.755480600000006]]}},
  {"type":"Feature",
   "properties":{},
   "geometry":
   {"type":"LineString",
    "coordinates":
    [[20.460552, 44.7528013], [20.460472300000003, 44.7531405],
     [20.4605792, 44.7534062],
     [20.460380200000003, 44.753685100000006],
     [20.4601393, 44.753785900000004], [20.459991000000002, 44.753937],
     [20.4599771, 44.7539712], [20.4599344, 44.7540764],
     [20.4599248, 44.7541644], [20.4599252, 44.754300300000004],
     [20.4597602, 44.7544941], [20.459680000000002, 44.7547111],
     [20.459674200000002, 44.754855500000005],
     [20.459747800000002, 44.7549501], [20.460014, 44.755110800000004],
     [20.460102900000003, 44.755231200000004],
     [20.4602386, 44.755338300000005],
     [20.459971600000003, 44.7554415], [20.4597613, 44.7553232],
     [20.459594300000003, 44.7552898],
     [20.459455300000002, 44.755335900000006], [20.459339, 44.7554177],
     [20.4593163, 44.755480600000006]]}},
  {"type":"Feature",
   "properties":{},
   "geometry":
   {"type":"LineString",
    "coordinates":
    [[20.462207300000003, 44.7521998], [20.4621375, 44.7524614],
     [20.4620482, 44.752538], [20.4619624, 44.752499300000004],
     [20.4618819, 44.752580300000005],
     [20.461888700000003, 44.7526704],
     [20.461605600000002, 44.752848300000004],
     [20.4611172, 44.7531298], [20.4607704, 44.753134800000005],
     [20.460552, 44.7528013]]}},
  {"type":"Feature",
   "properties":{},
   "geometry":
   {"type":"LineString",
    "coordinates":
    [[20.4616954, 44.751838400000004],
     [20.462069900000003, 44.7521028],
     [20.462207300000003, 44.7521998]]}},
  {"type":"Feature",
   "properties":{},
   "geometry":
   {"type":"LineString",
    "coordinates":
    [[20.4622107, 44.7513681], [20.4620617, 44.751513900000006],
     [20.461878000000002, 44.7516248], [20.4617295, 44.7516794],
     [20.4616954, 44.751838400000004]]}},
  {"type":"Feature",
   "properties":{},
   "geometry":
   {"type":"LineString",
    "coordinates":
    [[20.4622107, 44.7513681], [20.4615134, 44.7511306]]}},
  {"type":"Feature",
   "properties":{},
   "geometry":
   {"type":"LineString",
    "coordinates":
    [[20.4621202, 44.7500413], [20.462037900000002, 44.7501891],
     [20.4615134, 44.7511306]]}},
  {"type":"Feature",
   "properties":{},
   "geometry":
   {"type":"LineString",
    "coordinates":
    [[20.4628804, 44.750067300000005], [20.462208, 44.750061],
     [20.4621202, 44.7500413]]}},
  {"type":"Feature",
   "properties":{},
   "geometry":
   {"type":"LineString",
    "coordinates":
    [[20.4625966, 44.7467735], [20.4628739, 44.7474124],
     [20.462894300000002, 44.7480046],
     [20.4629081, 44.748407400000005], [20.4628526, 44.7487507],
     [20.4629151, 44.749031900000006],
     [20.4629078, 44.749249000000006],
     [20.4628804, 44.750067300000005]]}},
  {"type":"Feature",
   "properties":{},
   "geometry":
   {"type":"LineString",
    "coordinates":
    [[20.462164400000002, 44.745183600000004],
     [20.462350500000003, 44.745231100000005],
     [20.4624339, 44.7452683], [20.462515, 44.745317500000006],
     [20.462570200000002, 44.745364900000006],
     [20.4626074, 44.7454127], [20.462649600000002, 44.7455129],
     [20.462685500000003, 44.745617200000005],
     [20.462695500000002, 44.7456848], [20.4626878, 44.7457488],
     [20.4626777, 44.7457988], [20.4626187, 44.746073100000004],
     [20.462565100000003, 44.746263600000006],
     [20.4625519, 44.7463416], [20.4625485, 44.746408300000006],
     [20.4625501, 44.746484], [20.462562000000002, 44.746562100000006],
     [20.462581200000002, 44.746675100000004],
     [20.4625966, 44.7467735]]}},
  {"type":"Feature",
   "properties":{},
   "geometry":
   {"type":"LineString",
    "coordinates":
    [[20.462164400000002, 44.745183600000004],
     [20.462176900000003, 44.7450587],
     [20.462181400000002, 44.7449766],
     [20.462182300000002, 44.744877800000005],
     [20.4621837, 44.7447825], [20.4621642, 44.7446032]]}},
  {"type":"Feature",
   "properties":{},
   "geometry":
   {"type":"LineString",
    "coordinates":
    [[20.4621642, 44.7446032], [20.4623996, 44.744568900000004],
     [20.4625726, 44.744540300000004],
     [20.462649000000003, 44.744506300000005],
     [20.462674500000002, 44.7444422], [20.4627215, 44.7443059],
     [20.462752300000002, 44.744249800000006],
     [20.462827400000002, 44.744210800000005]]}},
  {"type":"Feature",
   "properties":{},
   "geometry":
   {"type":"LineString",
    "coordinates":
    [[20.462827400000002, 44.744210800000005],
     [20.4628923, 44.7440366], [20.462956700000003, 44.7438766],
     [20.462962100000002, 44.7437051],
     [20.462962100000002, 44.7435108], [20.4630157, 44.7432784],
     [20.463064000000003, 44.7430917],
     [20.463112300000002, 44.742988800000006],
     [20.4633, 44.742844000000005],
     [20.463562900000003, 44.742684000000004],
     [20.4638257, 44.7425468], [20.4640349, 44.742386800000006],
     [20.4642871, 44.742200100000005], [20.464507, 44.7420934],
     [20.4648235, 44.7419372], [20.465075600000002, 44.7418076]]}},
  {"type":"Feature",
   "properties":{},
   "geometry":
   {"type":"LineString",
    "coordinates":
    [[20.465075600000002, 44.7418076], [20.4653136, 44.7416965],
     [20.4656945, 44.741525100000004], [20.4659251, 44.7414336],
     [20.4660976, 44.7413028]]}},
  {"type":"Feature",
   "properties":{},
   "geometry":
   {"type":"LineString",
    "coordinates":
    [[20.4660976, 44.7413028], [20.466161900000003, 44.7412761],
     [20.4662478, 44.7411504], [20.466274600000002, 44.741097]]}},
  {"type":"Feature",
   "properties":{},
   "geometry":
   {"type":"LineString",
    "coordinates":
    [[20.466274600000002, 44.741097], [20.466209300000003, 44.7409897],
     [20.4661727, 44.740929400000006],
     [20.466173700000002, 44.7408858],
     [20.466178000000003, 44.7407046],
     [20.466269200000003, 44.7404074],
     [20.466269200000003, 44.740144400000005],
     [20.4662799, 44.739843400000005],
     [20.466333600000002, 44.7395043],
     [20.466408700000002, 44.7391537],
     [20.466532100000002, 44.738871800000005],
     [20.466682300000002, 44.7386927],
     [20.466966600000003, 44.7382888],
     [20.467213400000002, 44.738041100000004],
     [20.467331400000003, 44.737903900000006],
     [20.467390400000003, 44.737831500000006], [20.467385, 44.7377362],
     [20.4671919, 44.7375648], [20.4671074, 44.737404500000004],
     [20.4671111, 44.737258600000004],
     [20.4671483, 44.737166300000005]]}},
  {"type":"Feature",
   "properties":{},
   "geometry":
   {"type":"LineString",
    "coordinates":
    [[20.4671483, 44.737166300000005],
     [20.4671959, 44.737154100000005],
     [20.467246600000003, 44.737122500000005], [20.467385, 44.7369779],
     [20.4674811, 44.7368685], [20.4675908, 44.736783800000005],
     [20.467985000000002, 44.736519900000005],
     [20.4680177, 44.7364874], [20.4680214, 44.7364485],
     [20.468096600000003, 44.7364131], [20.4681429, 44.7363702],
     [20.4682128, 44.736283500000006], [20.4682397, 44.7362504],
     [20.468247100000003, 44.7362072]]}},
  {"type":"Feature",
   "properties":{},
   "geometry":
   {"type":"LineString",
    "coordinates":
    [[20.468247100000003, 44.7362072],
     [20.4683522, 44.736194100000006],
     [20.4684972, 44.736136900000005],
     [20.468694600000003, 44.736038400000005],
     [20.4688656, 44.735987200000004], [20.4690212, 44.7359148],
     [20.4691875, 44.7359224], [20.469402000000002, 44.7359567],
     [20.469627300000003, 44.7358957], [20.4698795, 44.7358271],
     [20.4702406, 44.7355346], [20.4703908, 44.735458400000006],
     [20.470525000000002, 44.7354355], [20.4707805, 44.7356252],
     [20.470961600000003, 44.735781200000005],
     [20.4711667, 44.735957500000005], [20.4713332, 44.7360977],
     [20.4714727, 44.736200600000004],
     [20.471585400000002, 44.7362349],
     [20.471810700000002, 44.736177700000006],
     [20.4719233, 44.736101500000004], [20.4721164, 44.7360977],
     [20.472449, 44.736063400000006], [20.4727763, 44.736002400000004],
     [20.4730308, 44.7359498], [20.4730713, 44.7359414],
     [20.4732483, 44.7359567], [20.473473600000002, 44.73601],
     [20.4737633, 44.7360977], [20.474154900000002, 44.7362672]]}},
  {"type":"Feature",
   "properties":{},
   "geometry":
   {"type":"LineString",
    "coordinates":
    [[20.474154900000002, 44.7362672], [20.4743745, 44.7360282],
     [20.4745715, 44.7358235], [20.4746077, 44.7357978],
     [20.474671, 44.735775800000006]]}},
  {"type":"Feature",
   "properties":{},
   "geometry":
   {"type":"LineString",
    "coordinates":
    [[20.474741700000003, 44.7358306],
     [20.474695500000003, 44.735807300000005],
     [20.474671, 44.735775800000006]]}},
  {"type":"Feature",
   "properties":{},
   "geometry":
   {"type":"LineString",
    "coordinates":
    [[20.4755554, 44.7359261], [20.4753902, 44.735903400000005],
     [20.474741700000003, 44.7358306]]}},
  {"type":"Feature",
   "properties":{},
   "geometry":
   {"type":"LineString",
    "coordinates":
    [[20.476308500000002, 44.7360364], [20.4756284, 44.7359353],
     [20.4755554, 44.7359261]]}},
  {"type":"Feature",
   "properties":{},
   "geometry":
   {"type":"LineString",
    "coordinates":
    [[20.476308500000002, 44.7360364],
     [20.476557200000002, 44.7360732],
     [20.4766774, 44.736096700000004], [20.476752, 44.7361123],
     [20.4768501, 44.7361358]]}},
  {"type":"Feature",
   "properties":{},
   "geometry":
   {"type":"LineString",
    "coordinates":
    [[20.4817621, 44.7323182],
     [20.481537300000003, 44.732338000000006],
     [20.481266400000003, 44.732372500000004],
     [20.4810611, 44.7324075], [20.4809638, 44.732429200000006],
     [20.4808351, 44.7324624], [20.4807214, 44.7324971],
     [20.480673600000003, 44.7325123], [20.4806026, 44.7325389],
     [20.4805104, 44.732580600000006], [20.4804642, 44.7326071],
     [20.480405700000002, 44.732646200000005],
     [20.4803599, 44.732685000000004],
     [20.480272000000003, 44.732759300000005],
     [20.4801913, 44.732836600000006],
     [20.480042700000002, 44.732973300000005],
     [20.478593800000002, 44.7344129],
     [20.478152100000003, 44.7348584], [20.477791, 44.735182300000005],
     [20.4774715, 44.7354969],
     [20.477188700000003, 44.735752500000004],
     [20.4768949, 44.7360498], [20.4768623, 44.7361002],
     [20.4768501, 44.7361358]]}},
  {"type":"Feature",
   "properties":{},
   "geometry":
   {"type":"LineString",
    "coordinates":
    [[20.4817329, 44.731525700000006],
     [20.4817144, 44.731836900000005], [20.481719000000002, 44.73192],
     [20.4817289, 44.731977], [20.4817621, 44.7323182]]}},
  {"type":"Feature",
   "properties":{},
   "geometry":
   {"type":"LineString",
    "coordinates":
    [[20.482793400000002, 44.7315259],
     [20.4827014, 44.731523300000006], [20.4826878, 44.7315229],
     [20.482475700000002, 44.7315175],
     [20.4817329, 44.731525700000006]]}},
  {"type":"Feature",
   "properties":{},
   "geometry":
   {"type":"LineString",
    "coordinates":
    [[20.4846176, 44.731547000000006], [20.4845267, 44.7315465],
     [20.4833019, 44.731543900000005], [20.483045, 44.7315357],
     [20.482925700000003, 44.731531700000005],
     [20.482889, 44.731530500000005],
     [20.482793400000002, 44.7315259]]}},
  {"type":"Feature",
   "properties":{},
   "geometry":
   {"type":"LineString",
    "coordinates":
    [[20.4846176, 44.731547000000006], [20.4847143, 44.7313844],
     [20.4850029, 44.731236900000006],
     [20.485276300000002, 44.7311002], [20.4856358, 44.7310175],
     [20.485802900000003, 44.7308808],
     [20.4864721, 44.730762000000006], [20.4871982, 44.7306693]]}},
  {"type":"Feature",
   "properties":{},
   "geometry":
   {"type":"LineString",
    "coordinates":
    [[20.4871982, 44.7306693], [20.4871762, 44.730597200000005]]}},
  {"type":"Feature",
   "properties":{},
   "geometry":
   {"type":"LineString",
    "coordinates":
    [[20.4871762, 44.730597200000005], [20.4922282, 44.7298648]]}},
  {"type":"Feature",
   "properties":{},
   "geometry":
   {"type":"LineString",
    "coordinates":
    [[20.4922282, 44.7298648],
     [20.492721200000002, 44.729793300000004],
     [20.493145900000002, 44.729758100000005],
     [20.4935918, 44.7296877], [20.4939599, 44.729647400000005],
     [20.494250100000002, 44.729647400000005],
     [20.494667800000002, 44.729667600000006],
     [20.4955879, 44.7296927], [20.4957908, 44.729709400000004],
     [20.4960771, 44.7297329], [20.4963036, 44.729743000000006],
     [20.4967708, 44.7299894], [20.497089300000003, 44.7301805],
     [20.4973654, 44.7303615], [20.4978035, 44.7306332]]}},
  {"type":"Feature",
   "properties":{},
   "geometry":
   {"type":"LineString",
    "coordinates":
    [[20.4978035, 44.7306332], [20.498238, 44.731077600000006],
     [20.4985114, 44.7313113], [20.4985214, 44.7313199],
     [20.4986582, 44.7313855],
     [20.498846200000003, 44.731453300000005],
     [20.499408300000002, 44.7315904], [20.4995689, 44.7316492],
     [20.499638100000002, 44.731698200000004],
     [20.499725100000003, 44.7319314],
     [20.4997744, 44.732029100000005], [20.4998094, 44.732117],
     [20.4999121, 44.732206600000005], [20.4999705, 44.7322713],
     [20.5000055, 44.7323974], [20.499973, 44.732771500000005],
     [20.500003600000003, 44.7330094]]}},
  {"type":"Feature",
   "properties":{},
   "geometry":
   {"type":"LineString",
    "coordinates":
    [[20.500003600000003, 44.7330094],
     [20.500045500000002, 44.733177600000005],
     [20.5000758, 44.733277300000005],
     [20.500106300000002, 44.733355200000005],
     [20.5001317, 44.733397800000006],
     [20.500285400000003, 44.733547400000006],
     [20.5002882, 44.733555200000005],
     [20.500287800000002, 44.733578900000005]]}},
  {"type":"Feature",
   "properties":{},
   "geometry":
   {"type":"LineString",
    "coordinates":
    [[20.5009671, 44.7341733], [20.5008619, 44.734023300000004],
     [20.5007822, 44.733941200000004], [20.500592, 44.7337721],
     [20.500418, 44.7336334], [20.500336700000002, 44.733594100000005],
     [20.5003119, 44.7335841],
     [20.500287800000002, 44.733578900000005]]}},
  {"type":"Feature",
   "properties":{},
   "geometry":
   {"type":"LineString",
    "coordinates":
    [[20.501618800000003, 44.7350981],
     [20.501364300000002, 44.734883800000006],
     [20.5012247, 44.734689700000004], [20.5011093, 44.7344674],
     [20.5010191, 44.734264200000005], [20.5009671, 44.7341733]]}},
  {"type":"Feature",
   "properties":{},
   "geometry":
   {"type":"LineString",
    "coordinates":
    [[20.5042236, 44.737366200000004],
     [20.5040078, 44.737166200000004], [20.5038731, 44.7370413],
     [20.5033838, 44.7365891], [20.502457, 44.735826200000005],
     [20.502056, 44.735498500000006],
     [20.501618800000003, 44.7350981]]}},
  {"type":"Feature",
   "properties":{},
   "geometry":
   {"type":"LineString",
    "coordinates":
    [[20.5042236, 44.737366200000004],
     [20.504852200000002, 44.7377563], [20.5054616, 44.7381176],
     [20.505590400000003, 44.738168300000005],
     [20.505781900000002, 44.7382295],
     [20.5060837, 44.738314700000004],
     [20.5061229, 44.738331800000005],
     [20.506158300000003, 44.738356100000004], [20.5061855, 44.738396],
     [20.506214200000002, 44.738509],
     [20.506179000000003, 44.7386801]]}},
  {"type":"Feature",
   "properties":{},
   "geometry":
   {"type":"LineString",
    "coordinates":
    [[20.506154600000002, 44.7388166],
     [20.506160100000002, 44.7387626],
     [20.506179000000003, 44.7386801]]}},
  {"type":"Feature",
   "properties":{},
   "geometry":
   {"type":"LineString",
    "coordinates":
    [[20.5059502, 44.738829100000004],
     [20.506154600000002, 44.7388166]]}},
  {"type":"Feature",
   "properties":{},
   "geometry":
   {"type":"LineString",
    "coordinates":
    [[20.5059502, 44.738829100000004], [20.506021, 44.7388923]]}},
  {"type":"Feature",
   "properties":{},
   "geometry":
   {"type":"LineString",
    "coordinates":
    [[20.506021, 44.7388923], [20.5060411, 44.738890100000006],
     [20.5060411, 44.738868200000006], [20.506059500000003, 44.738854],
     [20.506383200000002, 44.738851000000004],
     [20.506756300000003, 44.738908200000004],
     [20.5068021, 44.7389152], [20.5070285, 44.738955700000005],
     [20.507678600000002, 44.7390739]]}},
  {"type":"Feature",
   "properties":{},
   "geometry":
   {"type":"LineString",
    "coordinates":
    [[20.507678600000002, 44.7390739],
     [20.5093056, 44.739358200000005]]}},
  {"type":"Feature",
   "properties":{},
   "geometry":
   {"type":"LineString",
    "coordinates":
    [[20.5093056, 44.739358200000005], [20.509633, 44.739414800000006],
     [20.509764, 44.739465100000004],
     [20.509905500000002, 44.739548000000006],
     [20.509953300000003, 44.7396347], [20.5100205, 44.7396663],
     [20.5100772, 44.739696300000006],
     [20.510120800000003, 44.739658600000006],
     [20.5101462, 44.739637300000005],
     [20.510056000000002, 44.7395568],
     [20.510024100000003, 44.7395166], [20.5100215, 44.7394991],
     [20.5100294, 44.7394814], [20.5100416, 44.7394648],
     [20.5100613, 44.739447500000004], [20.5100886, 44.7394358],
     [20.5101306, 44.7394267],
     [20.510398300000002, 44.739409900000005],
     [20.5106784, 44.7393688], [20.5110159, 44.739304700000005],
     [20.5111513, 44.739281500000004],
     [20.5112238, 44.739261400000004]]}},
  {"type":"Feature",
   "properties":{},
   "geometry":
   {"type":"LineString",
    "coordinates":
    [[20.5112238, 44.739261400000004], [20.511268100000002, 44.739271],
     [20.5114451, 44.7392872], [20.511675500000003, 44.7393081],
     [20.5119387, 44.7393219],
     [20.512057000000002, 44.739324200000006],
     [20.512184700000002, 44.739319800000004],
     [20.512253700000002, 44.7393191],
     [20.512340000000002, 44.7393109], [20.512443, 44.7392957],
     [20.512523400000003, 44.739278500000005],
     [20.5126533, 44.7392394], [20.5128953, 44.7391586],
     [20.513105200000002, 44.7390856], [20.513202, 44.739025700000006],
     [20.513269, 44.7389924], [20.5133294, 44.738947100000004],
     [20.513380400000003, 44.7388838], [20.5134326, 44.7388156],
     [20.513521100000002, 44.7387099],
     [20.513601700000002, 44.738628500000004],
     [20.513657900000002, 44.7385832],
     [20.513710200000002, 44.738548900000005],
     [20.5137532, 44.7385304], [20.513879900000003, 44.7384865],
     [20.5140196, 44.7384463], [20.5141402, 44.7383992],
     [20.514400900000002, 44.738261200000004], [20.5145363, 44.738185],
     [20.514659100000003, 44.7381065]]}},
  {"type":"Feature",
   "properties":{},
   "geometry":
   {"type":"LineString",
    "coordinates":
    [[20.514659100000003, 44.7381065], [20.5145793, 44.7380526],
     [20.5145394, 44.7380137], [20.514495, 44.737966300000004],
     [20.514455100000003, 44.7379079], [20.5142454, 44.7375616],
     [20.5139488, 44.7370789], [20.5138928, 44.7369958],
     [20.5138372, 44.736890900000006],
     [20.513796600000003, 44.736799500000004],
     [20.5137545, 44.7366922], [20.513664600000002, 44.7363561],
     [20.5136004, 44.7362089]]}},
  {"type":"Feature",
   "properties":{},
   "geometry":
   {"type":"LineString",
    "coordinates":
    [[20.5132732, 44.735389500000004],
     [20.5132936, 44.735483300000006], [20.5133291, 44.7356038],
     [20.5133727, 44.7357327], [20.5134215, 44.7358715],
     [20.513504400000002, 44.7360095], [20.5135586, 44.7361145],
     [20.5136004, 44.7362089]]}},
  {"type":"Feature",
   "properties":{},
   "geometry":
   {"type":"LineString",
    "coordinates":
    [[20.5128568, 44.733949800000005],
     [20.5129246, 44.734175400000005],
     [20.513152700000003, 44.7348483], [20.5131972, 44.7349985],
     [20.5132309, 44.7351375], [20.5132528, 44.7352506],
     [20.5132732, 44.735389500000004]]}},
  {"type":"Feature",
   "properties":{},
   "geometry":
   {"type":"LineString",
    "coordinates":
    [[20.5126573, 44.7319619], [20.512519400000002, 44.7322618],
     [20.5124818, 44.7323822],
     [20.512455000000003, 44.732505700000004],
     [20.5124415, 44.7326433], [20.512443, 44.7327687],
     [20.512455300000003, 44.732910600000004], [20.5124731, 44.733001],
     [20.5124979, 44.7330897], [20.5125458, 44.7332138],
     [20.512696400000003, 44.733572200000005],
     [20.5128568, 44.733949800000005]]}},
  {"type":"Feature",
   "properties":{},
   "geometry":
   {"type":"LineString",
    "coordinates":
    [[20.5132467, 44.7300313], [20.513250000000003, 44.7301177],
     [20.513239600000002, 44.730180000000004],
     [20.513097300000002, 44.7306759], [20.5130303, 44.7309093],
     [20.512921900000002, 44.731197400000006],
     [20.512777800000002, 44.731633200000005],
     [20.5126573, 44.7319619]]}},
  {"type":"Feature",
   "properties":{},
   "geometry":
   {"type":"LineString",
    "coordinates":
    [[20.5132467, 44.7300313], [20.5132553, 44.7298289],
     [20.5132471, 44.729698000000006], [20.5132432, 44.729581],
     [20.5130951, 44.729137]]}},
  {"type":"Feature",
   "properties":{},
   "geometry":
   {"type":"LineString",
    "coordinates":
    [[20.5153247, 44.727204500000006],
     [20.514807700000002, 44.7275688],
     [20.514709500000002, 44.727646500000006],
     [20.5141724, 44.728069700000006],
     [20.513796000000003, 44.7283692],
     [20.5133939, 44.728758400000004], [20.5130951, 44.729137]]}},
  {"type":"Feature",
   "properties":{},
   "geometry":
   {"type":"LineString",
    "coordinates":
    [[20.5153247, 44.727204500000006],
     [20.515845300000002, 44.7270133], [20.5161987, 44.7268769],
     [20.5164818, 44.7268668], [20.516988100000003, 44.7270294],
     [20.5171737, 44.7270866],
     [20.517377200000002, 44.727078000000006], [20.517512, 44.7270502],
     [20.517596, 44.7270035], [20.517626500000002, 44.7269536],
     [20.517666300000002, 44.7267747],
     [20.5176309, 44.726266200000005], [20.5176757, 44.7261601],
     [20.517807400000002, 44.726091000000004],
     [20.5183226, 44.7260374], [20.519164, 44.726069]]}},
  {"type":"Feature",
   "properties":{},
   "geometry":
   {"type":"LineString",
    "coordinates":
    [[20.519164, 44.726069], [20.5190525, 44.7256104],
     [20.5185697, 44.7252902], [20.5177221, 44.724962500000004],
     [20.5173466, 44.7246194], [20.5180118, 44.7243908],
     [20.5187092, 44.7241926], [20.5187092, 44.723971500000005],
     [20.517926000000003, 44.7230567],
     [20.5180051, 44.722696600000006], [20.517994400000003, 44.722641],
     [20.5179414, 44.722577900000005], [20.517765, 44.7225308],
     [20.517065000000002, 44.7225364],
     [20.5166171, 44.722424000000004],
     [20.5166894, 44.721856100000004],
     [20.516142300000002, 44.721730300000004],
     [20.516187900000002, 44.721135700000005],
     [20.5162178, 44.720594000000006], [20.516145, 44.7203658],
     [20.5164961, 44.7196572], [20.5166431, 44.719187500000004],
     [20.516863800000003, 44.7188868],
     [20.516928200000002, 44.7186352], [20.5169499, 44.7185573]]}},
  {"type":"Feature",
   "properties":{},
   "geometry":
   {"type":"LineString",
    "coordinates":
    [[20.5172221, 44.716751300000006], [20.5171637, 44.7169114],
     [20.5170372, 44.717441], [20.5165584, 44.7179802],
     [20.516536900000002, 44.7182328],
     [20.5167319, 44.718436800000006], [20.5169499, 44.7185573]]}},
  {"type":"Feature",
   "properties":{},
   "geometry":
   {"type":"LineString",
    "coordinates":
    [[20.5172221, 44.716751300000006], [20.5170217, 44.7167715],
     [20.5170062, 44.716773]]}},
  {"type":"Feature",
   "properties":{},
   "geometry":
   {"type":"LineString",
    "coordinates":
    [[20.5170062, 44.716773], [20.5165191, 44.716822],
     [20.5162511, 44.7168517], [20.515964200000003, 44.7168834]]}},
  {"type":"Feature",
   "properties":{},
   "geometry":
   {"type":"LineString",
    "coordinates":
    [[20.515926800000003, 44.7162431],
     [20.5159433, 44.716526300000005], [20.51596, 44.7168112],
     [20.5159606, 44.7168216], [20.515964200000003, 44.7168834]]}},
  {"type":"Feature",
   "properties":{},
   "geometry":
   {"type":"LineString",
    "coordinates":
    [[20.5171683, 44.714229800000005], [20.5169462, 44.7143895],
     [20.516875000000002, 44.714440700000004],
     [20.5167089, 44.714558800000006],
     [20.5165733, 44.714662700000005], [20.516459, 44.714760500000004],
     [20.516295300000003, 44.7149245], [20.5161982, 44.7150424],
     [20.5161115, 44.715175300000006],
     [20.516046000000003, 44.7152983],
     [20.5159984, 44.715406400000006],
     [20.5159609, 44.715514000000006], [20.5159384, 44.7156018],
     [20.515924400000003, 44.715667200000006],
     [20.5159211, 44.7157174], [20.515915, 44.7158625],
     [20.5159166, 44.716], [20.515926800000003, 44.7162431]]}},
  {"type":"Feature",
   "properties":{},
   "geometry":
   {"type":"LineString",
    "coordinates":
    [[20.5171683, 44.714229800000005],
     [20.517201500000002, 44.714205500000006],
     [20.517227300000002, 44.714186700000006],
     [20.5173846, 44.7140718], [20.5179385, 44.713686100000004],
     [20.518070700000003, 44.7135941],
     [20.518128700000002, 44.7135612], [20.5181897, 44.7135285]]}},
  {"type":"Feature",
   "properties":{},
   "geometry":
   {"type":"LineString",
    "coordinates":
    [[20.5182574, 44.7134457], [20.5182325, 44.713492300000006],
     [20.518212600000002, 44.7135121], [20.5181897, 44.7135285]]}},
  {"type":"Feature",
   "properties":{},
   "geometry":
   {"type":"LineString",
    "coordinates":
    [[20.518259, 44.7129161], [20.5182571, 44.713268400000004],
     [20.5182629, 44.7133977], [20.518260100000003, 44.7134342],
     [20.5182574, 44.7134457]]}},
  {"type":"Feature",
   "properties":{},
   "geometry":
   {"type":"LineString",
    "coordinates":
    [[20.5185384, 44.711196900000004],
     [20.5185131, 44.711694400000006],
     [20.5184816, 44.711854300000006],
     [20.5184485, 44.711952800000006],
     [20.5183877, 44.712065800000005],
     [20.5183472, 44.712174700000006], [20.518319, 44.7122602],
     [20.5183085, 44.7123816], [20.5182612, 44.7128164],
     [20.518259, 44.7129161]]}},
  {"type":"Feature",
   "properties":{},
   "geometry":
   {"type":"LineString",
    "coordinates":
    [[20.5185637, 44.710373100000005],
     [20.518573200000002, 44.710638200000005],
     [20.518555900000003, 44.710965900000005],
     [20.5185384, 44.711196900000004]]}},
  {"type":"Feature",
   "properties":{},
   "geometry":
   {"type":"LineString",
    "coordinates":
    [[20.5200466, 44.7061245], [20.5199946, 44.7061586],
     [20.519970800000003, 44.7061718],
     [20.519934600000003, 44.7061944], [20.519895, 44.7062192],
     [20.5198609, 44.7062394], [20.519308000000002, 44.7065062],
     [20.519226200000002, 44.706551000000005],
     [20.5191364, 44.7066053], [20.5190921, 44.7066406],
     [20.519057200000002, 44.7066778],
     [20.518968700000002, 44.7067922], [20.518923, 44.7068572],
     [20.5188628, 44.7069428], [20.5187823, 44.7070467],
     [20.5186645, 44.7071823], [20.5185518, 44.707280600000004],
     [20.5184237, 44.7073735], [20.518295000000002, 44.7074732],
     [20.5182046, 44.707579100000004],
     [20.5181481, 44.707685000000005], [20.5181173, 44.7078106],
     [20.518105600000002, 44.7079649], [20.5181144, 44.7084106],
     [20.5181144, 44.708473500000004], [20.518097, 44.7085507],
     [20.517903800000003, 44.7089128],
     [20.5178341, 44.709041500000005],
     [20.517824700000002, 44.7091025], [20.5178301, 44.7091645],
     [20.5178476, 44.709197800000005], [20.517878, 44.7092273],
     [20.5180338, 44.709305900000004], [20.5182042, 44.7093847],
     [20.5184348, 44.709491400000005],
     [20.518494500000003, 44.709521900000006],
     [20.5185235, 44.7095557], [20.518541300000003, 44.7096037],
     [20.5185518, 44.7097032], [20.5185557, 44.710152],
     [20.5185637, 44.710373100000005]]}},
  {"type":"Feature",
   "properties":{},
   "geometry":
   {"type":"LineString",
    "coordinates":
    [[20.5189032, 44.705471800000005],
     [20.518966000000002, 44.7054892], [20.5190398, 44.7055145],
     [20.5191337, 44.705556900000005],
     [20.519249000000002, 44.705607400000005],
     [20.5193327, 44.7056485],
     [20.519442100000003, 44.705708400000006],
     [20.5195253, 44.705757000000006],
     [20.5195829, 44.705788500000004],
     [20.519671900000002, 44.705842000000004],
     [20.519785600000002, 44.7059075], [20.5198421, 44.7059452],
     [20.519906600000002, 44.7059902],
     [20.519946100000002, 44.7060265], [20.519971700000003, 44.706051],
     [20.519998100000002, 44.706077900000004],
     [20.5200466, 44.7061245]]}},
  {"type":"Feature",
   "properties":{},
   "geometry":
   {"type":"LineString",
    "coordinates":
    [[20.518953, 44.7049414], [20.5189737, 44.705075300000004],
     [20.518980600000003, 44.705246700000004],
     [20.518965400000003, 44.705320400000005],
     [20.5189528, 44.7053718],
     [20.518938300000002, 44.705401200000004],
     [20.5189032, 44.705471800000005]]}},
  {"type":"Feature",
   "properties":{},
   "geometry":
   {"type":"LineString",
    "coordinates":
    [[20.518953, 44.7049414], [20.518886900000002, 44.704860100000005],
     [20.5188497, 44.704815], [20.5187667, 44.704715]]}},
  {"type":"Feature",
   "properties":{},
   "geometry":
   {"type":"LineString",
    "coordinates":
    [[20.5169497, 44.703618500000005], [20.5171743, 44.7037029],
     [20.517388200000003, 44.703793700000006],
     [20.5175844, 44.703878700000004],
     [20.517823200000002, 44.7039893],
     [20.518086200000003, 44.7041276],
     [20.5182404, 44.704241200000006],
     [20.518354900000002, 44.704338500000006],
     [20.5184995, 44.704489200000005],
     [20.518635500000002, 44.704609000000005],
     [20.5187667, 44.704715]]}},
  {"type":"Feature",
   "properties":{},
   "geometry":
   {"type":"LineString",
    "coordinates":
    [[20.5164857, 44.701362100000004], [20.516414, 44.7015486],
     [20.5164045, 44.701587800000006], [20.5164042, 44.7016452],
     [20.516407700000002, 44.701689200000004],
     [20.5164252, 44.7017382], [20.5164779, 44.701811],
     [20.5167691, 44.7022186], [20.5168566, 44.702375800000006],
     [20.516877700000002, 44.7024151], [20.5168815, 44.7024501],
     [20.5168839, 44.7025036], [20.5168934, 44.702846],
     [20.516901100000002, 44.702929700000006],
     [20.5169506, 44.7031846], [20.516981, 44.7033439],
     [20.516992600000002, 44.7034211], [20.5169959, 44.7034913],
     [20.5169879, 44.7035342], [20.516977200000003, 44.7035666],
     [20.5169497, 44.703618500000005]]}},
  {"type":"Feature",
   "properties":{},
   "geometry":
   {"type":"LineString",
    "coordinates":
    [[20.516762500000002, 44.7001337],
     [20.5167281, 44.700694500000004],
     [20.516702600000002, 44.7008055],
     [20.5166247, 44.700996200000006],
     [20.5164857, 44.701362100000004]]}},
  {"type":"Feature",
   "properties":{},
   "geometry":
   {"type":"LineString",
    "coordinates":
    [[20.516762500000002, 44.7001337],
     [20.516562800000003, 44.7000426],
     [20.516458200000002, 44.6999815], [20.5164125, 44.6999075]]}},
  {"type":"Feature",
   "properties":{},
   "geometry":
   {"type":"LineString",
    "coordinates":
    [[20.5164125, 44.6999075], [20.5163382, 44.6999391],
     [20.5162036, 44.699924], [20.5159668, 44.6999986],
     [20.5156193, 44.7000691], [20.515263, 44.700138100000004],
     [20.5150437, 44.700119300000004],
     [20.514915300000002, 44.7001943], [20.5147829, 44.7002991],
     [20.514701900000002, 44.700433100000005],
     [20.5145604, 44.7004778], [20.5144665, 44.700539500000005],
     [20.514370600000003, 44.700531700000006],
     [20.513975600000002, 44.700506000000004],
     [20.5138441, 44.7004881], [20.5137559, 44.7005295],
     [20.5136881, 44.7006026], [20.5135679, 44.7006394],
     [20.5134082, 44.7006717], [20.5132572, 44.700804500000004],
     [20.5129427, 44.700897000000005],
     [20.512763500000002, 44.7009053], [20.5125759, 44.7008274],
     [20.5125022, 44.7008883], [20.512328800000002, 44.7009083],
     [20.512098, 44.700853], [20.5119137, 44.7008409],
     [20.5117841, 44.7009186], [20.5115777, 44.7008644],
     [20.5112986, 44.7007817], [20.511254700000002, 44.7008147],
     [20.5112349, 44.7008631], [20.5111513, 44.700874500000005],
     [20.511021600000003, 44.7009157]]}},
  {"type":"Feature",
   "properties":{},
   "geometry":
   {"type":"LineString",
    "coordinates":
    [[20.511021600000003, 44.7009157],
     [20.510762500000002, 44.7009489],
     [20.5106727, 44.700996700000005], [20.5105687, 44.7010548],
     [20.5104104, 44.701012600000006], [20.5102394, 44.7010074],
     [20.509960900000003, 44.700989400000005],
     [20.509789400000003, 44.7010165],
     [20.5096364, 44.700999800000005], [20.5095642, 44.7010663],
     [20.5094742, 44.701069100000005],
     [20.509396000000002, 44.701109200000005],
     [20.5092366, 44.7010382], [20.509063, 44.7010136],
     [20.5087879, 44.700940300000006],
     [20.508679400000002, 44.7008741],
     [20.5086081, 44.700798400000004],
     [20.508606200000003, 44.7007489], [20.5086219, 44.7006792],
     [20.5085818, 44.7004505], [20.508467200000002, 44.7003369],
     [20.508480900000002, 44.700176400000004],
     [20.5084334, 44.7000449], [20.5082908, 44.699995],
     [20.508079300000002, 44.699982000000006],
     [20.5077915, 44.699905300000005], [20.5076067, 44.6998393],
     [20.5059298, 44.699232], [20.5052655, 44.6983431],
     [20.5050831, 44.6976578]]}},
  {"type":"Feature",
   "properties":{},
   "geometry":
   {"type":"LineString",
    "coordinates":
    [[20.5050831, 44.6976578], [20.50484, 44.6974822],
     [20.504668300000002, 44.697276300000006],
     [20.504572800000002, 44.697076100000004]]}},
  {"type":"Feature",
   "properties":{},
   "geometry":
   {"type":"LineString",
    "coordinates":
    [[20.504572800000002, 44.697076100000004],
     [20.5046527, 44.6970493], [20.5048934, 44.697115000000004],
     [20.505004800000002, 44.6971204], [20.5051768, 44.6971719]]}},
  {"type":"Feature",
   "properties":{},
   "geometry":
   {"type":"LineString",
    "coordinates":
    [[20.5051768, 44.6971719], [20.505353600000003, 44.6972546],
     [20.5055045, 44.697404500000005], [20.505668, 44.6978169],
     [20.505738400000002, 44.698017], [20.5057198, 44.698143800000004],
     [20.5056961, 44.698278300000005], [20.5057766, 44.6983669]]}},
  {"type":"Feature",
   "properties":{},
   "geometry":
   {"type":"LineString",
    "coordinates":
    [[20.5060797, 44.6976218], [20.5057766, 44.6983669]]}},
  {"type":"Feature",
   "properties":{},
   "geometry":
   {"type":"LineString",
    "coordinates":
    [[20.5064575, 44.6979704], [20.5060797, 44.6976218]]}},
  {"type":"Feature",
   "properties":{},
   "geometry":
   {"type":"LineString",
    "coordinates":
    [[20.508760900000002, 44.6986204],
     [20.508599800000002, 44.6985887], [20.5084386, 44.6985569],
     [20.508082, 44.698471000000005], [20.507788100000003, 44.6984015],
     [20.5075167, 44.6983108], [20.5071517, 44.6981928],
     [20.5067516, 44.6980401], [20.5064575, 44.6979704]]}},
  {"type":"Feature",
   "properties":{},
   "geometry":
   {"type":"LineString",
    "coordinates":
    [[20.508867000000002, 44.6982349],
     [20.508760900000002, 44.6986204]]}},
  {"type":"Feature",
   "properties":{},
   "geometry":
   {"type":"LineString",
    "coordinates":
    [[20.508867000000002, 44.6982349], [20.5089557, 44.6981922],
     [20.5090402, 44.6981514], [20.5092484, 44.697827100000005],
     [20.5094308, 44.697518300000006],
     [20.509602400000002, 44.697361900000004], [20.509699, 44.6971179],
     [20.5100745, 44.696938700000004],
     [20.5101871, 44.696702300000005],
     [20.510551900000003, 44.6965154],
     [20.510830900000002, 44.696309500000005],
     [20.510975700000003, 44.6961493],
     [20.510975700000003, 44.695890000000006],
     [20.511158100000003, 44.6957413], [20.5113144, 44.6956178]]}},
  {"type":"Feature",
   "properties":{},
   "geometry":
   {"type":"LineString",
    "coordinates":
    [[20.5113144, 44.6956178], [20.511527, 44.69576],
     [20.5115683, 44.695891], [20.51178, 44.6960434],
     [20.511972500000002, 44.6961462],
     [20.512131500000002, 44.6961364],
     [20.512199300000002, 44.696009000000004],
     [20.512341000000003, 44.6958938], [20.5125293, 44.6958774]]}},
  {"type":"Feature",
   "properties":{},
   "geometry":
   {"type":"LineString",
    "coordinates":
    [[20.5125293, 44.6958774], [20.5124442, 44.6957911],
     [20.5123611, 44.695659500000005],
     [20.5123675, 44.695538400000004], [20.5124523, 44.6954073],
     [20.512846800000002, 44.695080000000004],
     [20.512936800000002, 44.6950165], [20.5129944, 44.6949759]]}},
  {"type":"Feature",
   "properties":{},
   "geometry":
   {"type":"LineString",
    "coordinates":
    [[20.512931000000002, 44.6938224],
     [20.512938300000002, 44.6939908],
     [20.512921300000002, 44.694146700000005],
     [20.5129138, 44.694334500000004],
     [20.5128939, 44.694575500000006],
     [20.512885400000002, 44.6946774],
     [20.512895500000003, 44.694825300000005],
     [20.5129366, 44.694909700000004], [20.5129944, 44.6949759]]}},
  {"type":"Feature",
   "properties":{},
   "geometry":
   {"type":"LineString",
    "coordinates":
    [[20.5140332, 44.692432100000005],
     [20.513990200000002, 44.6926612],
     [20.513792600000002, 44.692856600000006],
     [20.5134489, 44.693244500000006], [20.5131954, 44.6935437],
     [20.512931000000002, 44.6938224]]}},
  {"type":"Feature",
   "properties":{},
   "geometry":
   {"type":"LineString",
    "coordinates":
    [[20.5139448, 44.692134900000006],
     [20.5139859, 44.692196900000006],
     [20.5140332, 44.692432100000005]]}},
  {"type":"Feature",
   "properties":{},
   "geometry":
   {"type":"LineString",
    "coordinates":
    [[20.5139448, 44.692134900000006],
     [20.513987800000002, 44.6921033], [20.5140153, 44.692047],
     [20.5140211, 44.6919459], [20.5140442, 44.6917532],
     [20.5140527, 44.6916419], [20.5140576, 44.6915418]]}},
  {"type":"Feature",
   "properties":{},
   "geometry":
   {"type":"LineString",
    "coordinates":
    [[20.5140341, 44.691008800000006],
     [20.514068400000003, 44.691131500000004],
     [20.5140576, 44.6915418]]}},
  {"type":"Feature",
   "properties":{},
   "geometry":
   {"type":"LineString",
    "coordinates":
    [[20.513984800000003, 44.690959],
     [20.5140341, 44.691008800000006]]}},
  {"type":"Feature",
   "properties":{},
   "geometry":
   {"type":"LineString",
    "coordinates":
    [[20.513984800000003, 44.690959], [20.5139397, 44.6908283]]}},
  {"type":"Feature",
   "properties":{},
   "geometry":
   {"type":"LineString",
    "coordinates":
    [[20.5139397, 44.6908283], [20.513932, 44.6907781],
     [20.5139324, 44.6907336], [20.5139801, 44.6904613],
     [20.5139912, 44.690415400000006], [20.5140077, 44.6903694],
     [20.514058900000002, 44.6902187], [20.5140697, 44.6901905],
     [20.514055000000003, 44.6900965]]}},
  {"type":"Feature",
   "properties":{},
   "geometry":
   {"type":"LineString",
    "coordinates":
    [[20.514055000000003, 44.6900965],
     [20.514953600000002, 44.689606100000006]]}},
  {"type":"Feature",
   "properties":{},
   "geometry":
   {"type":"LineString",
    "coordinates":
    [[20.514953600000002, 44.689606100000006],
     [20.515548900000002, 44.689279500000005]]}},
  {"type":"Feature",
   "properties":{},
   "geometry":
   {"type":"LineString",
    "coordinates":
    [[20.515548900000002, 44.689279500000005], [20.515388, 44.6891523],
     [20.516092500000003, 44.688743300000006],
     [20.5162577, 44.688887400000006]]}},
  {"type":"Feature",
   "properties":{},
   "geometry":
   {"type":"LineString",
    "coordinates":
    [[20.5162577, 44.688887400000006], [20.5163759, 44.6888127],
     [20.5173048, 44.688226300000004]]}},
  {"type":"Feature",
   "properties":{},
   "geometry":
   {"type":"LineString",
    "coordinates":
    [[20.5173048, 44.688226300000004],
     [20.5174257, 44.688321900000005], [20.5174781, 44.6883855],
     [20.5175169, 44.688436],
     [20.517535300000002, 44.688486100000006]]}},
  {"type":"Feature",
   "properties":{},
   "geometry":
   {"type":"LineString",
    "coordinates":
    [[20.517535300000002, 44.688486100000006],
     [20.5176382, 44.6884628], [20.5179313, 44.688634900000004],
     [20.518185600000002, 44.6886451], [20.518394, 44.6885586],
     [20.5185251, 44.6885382], [20.5187756, 44.6885569],
     [20.5189494, 44.688546900000006], [20.5191202, 44.688498],
     [20.519278, 44.6885342], [20.519385500000002, 44.688613000000004],
     [20.519441, 44.6887465], [20.519435700000002, 44.688962100000005],
     [20.5195192, 44.689101400000006],
     [20.519543900000002, 44.689299000000005],
     [20.519538100000002, 44.6894756], [20.5195617, 44.6896034],
     [20.5196399, 44.6898046], [20.5196842, 44.6899333]]}},
  {"type":"Feature",
   "properties":{},
   "geometry":
   {"type":"LineString",
    "coordinates":
    [[20.5196842, 44.6899333], [20.5197328, 44.6899747],
     [20.519794700000002, 44.6903267],
     [20.5199107, 44.690445800000006], [20.5200572, 44.6905044],
     [20.520289100000003, 44.6905579], [20.5206205, 44.6905665],
     [20.5210447, 44.690483900000004]]}},
  {"type":"Feature",
   "properties":{},
   "geometry":
   {"type":"LineString",
    "coordinates":
    [[20.5210447, 44.690483900000004], [20.5208945, 44.6906923],
     [20.520631700000003, 44.6909135],
     [20.520342000000003, 44.6910241],
     [20.5200265, 44.691069000000006], [20.5200181, 44.6910717],
     [20.5192109, 44.691037900000005],
     [20.518553500000003, 44.6907973],
     [20.518318500000003, 44.690767300000005], [20.5180486, 44.690865],
     [20.517881600000003, 44.6910297], [20.517976, 44.6912729],
     [20.5178857, 44.6913671], [20.517609200000003, 44.6913649],
     [20.5175071, 44.691409500000006], [20.517485, 44.6915251],
     [20.5173308, 44.6916072], [20.517362000000002, 44.6916561],
     [20.5175392, 44.6916631], [20.5175702, 44.6916649],
     [20.517603, 44.6916712], [20.51763, 44.691679]]}},
  {"type":"Feature",
   "properties":{},
   "geometry":
   {"type":"LineString",
    "coordinates":
    [[20.51763, 44.691679], [20.517740200000002, 44.69191],
     [20.517783, 44.692176200000006], [20.5176926, 44.6925575],
     [20.517563600000003, 44.692798800000006],
     [20.5172774, 44.6929024]]}},
  {"type":"Feature",
   "properties":{},
   "geometry":
   {"type":"LineString",
    "coordinates":
    [[20.5172774, 44.6929024], [20.517226700000002, 44.6928762],
     [20.517208, 44.692865100000006],
     [20.517130700000003, 44.692820100000006]]}},
  {"type":"Feature",
   "properties":{},
   "geometry":
   {"type":"LineString",
    "coordinates":
    [[20.517130700000003, 44.692820100000006],
     [20.5170746, 44.6929565],
     [20.516949800000003, 44.693069400000006],
     [20.516921500000002, 44.6932186],
     [20.516853400000002, 44.6933798],
     [20.5167797, 44.693581300000005], [20.5165639, 44.6936971],
     [20.516476, 44.6938319], [20.516426000000003, 44.6939495],
     [20.516411100000003, 44.6940892], [20.5163318, 44.694319],
     [20.5164933, 44.6945254], [20.5168028, 44.6944917],
     [20.5170742, 44.694508400000004]]}},
  {"type":"Feature",
   "properties":{},
   "geometry":
   {"type":"LineString",
    "coordinates":
    [[20.5170742, 44.694508400000004],
     [20.5172087, 44.694478600000004],
     [20.517531400000003, 44.6942171], [20.5175443, 44.6941208],
     [20.5178347, 44.6938547], [20.518067000000002, 44.6937263],
     [20.5183107, 44.6935249]]}},
  {"type":"Feature",
   "properties":{},
   "geometry":
   {"type":"LineString",
    "coordinates":
    [[20.5186087, 44.692080000000004],
     [20.518735200000002, 44.692491000000004],
     [20.5186177, 44.692914900000005], [20.5184903, 44.6931676],
     [20.5183107, 44.6935249]]}},
  {"type":"Feature",
   "properties":{},
   "geometry":
   {"type":"LineString",
    "coordinates":
    [[20.5190009, 44.692351200000004],
     [20.5186087, 44.692080000000004]]}},
  {"type":"Feature",
   "properties":{},
   "geometry":
   {"type":"LineString",
    "coordinates":
    [[20.5202046, 44.694399600000004],
     [20.520234900000002, 44.6941779], [20.5201499, 44.6940017],
     [20.519988100000003, 44.6937532],
     [20.519223800000002, 44.6926883],
     [20.5190009, 44.692351200000004]]}},
  {"type":"Feature",
   "properties":{},
   "geometry":
   {"type":"LineString",
    "coordinates":
    [[20.5202972, 44.694636700000004], [20.520228900000003, 44.694552],
     [20.5202046, 44.694399600000004]]}},
  {"type":"Feature",
   "properties":{},
   "geometry":
   {"type":"LineString",
    "coordinates":
    [[20.5202972, 44.694636700000004], [20.5205802, 44.694884]]}},
  {"type":"Feature",
   "properties":{},
   "geometry":
   {"type":"LineString",
    "coordinates":
    [[20.520835100000003, 44.6950702], [20.5205802, 44.694884]]}},
  {"type":"Feature",
   "properties":{},
   "geometry":
   {"type":"LineString",
    "coordinates":
    [[20.521375600000002, 44.6952355],
     [20.521233300000002, 44.695178000000006],
     [20.521089800000002, 44.695154800000005], [20.520868, 44.6950821],
     [20.520835100000003, 44.6950702]]}},
  {"type":"Feature",
   "properties":{},
   "geometry":
   {"type":"LineString",
    "coordinates":
    [[20.521258500000002, 44.6954828],
     [20.521375600000002, 44.6952355]]}},
  {"type":"Feature",
   "properties":{},
   "geometry":
   {"type":"LineString",
    "coordinates":
    [[20.5213354, 44.695539700000005],
     [20.521258500000002, 44.6954828]]}},
  {"type":"Feature",
   "properties":{},
   "geometry":
   {"type":"LineString",
    "coordinates":
    [[20.5213354, 44.695539700000005],
     [20.521450400000003, 44.6955782], [20.5215782, 44.6956186],
     [20.5217239, 44.6956605], [20.522219800000002, 44.6957979]]}},
  {"type":"Feature",
   "properties":{},
   "geometry":
   {"type":"LineString",
    "coordinates":
    [[20.522219800000002, 44.6957979],
     [20.522424100000002, 44.6958556],
     [20.522482200000002, 44.6958892], [20.5225164, 44.695922],
     [20.522656100000003, 44.696139300000006]]}},
  {"type":"Feature",
   "properties":{},
   "geometry":
   {"type":"LineString",
    "coordinates":
    [[20.522656100000003, 44.696139300000006],
     [20.5227064, 44.696183000000005],
     [20.522796200000002, 44.6962264],
     [20.523123700000003, 44.6963293],
     [20.523243400000002, 44.696378900000006],
     [20.523357500000003, 44.696448200000006],
     [20.523563300000003, 44.6966229], [20.523762, 44.696832400000005],
     [20.5238155, 44.696883400000004], [20.5238972, 44.6969482],
     [20.524, 44.697017900000006], [20.524189200000002, 44.6971421],
     [20.524310500000002, 44.697232], [20.5245156, 44.6974123],
     [20.524623400000003, 44.697510900000005],
     [20.5247537, 44.6976365]]}},
  {"type":"Feature",
   "properties":{},
   "geometry":
   {"type":"LineString",
    "coordinates":
    [[20.5247537, 44.6976365], [20.525924, 44.697334700000006],
     [20.5261956, 44.6971202], [20.526473900000003, 44.6968011],
     [20.5267862, 44.696621], [20.5268838, 44.696527100000004],
     [20.5271931, 44.696148300000004],
     [20.527256100000002, 44.695898400000004],
     [20.5274894, 44.695789700000006], [20.5287039, 44.6956557],
     [20.528944300000003, 44.695509400000006],
     [20.529220600000002, 44.6953413]]}},
  {"type":"Feature",
   "properties":{},
   "geometry":
   {"type":"LineString",
    "coordinates":
    [[20.533644900000002, 44.6959281],
     [20.5335629, 44.695933700000005],
     [20.533474400000003, 44.6958975],
     [20.533343000000002, 44.695823100000005],
     [20.533187400000003, 44.6957163], [20.5329771, 44.6956147],
     [20.531429300000003, 44.695307], [20.5308108, 44.695252800000006],
     [20.5305539, 44.695230300000006],
     [20.530072800000003, 44.695188200000004],
     [20.529220600000002, 44.6953413]]}},
  {"type":"Feature",
   "properties":{},
   "geometry":
   {"type":"LineString",
    "coordinates":
    [[20.5331058, 44.695377300000004],
     [20.5330878, 44.695411500000006],
     [20.5330838, 44.695460100000005],
     [20.5330951, 44.695511700000004],
     [20.5331447, 44.695573700000004],
     [20.533238100000002, 44.6956507], [20.5333641, 44.6957442],
     [20.533644900000002, 44.6959281]]}},
  {"type":"Feature",
   "properties":{},
   "geometry":
   {"type":"LineString",
    "coordinates":
    [[20.539455, 44.6965285], [20.5394325, 44.696522800000004],
     [20.539403800000002, 44.696518700000006], [20.5393475, 44.696513],
     [20.539235400000003, 44.696506], [20.538809, 44.6964777],
     [20.5385066, 44.696453500000004],
     [20.5382135, 44.696428600000004],
     [20.537771000000003, 44.696388600000006],
     [20.537155900000002, 44.6963382],
     [20.537028000000003, 44.696327600000004],
     [20.5367576, 44.6963068], [20.536632400000002, 44.6962933],
     [20.536509000000002, 44.6962733], [20.5363459, 44.6962391],
     [20.536189800000002, 44.6961894],
     [20.5360383, 44.696137900000004],
     [20.535723100000002, 44.6960235], [20.5349681, 44.6957566],
     [20.53359, 44.695357300000005], [20.533426300000002, 44.6953182],
     [20.5333498, 44.695308600000004],
     [20.533258200000002, 44.695310400000004],
     [20.533203200000003, 44.6953247], [20.5331487, 44.6953429],
     [20.5331058, 44.695377300000004]]}},
  {"type":"Feature",
   "properties":{},
   "geometry":
   {"type":"LineString",
    "coordinates":
    [[20.539765900000003, 44.6967161], [20.5395982, 44.6965876],
     [20.539558, 44.6965652], [20.5394997, 44.6965419],
     [20.539455, 44.6965285]]}},
  {"type":"Feature",
   "properties":{},
   "geometry":
   {"type":"LineString",
    "coordinates":
    [[20.5399819, 44.6968832], [20.539765900000003, 44.6967161]]}},
  {"type":"Feature",
   "properties":{},
   "geometry":
   {"type":"LineString",
    "coordinates":
    [[20.540976200000003, 44.697888400000004],
     [20.5408663, 44.6976918],
     [20.540780400000003, 44.697560200000005],
     [20.5406838, 44.6974425], [20.5406061, 44.6973715],
     [20.540490700000003, 44.697278000000004],
     [20.5402466, 44.6970879], [20.5399819, 44.6968832]]}},
  {"type":"Feature",
   "properties":{},
   "geometry":
   {"type":"LineString",
    "coordinates":
    [[20.546375100000002, 44.7041838],
     [20.5463095, 44.704155300000004],
     [20.5461902, 44.704092900000006], [20.5460372, 44.7040086],
     [20.5457232, 44.7038145], [20.545176100000003, 44.7034189],
     [20.5450112, 44.7033013], [20.544932600000003, 44.7032456],
     [20.5446928, 44.7030424], [20.5446122, 44.7029456],
     [20.544351000000002, 44.7025377], [20.544185300000002, 44.702277],
     [20.544052800000003, 44.702066300000006],
     [20.5436693, 44.701579200000005],
     [20.543598000000003, 44.7014821], [20.5434224, 44.7012024],
     [20.543282100000003, 44.700948100000005], [20.543122, 44.70067],
     [20.5429333, 44.7003434], [20.5427722, 44.7001348],
     [20.5424906, 44.6998399], [20.542232600000002, 44.6996094],
     [20.5420373, 44.6994513], [20.5419284, 44.6993548],
     [20.5417899, 44.6992272], [20.5416378, 44.6990391],
     [20.5414381, 44.6987687], [20.5413445, 44.6986046],
     [20.540976200000003, 44.697888400000004]]}},
  {"type":"Feature",
   "properties":{},
   "geometry":
   {"type":"LineString",
    "coordinates":
    [[20.548905400000002, 44.7060704], [20.548437, 44.7057299],
     [20.548107400000003, 44.7054903],
     [20.547045200000003, 44.7045448],
     [20.546915600000002, 44.7044566], [20.5465152, 44.7042475],
     [20.5464743, 44.7042268], [20.546375100000002, 44.7041838]]}},
  {"type":"Feature",
   "properties":{},
   "geometry":
   {"type":"LineString",
    "coordinates":
    [[20.548905400000002, 44.7060704],
     [20.549860000000002, 44.7067263], [20.5502164, 44.7069824],
     [20.550335500000003, 44.707068], [20.550923100000002, 44.7076039],
     [20.551554300000003, 44.7078961], [20.5518778, 44.7081351],
     [20.5522195, 44.708384200000005],
     [20.553084400000003, 44.708818900000004], [20.5535199, 44.709052],
     [20.553845900000002, 44.7091307],
     [20.553996700000003, 44.7091452],
     [20.5541944, 44.709164200000004], [20.5554929, 44.7092156],
     [20.5556796, 44.7092358], [20.556226300000002, 44.7093708],
     [20.5564363, 44.709354100000006], [20.5574704, 44.7089915],
     [20.557656100000003, 44.7089506], [20.5580223, 44.7089075],
     [20.5586895, 44.708795800000004],
     [20.559599000000002, 44.708589800000006],
     [20.5603336, 44.708394600000005],
     [20.560684300000002, 44.708314400000006],
     [20.5612937, 44.7082136], [20.561834, 44.708102800000006],
     [20.561932600000002, 44.7081061], [20.5622124, 44.7081582],
     [20.562647400000003, 44.7081947],
     [20.562716400000003, 44.7081845]]}},
  {"type":"Feature",
   "properties":{},
   "geometry":
   {"type":"LineString",
    "coordinates":
    [[20.5649476, 44.709777800000005],
     [20.564886700000002, 44.7097211],
     [20.5648123, 44.709664000000004], [20.5645226, 44.7094619],
     [20.5644475, 44.709374200000006], [20.564277, 44.7093593],
     [20.5642201, 44.7093226],
     [20.564135200000003, 44.709264700000006],
     [20.564102000000002, 44.709242], [20.5640861, 44.709125400000005],
     [20.5631239, 44.708386100000006], [20.5628876, 44.7082368],
     [20.562716400000003, 44.7081845]]}},
  {"type":"Feature",
   "properties":{},
   "geometry":
   {"type":"LineString",
    "coordinates":
    [[20.5649476, 44.709777800000005], [20.5649787, 44.7097556],
     [20.5650575, 44.7097016], [20.565091600000002, 44.7096816]]}},
  {"type":"Feature",
   "properties":{},
   "geometry":
   {"type":"LineString",
    "coordinates":
    [[20.565091600000002, 44.7096816],
     [20.5651242, 44.709698700000004], [20.5651751, 44.7097135],
     [20.565241500000003, 44.7097235],
     [20.5653092, 44.709723000000004],
     [20.565367900000002, 44.7097228],
     [20.565417200000002, 44.7097287], [20.5655037, 44.709729],
     [20.565587800000003, 44.709717100000006],
     [20.5656424, 44.7096997]]}},
  {"type":"Feature",
   "properties":{},
   "geometry":
   {"type":"LineString",
    "coordinates":
    [[20.5656424, 44.7096997], [20.5656661, 44.709742000000006],
     [20.5656824, 44.7097719], [20.565706900000002, 44.7097945],
     [20.565740400000003, 44.7098231],
     [20.5657791, 44.709861000000004]]}},
  {"type":"Feature",
   "properties":{},
   "geometry":
   {"type":"LineString",
    "coordinates":
    [[20.5666754, 44.709171100000006],
     [20.566405500000002, 44.7093952],
     [20.5657791, 44.709861000000004]]}},
  {"type":"Feature",
   "properties":{},
   "geometry":
   {"type":"LineString",
    "coordinates":
    [[20.5669387, 44.7092557], [20.5667666, 44.7092223],
     [20.5666754, 44.709171100000006]]}},
  {"type":"Feature",
   "properties":{},
   "geometry":
   {"type":"LineString",
    "coordinates":
    [[20.5669387, 44.7092557], [20.567214, 44.7093975]]}},
  {"type":"Feature",
   "properties":{},
   "geometry":
   {"type":"LineString",
    "coordinates":
    [[20.5675862, 44.7096092], [20.567214, 44.7093975]]}},
  {"type":"Feature",
   "properties":{},
   "geometry":
   {"type":"LineString",
    "coordinates":
    [[20.5675862, 44.7096092], [20.5675896, 44.7096692],
     [20.567565100000003, 44.7097302],
     [20.5673827, 44.709922000000006], [20.5671867, 44.7100997]]}},
  {"type":"Feature",
   "properties":{},
   "geometry":
   {"type":"LineString",
    "coordinates":
    [[20.5671867, 44.7100997], [20.5672411, 44.710169900000004],
     [20.5674891, 44.710487900000004], [20.5676083, 44.7108366],
     [20.5678182, 44.7113468], [20.567855700000003, 44.7114549],
     [20.567974200000002, 44.7116266], [20.5680441, 44.7116844],
     [20.5681087, 44.711704600000004], [20.5681671, 44.7116914],
     [20.568739800000003, 44.7114567]]}},
  {"type":"Feature",
   "properties":{},
   "geometry":
   {"type":"LineString",
    "coordinates":
    [[20.568739800000003, 44.7114567],
     [20.568674400000003, 44.711549600000005],
     [20.568536400000003, 44.7120423], [20.5684928, 44.7122966],
     [20.5684569, 44.7127445], [20.5684143, 44.7129812],
     [20.568404100000002, 44.713114100000006],
     [20.568409300000003, 44.713249100000006],
     [20.5684608, 44.713486100000004],
     [20.5685343, 44.714041200000004],
     [20.568657400000003, 44.7145446], [20.5687658, 44.7148235],
     [20.5688424, 44.715080300000004], [20.5689487, 44.7152304],
     [20.569071700000002, 44.715361], [20.569313, 44.7155891],
     [20.569376400000003, 44.715709200000006],
     [20.5694512, 44.7158086], [20.569561, 44.7159187]]}},
  {"type":"Feature",
   "properties":{},
   "geometry":
   {"type":"LineString",
    "coordinates":
    [[20.5697738, 44.715963800000004],
     [20.5696552, 44.715949900000005], [20.569561, 44.7159187]]}},
  {"type":"Feature",
   "properties":{},
   "geometry":
   {"type":"LineString",
    "coordinates":
    [[20.570651700000003, 44.7161215], [20.5702237, 44.7160342],
     [20.5700641, 44.7160202], [20.5699419, 44.7160195],
     [20.5697738, 44.715963800000004]]}},
  {"type":"Feature",
   "properties":{},
   "geometry":
   {"type":"LineString",
    "coordinates":
    [[20.5732976, 44.7174575], [20.5732126, 44.717289300000004],
     [20.5731116, 44.717123900000004],
     [20.5729735, 44.716983400000004],
     [20.572797100000003, 44.716860000000004],
     [20.572562400000002, 44.716769600000006],
     [20.5722081, 44.7166409], [20.5717773, 44.716522000000005],
     [20.5714258, 44.7164233], [20.5710254, 44.716284300000005],
     [20.570651700000003, 44.7161215]]}},
  {"type":"Feature",
   "properties":{},
   "geometry":
   {"type":"LineString",
    "coordinates":
    [[20.5734593, 44.717633400000004], [20.5732976, 44.7174575]]}},
  {"type":"Feature",
   "properties":{},
   "geometry":
   {"type":"LineString",
    "coordinates":
    [[20.578015200000003, 44.718693900000005],
     [20.5779542, 44.718587500000005],
     [20.5778004, 44.718466500000005], [20.5775724, 44.7183329],
     [20.5773172, 44.718212400000006],
     [20.576965400000002, 44.7180126],
     [20.5767394, 44.717910100000005],
     [20.5764134, 44.717820800000005], [20.5761919, 44.717806],
     [20.5759894, 44.7178156], [20.575704700000003, 44.717846],
     [20.574599000000003, 44.7180006], [20.5742963, 44.7180552],
     [20.574075, 44.718068300000006], [20.573945000000002, 44.7180437],
     [20.573865700000002, 44.717989], [20.5737892, 44.7179121],
     [20.5734593, 44.717633400000004]]}},
  {"type":"Feature",
   "properties":{},
   "geometry":
   {"type":"LineString",
    "coordinates":
    [[20.578015200000003, 44.718693900000005],
     [20.578042200000002, 44.718803400000006],
     [20.578051900000002, 44.7189805],
     [20.577988400000002, 44.7193289]]}},
  {"type":"Feature",
   "properties":{},
   "geometry":
   {"type":"LineString",
    "coordinates":
    [[20.577988400000002, 44.7193289], [20.5779234, 44.7196913],
     [20.577901400000002, 44.719883200000005],
     [20.577899600000002, 44.719937900000005],
     [20.5779156, 44.7200063], [20.577996900000002, 44.7201305],
     [20.5781791, 44.720424200000004], [20.5783299, 44.7206981],
     [20.5784282, 44.7209403], [20.5785081, 44.721149600000004],
     [20.5786984, 44.7214183], [20.5787349, 44.7214728],
     [20.578803200000003, 44.7215197]]}},
  {"type":"Feature",
   "properties":{},
   "geometry":
   {"type":"LineString",
    "coordinates":
    [[20.578803200000003, 44.7215197],
     [20.578780000000002, 44.7215879],
     [20.5787707, 44.721649600000006],
     [20.578767900000003, 44.721783900000005],
     [20.578766700000003, 44.721878700000005],
     [20.5787374, 44.722251400000005],
     [20.578674600000003, 44.7224001]]}},
  {"type":"Feature",
   "properties":{},
   "geometry":
   {"type":"LineString",
    "coordinates":
    [[20.578668200000003, 44.724409400000006], [20.578755, 44.7242642],
     [20.5788479, 44.724054900000006], [20.578885, 44.7238814],
     [20.5789143, 44.723716200000005], [20.5789651, 44.7235844],
     [20.578987700000003, 44.7234138],
     [20.5790259, 44.723150700000005],
     [20.579040900000003, 44.7229838], [20.5790286, 44.7228277],
     [20.578985000000003, 44.7226632],
     [20.5789353, 44.722534800000005],
     [20.5789055, 44.722491500000004], [20.5788699, 44.7224565],
     [20.5787905, 44.722424200000006],
     [20.578674600000003, 44.7224001]]}},
  {"type":"Feature",
   "properties":{},
   "geometry":
   {"type":"LineString",
    "coordinates":
    [[20.5823915, 44.722411400000006],
     [20.582128400000002, 44.7223631],
     [20.5818562, 44.722312200000005],
     [20.581494600000003, 44.7222127], [20.5812108, 44.7221588],
     [20.5810974, 44.7221613],
     [20.580929400000002, 44.722208800000004],
     [20.5808585, 44.722245900000004],
     [20.5806569, 44.722372500000006],
     [20.580462400000002, 44.7225211],
     [20.579790300000003, 44.7231247],
     [20.579562600000003, 44.7234135],
     [20.579501500000003, 44.723499800000006],
     [20.5794597, 44.723612700000004],
     [20.579438800000002, 44.723738700000006],
     [20.579367700000002, 44.7239098], [20.5792757, 44.7240448],
     [20.579133600000002, 44.724233600000005],
     [20.579034800000002, 44.7243142],
     [20.578968200000002, 44.7243505],
     [20.578904700000002, 44.724375300000005],
     [20.5787823, 44.7243999],
     [20.578668200000003, 44.724409400000006]]}},
  {"type":"Feature",
   "properties":{},
   "geometry":
   {"type":"LineString",
    "coordinates":
    [[20.5823915, 44.722411400000006],
     [20.5823922, 44.722697600000004], [20.5823332, 44.7232902],
     [20.5823788, 44.7234598], [20.5823305, 44.723658],
     [20.582352, 44.7238562]]}},
  {"type":"Feature",
   "properties":{},
   "geometry":
   {"type":"LineString",
    "coordinates":
    [[20.5832869, 44.7242632], [20.5833075, 44.724242600000004],
     [20.5832973, 44.7242023], [20.583258800000003, 44.7241488],
     [20.5831358, 44.7240856], [20.5829773, 44.7240267],
     [20.582794200000002, 44.723964800000005],
     [20.582598700000002, 44.723924800000006],
     [20.582352, 44.7238562]]}},
  {"type":"Feature",
   "properties":{},
   "geometry":
   {"type":"LineString",
    "coordinates":
    [[20.5832869, 44.7242632], [20.5834879, 44.724290200000006],
     [20.583600500000003, 44.7243112],
     [20.583698400000003, 44.7243207], [20.5838407, 44.7243202],
     [20.5839828, 44.7243264], [20.584112100000002, 44.7243379],
     [20.5842403, 44.724355], [20.584414600000002, 44.7243645],
     [20.5847833, 44.7243635], [20.585392000000002, 44.7243201],
     [20.586067, 44.7242898], [20.5863188, 44.7242741],
     [20.5865385, 44.724248800000005], [20.5867857, 44.724214],
     [20.586836, 44.724207400000004], [20.5868849, 44.7241968],
     [20.586937600000002, 44.724180100000005],
     [20.586986800000002, 44.724158700000004],
     [20.5870369, 44.724139300000004], [20.5870888, 44.7241225],
     [20.5871746, 44.7241015], [20.5873704, 44.724074900000005],
     [20.587880000000002, 44.7240291], [20.5881, 44.724004300000004],
     [20.588191300000002, 44.723996500000005],
     [20.5882817, 44.7239845], [20.5883709, 44.7239681],
     [20.5884563, 44.7239482], [20.588539800000003, 44.7239243],
     [20.588598, 44.7238945], [20.588652500000002, 44.723861400000004],
     [20.588726, 44.7238063], [20.588789300000002, 44.7237452],
     [20.5888671, 44.723636500000005], [20.5888969, 44.7235888],
     [20.588936800000003, 44.723543500000005], [20.588977, 44.7235012],
     [20.5890363, 44.7234555], [20.589103100000003, 44.7234155],
     [20.589241100000002, 44.723334200000004], [20.589382, 44.7232554],
     [20.5896277, 44.723127700000006], [20.5898809, 44.7230076],
     [20.5899228, 44.7229802], [20.5899721, 44.72296],
     [20.590019400000003, 44.7229491], [20.5900687, 44.7229448],
     [20.5902028, 44.722940900000005], [20.5902372, 44.7229394],
     [20.5902715, 44.722942], [20.5903047, 44.7229486],
     [20.5903326, 44.7229576], [20.5903503, 44.7229644]]}},
  {"type":"Feature",
   "properties":{},
   "geometry":
   {"type":"LineString",
    "coordinates":
    [[20.5938272, 44.723696100000005],
     [20.5936816, 44.723665100000005],
     [20.593442900000003, 44.7235813],
     [20.593174700000002, 44.7234898],
     [20.593041600000003, 44.723453400000004],
     [20.5929065, 44.723421200000004], [20.5927134, 44.7233831],
     [20.5921501, 44.7233236], [20.5913937, 44.723236400000005],
     [20.5909806, 44.723185900000004], [20.5908221, 44.7231601],
     [20.5906786, 44.723118500000005],
     [20.590554400000002, 44.7230627], [20.5903503, 44.7229644]]}},
  {"type":"Feature",
   "properties":{},
   "geometry":
   {"type":"LineString",
    "coordinates":
    [[20.6038304, 44.727644000000005],
     [20.603279200000003, 44.7273268],
     [20.602734100000003, 44.727002600000006],
     [20.602301800000003, 44.726736200000005],
     [20.6022682, 44.7267005], [20.6022533, 44.726659500000004],
     [20.6022445, 44.726613500000006],
     [20.602201400000002, 44.7264459], [20.6021883, 44.7264179],
     [20.602173500000003, 44.726401900000006],
     [20.6021514, 44.726386000000005], [20.602130600000002, 44.726376],
     [20.6020225, 44.7263375],
     [20.601580000000002, 44.726156800000005],
     [20.6005264, 44.7257064], [20.600359700000002, 44.7256371],
     [20.600152400000002, 44.725563400000006],
     [20.5996971, 44.7254118],
     [20.599528000000003, 44.725344400000004],
     [20.5989226, 44.7250796], [20.5984054, 44.7248363],
     [20.5978654, 44.7245945], [20.5976983, 44.724530200000004],
     [20.597535500000003, 44.724482], [20.5971756, 44.724409900000005],
     [20.5970623, 44.724382000000006],
     [20.5968582, 44.724316200000004],
     [20.596741400000003, 44.724301700000005],
     [20.596505200000003, 44.724289500000005],
     [20.5962874, 44.7242635], [20.5961305, 44.7242321],
     [20.5960168, 44.724200700000004],
     [20.595929400000003, 44.724167300000005],
     [20.595759, 44.724116800000004], [20.5955565, 44.724063400000006],
     [20.5952816, 44.724006300000006], [20.5951448, 44.7239774],
     [20.5938272, 44.723696100000005]]}},
  {"type":"Feature",
   "properties":{},
   "geometry":
   {"type":"LineString",
    "coordinates":
    [[20.6041661, 44.7286675], [20.6041411, 44.7286274],
     [20.604081500000003, 44.7284274],
     [20.603937600000002, 44.7280438], [20.6038022, 44.7277557],
     [20.603793800000002, 44.7277203],
     [20.603807200000002, 44.7276795],
     [20.6038304, 44.727644000000005]]}},
  {"type":"Feature",
   "properties":{},
   "geometry":
   {"type":"LineString",
    "coordinates":
    [[20.609725400000002, 44.736027400000005],
     [20.6095468, 44.7360063], [20.6092596, 44.735979900000004],
     [20.6090512, 44.735943500000005], [20.6088606, 44.735885],
     [20.608579300000002, 44.7357937],
     [20.608373200000003, 44.7357339], [20.6081106, 44.735711],
     [20.607911100000003, 44.735709500000006],
     [20.6077331, 44.7357207], [20.6075808, 44.7357205],
     [20.6074327, 44.7357146], [20.6073542, 44.7357043],
     [20.6072321, 44.7356795], [20.607063200000002, 44.7356434],
     [20.6069232, 44.7356014],
     [20.606850400000003, 44.735572000000005], [20.606729, 44.7355139],
     [20.606631800000002, 44.7354531], [20.6065592, 44.7354004],
     [20.6062856, 44.7351783], [20.6060301, 44.7349716],
     [20.605824700000003, 44.7347824], [20.6057649, 44.7347315],
     [20.6056391, 44.734615700000006], [20.6055145, 44.7344689],
     [20.6053627, 44.7342925], [20.6052484, 44.7342038],
     [20.605062200000003, 44.7340638],
     [20.6047891, 44.733857900000004], [20.6047653, 44.7338402],
     [20.604706800000002, 44.733789400000006],
     [20.6045057, 44.7336274], [20.6044386, 44.7335598],
     [20.6043957, 44.7335112], [20.6043568, 44.733448300000006],
     [20.604314600000002, 44.733368600000006],
     [20.604167800000003, 44.732912000000006],
     [20.6040296, 44.732575700000005],
     [20.603910300000003, 44.732254600000005],
     [20.6038271, 44.731981100000006],
     [20.603803000000003, 44.731863000000004],
     [20.603807, 44.731790600000004], [20.6038308, 44.731689],
     [20.603884800000003, 44.731517200000006],
     [20.603907600000003, 44.7314152], [20.603915, 44.7312949],
     [20.603890500000002, 44.7311877],
     [20.6038539, 44.731093200000004], [20.603811, 44.7309788],
     [20.6037272, 44.7308247], [20.603693, 44.7307387],
     [20.6036758, 44.730662300000006],
     [20.603659500000003, 44.730571100000006],
     [20.6036514, 44.730426300000005],
     [20.603640600000002, 44.730272500000005], [20.603638, 44.7301615],
     [20.603649800000003, 44.7300582], [20.6036836, 44.7299394],
     [20.603748, 44.7297937], [20.6038387, 44.7295529],
     [20.603929, 44.729340400000005], [20.6040457, 44.729072900000006],
     [20.6040792, 44.7289685], [20.604093900000002, 44.7288428],
     [20.6041235, 44.728742700000005], [20.6041661, 44.7286675]]}},
  {"type":"Feature",
   "properties":{},
   "geometry":
   {"type":"LineString",
    "coordinates":
    [[20.610043, 44.736220800000005], [20.6099935, 44.7361415],
     [20.6099313, 44.736083300000004], [20.6098475, 44.7360546],
     [20.609725400000002, 44.736027400000005]]}},
  {"type":"Feature",
   "properties":{},
   "geometry":
   {"type":"LineString",
    "coordinates":
    [[20.609453600000002, 44.736759400000004],
     [20.6094879, 44.7366875], [20.609518700000002, 44.7366256],
     [20.6095751, 44.7365541], [20.609628700000002, 44.7364941],
     [20.6097247, 44.7364246], [20.6099269, 44.7362903],
     [20.610043, 44.736220800000005]]}},
  {"type":"Feature",
   "properties":{},
   "geometry":
   {"type":"LineString",
    "coordinates":
    [[20.609242400000003, 44.7372809],
     [20.609336300000002, 44.737044700000006],
     [20.609414100000002, 44.736840900000004],
     [20.609453600000002, 44.736759400000004]]}},
  {"type":"Feature",
   "properties":{},
   "geometry":
   {"type":"LineString",
    "coordinates":
    [[20.6091492, 44.737482400000005],
     [20.609242400000003, 44.7372809]]}},
  {"type":"Feature",
   "properties":{},
   "geometry":
   {"type":"LineString",
    "coordinates":
    [[20.6086217, 44.738683], [20.6086554, 44.738605500000006],
     [20.6089515, 44.7379164], [20.6091278, 44.7375294],
     [20.6091492, 44.737482400000005]]}},
  {"type":"Feature",
   "properties":{},
   "geometry":
   {"type":"LineString",
    "coordinates":
    [[20.6063566, 44.7423207], [20.6064542, 44.742220100000004],
     [20.606513800000002, 44.7421543],
     [20.606555800000002, 44.742110200000006],
     [20.606646100000003, 44.7420154],
     [20.6066881, 44.741966700000006], [20.6067761, 44.7418649],
     [20.6069277, 44.741683], [20.6070458, 44.7415486],
     [20.6073191, 44.741209700000006],
     [20.6075379, 44.740940900000005], [20.6076398, 44.7408123],
     [20.607698900000003, 44.7407266], [20.6077392, 44.7406638],
     [20.607799500000002, 44.740569400000005],
     [20.607849, 44.740488400000004], [20.607897, 44.7403929],
     [20.607941200000003, 44.740298700000004],
     [20.6080529, 44.7400607], [20.608191400000003, 44.7397111],
     [20.608211800000003, 44.739659700000004],
     [20.6083663, 44.7392702], [20.6086217, 44.738683]]}},
  {"type":"Feature",
   "properties":{},
   "geometry":
   {"type":"LineString",
    "coordinates":
    [[20.6061346, 44.7425538], [20.6063566, 44.7423207]]}},
  {"type":"Feature",
   "properties":{},
   "geometry":
   {"type":"LineString",
    "coordinates":
    [[20.603971700000002, 44.7439296],
     [20.6040481, 44.743909200000004], [20.6041765, 44.7438749],
     [20.604376000000002, 44.7438086], [20.6045331, 44.7437558],
     [20.6046331, 44.743717600000004],
     [20.604808600000002, 44.743645400000005],
     [20.604944200000002, 44.743580400000006],
     [20.605084700000003, 44.743496], [20.6051226, 44.74347],
     [20.6051903, 44.7434243], [20.6052952, 44.7433489],
     [20.605384800000003, 44.7432737],
     [20.605631900000002, 44.7430472],
     [20.6057543, 44.742926700000005],
     [20.6058555, 44.742825700000004], [20.605891, 44.7427879],
     [20.6061346, 44.7425538]]}},
  {"type":"Feature",
   "properties":{},
   "geometry":
   {"type":"LineString",
    "coordinates":
    [[20.603740000000002, 44.7440012],
     [20.603971700000002, 44.7439296]]}},
  {"type":"Feature",
   "properties":{},
   "geometry":
   {"type":"LineString",
    "coordinates":
    [[20.6034951, 44.744071600000005],
     [20.603740000000002, 44.7440012]]}},
  {"type":"Feature",
   "properties":{},
   "geometry":
   {"type":"LineString",
    "coordinates":
    [[20.6034951, 44.744071600000005],
     [20.603599000000003, 44.7442025],
     [20.6038919, 44.744387700000004],
     [20.604009400000002, 44.744477100000005],
     [20.604059300000003, 44.744547600000004],
     [20.6041184, 44.744627300000005], [20.6042329, 44.7447609],
     [20.604354700000002, 44.7448763],
     [20.604516500000003, 44.7450105],
     [20.604694900000002, 44.745144700000004],
     [20.604858200000002, 44.745258], [20.6050013, 44.745342400000006],
     [20.6050684, 44.745415400000006],
     [20.605099300000003, 44.745506600000006],
     [20.605115700000002, 44.745589700000004],
     [20.6052372, 44.745792200000004]]}},
  {"type":"Feature",
   "properties":{},
   "geometry":
   {"type":"LineString",
    "coordinates":
    [[20.6052372, 44.745792200000004],
     [20.6053438, 44.745868900000005], [20.6054444, 44.745956],
     [20.605525, 44.746036000000004], [20.605612700000002, 44.746146],
     [20.6056597, 44.7462175], [20.6056704, 44.746268900000004],
     [20.6056718, 44.7463222], [20.605650400000002, 44.746377],
     [20.6055919, 44.746466500000004], [20.605508800000003, 44.746557],
     [20.6054385, 44.7466085], [20.6053572, 44.746641800000006],
     [20.605121200000003, 44.746718400000006],
     [20.6045841, 44.746872800000006],
     [20.6043756, 44.746934200000005],
     [20.604339500000002, 44.7469423]]}},
  {"type":"Feature",
   "properties":{},
   "geometry":
   {"type":"LineString",
    "coordinates":
    [[20.604339500000002, 44.7469423],
     [20.6042938, 44.747263100000005],
     [20.6042579, 44.747767100000004]]}},
  {"type":"Feature",
   "properties":{},
   "geometry":
   {"type":"LineString",
    "coordinates":
    [[20.6042579, 44.747767100000004],
     [20.604257800000003, 44.747974600000006],
     [20.6042965, 44.748271700000004], [20.6043038, 44.7484194],
     [20.6043151, 44.7485068], [20.604202, 44.7485689]]}},
  {"type":"Feature",
   "properties":{},
   "geometry":
   {"type":"LineString",
    "coordinates":
    [[20.604202, 44.7485689], [20.6043205, 44.7486654],
     [20.6044254, 44.748756900000004],
     [20.6046629, 44.748985000000005], [20.6047918, 44.7491306],
     [20.6048841, 44.7492214], [20.604992600000003, 44.7493136],
     [20.6051985, 44.749433700000004],
     [20.605320000000003, 44.7495002], [20.605585400000002, 44.749625],
     [20.6059899, 44.749798600000005],
     [20.6060929, 44.749849100000006], [20.6061988, 44.7499058],
     [20.6063857, 44.7500148], [20.6066179, 44.750165900000006],
     [20.606898100000002, 44.7503596], [20.6073379, 44.7506837],
     [20.6076869, 44.750952600000005]]}},
  {"type":"Feature",
   "properties":{},
   "geometry":
   {"type":"LineString",
    "coordinates":
    [[20.6076869, 44.750952600000005], [20.6064973, 44.751761]]}},
  {"type":"Feature",
   "properties":{},
   "geometry":
   {"type":"LineString",
    "coordinates":
    [[20.6064075, 44.751816500000004], [20.6064973, 44.751761]]}},
  {"type":"Feature",
   "properties":{},
   "geometry":
   {"type":"LineString",
    "coordinates":
    [[20.6063446, 44.751608600000004],
     [20.6064075, 44.751816500000004]]}},
  {"type":"Feature",
   "properties":{},
   "geometry":
   {"type":"LineString",
    "coordinates":
    [[20.6047645, 44.752795500000005],
     [20.6062511, 44.751656100000005],
     [20.606266700000003, 44.7516442], [20.6062961, 44.7516279],
     [20.6063446, 44.751608600000004]]}},
  {"type":"Feature",
   "properties":{},
   "geometry":
   {"type":"LineString",
    "coordinates":
    [[20.6047777, 44.753902200000006],
     [20.6050904, 44.753128800000006],
     [20.605088300000002, 44.7530956],
     [20.605072200000002, 44.7530608],
     [20.6050511, 44.753027800000005],
     [20.605019300000002, 44.7529936],
     [20.6047645, 44.752795500000005]]}},
  {"type":"Feature",
   "properties":{},
   "geometry":
   {"type":"LineString",
    "coordinates":
    [[20.6070488, 44.7553282], [20.6063039, 44.7543542],
     [20.606233200000002, 44.754293700000005],
     [20.606141400000002, 44.7542364],
     [20.6060401, 44.754195900000006], [20.6058375, 44.7541341],
     [20.6053335, 44.7540029],
     [20.605291100000002, 44.753994000000006],
     [20.6052396, 44.7539875], [20.6051627, 44.7539803],
     [20.6051162, 44.753975700000005],
     [20.6048288, 44.753962300000005], [20.60479, 44.753953900000006],
     [20.6047815, 44.7539316], [20.6047777, 44.753902200000006]]}},
  {"type":"Feature",
   "properties":{},
   "geometry":
   {"type":"LineString",
    "coordinates":
    [[20.6070488, 44.7553282], [20.6072557, 44.7552837],
     [20.607437100000002, 44.7552219],
     [20.607696400000002, 44.755015400000005]]}},
  {"type":"Feature",
   "properties":{},
   "geometry":
   {"type":"LineString",
    "coordinates":
    [[20.612102500000002, 44.758302400000005],
     [20.611778400000002, 44.7580996],
     [20.611265900000003, 44.7578612], [20.6111752, 44.7578229],
     [20.6110705, 44.7577997], [20.6109854, 44.757789200000005],
     [20.610913, 44.7577851], [20.610811400000003, 44.7577828],
     [20.6106845, 44.757781], [20.6104518, 44.7577847],
     [20.610257700000002, 44.7577913], [20.6100731, 44.757812],
     [20.6097807, 44.7578532], [20.6096782, 44.757860300000004],
     [20.609550300000002, 44.7578558], [20.6094824, 44.7578423],
     [20.6094151, 44.757823300000005],
     [20.609131700000002, 44.757658500000005],
     [20.609000400000003, 44.7575513],
     [20.608951400000002, 44.7575025],
     [20.608920400000002, 44.757462600000004],
     [20.608902500000003, 44.7573999],
     [20.608899700000002, 44.757369600000004],
     [20.6089065, 44.757345300000004], [20.6089233, 44.7573139],
     [20.6089564, 44.7572534], [20.6091632, 44.756972600000005],
     [20.6093756, 44.756709900000004], [20.609416200000002, 44.756638],
     [20.6094323, 44.756585900000005], [20.6094341, 44.756543],
     [20.6094101, 44.756488000000004],
     [20.6093733, 44.756433300000005], [20.6093149, 44.7563675],
     [20.6092936, 44.7563205], [20.60929, 44.756264800000004],
     [20.6092936, 44.7561972], [20.6093708, 44.755806400000004],
     [20.6093572, 44.7557745], [20.6093346, 44.7557569],
     [20.609311400000003, 44.7557424],
     [20.609269700000002, 44.7557197],
     [20.608602100000002, 44.7554462],
     [20.6078721, 44.755111400000004],
     [20.607696400000002, 44.755015400000005]]}},
  {"type":"Feature",
   "properties":{},
   "geometry":
   {"type":"LineString",
    "coordinates":
    [[20.612102500000002, 44.758302400000005],
     [20.612163000000002, 44.7583575],
     [20.612410800000003, 44.758552300000005],
     [20.612721, 44.758796700000005], [20.612928200000002, 44.7589442],
     [20.613199, 44.7591022], [20.6135355, 44.7592785],
     [20.6140179, 44.7595241],
     [20.614310500000002, 44.759698900000004],
     [20.6145855, 44.759903400000006], [20.6150574, 44.7602099],
     [20.615153900000003, 44.7602794], [20.6155708, 44.7605299],
     [20.615908, 44.7607256]]}},
  {"type":"Feature",
   "properties":{},
   "geometry":
   {"type":"LineString",
    "coordinates":
    [[20.615908, 44.7607256], [20.616024000000003, 44.7607875],
     [20.6168607, 44.7611798],
     [20.617452200000002, 44.761488400000005],
     [20.6179442, 44.7617563], [20.6180872, 44.7618195],
     [20.618212800000002, 44.761861700000004],
     [20.6185633, 44.7619733], [20.618830000000003, 44.7620432],
     [20.6191314, 44.7621188], [20.619302400000002, 44.7621413],
     [20.619610700000003, 44.7621868],
     [20.6197567, 44.762215100000006],
     [20.619838700000003, 44.7622365],
     [20.619911000000002, 44.7622901]]}},
  {"type":"Feature",
   "properties":{},
   "geometry":
   {"type":"LineString",
    "coordinates":
    [[20.619911000000002, 44.7622901], [20.6199641, 44.7622792],
     [20.620055400000002, 44.7622828], [20.6202276, 44.7623035],
     [20.620532100000002, 44.762351900000006],
     [20.620775000000002, 44.7624061], [20.6209989, 44.7624696],
     [20.6213334, 44.7625745], [20.6214431, 44.7626081],
     [20.6215125, 44.7626185], [20.6215583, 44.7626186],
     [20.6216003, 44.7626142], [20.621625700000003, 44.7626075],
     [20.6216544, 44.762591500000006]]}},
  {"type":"Feature",
   "properties":{},
   "geometry":
   {"type":"LineString",
    "coordinates":
    [[20.621481900000003, 44.7622068],
     [20.6216714, 44.762502700000006], [20.6216797, 44.7625267],
     [20.6216808, 44.7625499], [20.6216693, 44.7625765],
     [20.6216544, 44.762591500000006]]}},
  {"type":"Feature",
   "properties":{},
   "geometry":
   {"type":"LineString",
    "coordinates":
    [[20.621232600000003, 44.761897700000006],
     [20.621481900000003, 44.7622068]]}},
  {"type":"Feature",
   "properties":{},
   "geometry":
   {"type":"LineString",
    "coordinates":
    [[20.621232600000003, 44.761897700000006],
     [20.621332900000002, 44.761828300000005],
     [20.6214221, 44.7616991], [20.6215665, 44.7615077],
     [20.6216635, 44.761373500000005],
     [20.6216994, 44.761323700000005], [20.6217928, 44.7612248],
     [20.621894700000002, 44.761146000000004],
     [20.6220049, 44.761093200000005], [20.622153, 44.7609882],
     [20.6222961, 44.760880900000004],
     [20.6224656, 44.760741200000005],
     [20.622665700000002, 44.760547900000006],
     [20.6228467, 44.7603513], [20.6230128, 44.760149600000005],
     [20.623158, 44.7599706]]}},
  {"type":"Feature",
   "properties":{},
   "geometry":
   {"type":"LineString",
    "coordinates":
    [[20.6189839, 44.7584943], [20.6190655, 44.758472100000006],
     [20.6191664, 44.7584595], [20.619234300000002, 44.7584491],
     [20.6193056, 44.758446], [20.619415800000002, 44.7584571],
     [20.6195293, 44.7584857], [20.6196483, 44.758523100000005],
     [20.619766300000002, 44.758556500000005],
     [20.6199747, 44.7586226], [20.620308700000002, 44.7587288],
     [20.620490500000002, 44.758790600000005], [20.620636, 44.7588463],
     [20.6211258, 44.759059], [20.621420200000003, 44.759201600000004],
     [20.621689500000002, 44.759319500000004],
     [20.6219477, 44.7594281],
     [20.622341600000002, 44.759577400000005],
     [20.6225272, 44.759643700000005], [20.6226734, 44.7597019],
     [20.6228354, 44.7597966], [20.623158, 44.7599706]]}},
  {"type":"Feature",
   "properties":{},
   "geometry":
   {"type":"LineString",
    "coordinates":
    [[20.6145572, 44.7569304], [20.6146153, 44.756926500000006],
     [20.6147038, 44.756934300000005], [20.6149126, 44.7569828],
     [20.615220400000002, 44.757061300000004],
     [20.6159837, 44.7572581], [20.6164576, 44.757400000000004],
     [20.6167321, 44.757483300000004],
     [20.6168036, 44.757509600000006],
     [20.6169239, 44.757562400000005], [20.6170671, 44.7576265],
     [20.6175424, 44.757859700000004],
     [20.6182601, 44.758184400000005],
     [20.6187052, 44.758363300000006], [20.6188599, 44.7584249],
     [20.618928800000003, 44.7584601], [20.6189839, 44.7584943]]}},
  {"type":"Feature",
   "properties":{},
   "geometry":
   {"type":"LineString",
    "coordinates":
    [[20.61371, 44.756219400000006], [20.6138437, 44.7564227],
     [20.613905600000002, 44.756500700000004],
     [20.6139797, 44.756569000000006],
     [20.614036600000002, 44.756618800000005],
     [20.6141328, 44.7566804], [20.614337300000003, 44.7568045],
     [20.6145572, 44.7569304]]}},
  {"type":"Feature",
   "properties":{},
   "geometry":
   {"type":"LineString",
    "coordinates":
    [[20.61371, 44.756219400000006], [20.613575, 44.7558774],
     [20.6135623, 44.7558346], [20.6135528, 44.7557288],
     [20.6135568, 44.755634300000004],
     [20.613571800000003, 44.755553000000006],
     [20.613596400000002, 44.7555023],
     [20.6136699, 44.755428200000004],
     [20.613847500000002, 44.755305400000005],
     [20.614046000000002, 44.755172300000005],
     [20.6139602, 44.7550479], [20.6138783, 44.7549739],
     [20.613792200000002, 44.754893100000004],
     [20.613574200000002, 44.754763000000004],
     [20.6132065, 44.7545658], [20.6129469, 44.754402400000004],
     [20.612734500000002, 44.754250400000004], [20.612604, 44.7541312],
     [20.612286, 44.753858900000004]]}},
  {"type":"Feature",
   "properties":{},
   "geometry":
   {"type":"LineString",
    "coordinates":
    [[20.612286, 44.753858900000004], [20.6123237, 44.7538162],
     [20.6123324, 44.753789700000006],
     [20.612333900000003, 44.7537372], [20.6123325, 44.7536478],
     [20.612343000000003, 44.7535753],
     [20.612374000000003, 44.7534943],
     [20.6124203, 44.753431000000006], [20.612489, 44.753368200000004],
     [20.612713900000003, 44.753272900000006],
     [20.6133874, 44.753106200000005]]}},
  {"type":"Feature",
   "properties":{},
   "geometry":
   {"type":"LineString",
    "coordinates":
    [[20.6133874, 44.753106200000005],
     [20.613524700000003, 44.7531017]]}},
  {"type":"Feature",
   "properties":{},
   "geometry":
   {"type":"LineString",
    "coordinates":
    [[20.615756, 44.752419100000004], [20.615219, 44.7526017],
     [20.6149731, 44.7526956], [20.614843, 44.7527533],
     [20.6147721, 44.7528063], [20.6144196, 44.7531307],
     [20.614382600000003, 44.753140900000005],
     [20.6143469, 44.7531393], [20.6143028, 44.7531358],
     [20.6142672, 44.7531188], [20.614213000000003, 44.7530888],
     [20.6141137, 44.753061100000004], [20.6140307, 44.7530659],
     [20.6139364, 44.7530732],
     [20.613819200000002, 44.753083700000005],
     [20.6136756, 44.7530937], [20.6135908, 44.753098300000005],
     [20.613524700000003, 44.7531017]]}},
  {"type":"Feature",
   "properties":{},
   "geometry":
   {"type":"LineString",
    "coordinates":
    [[20.6156788, 44.7523683], [20.6157109, 44.7523859],
     [20.615736400000003, 44.752409],
     [20.615756, 44.752419100000004]]}},
  {"type":"Feature",
   "properties":{},
   "geometry":
   {"type":"LineString",
    "coordinates":
    [[20.6156788, 44.7523683], [20.6156858, 44.7523186],
     [20.6156784, 44.7522212], [20.6156522, 44.752078000000004],
     [20.615684, 44.7517434], [20.6157831, 44.751601300000004],
     [20.616008700000002, 44.7515128],
     [20.616628600000002, 44.7514301], [20.6169528, 44.7512774],
     [20.617196500000002, 44.751105200000005],
     [20.6173183, 44.750990800000004], [20.6174277, 44.7508744],
     [20.617538, 44.750362100000004],
     [20.617606000000002, 44.750143200000004],
     [20.617726400000002, 44.750005200000004],
     [20.6179144, 44.749906100000004],
     [20.618299500000003, 44.749793200000006],
     [20.6184784, 44.749765100000005], [20.6187741, 44.7496789],
     [20.6190041, 44.7496967], [20.619579400000003, 44.7498099],
     [20.619760900000003, 44.7498389],
     [20.6199967, 44.749823400000004],
     [20.6202241, 44.749806400000004], [20.620462, 44.7497434],
     [20.620675900000002, 44.7496555],
     [20.620923400000002, 44.7495539],
     [20.6211385, 44.749444600000004],
     [20.621252300000002, 44.749346900000006],
     [20.6213872, 44.7492965], [20.6215458, 44.749237300000004],
     [20.622170500000003, 44.7489785]]}},
  {"type":"Feature",
   "properties":{},
   "geometry":
   {"type":"LineString",
    "coordinates":
    [[20.622170500000003, 44.7489785], [20.6224828, 44.7488699],
     [20.622774200000002, 44.748734600000006],
     [20.622942300000002, 44.748636600000005],
     [20.623120800000002, 44.748499900000006],
     [20.623233900000002, 44.7483811],
     [20.623325400000002, 44.748149500000004],
     [20.623409000000002, 44.747908900000006],
     [20.6237402, 44.747292400000006],
     [20.623764700000002, 44.747082600000006],
     [20.623676500000002, 44.7466443],
     [20.623712400000002, 44.746520000000004],
     [20.623739800000003, 44.7464254], [20.6238603, 44.7462114],
     [20.623952900000003, 44.745958], [20.6239618, 44.745884000000004],
     [20.6239633, 44.7458198], [20.6239513, 44.745695100000006],
     [20.6239379, 44.7454996], [20.623935600000003, 44.745435],
     [20.623944700000003, 44.7453955],
     [20.623986600000002, 44.745308300000005],
     [20.6240305, 44.745195200000005]]}},
  {"type":"Feature",
   "properties":{},
   "geometry":
   {"type":"LineString",
    "coordinates":
    [[20.6240305, 44.745195200000005],
     [20.624068100000002, 44.7450776], [20.624105, 44.744747100000005],
     [20.624135600000002, 44.7443521], [20.6241522, 44.743974],
     [20.6242445, 44.7437909], [20.6244868, 44.743473800000004],
     [20.624685300000003, 44.743231800000004],
     [20.624798000000002, 44.743064100000005],
     [20.624843600000002, 44.7428965],
     [20.6248623, 44.742791700000005],
     [20.624899900000003, 44.7426965],
     [20.624964300000002, 44.7426088],
     [20.625105100000003, 44.742495500000004],
     [20.6252485, 44.742378300000006], [20.6254081, 44.7422211],
     [20.6255154, 44.742092500000005], [20.6255919, 44.7419839],
     [20.6256804, 44.7418649],
     [20.625763600000003, 44.741734400000006],
     [20.6258567, 44.741567200000006], [20.6259279, 44.741335],
     [20.6260063, 44.741191400000005], [20.6261189, 44.7410295],
     [20.626210800000003, 44.740937100000004],
     [20.626321100000002, 44.7408477], [20.6264878, 44.7407565],
     [20.6266715, 44.7407161],
     [20.626796300000002, 44.740701900000005]]}},
  {"type":"Feature",
   "properties":{},
   "geometry":
   {"type":"LineString",
    "coordinates":
    [[20.626796300000002, 44.740701900000005],
     [20.627086300000002, 44.7406276],
     [20.6272592, 44.740555300000004], [20.6274106, 44.7404485],
     [20.627467300000003, 44.7404013],
     [20.627523500000002, 44.7403312],
     [20.627586400000002, 44.7402114],
     [20.6276167, 44.740140100000005], [20.6276398, 44.7401074],
     [20.6277173, 44.740053], [20.627994700000002, 44.7398618],
     [20.6283867, 44.7396825], [20.628665700000003, 44.7395739],
     [20.628888200000002, 44.7394581], [20.6290644, 44.7393401],
     [20.6292565, 44.739265800000005],
     [20.6293796, 44.739225100000006],
     [20.629511400000002, 44.7391889],
     [20.629672300000003, 44.739163000000005],
     [20.629864700000002, 44.73913], [20.629955900000002, 44.7391215],
     [20.6300296, 44.739105200000004], [20.6300685, 44.7390947],
     [20.6301047, 44.739078600000006], [20.6301463, 44.7390181]]}},
  {"type":"Feature",
   "properties":{},
   "geometry":
   {"type":"LineString",
    "coordinates":
    [[20.6312284, 44.7393256], [20.631121200000003, 44.7392995],
     [20.630921400000002, 44.7392309], [20.6307994, 44.7391823],
     [20.6307015, 44.7391481], [20.6306191, 44.739124000000004],
     [20.6303541, 44.739063300000005], [20.6301463, 44.7390181]]}},
  {"type":"Feature",
   "properties":{},
   "geometry":
   {"type":"LineString",
    "coordinates":
    [[20.6312284, 44.7393256], [20.6313417, 44.7390801],
     [20.6313855, 44.7389938], [20.6314184, 44.738958200000006],
     [20.6314579, 44.7389376], [20.631505100000002, 44.7389249],
     [20.631572000000002, 44.738919800000005],
     [20.632616900000002, 44.738922300000006],
     [20.632871400000003, 44.738904700000006],
     [20.6330418, 44.738867000000006], [20.633153, 44.7388167],
     [20.633245300000002, 44.7387262],
     [20.633320100000002, 44.7386131], [20.6334819, 44.7382963],
     [20.6334772, 44.738155500000005],
     [20.633553300000003, 44.737951900000006],
     [20.634033300000002, 44.7371579],
     [20.634368900000002, 44.736791000000004],
     [20.6344934, 44.736586900000006],
     [20.6345846, 44.736397600000004],
     [20.6346144, 44.736324100000004], [20.6346478, 44.7362205],
     [20.6351218, 44.735177], [20.6354058, 44.734752],
     [20.6360353, 44.7340822]]}},
  {"type":"Feature",
   "properties":{},
   "geometry":
   {"type":"LineString",
    "coordinates":
    [[20.6360353, 44.7340822], [20.636210300000002, 44.7339806],
     [20.6364842, 44.733859], [20.636587000000002, 44.7338133],
     [20.636964300000002, 44.733688900000004],
     [20.6373521, 44.733528500000006], [20.637870500000002, 44.733421],
     [20.6382802, 44.7333738],
     [20.638459700000002, 44.733372700000004],
     [20.6389631, 44.7334523], [20.6394175, 44.733548000000006],
     [20.6396197, 44.7335652],
     [20.639798600000002, 44.733550900000004],
     [20.6400587, 44.7334733], [20.6403676, 44.733373500000006],
     [20.640541000000002, 44.733313100000004],
     [20.6406472, 44.733257800000004], [20.640764, 44.7331572],
     [20.641047200000003, 44.7328455],
     [20.641193700000002, 44.732671700000004],
     [20.6412738, 44.7325206], [20.641535700000002, 44.7321595],
     [20.641652800000003, 44.732063200000006],
     [20.642001, 44.731647300000006], [20.6421242, 44.7315532],
     [20.6421795, 44.7314741], [20.6422713, 44.7313393],
     [20.642639300000003, 44.7310401], [20.6431207, 44.7307836],
     [20.6433861, 44.7306705], [20.643626, 44.7306412],
     [20.643715200000003, 44.7306303], [20.6439984, 44.7305599],
     [20.644338100000002, 44.7303889],
     [20.6447451, 44.730212900000005], [20.6448018, 44.7301073],
     [20.644908, 44.729991600000005], [20.645092, 44.729858400000005],
     [20.6452548, 44.7297], [20.6458246, 44.7294636],
     [20.646026300000003, 44.729335400000004],
     [20.6464794, 44.729229800000006], [20.6465926, 44.7292147],
     [20.646776600000003, 44.7291493], [20.6471199, 44.7290663],
     [20.647396, 44.728968300000005], [20.6475376, 44.728950700000006],
     [20.647714500000003, 44.728970800000006], [20.6478419, 44.729011],
     [20.6481375, 44.7291212]]}},
  {"type":"Feature",
   "properties":{},
   "geometry":
   {"type":"LineString",
    "coordinates":
    [[20.6481375, 44.7291212], [20.648214300000003, 44.728991],
     [20.6483236, 44.728900700000004], [20.6484552, 44.7288501],
     [20.6488665, 44.728711000000004],
     [20.649116900000003, 44.7286353],
     [20.649268900000003, 44.7285678], [20.6494462, 44.728464],
     [20.649629700000002, 44.7283148], [20.6497956, 44.7282134],
     [20.6500102, 44.728118300000006], [20.6502731, 44.7280145],
     [20.6504425, 44.7279284], [20.650528700000002, 44.7278771],
     [20.6506049, 44.7278089], [20.650676, 44.7277393],
     [20.6508672, 44.7275216], [20.6509445, 44.727425800000006],
     [20.651007, 44.7273678], [20.651089300000002, 44.727311300000004],
     [20.6512512, 44.727222000000005], [20.6516062, 44.7270565],
     [20.6516865, 44.727015800000004], [20.6518786, 44.726823],
     [20.652123600000003, 44.726575800000006],
     [20.6523766, 44.7262159], [20.6526846, 44.725884300000004],
     [20.6528382, 44.7257369], [20.6529957, 44.7256392],
     [20.653332300000002, 44.725476900000004], [20.653825, 44.7252639],
     [20.6539426, 44.7252061], [20.6546604, 44.7248084],
     [20.654907, 44.724708400000004],
     [20.655231200000003, 44.724614200000005],
     [20.6553483, 44.724567400000005], [20.6556448, 44.7243932],
     [20.6558771, 44.724273700000005], [20.6560278, 44.7242035],
     [20.6561282, 44.724136], [20.6565452, 44.723762400000005]]}},
  {"type":"Feature",
   "properties":{},
   "geometry":
   {"type":"LineString",
    "coordinates":
    [[20.6565452, 44.723762400000005],
     [20.657604600000003, 44.7234301],
     [20.658416300000003, 44.7230586],
     [20.6589116, 44.722833800000004], [20.6592793, 44.7224257],
     [20.6596407, 44.7218758], [20.6600073, 44.721348600000006],
     [20.660270500000003, 44.7209701],
     [20.6603157, 44.720831200000006],
     [20.660302700000003, 44.7206648]]}},
  {"type":"Feature",
   "properties":{},
   "geometry":
   {"type":"LineString",
    "coordinates":
    [[20.660302700000003, 44.7206648],
     [20.660189300000003, 44.7201327],
     [20.660208800000003, 44.720068700000006],
     [20.6602457, 44.7200166], [20.6602976, 44.719974900000004],
     [20.6603859, 44.719948300000006],
     [20.660557100000002, 44.719893600000006],
     [20.6607826, 44.7197643], [20.6608318, 44.7197095],
     [20.6608902, 44.7196353], [20.6611678, 44.7191289],
     [20.6613486, 44.7189294], [20.6615226, 44.718793000000005],
     [20.6617044, 44.7186401], [20.661841900000002, 44.7184669],
     [20.661972600000002, 44.718298600000004],
     [20.6620351, 44.7181767], [20.662084800000002, 44.7180504],
     [20.662118900000003, 44.717876600000004],
     [20.662160500000002, 44.717612900000006],
     [20.6622075, 44.7173692], [20.6622202, 44.7172755],
     [20.662225300000003, 44.717141100000006],
     [20.6622255, 44.716860700000005], [20.6622369, 44.7167508],
     [20.6623041, 44.7165848], [20.662439900000003, 44.7162651],
     [20.6626793, 44.715875600000004], [20.6628531, 44.7156796],
     [20.6630581, 44.7155046], [20.6633627, 44.715275500000004],
     [20.663605200000003, 44.7150928],
     [20.6637269, 44.714995200000004], [20.6637689, 44.7149438],
     [20.6638148, 44.714837900000006], [20.6638534, 44.7147778],
     [20.6638942, 44.714741000000004],
     [20.663939900000003, 44.7147135],
     [20.6640219, 44.714692400000004],
     [20.664097100000003, 44.714663200000004],
     [20.664147200000002, 44.7146301],
     [20.664214100000002, 44.714573400000006],
     [20.6642727, 44.7144921],
     [20.664359700000002, 44.714338500000004],
     [20.6645447, 44.7140202], [20.6647593, 44.7137272],
     [20.6650145, 44.7135015],
     [20.665084200000003, 44.713424700000004],
     [20.665121300000003, 44.7133794], [20.665158, 44.7133222],
     [20.665185, 44.7132474], [20.6652172, 44.7131417],
     [20.665224000000002, 44.713072000000004],
     [20.6652023, 44.7130221]]}},
  {"type":"Feature",
   "properties":{},
   "geometry":
   {"type":"LineString",
    "coordinates":
    [[20.6652023, 44.7130221], [20.6651625, 44.7130006],
     [20.665104000000003, 44.712978400000004],
     [20.664957400000002, 44.712951100000005],
     [20.664764100000003, 44.7129138], [20.6646281, 44.7128719],
     [20.664401100000003, 44.7127828], [20.6642943, 44.712732],
     [20.66422, 44.7126857], [20.663864500000003, 44.712442200000005],
     [20.663772, 44.712359500000005], [20.663660500000002, 44.7122602],
     [20.663599700000002, 44.7122228]]}},
  {"type":"Feature",
   "properties":{},
   "geometry":
   {"type":"LineString",
    "coordinates":
    [[20.663599700000002, 44.7122228],
     [20.663618200000002, 44.7122072], [20.6636218, 44.7121883],
     [20.663595400000002, 44.712049900000004],
     [20.6631508, 44.7104664], [20.6630784, 44.710190000000004],
     [20.6630489, 44.7101119], [20.663039100000002, 44.7099988],
     [20.6630176, 44.7095604], [20.663040900000002, 44.7090558],
     [20.6630793, 44.7086854], [20.663161600000002, 44.708198],
     [20.6631974, 44.7077857], [20.6631866, 44.7075188],
     [20.663218800000003, 44.707165200000006],
     [20.6632326, 44.706877000000006], [20.663238, 44.7067776],
     [20.6632526, 44.7067204],
     [20.663272300000003, 44.706686100000006]]}},
  {"type":"Feature",
   "properties":{},
   "geometry":
   {"type":"LineString",
    "coordinates":
    [[20.6630793, 44.706585800000006], [20.6631816, 44.7066278],
     [20.663272300000003, 44.706686100000006]]}},
  {"type":"Feature",
   "properties":{},
   "geometry":
   {"type":"LineString",
    "coordinates":
    [[20.6630793, 44.706585800000006],
     [20.6631205, 44.706449400000004],
     [20.663187200000003, 44.7062157],
     [20.663219400000003, 44.706062200000005],
     [20.663243700000002, 44.705932000000004],
     [20.6632798, 44.7057505],
     [20.663314200000002, 44.705602000000006],
     [20.6633441, 44.7054174]]}},
  {"type":"Feature",
   "properties":{},
   "geometry":
   {"type":"LineString",
    "coordinates":
    [[20.6633441, 44.7054174], [20.663405700000002, 44.7054191],
     [20.663441900000002, 44.7054167], [20.6634865, 44.7054046],
     [20.663549200000002, 44.705374400000004],
     [20.6636136, 44.7053439], [20.6636585, 44.705332000000006],
     [20.6636953, 44.7053238]]}},
  {"type":"Feature",
   "properties":{},
   "geometry":
   {"type":"LineString",
    "coordinates":
    [[20.6636953, 44.7053238], [20.6638014, 44.7052964],
     [20.6639367, 44.705266200000004],
     [20.6640641, 44.705241400000006], [20.6641674, 44.7052242],
     [20.664264900000003, 44.7052045],
     [20.664331100000002, 44.7051737],
     [20.6643832, 44.705145800000004], [20.6644241, 44.7051103],
     [20.664472, 44.705058900000004],
     [20.664498700000003, 44.705019300000004],
     [20.6645173, 44.704965200000004], [20.6645226, 44.7048818],
     [20.6645255, 44.704767600000004],
     [20.6645173, 44.704663100000005],
     [20.6644793, 44.704463800000006], [20.6644034, 44.7042348],
     [20.664336900000002, 44.703977800000004],
     [20.664315000000002, 44.703803900000004],
     [20.664326000000003, 44.703654], [20.664349100000003, 44.7035745],
     [20.6643838, 44.7034553],
     [20.664446400000003, 44.703327400000006],
     [20.6645112, 44.7032183], [20.664616900000002, 44.7030401],
     [20.6647199, 44.7029118],
     [20.664854700000003, 44.702800200000006],
     [20.665122200000003, 44.7025839], [20.6652644, 44.7024752],
     [20.665401600000003, 44.7023555],
     [20.6654629, 44.702271200000006],
     [20.665567600000003, 44.702158700000005],
     [20.6657043, 44.7020501], [20.665797100000002, 44.7019387],
     [20.665855200000003, 44.7018495],
     [20.6659028, 44.701735500000005], [20.6659584, 44.7016008],
     [20.666012900000002, 44.7014688], [20.6660879, 44.7013085],
     [20.6661764, 44.7011807], [20.6662399, 44.701076500000006],
     [20.666304200000003, 44.7009905], [20.6663934, 44.7009297],
     [20.6665576, 44.700814300000005],
     [20.666702100000002, 44.700709800000006],
     [20.666850500000002, 44.7005945],
     [20.666967800000002, 44.7004961], [20.667005, 44.7004437],
     [20.6670315, 44.7003616], [20.6670307, 44.7001107],
     [20.667025000000002, 44.6998252],
     [20.6670284, 44.699639700000006],
     [20.6670453, 44.699518600000005], [20.6670623, 44.6993559],
     [20.667112200000002, 44.699257200000005],
     [20.6671935, 44.699202500000006], [20.6672847, 44.6991504],
     [20.667935500000002, 44.6987612], [20.6681563, 44.6985977]]}},
  {"type":"Feature",
   "properties":{},
   "geometry":
   {"type":"LineString",
    "coordinates":
    [[20.6681563, 44.6985977], [20.6681579, 44.6988059],
     [20.668205200000003, 44.699103300000004], [20.66825, 44.6993262],
     [20.668291500000002, 44.6995494],
     [20.6683413, 44.699795200000004], [20.6683869, 44.6999012],
     [20.668478, 44.699980700000005], [20.668647800000002, 44.6999895],
     [20.668898900000002, 44.699964200000004],
     [20.6694745, 44.6998024], [20.669727100000003, 44.699767],
     [20.670058400000002, 44.6997347], [20.6702485, 44.6997501],
     [20.6704718, 44.699768600000006],
     [20.670619600000002, 44.6998033], [20.6709032, 44.6998838],
     [20.6712394, 44.7000705], [20.671488, 44.7001934],
     [20.671761, 44.7003095], [20.6719353, 44.700412400000005],
     [20.6720462, 44.700489100000006], [20.6722071, 44.7006127],
     [20.6724058, 44.70074], [20.672606700000003, 44.7008735],
     [20.6726841, 44.700915300000005], [20.6727358, 44.7009368],
     [20.672796100000003, 44.700959100000006]]}},
  {"type":"Feature",
   "properties":{},
   "geometry":
   {"type":"LineString",
    "coordinates":
    [[20.672796100000003, 44.700959100000006],
     [20.6728236, 44.7009458], [20.6728707, 44.700932],
     [20.6729162, 44.700926200000005],
     [20.6729844, 44.700919400000004], [20.6730856, 44.7009179],
     [20.673204700000003, 44.7009282], [20.6733756, 44.700949],
     [20.6735854, 44.700977800000004], [20.6736946, 44.7010063],
     [20.673809900000002, 44.701040600000006],
     [20.673888700000003, 44.7010798],
     [20.6740688, 44.701169300000004],
     [20.6742074, 44.701263600000004],
     [20.674269900000002, 44.7013094],
     [20.674324900000002, 44.701371800000004],
     [20.6743664, 44.7014622], [20.6744255, 44.7015563],
     [20.674456300000003, 44.701583400000004],
     [20.674484500000002, 44.7016125], [20.674531, 44.701622300000004],
     [20.6745972, 44.7016135], [20.674666700000003, 44.7015836],
     [20.674748700000002, 44.701508600000004],
     [20.6748279, 44.7014307], [20.674933000000003, 44.7013478],
     [20.675039700000003, 44.7012999],
     [20.675141800000002, 44.701251400000004],
     [20.675318700000002, 44.701182900000006],
     [20.675430000000002, 44.7011416], [20.675495, 44.701107900000004],
     [20.675561400000003, 44.7010663], [20.6756083, 44.7010183],
     [20.675750500000003, 44.700879500000006],
     [20.675888800000003, 44.7007306],
     [20.6760683, 44.700548000000005], [20.6762972, 44.7003606],
     [20.676511400000003, 44.7002113],
     [20.676765200000002, 44.700011200000006],
     [20.6769015, 44.699912100000006],
     [20.677155600000003, 44.699765400000004],
     [20.6772874, 44.6996927],
     [20.677350500000003, 44.699665100000004],
     [20.6773962, 44.699651800000005]]}},
  {"type":"Feature",
   "properties":{},
   "geometry":
   {"type":"LineString",
    "coordinates":
    [[20.677254700000002, 44.6992993],
     [20.6772955, 44.699330200000006],
     [20.677321000000003, 44.6993592],
     [20.677345000000003, 44.6994344], [20.6773662, 44.6995031],
     [20.6773962, 44.699651800000005]]}},
  {"type":"Feature",
   "properties":{},
   "geometry":
   {"type":"LineString",
    "coordinates":
    [[20.677254700000002, 44.6992993], [20.677308, 44.699235900000005],
     [20.6773881, 44.699027400000006], [20.6774735, 44.6988691],
     [20.677516800000003, 44.6988081], [20.6775761, 44.6987381],
     [20.6776121, 44.698714800000005]]}},
  {"type":"Feature",
   "properties":{},
   "geometry":
   {"type":"LineString",
    "coordinates":
    [[20.6776121, 44.698714800000005], [20.67764, 44.6986998],
     [20.6776911, 44.698691800000006], [20.6777288, 44.6986901],
     [20.677755400000002, 44.6986853], [20.6777766, 44.6986768]]}},
  {"type":"Feature",
   "properties":{},
   "geometry":
   {"type":"LineString",
    "coordinates":
    [[20.679066900000002, 44.697433800000006],
     [20.6790674, 44.6974637], [20.6790571, 44.697500100000006],
     [20.679027400000003, 44.697548600000005],
     [20.678978400000002, 44.6975939],
     [20.6788108, 44.697743900000006], [20.6785295, 44.6980061],
     [20.678301700000002, 44.6982428],
     [20.6781435, 44.698396200000005], [20.6780572, 44.698459],
     [20.6778713, 44.698579800000005], [20.677848, 44.6985984],
     [20.6778152, 44.6986289],
     [20.677796700000002, 44.698660000000004],
     [20.6777766, 44.6986768]]}},
  {"type":"Feature",
   "properties":{},
   "geometry":
   {"type":"LineString",
    "coordinates":
    [[20.679066900000002, 44.697433800000006],
     [20.6790875, 44.697431300000005],
     [20.679108300000003, 44.6974225],
     [20.6791388, 44.697402800000006],
     [20.679170000000003, 44.6973744], [20.679303, 44.697254],
     [20.679378800000002, 44.697189900000005],
     [20.679468500000002, 44.6971093], [20.679606800000002, 44.696995],
     [20.6796805, 44.6969477], [20.6797679, 44.6969082],
     [20.6798393, 44.6968893], [20.679877100000002, 44.6968832],
     [20.679934600000003, 44.6968782],
     [20.680240700000002, 44.6968766],
     [20.680486400000003, 44.696890800000006],
     [20.6805705, 44.6968952], [20.680662, 44.696907700000004]]}},
  {"type":"Feature",
   "properties":{},
   "geometry":
   {"type":"LineString",
    "coordinates":
    [[20.680662, 44.696907700000004], [20.680697900000002, 44.6968552],
     [20.6807479, 44.6967924], [20.6807862, 44.696744900000006],
     [20.680822000000003, 44.6967141],
     [20.6808628, 44.696687600000004], [20.6809122, 44.6966611],
     [20.680984600000002, 44.696620200000005],
     [20.6810557, 44.6965744], [20.6811268, 44.6965172],
     [20.681167000000002, 44.696472400000005],
     [20.6811979, 44.6964247],
     [20.681258200000002, 44.696282700000005],
     [20.6812931, 44.6962045], [20.6813226, 44.696163500000004],
     [20.681373800000003, 44.696110000000004]]}},
  {"type":"Feature",
   "properties":{},
   "geometry":
   {"type":"LineString",
    "coordinates":
    [[20.683358300000002, 44.692512900000004],
     [20.6831265, 44.6926428], [20.6829304, 44.6927566],
     [20.6826522, 44.692895400000005], [20.6825401, 44.6929736],
     [20.6825015, 44.6930108],
     [20.682460900000002, 44.693068800000006],
     [20.6824315, 44.6931353],
     [20.682410100000002, 44.693212800000005],
     [20.682384600000002, 44.6932709], [20.6823602, 44.6933117],
     [20.6822428, 44.693465200000006],
     [20.682063900000003, 44.6937263], [20.6819329, 44.6939203],
     [20.6818564, 44.6940736], [20.681834600000002, 44.6941229],
     [20.6818287, 44.6941694], [20.6818226, 44.694273],
     [20.681868, 44.6943952], [20.681896100000003, 44.6944627],
     [20.6819077, 44.6944983], [20.6819105, 44.694524300000005],
     [20.681909400000002, 44.694589400000005],
     [20.6819017, 44.6946402], [20.6817774, 44.6949224],
     [20.6817037, 44.695183300000004],
     [20.681646200000003, 44.6954222],
     [20.6815979, 44.695681500000006], [20.6815684, 44.6958245],
     [20.6815496, 44.695882700000006],
     [20.681520000000003, 44.6959316], [20.681480800000003, 44.69599],
     [20.6814353, 44.696046300000006],
     [20.681373800000003, 44.696110000000004]]}},
  {"type":"Feature",
   "properties":{},
   "geometry":
   {"type":"LineString",
    "coordinates":
    [[20.6873447, 44.694772400000005],
     [20.6872693, 44.694727900000004],
     [20.6871388, 44.694599100000005], [20.6870905, 44.6945275],
     [20.6870669, 44.6944506], [20.6870727, 44.694353500000005],
     [20.6871379, 44.694223], [20.6871884, 44.6941022],
     [20.687196500000002, 44.694065], [20.6871917, 44.694031700000004],
     [20.6871842, 44.6940098], [20.6871098, 44.693917500000005],
     [20.6869905, 44.6938301], [20.6868446, 44.693750300000005],
     [20.6866202, 44.6936478], [20.6863546, 44.6935353],
     [20.6861669, 44.693485700000004], [20.6858504, 44.6934144],
     [20.6857645, 44.6933999],
     [20.684799100000003, 44.693262100000005],
     [20.684584400000002, 44.6932264],
     [20.684368300000003, 44.6931742],
     [20.6841782, 44.693130800000006], [20.683999800000002, 44.693072],
     [20.683923, 44.693037800000006], [20.683881900000003, 44.693018],
     [20.683843, 44.6929941], [20.6838106, 44.6929734],
     [20.683769, 44.692925100000004], [20.683736800000002, 44.6928793],
     [20.6836635, 44.692784], [20.6836081, 44.692723900000004],
     [20.6835142, 44.6926381],
     [20.683358300000002, 44.692512900000004]]}},
  {"type":"Feature",
   "properties":{},
   "geometry":
   {"type":"LineString",
    "coordinates":
    [[20.6873447, 44.694772400000005], [20.687398, 44.694788],
     [20.687543, 44.694812600000006],
     [20.687636700000002, 44.694830700000004],
     [20.6877254, 44.694847900000006], [20.6877685, 44.6948589],
     [20.6879083, 44.6949033], [20.6880254, 44.6949472],
     [20.6882896, 44.695054000000006],
     [20.688458200000003, 44.695125600000004], [20.688604, 44.6951988],
     [20.6887389, 44.695304900000004],
     [20.688828400000002, 44.6953833], [20.689011, 44.6955382],
     [20.689139100000002, 44.695631500000005],
     [20.6892651, 44.6957054], [20.689379600000002, 44.6957717]]}},
  {"type":"Feature",
   "properties":{},
   "geometry":
   {"type":"LineString",
    "coordinates":
    [[20.6902198, 44.6961176], [20.6899562, 44.696073000000005],
     [20.689822000000003, 44.6960464], [20.6897014, 44.6960058],
     [20.6895954, 44.6959533], [20.6895056, 44.6958965],
     [20.6894229, 44.695806100000006],
     [20.689379600000002, 44.6957717]]}},
  {"type":"Feature",
   "properties":{},
   "geometry":
   {"type":"LineString",
    "coordinates":
    [[20.693345700000002, 44.697851], [20.693311400000002, 44.6978401],
     [20.693114100000003, 44.697802], [20.692874, 44.6977618],
     [20.692615200000002, 44.697721800000004], [20.6923709, 44.697681],
     [20.6921965, 44.6976546], [20.6921509, 44.697647700000005],
     [20.692092900000002, 44.6976297], [20.6918538, 44.6975436],
     [20.6915985, 44.6974425], [20.691529900000003, 44.6974165],
     [20.6914801, 44.697390500000004],
     [20.691308600000003, 44.6972863],
     [20.691174200000003, 44.6971933], [20.6910883, 44.69713],
     [20.690895100000002, 44.6969541], [20.6908463, 44.6968927],
     [20.6908044, 44.6968297], [20.6907156, 44.6965796],
     [20.690651000000003, 44.6964057],
     [20.690602400000003, 44.6962744], [20.690586200000002, 44.696232],
     [20.690581, 44.6962166], [20.6905685, 44.6962005],
     [20.6905416, 44.696190200000004],
     [20.6904849, 44.696174000000006],
     [20.690400500000003, 44.696154500000006],
     [20.6902198, 44.6961176]]}},
  {"type":"Feature",
   "properties":{},
   "geometry":
   {"type":"LineString",
    "coordinates":
    [[20.6972907, 44.694963300000005], [20.697223, 44.6949887],
     [20.6971242, 44.6950179],
     [20.696949500000002, 44.695053200000004],
     [20.696726100000003, 44.6950931],
     [20.696614500000003, 44.6951149],
     [20.696247800000002, 44.6951788], [20.6961662, 44.6951924],
     [20.6960704, 44.6952159], [20.6959446, 44.6952652],
     [20.6958391, 44.695334300000006],
     [20.6956269, 44.695477700000005],
     [20.695516100000003, 44.6955624], [20.6954311, 44.6956191],
     [20.6953746, 44.695643600000004],
     [20.6952804, 44.695679600000005],
     [20.6951468, 44.695713500000004],
     [20.694969800000003, 44.695744000000005],
     [20.6948089, 44.695775100000006],
     [20.694657300000003, 44.695801800000005],
     [20.694499500000003, 44.6958308],
     [20.6944459, 44.695847300000004],
     [20.6943832, 44.695873600000006], [20.6942895, 44.6959263],
     [20.6942334, 44.6959766], [20.6941691, 44.6960344],
     [20.6941318, 44.6960799], [20.6941075, 44.6961176],
     [20.6940911, 44.696164800000005],
     [20.694085100000002, 44.696222500000005],
     [20.6940588, 44.6964406], [20.6940499, 44.6964722],
     [20.694038900000002, 44.6964977],
     [20.6940157, 44.696553900000005],
     [20.693959200000002, 44.696664000000006],
     [20.6939029, 44.6967731], [20.6938405, 44.6969046],
     [20.6937906, 44.6969932], [20.6937384, 44.6970706],
     [20.693664100000003, 44.6972113],
     [20.693476500000003, 44.697612400000004],
     [20.693369200000003, 44.6978056],
     [20.693345700000002, 44.697851]]}},
  {"type":"Feature",
   "properties":{},
   "geometry":
   {"type":"LineString",
    "coordinates":
    [[20.6972907, 44.694963300000005],
     [20.697396400000002, 44.694844800000006], [20.6974784, 44.694712],
     [20.6975954, 44.694550500000005],
     [20.697609200000002, 44.6945282], [20.6976966, 44.6943872],
     [20.6979282, 44.694119], [20.6980906, 44.6939604],
     [20.698275000000002, 44.693817700000004],
     [20.6983383, 44.6937512], [20.6984236, 44.693641400000004],
     [20.6985028, 44.6935263], [20.698567800000003, 44.6934051],
     [20.6986293, 44.693285800000005], [20.6987849, 44.6930223],
     [20.6988589, 44.692892900000004], [20.6989157, 44.6927814],
     [20.698934, 44.6926864]]}},
  {"type":"Feature",
   "properties":{},
   "geometry":
   {"type":"LineString",
    "coordinates":
    [[20.700736600000003, 44.6937584],
     [20.700700400000002, 44.693704000000004],
     [20.7006602, 44.6936516], [20.7006307, 44.693600100000005],
     [20.7006273, 44.6935701], [20.700628000000002, 44.6935238],
     [20.700632000000002, 44.693425100000006],
     [20.700624, 44.693375100000004], [20.7005927, 44.6932842],
     [20.7004981, 44.6931583], [20.7003264, 44.6930655],
     [20.7000461, 44.692969700000006], [20.699632, 44.6928515],
     [20.698934, 44.6926864]]}},
  {"type":"Feature",
   "properties":{},
   "geometry":
   {"type":"LineString",
    "coordinates":
    [[20.700736600000003, 44.6937584],
     [20.700873400000003, 44.6937622],
     [20.700983400000002, 44.6937507], [20.701098700000003, 44.693724],
     [20.701254300000002, 44.6936764],
     [20.701377700000002, 44.6936401],
     [20.7014555, 44.693600100000005],
     [20.7015333, 44.693546700000006],
     [20.701619100000002, 44.693491400000006],
     [20.7017183, 44.6934399], [20.701814900000002, 44.6934075],
     [20.701932900000003, 44.6933694],
     [20.702085800000003, 44.6933255], [20.7022306, 44.6932988],
     [20.702375500000002, 44.6932683],
     [20.702509600000003, 44.6932321],
     [20.7026249, 44.693178700000004],
     [20.702753700000002, 44.6931177],
     [20.7029253, 44.693010900000004]]}},
  {"type":"Feature",
   "properties":{},
   "geometry":
   {"type":"LineString",
    "coordinates":
    [[20.7029253, 44.693010900000004], [20.7031861, 44.692991],
     [20.7034221, 44.693017700000006], [20.7036367, 44.692888],
     [20.7037494, 44.6927393], [20.7038727, 44.6925067],
     [20.7037547, 44.692300700000004], [20.7034865, 44.6921101],
     [20.70317, 44.691988], [20.7028803, 44.6917745],
     [20.7025799, 44.691557100000004], [20.7023899, 44.6915187],
     [20.7018826, 44.691102400000005], [20.701709, 44.691013600000005],
     [20.7014333, 44.69098], [20.701256700000002, 44.690817900000006],
     [20.701183, 44.6906225], [20.7009478, 44.6903586]]}},
  {"type":"Feature",
   "properties":{},
   "geometry":
   {"type":"LineString",
    "coordinates":
    [[20.7009478, 44.6903586], [20.701020500000002, 44.6903407],
     [20.7010627, 44.690312500000005], [20.7010991, 44.6902704],
     [20.701232400000002, 44.6901135], [20.7012873, 44.6900442],
     [20.7013761, 44.6899298],
     [20.701454000000002, 44.689810400000006],
     [20.701612400000002, 44.689523300000005]]}},
  {"type":"Feature",
   "properties":{},
   "geometry":
   {"type":"LineString",
    "coordinates":
    [[20.701612400000002, 44.689523300000005],
     [20.702270300000002, 44.6897609],
     [20.702665900000003, 44.6899025], [20.70286, 44.6899815],
     [20.7029974, 44.690049200000004], [20.7031958, 44.6901437]]}},
  {"type":"Feature",
   "properties":{},
   "geometry":
   {"type":"LineString",
    "coordinates":
    [[20.7031958, 44.6901437], [20.7033148, 44.6899649],
     [20.703432900000003, 44.6897704],
     [20.703508000000003, 44.6896636],
     [20.7040015, 44.689537800000004],
     [20.7041678, 44.689358500000004], [20.7042797, 44.6891374],
     [20.7045701, 44.688717800000006]]}},
  {"type":"Feature",
   "properties":{},
   "geometry":
   {"type":"LineString",
    "coordinates":
    [[20.7045701, 44.688717800000006], [20.7047257, 44.6884966],
     [20.704854400000002, 44.688366900000005],
     [20.704938300000002, 44.6882439], [20.7049704, 44.6882029]]}},
  {"type":"Feature",
   "properties":{},
   "geometry":
   {"type":"LineString",
    "coordinates":
    [[20.7049704, 44.6882029], [20.7054532, 44.6883531],
     [20.705707800000003, 44.688429], [20.7058627, 44.6884736],
     [20.7063799, 44.6886771], [20.706701600000002, 44.6888054]]}},
  {"type":"Feature",
   "properties":{},
   "geometry":
   {"type":"LineString",
    "coordinates":
    [[20.706701600000002, 44.6888054],
     [20.706785200000002, 44.688742000000005],
     [20.706806500000003, 44.688661700000004],
     [20.7068663, 44.688591800000005],
     [20.7069262, 44.688575900000004], [20.7071167, 44.6886062],
     [20.7074226, 44.6886561],
     [20.707710900000002, 44.688702400000004],
     [20.707974200000002, 44.6887434],
     [20.7083026, 44.688800400000005],
     [20.7085057, 44.688832500000004],
     [20.708686200000002, 44.688907400000005],
     [20.7088542, 44.6890161], [20.708932, 44.6890001],
     [20.708967100000002, 44.688877100000006],
     [20.709120000000002, 44.688722000000006],
     [20.709303000000002, 44.6885794],
     [20.709546200000002, 44.688540200000006],
     [20.709669100000003, 44.688440400000005],
     [20.709739300000003, 44.688306700000005],
     [20.709812000000003, 44.688098100000005],
     [20.709869700000002, 44.687916300000005],
     [20.7099273, 44.6877684], [20.7100301, 44.6876115],
     [20.7101705, 44.6874636], [20.710341, 44.6873281],
     [20.7104864, 44.6871195], [20.710631900000003, 44.6869181],
     [20.710797300000003, 44.6867577],
     [20.711040500000003, 44.686615100000004],
     [20.711251100000002, 44.6865669],
     [20.7114166, 44.686426100000006],
     [20.711539600000002, 44.6862318],
     [20.711597100000002, 44.686140900000005], [20.711735, 44.6859395],
     [20.711890500000003, 44.685747000000006],
     [20.7120108, 44.685566900000005], [20.7121563, 44.6853477],
     [20.712359300000003, 44.685107], [20.7125524, 44.684886000000006],
     [20.712803100000002, 44.684627500000005],
     [20.713036300000002, 44.6844047],
     [20.713219300000002, 44.684240700000004],
     [20.7134174, 44.6840945], [20.713665600000002, 44.683943],
     [20.7137935, 44.6838039], [20.7139223, 44.683586600000005]]}},
  {"type":"Feature",
   "properties":{},
   "geometry":
   {"type":"LineString",
    "coordinates":
    [[20.7139223, 44.683586600000005],
     [20.7137555, 44.683323900000005], [20.7136664, 44.6830219],
     [20.7135921, 44.6826517], [20.7135742, 44.682231],
     [20.7135633, 44.6820253], [20.7135669, 44.6819192],
     [20.7135776, 44.6818259], [20.7136879, 44.681499900000006],
     [20.713849500000002, 44.6811627], [20.7138864, 44.6810521],
     [20.7139522, 44.680858], [20.7140737, 44.6802397],
     [20.714105, 44.680086100000004]]}},
  {"type":"Feature",
   "properties":{},
   "geometry":
   {"type":"LineString",
    "coordinates":
    [[20.714105, 44.680086100000004], [20.715362000000002, 44.6803776],
     [20.7155726, 44.680423600000005],
     [20.715766600000002, 44.6804665], [20.7158395, 44.6804665],
     [20.7158936, 44.6804472],
     [20.716019900000003, 44.680344600000005],
     [20.7161708, 44.6802062], [20.7162159, 44.6801601],
     [20.716260600000002, 44.6800967], [20.716372, 44.679909],
     [20.716476200000002, 44.6797795],
     [20.716609400000003, 44.6796486], [20.7167591, 44.6795403],
     [20.7168382, 44.679473400000006],
     [20.716949200000002, 44.679368600000004],
     [20.7170694, 44.679300000000005],
     [20.717151100000002, 44.679247800000006]]}},
  {"type":"Feature",
   "properties":{},
   "geometry":
   {"type":"LineString",
    "coordinates":
    [[20.7176267, 44.6798657],
     [20.717598900000002, 44.679830800000005],
     [20.717538700000002, 44.6797875], [20.7174906, 44.6797534],
     [20.71731, 44.6795253], [20.7172443, 44.679400900000005],
     [20.7171726, 44.679302],
     [20.717151100000002, 44.679247800000006]]}},
  {"type":"Feature",
   "properties":{},
   "geometry":
   {"type":"LineString",
    "coordinates":
    [[20.7183764, 44.679507], [20.7182406, 44.6795557],
     [20.718145800000002, 44.679571800000005],
     [20.7180147, 44.6795939], [20.7179615, 44.6796062],
     [20.717904700000002, 44.6796371],
     [20.717849400000002, 44.6796791], [20.7178003, 44.6797343],
     [20.717747300000003, 44.6797958], [20.7176267, 44.6798657]]}},
  {"type":"Feature",
   "properties":{},
   "geometry":
   {"type":"LineString",
    "coordinates":
    [[20.7207009, 44.6761738], [20.720662100000002, 44.6762585],
     [20.720590400000003, 44.6764035],
     [20.7205549, 44.676475200000006], [20.7203333, 44.6768948],
     [20.720067200000003, 44.6772915],
     [20.719835500000002, 44.677633300000004],
     [20.7195687, 44.677972100000005],
     [20.719397800000003, 44.6782375],
     [20.7189772, 44.678792900000005], [20.718754, 44.6790554],
     [20.7185995, 44.679269000000005], [20.7183764, 44.679507]]}},
  {"type":"Feature",
   "properties":{},
   "geometry":
   {"type":"LineString",
    "coordinates":
    [[20.7207009, 44.6761738], [20.720905300000002, 44.6758484],
     [20.721010500000002, 44.6757064],
     [20.721092600000002, 44.675566700000005]]}},
  {"type":"Feature",
   "properties":{},
   "geometry":
   {"type":"LineString",
    "coordinates":
    [[20.721092600000002, 44.675566700000005],
     [20.7212794, 44.6752884], [20.7214989, 44.674889900000004],
     [20.7216156, 44.674662500000004], [20.7216343, 44.6745711],
     [20.721587600000003, 44.674481500000006],
     [20.721148600000003, 44.674267500000006]]}},
  {"type":"Feature",
   "properties":{},
   "geometry":
   {"type":"LineString",
    "coordinates":
    [[20.721148600000003, 44.674267500000006], [20.7209095, 44.674154],
     [20.7207432, 44.674051000000006], [20.7206601, 44.6739842],
     [20.720542100000003, 44.673866000000004],
     [20.720424100000002, 44.673742000000004],
     [20.7203543, 44.6736905],
     [20.720257800000002, 44.673631400000005],
     [20.720137100000002, 44.673576000000004],
     [20.7200083, 44.6735436],
     [20.719694500000003, 44.673478800000005],
     [20.7195389, 44.6734406], [20.719321700000002, 44.6733719],
     [20.719018600000002, 44.673206], [20.718836200000002, 44.673082],
     [20.718739600000003, 44.673005700000004],
     [20.718628300000002, 44.672919900000004],
     [20.718435300000003, 44.672762000000006]]}},
  {"type":"Feature",
   "properties":{},
   "geometry":
   {"type":"LineString",
    "coordinates":
    [[20.718435300000003, 44.672762000000006],
     [20.718374, 44.672698800000006], [20.7181648, 44.6724527],
     [20.717987800000003, 44.6722296], [20.7179314, 44.6721456],
     [20.7178885, 44.672042600000005],
     [20.7178805, 44.671970200000004]]}},
  {"type":"Feature",
   "properties":{},
   "geometry":
   {"type":"LineString",
    "coordinates":
    [[20.7178805, 44.671970200000004], [20.717941, 44.671841]]}},
  {"type":"Feature",
   "properties":{},
   "geometry":
   {"type":"LineString",
    "coordinates":
    [[20.7171822, 44.670699000000006], [20.7173582, 44.6708063],
     [20.7173264, 44.670850400000006],
     [20.717452700000003, 44.6709188], [20.717537, 44.6710118],
     [20.717761600000003, 44.6713259],
     [20.717862200000003, 44.6713413],
     [20.7179594, 44.671434600000005],
     [20.7179958, 44.671478900000004],
     [20.7180323, 44.671546400000004],
     [20.718094200000003, 44.6715662],
     [20.718123900000002, 44.671575100000005],
     [20.717941, 44.671841]]}},
  {"type":"Feature",
   "properties":{},
   "geometry":
   {"type":"LineString",
    "coordinates":
    [[20.7171822, 44.670699000000006],
     [20.7175838, 44.670699400000004], [20.7176844, 44.670698],
     [20.7178225, 44.670630300000006]]}},
  {"type":"Feature",
   "properties":{},
   "geometry":
   {"type":"LineString",
    "coordinates":
    [[20.7178225, 44.670630300000006], [20.7178828, 44.6705869],
     [20.717992300000002, 44.670539000000005],
     [20.718088700000003, 44.6705113], [20.7185354, 44.6704724],
     [20.7188169, 44.6704402], [20.7190474, 44.6703984],
     [20.719138100000002, 44.6703686], [20.7192337, 44.6703302],
     [20.7193896, 44.6702166], [20.7195345, 44.6700959],
     [20.719569800000002, 44.6700731], [20.7196073, 44.6700673]]}},
  {"type":"Feature",
   "properties":{},
   "geometry":
   {"type":"LineString",
    "coordinates":
    [[20.7196073, 44.6700673],
     [20.719599900000002, 44.669949800000005],
     [20.7196411, 44.669755800000004], [20.7196761, 44.6696042],
     [20.7197706, 44.669393500000005],
     [20.719883900000003, 44.6692084],
     [20.720010000000002, 44.6690558], [20.7201722, 44.6688745],
     [20.720261500000003, 44.6687694], [20.7203632, 44.6686105],
     [20.720412500000002, 44.6685086],
     [20.720471200000002, 44.668369600000005]]}},
  {"type":"Feature",
   "properties":{},
   "geometry":
   {"type":"LineString",
    "coordinates":
    [[20.7199223, 44.6681539],
     [20.720471200000002, 44.668369600000005]]}},
  {"type":"Feature",
   "properties":{},
   "geometry":
   {"type":"LineString",
    "coordinates":
    [[20.7199223, 44.6681539], [20.7202497, 44.6678002],
     [20.720414700000003, 44.6675607], [20.720502, 44.6674311]]}},
  {"type":"Feature",
   "properties":{},
   "geometry":
   {"type":"LineString",
    "coordinates":
    [[20.720502, 44.6674311], [20.7203014, 44.6673392],
     [20.720308300000003, 44.6673151],
     [20.720307400000003, 44.6673014],
     [20.720298500000002, 44.6672771],
     [20.7200519, 44.666743800000006],
     [20.720016400000002, 44.666648900000006],
     [20.7199935, 44.666596500000004],
     [20.7199908, 44.666536400000005],
     [20.7199925, 44.666458000000006], [20.7200016, 44.6663695],
     [20.720015, 44.6663037], [20.7200275, 44.6662492],
     [20.7200767, 44.666153900000005],
     [20.720210700000003, 44.665961800000005],
     [20.7202939, 44.665868700000004],
     [20.7203851, 44.665780000000005], [20.7204589, 44.6657347],
     [20.7205593, 44.665685200000006],
     [20.7206981, 44.665647400000005], [20.720882, 44.6656178]]}},
  {"type":"Feature",
   "properties":{},
   "geometry":
   {"type":"LineString",
    "coordinates":
    [[20.720882, 44.6656178], [20.7210322, 44.665584200000005],
     [20.721459300000003, 44.6654726]]}},
  {"type":"Feature",
   "properties":{},
   "geometry":
   {"type":"LineString",
    "coordinates":
    [[20.721459300000003, 44.6654726], [20.721913, 44.6653243]]}},
  {"type":"Feature",
   "properties":{},
   "geometry":
   {"type":"LineString",
    "coordinates":
    [[20.721913, 44.6653243], [20.7221356, 44.6652688],
     [20.722217200000003, 44.6652469], [20.7223402, 44.6652019],
     [20.7224244, 44.6651686], [20.722493800000002, 44.6651393],
     [20.722567700000003, 44.6651012], [20.7226417, 44.6650495],
     [20.722701200000003, 44.664985200000004],
     [20.722763500000003, 44.664851500000005],
     [20.722794200000003, 44.6646166], [20.7228244, 44.664445],
     [20.7229324, 44.663875000000004],
     [20.723008200000002, 44.6633091],
     [20.7230196, 44.663107800000006],
     [20.723049900000003, 44.662909000000006],
     [20.723109100000002, 44.662691800000005],
     [20.7231671, 44.662541700000006], [20.7232258, 44.6624196],
     [20.723420100000002, 44.6620724], [20.7236024, 44.6618452],
     [20.7238754, 44.6615784], [20.7243123, 44.6611695],
     [20.724510600000002, 44.660971700000005],
     [20.7245761, 44.660911500000005], [20.7246586, 44.6608652],
     [20.7247264, 44.6608341], [20.7248655, 44.6607903],
     [20.7249863, 44.660749700000004],
     [20.7252155, 44.660672500000004], [20.725494, 44.6605672],
     [20.7256207, 44.6605052], [20.725777, 44.660431800000005],
     [20.726017300000002, 44.6602904],
     [20.7261719, 44.660187300000004], [20.7262947, 44.6601243],
     [20.726367800000002, 44.660093100000005]]}},
  {"type":"Feature",
   "properties":{},
   "geometry":
   {"type":"LineString",
    "coordinates":
    [[20.726367800000002, 44.660093100000005],
     [20.726484300000003, 44.660059100000005],
     [20.7265514, 44.660021300000004],
     [20.726638700000002, 44.659952000000004],
     [20.726745400000002, 44.659856700000006]]}},
  {"type":"Feature",
   "properties":{},
   "geometry":
   {"type":"LineString",
    "coordinates":
    [[20.726745400000002, 44.659856700000006],
     [20.7266078, 44.6597754], [20.7264975, 44.6597006],
     [20.726487300000002, 44.6596295], [20.7265924, 44.6595602],
     [20.7267693, 44.659469], [20.726984700000003, 44.6594088],
     [20.7272001, 44.6593778], [20.7274591, 44.6593577],
     [20.7277001, 44.6593432], [20.727887300000003, 44.6594179],
     [20.728056600000002, 44.6595128], [20.7282309, 44.6596094],
     [20.7284876, 44.6597651]]}},
  {"type":"Feature",
   "properties":{},
   "geometry":
   {"type":"LineString",
    "coordinates":
    [[20.729008, 44.660722], [20.7290299, 44.6606928],
     [20.7290454, 44.6606594],
     [20.729044000000002, 44.660636000000004],
     [20.7290306, 44.660611700000004], [20.7290038, 44.6605774],
     [20.728963500000003, 44.6605287],
     [20.7289099, 44.660476300000006], [20.7288569, 44.6604247],
     [20.7288128, 44.6603678], [20.728759, 44.6602905],
     [20.7286933, 44.6601851], [20.728594100000002, 44.6600473],
     [20.728527, 44.6599428], [20.7285101, 44.659906400000004],
     [20.7284736, 44.659828600000004], [20.7284876, 44.6597651]]}},
  {"type":"Feature",
   "properties":{},
   "geometry":
   {"type":"LineString",
    "coordinates":
    [[20.7339243, 44.6585799], [20.7337813, 44.6587193],
     [20.7337074, 44.6587669], [20.733622500000003, 44.6588349],
     [20.7334912, 44.6589273], [20.733414500000002, 44.6589815],
     [20.733252, 44.6590889], [20.7331143, 44.6591588],
     [20.733041500000002, 44.659190900000006], [20.7329423, 44.65923],
     [20.732815900000002, 44.659268000000004],
     [20.7326254, 44.6593071], [20.7324787, 44.6593518],
     [20.7323156, 44.6594276], [20.7321679, 44.6594804],
     [20.731991, 44.659552600000005], [20.7318569, 44.6596003],
     [20.7317764, 44.6596193], [20.7316812, 44.659636500000005],
     [20.731544900000003, 44.659661500000006],
     [20.731329900000002, 44.6597195],
     [20.7311905, 44.659770800000004],
     [20.731044200000003, 44.659849300000005],
     [20.7309382, 44.6599152], [20.730808200000002, 44.6599981],
     [20.730722800000002, 44.660064000000006],
     [20.730652600000003, 44.6601335],
     [20.7305548, 44.660193400000004], [20.7304011, 44.6602727],
     [20.730039100000003, 44.660431800000005],
     [20.7297428, 44.6605416], [20.729531400000003, 44.6606035],
     [20.7293136, 44.660687100000004],
     [20.729211900000003, 44.6607136], [20.7291151, 44.66073],
     [20.7290534, 44.66073], [20.729008, 44.660722]]}},
  {"type":"Feature",
   "properties":{},
   "geometry":
   {"type":"LineString",
    "coordinates":
    [[20.7409801, 44.660301000000004], [20.7409256, 44.6602655],
     [20.7408737, 44.6602465], [20.740787, 44.660216600000005],
     [20.7406505, 44.6601675], [20.740542400000002, 44.660122],
     [20.7403871, 44.6600418], [20.7401449, 44.659896],
     [20.7400308, 44.6598447], [20.7399258, 44.659798200000004],
     [20.739577, 44.6596563], [20.739144500000002, 44.659525800000004],
     [20.7390827, 44.659507600000005], [20.7390021, 44.6594916],
     [20.7389063, 44.659483], [20.738801000000002, 44.659485700000005],
     [20.7386705, 44.6594965], [20.738475700000002, 44.6595172],
     [20.738308800000002, 44.6595267],
     [20.738189600000002, 44.6595201], [20.738081, 44.659509400000005],
     [20.7378913, 44.659478], [20.737626300000002, 44.6593925],
     [20.7371081, 44.6591934], [20.736094700000002, 44.6588834],
     [20.7354933, 44.6586994], [20.7352428, 44.658623500000004],
     [20.7351229, 44.6586013], [20.7350438, 44.6585848],
     [20.7349594, 44.6585789], [20.7348828, 44.658580300000004],
     [20.734776800000002, 44.658591300000005],
     [20.7347019, 44.6586013], [20.734622400000003, 44.6586153],
     [20.7345104, 44.658621600000004], [20.734368, 44.6586094],
     [20.734071200000002, 44.6585851],
     [20.7339838, 44.658577900000004], [20.7339243, 44.6585799]]}},
  {"type":"Feature",
   "properties":{},
   "geometry":
   {"type":"LineString",
    "coordinates":
    [[20.7409801, 44.660301000000004],
     [20.7412393, 44.660144900000006], [20.7414901, 44.6599888]]}},
  {"type":"Feature",
   "properties":{},
   "geometry":
   {"type":"LineString",
    "coordinates":
    [[20.746792300000003, 44.659114200000005],
     [20.746586500000003, 44.6591231],
     [20.746429900000003, 44.659123300000005],
     [20.7462196, 44.659093000000006],
     [20.7460843, 44.659058200000004], [20.7458442, 44.6590178],
     [20.745471600000002, 44.6589777],
     [20.7452365, 44.658990700000004],
     [20.744881000000003, 44.6590836],
     [20.744502500000003, 44.6591997],
     [20.7440891, 44.659325700000004],
     [20.743579500000003, 44.6594849],
     [20.743198200000002, 44.659645100000006],
     [20.7428211, 44.6598029], [20.7426317, 44.6598945],
     [20.7424694, 44.6599859], [20.7423487, 44.6600314],
     [20.7422274, 44.6600759], [20.742152800000003, 44.6600983],
     [20.7420796, 44.6601122], [20.741952, 44.6601189],
     [20.741845700000002, 44.6601161],
     [20.7417327, 44.660107100000005],
     [20.7416379, 44.660093100000005], [20.7415626, 44.6600369],
     [20.7414901, 44.6599888]]}},
  {"type":"Feature",
   "properties":{},
   "geometry":
   {"type":"LineString",
    "coordinates":
    [[20.7494322, 44.6586743], [20.7490881, 44.658670900000004],
     [20.7487536, 44.6586927], [20.7485204, 44.658732900000004],
     [20.748359800000003, 44.6587629], [20.748120500000002, 44.658828],
     [20.7479847, 44.6588627], [20.747864500000002, 44.6588932],
     [20.7475722, 44.658946400000005], [20.7473323, 44.6589941],
     [20.7470879, 44.659049200000005],
     [20.746792300000003, 44.659114200000005]]}},
  {"type":"Feature",
   "properties":{},
   "geometry":
   {"type":"LineString",
    "coordinates":
    [[20.757457300000002, 44.659089300000005],
     [20.757444800000002, 44.659106900000005],
     [20.757418100000002, 44.6591205], [20.7573793, 44.6591299],
     [20.7572328, 44.6591399], [20.7571079, 44.659154400000006],
     [20.7569148, 44.6591602], [20.756836, 44.659165400000006],
     [20.7567604, 44.659173200000005],
     [20.756653800000002, 44.6591894], [20.756542, 44.659202900000004],
     [20.756277400000002, 44.6592174],
     [20.7557936, 44.659227300000005],
     [20.755417700000002, 44.659241200000004],
     [20.755010300000002, 44.6592464],
     [20.754586500000002, 44.6592617], [20.7539321, 44.659317],
     [20.753629800000002, 44.6593481],
     [20.753515800000002, 44.659347100000005],
     [20.753450100000002, 44.6593395], [20.753352, 44.659314200000004],
     [20.7532825, 44.6592933],
     [20.753081100000003, 44.659215100000004],
     [20.752815000000002, 44.6591225],
     [20.7525689, 44.659046000000004],
     [20.752322200000002, 44.6590019],
     [20.7520373, 44.658942800000005],
     [20.7517302, 44.658871100000006], [20.7515372, 44.6588283],
     [20.751425100000002, 44.6588082],
     [20.7512446, 44.658782200000005], [20.7509891, 44.6587443],
     [20.7508185, 44.6587334], [20.750391, 44.658706900000006],
     [20.750080200000003, 44.658687400000005],
     [20.7497602, 44.6586827], [20.7494322, 44.6586743]]}},
  {"type":"Feature",
   "properties":{},
   "geometry":
   {"type":"LineString",
    "coordinates":
    [[20.757643400000003, 44.658507300000004],
     [20.7575512, 44.658557300000005],
     [20.7574855, 44.658623500000004],
     [20.757468000000003, 44.6586469], [20.757459, 44.6586821],
     [20.7574623, 44.658724], [20.757471600000002, 44.6589399],
     [20.757457300000002, 44.659089300000005]]}},
  {"type":"Feature",
   "properties":{},
   "geometry":
   {"type":"LineString",
    "coordinates":
    [[20.7578029, 44.652332900000005],
     [20.757841000000003, 44.6534707],
     [20.757838200000002, 44.6547338],
     [20.757828800000002, 44.654814800000004],
     [20.757796600000002, 44.654872100000006],
     [20.7577296, 44.654987500000004],
     [20.7576651, 44.655151700000005],
     [20.757573500000003, 44.6553989], [20.7574121, 44.655869],
     [20.7573286, 44.6561323], [20.7573051, 44.6562773],
     [20.7572964, 44.656414700000006], [20.7572942, 44.6565862],
     [20.757305000000002, 44.656687000000005],
     [20.7573435, 44.6567626], [20.7573545, 44.656811600000005],
     [20.757354300000003, 44.656891900000005], [20.757332, 44.6569731],
     [20.7573019, 44.657119800000004], [20.7572695, 44.6572842],
     [20.7572638, 44.657394200000006],
     [20.757306500000002, 44.6575816], [20.7573204, 44.6576338],
     [20.757365, 44.6577083], [20.7575468, 44.6578571],
     [20.7575761, 44.6579154], [20.757578000000002, 44.6579964],
     [20.7575667, 44.6582306], [20.757580700000002, 44.6583844],
     [20.7575961, 44.6584572], [20.7576129, 44.658484800000004],
     [20.757643400000003, 44.658507300000004]]}},
  {"type":"Feature",
   "properties":{},
   "geometry":
   {"type":"LineString",
    "coordinates":
    [[20.7576322, 44.6523066], [20.7578029, 44.652332900000005]]}},
  {"type":"Feature",
   "properties":{},
   "geometry":
   {"type":"LineString",
    "coordinates":
    [[20.756588400000002, 44.6491386], [20.756571, 44.6493361],
     [20.7565747, 44.649412600000005],
     [20.756618800000002, 44.649504400000005],
     [20.7567512, 44.6497559], [20.7569458, 44.650023100000006],
     [20.757095, 44.6502734], [20.7572303, 44.650440100000004],
     [20.7572665, 44.6504953], [20.7573382, 44.6506563],
     [20.757422000000002, 44.6508801],
     [20.7574308, 44.651056100000005],
     [20.757448500000002, 44.6513359],
     [20.757475000000003, 44.651609300000004],
     [20.7574927, 44.6518042], [20.7575545, 44.6520619],
     [20.7576322, 44.6523066]]}},
  {"type":"Feature",
   "properties":{},
   "geometry":
   {"type":"LineString",
    "coordinates":
    [[20.756588400000002, 44.6491386], [20.7567111, 44.6490159],
     [20.7569504, 44.6487847], [20.757148100000002, 44.648615],
     [20.757387400000002, 44.648468],
     [20.757614200000003, 44.648333300000004],
     [20.7577195, 44.648278600000005],
     [20.757805400000002, 44.648214800000005],
     [20.757875900000002, 44.648154500000004],
     [20.7579114, 44.6480996], [20.7579761, 44.6479988],
     [20.758015200000003, 44.6479246],
     [20.7580139, 44.647882700000004],
     [20.7580005, 44.647851200000005], [20.7579551, 44.6478046]]}},
  {"type":"Feature",
   "properties":{},
   "geometry":
   {"type":"LineString",
    "coordinates":
    [[20.7579551, 44.6478046], [20.7580585, 44.6477687],
     [20.7582203, 44.647716]]}},
  {"type":"Feature",
   "properties":{},
   "geometry":
   {"type":"LineString",
    "coordinates":
    [[20.7582203, 44.647716], [20.7582695, 44.647701500000004],
     [20.7583252, 44.6476892],
     [20.758375400000002, 44.647679800000006],
     [20.758470600000003, 44.6476618]]}},
  {"type":"Feature",
   "properties":{},
   "geometry":
   {"type":"LineString",
    "coordinates":
    [[20.758470600000003, 44.6476618],
     [20.758468500000003, 44.6476279], [20.758478800000002, 44.647561],
     [20.7585158, 44.647465700000005],
     [20.758579400000002, 44.6473926], [20.7586429, 44.6473194],
     [20.7587435, 44.647209200000006],
     [20.759134900000003, 44.6467802], [20.759742600000003, 44.646233],
     [20.7603225, 44.6457324], [20.7607329, 44.6454534],
     [20.760942500000002, 44.6453556], [20.7611695, 44.6452655],
     [20.761781000000003, 44.645095600000005],
     [20.762021400000002, 44.6450406]]}},
  {"type":"Feature",
   "properties":{},
   "geometry":
   {"type":"LineString",
    "coordinates":
    [[20.762021400000002, 44.6450406],
     [20.762086800000002, 44.6450679],
     [20.7621983, 44.645089600000006],
     [20.762456200000003, 44.6451098],
     [20.762795200000003, 44.6451052],
     [20.763713300000003, 44.645094300000004],
     [20.7640448, 44.6450934], [20.7642512, 44.6451106],
     [20.7644263, 44.645138], [20.7646398, 44.6451726],
     [20.765340300000002, 44.645353300000004],
     [20.7660234, 44.645520600000005], [20.766106, 44.6455326],
     [20.7661468, 44.6455338], [20.766176, 44.645528600000006]]}},
  {"type":"Feature",
   "properties":{},
   "geometry":
   {"type":"LineString",
    "coordinates":
    [[20.766176, 44.645528600000006], [20.766222000000003, 44.6455124],
     [20.7662771, 44.645473100000004],
     [20.766379500000003, 44.6454023],
     [20.766491900000002, 44.6453421],
     [20.766690800000003, 44.645229900000004],
     [20.7668225, 44.6451879], [20.7669271, 44.645181300000004]]}},
  {"type":"Feature",
   "properties":{},
   "geometry":
   {"type":"LineString",
    "coordinates":
    [[20.7669271, 44.645181300000004],
     [20.766989300000002, 44.644953300000005],
     [20.767014200000002, 44.6448498], [20.767038300000003, 44.64475],
     [20.7670368, 44.644704600000004],
     [20.7670134, 44.644651700000004], [20.7663595, 44.6438052],
     [20.766292500000002, 44.6437083], [20.766271500000002, 44.643633],
     [20.7662614, 44.6435461], [20.7663002, 44.643473900000004],
     [20.7663948, 44.6433982], [20.767117600000002, 44.6431954],
     [20.767176300000003, 44.6431729],
     [20.767224300000002, 44.643144400000004],
     [20.7672527, 44.6431157],
     [20.767278100000002, 44.643082400000004],
     [20.7672929, 44.6430365], [20.7672953, 44.6429866],
     [20.7672895, 44.6428941], [20.7672266, 44.6425774],
     [20.767114900000003, 44.6420892], [20.7671162, 44.6420249],
     [20.767117000000002, 44.6419818], [20.7671317, 44.6419452]]}},
  {"type":"Feature",
   "properties":{},
   "geometry":
   {"type":"LineString",
    "coordinates":
    [[20.7671317, 44.6419452],
     [20.767163800000002, 44.641865200000005]]}},
  {"type":"Feature",
   "properties":{},
   "geometry":
   {"type":"LineString",
    "coordinates":
    [[20.767163800000002, 44.641865200000005],
     [20.7673329, 44.641554600000006], [20.7674542, 44.6414047],
     [20.767533, 44.6413305], [20.767665, 44.641260800000005],
     [20.7678859, 44.6411285], [20.7680073, 44.641033],
     [20.768052, 44.640896700000006], [20.768027200000002, 44.6406268],
     [20.768040000000003, 44.640576800000005],
     [20.7681039, 44.640487500000006],
     [20.7681997, 44.640437500000004], [20.7683253, 44.6403632],
     [20.7684111, 44.640311800000006], [20.7685932, 44.6401927],
     [20.7687658, 44.640026500000005],
     [20.7689576, 44.639780300000005], [20.76902, 44.639726100000004],
     [20.7690802, 44.6396997], [20.769151400000002, 44.6396924],
     [20.769222900000003, 44.639704200000004],
     [20.7693206, 44.6397275], [20.769452, 44.6397752],
     [20.7697298, 44.639897000000005],
     [20.769896000000003, 44.6399437],
     [20.770110300000002, 44.639957700000004],
     [20.770354700000002, 44.639933500000005],
     [20.7706737, 44.639891600000006],
     [20.770992800000002, 44.6398371],
     [20.7713411, 44.639753600000006],
     [20.771528200000002, 44.639684900000006],
     [20.7717883, 44.6395536], [20.7722121, 44.6392954],
     [20.7723702, 44.6392086], [20.772512900000002, 44.6391232],
     [20.772640600000003, 44.6390813],
     [20.772704100000002, 44.6390705],
     [20.7727542, 44.639069500000005]]}},
  {"type":"Feature",
   "properties":{},
   "geometry":
   {"type":"LineString",
    "coordinates":
    [[20.7727542, 44.639069500000005],
     [20.772736100000003, 44.639032400000005],
     [20.7726916, 44.638972100000004],
     [20.7725091, 44.638796500000005],
     [20.771853800000002, 44.6382204],
     [20.7713681, 44.637795100000005],
     [20.7711311, 44.637577300000004],
     [20.7710599, 44.637529900000004], [20.7706769, 44.6373565],
     [20.7698831, 44.6370571], [20.768773000000003, 44.6366098],
     [20.768332, 44.636381400000005], [20.7677693, 44.636048300000006],
     [20.7673706, 44.6358544],
     [20.766903600000003, 44.635681600000005],
     [20.7666547, 44.6355694],
     [20.766565800000002, 44.635501000000005],
     [20.766529900000002, 44.6354588],
     [20.7665206, 44.635407300000004], [20.7665329, 44.6353487],
     [20.7665909, 44.6352665], [20.7666931, 44.6351165],
     [20.7667207, 44.635021], [20.766728200000003, 44.6349375],
     [20.7667016, 44.6348605], [20.7666334, 44.6347832],
     [20.7665113, 44.634698], [20.7660817, 44.634432100000005],
     [20.7657308, 44.634251500000005], [20.7654158, 44.6340042],
     [20.765214800000003, 44.6337719],
     [20.7650325, 44.633551600000004],
     [20.7649346, 44.633371200000006], [20.7648304, 44.6331027],
     [20.764679100000002, 44.6327335],
     [20.764605900000003, 44.6326243],
     [20.763877400000002, 44.6321856],
     [20.763480400000002, 44.631950800000006],
     [20.7632423, 44.631813400000006],
     [20.763200400000002, 44.6317864], [20.7631711, 44.631757]]}},
  {"type":"Feature",
   "properties":{},
   "geometry":
   {"type":"LineString",
    "coordinates":
    [[20.7631711, 44.631757], [20.7629582, 44.631684],
     [20.7627069, 44.6316037], [20.762471, 44.631530700000006],
     [20.7622505, 44.631470500000006],
     [20.7620659, 44.631417600000006],
     [20.761922300000002, 44.631350000000005],
     [20.7617915, 44.631273400000005],
     [20.7616915, 44.631171200000004], [20.7615556, 44.6309668],
     [20.761412, 44.6308281], [20.7612402, 44.6306913],
     [20.7610581, 44.6305562], [20.760873500000002, 44.6304376],
     [20.760694, 44.6303519], [20.760591400000003, 44.630277],
     [20.760555500000002, 44.630215], [20.7605863, 44.6301548],
     [20.760750400000003, 44.6300508],
     [20.760909400000003, 44.629955900000006],
     [20.761071, 44.629861000000005], [20.7611735, 44.629771600000005],
     [20.7612299, 44.629669400000004],
     [20.7612017, 44.629559900000004],
     [20.761091500000003, 44.6294577], [20.7609351, 44.6293792],
     [20.7607453, 44.6292843], [20.760501700000003, 44.6291693],
     [20.7603581, 44.6290799], [20.760217100000002, 44.6289631],
     [20.7600683, 44.628824400000006],
     [20.7599555, 44.628696700000006],
     [20.7598273, 44.628572600000005],
     [20.7596452, 44.628417500000005],
     [20.7595145, 44.628318900000004],
     [20.759314500000002, 44.628173000000004], [20.759176, 44.6280616],
     [20.7590137, 44.6279498]]}},
  {"type":"Feature",
   "properties":{},
   "geometry":
   {"type":"LineString",
    "coordinates":
    [[20.7590137, 44.6279498], [20.759189300000003, 44.627827],
     [20.7594728, 44.627656], [20.7598178, 44.627423500000006],
     [20.760674400000003, 44.6269543], [20.7613062, 44.626612],
     [20.7619532, 44.626266], [20.762523, 44.6259456],
     [20.7627202, 44.6258228],
     [20.763117100000002, 44.625491700000005]]}},
  {"type":"Feature",
   "properties":{},
   "geometry":
   {"type":"LineString",
    "coordinates":
    [[20.7647447, 44.6243301],
     [20.763117100000002, 44.625491700000005]]}},
  {"type":"Feature",
   "properties":{},
   "geometry":
   {"type":"LineString",
    "coordinates":
    [[20.766578600000003, 44.623459000000004],
     [20.7663955, 44.6235342], [20.7660273, 44.623689000000006],
     [20.765299600000002, 44.624048900000005], [20.764999, 44.6241708],
     [20.764807700000002, 44.6242852], [20.7647447, 44.6243301]]}},
  {"type":"Feature",
   "properties":{},
   "geometry":
   {"type":"LineString",
    "coordinates":
    [[20.766578600000003, 44.623459000000004],
     [20.766633900000002, 44.6235055]]}},
  {"type":"Feature",
   "properties":{},
   "geometry":
   {"type":"LineString",
    "coordinates":
    [[20.766633900000002, 44.6235055],
     [20.7669427, 44.623388600000006], [20.7673917, 44.6232349],
     [20.767861, 44.6230975], [20.768249400000002, 44.622997500000004],
     [20.768438, 44.6229163], [20.768454700000003, 44.6228976],
     [20.7684572, 44.622869900000005]]}},
  {"type":"Feature",
   "properties":{},
   "geometry":
   {"type":"LineString",
    "coordinates":
    [[20.777608700000002, 44.618766400000005],
     [20.7773095, 44.619259400000004], [20.777260100000003, 44.619404],
     [20.7772386, 44.619503300000005], [20.777197, 44.619720900000004],
     [20.7771514, 44.620044500000006], [20.7771112, 44.6202526],
     [20.7770511, 44.6205275], [20.7770438, 44.620553],
     [20.7770094, 44.6206326], [20.7769744, 44.6206965],
     [20.776903100000002, 44.620776], [20.776803100000002, 44.6208715],
     [20.7766527, 44.621001], [20.7765132, 44.621107],
     [20.7763575, 44.6212025], [20.776030000000002, 44.6213836],
     [20.7756341, 44.621609], [20.775257800000002, 44.6217963],
     [20.774684, 44.6220572], [20.7742417, 44.622251000000006],
     [20.7738039, 44.622417600000006],
     [20.773369300000002, 44.6225499],
     [20.7725483, 44.622799300000004], [20.7724236, 44.6228357],
     [20.7720969, 44.6228993], [20.771768, 44.622938000000005],
     [20.7714514, 44.6229517], [20.7710711, 44.622943500000005],
     [20.7705702, 44.622939200000005],
     [20.770286300000002, 44.622938500000004],
     [20.7700353, 44.622936700000004],
     [20.7695127, 44.622909500000006], [20.768998, 44.622885000000004],
     [20.7684572, 44.622869900000005]]}},
  {"type":"Feature",
   "properties":{},
   "geometry":
   {"type":"LineString",
    "coordinates":
    [[20.782147000000002, 44.6141153],
     [20.7819164, 44.614300500000006], [20.7816267, 44.6145087],
     [20.781436300000003, 44.6146289],
     [20.780996400000003, 44.6149344],
     [20.7806557, 44.615199800000006],
     [20.780438500000002, 44.615398400000004],
     [20.7800887, 44.6158464], [20.7796701, 44.6164307],
     [20.779492400000002, 44.6166186],
     [20.778465200000003, 44.6174174],
     [20.778248400000003, 44.6177031],
     [20.777608700000002, 44.618766400000005]]}},
  {"type":"Feature",
   "properties":{},
   "geometry":
   {"type":"LineString",
    "coordinates":
    [[20.782147000000002, 44.6141153],
     [20.7829017, 44.613511800000005], [20.7832012, 44.6132962],
     [20.783399600000003, 44.6131626], [20.7836679, 44.6130385],
     [20.7840449, 44.612850300000005], [20.7843155, 44.6127454],
     [20.7845625, 44.6126802], [20.784801, 44.612639900000005]]}},
  {"type":"Feature",
   "properties":{},
   "geometry":
   {"type":"LineString",
    "coordinates":
    [[20.784801, 44.612639900000005], [20.785039700000002, 44.6126274],
     [20.785338600000003, 44.6126042], [20.7856607, 44.6125801],
     [20.7864328, 44.612497600000005],
     [20.786989300000002, 44.6124523],
     [20.7874872, 44.612385700000004],
     [20.788056400000002, 44.6122692], [20.7881885, 44.6122468],
     [20.7883877, 44.6122266], [20.788597000000003, 44.6122005],
     [20.788958700000002, 44.612135], [20.7896237, 44.6120504],
     [20.7903503, 44.611966200000005], [20.79082, 44.611918100000004],
     [20.791279600000003, 44.6118411], [20.7920535, 44.6117858],
     [20.792873200000002, 44.6116618],
     [20.7936832, 44.611633100000006], [20.794217, 44.6116885],
     [20.7947695, 44.6117974], [20.7953355, 44.6119062],
     [20.7955152, 44.611931000000006]]}},
  {"type":"Feature",
   "properties":{},
   "geometry":
   {"type":"LineString",
    "coordinates":
    [[20.813227, 44.6193825], [20.8131118, 44.619297],
     [20.8128062, 44.6190049], [20.8121641, 44.6184949],
     [20.811572700000003, 44.6180643], [20.8112517, 44.6178262],
     [20.810872500000002, 44.6175769],
     [20.810601300000002, 44.6174277],
     [20.8103425, 44.617296100000004], [20.8099728, 44.6171646],
     [20.809233300000002, 44.6170242],
     [20.809019300000003, 44.616941000000004],
     [20.8084755, 44.6168327], [20.8078977, 44.616708800000005],
     [20.8074617, 44.6166138], [20.8071018, 44.616545300000006],
     [20.806730100000003, 44.616508], [20.8063229, 44.6164587],
     [20.806003500000003, 44.616385300000005],
     [20.805675700000002, 44.6162458],
     [20.805179000000003, 44.615929400000006],
     [20.804731200000003, 44.6156925], [20.804275, 44.6154772],
     [20.8037123, 44.615209], [20.803189, 44.6150347],
     [20.8027692, 44.6148857], [20.802412500000003, 44.6147712],
     [20.8023184, 44.6147319], [20.8020518, 44.6146207],
     [20.8017952, 44.614480500000006], [20.801289, 44.6143024],
     [20.8007414, 44.6141086], [20.800189800000002, 44.6139789],
     [20.799712800000002, 44.6138721], [20.799400600000002, 44.613821],
     [20.798970100000002, 44.6136734], [20.7985903, 44.6133746],
     [20.798252400000003, 44.613188300000004], [20.7978846, 44.61301],
     [20.797677, 44.612905500000004], [20.7971308, 44.612661800000005],
     [20.7968277, 44.6125175], [20.796429800000002, 44.6123874],
     [20.7961777, 44.612284300000006], [20.7958773, 44.6121372],
     [20.7955152, 44.611931000000006]]}},
  {"type":"Feature",
   "properties":{},
   "geometry":
   {"type":"LineString",
    "coordinates":
    [[20.8133443, 44.619368400000006],
     [20.8132857, 44.619375500000004], [20.813227, 44.6193825]]}},
  {"type":"Feature",
   "properties":{},
   "geometry":
   {"type":"LineString",
    "coordinates":
    [[20.8500589, 44.626627500000005],
     [20.8500009, 44.626521100000005], [20.8499084, 44.6263852],
     [20.849853, 44.6261177], [20.849809800000003, 44.625841400000006],
     [20.849809800000003, 44.6254598],
     [20.849785200000003, 44.6250476], [20.8496373, 44.6246309],
     [20.849603000000002, 44.6245349],
     [20.8495387, 44.624354600000004], [20.8494648, 44.6240213],
     [20.849390800000002, 44.6236266], [20.8493847, 44.6233415],
     [20.8493415, 44.6231354], [20.849304500000002, 44.6229248],
     [20.849162800000002, 44.6226792], [20.8490827, 44.6225608],
     [20.849062200000002, 44.6224986],
     [20.8486945, 44.622591500000006],
     [20.848294000000003, 44.6227845], [20.8479797, 44.6228634],
     [20.847856500000002, 44.6229512], [20.8476408, 44.6229687],
     [20.847400500000003, 44.622999400000005],
     [20.847061500000002, 44.6231178],
     [20.8467966, 44.623262600000004], [20.846433, 44.6233547],
     [20.8460633, 44.623468700000004],
     [20.845823000000003, 44.6234994],
     [20.8456011, 44.623455500000006], [20.845102, 44.623310800000006],
     [20.8447816, 44.6232538], [20.844541200000002, 44.6232406],
     [20.8442763, 44.623249400000006],
     [20.843992800000002, 44.623284500000004],
     [20.8436662, 44.623328300000004], [20.8431979, 44.6233766],
     [20.842871300000002, 44.623451100000004],
     [20.8424769, 44.623534500000005],
     [20.842162700000003, 44.6236003],
     [20.841768300000002, 44.6237143], [20.8414787, 44.6238108],
     [20.8410473, 44.623902900000004],
     [20.840770000000003, 44.624003800000004],
     [20.8405667, 44.624087100000004],
     [20.840489700000003, 44.6241059],
     [20.840321900000003, 44.6241658],
     [20.840109400000003, 44.6241883], [20.8399426, 44.6241714],
     [20.839870400000002, 44.624163100000004],
     [20.839658500000002, 44.624115],
     [20.839399200000003, 44.624078100000006],
     [20.8390752, 44.6240065], [20.838470100000002, 44.6238599],
     [20.837812500000002, 44.623741200000005],
     [20.837488800000003, 44.6236813], [20.8372771, 44.6236003],
     [20.8369383, 44.623459100000005], [20.836442700000003, 44.623292],
     [20.835990000000002, 44.623175],
     [20.835729100000002, 44.623056000000005],
     [20.835468000000002, 44.62294], [20.8351083, 44.622763600000006],
     [20.8344624, 44.6224691], [20.8339684, 44.6222721],
     [20.833612300000002, 44.6221538], [20.8332692, 44.6220367],
     [20.8327068, 44.6218597], [20.8323335, 44.621762700000005],
     [20.832053300000002, 44.621678100000004],
     [20.8317385, 44.621569300000004], [20.8313934, 44.6214577],
     [20.8309314, 44.6212699], [20.8306678, 44.621140600000004],
     [20.8305578, 44.6210796], [20.8304425, 44.6210089],
     [20.8302349, 44.6208736], [20.8299491, 44.620690800000006],
     [20.829712400000002, 44.620594800000006],
     [20.8294669, 44.6205147], [20.829019300000002, 44.6204246],
     [20.8289426, 44.6203993],
     [20.828689400000002, 44.620379500000006],
     [20.828387900000003, 44.6203852], [20.8279386, 44.6203811],
     [20.827487, 44.6203437], [20.8269917, 44.6202811],
     [20.8265832, 44.620209700000004],
     [20.826142100000002, 44.6201158], [20.8255874, 44.62003],
     [20.825327100000003, 44.620010900000004],
     [20.824879000000003, 44.6199658],
     [20.824505600000002, 44.619951400000005],
     [20.8240984, 44.6199418], [20.8237013, 44.6199285],
     [20.8232806, 44.619899700000005],
     [20.822876700000002, 44.6198732],
     [20.822513500000003, 44.6198648],
     [20.822047100000002, 44.619893600000005],
     [20.8217497, 44.6199201], [20.8213256, 44.6199093],
     [20.8209358, 44.6199023], [20.8206086, 44.6198488],
     [20.8199635, 44.6197304],
     [20.819499500000003, 44.619671200000006],
     [20.819062300000002, 44.6196513], [20.8188435, 44.6196603],
     [20.818611100000002, 44.619697], [20.8184033, 44.619734900000005],
     [20.8181625, 44.6197613], [20.8178996, 44.6197734],
     [20.817548900000002, 44.619779400000006],
     [20.8170568, 44.619779900000005],
     [20.8168194, 44.619792800000006],
     [20.816640600000003, 44.6197837], [20.8164579, 44.6197505],
     [20.816254, 44.6197018], [20.8160783, 44.6196846],
     [20.8158812, 44.619709400000005],
     [20.815678700000003, 44.6197591],
     [20.815446700000003, 44.619811600000006],
     [20.815143600000003, 44.6198345], [20.8149531, 44.6198307],
     [20.814792200000003, 44.619811600000006],
     [20.814530700000002, 44.619751400000006],
     [20.814224900000003, 44.619674100000005],
     [20.8138642, 44.619580600000006],
     [20.8133443, 44.619368400000006]]}},
  {"type":"Feature",
   "properties":{},
   "geometry":
   {"type":"LineString",
    "coordinates":
    [[20.8549073, 44.6282435], [20.854811700000003, 44.6282141],
     [20.8543433, 44.6281702], [20.8536655, 44.6280123],
     [20.853184900000002, 44.6278632], [20.852544, 44.627687800000004],
     [20.8519894, 44.627521200000004], [20.8513732, 44.6273107],
     [20.851102100000002, 44.6271791], [20.8507077, 44.6269598],
     [20.8502271, 44.6267581], [20.8500589, 44.626627500000005]]}},
  {"type":"Feature",
   "properties":{},
   "geometry":
   {"type":"LineString",
    "coordinates":
    [[20.8549073, 44.6282435], [20.855075300000003, 44.6282529],
     [20.855321800000002, 44.6282529], [20.855519, 44.6282793],
     [20.855642200000002, 44.6283407],
     [20.8557901, 44.628349400000005], [20.855975, 44.6283143],
     [20.856198000000003, 44.6283058], [20.8564495, 44.6282793]]}},
  {"type":"Feature",
   "properties":{},
   "geometry":
   {"type":"LineString",
    "coordinates":
    [[20.8564495, 44.6282793], [20.856779900000003, 44.6283472],
     [20.857235900000003, 44.6284274],
     [20.857568500000003, 44.628545700000004],
     [20.8579815, 44.6287862],
     [20.858158500000002, 44.628942800000004],
     [20.8583731, 44.6290649], [20.8587808, 44.6290764],
     [20.859269, 44.6291298], [20.859837600000002, 44.6291871],
     [20.860325800000002, 44.6292367],
     [20.8607038, 44.629192800000006]]}},
  {"type":"Feature",
   "properties":{},
   "geometry":
   {"type":"LineString",
    "coordinates":
    [[20.8607038, 44.629192800000006],
     [20.861050000000002, 44.6291947],
     [20.861500600000003, 44.6292558],
     [20.861849300000003, 44.6293512], [20.8621926, 44.6294352],
     [20.8625627, 44.629565], [20.8629396, 44.6297754]]}},
  {"type":"Feature",
   "properties":{},
   "geometry":
   {"type":"LineString",
    "coordinates":
    [[20.8629396, 44.6297754], [20.8632013, 44.629728300000004]]}},
  {"type":"Feature",
   "properties":{},
   "geometry":
   {"type":"LineString",
    "coordinates":
    [[20.8632013, 44.629728300000004],
     [20.863350500000003, 44.6299118],
     [20.863532900000003, 44.630095000000004],
     [20.8637903, 44.6302783], [20.8640908, 44.6304157],
     [20.8644877, 44.630560800000005],
     [20.8648096, 44.630667700000004],
     [20.865045600000002, 44.6307593], [20.8652173, 44.630828],
     [20.865410400000002, 44.6308586],
     [20.865678600000003, 44.6308586],
     [20.8659576, 44.630973100000006],
     [20.866236500000003, 44.631110500000005],
     [20.866483300000002, 44.631232700000005], [20.8667193, 44.631393],
     [20.866858800000003, 44.631545700000004],
     [20.8670519, 44.6317442],
     [20.867191400000003, 44.631851100000006],
     [20.8674596, 44.6319962], [20.8677171, 44.6321183],
     [20.8681141, 44.6322787], [20.8684359, 44.6324314],
     [20.8687042, 44.6326223], [20.8689831, 44.6327979],
     [20.869305, 44.6329964], [20.869626800000002, 44.6331567],
     [20.8698629, 44.6333094], [20.8703135, 44.633569],
     [20.870796300000002, 44.6338438], [20.8714185, 44.6341187],
     [20.871737500000002, 44.634270300000004],
     [20.8720515, 44.634469900000006], [20.8722339, 44.6345997],
     [20.8724378, 44.6347218], [20.8727489, 44.634935600000006],
     [20.8729635, 44.635179900000004],
     [20.8731137, 44.635431800000006],
     [20.8733605, 44.635813600000006], [20.8735107, 44.6359281],
     [20.873603300000003, 44.6359693],
     [20.873682300000002, 44.636004400000004],
     [20.8740686, 44.6361037], [20.8742939, 44.6361647],
     [20.8747016, 44.6362182], [20.8751736, 44.6362716],
     [20.875624300000002, 44.636363200000005],
     [20.875999800000002, 44.6365083], [20.8762894, 44.6366304],
     [20.8765898, 44.636729700000004],
     [20.8767937, 44.636828900000005], [20.8769439, 44.6369587],
     [20.8771048, 44.6371801], [20.877202500000003, 44.6372821],
     [20.8772658, 44.637348100000004],
     [20.8775018, 44.637516000000005], [20.8777271, 44.6376153],
     [20.8779417, 44.637745100000004],
     [20.8781241, 44.637913000000005], [20.8782314, 44.6381268],
     [20.8782783, 44.6383815], [20.8784269, 44.6385779],
     [20.8787242, 44.638865], [20.878809200000003, 44.6389456],
     [20.878964, 44.639166800000005]]}},
  {"type":"Feature",
   "properties":{},
   "geometry":
   {"type":"LineString",
    "coordinates":
    [[20.878964, 44.639166800000005],
     [20.881833200000003, 44.6406341]]}},
  {"type":"Feature",
   "properties":{},
   "geometry":
   {"type":"LineString",
    "coordinates":
    [[20.881833200000003, 44.6406341], [20.8820796, 44.6407941],
     [20.8823468, 44.6409889], [20.8825456, 44.641133800000006],
     [20.882651300000003, 44.6413334], [20.882814, 44.6415851],
     [20.8829359, 44.6417586],
     [20.883041600000002, 44.641943700000006],
     [20.8832042, 44.6421433], [20.8834644, 44.6423458],
     [20.8836677, 44.6424876], [20.8846434, 44.642996700000005]]}},
  {"type":"Feature",
   "properties":{},
   "geometry":
   {"type":"LineString",
    "coordinates":
    [[20.8846434, 44.642996700000005],
     [20.884850800000002, 44.6430805], [20.8850096, 44.6432602],
     [20.885070300000002, 44.643366900000004],
     [20.8851516, 44.6435636], [20.8851625, 44.643623500000004],
     [20.8852207, 44.6439425]]}},
  {"type":"Feature",
   "properties":{},
   "geometry":
   {"type":"LineString",
    "coordinates":
    [[20.8852207, 44.6439425], [20.885310200000003, 44.6441971],
     [20.8853264, 44.644451600000004],
     [20.885342700000002, 44.644654100000004],
     [20.8853711, 44.644819000000005], [20.8854687, 44.6450012],
     [20.885637600000003, 44.6451873], [20.8858681, 44.6454849],
     [20.8861041, 44.6458035], [20.8862074, 44.645983],
     [20.886337400000002, 44.646163200000004],
     [20.8865139, 44.6463893], [20.8867422, 44.6466651],
     [20.8867814, 44.6467186], [20.886796500000003, 44.6467437]]}},
  {"type":"Feature",
   "properties":{},
   "geometry":
   {"type":"LineString",
    "coordinates":
    [[20.886796500000003, 44.6467437],
     [20.886862500000003, 44.646774300000004], [20.8870818, 44.646898],
     [20.887446, 44.647108200000005], [20.8876397, 44.647187100000004],
     [20.8879012, 44.6472968], [20.8881944, 44.6474321],
     [20.8883759, 44.6474982], [20.888540900000002, 44.6475583],
     [20.888593200000003, 44.647579300000004],
     [20.8887658, 44.6476668]]}},
  {"type":"Feature",
   "properties":{},
   "geometry":
   {"type":"LineString",
    "coordinates":
    [[20.888122000000003, 44.6495374],
     [20.8881094, 44.649474100000006],
     [20.888103700000002, 44.6494006], [20.8881294, 44.6493091],
     [20.8881815, 44.6492194], [20.8882239, 44.6491686],
     [20.888256600000002, 44.649135400000006],
     [20.8884855, 44.6489678],
     [20.888540900000002, 44.648900700000006],
     [20.8885717, 44.648853900000006],
     [20.888583800000003, 44.6488225], [20.8885887, 44.6487531],
     [20.8885498, 44.648603400000006], [20.8885235, 44.6484704],
     [20.8885417, 44.6482618], [20.8885758, 44.648035300000004],
     [20.8885927, 44.6479641], [20.888648200000002, 44.6478502],
     [20.8887658, 44.6476668]]}},
  {"type":"Feature",
   "properties":{},
   "geometry":
   {"type":"LineString",
    "coordinates":
    [[20.8860825, 44.6549053], [20.886353, 44.654653200000006],
     [20.8865729, 44.6544511], [20.8867297, 44.6543214],
     [20.8868511, 44.6542388], [20.8870068, 44.6541531],
     [20.887150000000002, 44.654071300000005],
     [20.887267100000003, 44.653988000000005],
     [20.8873433, 44.6539343], [20.8874369, 44.6538613],
     [20.8877519, 44.6535306],
     [20.888173700000003, 44.653118500000005],
     [20.8883142, 44.652992700000006], [20.8885235, 44.6528276],
     [20.889019100000002, 44.652422400000006],
     [20.8891949, 44.6522851], [20.8893041, 44.652202],
     [20.889372400000003, 44.6521684],
     [20.889554800000003, 44.6521283],
     [20.889634400000002, 44.6521027],
     [20.889675500000003, 44.652075800000006],
     [20.889703400000002, 44.6520522],
     [20.8897026, 44.652028900000005],
     [20.8893193, 44.651603300000005],
     [20.8892785, 44.651549200000005], [20.889253, 44.651512000000004],
     [20.8892458, 44.6514747], [20.8892533, 44.6514353],
     [20.889265100000003, 44.651408], [20.8893251, 44.6513105],
     [20.889447500000003, 44.6510979],
     [20.889529300000003, 44.6509644], [20.8896978, 44.6507348],
     [20.889717, 44.6506829], [20.8897206, 44.650618400000006],
     [20.889713, 44.650578], [20.8896883, 44.650514400000006],
     [20.889584300000003, 44.650382400000005],
     [20.8894819, 44.6502988], [20.8892034, 44.6501334],
     [20.8888453, 44.6499235], [20.8885516, 44.6497832],
     [20.8883008, 44.649643000000005],
     [20.888122000000003, 44.6495374]]}},
  {"type":"Feature",
   "properties":{},
   "geometry":
   {"type":"LineString",
    "coordinates":
    [[20.8948378, 44.658575600000006], [20.8946738, 44.6584876],
     [20.8945599, 44.658443600000005], [20.8944686, 44.6584189],
     [20.894354500000002, 44.658403], [20.8942222, 44.658396700000004],
     [20.8941212, 44.658404600000004],
     [20.894020100000002, 44.658429000000005],
     [20.8939056, 44.658495800000004], [20.89368, 44.6586468],
     [20.893596900000002, 44.658688000000005],
     [20.893496000000003, 44.6587241],
     [20.893330300000002, 44.6587643],
     [20.893130900000003, 44.6588093],
     [20.893053700000003, 44.658827200000005],
     [20.892990700000002, 44.658831],
     [20.892939400000003, 44.658817400000004],
     [20.8928482, 44.6587766], [20.892536, 44.6586021],
     [20.8923972, 44.6585399], [20.8922101, 44.658461300000006],
     [20.891616000000003, 44.6582444], [20.8911565, 44.6580633],
     [20.8904488, 44.657774200000006], [20.8901884, 44.6576697],
     [20.8900939, 44.6576224], [20.889982800000002, 44.6575592],
     [20.8898854, 44.6574917], [20.889792, 44.6574224],
     [20.889696, 44.6573511], [20.889613, 44.657289500000005],
     [20.8895306, 44.6572423], [20.889283900000002, 44.6571465],
     [20.8888424, 44.656980700000005],
     [20.888518100000002, 44.6568679],
     [20.888290100000003, 44.6568011],
     [20.888185800000002, 44.6567675], [20.8881146, 44.6567468],
     [20.8880085, 44.656665600000004],
     [20.887446500000003, 44.6561876],
     [20.886669100000002, 44.6554979], [20.8860825, 44.6549053]]}},
  {"type":"Feature",
   "properties":{},
   "geometry":
   {"type":"LineString",
    "coordinates":
    [[20.897179, 44.657465200000004], [20.8971199, 44.657468800000004],
     [20.897102500000003, 44.657470700000005],
     [20.8970395, 44.657475500000004], [20.896938000000002, 44.657504],
     [20.8968725, 44.6575326],
     [20.896795400000002, 44.657581400000005],
     [20.8967345, 44.6576389], [20.896691, 44.657679],
     [20.8966666, 44.6577016], [20.8966058, 44.657749100000004],
     [20.8965129, 44.657805], [20.8964114, 44.657855500000004],
     [20.896280400000002, 44.657916300000004],
     [20.896160400000003, 44.6579725],
     [20.895942100000003, 44.658060400000004],
     [20.8957601, 44.6581283], [20.8954656, 44.6582657],
     [20.895098100000002, 44.658444],
     [20.8948378, 44.658575600000006]]}},
  {"type":"Feature",
   "properties":{},
   "geometry":
   {"type":"LineString",
    "coordinates":
    [[20.8978991, 44.657187400000005], [20.8976644, 44.6572504],
     [20.8975343, 44.657278000000005],
     [20.897457900000003, 44.6573076], [20.8973768, 44.6573567],
     [20.897317100000002, 44.6573915],
     [20.897264800000002, 44.657422600000004],
     [20.8972205, 44.657446900000004],
     [20.897179, 44.657465200000004]]}},
  {"type":"Feature",
   "properties":{},
   "geometry":
   {"type":"LineString",
    "coordinates":
    [[20.900415000000002, 44.6590763], [20.8999059, 44.658734],
     [20.8996077, 44.658517200000006], [20.899374, 44.6583264],
     [20.899335400000002, 44.6582949], [20.8990981, 44.6580755],
     [20.898812200000002, 44.6578652], [20.8983618, 44.657547],
     [20.898162000000003, 44.6573944],
     [20.8978991, 44.657187400000005]]}},
  {"type":"Feature",
   "properties":{},
   "geometry":
   {"type":"LineString",
    "coordinates":
    [[20.900365400000002, 44.6591077],
     [20.900415000000002, 44.6590763]]}},
  {"type":"Feature",
   "properties":{},
   "geometry":
   {"type":"LineString",
    "coordinates":
    [[20.900365400000002, 44.6591077], [20.900452, 44.659159300000006],
     [20.9005674, 44.6592087], [20.900751, 44.659254600000004],
     [20.9010266, 44.6592861], [20.9011321, 44.6592859],
     [20.9012506, 44.6592696], [20.9013437, 44.659264500000006],
     [20.9014011, 44.659269900000005],
     [20.901459900000003, 44.659279000000005],
     [20.901526500000003, 44.659300800000004],
     [20.9015603, 44.6593248], [20.901756300000002, 44.6594478],
     [20.902141200000003, 44.6596844],
     [20.9023866, 44.659884700000006],
     [20.9026602, 44.660219500000004],
     [20.902768000000002, 44.6603423]]}},
  {"type":"Feature",
   "properties":{},
   "geometry":
   {"type":"LineString",
    "coordinates":
    [[20.902768000000002, 44.6603423],
     [20.9028882, 44.660319900000005],
     [20.902955900000002, 44.6602065],
     [20.903110700000003, 44.660152000000004],
     [20.903283700000003, 44.6600867],
     [20.903507700000002, 44.6600108],
     [20.903676100000002, 44.6599188],
     [20.903764900000002, 44.659839600000005],
     [20.903766400000002, 44.6597402],
     [20.903764900000002, 44.659643900000006],
     [20.903785900000003, 44.6595883],
     [20.90387, 44.659582500000006]]}},
  {"type":"Feature",
   "properties":{},
   "geometry":
   {"type":"LineString",
    "coordinates":
    [[20.90387, 44.659582500000006], [20.9039073, 44.6596581],
     [20.9039904, 44.6599109], [20.9040615, 44.6602009],
     [20.9040657, 44.6602648], [20.9040775, 44.6603945],
     [20.9040937, 44.6604231], [20.9041205, 44.6604527],
     [20.9041527, 44.660473700000004],
     [20.904213000000002, 44.660497500000005],
     [20.9042815, 44.660535700000004]]}},
  {"type":"Feature",
   "properties":{},
   "geometry":
   {"type":"LineString",
    "coordinates":
    [[20.9042815, 44.660535700000004], [20.9043123, 44.6605968],
     [20.9043378, 44.660654], [20.904402100000002, 44.6608123],
     [20.9044706, 44.6610127], [20.904487500000002, 44.6611247],
     [20.9044831, 44.6611891],
     [20.904469300000002, 44.661238100000006],
     [20.904429, 44.661303600000004],
     [20.904415500000002, 44.661332200000004],
     [20.9044102, 44.6613637], [20.9044209, 44.6613904],
     [20.9044478, 44.661426600000006],
     [20.9045324, 44.661501900000005], [20.9046398, 44.6615837],
     [20.9047214, 44.661632700000006]]}},
  {"type":"Feature",
   "properties":{},
   "geometry":
   {"type":"LineString",
    "coordinates":
    [[20.9047214, 44.661632700000006],
     [20.905019000000003, 44.6618397],
     [20.905133000000003, 44.661916000000005],
     [20.9052216, 44.6619541], [20.905353, 44.6620019],
     [20.905725800000003, 44.662124000000006],
     [20.9059859, 44.662207200000005],
     [20.906197900000002, 44.6622709],
     [20.9065587, 44.662367200000006],
     [20.906836300000002, 44.6624349], [20.907166, 44.662499100000005],
     [20.9073072, 44.662531200000004],
     [20.9076396, 44.662583700000006],
     [20.9080391, 44.662626200000005], [20.9082967, 44.6626276],
     [20.908480400000002, 44.6626314],
     [20.908634600000003, 44.6626629],
     [20.9088533, 44.662722900000006], [20.909031600000002, 44.662784],
     [20.9091926, 44.6628537], [20.9095225, 44.6630425],
     [20.909641800000003, 44.6631121],
     [20.909827200000002, 44.6631955], [20.9099061, 44.6632247],
     [20.9099811, 44.6632371],
     [20.910064300000002, 44.663243800000004],
     [20.9102855, 44.663247500000004],
     [20.9105256, 44.663254300000006],
     [20.9107214, 44.663264700000006],
     [20.910820700000002, 44.6632763],
     [20.9109011, 44.663294300000004], [20.9110121, 44.6633256],
     [20.911098300000003, 44.6633573],
     [20.9111584, 44.663401500000006],
     [20.9112374, 44.663493200000005], [20.9113435, 44.6636722],
     [20.9114806, 44.663921800000004],
     [20.911538500000002, 44.664041000000005],
     [20.9116062, 44.664180200000004]]}},
  {"type":"Feature",
   "properties":{},
   "geometry":
   {"type":"LineString",
    "coordinates":
    [[20.9113045, 44.664146300000006], [20.9113344, 44.6641502],
     [20.9114328, 44.6641629], [20.9116062, 44.664180200000004]]}},
  {"type":"Feature",
   "properties":{},
   "geometry":
   {"type":"LineString",
    "coordinates":
    [[20.9113045, 44.664146300000006], [20.9112867, 44.664206]]}},
  {"type":"Feature",
   "properties":{},
   "geometry":
   {"type":"LineString",
    "coordinates":
    [[20.9112867, 44.664206], [20.9113654, 44.664225200000004]]}},
  {"type":"Feature",
   "properties":{},
   "geometry":
   {"type":"LineString",
    "coordinates":
    [[20.9113654, 44.664225200000004], [20.9113598, 44.664265],
     [20.911358, 44.6642777]]}},
  {"type":"Feature",
   "properties":{},
   "geometry":
   {"type":"LineString",
    "coordinates":
    [[20.911358, 44.6642777], [20.911334800000002, 44.6644382],
     [20.9112434, 44.664635100000005]]}},
  {"type":"Feature",
   "properties":{},
   "geometry":
   {"type":"LineString",
    "coordinates":
    [[20.9112434, 44.664635100000005],
     [20.911684400000002, 44.6646623], [20.9119256, 44.6646786],
     [20.9124473, 44.6647406], [20.9129863, 44.664799900000006],
     [20.913336700000002, 44.6648477], [20.9136601, 44.6648908],
     [20.913999800000003, 44.6649219], [20.9143267, 44.6649613],
     [20.9146779, 44.665043700000005],
     [20.914732400000002, 44.665056500000006],
     [20.9148283, 44.665076500000005], [20.9150648, 44.6651478],
     [20.915791600000002, 44.6652889],
     [20.916179200000002, 44.6653686]]}},
  {"type":"Feature",
   "properties":{},
   "geometry":
   {"type":"LineString",
    "coordinates":
    [[20.9219151, 44.6665428], [20.9218465, 44.666605100000005],
     [20.9209102, 44.666174500000004], [20.9207705, 44.666127],
     [20.9207027, 44.6661062], [20.9206715, 44.6661694],
     [20.9206425, 44.6661908], [20.9205593, 44.666151400000004],
     [20.9198083, 44.6662424], [20.918667000000003, 44.6658234],
     [20.9185668, 44.6657901],
     [20.918387600000003, 44.665800000000004],
     [20.918058600000002, 44.6657031],
     [20.917682600000003, 44.665615900000006],
     [20.9168929, 44.6654731], [20.9165937, 44.665446700000004],
     [20.916179200000002, 44.6653686]]}},
  {"type":"Feature",
   "properties":{},
   "geometry":
   {"type":"LineString",
    "coordinates":
    [[20.925994000000003, 44.6655743],
     [20.925865700000003, 44.6655943], [20.9247485, 44.6657682],
     [20.924390600000002, 44.665821400000006],
     [20.9239533, 44.665886300000004], [20.922906, 44.6660471],
     [20.922769300000002, 44.6660855],
     [20.922662600000002, 44.666130100000004],
     [20.922570200000003, 44.6661681],
     [20.922411200000003, 44.666237900000006],
     [20.922285000000002, 44.666308300000004],
     [20.9221119, 44.6664114],
     [20.921982200000002, 44.666498000000004],
     [20.9219151, 44.6665428]]}},
  {"type":"Feature",
   "properties":{},
   "geometry":
   {"type":"LineString",
    "coordinates":
    [[20.925994000000003, 44.6655743],
     [20.926406800000002, 44.6655176]]}},
  {"type":"Feature",
   "properties":{},
   "geometry":
   {"type":"LineString",
    "coordinates":
    [[20.926406800000002, 44.6655176],
     [20.926630900000003, 44.6654873], [20.9267781, 44.6654811],
     [20.926836400000003, 44.6654823]]}},
  {"type":"Feature",
   "properties":{},
   "geometry":
   {"type":"LineString",
    "coordinates":
    [[20.926836400000003, 44.6654823],
     [20.927295400000002, 44.6654703], [20.9273878, 44.6654679]]}},
  {"type":"Feature",
   "properties":{},
   "geometry":
   {"type":"LineString",
    "coordinates":
    [[20.927349, 44.666402100000006], [20.9273454, 44.6663469],
     [20.927336500000003, 44.6662107], [20.9273126, 44.6656187],
     [20.9273206, 44.665553], [20.9273406, 44.6655025],
     [20.9273878, 44.6654679]]}},
  {"type":"Feature",
   "properties":{},
   "geometry":
   {"type":"LineString",
    "coordinates":
    [[20.927349, 44.666402100000006], [20.927351100000003, 44.6664382],
     [20.927361700000002, 44.666615], [20.9273828, 44.6669813],
     [20.9273868, 44.667064800000006],
     [20.9273877, 44.667082900000004],
     [20.9273884, 44.667092100000005],
     [20.927393900000002, 44.667165000000004],
     [20.927402700000002, 44.6672771],
     [20.927412200000003, 44.6673133],
     [20.927424300000002, 44.6673447],
     [20.9274522, 44.667372300000004]]}},
  {"type":"Feature",
   "properties":{},
   "geometry":
   {"type":"LineString",
    "coordinates":
    [[20.9274522, 44.667372300000004], [20.9274065, 44.6674008],
     [20.9273828, 44.667479300000004]]}},
  {"type":"Feature",
   "properties":{},
   "geometry":
   {"type":"LineString",
    "coordinates":
    [[20.9273828, 44.667479300000004],
     [20.9273808, 44.667683200000006], [20.9273805, 44.6677066],
     [20.927376900000002, 44.6677301],
     [20.9273737, 44.667751300000006],
     [20.927370200000002, 44.6677747], [20.9273671, 44.6677953],
     [20.9273633, 44.6678202],
     [20.927356800000002, 44.667863100000005],
     [20.9273494, 44.6679122], [20.9273431, 44.667954200000004],
     [20.9273397, 44.6679765], [20.927336500000003, 44.6679977]]}},
  {"type":"Feature",
   "properties":{},
   "geometry":
   {"type":"LineString",
    "coordinates":
    [[20.927336500000003, 44.6679977],
     [20.927175400000003, 44.668015800000006],
     [20.9270909, 44.668033900000005],
     [20.9270332, 44.668057600000004],
     [20.926993000000003, 44.668095900000004],
     [20.9269676, 44.668137800000004], [20.9269488, 44.6681912],
     [20.926944900000002, 44.6682435], [20.9269487, 44.6683193],
     [20.926968900000002, 44.6684028]]}},
  {"type":"Feature",
   "properties":{},
   "geometry":
   {"type":"LineString",
    "coordinates":
    [[20.926968900000002, 44.6684028],
     [20.927194200000002, 44.6683929]]}},
  {"type":"Feature",
   "properties":{},
   "geometry":
   {"type":"LineString",
    "coordinates":
    [[20.927194200000002, 44.6683929], [20.9272744, 44.6684769],
     [20.927789100000002, 44.6694036], [20.9281644, 44.6704754],
     [20.928213000000003, 44.6707088],
     [20.928215700000003, 44.670779100000004]]}},
  {"type":"Feature",
   "properties":{},
   "geometry":
   {"type":"LineString",
    "coordinates":
    [[20.928215700000003, 44.670779100000004],
     [20.928477400000002, 44.6707253],
     [20.9287114, 44.670711000000004], [20.9289519, 44.6706799],
     [20.9291103, 44.6706201], [20.9292494, 44.670560900000005],
     [20.9293027, 44.6705148], [20.9293401, 44.670469700000005],
     [20.9293778, 44.6704012], [20.929429300000002, 44.6702311]]}},
  {"type":"Feature",
   "properties":{},
   "geometry":
   {"type":"LineString",
    "coordinates":
    [[20.929429300000002, 44.6702311], [20.9295891, 44.6702468]]}},
  {"type":"Feature",
   "properties":{},
   "geometry":
   {"type":"LineString",
    "coordinates":
    [[20.9295891, 44.6702468], [20.929700500000003, 44.6702595]]}},
  {"type":"Feature",
   "properties":{},
   "geometry":
   {"type":"LineString",
    "coordinates":
    [[20.929700500000003, 44.6702595], [20.9299415, 44.6702929]]}},
  {"type":"Feature",
   "properties":{},
   "geometry":
   {"type":"LineString",
    "coordinates":
    [[20.9304515, 44.6684818], [20.9303925, 44.6687997],
     [20.930154, 44.669488400000006], [20.930030600000002, 44.6700663],
     [20.9299903, 44.670194800000004], [20.9299415, 44.6702929]]}},
  {"type":"Feature",
   "properties":{},
   "geometry":
   {"type":"LineString",
    "coordinates":
    [[20.929968300000002, 44.667939000000004],
     [20.9302344, 44.6679918],
     [20.930328900000003, 44.668051600000005],
     [20.930404900000003, 44.6681362],
     [20.9304582, 44.668309300000004], [20.9304515, 44.6684818]]}},
  {"type":"Feature",
   "properties":{},
   "geometry":
   {"type":"LineString",
    "coordinates":
    [[20.929968300000002, 44.667939000000004],
     [20.9292701, 44.667972500000005]]}},
  {"type":"Feature",
   "properties":{},
   "geometry":
   {"type":"LineString",
    "coordinates":
    [[20.9293112, 44.667714800000006],
     [20.9292668, 44.667800400000004], [20.9292681, 44.6678646],
     [20.9292701, 44.667972500000005]]}},
  {"type":"Feature",
   "properties":{},
   "geometry":
   {"type":"LineString",
    "coordinates":
    [[20.929274600000003, 44.6676823],
     [20.9293112, 44.667714800000006]]}},
  {"type":"Feature",
   "properties":{},
   "geometry":
   {"type":"LineString",
    "coordinates":
    [[20.929264800000002, 44.6676194],
     [20.929274600000003, 44.6676823]]}},
  {"type":"Feature",
   "properties":{},
   "geometry":
   {"type":"LineString",
    "coordinates":
    [[20.9292513, 44.667492], [20.929264800000002, 44.6676194]]}},
  {"type":"Feature",
   "properties":{},
   "geometry":
   {"type":"LineString",
    "coordinates":
    [[20.929233200000002, 44.667266500000004],
     [20.9292513, 44.667492]]}},
  {"type":"Feature",
   "properties":{},
   "geometry":
   {"type":"LineString",
    "coordinates":
    [[20.929209, 44.6669223],
     [20.929233200000002, 44.667266500000004]]}},
  {"type":"Feature",
   "properties":{},
   "geometry":
   {"type":"LineString",
    "coordinates":
    [[20.9291762, 44.666383700000004], [20.9291862, 44.6665366],
     [20.9291924, 44.666628700000004],
     [20.9292009, 44.666765700000006], [20.929202200000002, 44.666786],
     [20.9292023, 44.6667939], [20.929203, 44.666836100000005],
     [20.9292088, 44.666918100000004], [20.929209, 44.6669223]]}},
  {"type":"Feature",
   "properties":{},
   "geometry":
   {"type":"LineString",
    "coordinates":
    [[20.9290859, 44.6654348], [20.9291133, 44.665578000000004],
     [20.9291197, 44.6656118], [20.9291249, 44.665690500000004],
     [20.92913, 44.6657677], [20.9291597, 44.666156400000006],
     [20.929163300000003, 44.6662054],
     [20.9291649, 44.666227400000004], [20.9291664, 44.6662479],
     [20.9291695, 44.6662897], [20.9291762, 44.666383700000004]]}},
  {"type":"Feature",
   "properties":{},
   "geometry":
   {"type":"LineString",
    "coordinates":
    [[20.9287432, 44.664217300000004],
     [20.9287701, 44.664316500000005], [20.9288324, 44.6644968],
     [20.9290455, 44.6652896], [20.929060800000002, 44.6653445],
     [20.9290859, 44.6654348]]}},
  {"type":"Feature",
   "properties":{},
   "geometry":
   {"type":"LineString",
    "coordinates":
    [[20.928667700000002, 44.6639326], [20.9286727, 44.6639922],
     [20.9286809, 44.6640286], [20.9286864, 44.664053300000006],
     [20.9287241, 44.6641709], [20.9287432, 44.664217300000004]]}},
  {"type":"Feature",
   "properties":{},
   "geometry":
   {"type":"LineString",
    "coordinates":
    [[20.9290536, 44.6637411], [20.9289333, 44.663796000000005],
     [20.9289248, 44.6637999], [20.928804600000003, 44.6638601],
     [20.928667700000002, 44.6639326]]}},
  {"type":"Feature",
   "properties":{},
   "geometry":
   {"type":"LineString",
    "coordinates":
    [[20.9295364, 44.6635593], [20.9294213, 44.663597100000004],
     [20.9293006, 44.663636800000006], [20.9291778, 44.6636855],
     [20.9290536, 44.6637411]]}},
  {"type":"Feature",
   "properties":{},
   "geometry":
   {"type":"LineString",
    "coordinates":
    [[20.9295364, 44.6635593], [20.9295654, 44.6636389],
     [20.9296182, 44.6637842], [20.9296824, 44.6639744],
     [20.9297463, 44.664169], [20.9297641, 44.6642232]]}},
  {"type":"Feature",
   "properties":{},
   "geometry":
   {"type":"LineString",
    "coordinates":
    [[20.9297641, 44.6642232], [20.929893, 44.6642491],
     [20.9304014, 44.6643514], [20.9306427, 44.664401500000004],
     [20.9314168, 44.6645459], [20.9314411, 44.6645504],
     [20.9314588, 44.664553700000006]]}},
  {"type":"Feature",
   "properties":{},
   "geometry":
   {"type":"LineString",
    "coordinates":
    [[20.9314588, 44.664553700000006], [20.9319154, 44.6646407],
     [20.9319713, 44.6646556]]}},
  {"type":"Feature",
   "properties":{},
   "geometry":
   {"type":"LineString",
    "coordinates":
    [[20.9319713, 44.6646556], [20.9321111, 44.664706900000006],
     [20.932179700000002, 44.664750000000005],
     [20.9322531, 44.6648274], [20.9322808, 44.664867]]}},
  {"type":"Feature",
   "properties":{},
   "geometry":
   {"type":"LineString",
    "coordinates":
    [[20.9322808, 44.664867], [20.9323798, 44.6650087],
     [20.932411000000002, 44.6650525], [20.9325785, 44.6653571],
     [20.9326712, 44.665641900000004], [20.9327772, 44.6658739],
     [20.9328179, 44.6659719],
     [20.932882600000003, 44.666127800000005],
     [20.9329867, 44.6663348], [20.9330503, 44.6664364],
     [20.9331482, 44.666541300000006], [20.9332412, 44.6666242],
     [20.9333354, 44.666698800000006],
     [20.9334183, 44.666749800000005],
     [20.933505500000003, 44.6667836], [20.9335561, 44.6667858],
     [20.933609, 44.666768100000006], [20.933654100000002, 44.6667311],
     [20.9337051, 44.666671400000006],
     [20.933805800000002, 44.666560800000006], [20.933833, 44.6665368],
     [20.933877900000002, 44.666497400000004]]}},
  {"type":"Feature",
   "properties":{},
   "geometry":
   {"type":"LineString",
    "coordinates":
    [[20.933877900000002, 44.666497400000004],
     [20.9341797, 44.6667433], [20.9345529, 44.667009500000006],
     [20.9348399, 44.6672098], [20.9350129, 44.667328000000005],
     [20.9351792, 44.6674349], [20.935370900000002, 44.6675611],
     [20.9358803, 44.667881900000005],
     [20.936594900000003, 44.668298400000005], [20.9370778, 44.668612],
     [20.937330600000003, 44.6687761],
     [20.9374383, 44.668842500000004],
     [20.9374964, 44.668878400000004], [20.9380881, 44.6692435],
     [20.938315300000003, 44.669386800000005],
     [20.938482500000003, 44.669489600000006],
     [20.9386915, 44.669632400000005], [20.9388766, 44.6697678],
     [20.938991100000003, 44.669851400000006],
     [20.9390852, 44.6699202]]}},
  {"type":"Feature",
   "properties":{},
   "geometry":
   {"type":"LineString",
    "coordinates":
    [[20.942887300000002, 44.6679839],
     [20.942707300000002, 44.668064900000005],
     [20.9421295, 44.6683329],
     [20.941392800000003, 44.668658300000004],
     [20.9407207, 44.6689584], [20.9402727, 44.669167],
     [20.9401167, 44.669251300000006],
     [20.939860900000003, 44.6693997],
     [20.939493600000002, 44.6696382], [20.9394451, 44.6696735],
     [20.939144300000002, 44.6698797], [20.9390852, 44.6699202]]}},
  {"type":"Feature",
   "properties":{},
   "geometry":
   {"type":"LineString",
    "coordinates":
    [[20.944536600000003, 44.669778900000004],
     [20.942887300000002, 44.6679839]]}},
  {"type":"Feature",
   "properties":{},
   "geometry":
   {"type":"LineString",
    "coordinates":
    [[20.9513196, 44.6705552], [20.9463984, 44.670033100000005],
     [20.944536600000003, 44.669778900000004]]}},
  {"type":"Feature",
   "properties":{},
   "geometry":
   {"type":"LineString",
    "coordinates":
    [[20.953802500000002, 44.670898], [20.9533138, 44.670784100000006],
     [20.9532439, 44.6707684], [20.9513196, 44.6705552]]}},
  {"type":"Feature",
   "properties":{},
   "geometry":
   {"type":"LineString",
    "coordinates":
    [[20.953973700000002, 44.670933100000006],
     [20.953802500000002, 44.670898]]}},
  {"type":"Feature",
   "properties":{},
   "geometry":
   {"type":"LineString",
    "coordinates":
    [[20.9553838, 44.671071600000005],
     [20.953973700000002, 44.670933100000006]]}},
  {"type":"Feature",
   "properties":{},
   "geometry":
   {"type":"LineString",
    "coordinates":
    [[20.9555596, 44.671088700000006],
     [20.9553838, 44.671071600000005]]}},
  {"type":"Feature",
   "properties":{},
   "geometry":
   {"type":"LineString",
    "coordinates":
    [[20.9676526, 44.6721866], [20.967615900000002, 44.672176],
     [20.967572200000003, 44.6721681], [20.9675142, 44.6721609],
     [20.967355100000002, 44.672146100000006],
     [20.9555596, 44.671088700000006]]}},
  {"type":"Feature",
   "properties":{},
   "geometry":
   {"type":"LineString",
    "coordinates":
    [[20.9677963, 44.672245700000005], [20.9676526, 44.6721866]]}},
  {"type":"Feature",
   "properties":{},
   "geometry":
   {"type":"LineString",
    "coordinates":
    [[20.968923500000002, 44.6728334],
     [20.968827700000002, 44.6727975],
     [20.9687905, 44.672782000000005], [20.9687468, 44.6727611],
     [20.9685811, 44.6726084], [20.9679863, 44.672353900000005],
     [20.9677963, 44.672245700000005]]}},
  {"type":"Feature",
   "properties":{},
   "geometry":
   {"type":"LineString",
    "coordinates":
    [[20.969308400000003, 44.6730244], [20.9691343, 44.6729311],
     [20.9690468, 44.672884800000006], [20.9689847, 44.6728569],
     [20.968923500000002, 44.6728334]]}},
  {"type":"Feature",
   "properties":{},
   "geometry":
   {"type":"LineString",
    "coordinates":
    [[20.9782769, 44.677438800000004],
     [20.978197100000003, 44.677395000000004],
     [20.9781501, 44.677371900000004],
     [20.9775971, 44.677116500000004],
     [20.9772228, 44.676943900000005], [20.9763923, 44.6765355],
     [20.9738767, 44.6753337], [20.9735471, 44.6751829],
     [20.973367800000002, 44.6751008], [20.973131900000002, 44.674987],
     [20.972991800000003, 44.6749194],
     [20.971017500000002, 44.673918400000005],
     [20.969721200000002, 44.6732352],
     [20.969308400000003, 44.6730244]]}},
  {"type":"Feature",
   "properties":{},
   "geometry":
   {"type":"LineString",
    "coordinates":
    [[20.9820752, 44.679889700000004],
     [20.982036700000002, 44.6798738],
     [20.9819873, 44.679850200000004], [20.981926, 44.6798179],
     [20.981736100000003, 44.6797168], [20.9814614, 44.6795703],
     [20.981279100000002, 44.679473200000004], [20.980995, 44.6793217],
     [20.980770800000002, 44.679208200000005],
     [20.980295400000003, 44.678967500000006],
     [20.9799975, 44.678810600000006],
     [20.9798882, 44.678746200000006], [20.979797, 44.6786833],
     [20.979703100000002, 44.678612300000005],
     [20.978466700000002, 44.677586500000004],
     [20.978372500000003, 44.677509],
     [20.9782769, 44.677438800000004]]}},
  {"type":"Feature",
   "properties":{},
   "geometry":
   {"type":"LineString",
    "coordinates":
    [[20.9896983, 44.684122300000006],
     [20.989603900000002, 44.684092500000006], [20.989435, 44.6840198],
     [20.989356800000003, 44.6839779],
     [20.989288000000002, 44.683941100000006],
     [20.989050600000002, 44.683806000000004],
     [20.9872713, 44.6827434], [20.9869123, 44.682510300000004],
     [20.986477200000003, 44.6822256], [20.9861854, 44.6820466],
     [20.9855901, 44.681698100000006],
     [20.985106000000002, 44.6814212],
     [20.984414100000002, 44.6810344], [20.9835566, 44.6805418],
     [20.983233000000002, 44.680361600000005],
     [20.9828596, 44.680163300000004], [20.9827675, 44.6801213],
     [20.9826678, 44.680081], [20.9825351, 44.6800396],
     [20.982405, 44.680002300000005], [20.9822352, 44.6799495],
     [20.982135500000002, 44.679914600000004],
     [20.9820752, 44.679889700000004]]}},
  {"type":"Feature",
   "properties":{},
   "geometry":
   {"type":"LineString",
    "coordinates":
    [[20.9898048, 44.6841499], [20.9896983, 44.684122300000006]]}},
  {"type":"Feature",
   "properties":{},
   "geometry":
   {"type":"LineString",
    "coordinates":
    [[21.0068719, 44.6880961],
     [21.006697600000003, 44.688086500000004],
     [21.0065366, 44.6880551],
     [21.006264400000003, 44.687984500000006], [21.0060056, 44.687914],
     [21.005799, 44.687854900000005], [21.0056166, 44.687819600000005],
     [21.0054544, 44.6878024], [21.0052679, 44.687799600000005],
     [21.0051808, 44.6878034], [21.0048388, 44.687851],
     [21.003887900000002, 44.687941900000006],
     [21.0030962, 44.687830000000005], [21.0028519, 44.6877955],
     [21.0019439, 44.687596400000004], [21.001307, 44.687447500000005],
     [21.0006403, 44.687229900000006],
     [21.0000208, 44.686923300000004],
     [20.999596800000003, 44.686732500000005], [20.998538, 44.6863363],
     [20.997133100000003, 44.6858567], [20.9945519, 44.68515],
     [20.993671000000003, 44.6849791],
     [20.993121900000002, 44.6848626],
     [20.992906400000003, 44.6848049],
     [20.9926876, 44.684740600000005], [20.9920134, 44.6845256],
     [20.9915826, 44.6843979], [20.9912956, 44.6843293],
     [20.9911642, 44.6843026], [20.9910234, 44.684284500000004],
     [20.9908772, 44.684270700000006],
     [20.9905595, 44.684244500000005],
     [20.990327100000002, 44.6842288], [20.9900424, 44.6842042],
     [20.989990900000002, 44.684193900000004],
     [20.989898800000002, 44.6841754], [20.9898048, 44.6841499]]}},
  {"type":"Feature",
   "properties":{},
   "geometry":
   {"type":"LineString",
    "coordinates":
    [[21.0077873, 44.691542500000004], [21.0071894, 44.690364],
     [21.0070821, 44.6894487], [21.0069915, 44.688920100000004],
     [21.0068719, 44.6880961]]}},
  {"type":"Feature",
   "properties":{},
   "geometry":
   {"type":"LineString",
    "coordinates":
    [[21.026946000000002, 44.7008743],
     [21.026714400000003, 44.7007738],
     [21.0260755, 44.700472000000005], [21.0255382, 44.699939],
     [21.025342300000002, 44.699728400000005],
     [21.0252495, 44.699636600000005], [21.024391, 44.6987566],
     [21.024218400000002, 44.6985924],
     [21.023950900000003, 44.6983686],
     [21.023722900000003, 44.6981837],
     [21.023224000000003, 44.6978024], [21.0230725, 44.6976737],
     [21.0228413, 44.6974929], [21.022671900000002, 44.6973847],
     [21.0225933, 44.697344900000004],
     [21.0224459, 44.697284200000006], [21.0222523, 44.6972273],
     [21.021955300000002, 44.697150300000004], [21.0200831, 44.696635],
     [21.0192671, 44.696378900000006], [21.0183536, 44.6962984],
     [21.017487000000003, 44.696138600000005],
     [21.0165021, 44.6959317],
     [21.015520900000002, 44.695666200000005],
     [21.015166500000003, 44.695638200000005],
     [21.0148549, 44.6955954], [21.0137044, 44.6953915],
     [21.011734500000003, 44.694767500000005],
     [21.0113318, 44.6945679], [21.0103404, 44.69397],
     [21.0092865, 44.693172100000005], [21.0083057, 44.6922276],
     [21.0077873, 44.691542500000004]]}},
  {"type":"Feature",
   "properties":{},
   "geometry":
   {"type":"LineString",
    "coordinates":
    [[21.026946000000002, 44.7008743], [21.0271943, 44.7008293],
     [21.027924000000002, 44.7005792],
     [21.028858900000003, 44.7001032], [21.0293537, 44.6996995],
     [21.0301233, 44.6987551],
     [21.033218400000003, 44.695448400000004],
     [21.033516300000002, 44.695134800000005],
     [21.0376862, 44.6905921], [21.0377699, 44.690501000000005],
     [21.0391878, 44.6889807], [21.0392921, 44.6888689],
     [21.0401783, 44.687896300000006],
     [21.040824200000003, 44.686817700000006],
     [21.0411557, 44.685579700000005],
     [21.041191700000002, 44.684254200000005],
     [21.0406872, 44.683246000000004], [21.040112, 44.6825564],
     [21.039224800000003, 44.681510200000005],
     [21.037449900000002, 44.679417300000004],
     [21.037376100000003, 44.679321900000005],
     [21.037329200000002, 44.6792662],
     [21.0354092, 44.676984600000004],
     [21.034810200000003, 44.6762427],
     [21.0320125, 44.672777800000006],
     [21.030420600000003, 44.6710616], [21.0290901, 44.6694672],
     [21.028160200000002, 44.6683387],
     [21.027878100000002, 44.667852800000006], [21.0269929, 44.665877],
     [21.0265206, 44.6646567], [21.0261815, 44.6639788],
     [21.026282400000003, 44.6626515],
     [21.026307900000003, 44.6620098], [21.0263743, 44.6617509],
     [21.0267461, 44.6611178]]}},
  {"type":"Feature",
   "properties":{},
   "geometry":
   {"type":"LineString",
    "coordinates":
    [[21.0267461, 44.6611178], [21.026270500000003, 44.6609567],
     [21.0259004, 44.6608995], [21.0255034, 44.660785000000004],
     [21.025138600000002, 44.6606553],
     [21.024903000000002, 44.660576000000006]]}},
  {"type":"Feature",
   "properties":{},
   "geometry":
   {"type":"LineString",
    "coordinates":
    [[21.0042461, 44.6452261], [21.0043232, 44.645246300000004],
     [21.0045357, 44.645229], [21.0046953, 44.645180800000006],
     [21.0053139, 44.6449611], [21.006131200000002, 44.6448169],
     [21.0067694, 44.6446771],
     [21.007340900000003, 44.644607900000004],
     [21.0078758, 44.644484500000004],
     [21.008380600000002, 44.644434000000004],
     [21.0094049, 44.6444526], [21.009885200000003, 44.6445226],
     [21.010274300000003, 44.644674300000005],
     [21.0106365, 44.6448843], [21.0110372, 44.6450596],
     [21.0115683, 44.645234800000004],
     [21.0116899, 44.645250700000005], [21.0118191, 44.6452248],
     [21.0121393, 44.6450094], [21.0125232, 44.644820800000005],
     [21.0126238, 44.6447407], [21.0131981, 44.644173900000006],
     [21.0132668, 44.6441371],
     [21.013337500000002, 44.644122200000005], [21.0133933, 44.644125],
     [21.013472500000002, 44.6441529],
     [21.013952200000002, 44.6446285],
     [21.014711600000002, 44.645320000000005],
     [21.015390800000002, 44.646003400000005],
     [21.0161769, 44.6467521], [21.0172694, 44.647769000000004],
     [21.0175732, 44.648046300000004], [21.0176324, 44.6481131],
     [21.0176568, 44.6481645], [21.0176501, 44.6481915],
     [21.017613400000002, 44.648245800000005],
     [21.017086900000002, 44.64869], [21.0166311, 44.649148000000004],
     [21.016402300000003, 44.649374200000004],
     [21.016317100000002, 44.649489], [21.016247200000002, 44.6496161],
     [21.016160300000003, 44.649773700000004],
     [21.016107400000003, 44.649819300000004],
     [21.016018300000002, 44.6498782],
     [21.0159111, 44.649942900000006],
     [21.015852000000002, 44.6499929], [21.0158014, 44.6500927],
     [21.0155904, 44.6505111], [21.0154874, 44.6508211],
     [21.0154684, 44.6508784],
     [21.015408700000002, 44.651059100000005],
     [21.0153447, 44.651385100000006],
     [21.0153193, 44.651668900000004], [21.0153122, 44.6526657],
     [21.0153243, 44.652906400000006],
     [21.0153965, 44.653064900000004],
     [21.015460700000002, 44.653426700000004],
     [21.0155467, 44.6538449], [21.015668700000003, 44.6542216],
     [21.0157512, 44.6545738], [21.016060500000002, 44.6552984],
     [21.0162145, 44.655688500000004],
     [21.0165639, 44.656197000000006], [21.0169664, 44.6568072],
     [21.0174297, 44.6573148], [21.017973, 44.6577028],
     [21.018651700000003, 44.6581186], [21.019371, 44.658457500000004],
     [21.0203254, 44.6589304], [21.0215201, 44.6595924],
     [21.0221157, 44.6599252], [21.0227565, 44.660081000000005],
     [21.0237927, 44.6603526], [21.024410500000002, 44.6604943],
     [21.024903000000002, 44.660576000000006]]}},
  {"type":"Feature",
   "properties":{},
   "geometry":
   {"type":"LineString",
    "coordinates":
    [[21.0042461, 44.6452261], [21.004099800000002, 44.6451319],
     [21.0039631, 44.645004], [21.0038531, 44.644847600000006],
     [21.0037094, 44.6446502], [21.0032189, 44.6444829],
     [21.0028657, 44.644319], [21.001923400000003, 44.643713600000005],
     [21.0017195, 44.6436574], [21.001668900000002, 44.6436871]]}},
  {"type":"Feature",
   "properties":{},
   "geometry":
   {"type":"LineString",
    "coordinates":
    [[21.001668900000002, 44.6436871],
     [21.001161, 44.643673400000004]]}},
  {"type":"Feature",
   "properties":{},
   "geometry":
   {"type":"LineString",
    "coordinates":
    [[21.001161, 44.643673400000004], [21.0010575, 44.643748900000006],
     [21.000478400000002, 44.6441213]]}},
  {"type":"Feature",
   "properties":{},
   "geometry":
   {"type":"LineString",
    "coordinates":
    [[21.000478400000002, 44.6441213], [21.0003536, 44.6439522],
     [21.000132200000003, 44.643715900000004],
     [20.999932100000002, 44.643534100000004],
     [20.9994091, 44.643257000000006], [20.999231700000003, 44.643163],
     [20.998969900000002, 44.643022200000004],
     [20.998337600000003, 44.642685900000004],
     [20.9972016, 44.642061000000005], [20.9970867, 44.6419816],
     [20.996576400000002, 44.641683500000006],
     [20.9964529, 44.6416011], [20.9962993, 44.641443],
     [20.996225600000002, 44.6413651],
     [20.996191500000002, 44.6413421], [20.9955874, 44.6409208],
     [20.9953934, 44.640828000000006]]}},
  {"type":"Feature",
   "properties":{},
   "geometry":
   {"type":"LineString",
    "coordinates":
    [[20.9953934, 44.640828000000006], [20.9954377, 44.6407493],
     [20.9954672, 44.6406586], [20.9954913, 44.640513600000006],
     [20.9955463, 44.6402617], [20.995553, 44.6401386],
     [20.9955463, 44.6400355], [20.9954953, 44.6398723],
     [20.9954417, 44.639647100000005],
     [20.995417500000002, 44.639479200000004], [20.9954122, 44.639274],
     [20.9954095, 44.6391824], [20.9953845, 44.639107200000005],
     [20.9953451, 44.6390602], [20.9952995, 44.638983],
     [20.9952754, 44.638909500000004], [20.9952888, 44.6388322],
     [20.9953344, 44.638731], [20.995410800000002, 44.6386108],
     [20.995668300000002, 44.638293000000004],
     [20.9957984, 44.638157500000005],
     [20.9959634, 44.638002900000004]]}},
  {"type":"Feature",
   "properties":{},
   "geometry":
   {"type":"LineString",
    "coordinates":
    [[20.9959634, 44.638002900000004], [20.9957199, 44.6378757],
     [20.995522700000002, 44.637777400000004],
     [20.995378600000002, 44.637709300000004],
     [20.995241800000002, 44.6376317],
     [20.9951426, 44.637552500000005], [20.9948985, 44.6373316],
     [20.994775100000002, 44.6372195],
     [20.9946652, 44.637133600000006], [20.9945512, 44.6370706],
     [20.9944466, 44.637024800000006], [20.9943272, 44.637],
     [20.9941891, 44.6369923]]}},
  {"type":"Feature",
   "properties":{},
   "geometry":
   {"type":"LineString",
    "coordinates":
    [[20.9947029, 44.635241300000004], [20.9942065, 44.6356544],
     [20.9941596, 44.6357164], [20.9941207, 44.6357737],
     [20.9941113, 44.635830000000006],
     [20.9941193, 44.635934000000006], [20.994177, 44.6361755],
     [20.994276300000003, 44.636409300000004],
     [20.9943299, 44.6365581], [20.994351400000003, 44.6366412],
     [20.9943339, 44.6367223], [20.9942937, 44.636794800000004],
     [20.99424, 44.636858700000005], [20.9942105, 44.6368998],
     [20.9941891, 44.6369379], [20.9941864, 44.6369618],
     [20.9941891, 44.6369923]]}},
  {"type":"Feature",
   "properties":{},
   "geometry":
   {"type":"LineString",
    "coordinates":
    [[20.9946796, 44.6345322], [20.994637, 44.6348757],
     [20.9946531, 44.635062700000006],
     [20.9947029, 44.635241300000004]]}},
  {"type":"Feature",
   "properties":{},
   "geometry":
   {"type":"LineString",
    "coordinates":
    [[20.9889866, 44.6277508], [20.9895144, 44.628151200000005],
     [20.989886000000002, 44.6285177],
     [20.9907256, 44.628955000000005], [20.990828, 44.6290083],
     [20.992136900000002, 44.629588500000004],
     [20.992544600000002, 44.6299245],
     [20.9927843, 44.631309800000004], [20.9928852, 44.6320063],
     [20.9929984, 44.6324881], [20.9931652, 44.632952700000004],
     [20.993857300000002, 44.633653800000005],
     [20.9946054, 44.6344092], [20.9946796, 44.6345322]]}},
  {"type":"Feature",
   "properties":{},
   "geometry":
   {"type":"LineString",
    "coordinates":
    [[20.9883072, 44.6257479], [20.988429, 44.6258459],
     [20.988479700000003, 44.625948], [20.9885172, 44.626095],
     [20.988442600000003, 44.626375100000004],
     [20.9882928, 44.6267316], [20.9881913, 44.6270733],
     [20.9882923, 44.627299300000004],
     [20.988469000000002, 44.627432500000005],
     [20.9889866, 44.6277508]]}},
  {"type":"Feature",
   "properties":{},
   "geometry":
   {"type":"LineString",
    "coordinates":
    [[20.9801411, 44.625139600000004],
     [20.9817857, 44.625280200000006], [20.9854473, 44.6255554],
     [20.9862542, 44.6256161], [20.986519400000002, 44.6256331],
     [20.9883072, 44.6257479]]}},
  {"type":"Feature",
   "properties":{},
   "geometry":
   {"type":"LineString",
    "coordinates":
    [[20.976486, 44.624980400000005], [20.977119300000002, 44.6250876],
     [20.977410600000002, 44.6251334],
     [20.9777004, 44.625161000000006], [20.9781827, 44.6251775],
     [20.979018800000002, 44.6251254], [20.9794933, 44.6250968],
     [20.9796756, 44.6250987], [20.9798607, 44.625115900000004],
     [20.9801411, 44.625139600000004]]}},
  {"type":"Feature",
   "properties":{},
   "geometry":
   {"type":"LineString",
    "coordinates":
    [[20.976486, 44.624980400000005], [20.9761557, 44.624938300000004],
     [20.975638800000002, 44.6249259], [20.9746732, 44.6248646],
     [20.974006600000003, 44.624816900000006],
     [20.973866, 44.6248134]]}},
  {"type":"Feature",
   "properties":{},
   "geometry":
   {"type":"LineString",
    "coordinates":
    [[20.973866, 44.6248134], [20.9737464, 44.624853300000005],
     [20.9735322, 44.6249661], [20.9731792, 44.625213200000005],
     [20.9729986, 44.6253187], [20.972786300000003, 44.6254015],
     [20.9724733, 44.6254603], [20.9723502, 44.6254804],
     [20.972179200000003, 44.6254961], [20.9717485, 44.6255429],
     [20.9714303, 44.6255429], [20.971133100000003, 44.6255157],
     [20.970940900000002, 44.6255084]]}},
  {"type":"Feature",
   "properties":{},
   "geometry":
   {"type":"LineString",
    "coordinates":
    [[20.964895300000002, 44.625521400000004],
     [20.964988700000003, 44.625519100000005],
     [20.9650514, 44.625519100000005],
     [20.966213500000002, 44.6254998], [20.9676741, 44.6254974],
     [20.9678143, 44.6254967], [20.969041700000002, 44.6255012],
     [20.969325, 44.625500900000006], [20.9707043, 44.6254992],
     [20.970940900000002, 44.6255084]]}},
  {"type":"Feature",
   "properties":{},
   "geometry":
   {"type":"LineString",
    "coordinates":
    [[20.9647872, 44.6255311],
     [20.964895300000002, 44.625521400000004]]}},
  {"type":"Feature",
   "properties":{},
   "geometry":
   {"type":"LineString",
    "coordinates":
    [[20.964032500000002, 44.6249666], [20.964636000000002, 44.625396],
     [20.964706200000002, 44.6254586], [20.9647465, 44.6254932],
     [20.9647872, 44.6255311]]}},
  {"type":"Feature",
   "properties":{},
   "geometry":
   {"type":"LineString",
    "coordinates":
    [[20.9635187, 44.624909900000006],
     [20.963629100000002, 44.6249216],
     [20.963771100000002, 44.624937800000005],
     [20.9639007, 44.6249521], [20.964032500000002, 44.6249666]]}},
  {"type":"Feature",
   "properties":{},
   "geometry":
   {"type":"LineString",
    "coordinates":
    [[20.9635187, 44.624909900000006],
     [20.963492900000002, 44.6248913], [20.963349, 44.624787600000005],
     [20.963125, 44.624618600000005],
     [20.962959400000003, 44.6244948]]}},
  {"type":"Feature",
   "properties":{},
   "geometry":
   {"type":"LineString",
    "coordinates":
    [[20.962959400000003, 44.6244948],
     [20.962620400000002, 44.6242213]]}},
  {"type":"Feature",
   "properties":{},
   "geometry":
   {"type":"LineString",
    "coordinates":
    [[20.9550826, 44.623550300000005],
     [20.955339900000002, 44.623584900000004],
     [20.9555773, 44.623615400000006], [20.9557195, 44.6236436],
     [20.9557699, 44.6236547], [20.9559873, 44.623811100000005],
     [20.9560655, 44.623857900000004],
     [20.9562549, 44.623949200000006],
     [20.956406100000002, 44.624024000000006],
     [20.956485800000003, 44.6240535], [20.956553, 44.6240698],
     [20.9566398, 44.6240803], [20.9568547, 44.6240862],
     [20.956991600000002, 44.624094400000004], [20.957121, 44.6241094],
     [20.957178600000002, 44.624119900000004],
     [20.9573097, 44.6241702], [20.957515400000002, 44.6242565],
     [20.957613900000002, 44.624289600000004], [20.957705, 44.6243203],
     [20.957791800000003, 44.6243344], [20.9579643, 44.6243482],
     [20.9581228, 44.6243532], [20.958364200000002, 44.6243828],
     [20.95869, 44.624465300000004], [20.9590494, 44.624548000000004],
     [20.959429800000002, 44.6246377],
     [20.959565700000002, 44.624664700000004],
     [20.9596838, 44.624667300000006],
     [20.9597769, 44.624657500000005],
     [20.959946600000002, 44.6246148],
     [20.960053900000002, 44.624576600000005],
     [20.9601384, 44.6245403],
     [20.960206000000003, 44.624506000000004],
     [20.9602927, 44.624459200000004],
     [20.9603962, 44.624416700000005], [20.9605566, 44.6243465],
     [20.960696300000002, 44.6242942],
     [20.960796900000002, 44.624275000000004],
     [20.960949000000003, 44.6242615],
     [20.961097300000002, 44.624246400000004],
     [20.961518, 44.624239200000005], [20.9619289, 44.6242384],
     [20.962108500000003, 44.624238600000005],
     [20.9623153, 44.6242499], [20.9624518, 44.6242588],
     [20.9625109, 44.624258700000006], [20.962574, 44.624241600000005],
     [20.962620400000002, 44.6242213]]}},
  {"type":"Feature",
   "properties":{},
   "geometry":
   {"type":"LineString",
    "coordinates":
    [[20.953285400000002, 44.6229664],
     [20.953314900000002, 44.6230217], [20.9533793, 44.6230714],
     [20.953481200000002, 44.6231172],
     [20.953715900000002, 44.6231735], [20.954035, 44.6232928],
     [20.954318, 44.623373900000004], [20.954598400000002, 44.6234398],
     [20.9550826, 44.623550300000005]]}},
  {"type":"Feature",
   "properties":{},
   "geometry":
   {"type":"LineString",
    "coordinates":
    [[20.953314900000002, 44.6227621], [20.9533096, 44.6228556],
     [20.953285400000002, 44.6229664]]}},
  {"type":"Feature",
   "properties":{},
   "geometry":
   {"type":"LineString",
    "coordinates":
    [[20.953314900000002, 44.6227621], [20.9531084, 44.6227365],
     [20.952856200000003, 44.6226849],
     [20.952601400000002, 44.622631500000004],
     [20.952311700000003, 44.622566600000006], [20.951888, 44.622494],
     [20.9512952, 44.622368], [20.950925, 44.6222344],
     [20.9505844, 44.622058800000005], [20.9504825, 44.6220282],
     [20.950348400000003, 44.622045400000005],
     [20.949366700000002, 44.6222726],
     [20.949248700000002, 44.622263000000004],
     [20.949165500000003, 44.6222038], [20.9490073, 44.6219194],
     [20.948744400000002, 44.6215719], [20.9484923, 44.6212321],
     [20.948366200000002, 44.620928600000006],
     [20.948258900000003, 44.620842700000004],
     [20.948210600000003, 44.6207434],
     [20.948081900000002, 44.620436000000005],
     [20.9478745, 44.6201245], [20.9476367, 44.6198862],
     [20.9474865, 44.619737300000004], [20.9474114, 44.6195311],
     [20.947368400000002, 44.6193115], [20.9473324, 44.6192002]]}},
  {"type":"Feature",
   "properties":{},
   "geometry":
   {"type":"LineString",
    "coordinates":
    [[20.9473324, 44.6192002], [20.9470746, 44.619320900000005],
     [20.946796300000003, 44.619438200000005],
     [20.9465644, 44.6195577],
     [20.946329300000002, 44.619668100000005],
     [20.9460415, 44.6198138], [20.945769600000002, 44.6199311],
     [20.9454354, 44.6200824], [20.945144300000003, 44.6201929],
     [20.9448517, 44.6203522], [20.9445814, 44.620479700000004],
     [20.9442728, 44.6205901], [20.9441369, 44.6204205],
     [20.9439753, 44.6202577], [20.9438074, 44.6201109],
     [20.943620300000003, 44.619970900000006],
     [20.9434796, 44.619828600000005],
     [20.9433389, 44.619679500000004], [20.943155, 44.6195042],
     [20.9430622, 44.6193448], [20.9430082, 44.6191978],
     [20.9429193, 44.618997], [20.9427783, 44.6188354],
     [20.942643, 44.618727], [20.942485100000003, 44.618626600000006],
     [20.942299000000002, 44.618489200000006],
     [20.9420466, 44.6183175], [20.9417449, 44.6181148],
     [20.9416236, 44.6180074], [20.9414558, 44.617865900000005],
     [20.9412021, 44.6177274], [20.9409271, 44.617605000000005],
     [20.9406155, 44.6174545],
     [20.940282800000002, 44.617279800000006],
     [20.939979700000002, 44.6171383], [20.9396822, 44.6169868],
     [20.9393509, 44.6168904], [20.939044900000003, 44.6168102],
     [20.938684000000002, 44.616756], [20.9384203, 44.6167158],
     [20.938146800000002, 44.6166636], [20.9378831, 44.6165803],
     [20.937616700000003, 44.616492], [20.9373389, 44.6164147],
     [20.9369893, 44.616389600000005], [20.93661, 44.616372600000005],
     [20.936309700000002, 44.616329400000005],
     [20.9360956, 44.6162915]]}},
  {"type":"Feature",
   "properties":{},
   "geometry":
   {"type":"LineString",
    "coordinates":
    [[20.9290354, 44.612081700000005],
     [20.9292923, 44.612200400000006], [20.9297459, 44.6123738],
     [20.929885600000002, 44.612449000000005],
     [20.9302366, 44.6127605], [20.9308207, 44.6132367],
     [20.931253400000003, 44.613534],
     [20.931668000000002, 44.613758000000004],
     [20.9324398, 44.614186700000005],
     [20.932954300000002, 44.6146133],
     [20.933079300000003, 44.614655000000006],
     [20.9330965, 44.6146607], [20.933456600000003, 44.6145745],
     [20.9339893, 44.615054900000004],
     [20.9345189, 44.615393100000006],
     [20.934951700000003, 44.6157034],
     [20.9355797, 44.616027800000005],
     [20.9359383, 44.616162200000005], [20.9360956, 44.6162915]]}},
  {"type":"Feature",
   "properties":{},
   "geometry":
   {"type":"LineString",
    "coordinates":
    [[20.9289698, 44.611970500000005],
     [20.9290354, 44.612081700000005]]}},
  {"type":"Feature",
   "properties":{},
   "geometry":
   {"type":"LineString",
    "coordinates":
    [[20.9296709, 44.6118619], [20.9291035, 44.611949800000005],
     [20.9289698, 44.611970500000005]]}},
  {"type":"Feature",
   "properties":{},
   "geometry":
   {"type":"LineString",
    "coordinates":
    [[20.9323292, 44.611342], [20.9319524, 44.611428800000006],
     [20.931543400000002, 44.6115167],
     [20.931162500000003, 44.6115969],
     [20.930746600000003, 44.611679200000005],
     [20.9302761, 44.6117639], [20.9296709, 44.6118619]]}},
  {"type":"Feature",
   "properties":{},
   "geometry":
   {"type":"LineString",
    "coordinates":
    [[20.9323292, 44.611342], [20.932041, 44.610904000000005],
     [20.931839800000002, 44.6106197],
     [20.931371000000002, 44.6101438],
     [20.931119300000002, 44.609964600000005]]}},
  {"type":"Feature",
   "properties":{},
   "geometry":
   {"type":"LineString",
    "coordinates":
    [[20.931119300000002, 44.609964600000005],
     [20.930963000000002, 44.6099418]]}},
  {"type":"Feature",
   "properties":{},
   "geometry":
   {"type":"LineString",
    "coordinates":
    [[20.930963000000002, 44.6099418],
     [20.93108, 44.609781500000004]]}},
  {"type":"Feature",
   "properties":{},
   "geometry":
   {"type":"LineString",
    "coordinates":
    [[20.9347394, 44.6002146], [20.9346071, 44.6003917],
     [20.934474100000003, 44.600694600000004],
     [20.934331200000003, 44.6011669],
     [20.9340896, 44.601716200000006], [20.9339394, 44.60226],
     [20.933872400000002, 44.6028152], [20.9337795, 44.6037156],
     [20.933577200000002, 44.604268000000005],
     [20.9333305, 44.6051158], [20.9330944, 44.605574100000005],
     [20.9327082, 44.6061318],
     [20.932214700000003, 44.606819200000004], [20.932043, 44.6073157],
     [20.9318499, 44.607743400000004],
     [20.9316901, 44.607934400000005], [20.9313824, 44.6082222],
     [20.931259800000003, 44.608751700000006],
     [20.931216900000003, 44.6092099],
     [20.9311203, 44.609591800000004],
     [20.93108, 44.609781500000004]]}},
  {"type":"Feature",
   "properties":{},
   "geometry":
   {"type":"LineString",
    "coordinates":
    [[20.9347394, 44.6002146], [20.9342061, 44.5999945],
     [20.933661, 44.5996925], [20.9336279, 44.5995992],
     [20.9333275, 44.5993994],
     [20.933195700000002, 44.599276200000006],
     [20.932417100000002, 44.598929000000005],
     [20.9312846, 44.5986266], [20.9304089, 44.5984295],
     [20.929953700000002, 44.5983697]]}},
  {"type":"Feature",
   "properties":{},
   "geometry":
   {"type":"LineString",
    "coordinates":
    [[20.929953700000002, 44.5983697],
     [20.930054400000003, 44.5982405], [20.9304738, 44.5976511],
     [20.930771800000002, 44.597045900000005],
     [20.930978800000002, 44.596549200000005],
     [20.9310508, 44.5960382]]}},
  {"type":"Feature",
   "properties":{},
   "geometry":
   {"type":"LineString",
    "coordinates":
    [[20.9310508, 44.5960382], [20.9310695, 44.5957323],
     [20.9311085, 44.5955102], [20.9311003, 44.5954263],
     [20.931027500000003, 44.595253400000004],
     [20.930895500000002, 44.594997500000005],
     [20.9307193, 44.5947679], [20.9304858, 44.5944121],
     [20.9303223, 44.5940462], [20.9302201, 44.593794800000005],
     [20.9301633, 44.5937099], [20.9300655, 44.5935075],
     [20.930044300000002, 44.593462300000006],
     [20.9299767, 44.593318000000004], [20.9299114, 44.5931816],
     [20.9297152, 44.5928491], [20.9295705, 44.5925797],
     [20.929374300000003, 44.5923469],
     [20.929318300000002, 44.5920975], [20.9293556, 44.5916718],
     [20.9294304, 44.591229500000004],
     [20.929514400000002, 44.5910299], [20.9298553, 44.5906043],
     [20.9299921, 44.5903177]]}},
  {"type":"Feature",
   "properties":{},
   "geometry":
   {"type":"LineString",
    "coordinates":
    [[20.944908400000003, 44.5906019],
     [20.944804400000002, 44.5906442],
     [20.9445504, 44.591142100000006], [20.9444793, 44.5915866],
     [20.944372100000002, 44.592024900000006],
     [20.9441226, 44.5925097], [20.9439433, 44.592754400000004],
     [20.9437009, 44.5928556], [20.9427963, 44.5929049],
     [20.9424901, 44.5928167], [20.9422533, 44.592765500000006],
     [20.942166500000003, 44.592777700000006],
     [20.9420976, 44.5928946], [20.9419358, 44.593155700000004],
     [20.9417584, 44.593174600000005], [20.9374429, 44.5919819],
     [20.9368425, 44.591749500000006], [20.9363436, 44.5915155],
     [20.935437800000003, 44.5912774], [20.9350758, 44.5912517],
     [20.934479900000003, 44.5912662],
     [20.933918600000002, 44.5912476],
     [20.9327997, 44.590972900000004],
     [20.932700800000003, 44.590915200000005],
     [20.932682800000002, 44.5907168], [20.9326198, 44.5905951],
     [20.932413, 44.590492700000006], [20.9320534, 44.5904414],
     [20.9309385, 44.5904286], [20.9305378, 44.5904188],
     [20.9304171, 44.5903915], [20.9299921, 44.5903177]]}},
  {"type":"Feature",
   "properties":{},
   "geometry":
   {"type":"LineString",
    "coordinates":
    [[20.944908400000003, 44.5906019], [20.9448814, 44.5904929],
     [20.944857300000002, 44.5903344],
     [20.9448492, 44.590214100000004], [20.9448009, 44.5899505],
     [20.944766100000002, 44.5896983],
     [20.9448331, 44.589497800000004], [20.9449136, 44.5893984],
     [20.9453213, 44.5895226], [20.9458685, 44.589683],
     [20.946096, 44.5896747]]}},
  {"type":"Feature",
   "properties":{},
   "geometry":
   {"type":"LineString",
    "coordinates":
    [[20.946096, 44.5896747], [20.9480901, 44.588467400000006]]}},
  {"type":"Feature",
   "properties":{},
   "geometry":
   {"type":"LineString",
    "coordinates":
    [[20.947748800000003, 44.5881112], [20.9479258, 44.5883254],
     [20.9480691, 44.5884493], [20.9480901, 44.588467400000006]]}},
  {"type":"Feature",
   "properties":{},
   "geometry":
   {"type":"LineString",
    "coordinates":
    [[20.947748800000003, 44.5881112], [20.947803, 44.5879975],
     [20.9478848, 44.587875700000005],
     [20.947995300000002, 44.5876019], [20.9480341, 44.5875058],
     [20.9481521, 44.587028700000005],
     [20.9483056, 44.586432300000006], [20.9483822, 44.586255],
     [20.9485977, 44.5859929], [20.9487902, 44.5857982],
     [20.9488725, 44.5856298],
     [20.948835000000003, 44.585450200000004],
     [20.9488026, 44.585333000000006],
     [20.948679300000002, 44.5850609],
     [20.948445200000002, 44.584762500000004],
     [20.948223300000002, 44.584543100000005],
     [20.9480629, 44.5843731], [20.9480334, 44.58429],
     [20.948044000000003, 44.584123600000005],
     [20.9481301, 44.583845800000006],
     [20.9482295, 44.583608000000005], [20.9483757, 44.5833937],
     [20.948407300000003, 44.583306300000004],
     [20.948390500000002, 44.5832339], [20.948358900000002, 44.583165],
     [20.9480399, 44.5829851], [20.9477304, 44.582770000000004],
     [20.9476564, 44.5826208], [20.9476564, 44.5824013],
     [20.9476564, 44.5822784], [20.9476714, 44.582159700000005],
     [20.9477215, 44.5820371], [20.9477611, 44.5819891],
     [20.9477984, 44.5819455], [20.9480015, 44.5818571],
     [20.9480991, 44.5817678], [20.948121800000003, 44.5814522],
     [20.9481477, 44.5813701], [20.9483065, 44.581216100000006]]}},
  {"type":"Feature",
   "properties":{},
   "geometry":
   {"type":"LineString",
    "coordinates":
    [[20.9483888, 44.581171700000006],
     [20.9483065, 44.581216100000006]]}},
  {"type":"Feature",
   "properties":{},
   "geometry":
   {"type":"LineString",
    "coordinates":
    [[20.948465900000002, 44.5811256],
     [20.9483888, 44.581171700000006]]}},
  {"type":"Feature",
   "properties":{},
   "geometry":
   {"type":"LineString",
    "coordinates":
    [[20.9485536, 44.5810492], [20.948488100000002, 44.5811013],
     [20.948465900000002, 44.5811256]]}},
  {"type":"Feature",
   "properties":{},
   "geometry":
   {"type":"LineString",
    "coordinates":
    [[20.9485536, 44.5810492], [20.9487218, 44.580885200000004]]}},
  {"type":"Feature",
   "properties":{},
   "geometry":
   {"type":"LineString",
    "coordinates":
    [[20.9489921, 44.580744100000004],
     [20.9487218, 44.580885200000004]]}},
  {"type":"Feature",
   "properties":{},
   "geometry":
   {"type":"LineString",
    "coordinates":
    [[20.9489921, 44.580744100000004],
     [20.949181600000003, 44.5804491]]}},
  {"type":"Feature",
   "properties":{},
   "geometry":
   {"type":"LineString",
    "coordinates":
    [[20.949181600000003, 44.5804491],
     [20.949233900000003, 44.5802771],
     [20.9492832, 44.580083900000005],
     [20.949306500000002, 44.580000600000005]]}},
  {"type":"Feature",
   "properties":{},
   "geometry":
   {"type":"LineString",
    "coordinates":
    [[20.949306500000002, 44.580000600000005],
     [20.9494088, 44.5800331], [20.9495942, 44.5800952]]}},
  {"type":"Feature",
   "properties":{},
   "geometry":
   {"type":"LineString",
    "coordinates":
    [[20.9495942, 44.5800952], [20.949665300000003, 44.5799347],
     [20.9497885, 44.579662600000006],
     [20.9498132, 44.579495800000004], [20.949757700000003, 44.579272],
     [20.949664000000002, 44.5789996],
     [20.9495548, 44.578641700000006], [20.9494681, 44.5783283],
     [20.9494434, 44.578117600000006], [20.9494927, 44.5779245],
     [20.9496776, 44.577634800000006],
     [20.949826400000003, 44.577363000000005],
     [20.9501272, 44.577159800000004], [20.9503801, 44.5769237],
     [20.9505909, 44.5767554],
     [20.950762100000002, 44.576511100000005],
     [20.950947000000003, 44.576212600000005],
     [20.9510945, 44.5759929]]}},
  {"type":"Feature",
   "properties":{},
   "geometry":
   {"type":"LineString",
    "coordinates":
    [[20.9510945, 44.5759929], [20.9514079, 44.575571200000006],
     [20.9515451, 44.575470900000006],
     [20.9520196, 44.575191000000004], [20.952099, 44.575144200000004],
     [20.9529178, 44.575023300000005], [20.953291, 44.5749306]]}},
  {"type":"Feature",
   "properties":{},
   "geometry":
   {"type":"LineString",
    "coordinates":
    [[20.953236500000003, 44.574855500000005],
     [20.953291, 44.5749306]]}},
  {"type":"Feature",
   "properties":{},
   "geometry":
   {"type":"LineString",
    "coordinates":
    [[20.953236500000003, 44.574855500000005],
     [20.9533677, 44.574839000000004], [20.9534898, 44.574818],
     [20.9537245, 44.5747865], [20.9539873, 44.5747693],
     [20.9541542, 44.5747675], [20.9544272, 44.5747884],
     [20.954615, 44.5748381], [20.9547987, 44.574927900000006],
     [20.9550865, 44.575079200000005]]}},
  {"type":"Feature",
   "properties":{},
   "geometry":
   {"type":"LineString",
    "coordinates":
    [[20.9555599, 44.574350300000006], [20.9555827, 44.5744764],
     [20.9555398, 44.574589100000004],
     [20.9554379, 44.574733300000005],
     [20.9550865, 44.575079200000005]]}},
  {"type":"Feature",
   "properties":{},
   "geometry":
   {"type":"LineString",
    "coordinates":
    [[20.9555599, 44.574350300000006], [20.955698, 44.574236600000006],
     [20.955825400000002, 44.5741783],
     [20.9559871, 44.574110000000005],
     [20.9562224, 44.574034000000005], [20.9565842, 44.57394],
     [20.957998, 44.5736137], [20.9587343, 44.573428400000005],
     [20.9590481, 44.573361500000004], [20.9593163, 44.5733204],
     [20.9595591, 44.5732803], [20.9601773, 44.573144600000006],
     [20.961602900000003, 44.572632600000006],
     [20.9620468, 44.572456800000005],
     [20.962343200000003, 44.5723326],
     [20.962822000000003, 44.572117600000006],
     [20.9631586, 44.571977200000006], [20.9633477, 44.5718941],
     [20.9634992, 44.571859700000005],
     [20.963630700000003, 44.571803300000006],
     [20.9637423, 44.571736300000005], [20.9638561, 44.5716521]]}},
  {"type":"Feature",
   "properties":{},
   "geometry":
   {"type":"LineString",
    "coordinates":
    [[20.9635487, 44.5707417],
     [20.963589600000002, 44.570967700000004],
     [20.9637616, 44.5714094], [20.9638561, 44.5716521]]}},
  {"type":"Feature",
   "properties":{},
   "geometry":
   {"type":"LineString",
    "coordinates":
    [[20.965891000000003, 44.5701515], [20.9653423, 44.5702778],
     [20.9643544, 44.5705333], [20.963874800000003, 44.5706573],
     [20.9635487, 44.5707417]]}},
  {"type":"Feature",
   "properties":{},
   "geometry":
   {"type":"LineString",
    "coordinates":
    [[20.965891000000003, 44.5701515],
     [20.965883700000003, 44.5701285],
     [20.965883700000003, 44.570103700000004],
     [20.965941400000002, 44.5700445],
     [20.966011100000003, 44.5699685], [20.9660876, 44.5698811],
     [20.966131200000003, 44.5697903],
     [20.966177400000003, 44.5697077],
     [20.966238500000003, 44.569633200000006],
     [20.966312900000002, 44.5695563],
     [20.966476200000002, 44.569433000000004],
     [20.9665769, 44.569348500000004],
     [20.966608800000003, 44.5691513], [20.9665471, 44.5682203],
     [20.966571400000003, 44.568128400000006], [20.966678, 44.5679886],
     [20.9668029, 44.567927000000005],
     [20.966995100000002, 44.567817500000004],
     [20.967234400000002, 44.5675693], [20.9676121, 44.5664729],
     [20.9676596, 44.566347900000004],
     [20.968388400000002, 44.565969200000005],
     [20.9690382, 44.5657116], [20.9695511, 44.5654352]]}},
  {"type":"Feature",
   "properties":{},
   "geometry":
   {"type":"LineString",
    "coordinates":
    [[20.9695511, 44.5654352], [20.9695091, 44.565316300000006],
     [20.9694541, 44.5651567], [20.9693696, 44.5649649],
     [20.9692714, 44.564763400000004], [20.9691967, 44.5645772],
     [20.969086700000002, 44.5645576], [20.9690376, 44.5643924],
     [20.9690277, 44.564167100000006],
     [20.968960900000003, 44.5639823],
     [20.968870600000002, 44.563740100000004],
     [20.9689708, 44.5636281], [20.969183, 44.5635105],
     [20.969406900000003, 44.5634013], [20.9695798, 44.5633174],
     [20.9698235, 44.5632418], [20.9700199, 44.563134000000005],
     [20.9699531, 44.5628946], [20.969817600000002, 44.5626454],
     [20.9695916, 44.562371000000006],
     [20.9694109, 44.562120500000006], [20.9692478, 44.5619245],
     [20.969033600000003, 44.5617187], [20.968788, 44.5615857],
     [20.9685582, 44.5614149], [20.968237900000002, 44.5612203],
     [20.967856700000002, 44.5609586], [20.967524700000002, 44.560729],
     [20.9671062, 44.5604462], [20.9673498, 44.560250200000006],
     [20.9676544, 44.559981400000005], [20.9679019, 44.5597756],
     [20.968192700000003, 44.5595544],
     [20.968511000000003, 44.559341700000004],
     [20.968732300000003, 44.559128]]}},
  {"type":"Feature",
   "properties":{},
   "geometry":
   {"type":"LineString",
    "coordinates":
    [[20.968732300000003, 44.559128], [20.969626400000003, 44.5584484],
     [20.969984, 44.5581596], [20.970639600000002, 44.557819900000005],
     [20.9715218, 44.557497100000006],
     [20.973095400000002, 44.5570214], [20.9739656, 44.556894],
     [20.975345400000002, 44.5570225],
     [20.9761613, 44.557010000000005]]}},
  {"type":"Feature",
   "properties":{},
   "geometry":
   {"type":"LineString",
    "coordinates":
    [[20.9728508, 44.5531596], [20.9730016, 44.553245000000004],
     [20.973225900000003, 44.5535038], [20.9736549, 44.5541974],
     [20.9744461, 44.555046000000004],
     [20.9748512, 44.555412700000005], [20.975169400000002, 44.555793],
     [20.9756269, 44.556328900000004],
     [20.975986000000002, 44.5567695], [20.9760874, 44.5569165],
     [20.9761613, 44.557010000000005]]}},
  {"type":"Feature",
   "properties":{},
   "geometry":
   {"type":"LineString",
    "coordinates":
    [[20.9728508, 44.5531596], [20.972938900000003, 44.5530087],
     [20.972924600000002, 44.552802400000004],
     [20.972960500000003, 44.5526466], [20.9730096, 44.5525801],
     [20.973127700000003, 44.5524703],
     [20.973307600000002, 44.552291600000004],
     [20.9738076, 44.551687400000006], [20.9740834, 44.551312],
     [20.9745235, 44.5508085], [20.9747603, 44.5505526],
     [20.9749479, 44.5503851],
     [20.975248200000003, 44.550144100000004]]}},
  {"type":"Feature",
   "properties":{},
   "geometry":
   {"type":"LineString",
    "coordinates":
    [[20.975248200000003, 44.550144100000004],
     [20.9744926, 44.5487357],
     [20.974254600000002, 44.548213600000004],
     [20.974111500000003, 44.5481326],
     [20.973893200000003, 44.5480597], [20.9735592, 44.5478351],
     [20.973182700000002, 44.54749],
     [20.9731187, 44.547325900000004]]}},
  {"type":"Feature",
   "properties":{},
   "geometry":
   {"type":"LineString",
    "coordinates":
    [[20.9725299, 44.5461164], [20.9725675, 44.5463998],
     [20.972733400000003, 44.5466418],
     [20.9730849, 44.546976300000004], [20.9731326, 44.5471269],
     [20.9731187, 44.547325900000004]]}},
  {"type":"Feature",
   "properties":{},
   "geometry":
   {"type":"LineString",
    "coordinates":
    [[20.9721586, 44.5455545], [20.972307, 44.5456232],
     [20.9724572, 44.545902600000005], [20.9725299, 44.5461164]]}},
  {"type":"Feature",
   "properties":{},
   "geometry":
   {"type":"LineString",
    "coordinates":
    [[20.9721586, 44.5455545], [20.972224100000002, 44.5452643],
     [20.972204700000002, 44.5451138]]}},
  {"type":"Feature",
   "properties":{},
   "geometry":
   {"type":"LineString",
    "coordinates":
    [[20.972204700000002, 44.5451138], [20.9722973, 44.5450798],
     [20.972521800000003, 44.5449822]]}},
  {"type":"Feature",
   "properties":{},
   "geometry":
   {"type":"LineString",
    "coordinates":
    [[20.972521800000003, 44.5449822],
     [20.972604500000003, 44.544904100000004],
     [20.9727679, 44.5447955], [20.972864, 44.5446084],
     [20.972917300000002, 44.5445341], [20.9729278, 44.5444079]]}},
  {"type":"Feature",
   "properties":{},
   "geometry":
   {"type":"LineString",
    "coordinates":
    [[20.9729278, 44.5444079], [20.9734374, 44.5438418],
     [20.973614400000002, 44.543399],
     [20.973814100000002, 44.543241]]}},
  {"type":"Feature",
   "properties":{},
   "geometry":
   {"type":"LineString",
    "coordinates":
    [[20.9745572, 44.540394600000006],
     [20.9744221, 44.540530000000004],
     [20.974277700000002, 44.540674200000005],
     [20.9742278, 44.540726500000005], [20.9741779, 44.5407832],
     [20.9741296, 44.54084], [20.9740813, 44.540903300000004],
     [20.9738896, 44.541293700000004],
     [20.9737627, 44.541655600000006],
     [20.9737113, 44.541715800000006], [20.9735225, 44.5417478],
     [20.973458400000002, 44.5417987],
     [20.973447800000002, 44.5418401], [20.9734507, 44.5426118],
     [20.9734835, 44.542670400000006],
     [20.9735219, 44.542699600000006],
     [20.973749100000003, 44.5427796], [20.9738203, 44.5428147],
     [20.9738586, 44.5428986], [20.9738559, 44.5430118],
     [20.973814100000002, 44.543241]]}},
  {"type":"Feature",
   "properties":{},
   "geometry":
   {"type":"LineString",
    "coordinates":
    [[20.9745572, 44.540394600000006], [20.974672, 44.540417100000006],
     [20.9747652, 44.540440700000005]]}},
  {"type":"Feature",
   "properties":{},
   "geometry":
   {"type":"LineString",
    "coordinates":
    [[20.9766924, 44.5388238],
     [20.976440500000002, 44.539199100000005],
     [20.9762583, 44.5394408], [20.9759326, 44.539722000000005],
     [20.975623600000002, 44.539934200000005],
     [20.9752058, 44.540198800000006],
     [20.9749686, 44.540325200000005], [20.9748607, 44.5403863],
     [20.9747652, 44.540440700000005]]}},
  {"type":"Feature",
   "properties":{},
   "geometry":
   {"type":"LineString",
    "coordinates":
    [[20.978062, 44.5376982], [20.977996700000002, 44.537708900000005],
     [20.9776409, 44.537854], [20.977030000000003, 44.538456100000005],
     [20.9766924, 44.5388238]]}},
  {"type":"Feature",
   "properties":{},
   "geometry":
   {"type":"LineString",
    "coordinates":
    [[20.9808571, 44.5368415], [20.980120900000003, 44.5371133],
     [20.9792397, 44.537479700000006], [20.9788526, 44.5375681],
     [20.978062, 44.5376982]]}},
  {"type":"Feature",
   "properties":{},
   "geometry":
   {"type":"LineString",
    "coordinates":
    [[20.9874617, 44.534728900000005],
     [20.987383700000002, 44.534721600000005],
     [20.9870248, 44.534764900000006],
     [20.9864995, 44.534818400000006], [20.986242, 44.5348285],
     [20.9859337, 44.534840100000004],
     [20.985676100000003, 44.534886400000005],
     [20.984925800000003, 44.5352102],
     [20.983644100000003, 44.5359214],
     [20.9825185, 44.536597900000004],
     [20.982317700000003, 44.5367295],
     [20.982214300000003, 44.5367541], [20.9821251, 44.5367309],
     [20.9820095, 44.536681800000004], [20.9818716, 44.5366341],
     [20.981754000000002, 44.5366225],
     [20.981579500000002, 44.5366471], [20.9813139, 44.5366962],
     [20.981264200000002, 44.5367094],
     [20.9810482, 44.536767100000006], [20.9808571, 44.5368415]]}},
  {"type":"Feature",
   "properties":{},
   "geometry":
   {"type":"LineString",
    "coordinates":
    [[20.9874617, 44.534728900000005],
     [20.9880748, 44.534567200000005], [20.988427700000003, 44.534222],
     [20.9891335, 44.5333854], [20.989191, 44.5332449],
     [20.988862700000002, 44.532847100000005],
     [20.988797, 44.532735900000006],
     [20.988870900000002, 44.532642300000006],
     [20.9894454, 44.5323264],
     [20.990668300000003, 44.531636000000006],
     [20.991324900000002, 44.5314137], [20.9915403, 44.5313341]]}},
  {"type":"Feature",
   "properties":{},
   "geometry":
   {"type":"LineString",
    "coordinates":
    [[20.9915403, 44.5313341], [20.9915609, 44.531133600000004],
     [20.9903926, 44.529901300000006], [20.9900708, 44.5295019],
     [20.989689300000002, 44.5290685],
     [20.989033600000003, 44.5285841],
     [20.9890694, 44.528482100000005],
     [20.990988700000003, 44.527385800000005],
     [20.991537, 44.526994900000005], [20.9922761, 44.5266974],
     [20.992652500000002, 44.5266036],
     [20.992926800000003, 44.5264972],
     [20.993097300000002, 44.5262626], [20.9932769, 44.5259799],
     [20.9934203, 44.5257109], [20.9935559, 44.525414000000005],
     [20.993779800000002, 44.525247300000004],
     [20.9940608, 44.525063800000005],
     [20.994263200000002, 44.5249321], [20.994383000000003, 44.524984],
     [20.9945422, 44.5252585], [20.9946738, 44.525299100000005],
     [20.9949587, 44.5252263], [20.9950589, 44.5253047],
     [20.9953438, 44.5252585],
     [20.995542200000003, 44.525147800000006], [20.9958555, 44.524838],
     [20.996107600000002, 44.5245703], [20.9963169, 44.524337],
     [20.996547500000002, 44.5241783], [20.9967326, 44.5241763],
     [20.9968399, 44.5242261], [20.996939100000002, 44.5242452],
     [20.9972771, 44.5240329], [20.9977197, 44.5238111],
     [20.998044200000002, 44.523640900000004],
     [20.998422400000003, 44.5234631], [20.9986128, 44.5233732]]}},
  {"type":"Feature",
   "properties":{},
   "geometry":
   {"type":"LineString",
    "coordinates":
    [[20.9986128, 44.5233732],
     [20.999641800000003, 44.524688600000005],
     [20.9995896, 44.5250214], [20.9994969, 44.525342900000005],
     [20.9996125, 44.5257997],
     [21.000472900000002, 44.526571000000004],
     [21.0009315, 44.5272305], [21.0016459, 44.5275456],
     [21.0022625, 44.527731900000006],
     [21.0028048, 44.527984100000005],
     [21.003042200000003, 44.528194400000004], [21.0033931, 44.52854],
     [21.0035619, 44.528777000000005], [21.0037112, 44.5289846],
     [21.0037612, 44.529050000000005],
     [21.003820400000002, 44.5291176],
     [21.003891000000003, 44.529192200000004],
     [21.0039494, 44.529249300000004],
     [21.004013800000003, 44.529305300000004],
     [21.0040783, 44.5293591]]}},
  {"type":"Feature",
   "properties":{},
   "geometry":
   {"type":"LineString",
    "coordinates":
    [[21.0040783, 44.5293591], [21.0046909, 44.5296856]]}},
  {"type":"Feature",
   "properties":{},
   "geometry":
   {"type":"LineString",
    "coordinates":
    [[21.0046909, 44.5296856], [21.004787, 44.5297453],
     [21.0049078, 44.5298248], [21.005103100000003, 44.5299574],
     [21.005276900000002, 44.530072600000004],
     [21.0054476, 44.5301855], [21.0056115, 44.530288500000005],
     [21.005772200000003, 44.5303872],
     [21.007447300000003, 44.531280900000006],
     [21.010006200000003, 44.5326461],
     [21.0104593, 44.532919500000006],
     [21.011950000000002, 44.5338191],
     [21.014045600000003, 44.5352693],
     [21.017409100000002, 44.537945900000004], [21.0190793, 44.539203],
     [21.0204847, 44.5402009], [21.022399800000002, 44.5413441],
     [21.023562000000002, 44.5419798], [21.0268684, 44.5435426],
     [21.0303124, 44.5451369],
     [21.033014100000003, 44.546579200000004],
     [21.033614, 44.546924100000005],
     [21.0367952, 44.548797500000006]]}},
  {"type":"Feature",
   "properties":{},
   "geometry":
   {"type":"LineString",
    "coordinates":
    [[21.0367952, 44.548797500000006],
     [21.037131300000002, 44.5490164]]}},
  {"type":"Feature",
   "properties":{},
   "geometry":
   {"type":"LineString",
    "coordinates":
    [[21.037131300000002, 44.5490164],
     [21.038920100000002, 44.550050500000005],
     [21.040068100000003, 44.5507003],
     [21.040862800000003, 44.551168700000005],
     [21.040990800000003, 44.5512432],
     [21.041618800000002, 44.5515867], [21.0419203, 44.5517544],
     [21.0420182, 44.5518103]]}},
  {"type":"Feature",
   "properties":{},
   "geometry":
   {"type":"LineString",
    "coordinates":
    [[21.0422575, 44.551542500000004], [21.0420182, 44.5518103]]}},
  {"type":"Feature",
   "properties":{},
   "geometry":
   {"type":"LineString",
    "coordinates":
    [[21.045155700000002, 44.5482892],
     [21.044071000000002, 44.549513100000006],
     [21.0429965, 44.550715600000004], [21.0428226, 44.5509101],
     [21.0422575, 44.551542500000004]]}},
  {"type":"Feature",
   "properties":{},
   "geometry":
   {"type":"LineString",
    "coordinates":
    [[21.053404, 44.5520383], [21.0530897, 44.5518577],
     [21.0522829, 44.5513464], [21.0517679, 44.550941200000004],
     [21.0515426, 44.550723700000006], [21.0514106, 44.5505962],
     [21.0506435, 44.5500151],
     [21.049541700000002, 44.549255300000006],
     [21.049270200000002, 44.5490555],
     [21.0490932, 44.548994400000005],
     [21.048967700000002, 44.5489953], [21.0488067, 44.5490909],
     [21.0486533, 44.5491243], [21.0485192, 44.549074700000006],
     [21.0478627, 44.548602300000006],
     [21.047629200000003, 44.5484536], [21.0474597, 44.5483623],
     [21.0474001, 44.548346900000006],
     [21.047354300000002, 44.548341900000004],
     [21.047304800000003, 44.5483501], [21.0472657, 44.548368],
     [21.0469936, 44.5485977], [21.0469358, 44.548641700000005],
     [21.0468809, 44.5486665],
     [21.046778800000002, 44.548678300000006],
     [21.0467146, 44.5486857], [21.0465793, 44.548695],
     [21.0465322, 44.5487048], [21.0464056, 44.548765],
     [21.046310100000003, 44.548814400000005],
     [21.0462573, 44.548818600000004], [21.0462032, 44.5488118],
     [21.04589, 44.548645400000005], [21.0457693, 44.5485824],
     [21.04566, 44.548528000000005], [21.0454756, 44.548444700000005],
     [21.0452625, 44.5483452], [21.045155700000002, 44.5482892]]}},
  {"type":"Feature",
   "properties":{},
   "geometry":
   {"type":"LineString",
    "coordinates":
    [[21.053404, 44.5520383], [21.053774200000003, 44.5515452],
     [21.0539016, 44.5513619], [21.0539594, 44.551278800000006]]}},
  {"type":"Feature",
   "properties":{},
   "geometry":
   {"type":"LineString",
    "coordinates":
    [[21.0539594, 44.551278800000006], [21.0546121, 44.5516646]]}},
  {"type":"Feature",
   "properties":{},
   "geometry":
   {"type":"LineString",
    "coordinates":
    [[21.0546121, 44.5516646], [21.0546936, 44.5516993],
     [21.054786200000002, 44.5517197],
     [21.054904500000003, 44.5517374], [21.0549877, 44.5517209],
     [21.055114200000002, 44.5516638],
     [21.055231900000003, 44.551604100000006],
     [21.055509400000002, 44.5514267],
     [21.0558005, 44.551250200000005],
     [21.0562706, 44.550995500000006],
     [21.056752200000002, 44.551050200000006], [21.057012, 44.5509606],
     [21.057207000000002, 44.5507726], [21.0573365, 44.5506667],
     [21.057466, 44.5505608], [21.0577516, 44.550394000000004],
     [21.057824800000002, 44.550335700000005],
     [21.0578979, 44.550274900000005], [21.0579711, 44.5502077],
     [21.0580478, 44.5501355], [21.0580879, 44.550095500000005],
     [21.058131500000002, 44.550037800000005],
     [21.058142800000002, 44.5500136], [21.0581627, 44.5499713],
     [21.0581871, 44.5499091], [21.0582196, 44.549839000000006]]}},
  {"type":"Feature",
   "properties":{},
   "geometry":
   {"type":"LineString",
    "coordinates":
    [[21.0582196, 44.549839000000006], [21.0582517, 44.5498284],
     [21.0582838, 44.5498178],
     [21.058341900000002, 44.549800100000006],
     [21.0584409, 44.5497614], [21.0585433, 44.549720400000005],
     [21.058644100000002, 44.549677900000006],
     [21.058716500000003, 44.549650400000004],
     [21.0587926, 44.5496229]]}},
  {"type":"Feature",
   "properties":{},
   "geometry":
   {"type":"LineString",
    "coordinates":
    [[20.4554778, 44.8230403], [20.45541, 44.8230452]]}},
  {"type":"Feature",
   "properties":{},
   "geometry":
   {"type":"LineString",
    "coordinates":
    [[20.4558903, 44.8227484], [20.4558468, 44.822772],
     [20.4554741, 44.8229745], [20.4554778, 44.8230403]]}},
  {"type":"Feature",
   "properties":{},
   "geometry":
   {"type":"LineString",
    "coordinates":
    [[20.4558903, 44.8227484], [20.455896300000003, 44.8227452]]}},
  {"type":"Feature",
   "properties":{},
   "geometry":
   {"type":"LineString",
    "coordinates":
    [[20.455896300000003, 44.8227452], [20.4559187, 44.822733],
     [20.4559448, 44.822718900000005]]}},
  {"type":"Feature",
   "properties":{},
   "geometry":
   {"type":"LineString",
    "coordinates":
    [[20.4559448, 44.822718900000005],
     [20.455950700000002, 44.822715800000005]]}},
  {"type":"Feature",
   "properties":{},
   "geometry":
   {"type":"LineString",
    "coordinates":
    [[20.455950700000002, 44.822715800000005],
     [20.4559283, 44.8226955]]}},
  {"type":"Feature",
   "properties":{},
   "geometry":
   {"type":"LineString",
    "coordinates":
    [[20.4559283, 44.8226955],
     [20.455922400000002, 44.822690200000004]]}},
  {"type":"Feature",
   "properties":{},
   "geometry":
   {"type":"LineString",
    "coordinates":
    [[20.45587, 44.8226413], [20.4558885, 44.822658600000004],
     [20.455922400000002, 44.822690200000004]]}},
  {"type":"Feature",
   "properties":{},
   "geometry":
   {"type":"LineString",
    "coordinates":
    [[20.4558632, 44.822635000000005], [20.45587, 44.8226413]]}}]}
