{"type":"FeatureCollection",
 "properties":{},
 "features":
 [{"type":"Feature",
   "properties":{},
   "geometry":
   {"type":"LineString",
    "coordinates":
    [[21.0587926, 44.5496229], [21.0589449, 44.5495887],
     [21.0590151, 44.549583500000004],
     [21.059094400000003, 44.5495821], [21.0591915, 44.5495845],
     [21.059293500000003, 44.549589000000005],
     [21.0594657, 44.549601300000006],
     [21.0597394, 44.549621200000004]]}},
  {"type":"Feature",
   "properties":{},
   "geometry":
   {"type":"LineString",
    "coordinates":
    [[21.0597394, 44.549621200000004], [21.0600866, 44.5496672]]}},
  {"type":"Feature",
   "properties":{},
   "geometry":
   {"type":"LineString",
    "coordinates":
    [[21.0600866, 44.5496672], [21.0603823, 44.549702200000006]]}},
  {"type":"Feature",
   "properties":{},
   "geometry":
   {"type":"LineString",
    "coordinates":
    [[21.0603823, 44.549702200000006], [21.060538, 44.5497238],
     [21.0607115, 44.5497505]]}},
  {"type":"Feature",
   "properties":{},
   "geometry":
   {"type":"LineString",
    "coordinates":
    [[21.0607115, 44.5497505], [21.0609018, 44.5498004],
     [21.0611062, 44.549852800000004],
     [21.061287200000002, 44.5498872]]}},
  {"type":"Feature",
   "properties":{},
   "geometry":
   {"type":"LineString",
    "coordinates":
    [[21.061287200000002, 44.5498872],
     [21.061419100000002, 44.5499123], [21.0617538, 44.5499634]]}},
  {"type":"Feature",
   "properties":{},
   "geometry":
   {"type":"LineString",
    "coordinates":
    [[21.1159769, 44.5509118], [21.1158754, 44.5509221],
     [21.1151699, 44.5508685], [21.114338500000002, 44.5507883],
     [21.113576700000003, 44.5508036],
     [21.112546700000003, 44.550746200000006],
     [21.1116831, 44.5506277], [21.1100652, 44.550275000000006],
     [21.109553400000003, 44.550184300000005],
     [21.109070600000003, 44.5502951],
     [21.108711200000002, 44.550306600000006],
     [21.1081876, 44.5501833], [21.1070289, 44.5498775],
     [21.1059807, 44.5494732], [21.1051921, 44.549201800000006],
     [21.104822000000002, 44.5491903],
     [21.104044100000003, 44.549228500000005],
     [21.103443300000002, 44.549293500000005],
     [21.1030807, 44.549262000000006], [21.102644, 44.549117700000004],
     [21.1020861, 44.548693300000004],
     [21.1013512, 44.548230700000005], [21.1006828, 44.5478016],
     [21.100160300000002, 44.5473438],
     [21.0999479, 44.547094300000005], [21.0998299, 44.5468879],
     [21.0998138, 44.546574400000004], [21.0998009, 44.5462963],
     [21.099699, 44.546051600000006], [21.0992269, 44.545623400000004],
     [21.0988407, 44.5454093], [21.0982398, 44.545134000000004],
     [21.0979952, 44.5449878],
     [21.097678700000003, 44.544727800000004],
     [21.0974749, 44.544334000000006], [21.0972903, 44.5438112],
     [21.097110100000002, 44.5436229], [21.0964749, 44.5434556],
     [21.096002900000002, 44.5434174],
     [21.0955523, 44.543394400000004], [21.094989, 44.543436500000006],
     [21.0942219, 44.5435321], [21.0935513, 44.5435588],
     [21.0930578, 44.5436391], [21.0927413, 44.543711800000004],
     [21.0916201, 44.543753800000005],
     [21.090928100000003, 44.543818800000004],
     [21.090386300000002, 44.543872300000004],
     [21.0894583, 44.5438647], [21.088798500000003, 44.5438303],
     [21.0882942, 44.54375], [21.087258900000002, 44.5438035],
     [21.086819000000002, 44.543818800000004],
     [21.0865025, 44.5438953], [21.0860626, 44.544097900000004],
     [21.0854672, 44.5443694], [21.085093800000003, 44.5444219],
     [21.084743, 44.544380800000006], [21.0843943, 44.544300500000006],
     [21.0839329, 44.544312000000005],
     [21.083444800000002, 44.544403800000005],
     [21.0824845, 44.5445338], [21.0817443, 44.544702],
     [21.0816799, 44.5447823], [21.0816155, 44.545107200000004],
     [21.0815243, 44.5452602],
     [21.081325800000002, 44.545306100000005],
     [21.081102700000002, 44.545274500000005],
     [21.0804836, 44.5451302], [21.079074900000002, 44.5448807],
     [21.0777639, 44.5446867],
     [21.076830400000002, 44.544575800000004],
     [21.0760472, 44.5445949],
     [21.075215800000002, 44.544763200000006],
     [21.0745259, 44.545018400000004],
     [21.073729800000002, 44.5452602],
     [21.0730003, 44.545676900000004], [21.0723619, 44.5461777],
     [21.071884500000003, 44.546487400000004],
     [21.0715143, 44.546659500000004], [21.0711656, 44.5466977],
     [21.070888800000002, 44.5466776],
     [21.070323400000003, 44.546556200000005],
     [21.069921100000002, 44.5464683],
     [21.069481200000002, 44.546449200000005],
     [21.0689984, 44.5465256], [21.0681401, 44.5467206],
     [21.0676251, 44.546885], [21.0671691, 44.5470915],
     [21.0666112, 44.547259700000005],
     [21.066064100000002, 44.5475541], [21.0652648, 44.5480205],
     [21.064841, 44.5483454], [21.0646318, 44.548509800000005],
     [21.0645084, 44.5485595], [21.0644703, 44.548574],
     [21.0641275, 44.5487048], [21.0639237, 44.548815600000005],
     [21.0636984, 44.5489456], [21.0634891, 44.5490221],
     [21.0631701, 44.549096600000006], [21.0629475, 44.5492075],
     [21.0628026, 44.5493126], [21.0626524, 44.549391],
     [21.062529, 44.5493967], [21.0624137, 44.549373800000005],
     [21.0623064, 44.5493317], [21.062124, 44.549322200000006],
     [21.0620543, 44.5493642], [21.0619175, 44.549639500000005],
     [21.0617914, 44.5498708], [21.0617538, 44.5499634]]}},
  {"type":"Feature",
   "properties":{},
   "geometry":
   {"type":"LineString",
    "coordinates":
    [[21.1159769, 44.5509118], [21.1160687, 44.5509889],
     [21.1161438, 44.551076800000004],
     [21.1162189, 44.551210600000005], [21.1162479, 44.5513543],
     [21.117981200000003, 44.5570602],
     [21.117872300000002, 44.558437600000005],
     [21.1175517, 44.561052100000005],
     [21.1179236, 44.562006000000004], [21.1188988, 44.5645072],
     [21.1189123, 44.564595600000004], [21.119219, 44.565437],
     [21.1193445, 44.5666214], [21.1194659, 44.568056000000006],
     [21.1195722, 44.568831100000004],
     [21.119431000000002, 44.5691391]]}},
  {"type":"Feature",
   "properties":{},
   "geometry":
   {"type":"LineString",
    "coordinates":
    [[21.119431000000002, 44.5691391], [21.1191406, 44.5692454],
     [21.118652400000002, 44.5696773],
     [21.118308300000002, 44.5697768], [21.117804, 44.569799700000004],
     [21.117444600000002, 44.5699679],
     [21.116870600000002, 44.570617600000006],
     [21.1165442, 44.570984200000005], [21.1163771, 44.5711755],
     [21.1162277, 44.5712403], [21.116115, 44.571225000000005],
     [21.115790500000003, 44.571032900000006],
     [21.115437, 44.570805500000006], [21.1153884, 44.570776800000004],
     [21.115343300000003, 44.570758100000006],
     [21.115281500000002, 44.570738500000004],
     [21.1152215, 44.5707219], [21.1151534, 44.5707019]]}},
  {"type":"Feature",
   "properties":{},
   "geometry":
   {"type":"LineString",
    "coordinates":
    [[21.1151534, 44.5707019], [21.1151729, 44.570750000000004],
     [21.1151853, 44.5708083], [21.1151847, 44.570863300000006],
     [21.1151841, 44.570908200000005],
     [21.115180600000002, 44.5709396],
     [21.1151757, 44.570982900000004],
     [21.115174900000003, 44.5710276],
     [21.1151744, 44.571057200000006],
     [21.115173000000002, 44.571124000000005],
     [21.1151833, 44.5711803],
     [21.115204300000002, 44.571229800000005], [21.115252, 44.5713038],
     [21.115287300000002, 44.5713437],
     [21.115343900000003, 44.5713975],
     [21.115400400000002, 44.5714412]]}},
  {"type":"Feature",
   "properties":{},
   "geometry":
   {"type":"LineString",
    "coordinates":
    [[21.115400400000002, 44.5714412],
     [21.1156888, 44.571611600000004]]}},
  {"type":"Feature",
   "properties":{},
   "geometry":
   {"type":"LineString",
    "coordinates":
    [[21.1156888, 44.571611600000004],
     [21.1157843, 44.571676100000005],
     [21.1158284, 44.571705300000005],
     [21.1158569, 44.571728300000004]]}},
  {"type":"Feature",
   "properties":{},
   "geometry":
   {"type":"LineString",
    "coordinates":
    [[21.1158569, 44.571728300000004],
     [21.115909300000002, 44.5717757], [21.115938, 44.5718138],
     [21.115969500000002, 44.571870100000005],
     [21.1160029, 44.571946100000005], [21.1160611, 44.5721368],
     [21.116149, 44.5725014], [21.1161929, 44.572685],
     [21.1162369, 44.572861], [21.1163047, 44.5730474],
     [21.116372600000002, 44.5732262],
     [21.116539500000002, 44.5736361], [21.11671, 44.574053600000006],
     [21.117062500000003, 44.574919300000005],
     [21.117238800000003, 44.575353500000006],
     [21.1174132, 44.5757914], [21.1174457, 44.575862900000004],
     [21.1174782, 44.575924400000005],
     [21.117503300000003, 44.5759679], [21.1175283, 44.5760039],
     [21.117578400000003, 44.5760683], [21.1176606, 44.5761485],
     [21.1177375, 44.5762135], [21.1182535, 44.576631400000004],
     [21.1189128, 44.5771634], [21.1212765, 44.5790486]]}},
  {"type":"Feature",
   "properties":{},
   "geometry":
   {"type":"LineString",
    "coordinates":
    [[21.1212765, 44.5790486], [21.1216566, 44.579340300000005]]}},
  {"type":"Feature",
   "properties":{},
   "geometry":
   {"type":"LineString",
    "coordinates":
    [[21.1216566, 44.579340300000005], [21.1218414, 44.5794872],
     [21.1220845, 44.579675], [21.122352000000003, 44.5798714],
     [21.1228504, 44.5802354], [21.123518200000003, 44.5807262],
     [21.1243433, 44.5813338], [21.125032100000002, 44.58184],
     [21.1257327, 44.582346400000006],
     [21.1260733, 44.582593100000004],
     [21.126413900000003, 44.5828427], [21.1266183, 44.5829943],
     [21.1268105, 44.5831342],
     [21.126968100000003, 44.583246700000004], [21.127051, 44.5833043],
     [21.1271501, 44.5833649], [21.1272895, 44.583429300000006],
     [21.127405900000003, 44.583476000000005],
     [21.1275081, 44.583503900000004], [21.1276316, 44.5835286],
     [21.127771300000003, 44.5835505],
     [21.127918100000002, 44.5835644], [21.1280852, 44.5835755],
     [21.1284594, 44.583594500000004], [21.128854, 44.5836107],
     [21.1289611, 44.5836162], [21.129056300000002, 44.5836248],
     [21.129157600000003, 44.583634800000006],
     [21.129220200000002, 44.5836423], [21.1293215, 44.58366]]}},
  {"type":"Feature",
   "properties":{},
   "geometry":
   {"type":"LineString",
    "coordinates":
    [[21.1293215, 44.58366], [21.129388600000002, 44.5836744],
     [21.1294811, 44.5836975], [21.1295457, 44.583718600000005],
     [21.1296244, 44.583745400000005], [21.1297032, 44.5837796],
     [21.129769, 44.583811100000005], [21.1298338, 44.5838477],
     [21.129888400000002, 44.5838836],
     [21.129950100000002, 44.583933200000004],
     [21.129982000000002, 44.5839609], [21.1300159, 44.5839915],
     [21.130102100000002, 44.5840788]]}},
  {"type":"Feature",
   "properties":{},
   "geometry":
   {"type":"LineString",
    "coordinates":
    [[21.130102100000002, 44.5840788], [21.1302771, 44.5843799]]}},
  {"type":"Feature",
   "properties":{},
   "geometry":
   {"type":"LineString",
    "coordinates":
    [[21.1311609, 44.585909900000004], [21.1302771, 44.5843799]]}},
  {"type":"Feature",
   "properties":{},
   "geometry":
   {"type":"LineString",
    "coordinates":
    [[21.131373500000002, 44.5862843],
     [21.131308100000002, 44.5861699],
     [21.1311609, 44.585909900000004]]}},
  {"type":"Feature",
   "properties":{},
   "geometry":
   {"type":"LineString",
    "coordinates":
    [[21.131373500000002, 44.5862843], [21.1314074, 44.5863408],
     [21.131438900000003, 44.5863906],
     [21.131479900000002, 44.586451100000005],
     [21.1315162, 44.586501600000005],
     [21.131548900000002, 44.5865464],
     [21.1315817, 44.586587900000005],
     [21.131619800000003, 44.586632400000006],
     [21.1316509, 44.586665200000006],
     [21.131715500000002, 44.5867342], [21.1317813, 44.5868016],
     [21.131844700000002, 44.5868623],
     [21.131964200000002, 44.5869705],
     [21.132083700000003, 44.587073600000004],
     [21.1321593, 44.587138700000004],
     [21.132234800000003, 44.587201300000004], [21.1323122, 44.58726],
     [21.132378900000003, 44.5873062],
     [21.1333118, 44.587889600000004]]}},
  {"type":"Feature",
   "properties":{},
   "geometry":
   {"type":"LineString",
    "coordinates":
    [[21.1333118, 44.587889600000004],
     [21.134135800000003, 44.588411900000004],
     [21.135892100000003, 44.589525]]}},
  {"type":"Feature",
   "properties":{},
   "geometry":
   {"type":"LineString",
    "coordinates":
    [[21.135892100000003, 44.589525], [21.1359986, 44.5894357],
     [21.1360791, 44.5893682]]}},
  {"type":"Feature",
   "properties":{},
   "geometry":
   {"type":"LineString",
    "coordinates":
    [[21.1360791, 44.5893682], [21.136159600000003, 44.5893007],
     [21.136476100000003, 44.589048600000005],
     [21.1368838, 44.588723900000005], [21.1372754, 44.5884335],
     [21.137624000000002, 44.5881546],
     [21.137988800000002, 44.587994200000004],
     [21.1385735, 44.587929200000005],
     [21.1397805, 44.587768800000006], [21.1408212, 44.5876389],
     [21.1419907, 44.5874784], [21.1431118, 44.5873141],
     [21.1442437, 44.587161300000005], [21.1459818, 44.586955],
     [21.146872300000002, 44.586794600000005],
     [21.148159800000002, 44.586657], [21.1497959, 44.5864507],
     [21.1506611, 44.586322200000005]]}},
  {"type":"Feature",
   "properties":{},
   "geometry":
   {"type":"LineString",
    "coordinates":
    [[21.1506611, 44.586322200000005],
     [21.1507048, 44.586466900000005], [21.1511342, 44.5880742],
     [21.1512305, 44.588434500000005], [21.1517455, 44.5904096],
     [21.1522061, 44.592251100000006]]}},
  {"type":"Feature",
   "properties":{},
   "geometry":
   {"type":"LineString",
    "coordinates":
    [[21.1522061, 44.592251100000006], [21.1531567, 44.5918603],
     [21.1541974, 44.591463000000005], [21.1553347, 44.5910275],
     [21.156525600000002, 44.5906225], [21.15821, 44.589996],
     [21.160591800000002, 44.590003700000004], [21.1630165, 44.589996],
     [21.1655914, 44.5899731],
     [21.168824200000003, 44.589974500000004],
     [21.170260600000002, 44.589952700000005]]}},
  {"type":"Feature",
   "properties":{},
   "geometry":
   {"type":"LineString",
    "coordinates":
    [[21.170260600000002, 44.589952700000005],
     [21.170833700000003, 44.5899701],
     [21.171595200000002, 44.5899798],
     [21.172302400000003, 44.589983700000005],
     [21.1731264, 44.5899779], [21.1740919, 44.5899914],
     [21.175024800000003, 44.5899817],
     [21.1761534, 44.589972100000004], [21.1771026, 44.5899798],
     [21.177393600000002, 44.589923600000006],
     [21.177597600000002, 44.589848100000005],
     [21.177856000000002, 44.589733800000005],
     [21.1784897, 44.589681500000005], [21.1792376, 44.5896428],
     [21.180220000000002, 44.5895968], [21.1803934, 44.5895293]]}},
  {"type":"Feature",
   "properties":{},
   "geometry":
   {"type":"LineString",
    "coordinates":
    [[21.1808933, 44.589566500000004],
     [21.180608000000003, 44.5895541],
     [21.1804658, 44.589548400000005], [21.1803934, 44.5895293]]}},
  {"type":"Feature",
   "properties":{},
   "geometry":
   {"type":"LineString",
    "coordinates":
    [[21.1808933, 44.589566500000004],
     [21.1808641, 44.589677900000005], [21.180797600000002, 44.589979],
     [21.180731100000003, 44.590271300000005],
     [21.180630700000002, 44.5907052], [21.180588, 44.590891500000005],
     [21.1805364, 44.591117100000005],
     [21.1805072, 44.591247700000004], [21.1804574, 44.5914708],
     [21.180400600000002, 44.5917254],
     [21.180361400000002, 44.5919321]]}},
  {"type":"Feature",
   "properties":{},
   "geometry":
   {"type":"LineString",
    "coordinates":
    [[21.180361400000002, 44.5919321], [21.1803034, 44.5922424]]}},
  {"type":"Feature",
   "properties":{},
   "geometry":
   {"type":"LineString",
    "coordinates":
    [[21.1803034, 44.5922424], [21.1802704, 44.5925038],
     [21.1802619, 44.5925716]]}},
  {"type":"Feature",
   "properties":{},
   "geometry":
   {"type":"LineString",
    "coordinates":
    [[21.1802619, 44.5925716], [21.1802579, 44.5926034]]}},
  {"type":"Feature",
   "properties":{},
   "geometry":
   {"type":"LineString",
    "coordinates":
    [[21.1802579, 44.5926034],
     [21.180197800000002, 44.593058400000004]]}},
  {"type":"Feature",
   "properties":{},
   "geometry":
   {"type":"LineString",
    "coordinates":
    [[21.180197800000002, 44.593058400000004],
     [21.1801543, 44.5933871], [21.1801089, 44.5937307],
     [21.1800868, 44.593898], [21.180067100000002, 44.5940476]]}},
  {"type":"Feature",
   "properties":{},
   "geometry":
   {"type":"LineString",
    "coordinates":
    [[21.180067100000002, 44.5940476],
     [21.180053700000002, 44.594148700000005],
     [21.180010000000003, 44.5944811]]}},
  {"type":"Feature",
   "properties":{},
   "geometry":
   {"type":"LineString",
    "coordinates":
    [[21.180010000000003, 44.5944811], [21.1799427, 44.5949758]]}},
  {"type":"Feature",
   "properties":{},
   "geometry":
   {"type":"LineString",
    "coordinates":
    [[21.1799427, 44.5949758], [21.1799396, 44.5949984]]}},
  {"type":"Feature",
   "properties":{},
   "geometry":
   {"type":"LineString",
    "coordinates":
    [[21.1799396, 44.5949984], [21.179933600000002, 44.595073],
     [21.1799305, 44.595108700000004],
     [21.1799249, 44.595171900000004],
     [21.1799246, 44.595181600000004], [21.1799222, 44.5952708],
     [21.1799196, 44.5953552],
     [21.179918400000002, 44.595450500000005]]}},
  {"type":"Feature",
   "properties":{},
   "geometry":
   {"type":"LineString",
    "coordinates":
    [[21.179918400000002, 44.595450500000005],
     [21.1799173, 44.5955342], [21.179919100000003, 44.5956987],
     [21.1799468, 44.595989100000004],
     [21.179980800000003, 44.5963445], [21.1799871, 44.5964101],
     [21.180017000000003, 44.5967232],
     [21.180052800000002, 44.5970978],
     [21.180086900000003, 44.597455000000004],
     [21.1801405, 44.598016400000006], [21.1801952, 44.5986301],
     [21.1802198, 44.598809200000005],
     [21.1802557, 44.599095000000005]]}},
  {"type":"Feature",
   "properties":{},
   "geometry":
   {"type":"LineString",
    "coordinates":
    [[21.1802557, 44.599095000000005], [21.1802825, 44.5993087],
     [21.1802981, 44.5994327], [21.180329500000003, 44.5996833],
     [21.1803545, 44.5998825], [21.1803752, 44.6000473],
     [21.1804142, 44.600357900000006],
     [21.1804348, 44.600521900000004], [21.1804737, 44.6008319],
     [21.1805109, 44.601128], [21.1805153, 44.60116],
     [21.180575, 44.6016387], [21.1806129, 44.6019409],
     [21.1806164, 44.6019687], [21.180618600000003, 44.6019859],
     [21.180622900000003, 44.6020209],
     [21.180626800000002, 44.6020515],
     [21.1806294, 44.602072500000006],
     [21.180653200000002, 44.6022618],
     [21.180672700000002, 44.602357700000006], [21.180758, 44.6029538],
     [21.180828700000003, 44.6034057],
     [21.180851200000003, 44.6035495], [21.1808906, 44.6038012]]}},
  {"type":"Feature",
   "properties":{},
   "geometry":
   {"type":"LineString",
    "coordinates":
    [[21.1808906, 44.6038012],
     [21.180949400000003, 44.604177400000005],
     [21.1809589, 44.6042422], [21.1809611, 44.604257800000006],
     [21.180971, 44.6043256], [21.1810636, 44.604907700000005],
     [21.181102300000003, 44.6051548],
     [21.181107400000002, 44.6051876], [21.1811326, 44.6053489],
     [21.1811468, 44.6054393], [21.1811495, 44.605456700000005],
     [21.1811523, 44.605474900000004],
     [21.181188600000002, 44.6057064], [21.181225, 44.6059396],
     [21.1812317, 44.6059823]]}},
  {"type":"Feature",
   "properties":{},
   "geometry":
   {"type":"LineString",
    "coordinates":
    [[21.1812317, 44.6059823], [21.1812773, 44.606273800000004],
     [21.1813237, 44.606570700000006], [21.1813681, 44.6068548],
     [21.181411400000002, 44.607131300000006],
     [21.181413600000003, 44.607145800000005],
     [21.1814173, 44.6071692], [21.1814235, 44.60721],
     [21.181425100000002, 44.6072204], [21.1814384, 44.6073041],
     [21.181501400000002, 44.6077011], [21.181566, 44.608108400000006],
     [21.1816381, 44.6085806], [21.181643400000002, 44.608615],
     [21.181681, 44.6088553],
     [21.181691400000002, 44.608921900000006]]}},
  {"type":"Feature",
   "properties":{},
   "geometry":
   {"type":"LineString",
    "coordinates":
    [[21.181691400000002, 44.608921900000006],
     [21.1817034, 44.6089989], [21.1817551, 44.609329300000006],
     [21.1817739, 44.6094214],
     [21.181829200000003, 44.609692200000005],
     [21.181852000000003, 44.6098307],
     [21.181869300000002, 44.609935500000006]]}},
  {"type":"Feature",
   "properties":{},
   "geometry":
   {"type":"LineString",
    "coordinates":
    [[21.181869300000002, 44.609935500000006],
     [21.1819157, 44.6102184], [21.1819346, 44.610356200000005]]}},
  {"type":"Feature",
   "properties":{},
   "geometry":
   {"type":"LineString",
    "coordinates":
    [[21.1819346, 44.610356200000005],
     [21.1819758, 44.610547100000005]]}},
  {"type":"Feature",
   "properties":{},
   "geometry":
   {"type":"LineString",
    "coordinates":
    [[21.1819758, 44.610547100000005],
     [21.182005800000002, 44.6107682], [21.182009, 44.6107918],
     [21.1820182, 44.610859600000005], [21.1820485, 44.6110227]]}},
  {"type":"Feature",
   "properties":{},
   "geometry":
   {"type":"LineString",
    "coordinates":
    [[21.1820485, 44.6110227],
     [21.182124100000003, 44.611430500000004],
     [21.1821294, 44.6114589], [21.182133, 44.611478500000004],
     [21.182146000000003, 44.611548500000005],
     [21.182209800000003, 44.6120084],
     [21.182305000000003, 44.6126151],
     [21.182320500000003, 44.612688000000006],
     [21.182323500000003, 44.612704400000005],
     [21.182350200000002, 44.612833200000004]]}},
  {"type":"Feature",
   "properties":{},
   "geometry":
   {"type":"LineString",
    "coordinates":
    [[21.182350200000002, 44.612833200000004],
     [21.182351200000003, 44.6128377],
     [21.1824151, 44.613145800000005],
     [21.182418300000002, 44.6131613],
     [21.1824209, 44.613173700000004], [21.1824441, 44.6132854],
     [21.182449100000003, 44.6133098], [21.1824707, 44.6134137],
     [21.182474000000003, 44.613436], [21.1824772, 44.6134574],
     [21.182480700000003, 44.613474800000006],
     [21.182595900000003, 44.6140522], [21.1826034, 44.6140914],
     [21.182608400000003, 44.614115000000005],
     [21.182627500000002, 44.6142045], [21.1826498, 44.6143088],
     [21.182662500000003, 44.614367400000006],
     [21.182681000000002, 44.614429], [21.182686200000003, 44.6144465],
     [21.1826922, 44.614466400000005], [21.182704, 44.6145056],
     [21.1828074, 44.6148502], [21.1828125, 44.6148675],
     [21.1828179, 44.6148852], [21.1828988, 44.6151549],
     [21.1829009, 44.615162000000005]]}},
  {"type":"Feature",
   "properties":{},
   "geometry":
   {"type":"LineString",
    "coordinates":
    [[21.1829009, 44.615162000000005], [21.183142, 44.6159654],
     [21.1831552, 44.616012000000005], [21.1831634, 44.6160434],
     [21.1831712, 44.616102700000006],
     [21.183174700000002, 44.616197500000006],
     [21.183176200000002, 44.616237500000004],
     [21.183176900000003, 44.6162566], [21.183202, 44.616941000000004],
     [21.1832365, 44.6172521], [21.1832567, 44.6174346],
     [21.1832546, 44.6174881], [21.183248600000002, 44.6175105],
     [21.1832372, 44.617548600000006]]}},
  {"type":"Feature",
   "properties":{},
   "geometry":
   {"type":"LineString",
    "coordinates":
    [[21.183655400000003, 44.6186802],
     [21.1834677, 44.618089000000005],
     [21.183453500000002, 44.6180442], [21.1834305, 44.6179885],
     [21.1834135, 44.6179472],
     [21.183405200000003, 44.617929700000005],
     [21.1832372, 44.617548600000006]]}},
  {"type":"Feature",
   "properties":{},
   "geometry":
   {"type":"LineString",
    "coordinates":
    [[21.1845347, 44.6207871], [21.1843775, 44.6203367],
     [21.184060300000002, 44.6194314],
     [21.184050300000003, 44.6193991],
     [21.184023500000002, 44.619322200000006]]}},
  {"type":"Feature",
   "properties":{},
   "geometry":
   {"type":"LineString",
    "coordinates":
    [[21.1843819, 44.6208188],
     [21.184475600000003, 44.620802000000005],
     [21.1845347, 44.6207871]]}},
  {"type":"Feature",
   "properties":{},
   "geometry":
   {"type":"LineString",
    "coordinates":
    [[21.1843819, 44.6208188], [21.1845812, 44.6209654]]}},
  {"type":"Feature",
   "properties":{},
   "geometry":
   {"type":"LineString",
    "coordinates":
    [[21.1845812, 44.6209654], [21.1846113, 44.620966200000005],
     [21.1846393, 44.6209724]]}},
  {"type":"Feature",
   "properties":{},
   "geometry":
   {"type":"LineString",
    "coordinates":
    [[21.1846393, 44.6209724], [21.1846709, 44.6209823],
     [21.184695100000003, 44.620995300000004], [21.184728, 44.6210284],
     [21.184772000000002, 44.6210741],
     [21.1847889, 44.621104200000005]]}},
  {"type":"Feature",
   "properties":{},
   "geometry":
   {"type":"LineString",
    "coordinates":
    [[21.1847889, 44.621104200000005],
     [21.1849656, 44.621256900000006]]}},
  {"type":"Feature",
   "properties":{},
   "geometry":
   {"type":"LineString",
    "coordinates":
    [[21.1849656, 44.621256900000006],
     [21.185063300000003, 44.6212269],
     [21.1851425, 44.621208200000005], [21.1854508, 44.6211737],
     [21.185730200000002, 44.621149800000005],
     [21.185763700000003, 44.6211469], [21.1860253, 44.6211211],
     [21.186147300000002, 44.621109000000004],
     [21.186311800000002, 44.6210928], [21.1863822, 44.6210861],
     [21.186487200000002, 44.6211009]]}},
  {"type":"Feature",
   "properties":{},
   "geometry":
   {"type":"LineString",
    "coordinates":
    [[21.186487200000002, 44.6211009], [21.1865673, 44.6210723],
     [21.1872982, 44.620811100000005], [21.1873948, 44.6207725],
     [21.1882182, 44.620443400000006], [21.188292, 44.6204139],
     [21.188409200000002, 44.6203702]]}},
  {"type":"Feature",
   "properties":{},
   "geometry":
   {"type":"LineString",
    "coordinates":
    [[21.189620700000003, 44.619640600000004],
     [21.189389300000002, 44.619781800000005],
     [21.1885973, 44.6202571], [21.1885333, 44.620295500000005],
     [21.188409200000002, 44.6203702]]}},
  {"type":"Feature",
   "properties":{},
   "geometry":
   {"type":"LineString",
    "coordinates":
    [[21.192055200000002, 44.6194034], [21.1919894, 44.6194142],
     [21.1918967, 44.6194195], [21.1913166, 44.6194531],
     [21.191288500000002, 44.619454700000006],
     [21.1909643, 44.6194797], [21.1906833, 44.619501400000004],
     [21.190186100000002, 44.619539800000005],
     [21.1900938, 44.619547700000005], [21.1897895, 44.6195925],
     [21.189620700000003, 44.619640600000004]]}},
  {"type":"Feature",
   "properties":{},
   "geometry":
   {"type":"LineString",
    "coordinates":
    [[21.1923467, 44.619340400000006],
     [21.192055200000002, 44.6194034]]}},
  {"type":"Feature",
   "properties":{},
   "geometry":
   {"type":"LineString",
    "coordinates":
    [[21.1927875, 44.6192653], [21.192595100000002, 44.6192981],
     [21.1924138, 44.619329], [21.1923467, 44.619340400000006]]}},
  {"type":"Feature",
   "properties":{},
   "geometry":
   {"type":"LineString",
    "coordinates":
    [[21.196883200000002, 44.6195875],
     [21.1968335, 44.619585300000004],
     [21.195893400000003, 44.6195432],
     [21.1958546, 44.619541500000004],
     [21.193023500000002, 44.619418700000004],
     [21.192970300000002, 44.619416400000006],
     [21.192908600000003, 44.619389600000005],
     [21.1928616, 44.619354300000005],
     [21.1928327, 44.619319600000004], [21.1927875, 44.6192653]]}},
  {"type":"Feature",
   "properties":{},
   "geometry":
   {"type":"LineString",
    "coordinates":
    [[21.1978358, 44.6220538], [21.1976601, 44.621849600000004],
     [21.197538100000003, 44.621693], [21.1974643, 44.621556500000004],
     [21.1974227, 44.6213818], [21.1973974, 44.621291],
     [21.197381800000002, 44.621231800000004],
     [21.1972151, 44.620663900000004], [21.197188, 44.620574700000006],
     [21.1970245, 44.620045100000006],
     [21.1969032, 44.619652200000004],
     [21.196883200000002, 44.6195875]]}},
  {"type":"Feature",
   "properties":{},
   "geometry":
   {"type":"LineString",
    "coordinates":
    [[21.200067400000002, 44.6234102],
     [21.2000141, 44.623419500000004],
     [21.199959800000002, 44.623419500000004],
     [21.199891700000002, 44.623407300000004],
     [21.199729400000002, 44.623353900000005],
     [21.199579, 44.623295000000006], [21.1993808, 44.6232174],
     [21.1991139, 44.623114300000005],
     [21.1988832, 44.623012200000005],
     [21.1987102, 44.622908100000004], [21.1985184, 44.6227764],
     [21.1983602, 44.6226428], [21.1982629, 44.6225607],
     [21.1979723, 44.6222158], [21.1978358, 44.6220538]]}},
  {"type":"Feature",
   "properties":{},
   "geometry":
   {"type":"LineString",
    "coordinates":
    [[21.200067400000002, 44.6234102],
     [21.200069300000003, 44.6234136],
     [21.2000828, 44.623422000000005],
     [21.2001175, 44.623436600000005], [21.2001646, 44.6234436],
     [21.200497900000002, 44.623429300000005]]}},
  {"type":"Feature",
   "properties":{},
   "geometry":
   {"type":"LineString",
    "coordinates":
    [[21.2046785, 44.6227931], [21.2046674, 44.622839400000004],
     [21.204635200000002, 44.622869900000005],
     [21.2046084, 44.622878500000006],
     [21.204511800000002, 44.622892900000004],
     [21.203746300000002, 44.622992700000005], [21.202629, 44.6230981],
     [21.202022600000003, 44.623180500000004],
     [21.2013116, 44.6232635],
     [21.201092300000003, 44.623296800000006], [21.201001, 44.6233182],
     [21.2008751, 44.6233584], [21.2006346, 44.623412],
     [21.200497900000002, 44.623429300000005]]}},
  {"type":"Feature",
   "properties":{},
   "geometry":
   {"type":"LineString",
    "coordinates":
    [[21.205841600000003, 44.6228434],
     [21.205630600000003, 44.6228034], [21.2054335, 44.6227913],
     [21.204925300000003, 44.622793200000004],
     [21.2048297, 44.622796400000006], [21.2046785, 44.6227931]]}},
  {"type":"Feature",
   "properties":{},
   "geometry":
   {"type":"LineString",
    "coordinates":
    [[21.2059482, 44.6228909], [21.205841600000003, 44.6228434]]}},
  {"type":"Feature",
   "properties":{},
   "geometry":
   {"type":"LineString",
    "coordinates":
    [[21.206519500000002, 44.6229992],
     [21.206340400000002, 44.6229959],
     [21.2060885, 44.622951900000004], [21.2059482, 44.6228909]]}},
  {"type":"Feature",
   "properties":{},
   "geometry":
   {"type":"LineString",
    "coordinates":
    [[21.206519500000002, 44.6229992],
     [21.2065208, 44.623020800000006], [21.2065376, 44.6230494],
     [21.206604600000002, 44.623087600000005],
     [21.207104400000002, 44.6233164], [21.2071498, 44.6233372],
     [21.2075897, 44.623518100000005],
     [21.2080175, 44.623640200000004],
     [21.2083286, 44.623762400000004],
     [21.208779200000002, 44.6239743],
     [21.2092406, 44.624290300000006],
     [21.2097006, 44.624545100000006], [21.210241, 44.624951700000004],
     [21.210312100000003, 44.6250276],
     [21.2103617, 44.625080600000004],
     [21.210807900000002, 44.6255679],
     [21.2109384, 44.625710500000004], [21.211326, 44.6260332],
     [21.2117095, 44.6263061], [21.2119442, 44.6264302],
     [21.2123962, 44.6266764], [21.212424300000002, 44.6266917],
     [21.2124656, 44.6267189], [21.2125008, 44.62675],
     [21.2125293, 44.6267845], [21.2125504, 44.626821500000005],
     [21.2125653, 44.6268678],
     [21.212568700000002, 44.626915200000006],
     [21.212560500000002, 44.6269623], [21.212541, 44.6270077],
     [21.2123224, 44.6274448], [21.2123226, 44.6274792],
     [21.212329800000003, 44.6275131], [21.2123439, 44.627546],
     [21.2123667, 44.6275799],
     [21.212396700000003, 44.627610700000005],
     [21.212433200000003, 44.6276378],
     [21.2124753, 44.627660500000005], [21.213721200000002, 44.628048],
     [21.2140001, 44.6281521], [21.2140314, 44.6281709],
     [21.2140543, 44.628195000000005],
     [21.214067200000002, 44.6282227], [21.2140695, 44.6282469],
     [21.214064, 44.628270900000004], [21.214051100000002, 44.6282933],
     [21.213913, 44.6285004], [21.2139092, 44.6285314],
     [21.2139156, 44.628562200000005]]}},
  {"type":"Feature",
   "properties":{},
   "geometry":
   {"type":"LineString",
    "coordinates":
    [[21.2139156, 44.628562200000005], [21.2139317, 44.6285911],
     [21.2139527, 44.628613200000004], [21.2139795, 44.6286319],
     [21.2140109, 44.6286464], [21.215183, 44.6289213],
     [21.2164021, 44.6292096],
     [21.217829000000002, 44.629541700000004],
     [21.219166100000002, 44.6298547], [21.2209913, 44.6303052],
     [21.221657800000003, 44.6304742], [21.2257442, 44.6313942]]}},
  {"type":"Feature",
   "properties":{},
   "geometry":
   {"type":"LineString",
    "coordinates":
    [[21.2257442, 44.6313942], [21.2250978, 44.6328143],
     [21.224995800000002, 44.633259]]}},
  {"type":"Feature",
   "properties":{},
   "geometry":
   {"type":"LineString",
    "coordinates":
    [[21.224995800000002, 44.633259],
     [21.224688500000003, 44.633224000000006],
     [21.224270100000002, 44.633138200000005],
     [21.223779200000003, 44.6330351],
     [21.2232884, 44.632949200000006], [21.2228217, 44.6328289],
     [21.2223335, 44.632714400000005], [21.2217273, 44.6325846],
     [21.2212874, 44.6324835],
     [21.220769800000003, 44.632437700000004]]}},
  {"type":"Feature",
   "properties":{},
   "geometry":
   {"type":"LineString",
    "coordinates":
    [[21.220769800000003, 44.632437700000004],
     [21.2207751, 44.6325808], [21.2206705, 44.632712500000004],
     [21.2205391, 44.6328423], [21.2203835, 44.633058000000005],
     [21.220287000000003, 44.633290800000005],
     [21.220120700000003, 44.633523700000005],
     [21.2199463, 44.633758500000006]]}},
  {"type":"Feature",
   "properties":{},
   "geometry":
   {"type":"LineString",
    "coordinates":
    [[21.2199463, 44.633758500000006],
     [21.219729100000002, 44.6338005],
     [21.2195199, 44.633964600000006],
     [21.219305300000002, 44.634208900000004],
     [21.2190961, 44.6344246], [21.218876100000003, 44.6345563],
     [21.218715200000002, 44.6345697],
     [21.218575700000002, 44.6346575],
     [21.218468400000003, 44.6348579],
     [21.218366500000002, 44.6350755],
     [21.218291500000003, 44.6352112]]}},
  {"type":"Feature",
   "properties":{},
   "geometry":
   {"type":"LineString",
    "coordinates":
    [[21.2179806, 44.639842900000005],
     [21.217977400000002, 44.6397196],
     [21.217955800000002, 44.6396067],
     [21.2179512, 44.639493800000004],
     [21.217960400000003, 44.6393173],
     [21.2180113, 44.639138700000004], [21.2180405, 44.6390948],
     [21.2181129, 44.6387956], [21.2181684, 44.6386465],
     [21.218276200000002, 44.638409700000004],
     [21.218276200000002, 44.638258400000005], [21.218287, 44.6381126],
     [21.218274700000002, 44.638083], [21.218247, 44.6380403],
     [21.2181669, 44.6379899], [21.218091400000002, 44.6379449],
     [21.217955800000002, 44.6378879], [21.2174829, 44.6377728],
     [21.2172549, 44.6377049], [21.2172164, 44.6376621],
     [21.2171948, 44.6375996], [21.2171948, 44.637537200000004],
     [21.2174833, 44.6369544], [21.2177292, 44.6364467],
     [21.2178106, 44.6363007], [21.2178675, 44.636086600000006],
     [21.217958900000003, 44.6358711],
     [21.2181724, 44.635513800000005], [21.2182649, 44.6352643],
     [21.218291500000003, 44.6352112]]}},
  {"type":"Feature",
   "properties":{},
   "geometry":
   {"type":"LineString",
    "coordinates":
    [[21.217740000000003, 44.6418222],
     [21.2183062, 44.640981100000005],
     [21.2182797, 44.640696600000005],
     [21.218184100000002, 44.640394400000005],
     [21.218184100000002, 44.6400846], [21.2181204, 44.6399751],
     [21.2179806, 44.639842900000005]]}},
  {"type":"Feature",
   "properties":{},
   "geometry":
   {"type":"LineString",
    "coordinates":
    [[21.217740000000003, 44.6418222], [21.2180527, 44.6418947],
     [21.218366500000002, 44.6419615],
     [21.218650800000002, 44.6420034], [21.2191148, 44.6420874],
     [21.2194769, 44.642158], [21.219804200000002, 44.642221],
     [21.2200437, 44.642285300000005]]}},
  {"type":"Feature",
   "properties":{},
   "geometry":
   {"type":"LineString",
    "coordinates":
    [[21.2200437, 44.642285300000005],
     [21.220003900000002, 44.642321100000004],
     [21.2199333, 44.642399000000005], [21.2198737, 44.6424815],
     [21.2198257, 44.6425677], [21.2197897, 44.642656800000005],
     [21.219170100000003, 44.6437102],
     [21.2190306, 44.643967800000006],
     [21.218918000000002, 44.644252200000004],
     [21.2189233, 44.644597600000004], [21.2188616, 44.645296],
     [21.2188975, 44.6454651]]}},
  {"type":"Feature",
   "properties":{},
   "geometry":
   {"type":"LineString",
    "coordinates":
    [[21.2188975, 44.6454651], [21.219098900000002, 44.6460938],
     [21.219123200000002, 44.6461118], [21.2191768, 44.6461691],
     [21.2191768, 44.646354200000005], [21.219239, 44.646524],
     [21.219484700000002, 44.647269400000006], [21.2196062, 44.647874],
     [21.2196342, 44.648771100000005],
     [21.219559500000003, 44.6495485], [21.2194007, 44.6503924],
     [21.2191018, 44.651721300000005], [21.2189243, 44.6522395],
     [21.2187375, 44.6525186], [21.2184667, 44.6528508],
     [21.2181585, 44.653090000000006],
     [21.2174206, 44.653634800000006], [21.216991, 44.6540601],
     [21.216355800000002, 44.654837400000005],
     [21.215991600000002, 44.655315800000004],
     [21.2156273, 44.655588200000004],
     [21.215048200000002, 44.655834000000006],
     [21.214674600000002, 44.6560666], [21.2142263, 44.656432],
     [21.2134044, 44.657468400000006], [21.2127132, 44.6584118],
     [21.212558400000002, 44.6587261],
     [21.212558400000002, 44.6589224], [21.2126424, 44.6591363],
     [21.212839600000002, 44.659377400000004],
     [21.2137208, 44.660135600000004],
     [21.2137578, 44.660245200000006],
     [21.2137762, 44.660346000000004], [21.2137639, 44.6604644],
     [21.2135667, 44.661148100000005],
     [21.2135791, 44.661459300000004], [21.2136222, 44.6616872],
     [21.2138071, 44.662217500000004],
     [21.213868700000003, 44.662489300000004],
     [21.2138625, 44.662721600000005], [21.2137762, 44.6629451],
     [21.213248, 44.6641132], [21.213061200000002, 44.6648506],
     [21.2130052, 44.6655547], [21.213061200000002, 44.6660861],
     [21.213248, 44.6667703], [21.213687, 44.668092200000004],
     [21.213743100000002, 44.668424300000005],
     [21.2137244, 44.668703300000004], [21.2136123, 44.6691749],
     [21.2130706, 44.6712141]]}},
  {"type":"Feature",
   "properties":{},
   "geometry":
   {"type":"LineString",
    "coordinates":
    [[21.2130706, 44.6712141], [21.2126226, 44.6712007],
     [21.2118715, 44.671055700000004], [21.2115282, 44.6708154],
     [21.211399500000002, 44.6704835], [21.2113619, 44.6702317],
     [21.211152700000003, 44.670140100000005], [21.210391, 44.6704644],
     [21.209243, 44.6708001], [21.208095, 44.670968],
     [21.207054300000003, 44.6711053], [21.2058205, 44.6714258],
     [21.205241100000002, 44.671639400000004],
     [21.2037391, 44.672448100000004],
     [21.202923700000003, 44.672631200000005],
     [21.2028164, 44.6729593], [21.202151200000003, 44.6732492],
     [21.201580800000002, 44.673511600000005]]}},
  {"type":"Feature",
   "properties":{},
   "geometry":
   {"type":"LineString",
    "coordinates":
    [[21.201580800000002, 44.673511600000005],
     [21.2014487, 44.6735709], [21.2012767, 44.6736573],
     [21.2010979, 44.673742100000005], [21.2009191, 44.6738203],
     [21.2005683, 44.6739752], [21.200185400000002, 44.6741496],
     [21.199733700000003, 44.674376300000006],
     [21.1992523, 44.674617600000005], [21.1987983, 44.6748197]]}},
  {"type":"Feature",
   "properties":{},
   "geometry":
   {"type":"LineString",
    "coordinates":
    [[21.1987983, 44.6748197], [21.198608, 44.6746877],
     [21.1983719, 44.6745328], [21.1981128, 44.6744317],
     [21.1978836, 44.6742719], [21.197354, 44.6740877],
     [21.196861000000002, 44.6738823], [21.1963589, 44.6736426],
     [21.1960196, 44.673911600000004], [21.1957491, 44.6741643],
     [21.1956138, 44.6743159], [21.195281400000002, 44.6744317],
     [21.194960400000003, 44.674792000000004],
     [21.194566100000003, 44.675215900000005]]}},
  {"type":"Feature",
   "properties":{},
   "geometry":
   {"type":"LineString",
    "coordinates":
    [[21.194566100000003, 44.675215900000005],
     [21.194320700000002, 44.674990900000005],
     [21.1940342, 44.6747382], [21.1937155, 44.6744822],
     [21.193502300000002, 44.6743241], [21.1932814, 44.6742379]]}},
  {"type":"Feature",
   "properties":{},
   "geometry":
   {"type":"LineString",
    "coordinates":
    [[21.1932814, 44.6742379], [21.1927477, 44.6740166],
     [21.192513, 44.673925100000005], [21.1922783, 44.6738021],
     [21.191894700000002, 44.6735598],
     [21.1916909, 44.673478800000005],
     [21.1913784, 44.673348100000005],
     [21.1910029, 44.673200300000005], [21.1907132, 44.6731221],
     [21.1904168, 44.673056300000006], [21.1899796, 44.6729743],
     [21.189827400000002, 44.672944]]}},
  {"type":"Feature",
   "properties":{},
   "geometry":
   {"type":"LineString",
    "coordinates":
    [[21.1885853, 44.6725641], [21.1890414, 44.672707700000004],
     [21.189580000000003, 44.672876],
     [21.189827400000002, 44.672944]]}},
  {"type":"Feature",
   "properties":{},
   "geometry":
   {"type":"LineString",
    "coordinates":
    [[21.1875231, 44.6741906], [21.1875426, 44.674162700000004],
     [21.188164500000003, 44.673275600000004],
     [21.1883415, 44.6729764], [21.1885853, 44.6725641]]}},
  {"type":"Feature",
   "properties":{},
   "geometry":
   {"type":"LineString",
    "coordinates":
    [[21.1844462, 44.6792178], [21.1844839, 44.679119400000005],
     [21.1846415, 44.678707900000006], [21.184799, 44.6783869],
     [21.1851822, 44.6777254], [21.185384600000003, 44.6773844],
     [21.185665500000002, 44.676911000000004],
     [21.1863613, 44.6758475], [21.1873334, 44.6744611],
     [21.1875231, 44.6741906]]}},
  {"type":"Feature",
   "properties":{},
   "geometry":
   {"type":"LineString",
    "coordinates":
    [[21.183393600000002, 44.681812300000004],
     [21.183776100000003, 44.680862100000006],
     [21.1838102, 44.6807784],
     [21.184030800000002, 44.680237000000005],
     [21.184112000000002, 44.6800378], [21.1843627, 44.6794227],
     [21.1844462, 44.6792178]]}},
  {"type":"Feature",
   "properties":{},
   "geometry":
   {"type":"LineString",
    "coordinates":
    [[21.183637100000002, 44.686579800000004],
     [21.1837431, 44.6859144], [21.1837537, 44.685702500000005],
     [21.1837559, 44.685461800000006], [21.1837218, 44.6852242],
     [21.1836151, 44.6845614], [21.1836121, 44.684543000000005],
     [21.1835607, 44.684223900000006],
     [21.183473000000003, 44.6836496],
     [21.183425500000002, 44.683338500000005],
     [21.183285400000003, 44.682421000000005],
     [21.183279000000002, 44.6823088], [21.1832882, 44.6821865],
     [21.1833031, 44.6821077], [21.183327900000002, 44.6820213],
     [21.183393600000002, 44.681812300000004]]}},
  {"type":"Feature",
   "properties":{},
   "geometry":
   {"type":"LineString",
    "coordinates":
    [[21.1833491, 44.687792200000004],
     [21.183415200000002, 44.687487000000004],
     [21.183570600000003, 44.6868513], [21.1836021, 44.6867225],
     [21.183607300000002, 44.686701400000004],
     [21.183637100000002, 44.686579800000004]]}},
  {"type":"Feature",
   "properties":{},
   "geometry":
   {"type":"LineString",
    "coordinates":
    [[21.182799900000003, 44.6913539],
     [21.182807200000003, 44.6912601], [21.1828149, 44.6911617],
     [21.1828252, 44.6910533], [21.182911800000003, 44.6901407],
     [21.1829173, 44.6900824], [21.1829527, 44.6897103],
     [21.18307, 44.689078200000004],
     [21.183077100000002, 44.689040000000006],
     [21.183142200000002, 44.688747],
     [21.183347100000002, 44.687801500000006],
     [21.1833491, 44.687792200000004]]}},
  {"type":"Feature",
   "properties":{},
   "geometry":
   {"type":"LineString",
    "coordinates":
    [[21.1827937, 44.691598000000006], [21.1827933, 44.6915908],
     [21.1827915, 44.691462200000004],
     [21.182799000000003, 44.6913654],
     [21.182799900000003, 44.6913539]]}},
  {"type":"Feature",
   "properties":{},
   "geometry":
   {"type":"LineString",
    "coordinates":
    [[21.183164, 44.6926933], [21.1831417, 44.692663],
     [21.183136400000002, 44.692655900000005],
     [21.183125500000003, 44.6926411], [21.1830946, 44.6925991],
     [21.183069, 44.6925644], [21.1829812, 44.6924452],
     [21.1829214, 44.6923412], [21.1828928, 44.6922519],
     [21.182886500000002, 44.6922325],
     [21.1828828, 44.692219300000005],
     [21.1828553, 44.692122700000006],
     [21.1828234, 44.691957800000004], [21.1828135, 44.6918735],
     [21.1828101, 44.691844], [21.1828088, 44.6918268],
     [21.182801100000002, 44.691717700000005],
     [21.1827937, 44.691598000000006]]}},
  {"type":"Feature",
   "properties":{},
   "geometry":
   {"type":"LineString",
    "coordinates":
    [[21.183274700000002, 44.6928223],
     [21.183213900000002, 44.6927515], [21.183164, 44.6926933]]}},
  {"type":"Feature",
   "properties":{},
   "geometry":
   {"type":"LineString",
    "coordinates":
    [[21.1889897, 44.6937645],
     [21.188365100000002, 44.693648100000004],
     [21.187976000000003, 44.693538100000005],
     [21.1877907, 44.693458500000006], [21.1876897, 44.6934118],
     [21.187262800000003, 44.6933014], [21.1866726, 44.6932078],
     [21.1858411, 44.6930375], [21.1852316, 44.692877700000004],
     [21.1848257, 44.692774500000006],
     [21.1844274, 44.692675300000005],
     [21.1841532, 44.692620500000004],
     [21.1839547, 44.692659600000006],
     [21.183738100000003, 44.6927158],
     [21.1833846, 44.692797000000006],
     [21.183274700000002, 44.6928223]]}},
  {"type":"Feature",
   "properties":{},
   "geometry":
   {"type":"LineString",
    "coordinates":
    [[21.1892499, 44.694376600000005], [21.1890889, 44.6940505],
     [21.1890475, 44.6938594], [21.1889897, 44.6937645]]}},
  {"type":"Feature",
   "properties":{},
   "geometry":
   {"type":"LineString",
    "coordinates":
    [[21.1901307, 44.695408500000006],
     [21.189963300000002, 44.6950687], [21.1898453, 44.6949696],
     [21.1894832, 44.694571100000005],
     [21.1892499, 44.694376600000005]]}},
  {"type":"Feature",
   "properties":{},
   "geometry":
   {"type":"LineString",
    "coordinates":
    [[21.200178100000002, 44.699139],
     [21.200148900000002, 44.699085800000006], [21.1996691, 44.698869],
     [21.1989428, 44.698529400000005], [21.1982591, 44.698169],
     [21.197827200000003, 44.697971300000006],
     [21.1967247, 44.697627100000005], [21.1954618, 44.697155],
     [21.1933745, 44.6965364], [21.1930212, 44.6963829],
     [21.1913723, 44.6957108], [21.190523300000002, 44.695455],
     [21.190382600000003, 44.6954178], [21.190273, 44.695409600000005],
     [21.1901307, 44.695408500000006]]}},
  {"type":"Feature",
   "properties":{},
   "geometry":
   {"type":"LineString",
    "coordinates":
    [[21.200178100000002, 44.699139],
     [21.200049500000002, 44.699279700000005],
     [21.199848300000003, 44.6995409],
     [21.199625700000002, 44.6998345], [21.199387, 44.7001872],
     [21.198982, 44.7006333], [21.198609100000002, 44.701123300000006],
     [21.1982846, 44.7015904], [21.1981451, 44.7019316],
     [21.1979922, 44.702351], [21.1978233, 44.702696100000004],
     [21.1977267, 44.7030679], [21.1976762, 44.7033402]]}},
  {"type":"Feature",
   "properties":{},
   "geometry":
   {"type":"LineString",
    "coordinates":
    [[21.1994843, 44.7174032], [21.1994244, 44.7172823],
     [21.1992039, 44.717095400000005], [21.1988518, 44.7169176],
     [21.1984701, 44.7168513], [21.198118100000002, 44.7168513],
     [21.1978212, 44.7169327], [21.1973589, 44.717029100000005],
     [21.1968745, 44.7171395], [21.1968032, 44.7171557],
     [21.196184000000002, 44.7171919],
     [21.1959719, 44.717173800000005],
     [21.1957132, 44.717026100000005],
     [21.194784300000002, 44.7163691],
     [21.194691000000002, 44.715861800000006],
     [21.1943729, 44.715246900000004],
     [21.1944789, 44.714535600000005],
     [21.194937000000003, 44.713827300000005],
     [21.1950685, 44.713486700000004],
     [21.195462900000003, 44.7130542],
     [21.195562600000002, 44.712683500000004],
     [21.1959507, 44.7116812], [21.196277300000002, 44.7108976],
     [21.196861400000003, 44.7092503],
     [21.196946200000003, 44.7084545], [21.1967426, 44.7074416],
     [21.196812400000002, 44.7065909],
     [21.1969384, 44.706416100000006],
     [21.197325300000003, 44.706205100000005],
     [21.1974722, 44.706128400000004], [21.1975412, 44.7058577],
     [21.1973883, 44.705420700000005], [21.197307300000002, 44.705005],
     [21.197256300000003, 44.7044743], [21.1973373, 44.7041247],
     [21.1976762, 44.7033402]]}},
  {"type":"Feature",
   "properties":{},
   "geometry":
   {"type":"LineString",
    "coordinates":
    [[21.1994843, 44.7174032], [21.199365500000003, 44.7175834],
     [21.1986279, 44.718071300000005],
     [21.1983812, 44.718397200000005],
     [21.1982846, 44.718608700000004], [21.1981551, 44.7187707]]}},
  {"type":"Feature",
   "properties":{},
   "geometry":
   {"type":"LineString",
    "coordinates":
    [[21.1981551, 44.7187707], [21.1980584, 44.7188644],
     [21.197916300000003, 44.7189768],
     [21.197805000000002, 44.719090200000004],
     [21.1976617, 44.7192652], [21.1974085, 44.719595500000004],
     [21.1973342, 44.719717300000006],
     [21.197290000000002, 44.7198049], [21.1972363, 44.7199936],
     [21.1971485, 44.720298500000006],
     [21.197010000000002, 44.720704500000004],
     [21.1969773, 44.720802400000004], [21.1967968, 44.721304],
     [21.196690500000003, 44.7216059],
     [21.196588600000002, 44.721932800000005],
     [21.196498700000003, 44.7222625],
     [21.196430000000003, 44.722538400000005],
     [21.196250600000003, 44.723251600000005],
     [21.196125000000002, 44.723795300000006],
     [21.1960093, 44.724240200000004],
     [21.195944800000003, 44.724437800000004],
     [21.195726200000003, 44.725049600000006],
     [21.1955326, 44.7256312], [21.1953561, 44.7261644],
     [21.1953226, 44.7262864], [21.1953123, 44.7263578],
     [21.1953025, 44.7264913], [21.1953064, 44.726548300000005],
     [21.1953226, 44.726676100000006], [21.1953408, 44.7267747],
     [21.1955476, 44.7277233], [21.195606, 44.7280152],
     [21.1957007, 44.7284066], [21.1957346, 44.7285667],
     [21.1957485, 44.7286621],
     [21.195792100000002, 44.728699600000006]]}},
  {"type":"Feature",
   "properties":{},
   "geometry":
   {"type":"LineString",
    "coordinates":
    [[21.198293800000002, 44.7276316], [21.1980398, 44.7276296],
     [21.197868, 44.727627000000005], [21.1977389, 44.7276344],
     [21.197567600000003, 44.727655600000006],
     [21.1974275, 44.7276856], [21.1972422, 44.727738200000005],
     [21.1970865, 44.7277956], [21.1967491, 44.7279506],
     [21.1964384, 44.728119], [21.196180700000003, 44.728267900000006],
     [21.196060300000003, 44.7283391], [21.196016, 44.7283747],
     [21.1959716, 44.728410200000006],
     [21.195899500000003, 44.7284845],
     [21.195876400000003, 44.7285217],
     [21.195847200000003, 44.7285739],
     [21.1958163, 44.728627800000005],
     [21.195792100000002, 44.728699600000006]]}},
  {"type":"Feature",
   "properties":{},
   "geometry":
   {"type":"LineString",
    "coordinates":
    [[21.1990158, 44.727621600000006],
     [21.198293800000002, 44.7276316]]}},
  {"type":"Feature",
   "properties":{},
   "geometry":
   {"type":"LineString",
    "coordinates":
    [[21.199245, 44.727620800000004],
     [21.1990158, 44.727621600000006]]}},
  {"type":"Feature",
   "properties":{},
   "geometry":
   {"type":"LineString",
    "coordinates":
    [[21.199245, 44.727620800000004], [21.1992471, 44.727704900000006],
     [21.1992681, 44.727765100000006],
     [21.199328100000002, 44.7278521],
     [21.1994291, 44.727935200000005],
     [21.199607200000003, 44.728077600000006],
     [21.1997012, 44.7281527]]}},
  {"type":"Feature",
   "properties":{},
   "geometry":
   {"type":"LineString",
    "coordinates":
    [[21.1997012, 44.7281527], [21.2012065, 44.7290147],
     [21.2021482, 44.7295394], [21.2037547, 44.729933],
     [21.205991100000002, 44.730437], [21.2071872, 44.730691300000004],
     [21.2072755, 44.7307183], [21.2073442, 44.7307488]]}},
  {"type":"Feature",
   "properties":{},
   "geometry":
   {"type":"LineString",
    "coordinates":
    [[21.2082969, 44.7320974], [21.208213800000003, 44.7318889],
     [21.208082100000002, 44.7315764], [21.2080042, 44.7314355],
     [21.2079501, 44.731373700000006],
     [21.207889700000003, 44.731315800000004], [21.2077561, 44.731212],
     [21.207603600000002, 44.731123100000005],
     [21.2075479, 44.7310924], [21.2075049, 44.731061700000005],
     [21.207461900000002, 44.7310249],
     [21.2074359, 44.730985100000005], [21.2073442, 44.7307488]]}},
  {"type":"Feature",
   "properties":{},
   "geometry":
   {"type":"LineString",
    "coordinates":
    [[21.221485400000002, 44.735088600000005],
     [21.2193614, 44.7352636],
     [21.213748600000002, 44.735753900000006],
     [21.211728100000002, 44.7359231], [21.211575, 44.735922300000006],
     [21.211540600000003, 44.735873500000004],
     [21.2114891, 44.7358003], [21.2111363, 44.7332667],
     [21.2110695, 44.7331651], [21.210936, 44.7331516],
     [21.2091241, 44.7334225], [21.208952500000002, 44.733409],
     [21.208828500000003, 44.733232900000004],
     [21.2084471, 44.7325012], [21.2082969, 44.7320974]]}},
  {"type":"Feature",
   "properties":{},
   "geometry":
   {"type":"LineString",
    "coordinates":
    [[21.228898, 44.7344634],
     [21.221485400000002, 44.735088600000005]]}},
  {"type":"Feature",
   "properties":{},
   "geometry":
   {"type":"LineString",
    "coordinates":
    [[21.228898, 44.7344634], [21.2286246, 44.735653400000004],
     [21.228638800000002, 44.735925], [21.229325000000003, 44.7376258],
     [21.2296292, 44.7383796], [21.230302700000003, 44.7401235]]}},
  {"type":"Feature",
   "properties":{},
   "geometry":
   {"type":"LineString",
    "coordinates":
    [[21.230302700000003, 44.7401235],
     [21.230070700000002, 44.7402499],
     [21.229770900000002, 44.7403952],
     [21.229419800000002, 44.740455000000004]]}},
  {"type":"Feature",
   "properties":{},
   "geometry":
   {"type":"LineString",
    "coordinates":
    [[21.229419800000002, 44.740455000000004],
     [21.2280406, 44.740691600000005], [21.2277208, 44.7407863],
     [21.226941200000002, 44.741150700000006],
     [21.2261576, 44.7415248],
     [21.222780500000002, 44.743191200000005],
     [21.217132300000003, 44.746048200000004],
     [21.215019400000003, 44.747123300000005],
     [21.2145236, 44.747328200000005], [21.2144404, 44.7473487],
     [21.214361, 44.747375600000005], [21.214286400000002, 44.7474088],
     [21.2142176, 44.7474478], [21.214155400000003, 44.7474921],
     [21.214100600000002, 44.747541000000005],
     [21.2140546, 44.7475934],
     [21.214017000000002, 44.747649100000004],
     [21.2139884, 44.7477074], [21.2139692, 44.7477676],
     [21.213959600000003, 44.747829],
     [21.213927700000003, 44.747979400000006],
     [21.213904600000003, 44.7481306], [21.2138902, 44.7482824],
     [21.2138847, 44.7484345], [21.213887500000002, 44.7485762],
     [21.213897900000003, 44.7487177],
     [21.213909400000002, 44.748853800000006],
     [21.2139089, 44.748990000000006],
     [21.213898800000003, 44.7491086], [21.2138797, 44.7492266],
     [21.213851700000003, 44.749343700000004],
     [21.2136897, 44.750038200000006]]}},
  {"type":"Feature",
   "properties":{},
   "geometry":
   {"type":"LineString",
    "coordinates":
    [[21.2136897, 44.750038200000006],
     [21.214041100000003, 44.7501855],
     [21.214071800000003, 44.750207800000005],
     [21.214097600000002, 44.750233], [21.2141182, 44.750260600000004],
     [21.214136, 44.750297700000004], [21.2141443, 44.7503364],
     [21.2141428, 44.750375600000005],
     [21.2141315, 44.750413900000005], [21.2140081, 44.7509913],
     [21.2138913, 44.7517737], [21.2138274, 44.7521836],
     [21.213790000000003, 44.7523166], [21.2137782, 44.7523813],
     [21.213774500000003, 44.752446500000005],
     [21.213779000000002, 44.7525118],
     [21.213791500000003, 44.752576700000006],
     [21.213812, 44.752640500000005], [21.2140345, 44.753538600000006],
     [21.2140485, 44.753669900000006],
     [21.214056600000003, 44.7538015], [21.2140588, 44.7539157],
     [21.214056600000003, 44.754029900000006],
     [21.2140676, 44.7549921], [21.2140808, 44.7565505],
     [21.2140984, 44.758265200000004], [21.214105, 44.760111300000005],
     [21.214144700000002, 44.7643289],
     [21.214135900000002, 44.764817]]}},
  {"type":"Feature",
   "properties":{},
   "geometry":
   {"type":"LineString",
    "coordinates":
    [[21.214135900000002, 44.764817],
     [21.214144700000002, 44.7651393]]}},
  {"type":"Feature",
   "properties":{},
   "geometry":
   {"type":"LineString",
    "coordinates":
    [[21.214144700000002, 44.7651393], [21.2134091, 44.764949],
     [21.212438900000002, 44.764712200000005],
     [21.2111717, 44.7644108],
     [21.209922600000002, 44.764131000000006],
     [21.2088009, 44.7638641], [21.2084249, 44.763799500000005],
     [21.2082976, 44.763834], [21.2072547, 44.7649016],
     [21.2058965, 44.7662878], [21.2054174, 44.766804400000005],
     [21.205278, 44.7668346], [21.2049688, 44.7667312],
     [21.2047141, 44.766856100000005],
     [21.204526100000002, 44.7670541],
     [21.204326000000002, 44.7672134], [21.2040289, 44.7672005],
     [21.203648100000002, 44.767507900000005]]}},
  {"type":"Feature",
   "properties":{},
   "geometry":
   {"type":"LineString",
    "coordinates":
    [[21.203648100000002, 44.767507900000005],
     [21.2035984, 44.7675965], [21.203665100000002, 44.7676783],
     [21.203762100000002, 44.767811800000004],
     [21.2037094, 44.7679003]]}},
  {"type":"Feature",
   "properties":{},
   "geometry":
   {"type":"LineString",
    "coordinates":
    [[21.2037094, 44.7679003], [21.2041602, 44.768208],
     [21.205650000000002, 44.7692252],
     [21.2062165, 44.769608500000004], [21.208556, 44.7711987],
     [21.211436900000002, 44.773231700000004],
     [21.213511200000003, 44.774646000000004],
     [21.2156163, 44.7761092],
     [21.216220800000002, 44.776465300000005],
     [21.2167952, 44.7768487], [21.2181456, 44.7775851],
     [21.218428600000003, 44.777716000000005],
     [21.2186129, 44.7778286], [21.218758700000002, 44.7779168],
     [21.219358800000002, 44.7781603],
     [21.221549500000002, 44.779036700000006],
     [21.2222183, 44.7792649], [21.2239888, 44.779837],
     [21.2257979, 44.7803665], [21.2277913, 44.780762],
     [21.228875900000002, 44.780962900000006],
     [21.232395500000003, 44.7814284],
     [21.234337500000002, 44.781705300000006],
     [21.2359709, 44.7819244], [21.2376985, 44.782167900000005],
     [21.240047800000003, 44.7824813], [21.2410381, 44.7825786],
     [21.241355300000002, 44.7826517],
     [21.2457445, 44.783247200000005],
     [21.246388500000002, 44.783321900000004],
     [21.249074200000003, 44.7836981],
     [21.2535825, 44.784329400000004], [21.2550259, 44.784506]]}},
  {"type":"Feature",
   "properties":{},
   "geometry":
   {"type":"LineString",
    "coordinates":
    [[21.2550259, 44.784506], [21.255141000000002, 44.7845201],
     [21.255181500000003, 44.7845267]]}},
  {"type":"Feature",
   "properties":{},
   "geometry":
   {"type":"LineString",
    "coordinates":
    [[21.255181500000003, 44.7845267],
     [21.255765200000003, 44.7846223],
     [21.256068000000003, 44.7846587], [21.2580445, 44.784928],
     [21.2607158, 44.7852018], [21.2634508, 44.7853943],
     [21.266499200000002, 44.7855658],
     [21.2692255, 44.785722500000006], [21.2715152, 44.7858535],
     [21.273035, 44.7859417]]}},
  {"type":"Feature",
   "properties":{},
   "geometry":
   {"type":"LineString",
    "coordinates":
    [[21.273035, 44.7859417], [21.273883700000003, 44.7859878],
     [21.274554700000003, 44.7860242], [21.2763209, 44.7861239],
     [21.2767917, 44.7861515], [21.2770085, 44.7861642],
     [21.277347300000002, 44.786174200000005], [21.2775444, 44.786199],
     [21.2776581, 44.7862019],
     [21.277732800000003, 44.786173100000006],
     [21.2777539, 44.786147400000004]]}},
  {"type":"Feature",
   "properties":{},
   "geometry":
   {"type":"LineString",
    "coordinates":
    [[21.2777539, 44.786147400000004],
     [21.277843700000002, 44.786179600000004],
     [21.2779585, 44.7862087],
     [21.278422300000003, 44.786243500000005],
     [21.278609200000002, 44.786257500000005], [21.2796726, 44.78631],
     [21.280698, 44.786384600000005], [21.2819971, 44.786453],
     [21.2826856, 44.786544600000006], [21.2828838, 44.786583],
     [21.283451900000003, 44.786692900000006], [21.284025, 44.7868246],
     [21.2842811, 44.7868835], [21.285098, 44.787142],
     [21.285746200000002, 44.787398700000004],
     [21.286254600000003, 44.787595200000005], [21.2867514, 44.787852],
     [21.287176600000002, 44.788071900000006],
     [21.287795300000003, 44.788425200000006],
     [21.288340400000003, 44.788736500000006],
     [21.2888753, 44.789037500000006],
     [21.289358800000002, 44.7893096],
     [21.290193600000002, 44.7896577],
     [21.2903774, 44.789734300000006],
     [21.2912217, 44.789991400000005],
     [21.292172500000003, 44.790192100000006],
     [21.2936264, 44.7905178], [21.2942432, 44.7906952],
     [21.2949604, 44.7908799], [21.2953005, 44.7910137],
     [21.2954975, 44.7911329], [21.2955648, 44.7911736],
     [21.2960791, 44.7914587], [21.296243, 44.7915081],
     [21.2964725, 44.791659300000006],
     [21.296808600000002, 44.791829500000006],
     [21.2969766, 44.791914000000006],
     [21.297146700000003, 44.791999600000004],
     [21.297497, 44.792126100000004],
     [21.297777800000002, 44.792185700000005],
     [21.298099500000003, 44.792182800000006],
     [21.298484700000003, 44.792115900000006],
     [21.298833000000002, 44.792025800000005],
     [21.2990739, 44.7919977], [21.299294, 44.791972],
     [21.299746900000002, 44.7919545],
     [21.3000022, 44.791963700000004]]}},
  {"type":"Feature",
   "properties":{},
   "geometry":
   {"type":"LineString",
    "coordinates":
    [[21.3000022, 44.791963700000004],
     [21.3004406, 44.792037900000004],
     [21.301008200000002, 44.792168800000006],
     [21.301780700000002, 44.7923331], [21.3025163, 44.7925003],
     [21.3028564, 44.792558500000005], [21.3037047, 44.7927562],
     [21.3042252, 44.792869700000004],
     [21.304827600000003, 44.7929991], [21.3055919, 44.7931736],
     [21.308779, 44.7938753], [21.309526100000003, 44.793986200000006],
     [21.3106528, 44.7942368]]}},
  {"type":"Feature",
   "properties":{},
   "geometry":
   {"type":"LineString",
    "coordinates":
    [[21.3106528, 44.7942368], [21.310802600000002, 44.7942704],
     [21.311184800000003, 44.794356], [21.3113469, 44.7943882],
     [21.3114741, 44.794413500000005], [21.3116284, 44.7944523],
     [21.3117157, 44.7945914], [21.3118231, 44.794682200000004],
     [21.3120611, 44.794872600000005], [21.3122803, 44.795046],
     [21.312849, 44.795500800000006]]}},
  {"type":"Feature",
   "properties":{},
   "geometry":
   {"type":"LineString",
    "coordinates":
    [[21.312849, 44.795500800000006], [21.313392, 44.7959855],
     [21.3144037, 44.7967972], [21.3177178, 44.799392100000006],
     [21.321748900000003, 44.8025468],
     [21.322026100000002, 44.8027699],
     [21.324245400000002, 44.8045307], [21.327307, 44.806954600000005],
     [21.3298087, 44.8089188], [21.3305112, 44.809452900000004],
     [21.330931, 44.809738800000005], [21.3309995, 44.809782000000006],
     [21.331064100000003, 44.8097913]]}},
  {"type":"Feature",
   "properties":{},
   "geometry":
   {"type":"LineString",
    "coordinates":
    [[21.3314488, 44.811553], [21.3313478, 44.8113724],
     [21.3310821, 44.8110914], [21.3309284, 44.810958500000005],
     [21.3308779, 44.8108944], [21.330858600000003, 44.8108124],
     [21.3308633, 44.8107447], [21.3308937, 44.8106104],
     [21.3309512, 44.810477500000005],
     [21.331061700000003, 44.810324800000004],
     [21.331212700000002, 44.810127400000006],
     [21.3313169, 44.8099593], [21.3314044, 44.809790500000005],
     [21.331627100000002, 44.8094587],
     [21.331725000000002, 44.809309000000006],
     [21.3317263, 44.8092568], [21.331720500000003, 44.809218],
     [21.3317014, 44.809172100000005],
     [21.331659300000002, 44.809128400000006], [21.3315935, 44.809097],
     [21.3315504, 44.8090856], [21.331505, 44.8090817],
     [21.331470300000003, 44.8090873],
     [21.331424400000003, 44.809100900000004],
     [21.331387000000003, 44.809150200000005],
     [21.331324000000002, 44.809239700000006],
     [21.3311983, 44.8094218], [21.3311765, 44.8094595],
     [21.3311421, 44.8096352], [21.3311335, 44.809679300000006],
     [21.3311268, 44.809736300000004], [21.3311069, 44.8097696],
     [21.331064100000003, 44.8097913]]}},
  {"type":"Feature",
   "properties":{},
   "geometry":
   {"type":"LineString",
    "coordinates":
    [[21.330647300000003, 44.812930800000004],
     [21.3307311, 44.8127337],
     [21.330773200000003, 44.812657800000004], [21.3309639, 44.812285],
     [21.3313826, 44.811649300000006], [21.331402, 44.8116179],
     [21.3314488, 44.811553]]}},
  {"type":"Feature",
   "properties":{},
   "geometry":
   {"type":"LineString",
    "coordinates":
    [[21.3301222, 44.813500600000005], [21.3303857, 44.8133702],
     [21.330447300000003, 44.8131216],
     [21.330647300000003, 44.812930800000004]]}},
  {"type":"Feature",
   "properties":{},
   "geometry":
   {"type":"LineString",
    "coordinates":
    [[21.330613500000002, 44.813954900000006],
     [21.330551, 44.813943900000005],
     [21.330511400000002, 44.813928100000005],
     [21.3304757, 44.8139077], [21.3301222, 44.813500600000005]]}},
  {"type":"Feature",
   "properties":{},
   "geometry":
   {"type":"LineString",
    "coordinates":
    [[21.3308342, 44.814318400000005],
     [21.3307171, 44.814150700000006],
     [21.330658900000003, 44.814063600000004],
     [21.330628500000003, 44.8140032],
     [21.330613500000002, 44.813954900000006]]}},
  {"type":"Feature",
   "properties":{},
   "geometry":
   {"type":"LineString",
    "coordinates":
    [[21.331070500000003, 44.814490500000005],
     [21.3310201, 44.8144788], [21.330963200000003, 44.8144715],
     [21.330939100000002, 44.8144629],
     [21.330910900000003, 44.8144287],
     [21.3308342, 44.814318400000005]]}},
  {"type":"Feature",
   "properties":{},
   "geometry":
   {"type":"LineString",
    "coordinates":
    [[21.3332267, 44.8160498], [21.3329913, 44.815926000000005],
     [21.3328394, 44.8158377], [21.3325211, 44.815609900000005],
     [21.3321541, 44.8153306],
     [21.331732000000002, 44.815052200000004],
     [21.331300300000002, 44.814678300000004],
     [21.3311242, 44.8145286], [21.331072000000002, 44.8144915],
     [21.331070500000003, 44.814490500000005]]}},
  {"type":"Feature",
   "properties":{},
   "geometry":
   {"type":"LineString",
    "coordinates":
    [[21.3332267, 44.8160498], [21.3337393, 44.8156474],
     [21.333849200000003, 44.8154941],
     [21.3340089, 44.815410500000006], [21.3340813, 44.8153553],
     [21.334176000000003, 44.815260300000006],
     [21.3346525, 44.814920400000005], [21.3348672, 44.8147402],
     [21.334934200000003, 44.814677800000005],
     [21.334963700000003, 44.814613300000005],
     [21.334957000000003, 44.814545700000004],
     [21.334945, 44.8144599]]}},
  {"type":"Feature",
   "properties":{},
   "geometry":
   {"type":"LineString",
    "coordinates":
    [[21.334945, 44.8144599], [21.335176500000003, 44.8143382],
     [21.335224200000003, 44.8142926]]}},
  {"type":"Feature",
   "properties":{},
   "geometry":
   {"type":"LineString",
    "coordinates":
    [[21.335224200000003, 44.8142926],
     [21.3352721, 44.814396900000006],
     [21.3353143, 44.814504500000005],
     [21.3353459, 44.814669300000006],
     [21.3353666, 44.814707600000006],
     [21.335419700000003, 44.814753100000004],
     [21.335472300000003, 44.814773]]}},
  {"type":"Feature",
   "properties":{},
   "geometry":
   {"type":"LineString",
    "coordinates":
    [[21.338141200000003, 44.812775200000004],
     [21.337677000000003, 44.8132527], [21.3367921, 44.8138433],
     [21.3363318, 44.8141923], [21.336143500000002, 44.81438],
     [21.335822200000003, 44.8146512],
     [21.335741600000002, 44.8147103], [21.3356584, 44.8147493],
     [21.335535, 44.8147759], [21.335472300000003, 44.814773]]}},
  {"type":"Feature",
   "properties":{},
   "geometry":
   {"type":"LineString",
    "coordinates":
    [[21.340198400000002, 44.811111700000005],
     [21.3397246, 44.8114201], [21.3393936, 44.8117348],
     [21.3388825, 44.8122005],
     [21.338141200000003, 44.812775200000004]]}},
  {"type":"Feature",
   "properties":{},
   "geometry":
   {"type":"LineString",
    "coordinates":
    [[21.3590985, 44.808233300000005],
     [21.358773300000003, 44.808424300000006],
     [21.3582277, 44.8087577],
     [21.357637200000003, 44.808679700000006],
     [21.355764100000002, 44.808326], [21.355140000000002, 44.8082666],
     [21.354755100000002, 44.8083955], [21.3545422, 44.8085413],
     [21.3543372, 44.8086203], [21.3539661, 44.8086099],
     [21.353686, 44.8086369], [21.3529516, 44.8085353],
     [21.352302, 44.808476500000005],
     [21.351803500000003, 44.808301400000005],
     [21.3514212, 44.8082282], [21.3508679, 44.808308200000006],
     [21.3498096, 44.8085395], [21.3488116, 44.808958800000006],
     [21.3480326, 44.809217000000004],
     [21.347413200000002, 44.809318700000006],
     [21.3461716, 44.8094673], [21.3456939, 44.8095245],
     [21.3451907, 44.8097329], [21.344910300000002, 44.8098387],
     [21.344776000000003, 44.809882800000004], [21.3441602, 44.809887],
     [21.343918000000002, 44.8098886], [21.3433834, 44.8099016],
     [21.3413724, 44.810330400000005],
     [21.3408644, 44.810642800000004],
     [21.340297500000002, 44.811035000000004],
     [21.340198400000002, 44.811111700000005]]}},
  {"type":"Feature",
   "properties":{},
   "geometry":
   {"type":"LineString",
    "coordinates":
    [[21.3590985, 44.808233300000005],
     [21.3593161, 44.808165900000006],
     [21.359624200000003, 44.8080987], [21.3598433, 44.8081302],
     [21.360101, 44.808201600000004], [21.360412, 44.8082962],
     [21.3606133, 44.808313000000005],
     [21.360885800000002, 44.808262500000005],
     [21.361264900000002, 44.808126], [21.3616144, 44.807957900000005],
     [21.3617743, 44.8078402], [21.3619461, 44.807649000000005],
     [21.362106800000003, 44.8074912]]}},
  {"type":"Feature",
   "properties":{},
   "geometry":
   {"type":"LineString",
    "coordinates":
    [[21.3644423, 44.8072705],
     [21.363917700000002, 44.807124900000005],
     [21.363715000000003, 44.807160800000005],
     [21.363088700000002, 44.807371100000005],
     [21.3628591, 44.8074554], [21.3625677, 44.807534000000004],
     [21.3621948, 44.8075236], [21.362106800000003, 44.8074912]]}},
  {"type":"Feature",
   "properties":{},
   "geometry":
   {"type":"LineString",
    "coordinates":
    [[21.364618500000002, 44.807319400000004],
     [21.3644423, 44.8072705]]}},
  {"type":"Feature",
   "properties":{},
   "geometry":
   {"type":"LineString",
    "coordinates":
    [[21.364618500000002, 44.807319400000004],
     [21.364701500000002, 44.8072639],
     [21.364932800000002, 44.8070533],
     [21.365044700000002, 44.8069514], [21.3651304, 44.8068733],
     [21.3653587, 44.8067238],
     [21.365653100000003, 44.806644600000006],
     [21.3661479, 44.8064898], [21.3664397, 44.806423200000005],
     [21.3667772, 44.806419600000005],
     [21.367020800000002, 44.806426800000004],
     [21.3672416, 44.806284500000004], [21.3673837, 44.8061603],
     [21.3675994, 44.8060397], [21.3678887, 44.8059875],
     [21.368221100000003, 44.806090100000006],
     [21.368693, 44.806223300000006], [21.368997500000003, 44.8063638],
     [21.369172600000002, 44.806398], [21.3693604, 44.8063422],
     [21.3695279, 44.8062125], [21.3696294, 44.806099100000004],
     [21.369748700000002, 44.8060649],
     [21.370509900000002, 44.806235900000004],
     [21.371080900000003, 44.806336800000004],
     [21.3711813, 44.8063176], [21.371198800000002, 44.8061725],
     [21.371298200000002, 44.8060252],
     [21.3715613, 44.805840700000005], [21.3717571, 44.8057059],
     [21.371912000000002, 44.8055047],
     [21.3721079, 44.805149300000004], [21.372245200000002, 44.804917],
     [21.3724791, 44.804554100000004],
     [21.3725551, 44.804282400000005], [21.3727012, 44.8039464],
     [21.3730169, 44.8035441], [21.3733121, 44.8031936],
     [21.3735898, 44.8029779], [21.3739405, 44.8026855],
     [21.3742504, 44.8024636], [21.3745222, 44.8022852],
     [21.3747556, 44.801991300000005], [21.3748608, 44.8017777],
     [21.375158900000002, 44.801445900000004],
     [21.375576900000002, 44.801114000000005],
     [21.3757348, 44.8009481], [21.376190700000002, 44.8006619],
     [21.3767299, 44.800316800000004],
     [21.377077800000002, 44.800040900000006],
     [21.377273600000002, 44.7998169],
     [21.377364200000002, 44.7996199], [21.3776565, 44.7991843],
     [21.377820200000002, 44.7989126],
     [21.377872800000002, 44.7985911],
     [21.378033600000002, 44.7984646],
     [21.3784925, 44.798168000000004],
     [21.3788081, 44.797865200000004], [21.3789221, 44.7975956],
     [21.379024400000002, 44.797392300000006],
     [21.379232000000002, 44.7971124],
     [21.379366400000002, 44.7969154],
     [21.3795126, 44.796714200000004],
     [21.379587, 44.796635300000005]]}},
  {"type":"Feature",
   "properties":{},
   "geometry":
   {"type":"LineString",
    "coordinates":
    [[21.3796286, 44.7874336], [21.379663400000002, 44.7875814],
     [21.3797025, 44.787702700000004],
     [21.379846500000003, 44.7879312],
     [21.380100600000002, 44.788370500000006],
     [21.380358100000002, 44.7888802],
     [21.380493700000002, 44.7891844], [21.3805385, 44.7892542],
     [21.380602900000003, 44.7893484],
     [21.380859700000002, 44.7897206], [21.3809428, 44.7898524],
     [21.381058000000003, 44.790072200000004],
     [21.3811474, 44.790232200000005],
     [21.381176800000002, 44.7903211], [21.3811877, 44.7904144],
     [21.3811815, 44.790494800000005], [21.3811313, 44.7906381],
     [21.3809676, 44.7909729],
     [21.380837800000002, 44.791447600000005],
     [21.380708000000002, 44.791864800000006],
     [21.380615000000002, 44.792121400000006],
     [21.3804865, 44.792377900000005], [21.3803005, 44.7929073],
     [21.380168100000002, 44.793136700000005],
     [21.380084200000002, 44.793394500000005],
     [21.3800439, 44.7934933], [21.3799809, 44.793615200000005],
     [21.3798789, 44.7937683], [21.3797932, 44.793872400000005],
     [21.3796719, 44.7939954], [21.3793885, 44.794259000000004],
     [21.3791626, 44.794507200000005],
     [21.379117500000003, 44.7945888],
     [21.3790951, 44.794682800000004],
     [21.3790967, 44.794751700000006], [21.3791154, 44.7948256],
     [21.379200100000002, 44.7951379], [21.3793025, 44.7953368],
     [21.379350000000002, 44.795436900000006],
     [21.3793824, 44.7955307], [21.3794037, 44.7956256],
     [21.3794529, 44.7959368], [21.379587, 44.796635300000005]]}},
  {"type":"Feature",
   "properties":{},
   "geometry":
   {"type":"LineString",
    "coordinates":
    [[21.387126000000002, 44.7754868], [21.3870833, 44.7755935],
     [21.3870693, 44.7756285], [21.386856, 44.7761608],
     [21.3866388, 44.776637900000004], [21.3864349, 44.7769586],
     [21.386408000000003, 44.777000900000004],
     [21.3861634, 44.7773855], [21.386020000000002, 44.7777375],
     [21.3860005, 44.777902100000006], [21.3859831, 44.7780488],
     [21.385923000000002, 44.77837], [21.3858962, 44.778482800000006],
     [21.3858505, 44.7785847], [21.3855569, 44.7790611],
     [21.3854352, 44.7792637], [21.3851061, 44.7798116],
     [21.384843800000002, 44.780425300000005],
     [21.384630700000002, 44.7809686],
     [21.3845806, 44.781059000000006],
     [21.3845148, 44.781178000000004],
     [21.3842338, 44.781685800000005],
     [21.3841554, 44.781827400000005], [21.3840237, 44.7821219],
     [21.3838316, 44.782551600000005],
     [21.383753300000002, 44.7826839],
     [21.383696800000003, 44.7827793],
     [21.383576100000003, 44.7829421], [21.3830899, 44.7834737],
     [21.3827247, 44.783914], [21.382665900000003, 44.7839849],
     [21.382326900000002, 44.7843631],
     [21.381641700000003, 44.7850928], [21.3815524, 44.7851816],
     [21.380916300000003, 44.785784500000005],
     [21.380438700000003, 44.786211900000005],
     [21.380093000000002, 44.786495200000005],
     [21.3798689, 44.7867271], [21.3797412, 44.7869018],
     [21.3796934, 44.7869801], [21.379648300000003, 44.787098],
     [21.3796228, 44.7872226], [21.379618200000003, 44.787332],
     [21.3796286, 44.7874336]]}},
  {"type":"Feature",
   "properties":{},
   "geometry":
   {"type":"LineString",
    "coordinates":
    [[21.387126000000002, 44.7754868],
     [21.387243400000003, 44.7751194],
     [21.3872597, 44.774558000000006], [21.38726, 44.774106800000006],
     [21.387230600000002, 44.7738242],
     [21.387221500000003, 44.7736656],
     [21.387222700000002, 44.7736533], [21.387237900000002, 44.773493],
     [21.387243700000003, 44.7733815],
     [21.387244000000003, 44.773375200000004]]}},
  {"type":"Feature",
   "properties":{},
   "geometry":
   {"type":"LineString",
    "coordinates":
    [[21.387244000000003, 44.773375200000004],
     [21.3872752, 44.773241000000006], [21.387291, 44.7731587],
     [21.387328500000002, 44.7729702], [21.3873509, 44.772725],
     [21.3874087, 44.7726017],
     [21.387508500000003, 44.772421800000004],
     [21.3876542, 44.7721801], [21.3877883, 44.7719375],
     [21.3878947, 44.771742700000004],
     [21.387961500000003, 44.771601200000006], [21.3880124, 44.771445],
     [21.388074200000002, 44.7712184],
     [21.388105000000003, 44.7711308], [21.3881492, 44.7709156],
     [21.388194900000002, 44.7706833],
     [21.3882325, 44.770463400000004],
     [21.3882297, 44.770292000000005], [21.3882218, 44.7700851],
     [21.3882443, 44.7699324],
     [21.388264500000002, 44.769792100000004],
     [21.388253900000002, 44.7697093], [21.3882592, 44.7696465]]}},
  {"type":"Feature",
   "properties":{},
   "geometry":
   {"type":"LineString",
    "coordinates":
    [[21.3897085, 44.7692187], [21.3895011, 44.7692971],
     [21.3894589, 44.76932], [21.389280900000003, 44.769416500000005],
     [21.389041000000002, 44.7695443], [21.3887834, 44.7696382],
     [21.3885046, 44.7697109], [21.3884483, 44.769716200000005],
     [21.3883967, 44.7697122],
     [21.388349400000003, 44.769700500000006],
     [21.388306800000002, 44.7696817], [21.3882592, 44.7696465]]}},
  {"type":"Feature",
   "properties":{},
   "geometry":
   {"type":"LineString",
    "coordinates":
    [[21.390631000000003, 44.767257300000004],
     [21.390581700000002, 44.7672983],
     [21.390545000000003, 44.7673308],
     [21.3905169, 44.767366800000005],
     [21.3904968, 44.767408800000005],
     [21.390487500000003, 44.7674554], [21.3904871, 44.7675375],
     [21.3905029, 44.7677289], [21.3906035, 44.768284],
     [21.3906357, 44.7685882], [21.3906519, 44.7687212],
     [21.390653200000003, 44.768790800000005],
     [21.3906297, 44.7688507], [21.390599100000003, 44.7688903],
     [21.3905494, 44.768930700000006], [21.3904755, 44.7689667],
     [21.3901827, 44.7690715], [21.3897085, 44.7692187]]}},
  {"type":"Feature",
   "properties":{},
   "geometry":
   {"type":"LineString",
    "coordinates":
    [[21.390631000000003, 44.767257300000004],
     [21.390764700000002, 44.7672679],
     [21.390787500000002, 44.7672697],
     [21.390966000000002, 44.7672748],
     [21.3909713, 44.767275000000005]]}},
  {"type":"Feature",
   "properties":{},
   "geometry":
   {"type":"LineString",
    "coordinates":
    [[21.3909713, 44.767275000000005], [21.3910725, 44.7672735],
     [21.3912234, 44.7672704], [21.3919311, 44.767262],
     [21.392450200000003, 44.767253800000006],
     [21.394031400000003, 44.767247600000005]]}},
  {"type":"Feature",
   "properties":{},
   "geometry":
   {"type":"LineString",
    "coordinates":
    [[21.394031400000003, 44.767247600000005],
     [21.3940528, 44.767218500000006], [21.3940787, 44.767198],
     [21.394119500000002, 44.7671791],
     [21.394192200000003, 44.767142400000004],
     [21.394279400000002, 44.7670947],
     [21.3943626, 44.767041400000004]]}},
  {"type":"Feature",
   "properties":{},
   "geometry":
   {"type":"LineString",
    "coordinates":
    [[21.3943626, 44.767041400000004],
     [21.3945842, 44.767033000000005], [21.394915, 44.767033000000005],
     [21.3951482, 44.7670255], [21.3953987, 44.7670286]]}},
  {"type":"Feature",
   "properties":{},
   "geometry":
   {"type":"LineString",
    "coordinates":
    [[21.3953987, 44.7670286], [21.3956482, 44.7670253],
     [21.395911, 44.767019600000005], [21.3960371, 44.7670043],
     [21.396227500000002, 44.7669167]]}},
  {"type":"Feature",
   "properties":{},
   "geometry":
   {"type":"LineString",
    "coordinates":
    [[21.396227500000002, 44.7669167],
     [21.396436700000002, 44.7669567],
     [21.396710300000002, 44.7669682],
     [21.3969598, 44.766977700000005],
     [21.3972897, 44.766977700000005],
     [21.3975659, 44.766977700000005],
     [21.397858300000003, 44.7669586],
     [21.398148000000003, 44.7669434],
     [21.3984457, 44.766935800000006],
     [21.398754200000003, 44.7669529], [21.3992289, 44.7669567],
     [21.3995213, 44.766949100000005], [21.4000953, 44.7669548],
     [21.4004252, 44.7669586], [21.4005915, 44.7668939],
     [21.400798, 44.7667949], [21.4009743, 44.766819600000005]]}},
  {"type":"Feature",
   "properties":{},
   "geometry":
   {"type":"LineString",
    "coordinates":
    [[21.4032944, 44.766773], [21.4031495, 44.7667835],
     [21.402920400000003, 44.7667944],
     [21.4018607, 44.766811000000004],
     [21.401542900000003, 44.7667863],
     [21.401317600000002, 44.766791000000005],
     [21.4009743, 44.766819600000005]]}},
  {"type":"Feature",
   "properties":{},
   "geometry":
   {"type":"LineString",
    "coordinates":
    [[21.4032944, 44.766773], [21.403456000000002, 44.7667663],
     [21.403692600000003, 44.766772]]}},
  {"type":"Feature",
   "properties":{},
   "geometry":
   {"type":"LineString",
    "coordinates":
    [[21.403692600000003, 44.766772], [21.4038858, 44.7667568],
     [21.404148600000003, 44.766789100000004],
     [21.404373900000003, 44.766834800000005],
     [21.4046261, 44.766846300000005],
     [21.404805800000002, 44.766890100000005],
     [21.405090100000002, 44.7669834],
     [21.405484400000002, 44.7670862],
     [21.4060798, 44.767225200000006], [21.4063695, 44.7672614],
     [21.4065492, 44.7672709], [21.406700800000003, 44.7673037]]}},
  {"type":"Feature",
   "properties":{},
   "geometry":
   {"type":"LineString",
    "coordinates":
    [[21.406700800000003, 44.7673037], [21.4068544, 44.7674614],
     [21.4070073, 44.767583200000004],
     [21.4074606, 44.767653700000004], [21.4079139, 44.767747],
     [21.408268, 44.767830800000006],
     [21.408753400000002, 44.767971700000004],
     [21.409295200000003, 44.7681069],
     [21.4098666, 44.768261200000005],
     [21.4103628, 44.768390700000005], [21.410977000000003, 44.768583],
     [21.4115295, 44.7686858], [21.412111600000003, 44.7688039],
     [21.412747200000002, 44.768901], [21.4133481, 44.7689162],
     [21.4140267, 44.768958100000006],
     [21.414683800000002, 44.769026700000005],
     [21.415276600000002, 44.7690476],
     [21.4159283, 44.769100900000005], [21.4166016, 44.7690933],
     [21.4174626, 44.7691067], [21.418377200000002, 44.7690895]]}},
  {"type":"Feature",
   "properties":{},
   "geometry":
   {"type":"LineString",
    "coordinates":
    [[21.418377200000002, 44.7690895], [21.418624, 44.769070500000005],
     [21.418841200000003, 44.768942900000006],
     [21.4189887, 44.7688001], [21.419114800000003, 44.7686592],
     [21.419345500000002, 44.768463000000004]]}},
  {"type":"Feature",
   "properties":{},
   "geometry":
   {"type":"LineString",
    "coordinates":
    [[21.419345500000002, 44.768463000000004],
     [21.419554700000003, 44.768346900000004],
     [21.419831000000002, 44.768173600000004],
     [21.4203352, 44.7678689], [21.420643700000003, 44.7676632],
     [21.4208234, 44.767480400000004],
     [21.4208395, 44.767310900000005],
     [21.420689300000003, 44.7671015],
     [21.4204398, 44.766876700000005], [21.420268200000002, 44.766652],
     [21.4201957, 44.766433], [21.420268200000002, 44.7662198],
     [21.420413, 44.7661207], [21.4208529, 44.7660731],
     [21.4213545, 44.7660046], [21.4217219, 44.7659551],
     [21.4221189, 44.7658922], [21.4222396, 44.765781800000006],
     [21.422306600000002, 44.7655723],
     [21.422371000000002, 44.7653723],
     [21.422459500000002, 44.7652714], [21.4229504, 44.7650638],
     [21.423317800000003, 44.7649496],
     [21.423795300000002, 44.764886700000005],
     [21.4241037, 44.764812400000004],
     [21.424307600000002, 44.7646925],
     [21.4244658, 44.764496300000005],
     [21.4245409, 44.764264000000004],
     [21.4244014, 44.764064000000005], [21.424197600000003, 44.763885],
     [21.424020600000002, 44.7637269],
     [21.424034000000002, 44.763633600000006],
     [21.424122500000003, 44.763576500000006],
     [21.424565100000002, 44.763330800000006],
     [21.4250344, 44.7631366], [21.4256809, 44.7629518],
     [21.426104600000002, 44.7628014],
     [21.4264802, 44.762668100000006],
     [21.426740300000002, 44.762565200000004],
     [21.426775600000003, 44.7624682]]}},
  {"type":"Feature",
   "properties":{},
   "geometry":
   {"type":"LineString",
    "coordinates":
    [[21.426775600000003, 44.7624682], [21.4269012, 44.7625607],
     [21.4270757, 44.7625607], [21.4272896, 44.762506200000004]]}},
  {"type":"Feature",
   "properties":{},
   "geometry":
   {"type":"LineString",
    "coordinates":
    [[21.4272896, 44.762506200000004], [21.4274525, 44.7625359],
     [21.4275525, 44.762673], [21.427875800000002, 44.7628448],
     [21.428084700000003, 44.762969000000005],
     [21.4283073, 44.7631384], [21.4286104, 44.763328900000005],
     [21.4288303, 44.7634679], [21.4290369, 44.763629800000004],
     [21.4294687, 44.7638945], [21.429978300000002, 44.7642278],
     [21.4304101, 44.7644887], [21.4308903, 44.7647362],
     [21.431281900000002, 44.7649076],
     [21.431475000000002, 44.7650086]]}},
  {"type":"Feature",
   "properties":{},
   "geometry":
   {"type":"LineString",
    "coordinates":
    [[21.431475000000002, 44.7650086], [21.4316198, 44.7651285],
     [21.431748600000002, 44.765231400000005],
     [21.4320838, 44.765378000000005],
     [21.4323735, 44.765536100000006], [21.4329287, 44.7657417],
     [21.4339319, 44.766084500000005], [21.434581, 44.766294],
     [21.435058400000003, 44.766427300000004],
     [21.435632400000003, 44.7666368],
     [21.4360374, 44.766747200000005],
     [21.4365551, 44.766865300000006], [21.4369789, 44.7669091],
     [21.4371881, 44.7669548], [21.4374617, 44.767036700000006],
     [21.437888100000002, 44.767122400000005],
     [21.4382932, 44.7671871], [21.438794700000003, 44.7671986],
     [21.439382100000003, 44.767206200000004],
     [21.439645000000002, 44.7672043],
     [21.439856900000002, 44.767208000000004],
     [21.439948100000002, 44.767236600000004],
     [21.440038, 44.767282300000005], [21.4401191, 44.7673685],
     [21.4402016, 44.7674432], [21.4402887, 44.7674965],
     [21.4403565, 44.7675165]]}},
  {"type":"Feature",
   "properties":{},
   "geometry":
   {"type":"LineString",
    "coordinates":
    [[21.4486123, 44.765698], [21.448291100000002, 44.765757],
     [21.4481952, 44.7657846], [21.4480088, 44.7658779],
     [21.447864600000003, 44.7659493], [21.4477477, 44.7660039],
     [21.447625300000002, 44.7660378], [21.4474261, 44.7661097],
     [21.4473577, 44.766141700000006],
     [21.4473229, 44.766176400000006], [21.4472892, 44.7662235],
     [21.447251, 44.766262100000006], [21.4472075, 44.766302100000004],
     [21.4467348, 44.766530100000004], [21.4465718, 44.7665863],
     [21.446553700000003, 44.766587900000005],
     [21.446520200000002, 44.766591000000005],
     [21.4464337, 44.7665863], [21.446113800000003, 44.7665729],
     [21.445800000000002, 44.766634800000006], [21.4455184, 44.766672],
     [21.4448733, 44.7667748], [21.4444562, 44.766831],
     [21.4442148, 44.766850000000005],
     [21.4439171, 44.766870000000004], [21.4433149, 44.76695],
     [21.442822800000002, 44.7670195], [21.442568, 44.7670357],
     [21.441869200000003, 44.7671633],
     [21.441024300000002, 44.7672832], [21.4407038, 44.7673166],
     [21.4405912, 44.7673499], [21.4405423, 44.7673824],
     [21.4404396, 44.767450800000006], [21.4403565, 44.7675165]]}},
  {"type":"Feature",
   "properties":{},
   "geometry":
   {"type":"LineString",
    "coordinates":
    [[21.449741500000002, 44.765121400000005],
     [21.449718700000002, 44.765147600000006],
     [21.4496985, 44.765219900000005], [21.4496812, 44.7653638],
     [21.4496517, 44.7654171], [21.449628200000003, 44.7654409],
     [21.4495457, 44.765480800000006],
     [21.4493331, 44.765558000000006], [21.4491984, 44.7656141],
     [21.4490576, 44.7656361], [21.448663200000002, 44.7656909],
     [21.4486123, 44.765698]]}},
  {"type":"Feature",
   "properties":{},
   "geometry":
   {"type":"LineString",
    "coordinates":
    [[21.449741500000002, 44.765121400000005],
     [21.449714, 44.765064800000005], [21.449712700000003, 44.7649928],
     [21.4497207, 44.764838100000006], [21.4497506, 44.7647442],
     [21.4497903, 44.7646955], [21.4499715, 44.764597200000004],
     [21.4502437, 44.764467700000004],
     [21.450627800000003, 44.7643191],
     [21.450915600000002, 44.7642335],
     [21.4515567, 44.764092600000005], [21.452051, 44.7639812],
     [21.4522406, 44.7639385], [21.4528906, 44.763863400000005],
     [21.453291, 44.763848700000004], [21.453748400000002, 44.7638319],
     [21.453804400000003, 44.7638298], [21.454666600000003, 44.763733],
     [21.4552957, 44.763702200000004],
     [21.456258400000003, 44.763702800000004],
     [21.4565617, 44.7636945], [21.456751, 44.763691300000005],
     [21.457235400000002, 44.763652400000005],
     [21.4575092, 44.7636576], [21.457639500000003, 44.7636723],
     [21.457778100000002, 44.7636879], [21.4579725, 44.7637098],
     [21.458358800000003, 44.763717400000004],
     [21.4590363, 44.7636753], [21.4592324, 44.763681000000005],
     [21.4595765, 44.7637269], [21.459724, 44.763734500000005],
     [21.4600593, 44.7637402], [21.460421800000002, 44.7637543],
     [21.461821, 44.7638185], [21.4628435, 44.7638564],
     [21.463643, 44.7639355], [21.465067700000002, 44.764104100000004],
     [21.4658495, 44.7642852]]}},
  {"type":"Feature",
   "properties":{},
   "geometry":
   {"type":"LineString",
    "coordinates":
    [[21.4777525, 44.7687639], [21.4773931, 44.768567700000006],
     [21.4772657, 44.768515400000005], [21.4768143, 44.768318],
     [21.476332900000003, 44.768151700000004],
     [21.476026400000002, 44.768067], [21.4757156, 44.767921900000005],
     [21.475489900000003, 44.7677557],
     [21.4753218, 44.767585000000004],
     [21.4751389, 44.767508500000005],
     [21.475011000000002, 44.767454900000004],
     [21.474989100000002, 44.7674463], [21.4741572, 44.7671209],
     [21.474009900000002, 44.7670642], [21.4724925, 44.76648],
     [21.471059500000003, 44.7660319], [21.4708353, 44.7659618],
     [21.4707042, 44.7659208], [21.4706568, 44.7659035],
     [21.4702486, 44.7657545], [21.4699548, 44.765558000000006],
     [21.4698058, 44.7653918], [21.4697031, 44.7653132],
     [21.469533300000002, 44.7651832],
     [21.4692821, 44.765064300000006], [21.4691501, 44.7650018],
     [21.468716800000003, 44.764885], [21.4682645, 44.764763],
     [21.4665912, 44.7644274], [21.4658495, 44.7642852]]}},
  {"type":"Feature",
   "properties":{},
   "geometry":
   {"type":"LineString",
    "coordinates":
    [[21.478264900000003, 44.7686834],
     [21.478042900000002, 44.768736700000005],
     [21.477929900000003, 44.768748200000005],
     [21.4777525, 44.7687639]]}},
  {"type":"Feature",
   "properties":{},
   "geometry":
   {"type":"LineString",
    "coordinates":
    [[21.478264900000003, 44.7686834],
     [21.478558500000002, 44.768292200000005],
     [21.478723600000002, 44.768062500000006]]}},
  {"type":"Feature",
   "properties":{},
   "geometry":
   {"type":"LineString",
    "coordinates":
    [[21.478723600000002, 44.768062500000006],
     [21.4789186, 44.767816800000006],
     [21.480783300000002, 44.765297200000006],
     [21.480825300000003, 44.7652438],
     [21.480856000000003, 44.7652091], [21.4808604, 44.7652038],
     [21.4808898, 44.765168200000005]]}},
  {"type":"Feature",
   "properties":{},
   "geometry":
   {"type":"LineString",
    "coordinates":
    [[21.4808898, 44.765168200000005],
     [21.480935600000002, 44.7651357], [21.480999, 44.7651011],
     [21.481072400000002, 44.765080600000005],
     [21.4811586, 44.7650653], [21.481278600000003, 44.7650517]]}},
  {"type":"Feature",
   "properties":{},
   "geometry":
   {"type":"LineString",
    "coordinates":
    [[21.481379, 44.7651144], [21.481278600000003, 44.7650517]]}},
  {"type":"Feature",
   "properties":{},
   "geometry":
   {"type":"LineString",
    "coordinates":
    [[21.481379, 44.7651144], [21.4817995, 44.765405300000005],
     [21.482211300000003, 44.765702700000006],
     [21.482950000000002, 44.7661375], [21.483705, 44.766548500000006],
     [21.4839993, 44.7666735], [21.4843081, 44.766764300000006],
     [21.4845396, 44.766812300000005], [21.4849618, 44.7668705],
     [21.485229500000003, 44.7669082], [21.4854828, 44.7669304],
     [21.485781900000003, 44.766933], [21.486075, 44.7669142],
     [21.4863007, 44.766866900000004], [21.4864248, 44.7668602],
     [21.4867601, 44.766799400000004],
     [21.4868956, 44.766758200000005],
     [21.487022200000002, 44.7667197], [21.4871063, 44.7666941],
     [21.4874733, 44.766592200000005], [21.4876614, 44.7665079],
     [21.4879363, 44.7663531], [21.4879791, 44.766329000000006],
     [21.488201, 44.7662275],
     [21.488451700000002, 44.766114900000005]]}},
  {"type":"Feature",
   "properties":{},
   "geometry":
   {"type":"LineString",
    "coordinates":
    [[21.488451700000002, 44.766114900000005],
     [21.4885412, 44.7660969], [21.4889525, 44.7660233],
     [21.489326600000002, 44.7659868], [21.4896615, 44.7660045],
     [21.489962000000002, 44.766030900000004],
     [21.490498300000002, 44.7660636],
     [21.4910441, 44.766113000000004], [21.4917489, 44.7661977],
     [21.4931041, 44.766534], [21.4943476, 44.7667883]]}},
  {"type":"Feature",
   "properties":{},
   "geometry":
   {"type":"LineString",
    "coordinates":
    [[21.4943476, 44.7667883], [21.494894000000002, 44.7668765],
     [21.495073700000003, 44.7668679], [21.4954971, 44.7668114],
     [21.5037124, 44.7646736], [21.5038927, 44.7646267],
     [21.503971800000002, 44.7645628]]}},
  {"type":"Feature",
   "properties":{},
   "geometry":
   {"type":"LineString",
    "coordinates":
    [[21.503971800000002, 44.7645628], [21.503864, 44.7645014]]}},
  {"type":"Feature",
   "properties":{},
   "geometry":
   {"type":"LineString",
    "coordinates":
    [[21.5056623, 44.7617435],
     [21.505449000000002, 44.762024200000006],
     [21.5052318, 44.7623155], [21.505152600000002, 44.7624167],
     [21.5046456, 44.7630756], [21.5045183, 44.763319],
     [21.504354600000003, 44.7636441], [21.504242, 44.7638534],
     [21.5041468, 44.764048800000005], [21.503924, 44.7644317],
     [21.503864, 44.7645014]]}},
  {"type":"Feature",
   "properties":{},
   "geometry":
   {"type":"LineString",
    "coordinates":
    [[21.5072346, 44.762199], [21.5071166, 44.7621714],
     [21.5070075, 44.7621485], [21.506855400000003, 44.7621132],
     [21.506741700000003, 44.762082], [21.5065965, 44.762041100000005],
     [21.506443800000003, 44.761998600000005],
     [21.506273200000003, 44.7619464],
     [21.5059463, 44.761844200000006],
     [21.5057921, 44.761793700000005], [21.5056623, 44.7617435]]}},
  {"type":"Feature",
   "properties":{},
   "geometry":
   {"type":"LineString",
    "coordinates":
    [[21.5072346, 44.762199], [21.5072863, 44.7620749],
     [21.5073353, 44.7619528],
     [21.507361500000002, 44.761895300000006],
     [21.507399500000002, 44.7618152], [21.5074489, 44.761695],
     [21.5075229, 44.761515100000004]]}},
  {"type":"Feature",
   "properties":{},
   "geometry":
   {"type":"LineString",
    "coordinates":
    [[21.5075229, 44.761515100000004], [21.507698, 44.7611263],
     [21.5077785, 44.760954000000005],
     [21.507813300000002, 44.7608836], [21.5078321, 44.7608455],
     [21.507852200000002, 44.7608283],
     [21.5078777, 44.760820700000004],
     [21.5079086, 44.760822600000004],
     [21.507934000000002, 44.760837800000004],
     [21.5079496, 44.7608551]]}},
  {"type":"Feature",
   "properties":{},
   "geometry":
   {"type":"LineString",
    "coordinates":
    [[21.5087344, 44.760561100000004],
     [21.508723800000002, 44.7605705], [21.5086547, 44.7606321],
     [21.508565800000003, 44.760714400000005],
     [21.508487600000002, 44.7607846],
     [21.508408600000003, 44.7608546], [21.5083743, 44.7608903],
     [21.5083585, 44.760901600000004],
     [21.508332300000003, 44.7609057],
     [21.508290600000002, 44.7609057],
     [21.508221300000002, 44.760894500000006],
     [21.5081169, 44.760879200000005],
     [21.508015800000003, 44.7608576], [21.5079496, 44.7608551]]}},
  {"type":"Feature",
   "properties":{},
   "geometry":
   {"type":"LineString",
    "coordinates":
    [[21.5095417, 44.760985500000004],
     [21.5091015, 44.760754600000006],
     [21.5087344, 44.760561100000004]]}},
  {"type":"Feature",
   "properties":{},
   "geometry":
   {"type":"LineString",
    "coordinates":
    [[21.5097607, 44.760752200000006], [21.509727, 44.760785600000006],
     [21.509665000000002, 44.760847600000005],
     [21.5096078, 44.7609079], [21.5095417, 44.760985500000004]]}},
  {"type":"Feature",
   "properties":{},
   "geometry":
   {"type":"LineString",
    "coordinates":
    [[21.510019500000002, 44.7608874],
     [21.509922800000002, 44.760835300000004],
     [21.5098209, 44.7607839], [21.5097607, 44.760752200000006]]}},
  {"type":"Feature",
   "properties":{},
   "geometry":
   {"type":"LineString",
    "coordinates":
    [[21.510609600000002, 44.761146800000006],
     [21.510576, 44.761108300000004], [21.5105438, 44.7610911],
     [21.510466, 44.761083500000005], [21.510395000000003, 44.7610807],
     [21.510019500000002, 44.7608874]]}},
  {"type":"Feature",
   "properties":{},
   "geometry":
   {"type":"LineString",
    "coordinates":
    [[21.510609600000002, 44.761146800000006],
     [21.510648500000002, 44.7611578],
     [21.510679900000003, 44.7611776],
     [21.510699900000002, 44.761203800000004],
     [21.5107062, 44.7612332], [21.510698100000003, 44.7612624],
     [21.510687400000002, 44.761286000000005]]}},
  {"type":"Feature",
   "properties":{},
   "geometry":
   {"type":"LineString",
    "coordinates":
    [[21.5113717, 44.761729200000005],
     [21.511244700000002, 44.7616261],
     [21.5111153, 44.761520700000005],
     [21.510983500000002, 44.761405800000006],
     [21.510827300000003, 44.7613276],
     [21.510687400000002, 44.761286000000005]]}},
  {"type":"Feature",
   "properties":{},
   "geometry":
   {"type":"LineString",
    "coordinates":
    [[21.5122913, 44.760906000000006], [21.5122354, 44.7609724],
     [21.512207200000002, 44.7610059],
     [21.512113300000003, 44.7611076], [21.5120556, 44.7611713],
     [21.511991100000003, 44.7612345],
     [21.5119362, 44.761284100000005], [21.511873, 44.7613396],
     [21.511816900000003, 44.761388200000006],
     [21.5117048, 44.761480600000006], [21.511583, 44.7615799],
     [21.5115294, 44.761621600000005],
     [21.5114783, 44.761659900000005], [21.5114486, 44.7616791],
     [21.511432300000003, 44.7616907], [21.511405, 44.7617095],
     [21.5113717, 44.761729200000005]]}},
  {"type":"Feature",
   "properties":{},
   "geometry":
   {"type":"LineString",
    "coordinates":
    [[21.5122913, 44.760906000000006],
     [21.5124454, 44.760987300000004],
     [21.5126043, 44.761071300000005],
     [21.512642900000003, 44.7610917], [21.512667, 44.7611044],
     [21.512982, 44.7612675]]}},
  {"type":"Feature",
   "properties":{},
   "geometry":
   {"type":"LineString",
    "coordinates":
    [[21.512982, 44.7612675], [21.5131413, 44.7613521]]}},
  {"type":"Feature",
   "properties":{},
   "geometry":
   {"type":"LineString",
    "coordinates":
    [[21.5131413, 44.7613521], [21.5136155, 44.7616042]]}},
  {"type":"Feature",
   "properties":{},
   "geometry":
   {"type":"LineString",
    "coordinates":
    [[21.5136155, 44.7616042], [21.513967700000002, 44.7617928],
     [21.514059600000003, 44.7618414],
     [21.514089900000002, 44.761856200000004]]}},
  {"type":"Feature",
   "properties":{},
   "geometry":
   {"type":"LineString",
    "coordinates":
    [[21.514089900000002, 44.761856200000004],
     [21.5141177, 44.7618695]]}},
  {"type":"Feature",
   "properties":{},
   "geometry":
   {"type":"LineString",
    "coordinates":
    [[21.5141177, 44.7618695], [21.5141552, 44.7618541],
     [21.514176600000003, 44.761845300000004],
     [21.514711600000002, 44.761626], [21.5147403, 44.761613700000005],
     [21.5147978, 44.7615989],
     [21.514866700000002, 44.761588800000006]]}},
  {"type":"Feature",
   "properties":{},
   "geometry":
   {"type":"LineString",
    "coordinates":
    [[21.183655400000003, 44.6186802], [21.1836822, 44.6187295],
     [21.1838656, 44.6190676],
     [21.183889500000003, 44.619111600000004]]}},
  {"type":"Feature",
   "properties":{},
   "geometry":
   {"type":"LineString",
    "coordinates":
    [[21.183889500000003, 44.619111600000004],
     [21.1840002, 44.6190945]]}},
  {"type":"Feature",
   "properties":{},
   "geometry":
   {"type":"LineString",
    "coordinates":
    [[21.1840002, 44.6190945], [21.184013200000003, 44.6191289],
     [21.1840538, 44.619210100000004], [21.1840893, 44.6192998]]}},
  {"type":"Feature",
   "properties":{},
   "geometry":
   {"type":"LineString",
    "coordinates":
    [[21.1840893, 44.6192998], [21.1840723, 44.619302700000006],
     [21.184023500000002, 44.619322200000006]]}}]}
