{"type":"FeatureCollection",
 "properties":{},
 "features":
 [{"type":"Feature",
   "properties":{},
   "geometry":
   {"type":"LineString",
    "coordinates":
    [[21.5165957, 44.760941200000005], [21.5164797, 44.7609852],
     [21.5164399, 44.760998900000004], [21.5160826, 44.7611348],
     [21.514972500000002, 44.761553600000006],
     [21.514934200000003, 44.761566300000005],
     [21.5148845, 44.7615829],
     [21.514866700000002, 44.761588800000006]]}},
  {"type":"Feature",
   "properties":{},
   "geometry":
   {"type":"LineString",
    "coordinates":
    [[21.5167572, 44.7608946], [21.516668600000003, 44.7609202],
     [21.5165957, 44.760941200000005]]}},
  {"type":"Feature",
   "properties":{},
   "geometry":
   {"type":"LineString",
    "coordinates":
    [[21.517029800000003, 44.7607919],
     [21.516958300000002, 44.7608188], [21.5168944, 44.7608429],
     [21.516848600000003, 44.7608602],
     [21.5168208, 44.760870600000004], [21.5167906, 44.760882],
     [21.5167572, 44.7608946]]}},
  {"type":"Feature",
   "properties":{},
   "geometry":
   {"type":"LineString",
    "coordinates":
    [[21.523383600000003, 44.7583962],
     [21.523117000000003, 44.7584971],
     [21.522905100000003, 44.758577700000004],
     [21.5224593, 44.7587472], [21.5221835, 44.758854500000005],
     [21.5218725, 44.758969900000004],
     [21.521562600000003, 44.7590784],
     [21.520311300000003, 44.7595425],
     [21.518464100000003, 44.7602514],
     [21.5177111, 44.760535100000006],
     [21.517029800000003, 44.7607919]]}},
  {"type":"Feature",
   "properties":{},
   "geometry":
   {"type":"LineString",
    "coordinates":
    [[21.5262408, 44.7570935], [21.5261695, 44.7571397],
     [21.5261047, 44.7571801],
     [21.525991100000002, 44.757239500000004],
     [21.5259016, 44.7572789], [21.525850300000002, 44.7573025],
     [21.525776200000003, 44.757334300000004],
     [21.525649700000002, 44.7573936], [21.5254565, 44.757483],
     [21.5252462, 44.7575781], [21.5251005, 44.7576449],
     [21.5250793, 44.7576547], [21.5250549, 44.757665900000006],
     [21.5248771, 44.7577474], [21.524439, 44.757939],
     [21.5239373, 44.7581677], [21.5237981, 44.758231200000004],
     [21.523383600000003, 44.7583962]]}},
  {"type":"Feature",
   "properties":{},
   "geometry":
   {"type":"LineString",
    "coordinates":
    [[21.527471300000002, 44.756079500000006],
     [21.5273061, 44.7562269],
     [21.527230900000003, 44.756295900000005], [21.5270684, 44.756441],
     [21.5269327, 44.756561000000005],
     [21.5268105, 44.756671700000005], [21.5267233, 44.756742],
     [21.526608300000003, 44.756837600000004],
     [21.5265357, 44.756891100000004],
     [21.526466000000003, 44.7569451],
     [21.526390600000003, 44.7569992], [21.5263172, 44.7570447],
     [21.5262472, 44.757089400000005], [21.5262408, 44.7570935]]}},
  {"type":"Feature",
   "properties":{},
   "geometry":
   {"type":"LineString",
    "coordinates":
    [[21.5321958, 44.754219400000004],
     [21.532072000000003, 44.754219400000004],
     [21.531829600000002, 44.7542187], [21.5315951, 44.7542181],
     [21.531103400000003, 44.754212800000005],
     [21.530761700000003, 44.754208000000006],
     [21.5305457, 44.754203800000006],
     [21.5301973, 44.754198900000006],
     [21.5300379, 44.754197500000004],
     [21.529869400000003, 44.7541973],
     [21.5296996, 44.754198900000006],
     [21.529608800000002, 44.7542004],
     [21.529502500000003, 44.7542063], [21.5294123, 44.7542168],
     [21.529357700000002, 44.754227300000004],
     [21.529280200000002, 44.7542454],
     [21.5292318, 44.754262100000005],
     [21.529174700000002, 44.7542813],
     [21.5290612, 44.754335700000006], [21.529005, 44.7543786],
     [21.5289714, 44.754402000000006],
     [21.528933600000002, 44.7544375],
     [21.5288778, 44.754488800000004], [21.5288392, 44.7545311],
     [21.5288112, 44.7545621], [21.5287404, 44.7546674],
     [21.5287073, 44.754720000000006], [21.5286776, 44.7547672],
     [21.5286167, 44.7548655], [21.528555800000003, 44.7549554],
     [21.5284993, 44.7550309], [21.5284429, 44.755098000000004],
     [21.5283865, 44.755163700000004], [21.528312, 44.7552686],
     [21.5282114, 44.7554007], [21.5280731, 44.755542500000004],
     [21.5279251, 44.7556996],
     [21.527471300000002, 44.756079500000006]]}},
  {"type":"Feature",
   "properties":{},
   "geometry":
   {"type":"LineString",
    "coordinates":
    [[21.5327352, 44.754230400000004],
     [21.5321958, 44.754219400000004]]}},
  {"type":"Feature",
   "properties":{},
   "geometry":
   {"type":"LineString",
    "coordinates":
    [[21.5332201, 44.754199400000005],
     [21.533147300000003, 44.754211700000006],
     [21.533068500000002, 44.7542198], [21.5329723, 44.7542276],
     [21.532867000000003, 44.754230400000004],
     [21.5327352, 44.754230400000004]]}},
  {"type":"Feature",
   "properties":{},
   "geometry":
   {"type":"LineString",
    "coordinates":
    [[21.534352100000003, 44.7536271], [21.5342398, 44.753653],
     [21.534118000000003, 44.7536946], [21.5340031, 44.7537498],
     [21.533604, 44.7540028], [21.5335383, 44.7540478],
     [21.5334465, 44.7541073], [21.533377, 44.754143500000005],
     [21.5333288, 44.7541645], [21.533280700000002, 44.7541827],
     [21.5332201, 44.754199400000005]]}},
  {"type":"Feature",
   "properties":{},
   "geometry":
   {"type":"LineString",
    "coordinates":
    [[21.534352100000003, 44.7536271], [21.5343671, 44.7535316],
     [21.5346546, 44.753318300000004],
     [21.5348745, 44.753179200000005], [21.535301, 44.7529278],
     [21.5357248, 44.7526821], [21.5362827, 44.7523678],
     [21.536803000000003, 44.7520649],
     [21.5374172, 44.751703000000006],
     [21.538002000000002, 44.751356300000005],
     [21.5385357, 44.751024900000004], [21.539088200000002, 44.750703],
     [21.539673, 44.7503296], [21.5399841, 44.750106800000005],
     [21.540466900000002, 44.749662900000004],
     [21.540796800000003, 44.7492743], [21.5410784, 44.7488838],
     [21.541266200000003, 44.748531400000005],
     [21.541411, 44.748203800000006], [21.5415049, 44.7480933]]}},
  {"type":"Feature",
   "properties":{},
   "geometry":
   {"type":"LineString",
    "coordinates":
    [[21.5415049, 44.7480933], [21.541572000000002, 44.7479942],
     [21.541617600000002, 44.747860900000006],
     [21.541673900000003, 44.7476228],
     [21.541767800000002, 44.747512300000004],
     [21.541934100000002, 44.7473599], [21.5420896, 44.7471751],
     [21.542250600000003, 44.747017], [21.5423471, 44.746872200000006],
     [21.5423981, 44.7467217], [21.542567100000003, 44.7465312],
     [21.542687800000003, 44.7463521], [21.542736, 44.7461921],
     [21.5427414, 44.745997800000005],
     [21.542811200000003, 44.7458073],
     [21.543036500000003, 44.7455997], [21.5433503, 44.7454358],
     [21.5436051, 44.745268200000005], [21.5437714, 44.7451139],
     [21.543758, 44.7448186], [21.543717700000002, 44.7445595],
     [21.543701600000002, 44.744351900000005], [21.5435488, 44.744188],
     [21.5432242, 44.7439632]]}},
  {"type":"Feature",
   "properties":{},
   "geometry":
   {"type":"LineString",
    "coordinates":
    [[21.5432242, 44.7439632], [21.5433422, 44.743808900000005],
     [21.543414600000002, 44.7436184], [21.5434012, 44.7434184],
     [21.5435917, 44.7431117], [21.543838400000002, 44.7428564],
     [21.5441523, 44.742610600000006],
     [21.5444017, 44.742349600000004],
     [21.5446136, 44.742107700000005],
     [21.544667200000003, 44.741720900000004],
     [21.5446753, 44.7412408]]}},
  {"type":"Feature",
   "properties":{},
   "geometry":
   {"type":"LineString",
    "coordinates":
    [[21.5446753, 44.7412408], [21.545069400000003, 44.7410713],
     [21.545364600000003, 44.740976], [21.5458313, 44.740823600000006],
     [21.546169300000003, 44.740593100000005],
     [21.5464348, 44.740335900000005],
     [21.546821100000003, 44.7402311],
     [21.547167100000003, 44.740019600000004], [21.5475989, 44.739812],
     [21.5479664, 44.739621400000004], [21.548358, 44.7395033],
     [21.548816600000002, 44.7394709], [21.5494443, 44.7395567],
     [21.549809, 44.739606200000004]]}},
  {"type":"Feature",
   "properties":{},
   "geometry":
   {"type":"LineString",
    "coordinates":
    [[21.549809, 44.739606200000004], [21.5502596, 44.739390900000004],
     [21.5505198, 44.739221300000004], [21.5507719, 44.7389565],
     [21.5510053, 44.738666900000005],
     [21.5510965, 44.738480200000005],
     [21.551493500000003, 44.7382287],
     [21.5518556, 44.737982900000006], [21.5522284, 44.7376991],
     [21.5525315, 44.737481900000006],
     [21.552853300000002, 44.7373142],
     [21.553443400000003, 44.7371446],
     [21.553945000000002, 44.7369884],
     [21.554291000000003, 44.7368855],
     [21.554658500000002, 44.7368569], [21.5550152, 44.7369179],
     [21.5551815, 44.7369846], [21.5555597, 44.7369446],
     [21.5562732, 44.7368455], [21.5570054, 44.736807400000004],
     [21.5573675, 44.7367788],
     [21.557592800000002, 44.736637800000004], [21.557735, 44.7365025],
     [21.5577913, 44.7363196], [21.5582017, 44.7361501],
     [21.558630800000003, 44.736111900000004],
     [21.559089500000002, 44.7361062],
     [21.559529400000002, 44.736098600000005],
     [21.5596608, 44.7360605], [21.5597949, 44.7359748],
     [21.559980000000003, 44.7358319], [21.5601087, 44.7356185],
     [21.5601838, 44.7353536], [21.560267, 44.7351478],
     [21.5604172, 44.734923], [21.5605271, 44.7347229],
     [21.5606109, 44.7346215]]}},
  {"type":"Feature",
   "properties":{},
   "geometry":
   {"type":"LineString",
    "coordinates":
    [[21.5571257, 44.7321679],
     [21.557257200000002, 44.732204100000004],
     [21.5577936, 44.732364100000005], [21.5583971, 44.732509],
     [21.5589121, 44.7327523], [21.5593815, 44.7330376],
     [21.559753500000003, 44.733383200000006],
     [21.559888700000002, 44.7335946], [21.5604611, 44.7344579],
     [21.5606109, 44.7346215]]}},
  {"type":"Feature",
   "properties":{},
   "geometry":
   {"type":"LineString",
    "coordinates":
    [[21.5571257, 44.7321679], [21.557498900000002, 44.7320477],
     [21.5580381, 44.731923900000005], [21.558456500000002, 44.7318],
     [21.559226300000002, 44.731512300000006],
     [21.559676900000003, 44.731365600000004],
     [21.560025600000003, 44.7311789], [21.560283100000003, 44.731015],
     [21.5604118, 44.730898700000004], [21.5604976, 44.7306891],
     [21.5606344, 44.730531000000006], [21.5609778, 44.730369],
     [21.5613613, 44.730209], [21.5617771, 44.7300051],
     [21.5619702, 44.729904100000006],
     [21.562039900000002, 44.7297783], [21.5621204, 44.7295954],
     [21.562337600000003, 44.7293572],
     [21.562549500000003, 44.729079000000006],
     [21.562646100000002, 44.7288979],
     [21.562828500000002, 44.7287874],
     [21.563155700000003, 44.7287188],
     [21.563507100000002, 44.7286902],
     [21.563716300000003, 44.728667400000006],
     [21.5639121, 44.7285054], [21.564172300000003, 44.7283072],
     [21.5645263, 44.727954700000005],
     [21.5647838, 44.727701200000006], [21.5651191, 44.7274668],
     [21.5655697, 44.727200100000005],
     [21.566033700000002, 44.726916100000004],
     [21.566444100000002, 44.726634100000005],
     [21.566634500000003, 44.7264226],
     [21.566910800000002, 44.7262587],
     [21.567559900000003, 44.726163400000004],
     [21.567924700000003, 44.726037600000005],
     [21.568335100000002, 44.725768900000006],
     [21.5687776, 44.725566900000004],
     [21.5693865, 44.725380200000004],
     [21.5701402, 44.725115300000006],
     [21.570724900000002, 44.7248618],
     [21.570888500000002, 44.724701700000004],
     [21.570904600000002, 44.724560700000005],
     [21.571269400000002, 44.7242577], [21.571808500000003, 44.723968],
     [21.572613200000003, 44.723596400000005],
     [21.5732998, 44.7231638], [21.5740321, 44.7226931],
     [21.574885000000002, 44.722346300000005],
     [21.575228300000003, 44.7222395],
     [21.5754214, 44.721909800000006],
     [21.575681600000003, 44.721412400000006],
     [21.5757835, 44.7210389], [21.5757701, 44.7206005],
     [21.5758613, 44.7203261], [21.576212700000003, 44.7201298],
     [21.576717000000002, 44.719994500000006],
     [21.576939600000003, 44.7198153], [21.5770066, 44.7195237],
     [21.5769825, 44.719241700000005], [21.5770093, 44.718952],
     [21.5771327, 44.718660400000005],
     [21.577258800000003, 44.718433600000004],
     [21.5771622, 44.7181343], [21.5769637, 44.717711200000004],
     [21.5767518, 44.717269], [21.5766123, 44.716937400000006],
     [21.576470200000003, 44.7168002],
     [21.5761751, 44.716693400000004],
     [21.5760089, 44.716506700000004],
     [21.576003500000002, 44.7162951], [21.5760544, 44.7160206],
     [21.575684300000002, 44.7156375],
     [21.575365100000003, 44.715305900000004],
     [21.575303400000003, 44.7150638],
     [21.5755073, 44.714825600000005],
     [21.575577000000003, 44.714697900000004]]}},
  {"type":"Feature",
   "properties":{},
   "geometry":
   {"type":"LineString",
    "coordinates":
    [[21.575577000000003, 44.714697900000004],
     [21.5764125, 44.7147245], [21.5773459, 44.714816000000006],
     [21.5782901, 44.714983800000006], [21.5793415, 44.7147932],
     [21.580317800000003, 44.7145111],
     [21.581154700000003, 44.7145492], [21.582646, 44.7140307],
     [21.584148000000003, 44.7136343], [21.585532, 44.7129786],
     [21.5869804, 44.7126279], [21.5885576, 44.712185700000006],
     [21.589325000000002, 44.711988500000004]]}},
  {"type":"Feature",
   "properties":{},
   "geometry":
   {"type":"LineString",
    "coordinates":
    [[21.589325000000002, 44.711988500000004],
     [21.5894957, 44.711988500000004],
     [21.589829100000003, 44.7118209],
     [21.590601500000002, 44.711659100000006],
     [21.5908617, 44.711763100000006], [21.591187, 44.7118267],
     [21.591439, 44.7117516], [21.5917236, 44.711670700000006]]}},
  {"type":"Feature",
   "properties":{},
   "geometry":
   {"type":"LineString",
    "coordinates":
    [[21.5917236, 44.711670700000006], [21.5925809, 44.7114156],
     [21.5936108, 44.711110600000005],
     [21.594147300000003, 44.7109352],
     [21.5951665, 44.710897100000004], [21.5958639, 44.7108895],
     [21.596829500000002, 44.7106379],
     [21.598127700000003, 44.7104701], [21.5992757, 44.7105006],
     [21.599611900000003, 44.710694200000006]]}},
  {"type":"Feature",
   "properties":{},
   "geometry":
   {"type":"LineString",
    "coordinates":
    [[21.599611900000003, 44.710694200000006],
     [21.5998144, 44.710745700000004], [21.6003495, 44.7109153],
     [21.600599000000003, 44.711024900000005],
     [21.600631200000002, 44.7110459], [21.6006432, 44.7110611]]}},
  {"type":"Feature",
   "properties":{},
   "geometry":
   {"type":"LineString",
    "coordinates":
    [[21.603040200000002, 44.711300800000004],
     [21.6029459, 44.711241300000005], [21.6028467, 44.7111813],
     [21.602732600000003, 44.7111329],
     [21.6024809, 44.711042600000006], [21.602388, 44.7110021],
     [21.6022754, 44.710961100000006], [21.602075300000003, 44.710914],
     [21.601914800000003, 44.710880800000005],
     [21.6018596, 44.710870500000006],
     [21.601785800000002, 44.710863700000004],
     [21.601659, 44.710868000000005],
     [21.601323100000002, 44.710919600000004],
     [21.6006432, 44.7110611]]}},
  {"type":"Feature",
   "properties":{},
   "geometry":
   {"type":"LineString",
    "coordinates":
    [[21.603040200000002, 44.711300800000004],
     [21.6030774, 44.7112356], [21.6031511, 44.711157400000005],
     [21.6032641, 44.711027200000004], [21.6033885, 44.7109334],
     [21.603477, 44.7108715], [21.6036088, 44.7107947],
     [21.6043829, 44.7104196], [21.6044962, 44.710359700000005],
     [21.604855, 44.7102079], [21.6050957, 44.710109],
     [21.605162800000002, 44.710089], [21.6052414, 44.7100804],
     [21.605303600000003, 44.7100823],
     [21.605472600000002, 44.710112800000005], [21.6055825, 44.71013],
     [21.605651100000003, 44.7101368],
     [21.6057743, 44.710121400000006],
     [21.606115000000003, 44.7100537],
     [21.606654000000002, 44.709922000000006],
     [21.6068405, 44.7099021], [21.6069572, 44.709901200000004],
     [21.607056800000002, 44.7099124],
     [21.607126100000002, 44.709927900000004],
     [21.6071911, 44.709959100000006], [21.6072294, 44.7099789],
     [21.607255600000002, 44.7100032], [21.6072911, 44.7100518],
     [21.607324700000003, 44.710119500000005]]}},
  {"type":"Feature",
   "properties":{},
   "geometry":
   {"type":"LineString",
    "coordinates":
    [[21.604008500000003, 44.6986707],
     [21.603964100000002, 44.699206100000005],
     [21.603966500000002, 44.6993267],
     [21.6039749, 44.699417700000005],
     [21.6039858, 44.699557000000006], [21.604005400000002, 44.699637],
     [21.6041935, 44.700309000000004],
     [21.604420700000002, 44.700939600000005],
     [21.6045364, 44.7013558], [21.604654, 44.701671700000006],
     [21.604788900000003, 44.7020938], [21.6048931, 44.7023785],
     [21.6050428, 44.7027529], [21.605301100000002, 44.7035117],
     [21.6056995, 44.7045572], [21.6058467, 44.7049278],
     [21.6060595, 44.7055865], [21.606168500000003, 44.7059538],
     [21.6063277, 44.7065314], [21.6065402, 44.7072955],
     [21.6065693, 44.707402300000005],
     [21.6066742, 44.707734800000004],
     [21.606782600000003, 44.708033400000005],
     [21.606819400000003, 44.708141100000006],
     [21.606839100000002, 44.708199], [21.6069101, 44.7083868],
     [21.607018, 44.7085925], [21.6070543, 44.7086592],
     [21.607223700000002, 44.708995900000005],
     [21.607340500000003, 44.709209400000006],
     [21.607438100000003, 44.7094716], [21.60745, 44.7095228],
     [21.6075167, 44.7097792], [21.6075397, 44.709885500000006],
     [21.607552100000003, 44.709945700000006],
     [21.6075498, 44.709987000000005],
     [21.607475800000003, 44.7100534], [21.6074103, 44.7100899],
     [21.607324700000003, 44.710119500000005]]}},
  {"type":"Feature",
   "properties":{},
   "geometry":
   {"type":"LineString",
    "coordinates":
    [[21.604047400000002, 44.6982823],
     [21.604008500000003, 44.6986707]]}},
  {"type":"Feature",
   "properties":{},
   "geometry":
   {"type":"LineString",
    "coordinates":
    [[21.604047400000002, 44.6982823],
     [21.604256200000002, 44.698259400000005]]}},
  {"type":"Feature",
   "properties":{},
   "geometry":
   {"type":"LineString",
    "coordinates":
    [[21.6018508, 44.6850114], [21.601828400000002, 44.6851788],
     [21.6019085, 44.6855162], [21.6033751, 44.685928000000004],
     [21.603479800000002, 44.685928000000004],
     [21.6036462, 44.6858974], [21.6038003, 44.6858535],
     [21.6039974, 44.6858316], [21.604096000000002, 44.6858316],
     [21.604126800000003, 44.685893],
     [21.604120700000003, 44.686020000000006],
     [21.6041022, 44.6861909], [21.6041054, 44.6863289],
     [21.6040594, 44.6865031], [21.6040575, 44.686593900000005],
     [21.6041066, 44.686798200000005], [21.6041378, 44.6869777],
     [21.6041084, 44.687097800000004],
     [21.604120700000003, 44.687294900000005],
     [21.6041515, 44.6875227], [21.6041946, 44.6877724],
     [21.604231600000002, 44.6880572], [21.6042871, 44.6883288],
     [21.6043425, 44.688613600000004],
     [21.6044288, 44.688898300000005], [21.6044473, 44.6891217],
     [21.6044473, 44.689332], [21.6045212, 44.689559800000005],
     [21.604527400000002, 44.689757], [21.604527400000002, 44.6899541],
     [21.6045644, 44.6901468], [21.604619800000002, 44.6904053],
     [21.6046999, 44.6905981],
     [21.604718400000003, 44.690865300000006],
     [21.604736900000002, 44.6911106],
     [21.6047307, 44.691417300000005],
     [21.604755400000002, 44.691719500000005],
     [21.604761500000002, 44.6919254],
     [21.604823200000002, 44.692236400000006],
     [21.6048416, 44.6925036], [21.6048663, 44.6927621],
     [21.6048663, 44.6930381], [21.6048909, 44.693406],
     [21.6048848, 44.6936776], [21.6048478, 44.693922900000004],
     [21.6048848, 44.694203300000005], [21.6049279, 44.6945143],
     [21.604897100000002, 44.6948385],
     [21.6048601, 44.695315900000004],
     [21.604823200000002, 44.6956269], [21.6047739, 44.6959116],
     [21.604755400000002, 44.6962095], [21.604644500000003, 44.696595],
     [21.6044288, 44.6971556], [21.6043364, 44.6976462],
     [21.6043179, 44.6980536],
     [21.604256200000002, 44.698259400000005]]}},
  {"type":"Feature",
   "properties":{},
   "geometry":
   {"type":"LineString",
    "coordinates":
    [[21.6018508, 44.6850114], [21.601798300000002, 44.6849925],
     [21.6016963, 44.6849399], [21.6016224, 44.684874900000004],
     [21.6015486, 44.684784900000004]]}},
  {"type":"Feature",
   "properties":{},
   "geometry":
   {"type":"LineString",
    "coordinates":
    [[21.601716200000002, 44.684751500000004],
     [21.6016365, 44.6847757], [21.6015486, 44.684784900000004]]}},
  {"type":"Feature",
   "properties":{},
   "geometry":
   {"type":"LineString",
    "coordinates":
    [[21.6018551, 44.684619000000005],
     [21.601814700000002, 44.6846698], [21.601776, 44.684709000000005],
     [21.601716200000002, 44.684751500000004]]}},
  {"type":"Feature",
   "properties":{},
   "geometry":
   {"type":"LineString",
    "coordinates":
    [[21.6019487, 44.684483500000006],
     [21.6018551, 44.684619000000005]]}},
  {"type":"Feature",
   "properties":{},
   "geometry":
   {"type":"LineString",
    "coordinates":
    [[21.6019487, 44.684483500000006], [21.6021232, 44.6843975],
     [21.6023025, 44.6841838], [21.602597000000003, 44.6839449],
     [21.6027975, 44.6838676], [21.6030973, 44.6837699],
     [21.6033516, 44.683627800000004], [21.6034413, 44.6834233],
     [21.6033599, 44.6832359], [21.6033988, 44.683099600000006],
     [21.6033884, 44.6830075], [21.6034247, 44.682760800000004],
     [21.603616300000002, 44.682669100000005],
     [21.6038843, 44.682590000000005],
     [21.6039946, 44.682398400000004], [21.604067, 44.682252500000004],
     [21.604310400000003, 44.682069000000006],
     [21.6046206, 44.681844000000005], [21.605146, 44.6816398],
     [21.6056244, 44.681412], [21.6056728, 44.6812728],
     [21.6058179, 44.6809929], [21.6059111, 44.6806982],
     [21.6060614, 44.680410900000005],
     [21.6061701, 44.680027800000005],
     [21.6061701, 44.679612600000006],
     [21.6061701, 44.679523200000006],
     [21.6062012, 44.679199100000005],
     [21.606232900000002, 44.6789222],
     [21.6062686, 44.678609800000004],
     [21.606537900000003, 44.6777626], [21.6066103, 44.6775736],
     [21.6067202, 44.6772864], [21.6068073, 44.677059],
     [21.6068798, 44.676827], [21.606905700000002, 44.6765691],
     [21.6069658, 44.6764699], [21.6070663, 44.6763039],
     [21.6072631, 44.6757551], [21.607605000000003, 44.6750294],
     [21.607972800000002, 44.6745395],
     [21.6082992, 44.674053300000004],
     [21.608615200000003, 44.6735854],
     [21.608998500000002, 44.6730218], [21.6093352, 44.6726571],
     [21.609956800000003, 44.671913], [21.6101226, 44.671607300000005],
     [21.610340100000002, 44.6713899],
     [21.6106354, 44.671238900000006],
     [21.6107701, 44.671102600000005],
     [21.610868500000002, 44.670800500000006],
     [21.6109203, 44.670675200000005],
     [21.611396900000003, 44.6703179],
     [21.611531600000003, 44.6701448], [21.6117388, 44.6693748],
     [21.611806100000003, 44.669039600000005],
     [21.6118734, 44.6682696],
     [21.612065100000002, 44.667477500000004],
     [21.612207700000003, 44.666865900000005],
     [21.6122514, 44.6666856], [21.6122587, 44.666561400000006],
     [21.612266100000003, 44.666471400000006]]}},
  {"type":"Feature",
   "properties":{},
   "geometry":
   {"type":"LineString",
    "coordinates":
    [[21.6232228, 44.654528500000005], [21.6230873, 44.6545635],
     [21.622837200000003, 44.6546679],
     [21.622370500000002, 44.6548625],
     [21.621653000000002, 44.6552146],
     [21.621001200000002, 44.655556100000005],
     [21.6205493, 44.6559119], [21.6201416, 44.656140900000004],
     [21.6194013, 44.656622600000006],
     [21.619048600000003, 44.6568898],
     [21.618754900000003, 44.6571073],
     [21.618276100000003, 44.6575032], [21.6175599, 44.6581289],
     [21.617266200000003, 44.6583884], [21.6168693, 44.658833],
     [21.616599700000002, 44.6592393],
     [21.6164187, 44.659570300000006],
     [21.616280500000002, 44.6598842],
     [21.6161317, 44.660130300000006], [21.6158058, 44.6606311],
     [21.6155456, 44.6609058], [21.6149314, 44.661513400000004],
     [21.6143332, 44.6621411],
     [21.614125400000002, 44.662392000000004],
     [21.613822300000002, 44.6627554],
     [21.613711000000002, 44.662999600000006],
     [21.613469600000002, 44.6636558], [21.6134039, 44.663881],
     [21.6132335, 44.6643483], [21.6130552, 44.66479],
     [21.6128299, 44.6654672], [21.6124958, 44.6662017],
     [21.612365200000003, 44.6663532],
     [21.612266100000003, 44.666471400000006]]}},
  {"type":"Feature",
   "properties":{},
   "geometry":
   {"type":"LineString",
    "coordinates":
    [[21.6302233, 44.654116900000005],
     [21.629758300000002, 44.6541392], [21.6291352, 44.6542843],
     [21.628998600000003, 44.6543161], [21.6284452, 44.654445],
     [21.6267149, 44.6545435], [21.6248907, 44.654549800000005],
     [21.6246824, 44.654543700000005],
     [21.623354300000003, 44.6545191], [21.6232823, 44.6545235],
     [21.6232228, 44.654528500000005]]}},
  {"type":"Feature",
   "properties":{},
   "geometry":
   {"type":"LineString",
    "coordinates":
    [[21.6355162, 44.654020900000006],
     [21.634323900000002, 44.6541329],
     [21.6339103, 44.654171700000006], [21.6324842, 44.6540483],
     [21.6320185, 44.654002600000005], [21.6308864, 44.6540727],
     [21.6303965, 44.6541031], [21.6302233, 44.654116900000005]]}},
  {"type":"Feature",
   "properties":{},
   "geometry":
   {"type":"LineString",
    "coordinates":
    [[21.638552500000003, 44.6527432],
     [21.6381553, 44.652900100000004],
     [21.637361300000002, 44.6532379], [21.6372058, 44.6533037],
     [21.6371106, 44.653342800000004],
     [21.636079300000002, 44.6537797],
     [21.6355162, 44.654020900000006]]}},
  {"type":"Feature",
   "properties":{},
   "geometry":
   {"type":"LineString",
    "coordinates":
    [[21.638809000000002, 44.652596800000005],
     [21.638552500000003, 44.6527432]]}},
  {"type":"Feature",
   "properties":{},
   "geometry":
   {"type":"LineString",
    "coordinates":
    [[21.638809000000002, 44.652596800000005],
     [21.638897200000002, 44.6526122], [21.6390084, 44.6526282],
     [21.6391215, 44.6526441],
     [21.639238600000002, 44.652660100000006],
     [21.639359600000002, 44.6526761]]}},
  {"type":"Feature",
   "properties":{},
   "geometry":
   {"type":"LineString",
    "coordinates":
    [[21.639359600000002, 44.6526761],
     [21.6393656, 44.652677000000004], [21.639455, 44.652690400000004],
     [21.6395345, 44.6527047], [21.639683700000003, 44.6527333]]}},
  {"type":"Feature",
   "properties":{},
   "geometry":
   {"type":"LineString",
    "coordinates":
    [[21.639683700000003, 44.6527333],
     [21.639782800000003, 44.6527581], [21.6398839, 44.6527842],
     [21.6399601, 44.6528049],
     [21.640038200000003, 44.652828400000004],
     [21.640148500000002, 44.652861200000004],
     [21.640245800000002, 44.6528847],
     [21.640361000000002, 44.6529078], [21.6404925, 44.6529308],
     [21.640681100000002, 44.6529533],
     [21.6408761, 44.652975700000006], [21.6411541, 44.653011],
     [21.641366100000003, 44.6530367],
     [21.6414991, 44.653052800000005], [21.6415781, 44.6530623],
     [21.6418162, 44.6530891],
     [21.641946500000003, 44.653100900000005],
     [21.6419956, 44.6531054], [21.642052, 44.6531097],
     [21.642171700000002, 44.6531188]]}},
  {"type":"Feature",
   "properties":{},
   "geometry":
   {"type":"LineString",
    "coordinates":
    [[21.642171700000002, 44.6531188],
     [21.642265100000003, 44.6531248]]}},
  {"type":"Feature",
   "properties":{},
   "geometry":
   {"type":"LineString",
    "coordinates":
    [[21.642265100000003, 44.6531248],
     [21.642380300000003, 44.6531323],
     [21.642535600000002, 44.6531474],
     [21.642642600000002, 44.6531595],
     [21.642781300000003, 44.6531785],
     [21.642921700000002, 44.6531998],
     [21.643038400000002, 44.6532205],
     [21.643164900000002, 44.653241200000004],
     [21.643439500000003, 44.6532883],
     [21.6437533, 44.653344700000005], [21.6438616, 44.6533661],
     [21.643999100000002, 44.653389000000004],
     [21.644100400000003, 44.653406200000006],
     [21.6441608, 44.6534137],
     [21.644226200000002, 44.653418800000004], [21.644323, 44.653424],
     [21.644423, 44.6534269], [21.644539400000003, 44.653428600000005],
     [21.644659, 44.653430300000004], [21.644826300000002, 44.6534326],
     [21.6449816, 44.653435300000005],
     [21.645067400000002, 44.653436600000006],
     [21.6451418, 44.653442500000004],
     [21.6452038, 44.653448700000006], [21.6452494, 44.6534549],
     [21.645334100000003, 44.6534695], [21.6454284, 44.6534933],
     [21.645537400000002, 44.6535274], [21.6457082, 44.6535865],
     [21.645997400000002, 44.653694], [21.646137200000002, 44.6537462],
     [21.646273700000002, 44.653796],
     [21.646357000000002, 44.653821400000005],
     [21.646426400000003, 44.6538434], [21.6465169, 44.6538677],
     [21.6465988, 44.6538848], [21.6466789, 44.653899100000004],
     [21.6467606, 44.6539111], [21.6468846, 44.653923500000005],
     [21.6470185, 44.6539359]]}},
  {"type":"Feature",
   "properties":{},
   "geometry":
   {"type":"LineString",
    "coordinates":
    [[21.6470185, 44.6539359], [21.647339900000002, 44.6539572],
     [21.6475994, 44.653972200000005], [21.6478329, 44.6539883],
     [21.648022700000002, 44.6540012],
     [21.648228800000002, 44.6540187], [21.6484235, 44.654035],
     [21.648601900000003, 44.6540514]]}},
  {"type":"Feature",
   "properties":{},
   "geometry":
   {"type":"LineString",
    "coordinates":
    [[21.648601900000003, 44.6540514], [21.6487282, 44.6540644],
     [21.648903500000003, 44.6540843], [21.6489812, 44.6540964],
     [21.6490735, 44.6541149], [21.6491848, 44.654139300000004],
     [21.649259100000002, 44.654159500000006],
     [21.649377700000002, 44.654194000000004],
     [21.649496300000003, 44.6542308],
     [21.6497789, 44.654324700000004],
     [21.6498569, 44.654348000000006],
     [21.649907300000002, 44.654360700000005],
     [21.649961, 44.654373500000005], [21.650051400000002, 44.6543921],
     [21.650117700000003, 44.6544025], [21.6501939, 44.6544107],
     [21.650294300000002, 44.6544139]]}},
  {"type":"Feature",
   "properties":{},
   "geometry":
   {"type":"LineString",
    "coordinates":
    [[21.650294300000002, 44.6544139], [21.650377900000002, 44.654415],
     [21.650471300000003, 44.654416000000005],
     [21.6505927, 44.6544095], [21.650751600000003, 44.654401],
     [21.6509399, 44.6543903], [21.651001500000003, 44.6543865],
     [21.6510773, 44.6543818], [21.6512034, 44.6543786],
     [21.651306400000003, 44.6543793], [21.6514148, 44.6543842],
     [21.651524400000003, 44.654394800000006], [21.6515877, 44.654401],
     [21.6521383, 44.6544888]]}},
  {"type":"Feature",
   "properties":{},
   "geometry":
   {"type":"LineString",
    "coordinates":
    [[21.6521383, 44.6544888],
     [21.652277700000003, 44.654512200000006],
     [21.652757700000002, 44.654584500000006],
     [21.652797800000002, 44.6545921], [21.652844700000003, 44.654601],
     [21.652921900000003, 44.6546174], [21.6530749, 44.6546524],
     [21.653179, 44.654676900000005], [21.6532351, 44.654690900000006],
     [21.653286400000002, 44.654703700000006],
     [21.6533941, 44.6547338], [21.6534477, 44.654752],
     [21.653574900000002, 44.6547926], [21.6536352, 44.6548135],
     [21.653734200000002, 44.654844700000005],
     [21.653861300000003, 44.6548887],
     [21.654036400000003, 44.654953500000005],
     [21.654105700000002, 44.6549792],
     [21.654310300000002, 44.6550535],
     [21.654524600000002, 44.6551278], [21.6546708, 44.6551789]]}},
  {"type":"Feature",
   "properties":{},
   "geometry":
   {"type":"LineString",
    "coordinates":
    [[21.6546708, 44.6551789], [21.6548228, 44.6552311]]}},
  {"type":"Feature",
   "properties":{},
   "geometry":
   {"type":"LineString",
    "coordinates":
    [[21.6548228, 44.6552311], [21.6548713, 44.6552499],
     [21.6549015, 44.655264200000005],
     [21.6549346, 44.655280700000006]]}},
  {"type":"Feature",
   "properties":{},
   "geometry":
   {"type":"LineString",
    "coordinates":
    [[21.6560777, 44.654263300000004],
     [21.655887800000002, 44.6543961],
     [21.655774100000002, 44.654551100000006],
     [21.655478300000002, 44.6548207],
     [21.655430300000003, 44.654877500000005],
     [21.6554053, 44.654907300000005],
     [21.655382300000003, 44.6549314],
     [21.655345200000003, 44.6549629], [21.655308, 44.6549929],
     [21.6552662, 44.655021600000005],
     [21.655166100000002, 44.6550967],
     [21.655070900000002, 44.655171100000004],
     [21.654982800000003, 44.655242],
     [21.6549346, 44.655280700000006]]}},
  {"type":"Feature",
   "properties":{},
   "geometry":
   {"type":"LineString",
    "coordinates":
    [[21.6675277, 44.653057700000005], [21.6669991, 44.6529621],
     [21.6666381, 44.6530174],
     [21.665428900000002, 44.653223100000005],
     [21.664710600000003, 44.653257800000006],
     [21.6641254, 44.6532853], [21.6639988, 44.6531742],
     [21.664118900000002, 44.6530525], [21.6644183, 44.6529827],
     [21.6649059, 44.652872], [21.6649794, 44.652762800000005],
     [21.6649134, 44.6526537], [21.6647348, 44.652476300000004],
     [21.6644767, 44.652087800000004], [21.664311, 44.651914100000006],
     [21.6641549, 44.6518172],
     [21.663950500000002, 44.651539400000004],
     [21.663491800000003, 44.6513104],
     [21.663013900000003, 44.6512826],
     [21.6626824, 44.651331400000004], [21.662302, 44.651511500000005],
     [21.661876600000003, 44.651761500000006],
     [21.6615939, 44.651816800000006],
     [21.6611449, 44.651796600000004],
     [21.6608424, 44.651851900000004],
     [21.660608500000002, 44.6521015], [21.6604132, 44.6522683],
     [21.6597502, 44.6527678], [21.6590716, 44.652899500000004],
     [21.6587159, 44.653031500000004], [21.658384400000003, 44.653441],
     [21.6575652, 44.6537531], [21.656627, 44.6540485],
     [21.6560777, 44.654263300000004]]}},
  {"type":"Feature",
   "properties":{},
   "geometry":
   {"type":"LineString",
    "coordinates":
    [[21.6675277, 44.653057700000005], [21.6680779, 44.6533351],
     [21.668668, 44.6537236], [21.6690778, 44.6539735]]}},
  {"type":"Feature",
   "properties":{},
   "geometry":
   {"type":"LineString",
    "coordinates":
    [[21.6690778, 44.6539735], [21.669132, 44.6540526],
     [21.669081300000002, 44.6541368], [21.6689249, 44.6541909],
     [21.668734800000003, 44.654236000000004], [21.6685953, 44.654248],
     [21.6684939, 44.6542751], [21.6684896, 44.654341200000005],
     [21.668481200000002, 44.654389300000005]]}},
  {"type":"Feature",
   "properties":{},
   "geometry":
   {"type":"LineString",
    "coordinates":
    [[21.668481200000002, 44.654389300000005],
     [21.6681811, 44.654392300000005],
     [21.667792300000002, 44.6544164],
     [21.667483800000003, 44.6544284],
     [21.667268200000002, 44.6544765], [21.6671245, 44.6545757],
     [21.6670358, 44.6546328], [21.666761, 44.6546539],
     [21.6664652, 44.654693], [21.6663764, 44.6547471],
     [21.666363800000003, 44.6548583], [21.6664229, 44.6550086],
     [21.6664779, 44.655143900000006],
     [21.666528600000003, 44.655315300000005],
     [21.6666047, 44.6554416], [21.6666934, 44.655528700000005],
     [21.6668118, 44.6554957], [21.666925900000003, 44.6554987],
     [21.667099200000003, 44.6555528], [21.6672471, 44.6556069],
     [21.6674441, 44.6556269], [21.6676515, 44.655671500000004],
     [21.667808, 44.6557546], [21.6678353, 44.655815100000005],
     [21.667838, 44.655862600000006]]}},
  {"type":"Feature",
   "properties":{},
   "geometry":
   {"type":"LineString",
    "coordinates":
    [[21.667838, 44.655862600000006], [21.667970200000003, 44.6557206],
     [21.668359000000002, 44.6555115],
     [21.6693104, 44.655210200000006], [21.669566500000002, 44.655073],
     [21.6697466, 44.6548886], [21.6698099, 44.6546165],
     [21.669862700000003, 44.654419700000005]]}},
  {"type":"Feature",
   "properties":{},
   "geometry":
   {"type":"LineString",
    "coordinates":
    [[21.669862700000003, 44.654419700000005],
     [21.669937100000002, 44.654158100000004],
     [21.670194300000002, 44.653978200000005],
     [21.670579500000002, 44.6538113],
     [21.670928500000002, 44.6536601],
     [21.671251100000003, 44.653520300000004],
     [21.671678, 44.6532569]]}},
  {"type":"Feature",
   "properties":{},
   "geometry":
   {"type":"LineString",
    "coordinates":
    [[21.673241700000002, 44.6529651], [21.672032, 44.653175600000004],
     [21.671678, 44.6532569]]}},
  {"type":"Feature",
   "properties":{},
   "geometry":
   {"type":"LineString",
    "coordinates":
    [[21.673241700000002, 44.6529651],
     [21.673552400000002, 44.6529097],
     [21.6739172, 44.652779900000006],
     [21.674201500000002, 44.6526196],
     [21.6746145, 44.652432700000006],
     [21.6749042, 44.652184600000005],
     [21.6751885, 44.652020500000006], [21.6753709, 44.6519556],
     [21.6754675, 44.651726700000005],
     [21.675424600000003, 44.6515435],
     [21.6755748, 44.651394700000004], [21.6757518, 44.6513183],
     [21.6761756, 44.651215300000004],
     [21.6767067, 44.651093200000005],
     [21.6772592, 44.650997800000006],
     [21.677634700000002, 44.650982500000005]]}},
  {"type":"Feature",
   "properties":{},
   "geometry":
   {"type":"LineString",
    "coordinates":
    [[21.677634700000002, 44.650982500000005],
     [21.6777796, 44.6508642],
     [21.678058500000002, 44.650734400000005],
     [21.6784769, 44.650612300000006],
     [21.678863200000002, 44.6505207],
     [21.679211900000002, 44.6504215], [21.6794908, 44.6503108],
     [21.679753700000003, 44.6502002], [21.6799682, 44.6500895],
     [21.6802686, 44.6499139], [21.6805583, 44.6497346],
     [21.6808641, 44.649547600000005],
     [21.6811377, 44.649425400000005],
     [21.6814274, 44.649337700000004], [21.68176, 44.649135400000006],
     [21.682049600000003, 44.649020900000004],
     [21.6823179, 44.6489064], [21.6825914, 44.6487423],
     [21.682854300000002, 44.6485858], [21.683138600000003, 44.648437],
     [21.683439, 44.6482843], [21.6836214, 44.6481355]]}},
  {"type":"Feature",
   "properties":{},
   "geometry":
   {"type":"LineString",
    "coordinates":
    [[21.6836214, 44.6481355], [21.6837394, 44.6479122],
     [21.6839057, 44.6477176], [21.6840881, 44.6474428],
     [21.6842812, 44.6472405], [21.6845119, 44.647023000000004],
     [21.6847801, 44.6467978], [21.685032200000002, 44.646565],
     [21.685305800000002, 44.6463666], [21.6855794, 44.6460689],
     [21.685831500000003, 44.6458208], [21.6860515, 44.6456414],
     [21.6863251, 44.6454697], [21.6866577, 44.645259700000004],
     [21.686968800000002, 44.6450727],
     [21.6873229, 44.644874300000005], [21.6876447, 44.6446033],
     [21.6879129, 44.644366700000006]]}},
  {"type":"Feature",
   "properties":{},
   "geometry":
   {"type":"LineString",
    "coordinates":
    [[21.6879129, 44.644366700000006],
     [21.6879022, 44.644170100000004], [21.6878378, 44.6439716],
     [21.687923700000002, 44.6436587],
     [21.688031000000002, 44.643483100000005],
     [21.687966600000003, 44.643360900000005],
     [21.6878271, 44.6432541],
     [21.687623300000002, 44.643277000000005],
     [21.687376500000003, 44.643414400000005],
     [21.6870546, 44.6435976],
     [21.686646900000003, 44.643719700000005],
     [21.686132, 44.643826600000004], [21.6855526, 44.64388],
     [21.68522, 44.6438342], [21.6848123, 44.6438648],
     [21.6843724, 44.6438648], [21.684050600000003, 44.6438113],
     [21.6838574, 44.643719700000005],
     [21.683836000000003, 44.6434754],
     [21.683825300000002, 44.6432999],
     [21.6838038, 44.643193000000004],
     [21.6836214, 44.643154800000005], [21.6834712, 44.6430632],
     [21.6833746, 44.6429716],
     [21.683095700000003, 44.642811300000005],
     [21.6828489, 44.6426663],
     [21.682720200000002, 44.642590000000006],
     [21.682838200000003, 44.6424144],
     [21.682902600000002, 44.642246400000005],
     [21.682945500000002, 44.642009800000004],
     [21.682977700000002, 44.6417732],
     [21.683095700000003, 44.640994500000005],
     [21.683085000000002, 44.6402006], [21.682924, 44.6397884],
     [21.682570000000002, 44.6396433], [21.6822588, 44.6395059],
     [21.6819799, 44.639139500000006],
     [21.681540000000002, 44.638948600000006],
     [21.681067900000002, 44.6386204], [21.6807675, 44.6382005],
     [21.6808534, 44.637940900000004], [21.681186, 44.6378798],
     [21.6816044, 44.6379065], [21.6818458, 44.6378302],
     [21.6819799, 44.637696600000005], [21.6822696, 44.6375668],
     [21.682902600000002, 44.637421800000006],
     [21.6835141, 44.637200400000005], [21.6839218, 44.6370324],
     [21.6844797, 44.636666000000005],
     [21.685198500000002, 44.636101000000004],
     [21.6854668, 44.6358873], [21.685456000000002, 44.6357651],
     [21.685338, 44.6356659], [21.6849196, 44.635528400000005],
     [21.6843295, 44.6352994], [21.683954, 44.6349177],
     [21.6835463, 44.634688600000004],
     [21.683225, 44.634606500000004]]}},
  {"type":"Feature",
   "properties":{},
   "geometry":
   {"type":"LineString",
    "coordinates":
    [[21.6762185, 44.6339357], [21.6763654, 44.633932300000005],
     [21.6764414, 44.633961], [21.6765665, 44.6339808],
     [21.6767688, 44.6340118], [21.6769353, 44.634050800000004],
     [21.6770783, 44.6340961], [21.6772068, 44.6341454],
     [21.6773408, 44.6341836], [21.6774816, 44.6342202],
     [21.6776012, 44.6342408], [21.677714, 44.634250400000006],
     [21.6779285, 44.6342512], [21.678076, 44.634249600000004],
     [21.678336400000003, 44.634248], [21.6787408, 44.634258300000006],
     [21.6790045, 44.6342822], [21.6792392, 44.634312400000006],
     [21.6795855, 44.6343553], [21.6797609, 44.6343529],
     [21.6800827, 44.634365700000004], [21.6802715, 44.6343839],
     [21.6804436, 44.634399800000004], [21.680623, 44.6344051],
     [21.6810116, 44.6344015], [21.6811061, 44.634380400000005],
     [21.6811922, 44.6343369], [21.6812821, 44.634295400000006],
     [21.681354300000002, 44.634270300000004],
     [21.6814396, 44.634278200000004],
     [21.6815128, 44.634324400000004],
     [21.6816761, 44.634475200000004],
     [21.681954700000002, 44.634784200000006],
     [21.6820579, 44.6348653], [21.6821483, 44.6348898],
     [21.682237, 44.6349001], [21.6823637, 44.634901400000004],
     [21.6825319, 44.634880800000005], [21.682731, 44.634819],
     [21.682997, 44.6347159], [21.683225, 44.634606500000004]]}},
  {"type":"Feature",
   "properties":{},
   "geometry":
   {"type":"LineString",
    "coordinates":
    [[21.673389500000003, 44.632372000000004],
     [21.673541800000002, 44.6324388], [21.6737822, 44.6325464],
     [21.6742242, 44.6327098], [21.674518000000003, 44.6327742],
     [21.674786400000002, 44.6328205], [21.6748996, 44.6328478],
     [21.6750611, 44.6328843], [21.675203500000002, 44.6329876],
     [21.6753633, 44.6331641], [21.6754205, 44.633285300000004],
     [21.675439, 44.6333752], [21.6754827, 44.6334548],
     [21.675565600000002, 44.633535200000004],
     [21.6757238, 44.6336291], [21.6759652, 44.6337648],
     [21.6762185, 44.6339357]]}},
  {"type":"Feature",
   "properties":{},
   "geometry":
   {"type":"LineString",
    "coordinates":
    [[21.6717201, 44.624737800000005],
     [21.671863600000002, 44.6251393], [21.6719513, 44.6252468],
     [21.6721511, 44.6256112], [21.672204800000003, 44.6257916],
     [21.6721511, 44.626052], [21.6721562, 44.6262118],
     [21.6721855, 44.626295000000006], [21.6724293, 44.6265033],
     [21.672473, 44.626558800000005], [21.6724877, 44.6267774],
     [21.672614300000003, 44.6275412], [21.6727031, 44.6278153],
     [21.672863200000002, 44.627964500000004],
     [21.673107100000003, 44.6280756],
     [21.6733069, 44.628235200000006],
     [21.673439100000003, 44.628432800000006],
     [21.673476100000002, 44.6285485],
     [21.673483400000002, 44.628750600000004],
     [21.6735051, 44.629097300000005],
     [21.673556400000002, 44.6292951], [21.6736191, 44.6299706],
     [21.673512900000002, 44.630726], [21.6735909, 44.630926300000006],
     [21.6736484, 44.6310998], [21.6737508, 44.631282500000005],
     [21.6737216, 44.6314489], [21.673623900000003, 44.6316745],
     [21.673487400000003, 44.6321187],
     [21.673389500000003, 44.632372000000004]]}},
  {"type":"Feature",
   "properties":{},
   "geometry":
   {"type":"LineString",
    "coordinates":
    [[21.671509500000003, 44.620900500000005],
     [21.6716225, 44.620997100000004], [21.6717178, 44.621125],
     [21.6718076, 44.621283500000004],
     [21.6718586, 44.621419100000004],
     [21.671916200000002, 44.621576600000004],
     [21.6720343, 44.621878200000005],
     [21.6720986, 44.622027100000004],
     [21.672173700000002, 44.622201800000006],
     [21.6722837, 44.6224967], [21.6723722, 44.622765],
     [21.672415100000002, 44.622952000000005],
     [21.6724393, 44.6230981], [21.6724487, 44.6231973],
     [21.6724339, 44.6232899], [21.6724098, 44.623380600000004],
     [21.6723776, 44.6235639], [21.672330600000002, 44.6237605],
     [21.672297800000003, 44.6238922],
     [21.6722797, 44.623975800000004],
     [21.6722636, 44.624064000000004], [21.6722347, 44.6241915],
     [21.6722122, 44.624250200000006],
     [21.6721878, 44.624301700000004],
     [21.672155800000002, 44.6243579], [21.6721124, 44.6244212],
     [21.6720489, 44.6244971], [21.671967300000002, 44.6245751],
     [21.6717201, 44.624737800000005]]}},
  {"type":"Feature",
   "properties":{},
   "geometry":
   {"type":"LineString",
    "coordinates":
    [[21.6690305, 44.618048200000004],
     [21.6690866, 44.618083000000006],
     [21.669154900000002, 44.618165600000005],
     [21.6694032, 44.6184662], [21.6696391, 44.6188008],
     [21.669916200000003, 44.619247900000005],
     [21.6702517, 44.6197627], [21.6704322, 44.6198652],
     [21.670622400000003, 44.6199181],
     [21.6709247, 44.620270500000004], [21.6712197, 44.6205767],
     [21.671509500000003, 44.620900500000005]]}},
  {"type":"Feature",
   "properties":{},
   "geometry":
   {"type":"LineString",
    "coordinates":
    [[21.6664341, 44.618095100000005], [21.6666707, 44.6181368],
     [21.6669291, 44.618107300000005], [21.6670804, 44.618057],
     [21.6671817, 44.6180517], [21.6673085, 44.6180396],
     [21.667409900000003, 44.6180663], [21.667434, 44.6180697],
     [21.6675426, 44.618070800000005], [21.6676587, 44.6179872],
     [21.6677636, 44.6179645], [21.6679393, 44.617962000000006],
     [21.6680639, 44.6179725], [21.668262600000002, 44.6179858],
     [21.668352600000002, 44.6179943],
     [21.668588500000002, 44.6180141],
     [21.668725300000002, 44.6180268],
     [21.6690305, 44.618048200000004]]}},
  {"type":"Feature",
   "properties":{},
   "geometry":
   {"type":"LineString",
    "coordinates":
    [[21.664085200000002, 44.617102],
     [21.664233900000003, 44.617181800000004],
     [21.664355800000003, 44.6172356], [21.6648937, 44.6175231],
     [21.6653804, 44.617786800000005],
     [21.665599800000003, 44.6178868], [21.6657891, 44.6179302],
     [21.666113300000003, 44.6179701],
     [21.666303600000003, 44.6180639],
     [21.6664341, 44.618095100000005]]}},
  {"type":"Feature",
   "properties":{},
   "geometry":
   {"type":"LineString",
    "coordinates":
    [[21.6641754, 44.6159826],
     [21.664177900000002, 44.616333100000006],
     [21.6641705, 44.6166253], [21.664068200000003, 44.6169822],
     [21.664085200000002, 44.617102]]}},
  {"type":"Feature",
   "properties":{},
   "geometry":
   {"type":"LineString",
    "coordinates":
    [[21.663669900000002, 44.614651900000005],
     [21.663837400000002, 44.6150089], [21.6640239, 44.6153057],
     [21.6644235, 44.6159225], [21.6641754, 44.6159826]]}},
  {"type":"Feature",
   "properties":{},
   "geometry":
   {"type":"LineString",
    "coordinates":
    [[21.6679007, 44.611769900000006],
     [21.667862000000003, 44.6118487], [21.6678368, 44.6118972],
     [21.6677719, 44.6120249], [21.6675769, 44.612320000000004],
     [21.6673671, 44.6124876],
     [21.667174600000003, 44.612651500000005],
     [21.6669413, 44.6129442], [21.666707300000002, 44.613157],
     [21.6664512, 44.6133601],
     [21.666199000000002, 44.613503800000004],
     [21.6659918, 44.613660100000004],
     [21.6656407, 44.613776400000006],
     [21.664806000000002, 44.6140374], [21.6641833, 44.614223],
     [21.6639461, 44.614347300000006], [21.6638319, 44.6144534],
     [21.663747, 44.614554600000005],
     [21.663669900000002, 44.614651900000005]]}},
  {"type":"Feature",
   "properties":{},
   "geometry":
   {"type":"LineString",
    "coordinates":
    [[21.6679007, 44.611769900000006], [21.6676375, 44.611749],
     [21.6674095, 44.611686000000006], [21.667321, 44.6115963],
     [21.667270000000002, 44.6113614],
     [21.667192200000002, 44.611126600000006],
     [21.667055400000002, 44.610815300000006],
     [21.6668999, 44.6105595], [21.6668033, 44.610271100000006],
     [21.6668033, 44.6100573],
     [21.666859600000002, 44.609874000000005],
     [21.6667631, 44.6095551], [21.6667658, 44.609289700000005],
     [21.6668194, 44.6089326], [21.6668999, 44.608569800000005],
     [21.6669267, 44.6083846], [21.6670903, 44.608245200000006],
     [21.667253900000002, 44.6080752],
     [21.667280700000003, 44.6077219],
     [21.667251200000003, 44.607389700000006],
     [21.667103700000002, 44.6069333],
     [21.667052700000003, 44.6067462],
     [21.667042000000002, 44.6066182],
     [21.6671064, 44.606520800000006], [21.6673532, 44.6062649],
     [21.667618700000002, 44.605967]]}},
  {"type":"Feature",
   "properties":{},
   "geometry":
   {"type":"LineString",
    "coordinates":
    [[21.667618700000002, 44.605967], [21.6674507, 44.6056569],
     [21.667264000000003, 44.6052814], [21.6671514, 44.6050666],
     [21.6671097, 44.6049869], [21.6670902, 44.6049297],
     [21.6670261, 44.604702100000004],
     [21.6670096, 44.604539100000004],
     [21.6669413, 44.603526900000006],
     [21.666946300000003, 44.6033611],
     [21.6669234, 44.603172300000004],
     [21.6668944, 44.603022200000005],
     [21.666843500000002, 44.602827600000005],
     [21.6667282, 44.6024666], [21.6666667, 44.6023033],
     [21.666495400000002, 44.602048]]}},
  {"type":"Feature",
   "properties":{},
   "geometry":
   {"type":"LineString",
    "coordinates":
    [[21.6653619, 44.6011673], [21.6655622, 44.601250500000006],
     [21.665652700000003, 44.6012998], [21.665713, 44.6013371],
     [21.6659516, 44.601516200000006],
     [21.666326400000003, 44.6018887],
     [21.666495400000002, 44.602048]]}},
  {"type":"Feature",
   "properties":{},
   "geometry":
   {"type":"LineString",
    "coordinates":
    [[21.6609236, 44.596946], [21.661010400000002, 44.5970643],
     [21.661094900000002, 44.597162700000005],
     [21.6611893, 44.5972792], [21.6613972, 44.5975957],
     [21.661467700000003, 44.597741400000004],
     [21.661545500000003, 44.597991400000005],
     [21.6616316, 44.5983558], [21.661666200000003, 44.5984691],
     [21.6617158, 44.5986028],
     [21.661770800000003, 44.598799500000005],
     [21.661845900000003, 44.599104100000005],
     [21.661877500000003, 44.599210400000004],
     [21.662063200000002, 44.5995987], [21.6622038, 44.5997889],
     [21.662292800000003, 44.5999166],
     [21.662401000000003, 44.600037400000005], [21.6625525, 44.600186],
     [21.662861300000003, 44.600402900000006],
     [21.6630596, 44.600560300000005], [21.6631924, 44.6006548],
     [21.6633053, 44.600723800000004],
     [21.663409400000003, 44.600767700000006], [21.663542, 44.6008304],
     [21.663726800000003, 44.600900700000004],
     [21.663831700000003, 44.6009328], [21.6639591, 44.6009777],
     [21.664376, 44.6009922], [21.6644782, 44.6009935],
     [21.6646094, 44.6010056],
     [21.664735800000003, 44.601023500000004],
     [21.6648754, 44.6010512], [21.665075400000003, 44.6010961],
     [21.6652913, 44.6011466], [21.6653619, 44.6011673]]}},
  {"type":"Feature",
   "properties":{},
   "geometry":
   {"type":"LineString",
    "coordinates":
    [[21.6609236, 44.596946], [21.660949000000002, 44.596618500000005],
     [21.6609655, 44.596363100000005], [21.6610395, 44.5961329]]}},
  {"type":"Feature",
   "properties":{},
   "geometry":
   {"type":"LineString",
    "coordinates":
    [[21.6610395, 44.5961329], [21.661104700000003, 44.5959027],
     [21.6611283, 44.5955784], [21.6612486, 44.5952793],
     [21.661383100000002, 44.5951113], [21.6613595, 44.5949231],
     [21.661292900000003, 44.594685500000004]]}},
  {"type":"Feature",
   "properties":{},
   "geometry":
   {"type":"LineString",
    "coordinates":
    [[21.661292900000003, 44.594685500000004],
     [21.661201400000003, 44.594529900000005],
     [21.6612298, 44.594445900000004],
     [21.661284000000002, 44.594382100000004],
     [21.661265200000003, 44.5941855],
     [21.6610693, 44.593862800000004],
     [21.6608263, 44.593572200000004], [21.6606564, 44.5931924],
     [21.6605974, 44.5928782], [21.6605478, 44.5925018],
     [21.6605691, 44.5920901],
     [21.660658700000003, 44.591695200000004],
     [21.660745600000002, 44.5914352]]}},
  {"type":"Feature",
   "properties":{},
   "geometry":
   {"type":"LineString",
    "coordinates":
    [[21.6588964, 44.5872784],
     [21.658908800000003, 44.587353300000004],
     [21.6588782, 44.587391000000004],
     [21.658810300000003, 44.587423400000006],
     [21.658629100000002, 44.5874548], [21.6585015, 44.5874867],
     [21.658437300000003, 44.587521200000005],
     [21.6582773, 44.587641500000004], [21.6577552, 44.5880668],
     [21.6576124, 44.5881467],
     [21.657476600000003, 44.588225200000004], [21.65745, 44.5882529],
     [21.6574533, 44.5882839], [21.6574941, 44.588319500000004],
     [21.657571800000003, 44.588341], [21.657714000000002, 44.5883252],
     [21.657991900000003, 44.5881722], [21.6584219, 44.5879855],
     [21.658566500000003, 44.5879628],
     [21.658886300000002, 44.587935800000004],
     [21.6591698, 44.5879454], [21.6599463, 44.5880037],
     [21.6605311, 44.5880973], [21.6605904, 44.5881264],
     [21.6606196, 44.588160200000004],
     [21.6606269, 44.588192500000005],
     [21.6606078, 44.588220500000006], [21.6605685, 44.588231],
     [21.6604806, 44.5882293], [21.6603846, 44.5882057],
     [21.6602153, 44.5882033],
     [21.659974000000002, 44.588231300000004],
     [21.6595204, 44.5883565],
     [21.659032800000002, 44.588641300000006],
     [21.6587576, 44.588947700000006], [21.6586208, 44.5893054],
     [21.6586082, 44.589492], [21.6586184, 44.5895373],
     [21.658681700000002, 44.5895476],
     [21.658776900000003, 44.589468600000004],
     [21.658996300000002, 44.5892707], [21.659216, 44.58917],
     [21.659375700000002, 44.589111200000005],
     [21.659577300000002, 44.5890823], [21.6597648, 44.5890865],
     [21.6600234, 44.5891247], [21.6601009, 44.5891602],
     [21.6601576, 44.589205400000004], [21.66019, 44.5892667],
     [21.6601909, 44.5894467], [21.660267700000002, 44.5896916],
     [21.6606038, 44.5903439], [21.6606825, 44.5904539],
     [21.660974600000003, 44.5907909],
     [21.661004900000002, 44.5908783], [21.6609976, 44.5909722],
     [21.660966600000002, 44.591052100000006],
     [21.660745600000002, 44.5914352]]}},
  {"type":"Feature",
   "properties":{},
   "geometry":
   {"type":"LineString",
    "coordinates":
    [[21.6601974, 44.5871195], [21.660193300000003, 44.5871197],
     [21.6599982, 44.587132800000006],
     [21.659685200000002, 44.5871548],
     [21.659494000000002, 44.5871815],
     [21.659301600000003, 44.5872091], [21.6591659, 44.5872283],
     [21.659026500000003, 44.5872558], [21.6588964, 44.5872784]]}},
  {"type":"Feature",
   "properties":{},
   "geometry":
   {"type":"LineString",
    "coordinates":
    [[21.6609532, 44.5869914], [21.6608948, 44.587023],
     [21.6608419, 44.587045], [21.6607942, 44.587062100000004],
     [21.660712800000002, 44.5870784],
     [21.660612500000003, 44.5870917], [21.6601974, 44.5871195]]}},
  {"type":"Feature",
   "properties":{},
   "geometry":
   {"type":"LineString",
    "coordinates":
    [[21.6611985, 44.5868558], [21.6609532, 44.5869914]]}},
  {"type":"Feature",
   "properties":{},
   "geometry":
   {"type":"LineString",
    "coordinates":
    [[21.6637004, 44.585604700000005],
     [21.6636954, 44.585607700000004],
     [21.6635165, 44.585716700000006], [21.6633475, 44.5858477],
     [21.663261600000002, 44.585911800000005],
     [21.6631654, 44.5859989], [21.6631304, 44.586028600000006],
     [21.663098700000003, 44.5860555], [21.6630109, 44.5861462],
     [21.6629352, 44.5862283],
     [21.662888600000002, 44.586277800000005],
     [21.662832700000003, 44.5863357], [21.6627972, 44.5863639],
     [21.6627408, 44.5863978], [21.6626912, 44.5864251],
     [21.6626, 44.5864709], [21.662512900000003, 44.5865072],
     [21.6624076, 44.586557400000004],
     [21.6622902, 44.586619000000006], [21.6622373, 44.5866552],
     [21.662201200000002, 44.586679700000005],
     [21.662166900000003, 44.586699200000005],
     [21.6621384, 44.586712500000004], [21.6620883, 44.5867407],
     [21.6620451, 44.586757500000004],
     [21.662004500000002, 44.5867707], [21.6619391, 44.5867834],
     [21.661871100000003, 44.586793300000004],
     [21.661783200000002, 44.586799500000005],
     [21.6616854, 44.5868011], [21.6615727, 44.586803700000004],
     [21.6614386, 44.5868119], [21.6613575, 44.5868191],
     [21.6612924, 44.586829], [21.6611985, 44.5868558]]}},
  {"type":"Feature",
   "properties":{},
   "geometry":
   {"type":"LineString",
    "coordinates":
    [[21.6639683, 44.585404100000005], [21.6639434, 44.5854453],
     [21.6638939, 44.5854896], [21.663775, 44.5855606],
     [21.6637004, 44.585604700000005]]}},
  {"type":"Feature",
   "properties":{},
   "geometry":
   {"type":"LineString",
    "coordinates":
    [[21.6676569, 44.5782134], [21.6675697, 44.578645200000004],
     [21.667563, 44.5787312], [21.6675775, 44.5788079],
     [21.6676113, 44.578872600000004], [21.6676971, 44.5789538],
     [21.6677722, 44.579026400000004],
     [21.6677979, 44.579057600000006], [21.6678098, 44.5791133],
     [21.6678071, 44.579185900000006],
     [21.6677971, 44.579270400000006],
     [21.667770100000002, 44.5794444],
     [21.6677535, 44.579551800000004], [21.6677132, 44.57976],
     [21.667665900000003, 44.5799211], [21.6675295, 44.5802634],
     [21.6673997, 44.580560600000005], [21.6673256, 44.5807238],
     [21.6672613, 44.580860400000006],
     [21.6672018, 44.580973300000004], [21.6671191, 44.5810868],
     [21.666926, 44.5812845], [21.666856300000003, 44.5813743],
     [21.6668227, 44.5814393], [21.666794600000003, 44.5815033],
     [21.6667816, 44.5815636], [21.6667624, 44.581664700000005],
     [21.6667436, 44.5817411], [21.6667221, 44.5817975],
     [21.666680600000003, 44.5818634], [21.666610600000002, 44.58194],
     [21.666500900000003, 44.5820449],
     [21.6663238, 44.582170000000005],
     [21.6662259, 44.582235000000004],
     [21.666097500000003, 44.5823199],
     [21.665949700000002, 44.5824317],
     [21.6658598, 44.582506200000005], [21.6656747, 44.5826829],
     [21.6652482, 44.5830975], [21.665193300000002, 44.5831357],
     [21.665056500000002, 44.583220700000005],
     [21.6649047, 44.583308200000005],
     [21.664395300000002, 44.583657200000005],
     [21.664251800000002, 44.583772800000006],
     [21.6641052, 44.583905200000004],
     [21.663958100000002, 44.5840431],
     [21.6637972, 44.584202600000005],
     [21.6637033, 44.584307700000004], [21.6636577, 44.5843745],
     [21.663608500000002, 44.584478000000004],
     [21.6635788, 44.584574100000005],
     [21.6635746, 44.584609500000006],
     [21.6635719, 44.584663000000006], [21.6635719, 44.5847041],
     [21.663592, 44.5847604], [21.6636296, 44.5848388],
     [21.6636725, 44.584901800000004],
     [21.6638066, 44.585078100000004], [21.6638935, 44.5851993],
     [21.6639373, 44.5852669], [21.663956900000002, 44.5853181],
     [21.6639662, 44.5853612], [21.6639683, 44.585404100000005]]}},
  {"type":"Feature",
   "properties":{},
   "geometry":
   {"type":"LineString",
    "coordinates":
    [[21.6678672, 44.5766932],
     [21.667866800000002, 44.576696500000004],
     [21.6678281, 44.5769898], [21.6677776, 44.5774082],
     [21.6677141, 44.5779143], [21.6676575, 44.5782102],
     [21.6676569, 44.5782134]]}},
  {"type":"Feature",
   "properties":{},
   "geometry":
   {"type":"LineString",
    "coordinates":
    [[21.667910300000003, 44.576061100000004], [21.667909, 44.5762036],
     [21.6679023, 44.5763793], [21.6678876, 44.5765389],
     [21.6678672, 44.5766932]]}},
  {"type":"Feature",
   "properties":{},
   "geometry":
   {"type":"LineString",
    "coordinates":
    [[21.668079600000002, 44.5701978], [21.6685179, 44.5707992],
     [21.6685628, 44.570854100000005], [21.6688335, 44.5710716],
     [21.668895600000003, 44.5711342],
     [21.668941200000003, 44.5711962], [21.6689775, 44.5712665],
     [21.6690027, 44.5713525], [21.6690152, 44.571440200000005],
     [21.669007200000003, 44.5715404], [21.6689817, 44.5716265],
     [21.668949400000002, 44.5716927], [21.6689057, 44.5717574],
     [21.6688431, 44.5718143], [21.6687729, 44.571859800000006],
     [21.6686848, 44.5718997],
     [21.668256000000003, 44.572081600000004],
     [21.6682038, 44.572116900000005], [21.6681728, 44.5721526],
     [21.668151100000003, 44.5722053], [21.668151, 44.5722528],
     [21.6681819, 44.5723603], [21.6682537, 44.572613000000004],
     [21.6682564, 44.5726875], [21.668249000000003, 44.5727558],
     [21.6682007, 44.572996100000005], [21.6680995, 44.5733424],
     [21.6680165, 44.573799900000004], [21.6679889, 44.5739358],
     [21.6679585, 44.574044400000005], [21.6679223, 44.5741482],
     [21.6678238, 44.5743741], [21.6677971, 44.5744774],
     [21.667784100000002, 44.57457],
     [21.667781100000003, 44.574659800000006],
     [21.667788400000003, 44.5747567], [21.6678697, 44.5755418],
     [21.667910300000003, 44.576061100000004]]}},
  {"type":"Feature",
   "properties":{},
   "geometry":
   {"type":"LineString",
    "coordinates":
    [[21.667788400000003, 44.5691314],
     [21.667727300000003, 44.5692366], [21.6676952, 44.5693211],
     [21.667675300000003, 44.569403900000005],
     [21.667668600000002, 44.5694984],
     [21.6676742, 44.569569400000006],
     [21.667696900000003, 44.569648900000004],
     [21.667736700000003, 44.569727900000004],
     [21.667788100000003, 44.5697978], [21.6680756, 44.5701923],
     [21.668079600000002, 44.5701978]]}},
  {"type":"Feature",
   "properties":{},
   "geometry":
   {"type":"LineString",
    "coordinates":
    [[21.674811300000002, 44.5690443], [21.6746447, 44.5690509],
     [21.674492500000003, 44.5690503], [21.6743537, 44.5690444],
     [21.6740634, 44.5690078],
     [21.673827300000003, 44.568958200000004],
     [21.673716600000002, 44.5689433],
     [21.6736128, 44.568935100000004],
     [21.6734733, 44.568932600000004], [21.6729831, 44.5689245],
     [21.6728127, 44.568918800000006],
     [21.6726761, 44.568909500000004],
     [21.6725332, 44.568895000000005], [21.6722863, 44.5688523],
     [21.6721656, 44.5688307], [21.672025400000003, 44.568815],
     [21.671916900000003, 44.5688097], [21.6715468, 44.5688163],
     [21.6714147, 44.568828200000006],
     [21.6712913, 44.568846900000004], [21.671173300000003, 44.568865],
     [21.671075400000003, 44.568873100000005],
     [21.670899000000002, 44.5688776],
     [21.6707819, 44.568887800000006],
     [21.670660400000003, 44.568906000000005],
     [21.6705083, 44.5689403], [21.6703863, 44.5689573],
     [21.6702727, 44.5689651], [21.6701695, 44.5689652],
     [21.669789100000003, 44.5689385], [21.6686775, 44.5688316],
     [21.668529200000002, 44.5688155], [21.6683783, 44.5688076],
     [21.6682452, 44.568822000000004],
     [21.6681294, 44.568852400000004],
     [21.668025200000002, 44.5689014], [21.6679436, 44.5689616],
     [21.6678652, 44.569040900000005],
     [21.667788400000003, 44.5691314]]}},
  {"type":"Feature",
   "properties":{},
   "geometry":
   {"type":"LineString",
    "coordinates":
    [[21.676200400000003, 44.5688569], [21.6760723, 44.5688617],
     [21.6759302, 44.568877], [21.675789400000003, 44.568897],
     [21.6751596, 44.569006], [21.6749994, 44.5690279],
     [21.6748154, 44.569044000000005],
     [21.674811300000002, 44.5690443]]}},
  {"type":"Feature",
   "properties":{},
   "geometry":
   {"type":"LineString",
    "coordinates":
    [[21.672910700000003, 44.5619116], [21.67302, 44.562017600000004],
     [21.673073600000002, 44.562066400000006],
     [21.673152700000003, 44.5621352],
     [21.6732188, 44.562187900000005],
     [21.673347200000002, 44.5622881],
     [21.673442400000003, 44.5623597], [21.673687, 44.562557600000005],
     [21.673826000000002, 44.5626655],
     [21.6739131, 44.562724700000004],
     [21.674019100000002, 44.562791600000004],
     [21.674154100000003, 44.562880400000004],
     [21.674249800000002, 44.5629493],
     [21.674324900000002, 44.5630085], [21.6743852, 44.5630582],
     [21.6744187, 44.5630888], [21.674469000000002, 44.5631344],
     [21.674515300000003, 44.5631843],
     [21.674547500000003, 44.5632254],
     [21.674589100000002, 44.563279900000005],
     [21.6746385, 44.5633561],
     [21.674684300000003, 44.563430800000006],
     [21.674729900000003, 44.563493], [21.6747875, 44.5635551],
     [21.674837200000002, 44.5635982],
     [21.674898900000002, 44.563647700000004],
     [21.674978000000003, 44.5636974], [21.6750995, 44.5637674],
     [21.6752416, 44.563861200000005], [21.6752945, 44.5639029],
     [21.675362, 44.563971200000005], [21.6753937, 44.5640166],
     [21.6754058, 44.564049100000005],
     [21.6754152, 44.564082500000005], [21.6754165, 44.5641121],
     [21.6754071, 44.5641436], [21.6753895, 44.5641843],
     [21.6753602, 44.5642124], [21.6753213, 44.5642392],
     [21.6752663, 44.5642657], [21.6752033, 44.5642841],
     [21.675110800000002, 44.564301300000004],
     [21.6749362, 44.5643291], [21.6747446, 44.5643462],
     [21.6746923, 44.5643491], [21.6746427, 44.564345700000004],
     [21.674550200000002, 44.564331],
     [21.674433500000003, 44.564311800000006],
     [21.6743209, 44.5642774], [21.6742214, 44.564263600000004],
     [21.674145600000003, 44.564249800000006], [21.6740825, 44.564253],
     [21.6740289, 44.5642666], [21.6739773, 44.5642925],
     [21.6739435, 44.564321400000004], [21.6739214, 44.5643529],
     [21.673908800000003, 44.5643922],
     [21.6739086, 44.564422400000005],
     [21.6739186, 44.564456500000006], [21.673936, 44.5644842],
     [21.6739855, 44.5645259], [21.6741449, 44.5646311],
     [21.6741999, 44.5646744], [21.6742482, 44.564720400000006],
     [21.6742978, 44.564778600000004],
     [21.674326500000003, 44.564820600000004],
     [21.674355300000002, 44.5648731],
     [21.674397300000003, 44.5649692],
     [21.674422800000002, 44.565072400000005],
     [21.6744871, 44.5653213], [21.6746199, 44.5658205],
     [21.674644200000003, 44.5658966],
     [21.674683100000003, 44.5659709],
     [21.674736900000003, 44.5660425],
     [21.674794300000002, 44.566100000000006],
     [21.6750693, 44.5663421], [21.675158900000003, 44.5664139],
     [21.675265500000002, 44.5664808],
     [21.675378700000003, 44.566535800000004],
     [21.6755011, 44.566580900000005], [21.6759981, 44.5667485],
     [21.6764039, 44.5668832], [21.6769289, 44.567050200000004],
     [21.6769803, 44.5670723], [21.6770241, 44.567104900000004],
     [21.6770552, 44.5671472], [21.6770678, 44.567190700000005],
     [21.677061400000003, 44.5672312],
     [21.6770348, 44.567272900000006],
     [21.676982300000002, 44.567309800000004],
     [21.676920900000002, 44.5673346],
     [21.676832700000002, 44.567348700000004],
     [21.676258500000003, 44.5673648], [21.6761801, 44.5673703],
     [21.676108600000003, 44.5673855],
     [21.676047800000003, 44.5674131],
     [21.6760164, 44.567441800000005],
     [21.675996700000002, 44.5674834],
     [21.6760005, 44.567536000000004], [21.6760246, 44.5675788],
     [21.676059900000002, 44.5676098],
     [21.6766338, 44.568091100000004], [21.6771488, 44.5684283],
     [21.677203600000002, 44.568465700000004],
     [21.6772503, 44.568521800000006], [21.677271400000002, 44.568582],
     [21.6772685, 44.5686419], [21.6772493, 44.5686924],
     [21.677210900000002, 44.568742400000005],
     [21.6771455, 44.5687906], [21.677057400000002, 44.5688243],
     [21.6769806, 44.568838500000005], [21.6768873, 44.5688401],
     [21.676200400000003, 44.5688569]]}},
  {"type":"Feature",
   "properties":{},
   "geometry":
   {"type":"LineString",
    "coordinates":
    [[21.671009700000003, 44.5603951],
     [21.671048600000002, 44.560491600000006],
     [21.671074, 44.560536600000006], [21.6711062, 44.5605805],
     [21.671146500000003, 44.560621600000005],
     [21.6711765, 44.560650300000006], [21.6712323, 44.5606942],
     [21.6713579, 44.560769400000005],
     [21.671424400000003, 44.5608221], [21.6714844, 44.5608796],
     [21.6715488, 44.560954100000004], [21.6716011, 44.5610373],
     [21.6716695, 44.5611443], [21.6717258, 44.5612131],
     [21.671769100000002, 44.5612554], [21.6718358, 44.5613134],
     [21.6718988, 44.5613545], [21.671968500000002, 44.5613937],
     [21.6721046, 44.561461], [21.672281, 44.5615485],
     [21.6724862, 44.561649800000005], [21.6725703, 44.5616957],
     [21.6726418, 44.5617348], [21.6727625, 44.561803600000005],
     [21.672845600000002, 44.561860900000006],
     [21.672910700000003, 44.5619116]]}},
  {"type":"Feature",
   "properties":{},
   "geometry":
   {"type":"LineString",
    "coordinates":
    [[21.670143300000003, 44.559265700000005],
     [21.670209, 44.559399400000004], [21.670258800000003, 44.559494],
     [21.670278900000003, 44.5595337], [21.6703002, 44.5595772],
     [21.6703203, 44.559608700000005],
     [21.6703619, 44.559667000000005],
     [21.670406200000002, 44.559720500000005],
     [21.670498700000003, 44.559820800000004], [21.6706274, 44.559947],
     [21.6707253, 44.5600425],
     [21.670779000000003, 44.560099900000004],
     [21.670845500000002, 44.560173400000004],
     [21.6709064, 44.560242200000005], [21.6709858, 44.5603476],
     [21.671009700000003, 44.5603951]]}},
  {"type":"Feature",
   "properties":{},
   "geometry":
   {"type":"LineString",
    "coordinates":
    [[21.6697412, 44.5586064], [21.669796, 44.558674200000006],
     [21.6698898, 44.5588118], [21.6700269, 44.559036000000006],
     [21.670093700000002, 44.5591634],
     [21.670143300000003, 44.559265700000005]]}},
  {"type":"Feature",
   "properties":{},
   "geometry":
   {"type":"LineString",
    "coordinates":
    [[21.6697412, 44.5586064],
     [21.669820100000003, 44.558571900000004],
     [21.6699397, 44.558516000000004], [21.6700722, 44.5584496],
     [21.6701544, 44.558407100000004],
     [21.670223800000002, 44.558366500000005],
     [21.6704601, 44.558190800000006],
     [21.6705067, 44.558154300000005], [21.6705656, 44.5580956],
     [21.670568000000003, 44.5580693],
     [21.670553700000003, 44.5580263],
     [21.6705121, 44.557931700000005],
     [21.6705027, 44.557900100000005],
     [21.670488000000002, 44.5578543], [21.6704636, 44.5577387],
     [21.6704531, 44.5577119], [21.6704021, 44.5576316],
     [21.6703504, 44.5575513], [21.6703203, 44.5574967],
     [21.6703069, 44.5574644],
     [21.670298900000002, 44.557435700000006],
     [21.6702975, 44.5574109], [21.670308600000002, 44.5573787],
     [21.6703498, 44.557323000000004],
     [21.670392800000002, 44.557259900000005],
     [21.670435700000002, 44.5571787], [21.6704836, 44.557087],
     [21.670533600000002, 44.556999000000005],
     [21.670560400000003, 44.556956], [21.6706022, 44.5569131],
     [21.670674400000003, 44.5568509], [21.6708068, 44.5567535],
     [21.6708353, 44.556720000000006], [21.6708541, 44.5566837],
     [21.670863500000003, 44.556649500000006],
     [21.6708715, 44.5565919], [21.6708794, 44.5565374],
     [21.6708892, 44.556504200000006],
     [21.670915800000003, 44.556474400000006],
     [21.6709533, 44.5564553], [21.6710016, 44.556436100000006],
     [21.671084800000003, 44.5564132],
     [21.6714211, 44.556331400000005],
     [21.6716486, 44.556273100000006], [21.6717581, 44.5562375],
     [21.671807, 44.5562197], [21.671843600000003, 44.5562069]]}},
  {"type":"Feature",
   "properties":{},
   "geometry":
   {"type":"LineString",
    "coordinates":
    [[21.671843600000003, 44.5562069],
     [21.671848500000003, 44.556169000000004],
     [21.6718614, 44.5561171], [21.671872800000003, 44.5560759],
     [21.671885800000002, 44.5560409],
     [21.6719115, 44.556004200000004],
     [21.6719535, 44.555951500000006], [21.6719723, 44.5559274],
     [21.6719763, 44.555897800000004], [21.6719732, 44.5558532],
     [21.6719602, 44.555807], [21.6719328, 44.555748200000004],
     [21.6719091, 44.555702800000006], [21.6718623, 44.5556106],
     [21.6718262, 44.5555383], [21.6718039, 44.5554782],
     [21.6718014, 44.555438800000005], [21.6718024, 44.555402],
     [21.671812900000003, 44.5553341], [21.6718191, 44.5552646],
     [21.6718207, 44.5552137], [21.6718249, 44.5551656],
     [21.6718201, 44.5551447], [21.6718049, 44.5551139],
     [21.671780100000003, 44.5550931],
     [21.6717561, 44.555073900000004],
     [21.671717100000002, 44.555030900000006],
     [21.6716698, 44.554990200000006], [21.6716179, 44.5549571]]}},
  {"type":"Feature",
   "properties":{},
   "geometry":
   {"type":"LineString",
    "coordinates":
    [[21.6716179, 44.5549571], [21.6717593, 44.5548726],
     [21.6718465, 44.554839300000005],
     [21.671933000000003, 44.5548128], [21.6720122, 44.5547989],
     [21.6721031, 44.5547818], [21.6721657, 44.554762800000006],
     [21.6722113, 44.5547418], [21.672248800000002, 44.5547179],
     [21.6722934, 44.5546827], [21.6723508, 44.5546233],
     [21.6724199, 44.5545452], [21.6724634, 44.5544905],
     [21.6725096, 44.5544206],
     [21.672542500000002, 44.554361500000006],
     [21.672568000000002, 44.5543156], [21.6726163, 44.5542401],
     [21.6726697, 44.554182600000004], [21.6727652, 44.5540882],
     [21.672905200000002, 44.5539469],
     [21.672952900000002, 44.5539104],
     [21.672991800000002, 44.5538846],
     [21.673068500000003, 44.553845100000004],
     [21.673175, 44.553794700000005]]}},
  {"type":"Feature",
   "properties":{},
   "geometry":
   {"type":"LineString",
    "coordinates":
    [[21.673175, 44.553794700000005], [21.673226500000002, 44.553769],
     [21.673265400000002, 44.5537441],
     [21.673317400000002, 44.5536905], [21.6733756, 44.5536423],
     [21.673422300000002, 44.553607500000005],
     [21.673546100000003, 44.553526500000004],
     [21.6737241, 44.5534163], [21.6739514, 44.5532758],
     [21.674075400000003, 44.553189800000006],
     [21.674158600000002, 44.5531287], [21.674287, 44.5530248],
     [21.6743624, 44.5529595],
     [21.674420100000003, 44.552900300000005],
     [21.674507300000002, 44.5528123],
     [21.674615900000003, 44.552721500000004],
     [21.674700400000003, 44.5526575], [21.6747996, 44.5525782],
     [21.674869400000002, 44.552504600000006],
     [21.6750249, 44.5523249], [21.6752098, 44.5521199]]}},
  {"type":"Feature",
   "properties":{},
   "geometry":
   {"type":"LineString",
    "coordinates":
    [[21.6752098, 44.5521199], [21.6753897, 44.551974200000004],
     [21.675427600000003, 44.5519272], [21.6754554, 44.5518767],
     [21.675469200000002, 44.551837600000006],
     [21.675476800000002, 44.5517976],
     [21.6754782, 44.551757300000006],
     [21.6754219, 44.551491600000006],
     [21.6754192, 44.551346300000006],
     [21.675515800000003, 44.5510443], [21.6756168, 44.5508534],
     [21.6756807, 44.550732700000005], [21.6758095, 44.5505282],
     [21.6759221, 44.550403], [21.6761193, 44.5502903],
     [21.6763218, 44.5502186], [21.6763823, 44.550204300000004],
     [21.6764447, 44.550194700000006], [21.6765082, 44.5501899],
     [21.6765912, 44.550191000000005],
     [21.676673100000002, 44.5502004],
     [21.6769977, 44.550266400000005],
     [21.677048600000003, 44.5502698],
     [21.677099600000002, 44.550268300000006],
     [21.677152900000003, 44.550261400000004],
     [21.677204200000002, 44.5502492],
     [21.677413400000002, 44.5501756],
     [21.677736600000003, 44.5500093], [21.6779204, 44.5499032],
     [21.6779894, 44.5498853], [21.678061200000002, 44.5498745],
     [21.6781212, 44.549871100000004], [21.6781814, 44.5498727],
     [21.678240900000002, 44.5498793],
     [21.678625800000002, 44.549920400000005],
     [21.6790549, 44.5499968], [21.6794921, 44.5500637],
     [21.679910600000003, 44.550092400000004],
     [21.6803424, 44.5500752], [21.6808547, 44.549995900000006],
     [21.6810948, 44.5499596], [21.6813858, 44.5499433],
     [21.681703600000002, 44.5499615], [21.68211, 44.550015],
     [21.6827711, 44.550116300000006], [21.683196300000002, 44.550167],
     [21.6833813, 44.5502167],
     [21.683767600000003, 44.550400200000006], [21.6841243, 44.550533],
     [21.6841669, 44.5505427], [21.6842112, 44.5505463],
     [21.6842557, 44.5505435], [21.684302000000002, 44.5505335],
     [21.684344300000003, 44.550516800000004],
     [21.6844234, 44.550447000000005], [21.684478600000002, 44.550426],
     [21.6845374, 44.5504107],
     [21.684608500000003, 44.550400200000006],
     [21.684681100000002, 44.550398], [21.6847533, 44.550404],
     [21.6849679, 44.550428800000006], [21.6852696, 44.5504996]]}},
  {"type":"Feature",
   "properties":{},
   "geometry":
   {"type":"LineString",
    "coordinates":
    [[21.6852696, 44.5504996], [21.685617, 44.550600900000006],
     [21.6859697, 44.5507872], [21.686478, 44.551070100000004],
     [21.686724700000003, 44.551172400000006],
     [21.686795800000002, 44.5511884],
     [21.686868200000003, 44.551201000000006],
     [21.6869863, 44.5512141], [21.687105600000002, 44.5512182],
     [21.6871686, 44.551228800000004], [21.6872355, 44.5512461],
     [21.687256400000003, 44.551268500000006],
     [21.6872608, 44.5512966], [21.687247900000003, 44.5513209],
     [21.6872247, 44.5513374],
     [21.687164600000003, 44.551359700000006],
     [21.686968800000002, 44.5514013], [21.6868079, 44.5514261],
     [21.686593300000002, 44.551426600000006],
     [21.686405500000003, 44.551411300000005],
     [21.686170800000003, 44.551362600000004],
     [21.6858463, 44.5512555],
     [21.685612900000002, 44.551190500000004],
     [21.6855495, 44.5511834], [21.6854854, 44.5511806],
     [21.6854212, 44.5511819], [21.6853315, 44.551191],
     [21.6852443, 44.551208300000006], [21.685161, 44.5512335],
     [21.684305400000003, 44.551569900000004],
     [21.6837971, 44.5517515], [21.683737100000002, 44.551763],
     [21.683675, 44.5517659]]}},
  {"type":"Feature",
   "properties":{},
   "geometry":
   {"type":"LineString",
    "coordinates":
    [[21.683675, 44.5517659], [21.6837017, 44.5518292],
     [21.6836963, 44.5519076], [21.6835488, 44.5519745],
     [21.6833986, 44.5520414], [21.6832162, 44.552117900000006],
     [21.6831035, 44.5522402], [21.6830472, 44.55246],
     [21.682980200000003, 44.5527582],
     [21.6829694, 44.552930200000006],
     [21.683036100000002, 44.553104000000005]]}},
  {"type":"Feature",
   "properties":{},
   "geometry":
   {"type":"LineString",
    "coordinates":
    [[21.683036100000002, 44.553104000000005],
     [21.683063500000003, 44.5531172], [21.6830891, 44.5531384],
     [21.6831052, 44.553164], [21.6831104, 44.5531917],
     [21.6831104, 44.553281600000005],
     [21.6831855, 44.553489000000006],
     [21.683229800000003, 44.553622700000005],
     [21.683330400000003, 44.553763200000006],
     [21.683424300000002, 44.5538961],
     [21.6834779, 44.554049000000006],
     [21.6835476, 44.554125400000004], [21.6837099, 44.5542296],
     [21.6838561, 44.554344300000004], [21.6839312, 44.5544561],
     [21.6841297, 44.554850800000004], [21.6842705, 44.5550639],
     [21.684316300000003, 44.555115900000004],
     [21.684371600000002, 44.555163], [21.684435500000003, 44.5552043],
     [21.684502400000003, 44.5552373], [21.6845748, 44.5552639],
     [21.6846514, 44.555283700000004], [21.6848378, 44.5552961],
     [21.685077800000002, 44.5552865], [21.6852777, 44.5553095],
     [21.6858061, 44.5554069], [21.686079600000003, 44.5554433],
     [21.686300900000003, 44.5554519],
     [21.6870426, 44.555390700000004],
     [21.687304100000002, 44.5553716],
     [21.687487800000003, 44.5553764], [21.6876675, 44.555405],
     [21.6878928, 44.5554117], [21.6880363, 44.555414600000006],
     [21.688171800000003, 44.555437500000004],
     [21.6883528, 44.5554901],
     [21.688513800000003, 44.555511100000004],
     [21.688670700000003, 44.5554958],
     [21.6891481, 44.555407900000006],
     [21.6894351, 44.555365800000004],
     [21.6896081, 44.555290400000004], [21.6898656, 44.55519],
     [21.6899544, 44.5551771],
     [21.690044500000003, 44.555170000000004],
     [21.690135100000003, 44.555169], [21.690231, 44.555174400000006],
     [21.6903256, 44.555186600000006],
     [21.690418100000002, 44.555205300000004],
     [21.690965300000002, 44.5554347], [21.6912483, 44.5555704],
     [21.691288200000002, 44.5555754], [21.6913287, 44.5555742],
     [21.691371, 44.555565800000004], [21.691409200000002, 44.5555505],
     [21.691441400000002, 44.5555293],
     [21.691550000000003, 44.5553802], [21.691668, 44.5551441],
     [21.691786, 44.5549845], [21.6920462, 44.5548431],
     [21.692352, 44.554740900000006], [21.6926564, 44.554685400000004],
     [21.692960900000003, 44.5546214], [21.6930963, 44.5545727]]}},
  {"type":"Feature",
   "properties":{},
   "geometry":
   {"type":"LineString",
    "coordinates":
    [[21.6930963, 44.5545727], [21.6933818, 44.5545242],
     [21.6935481, 44.5544688], [21.6937251, 44.5543484],
     [21.693966500000002, 44.5541726],
     [21.694189100000003, 44.5540254], [21.6943661, 44.5539088],
     [21.694631700000002, 44.553849500000005],
     [21.6950608, 44.553740600000005],
     [21.695339800000003, 44.5537081],
     [21.6956402, 44.553557100000006], [21.6962276, 44.5534711],
     [21.6968016, 44.553408000000005], [21.6971235, 44.5533641],
     [21.697547200000002, 44.553387],
     [21.698215100000002, 44.553369800000006],
     [21.698850800000002, 44.553409900000005],
     [21.699473100000002, 44.553423300000006],
     [21.6999934, 44.5535323],
     [21.700210700000003, 44.553631700000004],
     [21.7003287, 44.553673700000004],
     [21.7005889, 44.553660300000004],
     [21.700760300000002, 44.5536784]]}},
  {"type":"Feature",
   "properties":{},
   "geometry":
   {"type":"LineString",
    "coordinates":
    [[21.700760300000002, 44.5536784], [21.7007742, 44.553713],
     [21.7007942, 44.553746000000004], [21.7008298, 44.5537866],
     [21.7008745, 44.5538223], [21.700927, 44.5538521],
     [21.7015171, 44.5541436],
     [21.701773300000003, 44.554239100000004], [21.70184, 44.5542717],
     [21.7018993, 44.5543108], [21.701937100000002, 44.554343],
     [21.7019699, 44.554377800000005],
     [21.7019972, 44.554415000000006], [21.7020683, 44.5545096],
     [21.7021877, 44.554588], [21.7023674, 44.5546501],
     [21.702809900000002, 44.554867], [21.7034899, 44.5551747],
     [21.703700400000002, 44.5552884], [21.7038359, 44.5553869]]}},
  {"type":"Feature",
   "properties":{},
   "geometry":
   {"type":"LineString",
    "coordinates":
    [[21.7038359, 44.5553869], [21.7040194, 44.555485600000004],
     [21.7042447, 44.555671000000004], [21.7045317, 44.5558277],
     [21.7047865, 44.555973], [21.7049662, 44.556139300000005],
     [21.7052157, 44.556246300000005],
     [21.7054115, 44.556338000000004], [21.7058621, 44.5563858],
     [21.7063047, 44.5563954], [21.7067365, 44.5563724],
     [21.707053000000002, 44.556458400000004],
     [21.7074848, 44.5563954], [21.708278800000002, 44.5562004],
     [21.708952, 44.5560093], [21.7095689, 44.5557303],
     [21.710470100000002, 44.555510500000004],
     [21.711138000000002, 44.555315500000006],
     [21.711695900000002, 44.5550842],
     [21.712028500000002, 44.5549715]]}},
  {"type":"Feature",
   "properties":{},
   "geometry":
   {"type":"LineString",
    "coordinates":
    [[21.712028500000002, 44.5549715], [21.7117723, 44.5548893],
     [21.711520200000002, 44.554767000000005],
     [21.7112734, 44.5545988], [21.7110106, 44.554365600000004],
     [21.7107424, 44.5541592], [21.7104795, 44.553994800000005],
     [21.7103937, 44.5537884], [21.7102864, 44.5536049],
     [21.7099806, 44.5534138], [21.7097285, 44.553260900000005],
     [21.709589, 44.553085], [21.7095676, 44.5528671],
     [21.7094388, 44.5525881], [21.7092618, 44.552396900000005],
     [21.709235, 44.552007], [21.7093798, 44.551555900000004],
     [21.7095568, 44.551211900000006],
     [21.7097553, 44.550722500000006],
     [21.710173700000002, 44.5503097],
     [21.710565300000003, 44.5501109],
     [21.7107692, 44.549801200000005],
     [21.7108658, 44.549510700000006],
     [21.710881800000003, 44.5491322], [21.7109999, 44.5486773],
     [21.7112252, 44.548138200000004], [21.7114076, 44.5475457],
     [21.711445100000002, 44.546869], [21.711337800000003, 44.546177],
     [21.711134, 44.5456341], [21.7109999, 44.544988000000004],
     [21.710838900000002, 44.544460400000006],
     [21.7106673, 44.5439901], [21.7105722, 44.543663900000006]]}},
  {"type":"Feature",
   "properties":{},
   "geometry":
   {"type":"LineString",
    "coordinates":
    [[21.7105722, 44.543663900000006],
     [21.7107519, 44.543862700000005], [21.7108431, 44.5439468],
     [21.710875400000003, 44.543966700000006],
     [21.7109129, 44.543981200000005], [21.710954, 44.543989700000004],
     [21.710996700000003, 44.543991600000005],
     [21.711038900000002, 44.543987], [21.711430500000002, 44.5439525],
     [21.7115106, 44.543944200000006],
     [21.7115915, 44.543942900000005],
     [21.711671900000002, 44.5439487],
     [21.711754000000003, 44.5439622]]}},
  {"type":"Feature",
   "properties":{},
   "geometry":
   {"type":"LineString",
    "coordinates":
    [[21.711754000000003, 44.5439622],
     [21.711842100000002, 44.543741600000004],
     [21.712142500000002, 44.5435275],
     [21.712598500000002, 44.5433363],
     [21.7130866, 44.543106900000005], [21.7134782, 44.5426749],
     [21.7138484, 44.542369], [21.714138000000002, 44.5422008],
     [21.7148301, 44.5421855], [21.715661500000003, 44.5421587],
     [21.716562800000002, 44.542070800000005],
     [21.7176356, 44.5420249], [21.7183062, 44.542032600000006],
     [21.7190143, 44.5422085], [21.7194971, 44.5422008],
     [21.719937, 44.542044000000004],
     [21.720580700000003, 44.541948500000004],
     [21.721144000000002, 44.541914000000006],
     [21.721519500000003, 44.5417993], [21.7218896, 44.5414514],
     [21.7223563, 44.5409391], [21.722705, 44.540453500000005],
     [21.722989300000002, 44.539872300000006],
     [21.7232361, 44.5393447], [21.7234668, 44.538744300000005],
     [21.723713500000002, 44.5383505],
     [21.723853000000002, 44.5378458],
     [21.724185600000002, 44.537417500000004],
     [21.7246738, 44.5370505],
     [21.725102900000003, 44.536744600000006], [21.7252692, 44.536366],
     [21.725349700000002, 44.5361557],
     [21.7255267, 44.536067700000004], [21.7262241, 44.5360792],
     [21.726503, 44.535911000000006], [21.7268571, 44.5359148],
     [21.7272916, 44.5357427], [21.7278924, 44.535670100000004],
     [21.7283216, 44.5357045], [21.728525400000002, 44.535888],
     [21.7287883, 44.536136600000006],
     [21.7289868, 44.536278100000004],
     [21.7289438, 44.536530400000004],
     [21.728900900000003, 44.5367254],
     [21.7291531, 44.536928100000004], [21.7294696, 44.537081],
     [21.729654800000002, 44.5373943]]}},
  {"type":"Feature",
   "properties":{},
   "geometry":
   {"type":"LineString",
    "coordinates":
    [[21.7351399, 44.5360966],
     [21.735181500000003, 44.536128600000005],
     [21.7353035, 44.536249100000006],
     [21.7354497, 44.536424000000004], [21.7355208, 44.536489],
     [21.735585200000003, 44.5365406], [21.735675, 44.5366477],
     [21.7357528, 44.536754800000004], [21.7357796, 44.5368064],
     [21.735785, 44.5368542], [21.735775200000003, 44.5368761],
     [21.7357555, 44.5368943], [21.7357306, 44.536906],
     [21.735701900000002, 44.5369115],
     [21.735624100000003, 44.5369192],
     [21.735516800000003, 44.5369134],
     [21.7354336, 44.536900100000004],
     [21.735355900000002, 44.5368848],
     [21.735278100000002, 44.5368829],
     [21.7352244, 44.536890500000005], [21.7351171, 44.536923],
     [21.734969600000003, 44.536993700000004],
     [21.7346022, 44.537192600000004],
     [21.734368800000002, 44.5373341],
     [21.7340416, 44.537550100000004],
     [21.733896700000003, 44.537630400000005], [21.733854, 44.5376488],
     [21.733808200000002, 44.5376629],
     [21.733751400000003, 44.5376738], [21.7336929, 44.5376782],
     [21.7336202, 44.5376783], [21.733548000000003, 44.5376725],
     [21.7332128, 44.537620800000006], [21.7328373, 44.5375577],
     [21.7326602, 44.537550100000004],
     [21.7323598, 44.537565400000005], [21.7321372, 44.5375692],
     [21.7320594, 44.537576900000005], [21.7319736, 44.537596],
     [21.7316973, 44.5376916], [21.7315679, 44.5377446],
     [21.731533000000002, 44.5377547],
     [21.731477400000003, 44.537759400000006],
     [21.7314043, 44.537752700000006],
     [21.731291600000002, 44.5377341],
     [21.731014700000003, 44.5376801],
     [21.7309664, 44.537675300000004],
     [21.730926200000003, 44.5376758], [21.7308719, 44.5376801],
     [21.730821600000002, 44.5376911], [21.730778, 44.537705],
     [21.730655300000002, 44.5377566], [21.730615, 44.5377723],
     [21.7305889, 44.537780000000005],
     [21.730564100000002, 44.537784300000006],
     [21.7305306, 44.5377881], [21.7304709, 44.537786700000005],
     [21.7303904, 44.537772800000006], [21.7302925, 44.5377628],
     [21.7302275, 44.537759400000006],
     [21.7301825, 44.537759900000005],
     [21.7301162, 44.537764200000005], [21.730029700000003, 44.53777],
     [21.729952500000003, 44.537777600000005],
     [21.7298882, 44.537775700000005],
     [21.729840600000003, 44.5377695],
     [21.729794300000002, 44.537759400000006],
     [21.729760900000002, 44.537748], [21.729729900000002, 44.5377336],
     [21.7297081, 44.5377178],
     [21.729691000000003, 44.537699200000006],
     [21.729661500000002, 44.5376562],
     [21.729652100000003, 44.537612200000005],
     [21.7296508, 44.5375424],
     [21.729652100000003, 44.537416300000004],
     [21.729654800000002, 44.5373943]]}},
  {"type":"Feature",
   "properties":{},
   "geometry":
   {"type":"LineString",
    "coordinates":
    [[21.7351399, 44.5360966],
     [21.735193600000002, 44.536063600000006],
     [21.735229800000003, 44.5360493], [21.735307600000002, 44.536034],
     [21.7354913, 44.536011], [21.7355838, 44.5359957],
     [21.735679100000002, 44.5359795],
     [21.7358507, 44.535963200000005], [21.7360519, 44.5359393],
     [21.7364086, 44.5358925], [21.7364985, 44.535869500000004],
     [21.736553500000003, 44.535842800000005],
     [21.7365843, 44.535819800000006], [21.7365946, 44.5358055],
     [21.7366017, 44.5357902], [21.736605800000003, 44.5357702],
     [21.7366044, 44.5357501], [21.7365977, 44.535681200000006],
     [21.7365937, 44.5355847], [21.7365964, 44.5355531],
     [21.7366098, 44.5355178], [21.7366326, 44.535471900000005],
     [21.736709, 44.5353591], [21.7368431, 44.535203200000005],
     [21.7370872, 44.5349939], [21.7372522, 44.534885900000006],
     [21.737338, 44.5348285], [21.7373984, 44.534775],
     [21.737453300000002, 44.5347243], [21.7375231, 44.5346344],
     [21.737580700000002, 44.5345656], [21.7376398, 44.5345178],
     [21.7377618, 44.5344222], [21.7378208, 44.5343725],
     [21.7378584, 44.534322800000005], [21.7378758, 44.5342865],
     [21.7378798, 44.5342454], [21.7378785, 44.5341584],
     [21.7378691, 44.5339729], [21.7378731, 44.533873500000006],
     [21.7378946, 44.533813300000006], [21.7379335, 44.5337559],
     [21.7379965, 44.5336976], [21.7380877, 44.533645],
     [21.7382178, 44.533594300000004],
     [21.738496700000002, 44.533494000000005],
     [21.738601300000003, 44.533449000000005],
     [21.738689800000003, 44.533393600000004],
     [21.7388333, 44.5332932], [21.739009000000003, 44.5331594],
     [21.7391498, 44.533058000000004],
     [21.7392746, 44.532984400000004],
     [21.739369800000002, 44.5329385], [21.7394865, 44.5329089],
     [21.7396353, 44.532899300000004],
     [21.739793600000002, 44.532906000000004],
     [21.740165100000002, 44.5329089],
     [21.7404051, 44.532909800000006], [21.7406103, 44.5329137],
     [21.740794, 44.532907], [21.740904, 44.5328917],
     [21.7409804, 44.5328716], [21.7410354, 44.5328448],
     [21.7411642, 44.532774100000005],
     [21.7412125, 44.532747300000004], [21.741313, 44.5327062],
     [21.7413506, 44.532688], [21.7414458, 44.5326603],
     [21.7415209, 44.532633600000004], [21.7415947, 44.532603],
     [21.7416711, 44.5325647], [21.7417409, 44.532512100000005],
     [21.7418106, 44.532449], [21.741893700000002, 44.5323611],
     [21.742107, 44.5320915], [21.7422116, 44.5319634],
     [21.7422572, 44.531850600000006], [21.7422599, 44.5317512],
     [21.742219600000002, 44.531680400000006],
     [21.7421392, 44.5316403], [21.741959400000002, 44.5316058],
     [21.741834700000002, 44.531575200000006],
     [21.7417449, 44.5315504], [21.7417185, 44.531536800000005],
     [21.741697900000002, 44.5315188], [21.7416863, 44.5315018],
     [21.741680000000002, 44.531483300000005],
     [21.7416792, 44.5314643], [21.7416814, 44.531444300000004],
     [21.741690000000002, 44.5314251],
     [21.741704600000002, 44.531407900000005],
     [21.741729900000003, 44.5313907], [21.741761, 44.531379300000005],
     [21.7417997, 44.531373300000006], [21.7418391, 44.5313753],
     [21.7419045, 44.531384], [21.7419903, 44.531394600000006],
     [21.742121700000002, 44.5313936], [21.7422223, 44.5313831],
     [21.7423323, 44.5313573], [21.7424664, 44.5313018],
     [21.742613900000002, 44.5312483],
     [21.7427789, 44.531187100000004],
     [21.742921000000003, 44.531150800000006],
     [21.743064500000003, 44.531133600000004],
     [21.743185200000003, 44.531126900000004],
     [21.743289800000003, 44.5311316],
     [21.743429300000003, 44.531157500000006],
     [21.743568800000002, 44.531184200000006],
     [21.743643900000002, 44.53119],
     [21.743719000000002, 44.531180400000004],
     [21.743814200000003, 44.531150800000006],
     [21.743885300000002, 44.531115400000004],
     [21.743940300000002, 44.531075200000004],
     [21.743996600000003, 44.5310141], [21.7440797, 44.5308859],
     [21.7441548, 44.5307923], [21.7442554, 44.5307091],
     [21.744416400000002, 44.5305819],
     [21.7445102, 44.530497800000006], [21.7445652, 44.5304165],
     [21.7445786, 44.5303668], [21.744577300000003, 44.5303028],
     [21.744533, 44.530135400000006],
     [21.744452600000002, 44.529869700000006],
     [21.7444445, 44.5298104], [21.7444539, 44.5297731],
     [21.744484800000002, 44.52971], [21.7445612, 44.5295762],
     [21.7446403, 44.5294815], [21.744707400000003, 44.5294356],
     [21.7448227, 44.529384900000004], [21.7449675, 44.5293324],
     [21.7450225, 44.5292941], [21.745117800000003, 44.5292291],
     [21.7452532, 44.529122], [21.7453632, 44.5290264],
     [21.7454745, 44.528952800000006], [21.7455764, 44.5288887],
     [21.7457923, 44.528794100000006],
     [21.746069900000002, 44.528700400000005], [21.7462631, 44.528623],
     [21.7463623, 44.5285589], [21.7464589, 44.5284795],
     [21.746605000000002, 44.5283208],
     [21.746761900000003, 44.5281545],
     [21.7468438, 44.528047400000005], [21.7469068, 44.5279432],
     [21.747012700000003, 44.527781600000004],
     [21.747136100000002, 44.5276305],
     [21.747254100000003, 44.5274948],
     [21.747436500000003, 44.527320800000005],
     [21.747584, 44.527200300000004], [21.7478389, 44.5270129],
     [21.748013200000003, 44.526881], [21.748104400000003, 44.5268026],
     [21.748158, 44.5267433], [21.7482492, 44.526596100000006],
     [21.748453100000003, 44.526251900000005],
     [21.7485228, 44.5261696], [21.7486086, 44.5261008],
     [21.748710600000003, 44.526030000000006],
     [21.748981500000003, 44.5259191],
     [21.749147800000003, 44.5258522],
     [21.7493167, 44.525777600000005], [21.7494401, 44.5257528],
     [21.7494793, 44.5257482], [21.749519000000003, 44.5257482],
     [21.7495581, 44.5257528],
     [21.749593700000002, 44.525761200000005],
     [21.7496271, 44.525773400000006],
     [21.7496574, 44.525789100000004],
     [21.7498861, 44.525883500000006],
     [21.749921200000003, 44.525898000000005]]}},
  {"type":"Feature",
   "properties":{},
   "geometry":
   {"type":"LineString",
    "coordinates":
    [[21.759202000000002, 44.523526700000005],
     [21.7590189, 44.523537700000006],
     [21.758951800000002, 44.5235232], [21.758842, 44.5234783],
     [21.758744500000002, 44.5234174],
     [21.7586692, 44.523382600000005],
     [21.758594000000002, 44.523359400000004],
     [21.7585188, 44.5233508], [21.7583582, 44.5233652],
     [21.7579923, 44.5234565], [21.7573541, 44.523655100000006],
     [21.7570634, 44.523787000000006],
     [21.756579600000002, 44.5240826], [21.7563235, 44.5241971],
     [21.7560064, 44.5243218], [21.7557401, 44.5243971],
     [21.755469700000003, 44.524458], [21.7552644, 44.524497100000005],
     [21.7551364, 44.524546400000006],
     [21.755010300000002, 44.5246232],
     [21.754835500000002, 44.524784100000005],
     [21.7547278, 44.524897100000004], [21.7545855, 44.5249754],
     [21.754489900000003, 44.5250101],
     [21.754349700000002, 44.525033300000004],
     [21.753876100000003, 44.5251159],
     [21.753727700000002, 44.525131900000005],
     [21.753636200000003, 44.525155100000006],
     [21.753579300000002, 44.5251754],
     [21.7534533, 44.525256500000005], [21.753337400000003, 44.525329],
     [21.7530895, 44.5254186], [21.752856, 44.5255135],
     [21.752528, 44.525679800000006], [21.752241400000003, 44.5257985],
     [21.7520412, 44.525849], [21.7515883, 44.5259171],
     [21.751388000000002, 44.525930300000006], [21.751197, 44.5259325],
     [21.7510891, 44.525919300000005], [21.750935100000003, 44.525871],
     [21.7507564, 44.525829200000004],
     [21.750617700000003, 44.5258204],
     [21.750429800000003, 44.5258644], [21.7502287, 44.5259249],
     [21.750112, 44.525941100000004], [21.7500342, 44.525936300000005],
     [21.749921200000003, 44.525898000000005]]}},
  {"type":"Feature",
   "properties":{},
   "geometry":
   {"type":"LineString",
    "coordinates":
    [[21.759969, 44.5224618], [21.7599205, 44.5225299],
     [21.7598373, 44.522721600000004], [21.7597789, 44.5228339],
     [21.7597311, 44.522904600000004],
     [21.759617900000002, 44.523058500000005],
     [21.759379000000003, 44.5233209],
     [21.759202000000002, 44.523526700000005]]}},
  {"type":"Feature",
   "properties":{},
   "geometry":
   {"type":"LineString",
    "coordinates":
    [[21.7602169, 44.5213709], [21.760064, 44.521948],
     [21.7599889, 44.522269300000005], [21.7599763, 44.5223421],
     [21.7599708, 44.522407300000005], [21.759969, 44.5224618]]}},
  {"type":"Feature",
   "properties":{},
   "geometry":
   {"type":"LineString",
    "coordinates":
    [[21.763642500000003, 44.5175816],
     [21.763668000000003, 44.5177056],
     [21.7636867, 44.518164600000006], [21.7636894, 44.5185643],
     [21.763684100000003, 44.518702000000005],
     [21.7636492, 44.5188683], [21.7635848, 44.5191055],
     [21.763533900000002, 44.5193771], [21.763474900000002, 44.519488],
     [21.763364900000003, 44.5196544],
     [21.7632656, 44.519794000000005], [21.763233600000003, 44.519843],
     [21.763217700000002, 44.519884600000005],
     [21.763226600000003, 44.5199325],
     [21.763267300000003, 44.519989300000006],
     [21.763304400000003, 44.5200511],
     [21.7633097, 44.520089000000006], [21.7632973, 44.5201433],
     [21.7632161, 44.5202843], [21.7631063, 44.5204293],
     [21.762980300000002, 44.5205931],
     [21.762811600000003, 44.5208467],
     [21.7627384, 44.520962600000004], [21.7626977, 44.5210452],
     [21.762663200000002, 44.5211351],
     [21.762618500000002, 44.5211844],
     [21.762551400000003, 44.521238000000004],
     [21.7624335, 44.521348200000006],
     [21.762352200000002, 44.521390200000006],
     [21.762266800000003, 44.5214177], [21.7620432, 44.5214684],
     [21.7619639, 44.521477100000006],
     [21.761665100000002, 44.521463600000004],
     [21.7612612, 44.5214353], [21.760577, 44.521397],
     [21.7603015, 44.521380400000005], [21.7602169, 44.5213709]]}},
  {"type":"Feature",
   "properties":{},
   "geometry":
   {"type":"LineString",
    "coordinates":
    [[21.7636082, 44.516982000000006],
     [21.7636545, 44.517068300000005], [21.7636918, 44.5172078],
     [21.763703300000003, 44.5173141],
     [21.763703800000002, 44.517373500000005],
     [21.763697200000003, 44.5174456],
     [21.763660400000003, 44.517549200000005],
     [21.763642500000003, 44.5175816]]}},
  {"type":"Feature",
   "properties":{},
   "geometry":
   {"type":"LineString",
    "coordinates":
    [[21.763519600000002, 44.5168216],
     [21.7636082, 44.516982000000006]]}},
  {"type":"Feature",
   "properties":{},
   "geometry":
   {"type":"LineString",
    "coordinates":
    [[21.763301600000002, 44.516304000000005], [21.763349, 44.5164708],
     [21.763434500000002, 44.516653500000004],
     [21.7634712, 44.516726000000006],
     [21.763519600000002, 44.5168216]]}},
  {"type":"Feature",
   "properties":{},
   "geometry":
   {"type":"LineString",
    "coordinates":
    [[21.763301600000002, 44.516304000000005],
     [21.7634022, 44.516238900000005], [21.7634516, 44.5161956],
     [21.763496200000002, 44.5161565], [21.7635732, 44.5160576],
     [21.7636456, 44.5159401], [21.763682600000003, 44.5157633],
     [21.763713000000003, 44.5154706],
     [21.763722700000002, 44.5153777], [21.7637889, 44.5150613],
     [21.7638444, 44.514924], [21.7639427, 44.5147557],
     [21.764020600000002, 44.5146358],
     [21.764180500000002, 44.5144266],
     [21.764278100000002, 44.514274400000005],
     [21.764379700000003, 44.514099], [21.7645301, 44.5139367],
     [21.7647029, 44.513764200000004],
     [21.7647517, 44.513714900000004],
     [21.764780100000003, 44.5136656],
     [21.764788300000003, 44.513609100000004],
     [21.764772, 44.513265600000004], [21.764768, 44.5131511],
     [21.764768, 44.513100300000005]]}},
  {"type":"Feature",
   "properties":{},
   "geometry":
   {"type":"LineString",
    "coordinates":
    [[21.764457500000002, 44.5110031], [21.7644638, 44.5112344],
     [21.7644661, 44.5114309], [21.7644287, 44.5118638],
     [21.7644334, 44.5120087], [21.7644567, 44.5121352],
     [21.7645221, 44.512325000000004], [21.7646926, 44.5127796],
     [21.764739300000002, 44.512934400000006],
     [21.764768, 44.513100300000005]]}},
  {"type":"Feature",
   "properties":{},
   "geometry":
   {"type":"LineString",
    "coordinates":
    [[21.762526400000002, 44.510040800000006], [21.7631826, 44.509999],
     [21.763353000000002, 44.509987300000006],
     [21.7634091, 44.510000700000006], [21.7634908, 44.510029],
     [21.7635678, 44.5100789],
     [21.763637900000003, 44.510178800000006],
     [21.7637593, 44.5103487], [21.7639017, 44.5104952],
     [21.7640815, 44.510645100000005], [21.7642263, 44.510765],
     [21.764294, 44.5108399], [21.7643431, 44.5109165],
     [21.764392100000002, 44.510956500000006],
     [21.764457500000002, 44.5110031]]}},
  {"type":"Feature",
   "properties":{},
   "geometry":
   {"type":"LineString",
    "coordinates":
    [[21.761994100000003, 44.5082407], [21.7620729, 44.5083059],
     [21.762158200000002, 44.5084079], [21.7622071, 44.5084803],
     [21.762256, 44.5085616], [21.762326400000003, 44.5086999],
     [21.7623633, 44.508810800000006],
     [21.7623967, 44.508929200000004], [21.762408, 44.5090592],
     [21.7624016, 44.5091577], [21.762381, 44.5093395],
     [21.7623852, 44.509428], [21.762438900000003, 44.5096757],
     [21.7625227, 44.5100131],
     [21.762526400000002, 44.510040800000006]]}},
  {"type":"Feature",
   "properties":{},
   "geometry":
   {"type":"LineString",
    "coordinates":
    [[21.7618081, 44.5081104], [21.761994100000003, 44.5082407]]}},
  {"type":"Feature",
   "properties":{},
   "geometry":
   {"type":"LineString",
    "coordinates":
    [[21.7614895, 44.507849900000004],
     [21.761538400000003, 44.507912700000006],
     [21.761617400000002, 44.5079817],
     [21.7616787, 44.508030600000005],
     [21.761746900000002, 44.508075600000005],
     [21.7618081, 44.5081104]]}},
  {"type":"Feature",
   "properties":{},
   "geometry":
   {"type":"LineString",
    "coordinates":
    [[21.7614895, 44.507849900000004], [21.7611828, 44.5077233],
     [21.7606866, 44.507507100000005],
     [21.760587700000002, 44.5074508],
     [21.760493500000003, 44.507390400000006],
     [21.760415000000002, 44.507334400000005],
     [21.760340600000003, 44.5072757], [21.7601717, 44.5071341],
     [21.7599477, 44.5070184], [21.7598398, 44.506962400000006],
     [21.7597264, 44.5069122], [21.7596208, 44.506872400000006],
     [21.759511800000002, 44.506837600000004],
     [21.7592825, 44.5067688], [21.7591961, 44.506740400000005],
     [21.7591162, 44.5067037], [21.759046700000003, 44.506661],
     [21.7589861, 44.5066119], [21.7588896, 44.5065449],
     [21.758818100000003, 44.5065115], [21.7587434, 44.5064818],
     [21.758632300000002, 44.5064465], [21.7585167, 44.5064197],
     [21.7582217, 44.506367100000006],
     [21.757953500000003, 44.506336000000005],
     [21.757858300000002, 44.5063285],
     [21.757764400000003, 44.506315400000005],
     [21.757686600000003, 44.506300100000004],
     [21.7576311, 44.506289100000004], [21.7575746, 44.506281],
     [21.757514500000003, 44.5062755],
     [21.7574539, 44.506273300000004], [21.7572252, 44.5062829],
     [21.7571578, 44.5062817], [21.757089800000003, 44.5062829],
     [21.7570243, 44.5062791], [21.756959700000003, 44.5062705],
     [21.7568403, 44.5062341], [21.7567223, 44.5061844],
     [21.7566732, 44.506164000000005], [21.756620400000003, 44.506149],
     [21.7565528, 44.506138400000005], [21.7565183, 44.5061362],
     [21.756483600000003, 44.506136500000004],
     [21.7564205, 44.5061435], [21.7563602, 44.506158500000005],
     [21.755652100000002, 44.506454100000006], [21.7556087, 44.506472],
     [21.755563600000002, 44.5064876], [21.7554814, 44.5065091],
     [21.755396, 44.506523], [21.7551063, 44.506602300000004],
     [21.7544411, 44.5068185], [21.754311700000002, 44.5068448],
     [21.7541809, 44.5068673],
     [21.754025300000002, 44.506888700000005],
     [21.753868500000003, 44.506904600000006],
     [21.753709500000003, 44.506924700000006],
     [21.753552000000003, 44.506949500000005],
     [21.753383200000002, 44.506981700000004],
     [21.753216700000003, 44.5070193],
     [21.753087200000003, 44.5070477],
     [21.752955200000002, 44.5070691], [21.752849, 44.507080900000005],
     [21.752742, 44.5070883], [21.7526346, 44.507091100000004],
     [21.7525555, 44.507089400000005], [21.752476400000003, 44.507092],
     [21.7523886, 44.5070999], [21.752302, 44.507113100000005],
     [21.7522181, 44.507123400000005], [21.7521331, 44.5071274],
     [21.7520585, 44.5071256], [21.7519846, 44.5071189],
     [21.751911800000002, 44.5071073], [21.7518083, 44.5070945],
     [21.751706900000002, 44.507074700000004],
     [21.751608700000002, 44.507048000000005],
     [21.7515156, 44.507015300000006],
     [21.751427300000003, 44.506976300000005]]}},
  {"type":"Feature",
   "properties":{},
   "geometry":
   {"type":"LineString",
    "coordinates":
    [[21.751427300000003, 44.506976300000005],
     [21.7513957, 44.507053400000004],
     [21.751275200000002, 44.507189000000004],
     [21.751150900000003, 44.507332700000006], [21.7510192, 44.507389],
     [21.7506784, 44.507409200000005],
     [21.7504186, 44.507421300000004],
     [21.750091100000002, 44.5073555], [21.7499085, 44.507291],
     [21.7497033, 44.5071997], [21.749358800000003, 44.5071675],
     [21.7488637, 44.507150100000004],
     [21.7482575, 44.507105800000005],
     [21.747770000000003, 44.5070172], [21.7473765, 44.5069004],
     [21.747017, 44.5068507], [21.746608400000003, 44.506912400000004],
     [21.7461999, 44.5069554], [21.7458065, 44.5069997],
     [21.7455241, 44.506997000000005], [21.7452305, 44.5069406],
     [21.744942400000003, 44.506893600000005],
     [21.7447015, 44.506893600000005], [21.7444405, 44.5069792]]}},
  {"type":"Feature",
   "properties":{},
   "geometry":
   {"type":"LineString",
    "coordinates":
    [[21.743516500000002, 44.506674100000005],
     [21.7435645, 44.506676000000006],
     [21.743611700000002, 44.506669300000006],
     [21.7439919, 44.5066172], [21.7440992, 44.5066124],
     [21.7441703, 44.5066277],
     [21.744220600000002, 44.506674100000005],
     [21.744377500000002, 44.506889300000005],
     [21.7444405, 44.5069792]]}},
  {"type":"Feature",
   "properties":{},
   "geometry":
   {"type":"LineString",
    "coordinates":
    [[21.743516500000002, 44.506674100000005],
     [21.7433854, 44.5066916], [21.7432418, 44.5067232],
     [21.7431027, 44.506756], [21.742986600000002, 44.5068118],
     [21.742896400000003, 44.506890000000006], [21.742808, 44.5069366],
     [21.7426551, 44.506959], [21.742456100000002, 44.506972100000006],
     [21.7422535, 44.506963600000006],
     [21.742016800000002, 44.5069524],
     [21.7417921, 44.506954400000005], [21.741537, 44.5069498],
     [21.7412616, 44.506945200000004],
     [21.7410055, 44.506928800000004], [21.7407569, 44.506915],
     [21.740545, 44.506855200000004], [21.7403102, 44.5067777],
     [21.7401002, 44.506719200000006], [21.7398276, 44.5066989],
     [21.7394886, 44.506701500000005], [21.7391764, 44.5067074],
     [21.7389075, 44.506725100000004],
     [21.7384948, 44.506724500000004], [21.73826, 44.5067297],
     [21.737973500000003, 44.5067304],
     [21.737722100000003, 44.5067383], [21.737532400000003, 44.506779],
     [21.7371999, 44.5067843], [21.7367223, 44.506754900000004],
     [21.736244900000003, 44.5066592],
     [21.735727200000003, 44.506598000000004],
     [21.735228300000003, 44.5065674],
     [21.7346624, 44.506508100000005],
     [21.7341796, 44.506521500000005],
     [21.7338309, 44.506575100000006],
     [21.733203300000003, 44.5067491], [21.732699, 44.506888800000006],
     [21.7322779, 44.507072400000006],
     [21.731846100000002, 44.5073153], [21.7315001, 44.5075066],
     [21.731197, 44.5075487],
     [21.730978500000003, 44.507523400000004]]}},
  {"type":"Feature",
   "properties":{},
   "geometry":
   {"type":"LineString",
    "coordinates":
    [[21.726604700000003, 44.5079159],
     [21.7266628, 44.507927900000006],
     [21.726740600000003, 44.507932700000005],
     [21.726818400000003, 44.507939400000005],
     [21.726889500000002, 44.507959500000005],
     [21.726951200000002, 44.5079738],
     [21.727026300000002, 44.5079872],
     [21.7270866, 44.507993000000006], [21.7271255, 44.507992],
     [21.7272207, 44.5079767], [21.7273441, 44.507941300000006],
     [21.7276297, 44.507861000000005],
     [21.727763900000003, 44.5078199], [21.7279087, 44.5077845],
     [21.7280415, 44.5077596], [21.7281863, 44.507744300000006],
     [21.7284465, 44.507708900000004],
     [21.7286141, 44.507682100000004],
     [21.728836700000002, 44.507635300000004],
     [21.7289883, 44.5075961], [21.729107600000003, 44.507576],
     [21.729491200000002, 44.507545400000005],
     [21.729857300000003, 44.5075243],
     [21.730104100000002, 44.5075109],
     [21.7303415, 44.507488900000006], [21.7305265, 44.5074794],
     [21.730658000000002, 44.5074794], [21.730784, 44.507488],
     [21.730883300000002, 44.5074995],
     [21.730978500000003, 44.507523400000004]]}},
  {"type":"Feature",
   "properties":{},
   "geometry":
   {"type":"LineString",
    "coordinates":
    [[21.726379400000003, 44.508120700000006],
     [21.726437, 44.508080400000004],
     [21.726522900000003, 44.508008600000004],
     [21.7265698, 44.507968500000004], [21.7265953, 44.5079417],
     [21.726604700000003, 44.5079159]]}},
  {"type":"Feature",
   "properties":{},
   "geometry":
   {"type":"LineString",
    "coordinates":
    [[21.725608700000002, 44.508126100000005],
     [21.725942800000002, 44.5081384],
     [21.726224300000002, 44.5081347],
     [21.7263585, 44.508118800000005],
     [21.726379400000003, 44.508120700000006]]}},
  {"type":"Feature",
   "properties":{},
   "geometry":
   {"type":"LineString",
    "coordinates":
    [[21.725608700000002, 44.508126100000005],
     [21.725586500000002, 44.508191200000006]]}},
  {"type":"Feature",
   "properties":{},
   "geometry":
   {"type":"LineString",
    "coordinates":
    [[21.725586500000002, 44.508191200000006],
     [21.7254258, 44.5082061], [21.7251993, 44.508243500000006],
     [21.724918900000002, 44.508272000000005],
     [21.7246694, 44.508273100000004], [21.7245014, 44.5082468],
     [21.724353500000003, 44.5081841],
     [21.7242611, 44.508152300000006],
     [21.724164100000003, 44.5081402],
     [21.724091700000002, 44.508147900000004]]}},
  {"type":"Feature",
   "properties":{},
   "geometry":
   {"type":"LineString",
    "coordinates":
    [[21.724091700000002, 44.508147900000004],
     [21.724029, 44.5081658]]}},
  {"type":"Feature",
   "properties":{},
   "geometry":
   {"type":"LineString",
    "coordinates":
    [[21.724029, 44.5081658], [21.723984, 44.5081787]]}},
  {"type":"Feature",
   "properties":{},
   "geometry":
   {"type":"LineString",
    "coordinates":
    [[21.723984, 44.5081787], [21.7239766, 44.5081651],
     [21.723939, 44.508156500000005], [21.7238881, 44.5081422],
     [21.7238411, 44.5081221], [21.7237674, 44.5080791],
     [21.7237084, 44.5080389], [21.7236708, 44.5080121],
     [21.723626600000003, 44.507972900000006],
     [21.7235997, 44.5079299], [21.7235783, 44.507881100000006],
     [21.7235501, 44.5077816], [21.723526, 44.5076649],
     [21.7235166, 44.5075961],
     [21.723519300000003, 44.507543500000004],
     [21.723534, 44.507485100000004], [21.7235608, 44.5074115],
     [21.7235823, 44.5073445], [21.723589, 44.5073005],
     [21.723587900000002, 44.507277800000004],
     [21.723581000000003, 44.5072556],
     [21.7235622, 44.507226900000006],
     [21.7235461, 44.507198200000005], [21.723517, 44.507155100000006],
     [21.7234951, 44.5071226], [21.7234683, 44.5070442],
     [21.7234628, 44.507012700000004],
     [21.7234656, 44.506981100000004], [21.7234747, 44.5069546],
     [21.723489800000003, 44.506929400000004],
     [21.7235756, 44.506849100000004],
     [21.7236614, 44.506772600000005],
     [21.7237298, 44.506689400000006],
     [21.723754300000003, 44.5066469],
     [21.723770100000003, 44.506602300000004],
     [21.7237757, 44.5065699],
     [21.723776800000003, 44.506537300000005], [21.723762, 44.506411],
     [21.723699, 44.5061863], [21.7236787, 44.5061405],
     [21.723649400000003, 44.5060973],
     [21.723623800000002, 44.506069100000005],
     [21.7235944, 44.5060428],
     [21.723553600000002, 44.506016300000006],
     [21.7235072, 44.505995000000006], [21.723416, 44.5059587],
     [21.7232926, 44.5059252], [21.723129, 44.5058917],
     [21.723020400000003, 44.505867800000004],
     [21.7228621, 44.505818100000006], [21.7226998, 44.5057674],
     [21.7226006, 44.505734800000006],
     [21.722505400000003, 44.5057004],
     [21.722420900000003, 44.5056736],
     [21.722337800000002, 44.505652600000005],
     [21.722264000000003, 44.505645900000005],
     [21.722097700000003, 44.505654500000006],
     [21.721895200000002, 44.505666000000005],
     [21.721682, 44.505670800000004],
     [21.721511600000003, 44.505664100000004],
     [21.721220600000002, 44.5056382],
     [21.7210664, 44.505621000000005], [21.720821, 44.5055904],
     [21.7207581, 44.505584400000004],
     [21.7206949, 44.505580900000005],
     [21.7205769, 44.505580900000005],
     [21.720448100000002, 44.5055856],
     [21.720288500000002, 44.5055952],
     [21.7202027, 44.505594200000004],
     [21.720108800000002, 44.5055837], [21.720016, 44.505568100000005],
     [21.7199251, 44.505547400000005], [21.71974, 44.505507200000004],
     [21.719563, 44.5054833], [21.7194571, 44.5054728],
     [21.719290800000003, 44.5054661],
     [21.7190748, 44.505455600000005],
     [21.718981000000003, 44.5054412],
     [21.718837500000003, 44.5054144], [21.7187047, 44.5053733],
     [21.718586700000003, 44.505327400000006],
     [21.718455300000002, 44.5052796], [21.7183654, 44.5052566],
     [21.7182782, 44.5052442], [21.718161600000002, 44.5052375],
     [21.7179885, 44.5052346], [21.717920200000002, 44.5052317],
     [21.7178843, 44.5052287], [21.717849100000002, 44.5052231],
     [21.7178128, 44.5052145], [21.717778000000003, 44.5052031],
     [21.7176385, 44.5051562], [21.7174789, 44.5051112],
     [21.7172939, 44.505060500000006], [21.7171477, 44.5050204],
     [21.717002800000003, 44.504985000000005],
     [21.7169023, 44.504969700000004],
     [21.7167976, 44.504958200000004],
     [21.7167247, 44.504945500000005],
     [21.716650100000003, 44.5049391],
     [21.7166038, 44.504938300000006],
     [21.7165576, 44.504940000000005],
     [21.716376500000003, 44.5049544],
     [21.7161486, 44.504968700000006], [21.7159662, 44.5049725],
     [21.7158093, 44.504971600000005],
     [21.7156322, 44.504973500000006], [21.7155303, 44.5049745],
     [21.715427000000002, 44.5049678],
     [21.7153291, 44.504951500000004],
     [21.715158000000002, 44.504927]]}},
  {"type":"Feature",
   "properties":{},
   "geometry":
   {"type":"LineString",
    "coordinates":
    [[21.7144185, 44.508044600000005],
     [21.7144319, 44.507989200000004],
     [21.714504400000003, 44.507887800000006],
     [21.7145258, 44.5077883], [21.7145231, 44.507635300000004],
     [21.7145097, 44.5075033],
     [21.714520500000003, 44.507424900000004],
     [21.7145607, 44.5073675], [21.714670700000003, 44.5072355],
     [21.7147833, 44.507099700000005],
     [21.714837000000003, 44.5070136], [21.7148477, 44.506939],
     [21.7148396, 44.5068319],
     [21.714837000000003, 44.506497100000004],
     [21.7148343, 44.5062925], [21.714845, 44.506185300000006],
     [21.7148852, 44.5060973], [21.7149442, 44.5060036],
     [21.7149898, 44.505906], [21.7150408, 44.5057588],
     [21.715081, 44.505621000000005],
     [21.715078400000003, 44.505527300000004],
     [21.7150649, 44.5054431], [21.715073, 44.505359000000006],
     [21.7150971, 44.5052308], [21.7151588, 44.505051],
     [21.715158000000002, 44.504927]]}},
  {"type":"Feature",
   "properties":{},
   "geometry":
   {"type":"LineString",
    "coordinates":
    [[21.712030000000002, 44.510830600000006], [21.7121226, 44.510711],
     [21.712264700000002, 44.510510200000006],
     [21.712366600000003, 44.510364800000005],
     [21.712487300000003, 44.5102233],
     [21.712734100000002, 44.5099765], [21.7129514, 44.5097814],
     [21.7130586, 44.509695400000005],
     [21.713128400000002, 44.509628400000004],
     [21.713190100000002, 44.5095443],
     [21.7133483, 44.509312800000004], [21.7135602, 44.5090221],
     [21.713689000000002, 44.5088499],
     [21.713780200000002, 44.5087026],
     [21.7139035, 44.508499900000004], [21.7140108, 44.508343],
     [21.7140859, 44.508264600000004], [21.7142388, 44.508167],
     [21.7144185, 44.508044600000005]]}},
  {"type":"Feature",
   "properties":{},
   "geometry":
   {"type":"LineString",
    "coordinates":
    [[21.712030000000002, 44.510830600000006],
     [21.7123166, 44.511045800000005],
     [21.712424600000002, 44.5111634]]}},
  {"type":"Feature",
   "properties":{},
   "geometry":
   {"type":"LineString",
    "coordinates":
    [[21.712424600000002, 44.5111634],
     [21.712257400000002, 44.511337100000006],
     [21.7120697, 44.511532200000005], [21.7117532, 44.5116966],
     [21.711334700000002, 44.511849700000006],
     [21.7105569, 44.5120639],
     [21.709607400000003, 44.512308700000006],
     [21.7087974, 44.5126186], [21.7079391, 44.5128366],
     [21.7074938, 44.5130126], [21.7068125, 44.5133607],
     [21.706356600000003, 44.5137968],
     [21.706099100000003, 44.5141257], [21.7059006, 44.5142979],
     [21.7057021, 44.5142558], [21.7056377, 44.5141257],
     [21.705557300000002, 44.5137815],
     [21.705267600000003, 44.513525200000004],
     [21.7048545, 44.513226800000005], [21.7044146, 44.5129705],
     [21.703931800000003, 44.5126951], [21.7033847, 44.5125],
     [21.7029019, 44.512304900000004],
     [21.7025255, 44.512129800000004],
     [21.7022091, 44.511900000000004], [21.702077900000003, 44.511651],
     [21.702060600000003, 44.5114571], [21.7021242, 44.5112122]]}},
  {"type":"Feature",
   "properties":{},
   "geometry":
   {"type":"LineString",
    "coordinates":
    [[21.7021242, 44.5112122], [21.7017323, 44.511068400000006],
     [21.70128, 44.510902200000004], [21.7008195, 44.5107067],
     [21.700424700000003, 44.510438900000004], [21.7000245, 44.510218],
     [21.699498100000003, 44.5100186], [21.6990842, 44.5098289],
     [21.698760800000002, 44.509623700000006]]}},
  {"type":"Feature",
   "properties":{},
   "geometry":
   {"type":"LineString",
    "coordinates":
    [[21.698760800000002, 44.509623700000006],
     [21.698699400000002, 44.5096609],
     [21.698480800000002, 44.5097547], [21.6981818, 44.5098532],
     [21.6979283, 44.5099297], [21.6978593, 44.509959900000005],
     [21.6977929, 44.509992800000006],
     [21.697710400000002, 44.510039400000004], [21.697633, 44.5100902],
     [21.6975608, 44.5101449], [21.697205500000003, 44.5104978],
     [21.6970794, 44.5106881], [21.6970271, 44.5108631],
     [21.696922500000003, 44.511084000000004],
     [21.696717300000003, 44.5113977],
     [21.696465200000002, 44.511636800000005],
     [21.6959582, 44.5119686], [21.6958792, 44.5120209],
     [21.6957945, 44.512068500000005],
     [21.6957048, 44.512111100000006],
     [21.6956214, 44.512144500000005],
     [21.695535000000003, 44.512173600000004],
     [21.695445900000003, 44.5121982],
     [21.694953700000003, 44.5123015],
     [21.694666700000003, 44.5123894],
     [21.6941075, 44.512613200000004], [21.6940017, 44.5126502],
     [21.6938916, 44.512680200000005], [21.693788700000002, 44.512701],
     [21.6936837, 44.512715500000006], [21.6933659, 44.5127882],
     [21.692954200000003, 44.512925], [21.692892500000003, 44.5129527],
     [21.6928515, 44.512992600000004]]}},
  {"type":"Feature",
   "properties":{},
   "geometry":
   {"type":"LineString",
    "coordinates":
    [[21.676245700000003, 44.4941467], [21.6763245, 44.4941982],
     [21.6764009, 44.4942439], [21.6764784, 44.4942834],
     [21.6765599, 44.494318500000006], [21.676645, 44.4943491],
     [21.6768408, 44.494439], [21.676981100000003, 44.494510600000005],
     [21.677117000000003, 44.4945864], [21.6771955, 44.4946295],
     [21.6772673, 44.4946782], [21.677334600000002, 44.4947348],
     [21.677393000000002, 44.4947962],
     [21.6774416, 44.494861900000004], [21.677526, 44.494967],
     [21.677599500000003, 44.4950762], [21.677661500000003, 44.495189],
     [21.677702, 44.4952795], [21.6777351, 44.4953714],
     [21.6777608, 44.495464500000004],
     [21.677772100000002, 44.4955063],
     [21.677773000000002, 44.4955488], [21.6777635, 44.4955908],
     [21.6777413, 44.495634700000004], [21.6777078, 44.4956747],
     [21.677664200000002, 44.4957094],
     [21.677593100000003, 44.4957512], [21.6775167, 44.4957879],
     [21.6774354, 44.4958192], [21.677350200000003, 44.4958448],
     [21.6772619, 44.4958644], [21.6771557, 44.495890200000005],
     [21.6770527, 44.495921800000005],
     [21.6769721, 44.495951600000005],
     [21.676894400000002, 44.4959849], [21.6768535, 44.4960073],
     [21.6768214, 44.496036000000004], [21.6767997, 44.4960694],
     [21.6767898, 44.496105500000006], [21.6767913, 44.4961375],
     [21.6768021, 44.496168600000004], [21.6768217, 44.4961974],
     [21.6768493, 44.4962226], [21.6769427, 44.4962777],
     [21.677149200000002, 44.4963752],
     [21.678114800000003, 44.4968287], [21.6793781, 44.4975729],
     [21.6796839, 44.497735500000005],
     [21.6797724, 44.497787200000005],
     [21.679804200000003, 44.497809600000004], [21.6798314, 44.497835],
     [21.6798547, 44.497864400000005], [21.6798718, 44.4978958],
     [21.6798824, 44.4979287], [21.6799076, 44.498011600000005],
     [21.679940700000003, 44.498093100000006],
     [21.6799815, 44.498172700000005], [21.6800299, 44.4982501],
     [21.680098700000002, 44.498341100000005],
     [21.6801779, 44.498427500000005], [21.680267, 44.498509000000006],
     [21.6803652, 44.498584900000004],
     [21.6804993, 44.498650000000005],
     [21.680584900000003, 44.4986819],
     [21.680708300000003, 44.498727800000005],
     [21.6809222, 44.4987986], [21.6811404, 44.498862300000006],
     [21.6813371, 44.4989128], [21.6815366, 44.4989575],
     [21.6817385, 44.4989963],
     [21.682100600000002, 44.499069000000006],
     [21.6822325, 44.4991032], [21.6823614, 44.4991428],
     [21.682486800000003, 44.499187600000006],
     [21.6826338, 44.4992487],
     [21.682774400000003, 44.499317100000006],
     [21.6829079, 44.499392300000004],
     [21.682986500000002, 44.499496300000004],
     [21.6830532, 44.4996044], [21.6831076, 44.499716],
     [21.6831493, 44.4998304], [21.6831776, 44.499944],
     [21.683193300000003, 44.500058900000006],
     [21.6831964, 44.500174300000005],
     [21.683186900000003, 44.5002895], [21.683063500000003, 44.500588],
     [21.682913300000003, 44.5008902], [21.6829027, 44.5009251],
     [21.682903600000003, 44.5009608],
     [21.682916000000002, 44.5009954],
     [21.6829334, 44.501020700000005],
     [21.6829569, 44.501043200000005], [21.6829857, 44.5010624],
     [21.683205700000002, 44.5011561],
     [21.6835248, 44.501290100000006],
     [21.6835647, 44.501308900000005], [21.6835996, 44.5013322],
     [21.683628600000002, 44.501359400000005],
     [21.6836509, 44.5013895], [21.6836683, 44.501429900000005],
     [21.6836738, 44.501471900000006], [21.683667, 44.501513900000006],
     [21.683653600000003, 44.5015914],
     [21.6836518, 44.501669500000006],
     [21.6836616, 44.501747300000005],
     [21.683680300000002, 44.501816000000005],
     [21.6837081, 44.5018832], [21.683744800000003, 44.5019481],
     [21.683882500000003, 44.502048], [21.6840157, 44.502150900000004],
     [21.6841206, 44.502237], [21.6842222, 44.502325000000006],
     [21.6842554, 44.502361300000004],
     [21.6842815, 44.502400400000006], [21.6843, 44.502441700000006],
     [21.6843098, 44.5024789], [21.684313300000003, 44.5025167],
     [21.6843137, 44.5025357], [21.6843107, 44.5025546],
     [21.684300800000003, 44.5025807],
     [21.6842846, 44.502605200000005],
     [21.684262500000003, 44.5026273], [21.6841444, 44.5026693],
     [21.6840318, 44.5027095], [21.68401, 44.5027242],
     [21.683992800000002, 44.5027416], [21.6839808, 44.5027612],
     [21.6839742, 44.502784000000005], [21.6839748, 44.5028074],
     [21.683982500000003, 44.502830100000004],
     [21.6839969, 44.5028511],
     [21.684093500000003, 44.503004100000005],
     [21.684177700000003, 44.5031309], [21.6842651, 44.5032566],
     [21.684442200000003, 44.5034518],
     [21.6844913, 44.503507400000004], [21.6845326, 44.5035663],
     [21.6845655, 44.5036277], [21.684593600000003, 44.5037041],
     [21.6846089, 44.5037822], [21.6846111, 44.5038611],
     [21.684603600000003, 44.503933],
     [21.684584700000002, 44.504003700000005],
     [21.6845548, 44.5040725], [21.684521, 44.504128800000004],
     [21.6844797, 44.504182500000006], [21.6844314, 44.5042332],
     [21.6843678, 44.504288200000005], [21.6843134, 44.504348],
     [21.6842781, 44.504397100000006],
     [21.6842489, 44.504448200000006],
     [21.6842356, 44.504474200000004],
     [21.6842262, 44.504501000000005], [21.68422, 44.504548400000004],
     [21.684226300000002, 44.504595900000005], [21.684245, 44.5046416],
     [21.6842812, 44.504764], [21.684286800000002, 44.504814200000006],
     [21.6843013, 44.504863500000006], [21.684321, 44.504905],
     [21.6843471, 44.5049447], [21.6843791, 44.5049821],
     [21.684416900000002, 44.5050132],
     [21.684461000000002, 44.5050395],
     [21.684510600000003, 44.505060500000006],
     [21.6845575, 44.5050925],
     [21.684598400000002, 44.505128400000004],
     [21.684632500000003, 44.5051677], [21.6846594, 44.5052097],
     [21.6846801, 44.5052583], [21.684691, 44.505308400000004],
     [21.684692100000003, 44.5053591],
     [21.6846833, 44.505409500000006], [21.6846648, 44.5054584],
     [21.6844904, 44.5056803], [21.6842732, 44.5058601],
     [21.6842292, 44.505914700000005], [21.68419, 44.505971100000004],
     [21.6841502, 44.506039900000005], [21.6841176, 44.5061107],
     [21.684075200000002, 44.506218800000006],
     [21.684040800000002, 44.5063284],
     [21.684014700000002, 44.5064391],
     [21.6839969, 44.506550700000005],
     [21.683991000000002, 44.5066348],
     [21.6839915, 44.506719000000004], [21.6840774, 44.5068319],
     [21.6841565, 44.5068806], [21.6842276, 44.5069352],
     [21.684279, 44.506983600000005], [21.684324, 44.507035],
     [21.6843624, 44.5070892], [21.6843939, 44.5071456],
     [21.684517300000003, 44.507321600000004],
     [21.6845456, 44.507376900000004],
     [21.684579600000003, 44.507430500000005],
     [21.6846192, 44.5074823], [21.684670200000003, 44.5075379],
     [21.6847275, 44.507590300000004],
     [21.684790800000002, 44.507639100000006],
     [21.685003400000003, 44.5077821],
     [21.685039500000002, 44.5078149],
     [21.685068100000002, 44.507851300000006],
     [21.6850884, 44.5078904], [21.685100000000002, 44.5079313],
     [21.685102200000003, 44.507978300000005],
     [21.6850928, 44.5080249], [21.6850722, 44.5080697],
     [21.6850409, 44.5081111], [21.6849497, 44.508268],
     [21.6848907, 44.508382700000006],
     [21.684873200000002, 44.508416000000004],
     [21.6848624, 44.5084506],
     [21.684858600000002, 44.508486000000005],
     [21.6848625, 44.508525500000005], [21.6848752, 44.5085641],
     [21.684896100000003, 44.5086008],
     [21.685051700000002, 44.5087576], [21.6853735, 44.509014],
     [21.6854455, 44.5090486], [21.6855128, 44.509087900000004],
     [21.6855748, 44.509131200000006], [21.685631, 44.509178500000004],
     [21.685683100000002, 44.509231400000004], [21.685728, 44.5092877],
     [21.6857651, 44.5093468],
     [21.685798400000003, 44.509415000000004],
     [21.6858402, 44.509480700000005],
     [21.685896900000003, 44.5095505],
     [21.6859633, 44.509615700000005],
     [21.6860387, 44.509675800000004],
     [21.686109400000003, 44.5096944],
     [21.686177500000003, 44.5097174],
     [21.6862426, 44.509744600000005],
     [21.686321200000002, 44.5097856], [21.6863928, 44.5098326],
     [21.6864546, 44.5098849], [21.6865242, 44.5099321],
     [21.686610400000003, 44.509978100000005],
     [21.6867039, 44.5100162], [21.686880900000002, 44.5100526],
     [21.6870714, 44.5100947], [21.6872109, 44.510136700000004],
     [21.6873128, 44.5101807], [21.6873839, 44.510215200000005],
     [21.6874268, 44.5102295], [21.687493800000002, 44.5102429],
     [21.6875582, 44.5102477], [21.6877205, 44.510241],
     [21.6879002, 44.510237200000006],
     [21.688045000000002, 44.510243900000006],
     [21.6881483, 44.5102649], [21.688234100000003, 44.5102984],
     [21.6884608, 44.510398800000004],
     [21.688746400000003, 44.5105365],
     [21.688908700000002, 44.510611100000006],
     [21.689036100000003, 44.5106599], [21.6891742, 44.5106886],
     [21.689348600000002, 44.5107087],
     [21.6895484, 44.510734500000005],
     [21.6896731, 44.510766000000004],
     [21.689772400000003, 44.510801400000005],
     [21.689834100000002, 44.510839700000005],
     [21.6898944, 44.5108971], [21.6900164, 44.5109841],
     [21.6900808, 44.5110357],
     [21.690136900000002, 44.511092100000006],
     [21.6901841, 44.5111524], [21.6902168, 44.511206400000006],
     [21.690242400000002, 44.5112624], [21.6902605, 44.5113198],
     [21.6902949, 44.511382000000005], [21.6903383, 44.5114412],
     [21.690377100000003, 44.5114839],
     [21.690420500000002, 44.5115241], [21.6904684, 44.5115617],
     [21.6905864, 44.5116354],
     [21.691367600000003, 44.512137900000006],
     [21.6922742, 44.512658200000004],
     [21.692641700000003, 44.5129011], [21.6927999, 44.5129718],
     [21.6928515, 44.512992600000004]]}},
  {"type":"Feature",
   "properties":{},
   "geometry":
   {"type":"LineString",
    "coordinates":
    [[21.6728805, 44.4858544], [21.6729789, 44.4859431],
     [21.673199200000003, 44.4860893], [21.6735104, 44.4862321],
     [21.673741500000002, 44.4863409], [21.6741174, 44.4865608],
     [21.6744193, 44.486745400000004],
     [21.674565700000002, 44.4868608],
     [21.6748091, 44.487057500000006],
     [21.674980100000003, 44.487183900000005],
     [21.675303600000003, 44.487318], [21.6754408, 44.4873818],
     [21.6755162, 44.4874169], [21.6756132, 44.4875004],
     [21.675779600000002, 44.4876895], [21.6759212, 44.4878994],
     [21.676061, 44.4881784], [21.676067, 44.488192000000005],
     [21.676145700000003, 44.4883693], [21.676192, 44.4884738],
     [21.6763212, 44.488874], [21.676381300000003, 44.4892654],
     [21.6764645, 44.4896024],
     [21.676501700000003, 44.489857400000005],
     [21.6765353, 44.490299300000004], [21.6765401, 44.4905593],
     [21.676477700000003, 44.4908979],
     [21.6764134, 44.491504400000004], [21.6763678, 44.491912],
     [21.6763088, 44.492537600000006], [21.676231, 44.493266600000005],
     [21.676163900000002, 44.4935594],
     [21.676145100000003, 44.4938215], [21.6761491, 44.493848],
     [21.676168, 44.4939735], [21.6761814, 44.494065400000004],
     [21.6762024, 44.4941128], [21.676219, 44.494125800000006],
     [21.676245700000003, 44.4941467]]}},
  {"type":"Feature",
   "properties":{},
   "geometry":
   {"type":"LineString",
    "coordinates":
    [[21.6728805, 44.4858544], [21.672796, 44.4856963],
     [21.672717600000002, 44.485525], [21.6726084, 44.4852636],
     [21.6725423, 44.4851164], [21.6724505, 44.485024800000005],
     [21.672344900000002, 44.4849474], [21.6721469, 44.4848349],
     [21.672029400000003, 44.484729800000004],
     [21.671899800000002, 44.4845948],
     [21.6718504, 44.484487800000004], [21.671838, 44.4843683],
     [21.671875, 44.4841789], [21.6719119, 44.4839983],
     [21.6719271, 44.4838633], [21.6718978, 44.4837585],
     [21.6718739, 44.483699400000006],
     [21.671865, 44.483661100000006]]}},
  {"type":"Feature",
   "properties":{},
   "geometry":
   {"type":"LineString",
    "coordinates":
    [[21.671865, 44.483661100000006], [21.6717665, 44.483642200000006],
     [21.671689200000003, 44.4836291],
     [21.6715856, 44.483630600000005], [21.6715246, 44.483648],
     [21.671486, 44.4836741], [21.6714555, 44.483717600000006],
     [21.671418900000003, 44.4838582], [21.6713823, 44.483938],
     [21.67124, 44.484099], [21.671114000000003, 44.4841889],
     [21.671045200000002, 44.484236800000005]]}},
  {"type":"Feature",
   "properties":{},
   "geometry":
   {"type":"LineString",
    "coordinates":
    [[21.6680482, 44.4802267],
     [21.668129800000003, 44.480330300000006],
     [21.6682211, 44.4804412], [21.668287000000003, 44.4805349],
     [21.668321900000002, 44.4805877],
     [21.668362000000002, 44.4806996], [21.6684637, 44.4810013],
     [21.6684962, 44.481092600000004],
     [21.6685328, 44.481130300000004],
     [21.668658800000003, 44.4812406],
     [21.6687036, 44.481272600000004],
     [21.668925100000003, 44.4814306], [21.6691548, 44.4815843],
     [21.669307200000002, 44.4817206], [21.6693965, 44.4818129],
     [21.6694658, 44.4818845], [21.669604, 44.482049800000006],
     [21.6697057, 44.482203600000005],
     [21.6697768, 44.482342800000005], [21.6697951, 44.4824008],
     [21.6697951, 44.4824501], [21.6697707, 44.4825255],
     [21.6697662, 44.482536200000006],
     [21.6697077, 44.482673500000004], [21.6696345, 44.4828199],
     [21.669620300000002, 44.482851800000006],
     [21.6696142, 44.4828823], [21.6696142, 44.482907000000004],
     [21.669632500000002, 44.482934500000006],
     [21.6696646, 44.4829439],
     [21.669721900000003, 44.482960600000006],
     [21.6698601, 44.483001200000004], [21.669988200000002, 44.483065],
     [21.6701447, 44.4831738],
     [21.670390700000002, 44.483366700000005], [21.67047, 44.4834769],
     [21.6705328, 44.483577800000006],
     [21.670616300000002, 44.4837119],
     [21.670720000000003, 44.483852500000005],
     [21.670870400000002, 44.484173000000006],
     [21.670894800000003, 44.484202],
     [21.670923300000002, 44.484218000000006],
     [21.671045200000002, 44.484236800000005]]}},
  {"type":"Feature",
   "properties":{},
   "geometry":
   {"type":"LineString",
    "coordinates":
    [[21.6680482, 44.4802267], [21.6680113, 44.480103500000006],
     [21.6679578, 44.4799506],
     [21.667872600000003, 44.479799500000006],
     [21.6677971, 44.479663900000006],
     [21.6677313, 44.479493700000006],
     [21.6676967, 44.479422500000005], [21.6676842, 44.4793968],
     [21.667658300000003, 44.479343500000006]]}},
  {"type":"Feature",
   "properties":{},
   "geometry":
   {"type":"LineString",
    "coordinates":
    [[21.667658300000003, 44.479343500000006],
     [21.667786000000003, 44.4792944],
     [21.667894500000003, 44.4792198]]}},
  {"type":"Feature",
   "properties":{},
   "geometry":
   {"type":"LineString",
    "coordinates":
    [[21.6685641, 44.478554300000006],
     [21.668541700000002, 44.4785959], [21.668503, 44.478637600000006],
     [21.6680913, 44.4790268], [21.668051900000002, 44.479064],
     [21.667894500000003, 44.4792198]]}},
  {"type":"Feature",
   "properties":{},
   "geometry":
   {"type":"LineString",
    "coordinates":
    [[21.6679235, 44.4776108], [21.6681087, 44.477894400000004],
     [21.6681542, 44.4779641], [21.668237, 44.478068900000004],
     [21.6682533, 44.478091400000004],
     [21.668524100000003, 44.4784646], [21.668543, 44.4784907],
     [21.6685641, 44.478554300000006]]}},
  {"type":"Feature",
   "properties":{},
   "geometry":
   {"type":"LineString",
    "coordinates":
    [[21.6676201, 44.477146100000006],
     [21.667697500000003, 44.477264700000006],
     [21.6679235, 44.4776108]]}},
  {"type":"Feature",
   "properties":{},
   "geometry":
   {"type":"LineString",
    "coordinates":
    [[21.6674173, 44.4768568], [21.6674553, 44.476911],
     [21.6675717, 44.4770771], [21.6676201, 44.477146100000006]]}},
  {"type":"Feature",
   "properties":{},
   "geometry":
   {"type":"LineString",
    "coordinates":
    [[21.6666545, 44.475834600000006],
     [21.666939000000003, 44.4762159], [21.6674173, 44.4768568]]}},
  {"type":"Feature",
   "properties":{},
   "geometry":
   {"type":"LineString",
    "coordinates":
    [[21.666166200000003, 44.4752108],
     [21.6666545, 44.475834600000006]]}},
  {"type":"Feature",
   "properties":{},
   "geometry":
   {"type":"LineString",
    "coordinates":
    [[21.661191300000002, 44.462671900000004],
     [21.6620868, 44.464269300000005], [21.6625002, 44.4650326],
     [21.663012700000003, 44.465987500000004],
     [21.663251600000002, 44.4664048],
     [21.663300200000002, 44.4665375], [21.6633123, 44.4666141],
     [21.6633183, 44.466794900000004],
     [21.663310900000003, 44.4671546],
     [21.6631398, 44.468430100000006], [21.6630457, 44.4692219],
     [21.663048800000002, 44.4694291], [21.663075900000003, 44.46958],
     [21.663110800000002, 44.469688700000006],
     [21.6631232, 44.469727500000005], [21.6637308, 44.4708916],
     [21.6641936, 44.4717965], [21.664472, 44.47236],
     [21.6648555, 44.4731417], [21.6652142, 44.4738015],
     [21.6654421, 44.474142900000004],
     [21.665558700000002, 44.4743404], [21.6656315, 44.4744505],
     [21.666166200000003, 44.4752108]]}},
  {"type":"Feature",
   "properties":{},
   "geometry":
   {"type":"LineString",
    "coordinates":
    [[21.657692500000003, 44.456251800000004],
     [21.6579756, 44.4567817], [21.6580806, 44.456974900000006],
     [21.6589014, 44.4584855], [21.6590972, 44.4588459],
     [21.6599559, 44.460392600000006],
     [21.6599635, 44.460406500000005], [21.6605378, 44.4614612],
     [21.6607883, 44.4619213], [21.660889400000002, 44.4620991],
     [21.661191300000002, 44.462671900000004]]}},
  {"type":"Feature",
   "properties":{},
   "geometry":
   {"type":"LineString",
    "coordinates":
    [[21.657642900000003, 44.456158800000004],
     [21.657692500000003, 44.456251800000004]]}},
  {"type":"Feature",
   "properties":{},
   "geometry":
   {"type":"LineString",
    "coordinates":
    [[21.6568636, 44.4547],
     [21.657642900000003, 44.456158800000004]]}},
  {"type":"Feature",
   "properties":{},
   "geometry":
   {"type":"LineString",
    "coordinates":[[21.6563018, 44.4537044], [21.6568636, 44.4547]]}},
  {"type":"Feature",
   "properties":{},
   "geometry":
   {"type":"LineString",
    "coordinates":
    [[21.656260900000003, 44.453624700000006],
     [21.6563018, 44.4537044]]}},
  {"type":"Feature",
   "properties":{},
   "geometry":
   {"type":"LineString",
    "coordinates":
    [[21.6537316, 44.450501300000006],
     [21.6537948, 44.450541900000005], [21.6546398, 44.4513496],
     [21.6547987, 44.451568900000005],
     [21.6550042, 44.451834600000005], [21.6551002, 44.4520205],
     [21.655204100000002, 44.452144000000004],
     [21.655484400000002, 44.4524203],
     [21.6556205, 44.452531400000005],
     [21.655708200000003, 44.4526295],
     [21.6558861, 44.452895000000005],
     [21.656260900000003, 44.453624700000006]]}},
  {"type":"Feature",
   "properties":{},
   "geometry":
   {"type":"LineString",
    "coordinates":
    [[21.6537316, 44.450501300000006],
     [21.6535523, 44.450229400000005],
     [21.6534924, 44.450121200000005], [21.6534476, 44.4500353],
     [21.6534242, 44.4499818], [21.6532844, 44.4497173],
     [21.6532443, 44.449644], [21.6531983, 44.449586700000005],
     [21.6531236, 44.449519], [21.6529251, 44.4493784],
     [21.6526853, 44.4492373], [21.6524676, 44.449121600000005]]}},
  {"type":"Feature",
   "properties":{},
   "geometry":
   {"type":"LineString",
    "coordinates":
    [[21.6524676, 44.449121600000005],
     [21.652328200000003, 44.449039500000005]]}},
  {"type":"Feature",
   "properties":{},
   "geometry":
   {"type":"LineString",
    "coordinates":
    [[21.652328200000003, 44.449039500000005],
     [21.6522028, 44.4489796], [21.6521069, 44.4489512],
     [21.651825300000002, 44.4488733], [21.6517756, 44.4488648],
     [21.6516096, 44.4488131], [21.6515157, 44.4487703],
     [21.651282300000002, 44.4486215],
     [21.6511448, 44.448556200000006],
     [21.651048600000003, 44.4485204],
     [21.650882600000003, 44.4484779], [21.6506392, 44.4484293],
     [21.650488900000003, 44.4484031],
     [21.6499825, 44.448311000000004], [21.6495099, 44.4481971],
     [21.649296800000002, 44.448136500000004],
     [21.6488096, 44.4479978], [21.6487629, 44.447984500000004],
     [21.648667900000003, 44.447944], [21.648548700000003, 44.44789],
     [21.6482151, 44.4477026], [21.648020000000002, 44.4476053],
     [21.6478265, 44.4475299], [21.6477015, 44.4474967],
     [21.64739, 44.4474308], [21.6473093, 44.4474104],
     [21.6472489, 44.4473848],
     [21.646944400000002, 44.447148600000006],
     [21.6467007, 44.446974000000004],
     [21.646610000000003, 44.446931600000006], [21.6465089, 44.446904],
     [21.6463228, 44.4468892], [21.6461599, 44.446878700000006],
     [21.645750800000002, 44.4468673], [21.6453042, 44.4468404],
     [21.6451661, 44.446824], [21.6450669, 44.446801900000004],
     [21.6446431, 44.446661000000006], [21.644224700000002, 44.446584],
     [21.643854100000002, 44.4465002],
     [21.6437731, 44.446458500000006],
     [21.643699700000003, 44.4464039], [21.6436065, 44.4462774],
     [21.643383, 44.4459661], [21.6432988, 44.4458244],
     [21.6431904, 44.4455572], [21.6431335, 44.4454659],
     [21.643039400000003, 44.4453753], [21.6429642, 44.4453108],
     [21.642881000000003, 44.4452628],
     [21.6428085, 44.445232000000004],
     [21.6426236, 44.445186400000004], [21.6423099, 44.4451322],
     [21.6418152, 44.4450483], [21.641704100000002, 44.4450237],
     [21.6415244, 44.444949], [21.6413769, 44.4448991],
     [21.6412428, 44.4448741], [21.6410874, 44.4448681],
     [21.640969600000002, 44.4448829], [21.6408251, 44.4449163],
     [21.6406624, 44.444923900000006],
     [21.6403234, 44.444914000000004]]}},
  {"type":"Feature",
   "properties":{},
   "geometry":
   {"type":"LineString",
    "coordinates":
    [[21.6403234, 44.444914000000004], [21.6400182, 44.4451805],
     [21.639722600000002, 44.4453599],
     [21.6391314, 44.445497100000004],
     [21.638909700000003, 44.4457187],
     [21.638377600000002, 44.445887500000005],
     [21.637993400000003, 44.4459825],
     [21.6375056, 44.445855900000005], [21.6368553, 44.4455815],
     [21.6362789, 44.445444300000005],
     [21.6357763, 44.445381000000005], [21.635259, 44.445412700000006],
     [21.634978200000003, 44.4455077],
     [21.634638300000002, 44.445644800000004],
     [21.633854900000003, 44.4456976], [21.633382, 44.4456343],
     [21.6327316, 44.445919200000006], [21.6323326, 44.4460141],
     [21.631120600000003, 44.4459825], [21.6302929, 44.4459614],
     [21.6299086, 44.445855900000005], [21.6295539, 44.4454021],
     [21.6290662, 44.4448956], [21.6287558, 44.4445369],
     [21.6282533, 44.444220300000005],
     [21.6278542, 44.443956500000006], [21.6275438, 44.4437982],
     [21.6272778, 44.4437033], [21.6269083, 44.443355100000005],
     [21.626391, 44.443006800000006],
     [21.626376200000003, 44.442637500000004],
     [21.626538800000002, 44.4422365], [21.6265535, 44.441941],
     [21.626331800000003, 44.441635000000005],
     [21.6260806, 44.4413184], [21.6260215, 44.4408752],
     [21.626268200000002, 44.4400613],
     [21.626376800000003, 44.439493600000006],
     [21.626503600000003, 44.438124900000005]]}},
  {"type":"Feature",
   "properties":{},
   "geometry":
   {"type":"LineString",
    "coordinates":
    [[21.626503600000003, 44.438124900000005],
     [21.6266369, 44.4378247], [21.6267868, 44.437355600000004],
     [21.6269482, 44.4372239], [21.6272825, 44.436869900000005],
     [21.6275246, 44.436672400000006], [21.627686, 44.436516000000005],
     [21.627997200000003, 44.436195000000005],
     [21.6282047, 44.4359316], [21.6284007, 44.4357011],
     [21.628550500000003, 44.435536500000005],
     [21.6287811, 44.4353801], [21.6289771, 44.435355400000006],
     [21.6292307, 44.435446000000006],
     [21.629541900000003, 44.4355859], [21.6300837, 44.4357094],
     [21.630556300000002, 44.4357917], [21.6307523, 44.4357423],
     [21.6309137, 44.4355118], [21.6311673, 44.435322500000005],
     [21.631409400000003, 44.435092000000004],
     [21.631697600000003, 44.434696900000006], [21.632078, 44.4344747],
     [21.6323085, 44.4344088], [21.632493, 44.4343924],
     [21.6326198, 44.4343347], [21.6326198, 44.4341701],
     [21.6326429, 44.4339972], [21.6325934, 44.433753100000004],
     [21.6325934, 44.4336823],
     [21.632661600000002, 44.433607200000004]]}},
  {"type":"Feature",
   "properties":{},
   "geometry":
   {"type":"LineString",
    "coordinates":
    [[21.632661600000002, 44.433607200000004],
     [21.632633900000002, 44.433416300000005],
     [21.6325287, 44.433206000000006], [21.6324165, 44.4330458],
     [21.6322693, 44.432945600000004],
     [21.632122000000003, 44.432775400000004],
     [21.6320799, 44.4326402], [21.6320449, 44.4324499],
     [21.6320449, 44.4321494], [21.632023800000002, 44.4319241],
     [21.631974800000002, 44.4317939],
     [21.632023800000002, 44.431693800000005]]}},
  {"type":"Feature",
   "properties":{},
   "geometry":
   {"type":"LineString",
    "coordinates":
    [[21.632023800000002, 44.431693800000005],
     [21.6320869, 44.431498500000004],
     [21.6320449, 44.431293200000006],
     [21.632094000000002, 44.4310227], [21.6321851, 44.4309026],
     [21.632353400000003, 44.430717300000005], [21.632697, 44.4303267],
     [21.6327812, 44.430126400000006],
     [21.632851300000002, 44.4296006], [21.6328864, 44.4293302],
     [21.6327952, 44.428914500000005],
     [21.632760100000002, 44.4287343],
     [21.632866800000002, 44.428313900000006],
     [21.632929700000002, 44.4280185],
     [21.632947700000003, 44.427832300000006],
     [21.6329657, 44.4276654],
     [21.633073500000002, 44.427222300000004],
     [21.6330196, 44.427004000000004],
     [21.632965600000002, 44.4268112],
     [21.632929700000002, 44.426683000000004],
     [21.632776800000002, 44.4264839],
     [21.6323723, 44.426111500000005],
     [21.6322823, 44.425938200000004]]}},
  {"type":"Feature",
   "properties":{},
   "geometry":
   {"type":"LineString",
    "coordinates":
    [[21.6322823, 44.425938200000004], [21.6322441, 44.4258873],
     [21.6320845, 44.425674900000004],
     [21.632147500000002, 44.425469400000004],
     [21.6323183, 44.4252704], [21.6327229, 44.4249236],
     [21.6329117, 44.424724600000005],
     [21.6331095, 44.424564100000005], [21.6333343, 44.4242944],
     [21.6333702, 44.4241274], [21.6335501, 44.424024700000004],
     [21.6337838, 44.423922000000005], [21.6338827, 44.4238834],
     [21.6340176, 44.4237357], [21.633837800000002, 44.4235945],
     [21.6337569, 44.4235046], [21.6338468, 44.423363300000005],
     [21.6338198, 44.4231835], [21.6338288, 44.4229909],
     [21.633855800000003, 44.4228175],
     [21.6340805, 44.422734000000005],
     [21.634296300000003, 44.422631300000006],
     [21.6344582, 44.4224386], [21.634584, 44.422291],
     [21.634673900000003, 44.4219121], [21.634656, 44.4217323],
     [21.6347638, 44.4216745],
     [21.634934700000002, 44.421680900000005],
     [21.635204400000003, 44.4216873], [21.6353033, 44.4217965],
     [21.635752800000002, 44.422246], [21.636013600000002, 44.4224708],
     [21.636220400000003, 44.422502900000005],
     [21.6367149, 44.422387300000004], [21.6370116, 44.4222332],
     [21.638207400000002, 44.422034100000005],
     [21.6382793, 44.421963500000004],
     [21.638288300000003, 44.4217323], [21.6378567, 44.4208076],
     [21.6374844, 44.420480000000005], [21.6369542, 44.420019],
     [21.6367467, 44.4198296], [21.636354700000002, 44.4195744],
     [21.635836, 44.4191627], [21.6354671, 44.418940400000004],
     [21.6352827, 44.418578100000005], [21.6349822, 44.4179807],
     [21.6349205, 44.4178763], [21.6348635, 44.417812100000006],
     [21.63482, 44.4177996], [21.6347492, 44.417795500000004],
     [21.6343028, 44.4178957], [21.634171700000003, 44.4179065],
     [21.6340776, 44.417894600000004],
     [21.633918700000002, 44.4178578],
     [21.6337024, 44.417827300000006],
     [21.6336233, 44.417827300000006],
     [21.633419500000002, 44.417852100000005],
     [21.633161400000002, 44.417897100000005],
     [21.633005, 44.417880600000004], [21.6328727, 44.417837000000006],
     [21.632780800000003, 44.4177764],
     [21.632736400000002, 44.4177193],
     [21.632731900000003, 44.417692300000006],
     [21.632725100000002, 44.417636800000004],
     [21.6327439, 44.4175745], [21.6328499, 44.41745],
     [21.6329518, 44.417349400000006], [21.6330658, 44.4172546],
     [21.6331449, 44.4171933], [21.633161, 44.4171521],
     [21.633161, 44.4171119]]}},
  {"type":"Feature",
   "properties":{},
   "geometry":
   {"type":"LineString",
    "coordinates":
    [[21.6347869, 44.416758800000004], [21.6346433, 44.4168023],
     [21.6339764, 44.416926000000004],
     [21.6336707, 44.416979600000005], [21.6334145, 44.417039],
     [21.6332562, 44.4170888], [21.633161, 44.4171119]]}},
  {"type":"Feature",
   "properties":{},
   "geometry":
   {"type":"LineString",
    "coordinates":
    [[21.6279927, 44.4109673],
     [21.628402400000002, 44.411721400000005],
     [21.628551, 44.412226800000006], [21.6286361, 44.4124227],
     [21.6287834, 44.4126052], [21.6294024, 44.4130449],
     [21.6301247, 44.413445800000005], [21.6303018, 44.4135186],
     [21.6305485, 44.413578], [21.6308972, 44.4136547],
     [21.631491800000003, 44.4137539], [21.632206, 44.4137986],
     [21.6324198, 44.4138619],
     [21.632536400000003, 44.413901200000005],
     [21.6327135, 44.414025800000005], [21.6329341, 44.4141348],
     [21.6332393, 44.414403500000006], [21.6335669, 44.414951],
     [21.6336099, 44.415441400000006], [21.6342412, 44.4162851],
     [21.6345715, 44.416674300000004], [21.6346609, 44.4167147],
     [21.6347869, 44.416758800000004]]}},
  {"type":"Feature",
   "properties":{},
   "geometry":
   {"type":"LineString",
    "coordinates":
    [[21.6279927, 44.4109673], [21.6280821, 44.410703100000006],
     [21.628260100000002, 44.4104843], [21.6289896, 44.4099324],
     [21.62929, 44.4091047]]}},
  {"type":"Feature",
   "properties":{},
   "geometry":
   {"type":"LineString",
    "coordinates":
    [[21.62929, 44.4091047], [21.629182800000002, 44.4081697],
     [21.6288814, 44.407728000000006],
     [21.6285174, 44.407375800000004],
     [21.6282482, 44.406948400000005],
     [21.627763700000003, 44.406511300000005],
     [21.627241700000003, 44.406136700000005],
     [21.6267138, 44.4057569], [21.6248054, 44.4046899],
     [21.623942600000003, 44.4043323],
     [21.623067300000002, 44.4038314], [21.622724, 44.4034865],
     [21.6225442, 44.4031857], [21.6224607, 44.4023071],
     [21.6224148, 44.40133], [21.622387800000002, 44.4010394],
     [21.622462000000002, 44.4004106], [21.6224986, 44.3997819],
     [21.6224357, 44.3992118], [21.621973, 44.396978600000004],
     [21.621764600000002, 44.3966496],
     [21.6216541, 44.396404600000004], [21.62163, 44.396232000000005],
     [21.6217264, 44.396112], [21.6218742, 44.396038700000005],
     [21.6220094, 44.3959953], [21.6221633, 44.3959653],
     [21.6224831, 44.3958254], [21.623436400000003, 44.3953956],
     [21.623624200000002, 44.3951985], [21.6239685, 44.3943108],
     [21.6238183, 44.3928389], [21.623975400000003, 44.3924511],
     [21.624317100000003, 44.3921319],
     [21.6246337, 44.391964900000005],
     [21.6247845, 44.391918600000004], [21.6252725, 44.3918836],
     [21.6255042, 44.391837], [21.6257206, 44.3917658],
     [21.6258017, 44.3917106], [21.6258275, 44.391638900000004],
     [21.6258041, 44.3915765], [21.6257376, 44.3914443],
     [21.6256501, 44.3913505], [21.6255013, 44.3912546],
     [21.6253923, 44.391182], [21.625372900000002, 44.391136800000005],
     [21.6253753, 44.391076000000005],
     [21.625419100000002, 44.3910348], [21.6255723, 44.39097],
     [21.6257619, 44.3909353], [21.6260511, 44.3908908],
     [21.626194700000003, 44.390843200000006],
     [21.626306500000002, 44.390759800000005],
     [21.626457600000002, 44.3905849]]}},
  {"type":"Feature",
   "properties":{},
   "geometry":
   {"type":"LineString",
    "coordinates":
    [[21.626457600000002, 44.3905849],
     [21.627814800000003, 44.3913803],
     [21.628351300000002, 44.3919553],
     [21.6291774, 44.392419100000005],
     [21.6292954, 44.392745000000005],
     [21.629467100000003, 44.392882900000004],
     [21.6296548, 44.392921300000005],
     [21.6299874, 44.392898300000006], [21.6303844, 44.3927296],
     [21.6306991, 44.3927459]]}},
  {"type":"Feature",
   "properties":{},
   "geometry":
   {"type":"LineString",
    "coordinates":
    [[21.637994900000002, 44.383725000000005], [21.6379574, 44.38374],
     [21.637916, 44.3837707], [21.637892800000003, 44.383803],
     [21.6378701, 44.3838457], [21.637862400000003, 44.3838972],
     [21.637894600000003, 44.3843611],
     [21.637855100000003, 44.384555600000006],
     [21.6377339, 44.384711800000005],
     [21.6370094, 44.385476700000005], [21.6357864, 44.3869412],
     [21.635260600000002, 44.3874587],
     [21.635126500000002, 44.387761600000005],
     [21.6351051, 44.3880874], [21.635089, 44.3882101],
     [21.6345579, 44.3895556], [21.6345472, 44.3898546],
     [21.6346384, 44.389988800000005], [21.6348422, 44.390169],
     [21.6348476, 44.3902878], [21.6347725, 44.3904105],
     [21.6346491, 44.390468000000006],
     [21.6344935, 44.390456500000006],
     [21.6343111, 44.390276300000004], [21.6340751, 44.3900425],
     [21.6339571, 44.390015600000005],
     [21.6337747, 44.390027100000005],
     [21.633656700000003, 44.390115300000005],
     [21.6336084, 44.390291600000005],
     [21.633737200000002, 44.390732500000006],
     [21.6337157, 44.3909395], [21.6335601, 44.391146500000005],
     [21.6333509, 44.3913841], [21.6324121, 44.391978300000005],
     [21.6312159, 44.392369300000006],
     [21.6308994, 44.392545600000005], [21.6306991, 44.3927459]]}},
  {"type":"Feature",
   "properties":{},
   "geometry":
   {"type":"LineString",
    "coordinates":
    [[21.6386617, 44.378008300000005],
     [21.6387797, 44.378410800000005], [21.639064, 44.3786332],
     [21.639241000000002, 44.378863300000006],
     [21.639253800000002, 44.379093600000004],
     [21.6392282, 44.3791944], [21.6389804, 44.3795866],
     [21.6389941, 44.379905], [21.638983600000003, 44.3800825],
     [21.6388816, 44.380554100000005],
     [21.6386553, 44.380953600000005], [21.638579200000002, 44.381259],
     [21.638592000000003, 44.381582800000004],
     [21.6386396, 44.381831500000004],
     [21.6387475, 44.382172000000004], [21.6397614, 44.3838091],
     [21.6400584, 44.3842676], [21.640180800000003, 44.3845025],
     [21.640254600000002, 44.384683],
     [21.640278000000002, 44.384836500000006],
     [21.6402177, 44.385039500000005],
     [21.639922300000002, 44.385913800000004],
     [21.6397514, 44.386310300000005], [21.6397282, 44.3863846],
     [21.6397122, 44.386426400000005], [21.6396918, 44.3864588],
     [21.639667300000003, 44.3864819], [21.6396413, 44.3864977],
     [21.6396035, 44.386513400000005],
     [21.6395628, 44.386516500000006], [21.6395142, 44.3865124],
     [21.639471500000003, 44.3864978],
     [21.639441700000003, 44.3864795], [21.6394133, 44.386456],
     [21.6393653, 44.386398400000004],
     [21.639288500000003, 44.3863025],
     [21.639188400000002, 44.3861281], [21.639129, 44.3860089],
     [21.639087200000002, 44.3858897],
     [21.6390566, 44.385742500000006], [21.6389186, 44.3847905],
     [21.6389177, 44.384668000000005],
     [21.638867400000002, 44.3845455], [21.6385858, 44.3840048],
     [21.6385276, 44.3839279], [21.6384648, 44.3838675],
     [21.6383647, 44.383797400000006],
     [21.638294300000002, 44.383755400000005],
     [21.638204400000003, 44.383724400000006], [21.638137, 44.383713],
     [21.6380674, 44.3837089],
     [21.637994900000002, 44.383725000000005]]}},
  {"type":"Feature",
   "properties":{},
   "geometry":
   {"type":"LineString",
    "coordinates":
    [[21.636746600000002, 44.3755773], [21.637047000000003, 44.376026],
     [21.6375198, 44.3764242],
     [21.637637100000003, 44.376769800000005],
     [21.637731600000002, 44.3770005],
     [21.6377819, 44.377057400000005], [21.6378387, 44.3771031],
     [21.637923, 44.3771488], [21.6380395, 44.3771946],
     [21.638211100000003, 44.377233700000005],
     [21.638470400000003, 44.377256900000006],
     [21.638726100000003, 44.377279800000004],
     [21.6387958, 44.3773143], [21.6388329, 44.3773593],
     [21.6388494, 44.377410100000006],
     [21.6386617, 44.378008300000005]]}},
  {"type":"Feature",
   "properties":{},
   "geometry":
   {"type":"LineString",
    "coordinates":
    [[21.636746600000002, 44.3755773],
     [21.636571200000002, 44.3754852], [21.636362000000002, 44.375374],
     [21.6360025, 44.3752896], [21.6356968, 44.3752052],
     [21.635310500000003, 44.375258900000006], [21.6350745, 44.375489],
     [21.634870600000003, 44.375730600000004],
     [21.6346507, 44.3759491], [21.6344469, 44.376171500000005],
     [21.634312700000002, 44.3763747], [21.6342055, 44.3766316],
     [21.634103500000002, 44.3768923], [21.6339694, 44.3771569],
     [21.6338729, 44.377433], [21.6338139, 44.3777014],
     [21.6338836, 44.377973600000004], [21.6339158, 44.3782458],
     [21.633948, 44.378495], [21.6338246, 44.3786484],
     [21.6334759, 44.3787366], [21.633014000000003, 44.378849],
     [21.632816100000003, 44.3788708],
     [21.6325748, 44.378852800000004],
     [21.632354300000003, 44.3787899]]}},
  {"type":"Feature",
   "properties":{},
   "geometry":
   {"type":"LineString",
    "coordinates":
    [[21.632354300000003, 44.3787899],
     [21.6321723, 44.378702100000005],
     [21.632038100000003, 44.3786539],
     [21.6319866, 44.378596200000004],
     [21.631956600000002, 44.3785165],
     [21.631942600000002, 44.378443600000004],
     [21.6318573, 44.378411500000006], [21.631772, 44.3784367],
     [21.6317226, 44.378514100000004],
     [21.6316425, 44.378608500000006], [21.6315023, 44.3786962],
     [21.6313698, 44.378718], [21.6312979, 44.3786791],
     [21.6312733, 44.3786044],
     [21.631320000000002, 44.378428400000004],
     [21.631299300000002, 44.378308000000004],
     [21.6312606, 44.3781836], [21.631241300000003, 44.3780091],
     [21.6311788, 44.3778985],
     [21.630997100000002, 44.377724900000004],
     [21.6308413, 44.3775047], [21.6308259, 44.3773946],
     [21.6309171, 44.3772796], [21.631045800000003, 44.3771646],
     [21.6310995, 44.3769882],
     [21.631255000000003, 44.376785000000005],
     [21.631340700000003, 44.376670100000005],
     [21.6315399, 44.376544700000004], [21.6316209, 44.3764411],
     [21.6316972, 44.3762963], [21.6317692, 44.376230500000005],
     [21.6319522, 44.376133800000005],
     [21.6321164, 44.376018800000004],
     [21.632397700000002, 44.3758993],
     [21.6326587, 44.375748200000004],
     [21.6328353, 44.375550800000006], [21.6329341, 44.3754046],
     [21.632939500000003, 44.375281900000004]]}},
  {"type":"Feature",
   "properties":{},
   "geometry":
   {"type":"LineString",
    "coordinates":
    [[21.632939500000003, 44.375281900000004],
     [21.6330832, 44.375128200000006],
     [21.633139500000002, 44.374976800000006],
     [21.6331154, 44.374798500000004], [21.633094, 44.374562600000004],
     [21.6330001, 44.374415000000006],
     [21.632910000000003, 44.374267700000004]]}},
  {"type":"Feature",
   "properties":{},
   "geometry":
   {"type":"LineString",
    "coordinates":
    [[21.632910000000003, 44.374267700000004],
     [21.6331326, 44.374231300000005],
     [21.633422300000003, 44.3741776], [21.633669, 44.374147],
     [21.6337388, 44.3739744], [21.6337441, 44.3737482],
     [21.6337066, 44.3735104], [21.6336315, 44.3732344],
     [21.63361, 44.3729851], [21.6336476, 44.372831700000006],
     [21.6335939, 44.3727129], [21.6334383, 44.3726132],
     [21.6333096, 44.3723486], [21.6332023, 44.372064800000004],
     [21.633105800000003, 44.3717235],
     [21.6330682, 44.371466600000005], [21.633036, 44.3710985],
     [21.6329877, 44.3708608],
     [21.632923400000003, 44.370592300000006],
     [21.6328885, 44.3704466]]}},
  {"type":"Feature",
   "properties":{},
   "geometry":
   {"type":"LineString",
    "coordinates":
    [[21.6328885, 44.3704466],
     [21.632848300000003, 44.370013300000004],
     [21.632977, 44.369714200000004], [21.6331916, 44.369453400000005],
     [21.6334008, 44.369154300000005], [21.6335725, 44.3688859],
     [21.6336583, 44.368690300000004], [21.6336154, 44.3685829],
     [21.6337087, 44.3685221], [21.6337978, 44.368464100000004],
     [21.6339909, 44.3682838], [21.6342323, 44.3680001],
     [21.634420000000002, 44.367727800000004],
     [21.6345171, 44.3675146], [21.6345408, 44.367255],
     [21.634489300000002, 44.367063200000004],
     [21.6343804, 44.366873000000005],
     [21.634155500000002, 44.3666782],
     [21.633888900000002, 44.3665363], [21.6337066, 44.3664086],
     [21.633565, 44.3662617], [21.6334869, 44.3660927],
     [21.633534400000002, 44.3659307],
     [21.633618600000002, 44.3657267], [21.6337431, 44.3651795],
     [21.633847600000003, 44.365023400000005],
     [21.634127200000002, 44.3648381], [21.6343074, 44.3646606],
     [21.634421500000002, 44.3645362]]}},
  {"type":"Feature",
   "properties":{},
   "geometry":
   {"type":"LineString",
    "coordinates":
    [[21.634421500000002, 44.3645362],
     [21.634372900000002, 44.3644502], [21.6342871, 44.3642454],
     [21.634191100000002, 44.3639383],
     [21.634126900000002, 44.3636763], [21.634047000000002, 44.363467],
     [21.6340118, 44.363291800000006],
     [21.634072500000002, 44.3630384], [21.6340565, 44.3629298]]}},
  {"type":"Feature",
   "properties":{},
   "geometry":
   {"type":"LineString",
    "coordinates":
    [[21.6340565, 44.3629298], [21.633968300000003, 44.3628852],
     [21.6337119, 44.362865], [21.633528100000003, 44.362864],
     [21.633308300000003, 44.3627867], [21.6331226, 44.3626834],
     [21.632891200000003, 44.3625313],
     [21.6327333, 44.362365600000004],
     [21.632665900000003, 44.3622092],
     [21.6324882, 44.361972800000004],
     [21.632408400000003, 44.361837200000004],
     [21.632397700000002, 44.3615955], [21.632404, 44.3613859],
     [21.632391900000002, 44.361186000000004],
     [21.6323897, 44.360951500000006],
     [21.6324459, 44.360794000000006],
     [21.632606900000003, 44.3606214], [21.6326018, 44.3605256],
     [21.632426600000002, 44.3602962],
     [21.6322528, 44.360145800000005],
     [21.6320748, 44.360047200000004],
     [21.631792500000003, 44.3599893],
     [21.6315984, 44.359919500000004], [21.6312672, 44.3598853],
     [21.631094100000002, 44.359723900000006],
     [21.631019000000002, 44.359570500000004],
     [21.630921200000003, 44.359390000000005],
     [21.6309267, 44.3591368], [21.630778900000003, 44.35878]]}},
  {"type":"Feature",
   "properties":{},
   "geometry":
   {"type":"LineString",
    "coordinates":
    [[21.630778900000003, 44.35878], [21.6304562, 44.359152],
     [21.6301661, 44.359248400000006], [21.6299944, 44.3590565],
     [21.629812, 44.3588916], [21.629731500000002, 44.358738200000005],
     [21.6295317, 44.3585276]]}},
  {"type":"Feature",
   "properties":{},
   "geometry":
   {"type":"LineString",
    "coordinates":
    [[21.6295317, 44.3585276],
     [21.629772900000003, 44.358523600000005],
     [21.6300829, 44.358433600000005],
     [21.6304124, 44.358453100000006],
     [21.630596200000003, 44.3584715],
     [21.6307364, 44.358520500000004],
     [21.630974700000003, 44.3582553],
     [21.631098100000003, 44.3580636],
     [21.6311678, 44.357948500000006],
     [21.631403900000002, 44.357894800000004],
     [21.6317418, 44.357860300000006], [21.6319242, 44.3578641],
     [21.6320798, 44.357821900000005],
     [21.6321763, 44.357733700000004],
     [21.6322246, 44.357584100000004],
     [21.6322568, 44.357384700000004], [21.6322836, 44.3572696],
     [21.6323158, 44.357212100000005], [21.6324285, 44.3571315],
     [21.6326752, 44.357143], [21.6329542, 44.357146900000004],
     [21.6331527, 44.3570587], [21.6333136, 44.356924400000004],
     [21.6335765, 44.356874600000005]]}},
  {"type":"Feature",
   "properties":{},
   "geometry":
   {"type":"LineString",
    "coordinates":
    [[21.6335765, 44.356874600000005], [21.6335446, 44.3564251],
     [21.633533800000002, 44.355784500000006],
     [21.6334802, 44.355236000000005],
     [21.633383600000002, 44.3548294],
     [21.633442600000002, 44.354277100000004],
     [21.6334373, 44.353966400000004],
     [21.633651800000003, 44.353433200000005],
     [21.634156100000002, 44.3529077], [21.6344458, 44.3526431],
     [21.6345692, 44.352439800000006],
     [21.634612100000002, 44.352014000000004],
     [21.6346443, 44.3513542], [21.6345692, 44.3511279],
     [21.634263400000002, 44.350859400000004],
     [21.633791300000002, 44.350698300000005],
     [21.632697, 44.350226400000004], [21.6324824, 44.350096],
     [21.6320315, 44.3496211]]}},
  {"type":"Feature",
   "properties":{},
   "geometry":
   {"type":"LineString",
    "coordinates":
    [[21.6320315, 44.3496211], [21.6317686, 44.349567400000005],
     [21.6315594, 44.3494485],
     [21.631339500000003, 44.349318000000004],
     [21.631189300000003, 44.349183800000006],
     [21.6311517, 44.3490035], [21.631146400000002, 44.348804],
     [21.6312268, 44.348635200000004],
     [21.6312268, 44.348412700000004],
     [21.631178600000002, 44.348178700000005],
     [21.631173200000003, 44.3479754],
     [21.631173200000003, 44.347779800000005],
     [21.631049800000003, 44.3476647], [21.6307709, 44.3476378],
     [21.630508000000003, 44.347584100000006],
     [21.6302559, 44.347446000000005],
     [21.6299394, 44.347357800000005],
     [21.629740700000003, 44.3473288]]}},
  {"type":"Feature",
   "properties":{},
   "geometry":
   {"type":"LineString",
    "coordinates":
    [[21.6278678, 44.346647100000006],
     [21.6282812, 44.346697000000006],
     [21.629740700000003, 44.3473288]]}},
  {"type":"Feature",
   "properties":{},
   "geometry":
   {"type":"LineString",
    "coordinates":
    [[21.6278678, 44.346647100000006],
     [21.6277361, 44.346768100000006], [21.6274735, 44.3469175],
     [21.626825200000003, 44.346879900000005], [21.6261991, 44.346808],
     [21.6257512, 44.3467427], [21.6250885, 44.3469028],
     [21.624343600000003, 44.346974700000004],
     [21.623479800000002, 44.347036800000005],
     [21.6227166, 44.3472002], [21.621816300000003, 44.3473375],
     [21.6210348, 44.3473277], [21.6201984, 44.347036800000005],
     [21.619343800000003, 44.346755800000004],
     [21.6185805, 44.3464485], [21.6179773, 44.3461348],
     [21.6175746, 44.3458867]]}},
  {"type":"Feature",
   "properties":{},
   "geometry":
   {"type":"LineString",
    "coordinates":
    [[21.6175746, 44.3458867],
     [21.617542500000003, 44.345427400000005],
     [21.6175532, 44.3451205],
     [21.617574700000002, 44.344545100000005],
     [21.617349400000002, 44.3442151],
     [21.6174781, 44.343900600000005],
     [21.617692700000003, 44.3436627],
     [21.618239900000003, 44.343355800000005],
     [21.6181111, 44.342734300000004]]}},
  {"type":"Feature",
   "properties":{},
   "geometry":
   {"type":"LineString",
    "coordinates":
    [[21.6181111, 44.342734300000004],
     [21.617593600000003, 44.3424016],
     [21.617325400000002, 44.342010300000005],
     [21.6177545, 44.3413504],
     [21.617658000000002, 44.340675100000006],
     [21.617625800000003, 44.339762], [21.6171323, 44.338917900000006],
     [21.6158448, 44.338495900000005],
     [21.614959300000002, 44.337817300000005],
     [21.6140259, 44.3375104], [21.6129101, 44.3366893],
     [21.611601200000003, 44.336727700000004],
     [21.6101108, 44.3368935]]}},
  {"type":"Feature",
   "properties":{},
   "geometry":
   {"type":"LineString",
    "coordinates":
    [[21.597420500000002, 44.336323], [21.5983306, 44.3366173],
     [21.599210300000003, 44.3370316], [21.599854, 44.337108400000005],
     [21.6009055, 44.336924200000006],
     [21.6012917, 44.336663300000005],
     [21.6017638, 44.336648000000004], [21.6025363, 44.3369549],
     [21.603180000000002, 44.337047000000005],
     [21.6039739, 44.3370777], [21.6049395, 44.3368321],
     [21.6055189, 44.3364484], [21.6060124, 44.3361261],
     [21.6067205, 44.3358499], [21.607428600000002, 44.335942],
     [21.607879200000003, 44.3362336],
     [21.608501500000003, 44.3365712],
     [21.608909200000003, 44.336862800000006],
     [21.6094456, 44.3370316], [21.6097031, 44.3370777],
     [21.6101108, 44.3368935]]}},
  {"type":"Feature",
   "properties":{},
   "geometry":
   {"type":"LineString",
    "coordinates":
    [[21.597420500000002, 44.336323], [21.597238700000002, 44.3361223],
     [21.597081600000003, 44.336029700000005],
     [21.596946300000003, 44.3359499],
     [21.596764500000003, 44.335819900000004],
     [21.5964405, 44.3355429], [21.5962271, 44.3352489],
     [21.5960453, 44.3349211], [21.595951900000003, 44.3346881]]}},
  {"type":"Feature",
   "properties":{},
   "geometry":
   {"type":"LineString",
    "coordinates":
    [[21.595951900000003, 44.3346881], [21.595526900000003, 44.33475],
     [21.594733, 44.334696300000004], [21.5938586, 44.334727],
     [21.5931129, 44.3347769],
     [21.592490700000003, 44.335118400000006],
     [21.592115200000002, 44.335413800000005],
     [21.5917557, 44.335697700000004],
     [21.590885800000002, 44.3364108], [21.590242, 44.336809200000005],
     [21.5896046, 44.337205600000004],
     [21.5889396, 44.337436100000005],
     [21.5883493, 44.337478100000006],
     [21.588033300000003, 44.337596500000004],
     [21.5876823, 44.3376807], [21.5869399, 44.337822900000006],
     [21.5862298, 44.337898900000006], [21.5855302, 44.3378517],
     [21.5849346, 44.3376164]]}},
  {"type":"Feature",
   "properties":{},
   "geometry":
   {"type":"LineString",
    "coordinates":
    [[21.5849346, 44.3376164], [21.5845352, 44.3370407],
     [21.584411900000003, 44.3366915], [21.5842348, 44.336281],
     [21.5840578, 44.3357438], [21.583913000000003, 44.3355059],
     [21.583440900000003, 44.335352400000005],
     [21.582507500000002, 44.3350992],
     [21.581729600000003, 44.3349917], [21.5812522, 44.3348114],
     [21.5803778, 44.33442], [21.5800613, 44.3340977],
     [21.5798789, 44.3336296], [21.579916500000003, 44.3331193],
     [21.5798682, 44.332820000000005], [21.5794605, 44.3325936],
     [21.578629000000003, 44.3322866], [21.5780014, 44.3320449],
     [21.5770626, 44.3315537], [21.5764779, 44.331312000000004],
     [21.576156, 44.331131600000006], [21.5761077, 44.3308246],
     [21.5760648, 44.330652], [21.5760434, 44.3304332],
     [21.5759951, 44.330337300000004], [21.5758341, 44.3302605],
     [21.5752494, 44.3302222], [21.5751421, 44.3302337],
     [21.5749597, 44.330268200000006], [21.5747666, 44.3303104],
     [21.574611100000002, 44.3303181],
     [21.574471600000003, 44.3303181], [21.574276, 44.3302562],
     [21.5741444, 44.330214500000004],
     [21.574031700000003, 44.3301761],
     [21.573897600000002, 44.3300994],
     [21.573790300000002, 44.3299881],
     [21.573683000000003, 44.329834600000005],
     [21.5735221, 44.329635100000004]]}},
  {"type":"Feature",
   "properties":{},
   "geometry":
   {"type":"LineString",
    "coordinates":
    [[21.5735221, 44.329635100000004],
     [21.573175000000003, 44.329633900000005],
     [21.5725155, 44.329772000000006],
     [21.572195200000003, 44.329522700000005],
     [21.571484, 44.329596800000004], [21.5704712, 44.329610300000006],
     [21.5698966, 44.3295261], [21.569190000000003, 44.3296271],
     [21.5683893, 44.329573200000006],
     [21.567974800000002, 44.329751800000004],
     [21.567136400000003, 44.330344800000006],
     [21.566316800000003, 44.3307896], [21.5655961, 44.331423],
     [21.5651863, 44.331952], [21.5646175, 44.332368900000006]]}},
  {"type":"Feature",
   "properties":{},
   "geometry":
   {"type":"LineString",
    "coordinates":
    [[21.560812000000002, 44.328210000000006], [21.5609676, 44.328256],
     [21.5611876, 44.328540000000004],
     [21.561434300000002, 44.3287625],
     [21.5616221, 44.328827800000006],
     [21.562040500000002, 44.328804700000006],
     [21.5623785, 44.3297066],
     [21.562700300000003, 44.329998200000006],
     [21.563129500000002, 44.330404900000005],
     [21.563354800000003, 44.3308654],
     [21.563494300000002, 44.3313259],
     [21.563354800000003, 44.3316175],
     [21.563215300000003, 44.331909100000004],
     [21.5631187, 44.3323005], [21.5631795, 44.3324785],
     [21.5633011, 44.3325691], [21.5638204, 44.3325576],
     [21.564453500000003, 44.332288500000004],
     [21.564523700000002, 44.3323229],
     [21.5646175, 44.332368900000006]]}},
  {"type":"Feature",
   "properties":{},
   "geometry":
   {"type":"LineString",
    "coordinates":
    [[21.5557427, 44.330032700000004], [21.556145, 44.3299445],
     [21.5565742, 44.3298524], [21.556971100000002, 44.3297065],
     [21.5573681, 44.3295837], [21.557861600000003, 44.3296221],
     [21.558441000000002, 44.329614400000004],
     [21.5589881, 44.3294763], [21.559556800000003, 44.3292384],
     [21.559921600000003, 44.328985100000004],
     [21.5603292, 44.3286705], [21.5605116, 44.328478600000004],
     [21.560812000000002, 44.328210000000006]]}},
  {"type":"Feature",
   "properties":{},
   "geometry":
   {"type":"LineString",
    "coordinates":
    [[21.5557427, 44.330032700000004], [21.5557373, 44.3298811],
     [21.555774900000003, 44.329750700000005],
     [21.5560002, 44.3295319], [21.5562201, 44.329305500000004],
     [21.5564079, 44.3291175], [21.5566117, 44.328887300000005],
     [21.5567834, 44.328676200000004],
     [21.5569658, 44.328495800000006], [21.5570784, 44.3283731],
     [21.5573413, 44.328281000000004]]}},
  {"type":"Feature",
   "properties":{},
   "geometry":
   {"type":"LineString",
    "coordinates":
    [[21.5573413, 44.328281000000004],
     [21.557437800000002, 44.328123600000005],
     [21.557529000000002, 44.327997], [21.5575237, 44.3277821],
     [21.557545100000002, 44.3276017], [21.5576417, 44.3274099],
     [21.55769, 44.3271719], [21.557722100000003, 44.326964700000005],
     [21.557759700000002, 44.326707600000006],
     [21.5577811, 44.326435100000005],
     [21.557834800000002, 44.3262432],
     [21.557845500000003, 44.326039900000005],
     [21.557920600000003, 44.3257751],
     [21.5579904, 44.325521800000004], [21.5578831, 44.3252838],
     [21.557743600000002, 44.325118800000006],
     [21.557679200000003, 44.3248502],
     [21.5576739, 44.324577700000006],
     [21.5576846, 44.324343600000006], [21.557749, 44.3241134],
     [21.5579743, 44.323971400000005]]}},
  {"type":"Feature",
   "properties":{},
   "geometry":
   {"type":"LineString",
    "coordinates":
    [[21.5579743, 44.323971400000005],
     [21.558274700000002, 44.3238332],
     [21.558601900000003, 44.3238524], [21.558913, 44.3238447],
     [21.5592617, 44.323775600000005]]}},
  {"type":"Feature",
   "properties":{},
   "geometry":
   {"type":"LineString",
    "coordinates":
    [[21.5592617, 44.323775600000005], [21.5595782, 44.323672],
     [21.5597445, 44.3234955], [21.5597177, 44.3232384],
     [21.559814300000003, 44.323035000000004],
     [21.5598572, 44.322693400000006],
     [21.559964500000003, 44.3225053],
     [21.559996700000003, 44.3222789],
     [21.5600664, 44.322125400000004],
     [21.5600342, 44.321964200000004], [21.5600771, 44.3217646],
     [21.5602434, 44.3215305], [21.5603507, 44.3212849],
     [21.5603346, 44.3210239], [21.5606189, 44.3209894],
     [21.560962200000002, 44.320928], [21.561115, 44.3209269],
     [21.561520100000003, 44.320924100000006],
     [21.561960000000003, 44.320947200000006],
     [21.562373100000002, 44.320928], [21.562716400000003, 44.3208896],
     [21.5630597, 44.3207323], [21.5633655, 44.320578700000006],
     [21.563719600000002, 44.3203638],
     [21.564052200000003, 44.3201527], [21.5643257, 44.3199224],
     [21.5644867, 44.3197382], [21.5647066, 44.3195118],
     [21.5649051, 44.319308400000004], [21.5650231, 44.3190973],
     [21.5652055, 44.319009], [21.565634600000003, 44.3189821],
     [21.5661282, 44.319074300000004],
     [21.566804100000002, 44.319055000000006],
     [21.5672493, 44.3187288], [21.567544400000003, 44.3183718],
     [21.567481800000003, 44.3181488], [21.5673476, 44.3180221],
     [21.5672171, 44.3178308], [21.566970400000002, 44.317351],
     [21.5668899, 44.317124500000006], [21.5666324, 44.3169057]]}},
  {"type":"Feature",
   "properties":{},
   "geometry":
   {"type":"LineString",
    "coordinates":
    [[21.556316600000002, 44.306923700000006],
     [21.5566493, 44.307386300000005],
     [21.556955000000002, 44.307559000000005], [21.5570355, 44.307751],
     [21.5568907, 44.3079314], [21.556601, 44.3081157],
     [21.5561611, 44.308453500000006],
     [21.5557856, 44.308649200000005],
     [21.5555388, 44.308856500000005],
     [21.555276000000003, 44.3090677],
     [21.555018500000003, 44.3092941], [21.554744900000003, 44.309463],
     [21.554412300000003, 44.3095859],
     [21.553972400000003, 44.3096818],
     [21.553580800000002, 44.309823900000005],
     [21.553296500000002, 44.3099659],
     [21.5531185, 44.310078700000005], [21.5531544, 44.3101751],
     [21.553580800000002, 44.310242300000006],
     [21.554031400000003, 44.310267200000006],
     [21.554369400000002, 44.3102922],
     [21.554508900000002, 44.310449600000005],
     [21.554562500000003, 44.310733600000006],
     [21.554594700000003, 44.3110561], [21.5545762, 44.3111637],
     [21.554541200000003, 44.3113675],
     [21.554503500000003, 44.3116318],
     [21.554659100000002, 44.3117163],
     [21.555066800000002, 44.3116318],
     [21.555458400000003, 44.3114399],
     [21.555850000000003, 44.3112441], [21.5561772, 44.3110714],
     [21.5566761, 44.3108565],
     [21.557089100000002, 44.310683700000006],
     [21.557555800000003, 44.310422700000004],
     [21.558076200000002, 44.3102346],
     [21.558757500000002, 44.3100619],
     [21.559240300000003, 44.3098815],
     [21.5597338, 44.309812400000006], [21.5601951, 44.3098277],
     [21.5607262, 44.309823900000005], [21.5611876, 44.3099505],
     [21.5615899, 44.310169300000005],
     [21.561992200000002, 44.310388100000004],
     [21.562399900000003, 44.310653], [21.5627862, 44.310940900000006],
     [21.563081200000003, 44.311248000000006], [21.5633494, 44.311605],
     [21.5635479, 44.3119389],
     [21.563687400000003, 44.312299700000004], [21.5638429, 44.312603],
     [21.5637732, 44.312925400000005], [21.5638644, 44.3132901],
     [21.5642238, 44.3136662], [21.564551, 44.3139848],
     [21.5647173, 44.314372500000005],
     [21.565033800000002, 44.3147256],
     [21.565591700000002, 44.3149098],
     [21.565777200000003, 44.3149487],
     [21.566011500000002, 44.3151488], [21.5663629, 44.3153791],
     [21.566552, 44.3154933], [21.566637800000002, 44.3156813],
     [21.566487600000002, 44.315946200000006],
     [21.5664903, 44.316312700000005],
     [21.566589500000003, 44.3165641], [21.5666324, 44.3169057]]}},
  {"type":"Feature",
   "properties":{},
   "geometry":
   {"type":"LineString",
    "coordinates":
    [[21.5449334, 44.305478400000005],
     [21.545303500000003, 44.3052596],
     [21.545673700000002, 44.3050599],
     [21.546140400000002, 44.304879500000006],
     [21.5465802, 44.3047221], [21.5470899, 44.304645300000004],
     [21.5475619, 44.3047605], [21.547878400000002, 44.3049563],
     [21.5481681, 44.305209700000006],
     [21.5483988, 44.305451500000004],
     [21.548752800000003, 44.3055244],
     [21.5490962, 44.305724100000006],
     [21.549482400000002, 44.3058392],
     [21.549879400000002, 44.3059966], [21.550072500000002, 44.306227],
     [21.550405100000003, 44.3064918],
     [21.5506089, 44.306737500000004],
     [21.550689400000003, 44.306898800000006],
     [21.5506733, 44.3070715], [21.550904000000003, 44.3072942],
     [21.5511561, 44.307474600000006], [21.5514565, 44.3076972],
     [21.5518159, 44.307889200000005], [21.5522022, 44.3080197],
     [21.5526957, 44.308157900000005],
     [21.5531517, 44.308169400000004], [21.5535915, 44.3080542],
     [21.5540851, 44.307939100000006],
     [21.554562500000003, 44.307704900000004],
     [21.5550292, 44.3074324], [21.5554798, 44.3072673],
     [21.5559036, 44.307129100000004], [21.556232, 44.306952100000004],
     [21.556316600000002, 44.306923700000006]]}},
  {"type":"Feature",
   "properties":{},
   "geometry":
   {"type":"LineString",
    "coordinates":
    [[21.5328142, 44.312614], [21.5331705, 44.3125109],
     [21.5336788, 44.3124072], [21.5339363, 44.3123189],
     [21.5341509, 44.312217200000006], [21.5345103, 44.3121001],
     [21.5350253, 44.312080900000005], [21.5352132, 44.3120229],
     [21.5352989, 44.3119965], [21.5354598, 44.311869800000004],
     [21.535454400000003, 44.311635700000004],
     [21.535529500000003, 44.311378500000004],
     [21.5357495, 44.3112749], [21.536066, 44.3112365],
     [21.5363235, 44.311109800000004],
     [21.536527300000003, 44.3109179],
     [21.536709700000003, 44.3106069], [21.5370101, 44.310369],
     [21.5373266, 44.310165500000004],
     [21.537729000000002, 44.3100849], [21.5380508, 44.3099429],
     [21.5384156, 44.3096319], [21.5387106, 44.309455400000004],
     [21.5390003, 44.309213500000006], [21.5392578, 44.3089947],
     [21.5395153, 44.3088412], [21.539901500000003, 44.3088105],
     [21.540250200000003, 44.3087606],
     [21.540491600000003, 44.308537900000005],
     [21.540829600000002, 44.3083229],
     [21.541269500000002, 44.308046600000004],
     [21.5416664, 44.3078239], [21.5422458, 44.307597400000006],
     [21.54275, 44.3074208], [21.5432168, 44.3072059],
     [21.5435708, 44.3069256], [21.5439517, 44.3065456],
     [21.544118, 44.3062577], [21.544455900000003, 44.306012],
     [21.544686600000002, 44.305774],
     [21.5449334, 44.305478400000005]]}},
  {"type":"Feature",
   "properties":{},
   "geometry":
   {"type":"LineString",
    "coordinates":
    [[21.52202, 44.312775300000006], [21.522164800000002, 44.3129404],
     [21.5222614, 44.3130978], [21.5224599, 44.3131976],
     [21.5227442, 44.3132244], [21.523071400000003, 44.3132168],
     [21.5233718, 44.3132091], [21.523709800000002, 44.3131937],
     [21.5240048, 44.313189900000005],
     [21.524273100000002, 44.313189900000005],
     [21.5243766, 44.3131933], [21.524509100000003, 44.3131976],
     [21.524988500000003, 44.313293900000005],
     [21.5255893, 44.313393700000006],
     [21.525910600000003, 44.313315900000006],
     [21.5261418, 44.313316900000004],
     [21.5265066, 44.313589400000005],
     [21.526758700000002, 44.3138773], [21.5269948, 44.3140846],
     [21.5274454, 44.314249600000004],
     [21.5279925, 44.314288000000005], [21.5282002, 44.31427],
     [21.528389500000003, 44.3142343], [21.5289635, 44.3139656],
     [21.5296072, 44.313743], [21.5302241, 44.313539600000006],
     [21.5309269, 44.313366800000004],
     [21.531597400000003, 44.3132977],
     [21.531972900000003, 44.313098100000005],
     [21.5323967, 44.3126491], [21.5328142, 44.312614]]}},
  {"type":"Feature",
   "properties":{},
   "geometry":
   {"type":"LineString",
    "coordinates":
    [[21.52202, 44.312775300000006], [21.522026200000003, 44.3123653],
     [21.5221954, 44.311903300000004], [21.5223261, 44.3112596],
     [21.5225106, 44.3102254],
     [21.522310700000002, 44.309378200000005],
     [21.522103100000002, 44.308894], [21.5221358, 44.3084354]]}},
  {"type":"Feature",
   "properties":{},
   "geometry":
   {"type":"LineString",
    "coordinates":
    [[21.5212447, 44.3070619], [21.5214243, 44.3072359],
     [21.5219406, 44.3078409], [21.5221239, 44.308095300000005],
     [21.5221358, 44.3084354]]}},
  {"type":"Feature",
   "properties":{},
   "geometry":
   {"type":"LineString",
    "coordinates":
    [[21.5212447, 44.3070619], [21.521163100000003, 44.3067517],
     [21.5208561, 44.3063019],
     [21.520621000000002, 44.305907100000006],
     [21.5204962, 44.305296000000006],
     [21.520683400000003, 44.3047741], [21.5213119, 44.3043861],
     [21.520923200000002, 44.3039501],
     [21.520392, 44.303411000000004]]}},
  {"type":"Feature",
   "properties":{},
   "geometry":
   {"type":"LineString",
    "coordinates":
    [[21.520988000000003, 44.303309000000006],
     [21.520869, 44.303340000000006], [21.520731, 44.303340000000006],
     [21.520603, 44.303326000000006],
     [21.520473000000003, 44.303343000000005],
     [21.520392, 44.303411000000004]]}},
  {"type":"Feature",
   "properties":{},
   "geometry":
   {"type":"LineString",
    "coordinates":
    [[21.5382672, 44.2989219], [21.538212700000003, 44.2989808],
     [21.538183, 44.299035], [21.538241000000003, 44.299116000000005],
     [21.538301, 44.299197], [21.538378, 44.299273],
     [21.538396000000002, 44.299362], [21.538413000000002, 44.29946],
     [21.538458000000002, 44.299547000000004],
     [21.538486000000002, 44.299633], [21.538537, 44.299717],
     [21.538554, 44.299808000000006], [21.538558000000002, 44.299909],
     [21.538557, 44.299996], [21.538499, 44.300081000000006],
     [21.53839, 44.30013], [21.538292000000002, 44.300198],
     [21.538189000000003, 44.300257], [21.538075000000003, 44.300299],
     [21.537971000000002, 44.300355], [21.537854000000003, 44.300409],
     [21.537762, 44.300483], [21.537698000000002, 44.300567],
     [21.537619000000003, 44.300637], [21.537545, 44.300716],
     [21.537445, 44.300783], [21.537374, 44.300861000000005],
     [21.537252000000002, 44.300895000000004],
     [21.537124000000002, 44.300868], [21.537004, 44.300833000000004],
     [21.536874, 44.300805000000004], [21.536741000000003, 44.300818],
     [21.536614, 44.300839], [21.536516000000002, 44.300900000000006],
     [21.536408, 44.300943000000004],
     [21.536329000000002, 44.301016000000004],
     [21.536265, 44.301103000000005],
     [21.536133000000003, 44.301126000000004],
     [21.536005000000003, 44.301136], [21.535884000000003, 44.301105],
     [21.535766000000002, 44.301076], [21.535641000000002, 44.301087],
     [21.535531000000002, 44.301136], [21.535438000000003, 44.301205],
     [21.535312, 44.301221000000005], [21.535218, 44.301283000000005],
     [21.535120000000003, 44.301338], [21.535106000000003, 44.301426],
     [21.535023000000002, 44.30149], [21.534967, 44.301572],
     [21.534895000000002, 44.301647], [21.53478, 44.301681],
     [21.534647, 44.301704], [21.534547, 44.301766],
     [21.534452, 44.301825], [21.534357, 44.301885000000006],
     [21.534311000000002, 44.301970000000004],
     [21.534256000000003, 44.302060000000004],
     [21.534211000000003, 44.302149],
     [21.534121000000003, 44.302223000000005],
     [21.53405, 44.302299000000005], [21.533999, 44.302396],
     [21.533935, 44.302486], [21.533941000000002, 44.302579],
     [21.533910000000002, 44.302670000000006],
     [21.533899, 44.302761000000004],
     [21.533824000000003, 44.302834000000004],
     [21.533734000000003, 44.302890000000005],
     [21.533630000000002, 44.302947],
     [21.533561000000002, 44.303019000000006],
     [21.533498, 44.303096000000004], [21.533458000000003, 44.303182],
     [21.533392000000003, 44.303259000000004],
     [21.533393, 44.303343000000005], [21.533360000000002, 44.303427],
     [21.5333635, 44.3034958], [21.533377, 44.303540000000005],
     [21.5334101, 44.3036304], [21.5334337, 44.3037155],
     [21.533465200000002, 44.303825100000005],
     [21.533500500000002, 44.3039074],
     [21.533518500000003, 44.3039983],
     [21.5334946, 44.304128500000004],
     [21.533410500000002, 44.304279300000005],
     [21.5334101, 44.3043801], [21.53337, 44.304445],
     [21.5332776, 44.3044572], [21.5331864, 44.3045124],
     [21.5330002, 44.304443000000006], [21.5329045, 44.3043976],
     [21.532756000000003, 44.3043799], [21.53254, 44.304331000000005],
     [21.532408, 44.304322000000006],
     [21.532279000000003, 44.304306000000004],
     [21.532158000000003, 44.304279], [21.532041000000003, 44.304256],
     [21.531922, 44.304246000000006], [21.531804, 44.304219],
     [21.531681000000003, 44.304197],
     [21.531560000000002, 44.304171000000004],
     [21.531447200000002, 44.304184400000004],
     [21.531374500000002, 44.304209300000004],
     [21.5313541, 44.3042954],
     [21.531231400000003, 44.304357100000004],
     [21.5309497, 44.3042935],
     [21.530758900000002, 44.304208100000004],
     [21.5306409, 44.3041861], [21.5305199, 44.304154100000005],
     [21.5304089, 44.3041281], [21.5303039, 44.304072100000006],
     [21.5302039, 44.304056100000004], [21.5301009, 44.3040061],
     [21.530008900000002, 44.3039391],
     [21.5299069, 44.303881100000005],
     [21.529859300000002, 44.303863400000004],
     [21.529801900000002, 44.303842100000004],
     [21.529708900000003, 44.3037931],
     [21.529601900000003, 44.3037511], [21.5294899, 44.3037021],
     [21.529396900000002, 44.3036441],
     [21.529283900000003, 44.303642100000005],
     [21.529062800000002, 44.3035215], [21.528952, 44.303434800000005],
     [21.528913000000003, 44.303339], [21.528801, 44.303306000000006],
     [21.528705000000002, 44.303250000000006],
     [21.5286, 44.303197000000004],
     [21.528519000000003, 44.303135000000005],
     [21.528422000000003, 44.30308], [21.528316, 44.303041],
     [21.528201000000003, 44.303002], [21.528091, 44.302956],
     [21.527996, 44.3029], [21.527891, 44.302828000000005],
     [21.527828000000003, 44.302753], [21.527734000000002, 44.302706],
     [21.527641000000003, 44.302653], [21.527559, 44.302589000000005],
     [21.527508, 44.302505000000004], [21.527428, 44.302431000000006],
     [21.527336000000002, 44.302364000000004], [21.527251, 44.302292],
     [21.527178000000003, 44.302222], [21.52709, 44.302149],
     [21.527031, 44.302071000000005], [21.526947, 44.302023000000005],
     [21.526834, 44.301998000000005], [21.526707000000002, 44.301996],
     [21.526597000000002, 44.302036], [21.526475, 44.302063000000004],
     [21.526348000000002, 44.302089], [21.526239, 44.302133000000005],
     [21.526118, 44.302152], [21.525988, 44.302167000000004],
     [21.525872, 44.302191], [21.525754000000003, 44.302179],
     [21.525640000000003, 44.302178000000005],
     [21.525525000000002, 44.302149], [21.525409, 44.302115],
     [21.525308000000003, 44.302087],
     [21.525187000000003, 44.302049000000004],
     [21.525080000000003, 44.302004000000004],
     [21.524980000000003, 44.301951], [21.524867, 44.301914000000004],
     [21.524752000000003, 44.301931], [21.524628, 44.301935],
     [21.524507, 44.301962], [21.524385000000002, 44.301998000000005],
     [21.524263, 44.302013], [21.524132, 44.302004000000004],
     [21.524019000000003, 44.302016], [21.523899, 44.302033],
     [21.523780000000002, 44.302001000000004], [21.523648, 44.302005],
     [21.523528000000002, 44.301979], [21.523409, 44.301944000000006],
     [21.523290000000003, 44.301908000000005],
     [21.523172000000002, 44.301880000000004],
     [21.523053, 44.301846000000005], [21.522952, 44.301788],
     [21.522858000000003, 44.301730000000006],
     [21.522736000000002, 44.301686000000004],
     [21.522622000000002, 44.301645], [21.522487, 44.301659],
     [21.522351, 44.301659], [21.52222, 44.301626000000006],
     [21.522087000000003, 44.301607000000004], [21.521954, 44.301594],
     [21.521832, 44.30162], [21.521699, 44.301631],
     [21.521575000000002, 44.301618000000005], [21.521446, 44.301613],
     [21.521322, 44.301610000000004], [21.52119, 44.301618000000005],
     [21.521132, 44.301700000000004], [21.521184, 44.301783],
     [21.521228, 44.301868000000006], [21.521275000000003, 44.301957],
     [21.521345, 44.302032000000004], [21.521404, 44.30212],
     [21.52147, 44.302195000000005], [21.521521, 44.302279000000006],
     [21.521514, 44.302375000000005],
     [21.521458000000003, 44.302459000000006], [21.521387, 44.302539],
     [21.521332, 44.302622], [21.521293, 44.302713000000004],
     [21.521249, 44.302795], [21.521242, 44.302885],
     [21.521204, 44.302980000000005], [21.521168000000003, 44.303074],
     [21.521141, 44.303168], [21.521083, 44.303249],
     [21.520988000000003, 44.303309000000006]]}},
  {"type":"Feature",
   "properties":{},
   "geometry":
   {"type":"LineString",
    "coordinates":
    [[21.535798500000002, 44.2906107],
     [21.5357898, 44.290671700000004], [21.5357825, 44.2907561],
     [21.535785, 44.290849], [21.535813, 44.290941000000004],
     [21.535839000000003, 44.291028000000004],
     [21.535849000000002, 44.291122], [21.535869, 44.291215],
     [21.535914000000002, 44.291303000000006],
     [21.535945, 44.291399000000006], [21.535967000000003, 44.29149],
     [21.535977000000003, 44.291581], [21.536006, 44.29167],
     [21.536041, 44.291759000000006], [21.53604, 44.291850000000004],
     [21.536002, 44.291936], [21.535989, 44.292024000000005],
     [21.535960000000003, 44.292117000000005],
     [21.535928000000002, 44.292204000000005], [21.535934, 44.292293],
     [21.535887000000002, 44.292377], [21.535852000000002, 44.292468],
     [21.53581, 44.292553000000005],
     [21.535769000000002, 44.292638000000004],
     [21.535752000000002, 44.292727], [21.535755, 44.292816],
     [21.535646, 44.292867], [21.535612, 44.292952],
     [21.535624000000002, 44.293047],
     [21.535628000000003, 44.293139000000004],
     [21.535701000000003, 44.293209000000004], [21.53575, 44.293291],
     [21.535843, 44.293352000000006], [21.535851, 44.293442000000006],
     [21.535871, 44.293534], [21.535875, 44.293617000000005],
     [21.535902, 44.293703], [21.53591, 44.293794000000005],
     [21.535894000000003, 44.293874], [21.535896, 44.293962],
     [21.535843, 44.294043], [21.535769000000002, 44.294119],
     [21.535673000000003, 44.294183000000004], [21.535668, 44.294272],
     [21.535637, 44.294360000000005], [21.535599, 44.294447000000005],
     [21.535606, 44.294539], [21.535588, 44.294627000000006],
     [21.535558, 44.294724], [21.53554, 44.294819000000004],
     [21.535493000000002, 44.294911000000006], [21.535471, 44.295005],
     [21.535474, 44.295095], [21.535451000000002, 44.295187000000006],
     [21.535434000000002, 44.295281], [21.535399, 44.295367000000006],
     [21.535444000000002, 44.295454], [21.535486000000002, 44.295541],
     [21.535601, 44.295589], [21.53572, 44.295635000000004],
     [21.535774, 44.29572], [21.535805, 44.295813],
     [21.535833, 44.295891000000005], [21.535853000000003, 44.295983],
     [21.535841, 44.29608], [21.535843, 44.29618],
     [21.535905, 44.296258], [21.536015000000003, 44.296301],
     [21.53604, 44.296392000000004], [21.536037, 44.296489],
     [21.535999, 44.296583000000005], [21.536008000000002, 44.296672],
     [21.535988, 44.296764], [21.535997000000002, 44.296861],
     [21.536007, 44.296956], [21.535977000000003, 44.297052],
     [21.535988, 44.29715], [21.536025000000002, 44.297241],
     [21.536047, 44.297331], [21.536080000000002, 44.29742],
     [21.536080000000002, 44.297511], [21.536103, 44.297596000000006],
     [21.536143000000003, 44.297682], [21.536132000000002, 44.297769],
     [21.536148, 44.29786], [21.536202000000003, 44.297943000000004],
     [21.536292000000003, 44.298007000000005], [21.536384, 44.298057],
     [21.536449, 44.298138], [21.536493, 44.298227000000004],
     [21.536536, 44.298328000000005], [21.536615, 44.298405],
     [21.536705, 44.298466000000005], [21.536808, 44.298519000000006],
     [21.536907000000003, 44.298578000000006],
     [21.536998, 44.298643000000006], [21.537096000000002, 44.298707],
     [21.537203, 44.298767000000005],
     [21.537314000000002, 44.298812000000005],
     [21.537438, 44.298823000000006], [21.537572, 44.298817],
     [21.537695000000003, 44.298812000000005],
     [21.537808000000002, 44.298773000000004], [21.537979, 44.2987376],
     [21.5382502, 44.2987486], [21.5383087, 44.298834500000005],
     [21.5382672, 44.2989219]]}},
  {"type":"Feature",
   "properties":{},
   "geometry":
   {"type":"LineString",
    "coordinates":
    [[21.5368993, 44.290490600000005], [21.536652, 44.290523],
     [21.536525, 44.290506], [21.536392000000003, 44.290521000000005],
     [21.536266, 44.290532000000006], [21.536150000000003, 44.29054],
     [21.535798500000002, 44.2906107]]}},
  {"type":"Feature",
   "properties":{},
   "geometry":
   {"type":"LineString",
    "coordinates":
    [[21.537302, 44.287799], [21.537266000000002, 44.287887000000005],
     [21.537272, 44.287981], [21.537174, 44.288047000000006],
     [21.537166000000003, 44.288137000000006], [21.537085, 44.288214],
     [21.537027000000002, 44.288295000000005], [21.536999, 44.288384],
     [21.537019, 44.288479], [21.537001, 44.288569],
     [21.536996000000002, 44.288661000000005], [21.536922, 44.288733],
     [21.536843, 44.288796000000005], [21.536875000000002, 44.288884],
     [21.536887, 44.288973000000006], [21.53698, 44.289026],
     [21.537078, 44.289094000000006], [21.537176000000002, 44.289149],
     [21.537241, 44.289223], [21.537302, 44.289299],
     [21.537346000000003, 44.289379000000004], [21.5374, 44.289461],
     [21.537457, 44.289542000000004], [21.537502, 44.28963],
     [21.537547, 44.289715], [21.537593, 44.289802],
     [21.537561, 44.289894000000004], [21.537572, 44.28999],
     [21.537557, 44.290081], [21.53753, 44.290168],
     [21.537459000000002, 44.290251000000005],
     [21.537352000000002, 44.290309], [21.537257, 44.290383000000006],
     [21.537166000000003, 44.290448000000005],
     [21.537038000000003, 44.2905], [21.536962300000003, 44.2905146],
     [21.5368993, 44.290490600000005]]}},
  {"type":"Feature",
   "properties":{},
   "geometry":
   {"type":"LineString",
    "coordinates":
    [[21.537264, 44.286013000000004], [21.537334, 44.286091000000006],
     [21.537289, 44.286175], [21.53724, 44.286260000000006],
     [21.537200000000002, 44.286353000000005],
     [21.5372331, 44.2864621],
     [21.537218300000003, 44.286497600000004],
     [21.537179000000002, 44.286536000000005], [21.537175, 44.286624],
     [21.537187000000003, 44.286717], [21.537214000000002, 44.286808],
     [21.537262000000002, 44.286894000000004], [21.537264, 44.286985],
     [21.537262000000002, 44.287084], [21.537254, 44.287181000000004],
     [21.537322, 44.287255], [21.537313, 44.287351],
     [21.537280000000003, 44.287441], [21.5373065, 44.287479600000005],
     [21.537335000000002, 44.287521000000005],
     [21.537343, 44.287611000000005], [21.537356000000003, 44.287706],
     [21.537302, 44.287799]]}},
  {"type":"Feature",
   "properties":{},
   "geometry":
   {"type":"LineString",
    "coordinates":
    [[21.545530000000003, 44.279018300000004],
     [21.545621, 44.279368000000005], [21.545724, 44.279435],
     [21.545784, 44.279504], [21.545849, 44.279581],
     [21.545899000000002, 44.279669000000005],
     [21.545947, 44.279757000000004], [21.546002, 44.279843],
     [21.546054, 44.279927], [21.546086000000003, 44.280011],
     [21.546122, 44.280097000000005], [21.546102, 44.280188],
     [21.546048000000003, 44.280268], [21.54596, 44.280335],
     [21.545879000000003, 44.280411], [21.545794, 44.280482],
     [21.54571, 44.280553000000005], [21.54558, 44.280591],
     [21.5455, 44.280662], [21.545488000000002, 44.280758000000006],
     [21.545445, 44.280839], [21.545411, 44.280918],
     [21.545348, 44.280988], [21.545286, 44.281066],
     [21.545242000000002, 44.281151],
     [21.545232000000002, 44.281240000000004],
     [21.545122000000003, 44.2813], [21.545038, 44.281371],
     [21.544945000000002, 44.281435], [21.544823, 44.281475],
     [21.544689, 44.281508], [21.544575000000002, 44.281548],
     [21.544452, 44.281568], [21.544321, 44.281557],
     [21.544178000000002, 44.281552000000005],
     [21.544075000000003, 44.281597000000005],
     [21.543981000000002, 44.281654], [21.543873, 44.281686],
     [21.543764000000003, 44.281725], [21.543665, 44.281783000000004],
     [21.543547, 44.281823], [21.543453000000003, 44.281891],
     [21.543358, 44.281957000000006], [21.543269000000002, 44.282024],
     [21.543180000000003, 44.282093], [21.543090000000003, 44.282158],
     [21.542999000000002, 44.282225000000004], [21.542936, 44.282307],
     [21.542875000000002, 44.282389], [21.542781, 44.282447000000005],
     [21.542678000000002, 44.282497], [21.542571000000002, 44.282553],
     [21.542498000000002, 44.282633000000004], [21.542383, 44.282682],
     [21.542296, 44.282758], [21.542241, 44.282839],
     [21.542136000000003, 44.282889000000004],
     [21.542059000000002, 44.282962000000005],
     [21.541961, 44.283018000000006], [21.541837, 44.283007000000005],
     [21.541704000000003, 44.283025], [21.541612, 44.283074000000006],
     [21.541542, 44.283151000000004], [21.541478, 44.283231],
     [21.541379000000003, 44.283286000000004],
     [21.541277, 44.283339000000005], [21.541187, 44.283396],
     [21.541111, 44.28347], [21.541032, 44.283545000000004],
     [21.540938, 44.283603], [21.540831, 44.283654000000006],
     [21.540752, 44.283723], [21.540665, 44.283791],
     [21.540561, 44.283836], [21.540456000000002, 44.283886],
     [21.540351, 44.28394], [21.54026, 44.284005],
     [21.540171, 44.284062000000006], [21.540053, 44.284093000000006],
     [21.539984, 44.284174], [21.539876300000003, 44.284200600000005],
     [21.539795, 44.2842606], [21.5396828, 44.2843564],
     [21.539656, 44.284455300000005], [21.539632, 44.284527000000004],
     [21.539537000000003, 44.284588], [21.539453, 44.284658],
     [21.5394188, 44.2847012],
     [21.539342100000002, 44.284781800000005],
     [21.539253600000002, 44.284846300000005],
     [21.5391103, 44.284853000000005],
     [21.538995500000002, 44.2848552],
     [21.539005500000002, 44.285022600000005],
     [21.5389713, 44.285064500000004],
     [21.5385795, 44.285009200000005],
     [21.5386145, 44.285140000000006],
     [21.5385411, 44.285223300000006], [21.538358000000002, 44.285209],
     [21.538264, 44.285273000000004],
     [21.538171000000002, 44.285320000000006], [21.538079, 44.285373],
     [21.537973, 44.285414], [21.537852, 44.285445],
     [21.537757000000003, 44.285499], [21.537683, 44.285577],
     [21.53759, 44.285638000000006],
     [21.537522000000003, 44.285720000000005],
     [21.537487000000002, 44.2858], [21.537412, 44.285878000000004],
     [21.537312, 44.285928000000006],
     [21.537264, 44.286013000000004]]}},
  {"type":"Feature",
   "properties":{},
   "geometry":
   {"type":"LineString",
    "coordinates":
    [[21.5325156, 44.275162800000004], [21.5326559, 44.2752477],
     [21.5327664, 44.275291800000005],
     [21.5328711, 44.275367200000005],
     [21.5328632, 44.275462700000006],
     [21.532783900000002, 44.275534300000004],
     [21.5326679, 44.275601800000004],
     [21.5325455, 44.275724000000004],
     [21.5325567, 44.275846300000005], [21.5325861, 44.2760017],
     [21.5325937, 44.2761554],
     [21.532710700000003, 44.276289000000006],
     [21.532634, 44.276438500000005], [21.5326592, 44.276681800000006],
     [21.5327826, 44.2769193],
     [21.532994600000002, 44.277213100000004],
     [21.533265200000002, 44.277467200000004],
     [21.533604800000003, 44.2776769], [21.5339086, 44.2778326],
     [21.534261800000003, 44.277947700000006],
     [21.534640300000003, 44.2779943], [21.534945200000003, 44.277994],
     [21.5352004, 44.278088000000004],
     [21.535372000000002, 44.278343500000005],
     [21.535613400000003, 44.2784655],
     [21.535868500000003, 44.2784501],
     [21.5360388, 44.278460100000004], [21.5361768, 44.2785651],
     [21.536184600000002, 44.2787294], [21.5362367, 44.2789628],
     [21.5363684, 44.2791718], [21.536259400000002, 44.2793903],
     [21.5359145, 44.279361900000005],
     [21.535790300000002, 44.2793669],
     [21.535730400000002, 44.279502400000005],
     [21.5360383, 44.279622200000006],
     [21.536378600000003, 44.279790000000006],
     [21.536529400000003, 44.2797822],
     [21.536669500000002, 44.279705400000005],
     [21.536853200000003, 44.279467200000006], [21.536953, 44.279324],
     [21.537125, 44.279197], [21.537203, 44.279124],
     [21.537287000000003, 44.279049], [21.5375544, 44.2789999],
     [21.5377224, 44.2789488], [21.537988900000002, 44.2787917],
     [21.5383013, 44.2786788], [21.538548600000002, 44.2785475],
     [21.5386992, 44.278408400000004], [21.538866000000002, 44.278298],
     [21.5389732, 44.278077800000005], [21.53872, 44.277818200000006],
     [21.538608200000002, 44.277636], [21.538521600000003, 44.277408],
     [21.538348900000003, 44.2770403], [21.5383131, 44.2768515],
     [21.538290200000002, 44.2767077], [21.5384117, 44.2764639],
     [21.5386729, 44.2762903], [21.538941, 44.2761367],
     [21.5390742, 44.2760522], [21.5392133, 44.275963000000004],
     [21.539282, 44.275858], [21.539603, 44.275614000000004],
     [21.539828, 44.275618], [21.5400676, 44.275714],
     [21.540192, 44.275841], [21.54045, 44.276030000000006],
     [21.540557, 44.276197], [21.540678, 44.276359],
     [21.540740000000003, 44.276452000000006], [21.540783, 44.276532],
     [21.540832, 44.276613000000005], [21.540892000000003, 44.276704],
     [21.540942, 44.276789], [21.540961000000003, 44.276877000000006],
     [21.541021, 44.276958], [21.541096, 44.277046000000006],
     [21.541182000000003, 44.277125000000005], [21.541262, 44.277202],
     [21.541338, 44.27729], [21.541418, 44.277373000000004],
     [21.541471, 44.277463000000004], [21.541539, 44.277554],
     [21.541593000000002, 44.277639], [21.54165, 44.277723],
     [21.541685, 44.277813], [21.541707000000002, 44.277907000000006],
     [21.541741000000002, 44.277992000000005],
     [21.541780000000003, 44.278076000000006], [21.541798, 44.278173],
     [21.541823, 44.27826], [21.541839000000003, 44.27835],
     [21.541864, 44.278437000000004], [21.541870000000003, 44.278533],
     [21.541884, 44.278626], [21.541880000000003, 44.278722],
     [21.541862000000002, 44.278817000000004], [21.541857, 44.278911],
     [21.541872, 44.279005000000005], [21.541866000000002, 44.2791],
     [21.541928000000002, 44.279182000000006],
     [21.542037, 44.279227000000006], [21.542174000000003, 44.279228],
     [21.542291000000002, 44.279194000000004],
     [21.542423000000003, 44.279177000000004],
     [21.542537000000003, 44.279144], [21.542674, 44.279149000000004],
     [21.542801, 44.279141], [21.542935, 44.279137000000006],
     [21.543069000000003, 44.279158], [21.543181, 44.279210000000006],
     [21.543307000000002, 44.279237], [21.543401000000003, 44.279302],
     [21.543506, 44.279367], [21.543596, 44.279429],
     [21.54362, 44.279524], [21.543766, 44.27958],
     [21.543892, 44.279621000000006], [21.544019000000002, 44.279592],
     [21.544130000000003, 44.279549], [21.544231, 44.27949],
     [21.544324, 44.279429], [21.544419, 44.279382000000005],
     [21.544513000000002, 44.279319], [21.544627000000002, 44.279263],
     [21.544732, 44.279207], [21.544834, 44.279155],
     [21.544947, 44.279106000000006], [21.545062, 44.279065],
     [21.545177000000002, 44.279019000000005],
     [21.545305000000003, 44.279002000000006],
     [21.545422000000002, 44.2790015],
     [21.545530000000003, 44.279018300000004]]}},
  {"type":"Feature",
   "properties":{},
   "geometry":
   {"type":"LineString",
    "coordinates":
    [[21.532244000000002, 44.2739248],
     [21.532246800000003, 44.2739855], [21.532304, 44.2740396],
     [21.5323475, 44.274160200000004],
     [21.532387800000002, 44.274318300000004],
     [21.532422500000003, 44.274417], [21.5324417, 44.274508700000005],
     [21.5324768, 44.274611300000004], [21.532505, 44.274694000000004],
     [21.5325364, 44.274810200000005], [21.532544, 44.274877000000004],
     [21.532551, 44.274935], [21.532538000000002, 44.275026000000004],
     [21.5325156, 44.275162800000004]]}},
  {"type":"Feature",
   "properties":{},
   "geometry":
   {"type":"LineString",
    "coordinates":
    [[21.532244000000002, 44.2739248],
     [21.5323354, 44.273939600000006],
     [21.5324923, 44.273946200000005],
     [21.532606400000002, 44.2739404],
     [21.532721600000002, 44.273929100000004],
     [21.5328269, 44.2739168], [21.5329248, 44.2738991],
     [21.5330142, 44.2738766], [21.53312, 44.273850100000004],
     [21.5332058, 44.273823300000004], [21.5332237, 44.2738158],
     [21.5332714, 44.2737959], [21.5333654, 44.2737551],
     [21.533466, 44.2737032], [21.5335949, 44.2736164],
     [21.5337496, 44.273493], [21.5338227, 44.2734238],
     [21.533855000000003, 44.273381400000005],
     [21.533909, 44.273310300000006], [21.533954100000003, 44.2732356],
     [21.5340041, 44.2731335],
     [21.534045300000002, 44.273037800000004],
     [21.5340901, 44.272910200000005],
     [21.5341033, 44.272851700000004], [21.5341419, 44.2726805],
     [21.5341741, 44.2724789]]}},
  {"type":"Feature",
   "properties":{},
   "geometry":
   {"type":"LineString",
    "coordinates":
    [[21.5341741, 44.2724789], [21.5341938, 44.2723424],
     [21.534226800000003, 44.272182400000005]]}},
  {"type":"Feature",
   "properties":{},
   "geometry":
   {"type":"LineString",
    "coordinates":
    [[21.534226800000003, 44.272182400000005],
     [21.534261100000002, 44.2720837],
     [21.534316200000003, 44.2719796],
     [21.534375200000003, 44.2719085], [21.5344681, 44.2718184],
     [21.5345666, 44.271752500000005],
     [21.5346358, 44.271714800000005], [21.5347402, 44.2716693],
     [21.5348502, 44.2716404], [21.534939400000003, 44.2716263],
     [21.535020600000003, 44.2716225]]}},
  {"type":"Feature",
   "properties":{},
   "geometry":
   {"type":"LineString",
    "coordinates":
    [[21.535020600000003, 44.2716225],
     [21.535099600000002, 44.2716383],
     [21.535193300000003, 44.2716799],
     [21.535348900000002, 44.271781700000005],
     [21.535463200000002, 44.2718578]]}},
  {"type":"Feature",
   "properties":{},
   "geometry":
   {"type":"LineString",
    "coordinates":
    [[21.535463200000002, 44.2718578], [21.5355688, 44.2719219],
     [21.5356922, 44.2719834], [21.535778, 44.272012200000006],
     [21.5358844, 44.2720416], [21.5360514, 44.272072800000004],
     [21.5364031, 44.272109300000004], [21.5366436, 44.2721226],
     [21.536653100000002, 44.2721231]]}},
  {"type":"Feature",
   "properties":{},
   "geometry":
   {"type":"LineString",
    "coordinates":
    [[21.536653100000002, 44.2721231], [21.536859, 44.2721217],
     [21.5369947, 44.272102600000004], [21.5371667, 44.2720769],
     [21.5375967, 44.2720007], [21.5380329, 44.2719121],
     [21.538164400000003, 44.2718854],
     [21.538450100000002, 44.2718324],
     [21.538636200000003, 44.2717978], [21.5389109, 44.2717315],
     [21.5390798, 44.271681900000004],
     [21.5391723, 44.271646000000004], [21.5392523, 44.2716055],
     [21.539356100000003, 44.2715417],
     [21.5394688, 44.271455200000005],
     [21.539645200000002, 44.2713387], [21.5400333, 44.2711382],
     [21.5402296, 44.2710293], [21.5403646, 44.2709424],
     [21.540483700000003, 44.270847800000006],
     [21.5405577, 44.2707811],
     [21.540643600000003, 44.270704300000006], [21.5406999, 44.270639],
     [21.5407884, 44.270521800000004], [21.5408662, 44.2704296],
     [21.5409505, 44.270341900000005], [21.5410383, 44.2702596],
     [21.5410781, 44.270222200000006],
     [21.5412122, 44.270099300000005], [21.5412967, 44.2700018],
     [21.5413517, 44.2699341], [21.541398100000002, 44.2698625],
     [21.5414712, 44.2697389]]}},
  {"type":"Feature",
   "properties":{},
   "geometry":
   {"type":"LineString",
    "coordinates":
    [[21.5414712, 44.2697389], [21.5415052, 44.2696814],
     [21.541554, 44.2695756], [21.5416285, 44.269396300000004],
     [21.5416789, 44.269240800000006],
     [21.541714600000002, 44.269129500000005],
     [21.541726800000003, 44.269086400000006],
     [21.5417764, 44.2689108], [21.5418354, 44.2687782],
     [21.541889100000002, 44.2686822],
     [21.541977300000003, 44.268555400000004],
     [21.542063300000002, 44.2684457],
     [21.5421233, 44.268403400000004],
     [21.542232000000002, 44.268346400000006],
     [21.5423116, 44.2683249], [21.5424019, 44.2683102],
     [21.5425048, 44.2683155], [21.5426152, 44.268333500000004],
     [21.542737600000002, 44.2683698], [21.542942, 44.2684456],
     [21.5431771, 44.268561000000005], [21.5431828, 44.2685638]]}},
  {"type":"Feature",
   "properties":{},
   "geometry":
   {"type":"LineString",
    "coordinates":
    [[21.5431828, 44.2685638], [21.543466600000002, 44.2687345],
     [21.5439781, 44.269059600000006],
     [21.544225700000002, 44.2692169]]}},
  {"type":"Feature",
   "properties":{},
   "geometry":
   {"type":"LineString",
    "coordinates":
    [[21.544225700000002, 44.2692169],
     [21.5442374, 44.269223200000006],
     [21.544461400000003, 44.269342800000004],
     [21.544699100000003, 44.269469300000004],
     [21.544920700000002, 44.269575800000005]]}},
  {"type":"Feature",
   "properties":{},
   "geometry":
   {"type":"LineString",
    "coordinates":
    [[21.544920700000002, 44.269575800000005], [21.5449281, 44.269579],
     [21.545348200000003, 44.2697629],
     [21.5456003, 44.269868800000005],
     [21.545777100000002, 44.2699359],
     [21.545851300000002, 44.2699616],
     [21.5459758, 44.269976400000004], [21.5461154, 44.2699787],
     [21.546355300000002, 44.2699623], [21.546573900000002, 44.269936],
     [21.546707400000003, 44.269905400000006],
     [21.546783100000003, 44.2698746],
     [21.5468367, 44.269839700000006],
     [21.5468683, 44.269799000000006],
     [21.546890400000002, 44.269745900000004],
     [21.5469072, 44.269685100000004],
     [21.5469179, 44.269593300000004], [21.5469173, 44.269477],
     [21.5469243, 44.2694179], [21.5469407, 44.269358800000006],
     [21.5470086, 44.2692271], [21.5470367, 44.2691619],
     [21.5470487, 44.269106300000004],
     [21.5470478, 44.269046100000004],
     [21.547031200000003, 44.268993800000004],
     [21.546997700000002, 44.2689527],
     [21.5469027, 44.268860200000006], [21.5467292, 44.2687259],
     [21.546469300000002, 44.2685301],
     [21.5461455, 44.268289900000006], [21.5460883, 44.2682324],
     [21.5460472, 44.2681899], [21.5460245, 44.268121900000004],
     [21.546019400000002, 44.2680585], [21.5460488, 44.2679466],
     [21.546107000000003, 44.2678376],
     [21.546172000000002, 44.2677643], [21.5462203, 44.2676913],
     [21.5462664, 44.2676298], [21.5463592, 44.2675378],
     [21.5464054, 44.267369], [21.5464047, 44.267206400000006],
     [21.5463226, 44.267011600000004],
     [21.546281500000003, 44.266910200000005],
     [21.546204200000002, 44.2667804],
     [21.546139800000002, 44.266659100000005],
     [21.5460867, 44.266578900000006], [21.5459228, 44.2663389],
     [21.5457362, 44.266136100000004],
     [21.545536900000002, 44.2659663], [21.5454243, 44.2658751],
     [21.5452705, 44.265791400000005],
     [21.5452218, 44.265764100000005]]}},
  {"type":"Feature",
   "properties":{},
   "geometry":
   {"type":"LineString",
    "coordinates":
    [[21.544895500000003, 44.2657821],
     [21.5449451, 44.265722000000004],
     [21.545044200000003, 44.265733700000006],
     [21.5452218, 44.265764100000005]]}},
  {"type":"Feature",
   "properties":{},
   "geometry":
   {"type":"LineString",
    "coordinates":
    [[21.5447983, 44.265891], [21.544895500000003, 44.2657821]]}},
  {"type":"Feature",
   "properties":{},
   "geometry":
   {"type":"LineString",
    "coordinates":
    [[21.5443737, 44.266065000000005],
     [21.5444517, 44.266101600000006],
     [21.544548900000002, 44.266094100000004],
     [21.5446522, 44.2660483], [21.5447983, 44.265891]]}},
  {"type":"Feature",
   "properties":{},
   "geometry":
   {"type":"LineString",
    "coordinates":
    [[21.5443737, 44.266065000000005], [21.544367, 44.265976800000004],
     [21.5443517, 44.265904600000006], [21.5443013, 44.2658566],
     [21.543507700000003, 44.2655223],
     [21.542806600000002, 44.265329200000004],
     [21.5424511, 44.2651599], [21.542278900000003, 44.2650596],
     [21.541748000000002, 44.264301], [21.541655000000002, 44.263832],
     [21.541449, 44.263409], [21.541216000000002, 44.263103],
     [21.541035, 44.262981], [21.540178, 44.262077000000005],
     [21.539885, 44.261852000000005], [21.539503, 44.26165],
     [21.53875, 44.261055000000006], [21.53858, 44.260876],
     [21.538544, 44.260742], [21.538307, 44.260571000000006],
     [21.537821, 44.260075], [21.537663000000002, 44.259983000000005],
     [21.537617, 44.259689], [21.537497000000002, 44.259544000000005],
     [21.537529000000003, 44.259346],
     [21.537487000000002, 44.259235000000004]]}},
  {"type":"Feature",
   "properties":{},
   "geometry":
   {"type":"LineString",
    "coordinates":
    [[21.537487000000002, 44.259235000000004], [21.5373889, 44.258952],
     [21.537345900000002, 44.258660000000006],
     [21.5373379, 44.2583354], [21.5373835, 44.2581106],
     [21.5374157, 44.257935800000006], [21.5374613, 44.2577264],
     [21.5376222, 44.2576016], [21.537785900000003, 44.2575747],
     [21.5381372, 44.2574537], [21.538325800000003, 44.2572897],
     [21.5383491, 44.2571347], [21.538019000000002, 44.256836],
     [21.537922000000002, 44.256844], [21.537378, 44.256705600000004],
     [21.536741000000003, 44.256519000000004]]}},
  {"type":"Feature",
   "properties":{},
   "geometry":
   {"type":"LineString",
    "coordinates":
    [[21.536741000000003, 44.256519000000004],
     [21.537264, 44.256340300000005], [21.5380794, 44.2561559],
     [21.5390021, 44.256194300000004],
     [21.5393507, 44.256205800000004], [21.5395492, 44.2561405],
     [21.5399569, 44.2559868], [21.5402251, 44.2557947],
     [21.540568500000003, 44.255675600000004],
     [21.5409118, 44.2556103]]}},
  {"type":"Feature",
   "properties":{},
   "geometry":
   {"type":"LineString",
    "coordinates":
    [[21.5409118, 44.2556103], [21.540659700000003, 44.2553126],
     [21.539930100000003, 44.2554816], [21.5394258, 44.2556353],
     [21.5386855, 44.2553202], [21.538310000000003, 44.2550359],
     [21.537419500000002, 44.2548976], [21.5369904, 44.2547362],
     [21.5370226, 44.2545057], [21.5372264, 44.2539601],
     [21.5377307, 44.2536527],
     [21.538009600000002, 44.253376100000004],
     [21.5378809, 44.253222400000006], [21.5376663, 44.2528074],
     [21.5374088, 44.2527075], [21.5372264, 44.2526537],
     [21.5370333, 44.252584500000005],
     [21.5369797, 44.252246400000004], [21.536926, 44.2520005],
     [21.5365612, 44.2518545],
     [21.535821000000002, 44.251623900000006],
     [21.535273800000002, 44.2515317], [21.5351129, 44.2513511],
     [21.5349948, 44.251255], [21.5350378, 44.251059100000006],
     [21.535064600000002, 44.250901500000005],
     [21.5349787, 44.2506057], [21.5348124, 44.250409700000006],
     [21.534791000000002, 44.250094600000004], [21.5349197, 44.249572],
     [21.535118200000003, 44.249353]]}},
  {"type":"Feature",
   "properties":{},
   "geometry":
   {"type":"LineString",
    "coordinates":
    [[21.535118200000003, 44.249353], [21.535684500000002, 44.2491075],
     [21.5367949, 44.248934600000005], [21.5375406, 44.2488309],
     [21.538404200000002, 44.248611800000006],
     [21.5392304, 44.248488900000005], [21.5402603, 44.2481584],
     [21.540737800000002, 44.2480777], [21.5413654, 44.2481853],
     [21.5424007, 44.248523500000005], [21.5432054, 44.248973],
     [21.5436453, 44.248631], [21.544112000000002, 44.2482045],
     [21.5436775, 44.2477664], [21.543597000000002, 44.2471708],
     [21.5432698, 44.246459900000005], [21.5426582, 44.2459873],
     [21.541537100000003, 44.245629900000004],
     [21.540657300000003, 44.2454339], [21.540930900000003, 44.244869],
     [21.541188400000003, 44.244300200000005],
     [21.541338600000003, 44.2437814], [21.5414673, 44.243597],
     [21.541370800000003, 44.2434048],
     [21.5409781, 44.243353000000006], [21.5407914, 44.2432165],
     [21.540748500000003, 44.2429744],
     [21.5409416, 44.242693900000006],
     [21.541386900000003, 44.242282700000004],
     [21.5418375, 44.242178900000006], [21.5419501, 44.241737],
     [21.5420467, 44.241275800000004], [21.5421164, 44.240903],
     [21.5422023, 44.240703200000006], [21.5425831, 44.240388],
     [21.5426904, 44.240080600000006],
     [21.5423793, 44.239515600000004], [21.5421647, 44.2388392],
     [21.5422023, 44.2382627], [21.5420842, 44.237897600000004],
     [21.5416014, 44.2376785], [21.5410167, 44.237148100000006],
     [21.540587600000002, 44.2368637], [21.5402764, 44.2363026],
     [21.540153, 44.235753], [21.540158400000003, 44.235276400000004],
     [21.540324700000003, 44.2348805],
     [21.540512500000002, 44.2348305],
     [21.540539300000002, 44.2351765],
     [21.540662700000002, 44.2355377],
     [21.541188400000003, 44.2358568], [21.5415478, 44.2360297],
     [21.542036000000003, 44.2359759], [21.5421915, 44.2364064],
     [21.5424168, 44.236514], [21.5428889, 44.2357414],
     [21.5426636, 44.2350227], [21.5431786, 44.2345346],
     [21.544154900000002, 44.2339926],
     [21.544793300000002, 44.2332124], [21.5451473, 44.2320939],
     [21.545758900000003, 44.2313405],
     [21.5462524, 44.230856200000005], [21.5469015, 44.2301912],
     [21.548178200000002, 44.2295378], [21.5492028, 44.2290726],
     [21.549889500000003, 44.2287959], [21.5502542, 44.2284461],
     [21.550629800000003, 44.2282347], [21.550619, 44.228430700000004],
     [21.5501684, 44.2288535], [21.550045, 44.2291572],
     [21.550222100000003, 44.2292226],
     [21.5505922, 44.228849700000005], [21.551252, 44.2286383],
     [21.5515256, 44.228803600000006]]}},
  {"type":"Feature",
   "properties":{},
   "geometry":
   {"type":"LineString",
    "coordinates":
    [[21.5515256, 44.228803600000006], [21.551750400000003, 44.229207],
     [21.5519041, 44.2296107],
     [21.551796500000002, 44.230161300000006],
     [21.5516685, 44.2308917], [21.5519451, 44.231431300000004],
     [21.552242200000002, 44.2319929],
     [21.5521141, 44.232543400000004], [21.552749300000002, 44.232782],
     [21.552580300000002, 44.233053600000005],
     [21.5525854, 44.233237100000004], [21.553113, 44.2334904],
     [21.553292300000003, 44.233762000000006], [21.553825, 44.2338867],
     [21.554583100000002, 44.233971200000006],
     [21.555494900000003, 44.233978500000006],
     [21.556391400000003, 44.233952800000004],
     [21.557134100000003, 44.233960100000004],
     [21.5575593, 44.234073900000006],
     [21.558086000000003, 44.233797100000004]]}},
  {"type":"Feature",
   "properties":{},
   "geometry":
   {"type":"LineString",
    "coordinates":
    [[21.558086000000003, 44.233797100000004],
     [21.5581584, 44.233684700000005],
     [21.5582308, 44.233572300000006], [21.5583622, 44.2333878],
     [21.5585312, 44.2331744], [21.5586653, 44.2329419],
     [21.5587056, 44.232736300000006],
     [21.5587404, 44.232505700000004],
     [21.5588155, 44.232338500000004], [21.5588102, 44.232152],
     [21.5587404, 44.2319272], [21.5587404, 44.231729200000004],
     [21.5588182, 44.2315716], [21.5588544, 44.2314467],
     [21.5589657, 44.2313679], [21.5590489, 44.2313775],
     [21.5591267, 44.231360200000005], [21.5592635, 44.2313525],
     [21.559305700000003, 44.231309800000005], [21.5593185, 44.231267],
     [21.5592474, 44.231206500000006],
     [21.5590543, 44.231133400000004],
     [21.5587726, 44.231083500000004],
     [21.558520700000003, 44.2310244], [21.55845, 44.2309682],
     [21.5584382, 44.2309081],
     [21.558464800000003, 44.230857300000004],
     [21.5585397, 44.2308334], [21.558721700000003, 44.2308644],
     [21.5588786, 44.2308855], [21.5589765, 44.2308625],
     [21.5589979, 44.230801], [21.5589228, 44.2307241],
     [21.5588075, 44.2306722], [21.5587565, 44.23053],
     [21.5588638, 44.230453100000005], [21.5590489, 44.2304223],
     [21.5592152, 44.2304954], [21.559357300000002, 44.2306107],
     [21.5594861, 44.230689500000004],
     [21.559647000000002, 44.2306703], [21.5597168, 44.2305165],
     [21.5597624, 44.2303243],
     [21.559872300000002, 44.230168600000006],
     [21.5600413, 44.2300264], [21.5602747, 44.229903400000005],
     [21.560475800000003, 44.229738100000006],
     [21.560553600000002, 44.229567100000004],
     [21.5605, 44.229378700000005], [21.560381900000003, 44.2292077],
     [21.560250500000002, 44.229046200000006],
     [21.560044, 44.228969400000004],
     [21.559954100000002, 44.228911700000005],
     [21.559934000000002, 44.228831], [21.5600051, 44.2287541],
     [21.560103, 44.228734900000006], [21.560465100000002, 44.2287137],
     [21.5608647, 44.2286349], [21.561157100000003, 44.2285638],
     [21.561492400000002, 44.2284427],
     [21.5617901, 44.228325500000004],
     [21.562141500000003, 44.2282352],
     [21.5624365, 44.228148700000006],
     [21.5626779, 44.227969900000005],
     [21.562959600000003, 44.227814200000005],
     [21.563321700000003, 44.227718100000004],
     [21.5636221, 44.2275567], [21.5637991, 44.2273876],
     [21.5639171, 44.2272088], [21.5639432, 44.2271159]]}},
  {"type":"Feature",
   "properties":{},
   "geometry":
   {"type":"LineString",
    "coordinates":
    [[21.563342900000002, 44.2270692],
     [21.5637538, 44.227095000000006], [21.5639432, 44.2271159]]}},
  {"type":"Feature",
   "properties":{},
   "geometry":
   {"type":"LineString",
    "coordinates":
    [[21.5639223, 44.2265157], [21.563342900000002, 44.2270692]]}},
  {"type":"Feature",
   "properties":{},
   "geometry":
   {"type":"LineString",
    "coordinates":
    [[21.575655, 44.222285500000005], [21.5755361, 44.2223661],
     [21.575502200000003, 44.222461800000005],
     [21.5754427, 44.2226723], [21.5754163, 44.222844900000005],
     [21.5753972, 44.2228806], [21.5753731, 44.222914700000004],
     [21.575344, 44.2229468], [21.5753007, 44.222984100000005],
     [21.575250800000003, 44.223017000000006],
     [21.5750573, 44.2230587], [21.574758900000003, 44.2231055],
     [21.574369700000002, 44.2232174], [21.5739711, 44.2232776],
     [21.5737752, 44.2233193], [21.573602700000002, 44.2233778],
     [21.573430300000002, 44.223446300000006], [21.5732694, 44.223488],
     [21.573075900000003, 44.2234897],
     [21.5725048, 44.223459600000005],
     [21.5717846, 44.223361100000005],
     [21.5716942, 44.223345800000004], [21.5716022, 44.2233369],
     [21.5715095, 44.223334400000006], [21.5714264, 44.2233376],
     [21.571344, 44.2233461], [21.570553800000003, 44.2234947],
     [21.5699477, 44.2235749], [21.569751, 44.2235853],
     [21.5695538, 44.223586600000004],
     [21.569355100000003, 44.223578700000004],
     [21.569157500000003, 44.2235615],
     [21.568876600000003, 44.223490500000004],
     [21.5686691, 44.2233995], [21.568626700000003, 44.2233906],
     [21.568582900000003, 44.223386100000006],
     [21.5685374, 44.2233862], [21.5684924, 44.223391],
     [21.5684489, 44.2234003], [21.568191300000002, 44.2234713],
     [21.568148200000003, 44.2234805],
     [21.568103400000002, 44.2234824], [21.5680592, 44.2234769],
     [21.5680178, 44.223464400000005],
     [21.567981500000002, 44.2234454],
     [21.567954200000003, 44.223423200000006], [21.567934, 44.2233974],
     [21.5679218, 44.223369000000005], [21.5679182, 44.2233395],
     [21.567923200000003, 44.223310100000006],
     [21.568008300000002, 44.223050400000005],
     [21.5681377, 44.222647800000004], [21.568138, 44.222619300000005],
     [21.5681261, 44.2225921],
     [21.568103100000002, 44.222568800000005],
     [21.568071200000002, 44.222551700000004],
     [21.568040500000002, 44.2225435], [21.5680078, 44.2225411],
     [21.5679754, 44.2225448],
     [21.567945400000003, 44.222554200000005],
     [21.567700600000002, 44.222654500000004],
     [21.567040900000002, 44.2230019],
     [21.566895600000002, 44.2231065], [21.5667569, 44.2232156],
     [21.5666249, 44.223328900000006],
     [21.566500100000003, 44.223446300000006],
     [21.5663783, 44.223572100000005], [21.5662647, 44.2237019],
     [21.5660223, 44.2242698],
     [21.565931300000003, 44.224577200000006],
     [21.565742500000002, 44.2248545],
     [21.565595700000003, 44.225014800000004],
     [21.5655213, 44.2250652], [21.5654442, 44.225113400000005],
     [21.565365, 44.2251588], [21.5652833, 44.2252019],
     [21.5650549, 44.225303800000006],
     [21.564789100000002, 44.2254124],
     [21.564586000000002, 44.2254833], [21.5645104, 44.2255966],
     [21.5639223, 44.2265157]]}},
  {"type":"Feature",
   "properties":{},
   "geometry":
   {"type":"LineString",
    "coordinates":
    [[21.575862400000002, 44.2199259], [21.5757572, 44.2202539],
     [21.575650200000002, 44.220494900000006],
     [21.575444700000002, 44.2207543],
     [21.575375100000002, 44.2208867],
     [21.575334100000003, 44.2209609], [21.5754439, 44.2213501],
     [21.5755281, 44.2216053], [21.575523, 44.221903000000005],
     [21.5755351, 44.2219725], [21.5756209, 44.222176700000006],
     [21.575655, 44.222285500000005]]}},
  {"type":"Feature",
   "properties":{},
   "geometry":
   {"type":"LineString",
    "coordinates":
    [[21.5749223, 44.20225], [21.575036200000003, 44.202348],
     [21.5753473, 44.2027787], [21.5755038, 44.2031025],
     [21.5757765, 44.203667], [21.575932100000003, 44.2039016],
     [21.5762539, 44.2042823], [21.5765704, 44.2049899],
     [21.5766026, 44.205162900000005], [21.5766777, 44.2052975],
     [21.5778633, 44.2066972], [21.578034900000002, 44.2069549],
     [21.578136800000003, 44.2071818],
     [21.578136800000003, 44.2073394],
     [21.578083200000002, 44.2075471], [21.5781047, 44.207697],
     [21.578217300000002, 44.2078393], [21.5784319, 44.2080008],
     [21.578560600000003, 44.2081815],
     [21.578855700000002, 44.209039000000004],
     [21.5789791, 44.210750100000006], [21.5791615, 44.2112807],
     [21.579048800000002, 44.212192], [21.5791507, 44.2125342],
     [21.5791185, 44.213061], [21.579247300000002, 44.213668500000004],
     [21.5789361, 44.2142914], [21.578834200000003, 44.2147797],
     [21.5786626, 44.2150872], [21.578410400000003, 44.215687],
     [21.57649, 44.2183591], [21.5762754, 44.2190165],
     [21.575975, 44.219497100000005],
     [21.575862400000002, 44.2199259]]}},
  {"type":"Feature",
   "properties":{},
   "geometry":
   {"type":"LineString",
    "coordinates":
    [[21.5724184, 44.1964273], [21.5736522, 44.1971888],
     [21.574253000000002, 44.198081], [21.5753299, 44.1994357],
     [21.5755485, 44.199749000000004],
     [21.5756243, 44.199902400000006],
     [21.5756756, 44.200067100000005], [21.5756912, 44.2002317],
     [21.5756622, 44.2005071], [21.5756161, 44.200806400000005],
     [21.5755495, 44.2010286], [21.5754522, 44.201137],
     [21.5753497, 44.2012049], [21.575231900000002, 44.2012985],
     [21.5751756, 44.2014142], [21.575025500000002, 44.2018038],
     [21.5749223, 44.20225]]}},
  {"type":"Feature",
   "properties":{},
   "geometry":
   {"type":"LineString",
    "coordinates":
    [[21.5724184, 44.1964273], [21.5724272, 44.1960969],
     [21.572293100000003, 44.1958008], [21.5722878, 44.1954277],
     [21.572464800000002, 44.195062300000004],
     [21.572770600000002, 44.1945162],
     [21.572781300000003, 44.193943100000006],
     [21.572770600000002, 44.1934162],
     [21.572491600000003, 44.1931354],
     [21.572341400000003, 44.192923900000004],
     [21.572314600000002, 44.19272], [21.5724272, 44.1926123],
     [21.572765200000003, 44.1926046], [21.572891300000002, 44.19267],
     [21.573081700000003, 44.192689200000004],
     [21.5732265, 44.1925431], [21.573307, 44.1923892],
     [21.573366, 44.1921623], [21.573612800000003, 44.1921315],
     [21.5738756, 44.1923777], [21.5741385, 44.192735400000004],
     [21.5745784, 44.1929546], [21.5751953, 44.1931546],
     [21.5752972, 44.193497], [21.5754689, 44.1937585],
     [21.5757961, 44.193916200000004],
     [21.576230600000002, 44.1937931],
     [21.576504200000002, 44.193727700000004],
     [21.5768314, 44.1938162], [21.577019200000002, 44.193747],
     [21.5772471, 44.1936393]]}},
  {"type":"Feature",
   "properties":{},
   "geometry":
   {"type":"LineString",
    "coordinates":
    [[21.5772471, 44.1936393], [21.577402900000003, 44.1935821],
     [21.577646, 44.193484100000006], [21.5778398, 44.193421400000005],
     [21.5779727, 44.193448700000005], [21.5781019, 44.193544],
     [21.578166500000002, 44.1936502], [21.5782652, 44.1937238],
     [21.5783761, 44.1937559], [21.578502500000003, 44.1937264],
     [21.578874600000002, 44.193434100000005],
     [21.579064600000002, 44.193110000000004],
     [21.5793913, 44.192843100000005], [21.5795546, 44.1926083],
     [21.579704600000003, 44.1925668], [21.5799488, 44.1926062],
     [21.580282200000003, 44.1925569],
     [21.5808506, 44.192504500000005],
     [21.5813479, 44.192506400000006]]}},
  {"type":"Feature",
   "properties":{},
   "geometry":
   {"type":"LineString",
    "coordinates":
    [[21.5813479, 44.192506400000006], [21.5810505, 44.1921103],
     [21.5808038, 44.191819900000006], [21.580549, 44.191639200000004],
     [21.5804471, 44.1914911], [21.580559700000002, 44.1912661],
     [21.580876200000002, 44.1909507], [21.5809491, 44.1907609],
     [21.5810506, 44.190423700000004],
     [21.5811847, 44.190164100000004],
     [21.5813214, 44.190069900000005], [21.5814974, 44.1900288]]}},
  {"type":"Feature",
   "properties":{},
   "geometry":
   {"type":"LineString",
    "coordinates":
    [[21.5814974, 44.1900288], [21.5816583, 44.1900552],
     [21.5819158, 44.190070600000006],
     [21.582159800000003, 44.1900976],
     [21.5824307, 44.190128300000005],
     [21.5826239, 44.190166700000006], [21.5827741, 44.1901803],
     [21.5828788, 44.190174500000005], [21.5829752, 44.1901552],
     [21.583061100000002, 44.190093700000006],
     [21.5831094, 44.1900283], [21.583181800000002, 44.1899687],
     [21.583302500000002, 44.189891700000004],
     [21.5834286, 44.1897937],
     [21.583570700000003, 44.189705200000006],
     [21.5837048, 44.189634000000005],
     [21.583828200000003, 44.1895821],
     [21.583948900000003, 44.1894859],
     [21.5840642, 44.189374400000005],
     [21.584147400000003, 44.1892975],
     [21.584235900000003, 44.1892128],
     [21.5843217, 44.189126300000005],
     [21.584434400000003, 44.1890263], [21.5845524, 44.1889282],
     [21.5846409, 44.1888224], [21.5847348, 44.1887339],
     [21.5848555, 44.1886339], [21.5849601, 44.1885551],
     [21.5850888, 44.188457], [21.5852256, 44.188382000000004],
     [21.5854241, 44.1883166],
     [21.585601200000003, 44.188287700000004],
     [21.5857701, 44.188276200000004], [21.5858935, 44.1882262],
     [21.5860491, 44.188155], [21.5862073, 44.188078100000006],
     [21.5863334, 44.1880243], [21.5864595, 44.1879666],
     [21.5865426, 44.187878100000006], [21.5866204, 44.1877415],
     [21.5867009, 44.1876107], [21.586797400000002, 44.1874819],
     [21.5868484, 44.1873434], [21.5868511, 44.1871895],
     [21.586872500000002, 44.1870914],
     [21.586883200000003, 44.186979900000004], [21.586894, 44.1868433],
     [21.586899300000002, 44.186701],
     [21.586918100000002, 44.186570200000006],
     [21.5869262, 44.1864317], [21.5869342, 44.1863048],
     [21.5869852, 44.186181700000006], [21.5871622, 44.1860605],
     [21.5873285, 44.1859759], [21.587478700000002, 44.1858951],
     [21.587583300000002, 44.1858067],
     [21.5876504, 44.185743200000005],
     [21.587776400000003, 44.1856932],
     [21.5879508, 44.185650900000006], [21.588168, 44.185625900000005],
     [21.5883343, 44.1856085], [21.588503300000003, 44.1855932],
     [21.5886776, 44.1855643], [21.588852000000003, 44.1855355],
     [21.589034400000003, 44.1855105],
     [21.5892114, 44.185506600000004],
     [21.589305300000003, 44.1854912], [21.5893857, 44.185447],
     [21.5894501, 44.1853758], [21.589549400000003, 44.1852893],
     [21.5896459, 44.1852123], [21.589745200000003, 44.1851296],
     [21.589865900000003, 44.185060400000005],
     [21.590008, 44.184991100000005], [21.5901582, 44.1849411],
     [21.5902789, 44.184893], [21.590405, 44.1848277],
     [21.5905579, 44.1847623], [21.5907081, 44.1846988],
     [21.5908824, 44.1846334], [21.5910648, 44.184579500000005],
     [21.5912499, 44.1845603],
     [21.591472500000002, 44.184566100000005],
     [21.5916871, 44.1845718], [21.591899, 44.1845815],
     [21.5921431, 44.1845949],
     [21.592365700000002, 44.184600700000004],
     [21.5925829, 44.1845834], [21.5927975, 44.1845699],
     [21.592971900000002, 44.1845507], [21.5931703, 44.1845103],
     [21.5933527, 44.184471800000004],
     [21.593556600000003, 44.1844468], [21.5937819, 44.184418],
     [21.593980400000003, 44.1843949], [21.5941949, 44.1843699],
     [21.594420300000003, 44.1843449],
     [21.594632100000002, 44.1843179],
     [21.5948628, 44.184294900000005],
     [21.595055900000002, 44.184262200000006],
     [21.5952169, 44.1842218],
     [21.595385800000003, 44.184187200000004],
     [21.5956031, 44.184133300000006],
     [21.5957855, 44.184085200000005],
     [21.595965200000002, 44.1840314], [21.5961369, 44.1839813],
     [21.5963032, 44.183921700000006],
     [21.5965016, 44.183860200000005],
     [21.596676000000002, 44.1838179], [21.5967752, 44.1837755],
     [21.596836900000003, 44.1836909],
     [21.596917400000002, 44.1835697],
     [21.597022000000003, 44.1834755], [21.5971802, 44.1833966],
     [21.5973948, 44.1833485], [21.5976295, 44.183314900000006],
     [21.5978347, 44.183253300000004],
     [21.597954100000003, 44.1832293],
     [21.5980761, 44.183235100000005],
     [21.5981995, 44.183296600000006], [21.5982826, 44.183387],
     [21.5983658, 44.183471600000004],
     [21.598397300000002, 44.183513000000005],
     [21.5984422, 44.1835332], [21.598522000000003, 44.1835534],
     [21.5985884, 44.1835582], [21.5987306, 44.183564000000004],
     [21.5989076, 44.1835794], [21.5990739, 44.1835794],
     [21.599259, 44.1835697], [21.5994494, 44.183567800000006],
     [21.599626400000002, 44.1835851],
     [21.599849000000003, 44.1836217], [21.600047500000002, 44.183639],
     [21.600240600000003, 44.183650500000006],
     [21.600452500000003, 44.183663], [21.600664400000003, 44.1836774],
     [21.600876300000003, 44.1836871],
     [21.600997000000003, 44.1836986],
     [21.601109700000002, 44.1837236],
     [21.6013108, 44.183789000000004],
     [21.601487900000002, 44.183837100000005],
     [21.601681000000003, 44.1838871], [21.601858, 44.1839169],
     [21.6020699, 44.183977500000005], [21.6022818, 44.184041],
     [21.6024588, 44.184116], [21.6026761, 44.184200600000004],
     [21.6028424, 44.184283300000004],
     [21.6030114, 44.184391000000005],
     [21.6031508, 44.184508400000006],
     [21.6032957, 44.184600700000004],
     [21.6034486, 44.184685300000005], [21.6035693, 44.1847603],
     [21.603649700000002, 44.1848353],
     [21.603719700000003, 44.184926100000006]]}},
  {"type":"Feature",
   "properties":{},
   "geometry":
   {"type":"LineString",
    "coordinates":
    [[21.603719700000003, 44.184926100000006],
     [21.6037994, 44.184892700000006],
     [21.603907500000002, 44.1848497],
     [21.6039813, 44.184816000000005], [21.604047, 44.1847785],
     [21.604092700000002, 44.1847439],
     [21.604136800000003, 44.1846996],
     [21.6041744, 44.184657300000005],
     [21.604210600000002, 44.1846073],
     [21.6042637, 44.184521200000006],
     [21.604325900000003, 44.1844188], [21.604389, 44.184321700000005],
     [21.6044573, 44.1842169], [21.6045392, 44.1840861],
     [21.6045793, 44.1840163], [21.6046486, 44.183885800000006]]}},
  {"type":"Feature",
   "properties":{},
   "geometry":
   {"type":"LineString",
    "coordinates":
    [[21.6046486, 44.183885800000006],
     [21.604724700000002, 44.1838999],
     [21.604814100000002, 44.183908100000004],
     [21.604869100000002, 44.1839062],
     [21.6049583, 44.183894200000005], [21.6050313, 44.1838783],
     [21.6051292, 44.183840800000006], [21.6051909, 44.1838187],
     [21.6052693, 44.1837978]]}},
  {"type":"Feature",
   "properties":{},
   "geometry":
   {"type":"LineString",
    "coordinates":
    [[21.6052693, 44.1837978], [21.605370800000003, 44.183779]]}},
  {"type":"Feature",
   "properties":{},
   "geometry":
   {"type":"LineString",
    "coordinates":
    [[21.605370800000003, 44.183779], [21.605427000000002, 44.1837706],
     [21.605498200000003, 44.1837625], [21.6055624, 44.18376],
     [21.6056375, 44.183761000000004], [21.6059938, 44.1837911],
     [21.6064891, 44.1838227]]}},
  {"type":"Feature",
   "properties":{},
   "geometry":
   {"type":"LineString",
    "coordinates":
    [[21.6066037, 44.1812479], [21.6062979, 44.181219000000006],
     [21.6062094, 44.1812267], [21.6061289, 44.1812556],
     [21.606067200000002, 44.181299800000005],
     [21.6060082, 44.1813671], [21.6059117, 44.181580600000004],
     [21.605884800000002, 44.1816229], [21.605839200000002, 44.181648],
     [21.6057534, 44.1816614], [21.605490600000003, 44.181646],
     [21.6054181, 44.1816576], [21.6053645, 44.181686400000004],
     [21.605343, 44.181723000000005], [21.6053564, 44.181784500000006],
     [21.6055093, 44.1822], [21.6055227, 44.182275000000004],
     [21.605512, 44.182357700000004], [21.605504, 44.182453900000006],
     [21.6055201, 44.182511600000005], [21.6055791, 44.1825732],
     [21.605914300000002, 44.182817400000005],
     [21.6060431, 44.182948200000006],
     [21.606155700000002, 44.1831175],
     [21.6062738, 44.183252100000004], [21.6065849, 44.183608],
     [21.606627800000002, 44.1836965], [21.606601, 44.183748400000006],
     [21.6065554, 44.1837907], [21.6064891, 44.1838227]]}},
  {"type":"Feature",
   "properties":{},
   "geometry":
   {"type":"LineString",
    "coordinates":
    [[21.607069600000003, 44.181338200000006],
     [21.6068244, 44.1813268], [21.6066037, 44.1812479]]}},
  {"type":"Feature",
   "properties":{},
   "geometry":
   {"type":"LineString",
    "coordinates":
    [[21.6077066, 44.1808932], [21.6076653, 44.181065200000006],
     [21.607574300000003, 44.1812136],
     [21.607342600000003, 44.1813322],
     [21.607069600000003, 44.181338200000006]]}},
  {"type":"Feature",
   "properties":{},
   "geometry":
   {"type":"LineString",
    "coordinates":
    [[21.6137456, 44.1806512], [21.6135479, 44.180572700000006],
     [21.6131424, 44.1805905], [21.613068000000002, 44.1805253],
     [21.6129356, 44.1802642], [21.612728800000003, 44.1802049],
     [21.612199200000003, 44.180139600000004],
     [21.612008900000003, 44.1800921],
     [21.611189900000003, 44.1797599],
     [21.6107596, 44.179664900000006],
     [21.6104369, 44.179475100000005], [21.6100977, 44.1792614],
     [21.6098578, 44.1791843], [21.609502000000003, 44.1790716],
     [21.6091297, 44.178881700000005], [21.6086747, 44.1787452],
     [21.608376800000002, 44.1785731],
     [21.608186500000002, 44.1785553],
     [21.608112000000002, 44.1786028],
     [21.608227900000003, 44.1787274],
     [21.608186500000002, 44.179107200000004],
     [21.6083603, 44.179469100000006],
     [21.608393300000003, 44.179670900000005],
     [21.6083272, 44.179765800000006], [21.6081262, 44.1797861],
     [21.6076422, 44.1796341],
     [21.607532900000002, 44.179670900000005],
     [21.607499800000003, 44.1798073],
     [21.607532900000002, 44.180234500000005],
     [21.6076735, 44.180578700000005], [21.6077066, 44.1808932]]}},
  {"type":"Feature",
   "properties":{},
   "geometry":
   {"type":"LineString",
    "coordinates":
    [[21.6137456, 44.1806512], [21.6139645, 44.1806727],
     [21.614412400000003, 44.1808582], [21.6146314, 44.1812294],
     [21.6148703, 44.1815007], [21.6151789, 44.1816292],
     [21.6159055, 44.1819646], [21.616024900000003, 44.1821003],
     [21.6159453, 44.1823501], [21.616064700000003, 44.1825071],
     [21.616592200000003, 44.1826213],
     [21.6169307, 44.182828300000004],
     [21.617637400000003, 44.1829497], [21.6184215, 44.1831091]]}},
  {"type":"Feature",
   "properties":{},
   "geometry":
   {"type":"LineString",
    "coordinates":
    [[21.6184215, 44.1831091], [21.6185395, 44.183147500000004],
     [21.618850600000002, 44.1833784],
     [21.6192798, 44.183432200000006], [21.6196768, 44.1833937],
     [21.6193871, 44.183016800000004], [21.6194193, 44.1829321],
     [21.6196017, 44.182901300000005],
     [21.621650900000002, 44.183016800000004],
     [21.621801100000003, 44.1830937], [21.6218225, 44.1832245],
     [21.621758200000002, 44.183324500000005],
     [21.621801100000003, 44.183478400000006],
     [21.6219298, 44.183501500000006],
     [21.6231958, 44.183147500000004],
     [21.6235177, 44.183016800000004], [21.6237001, 44.1828244],
     [21.6242902, 44.182593600000004], [21.625878, 44.1824012],
     [21.628774800000002, 44.1815549], [21.6297833, 44.1812471],
     [21.6305343, 44.1809394], [21.631392700000003, 44.18037],
     [21.632765900000003, 44.179277400000004],
     [21.6333775, 44.178277200000004],
     [21.634042700000002, 44.1773461],
     [21.634557700000002, 44.176692100000004],
     [21.635051200000003, 44.176284300000006],
     [21.635373100000002, 44.176061100000005], [21.6355018, 44.175761],
     [21.6359631, 44.1753609], [21.6364996, 44.174452900000006],
     [21.636896500000002, 44.174052800000005],
     [21.637808500000002, 44.1734987],
     [21.638226900000003, 44.1731909],
     [21.638870700000002, 44.1725676], [21.6394607, 44.1720751],
     [21.6399113, 44.171836600000006], [21.6402332, 44.1715518],
     [21.6412954, 44.170112800000005],
     [21.641509900000003, 44.1694971], [21.642325300000003, 44.168489],
     [21.6425506, 44.1683582], [21.6427438, 44.1682812],
     [21.642894000000002, 44.168135], [21.642969100000002, 44.1677271],
     [21.643087100000002, 44.167357700000004],
     [21.643569900000003, 44.167019100000005],
     [21.6439379, 44.1668413]]}},
  {"type":"Feature",
   "properties":{},
   "geometry":
   {"type":"LineString",
    "coordinates":
    [[21.6755259, 44.1265346], [21.6754651, 44.126625100000005],
     [21.675481100000002, 44.12671], [21.675523100000003, 44.12684],
     [21.6755888, 44.1271798], [21.675597500000002, 44.1274728],
     [21.6755476, 44.127755], [21.6755286, 44.1278382],
     [21.6755116, 44.127925000000005], [21.6754812, 44.1280269],
     [21.6754409, 44.128138], [21.675431200000002, 44.128223600000005],
     [21.6753845, 44.128345200000005], [21.6752495, 44.1286148],
     [21.6749791, 44.128821300000006],
     [21.6746228, 44.128962400000006], [21.6741922, 44.1290763],
     [21.6738359, 44.1292229], [21.673461800000002, 44.1293427],
     [21.6728391, 44.1294802], [21.6722524, 44.129549000000004],
     [21.671833300000003, 44.1296951], [21.6713424, 44.129781],
     [21.670552100000002, 44.130193600000005],
     [21.669354600000002, 44.1307952], [21.6687559, 44.1311046],
     [21.668456600000003, 44.131396800000005],
     [21.6681452, 44.131912500000006], [21.6677621, 44.1327633],
     [21.667319000000003, 44.1333563],
     [21.667127400000002, 44.1335454], [21.6670795, 44.1338462],
     [21.666971800000002, 44.134018100000006], [21.666726, 44.1342513],
     [21.666327900000002, 44.1347625], [21.666235, 44.134934900000005],
     [21.666083500000003, 44.135097900000005],
     [21.6659159, 44.1353093], [21.6657131, 44.135581800000004],
     [21.665435300000002, 44.135800200000006],
     [21.665127700000003, 44.1361751], [21.6648882, 44.1363556],
     [21.6648044, 44.136518900000006],
     [21.664936100000002, 44.136828300000005],
     [21.665307300000002, 44.1369915],
     [21.6656306, 44.137163400000006], [21.6656306, 44.1373697],
     [21.6653193, 44.1376189],
     [21.665187600000003, 44.138375100000005],
     [21.665031900000002, 44.139096900000006],
     [21.665055900000002, 44.139664100000005],
     [21.6649122, 44.1405922], [21.6648284, 44.1411421],
     [21.6645769, 44.1418381], [21.6646009, 44.142078700000006],
     [21.6648044, 44.142723200000006],
     [21.6648523, 44.143359100000005],
     [21.6646368, 44.143745700000004],
     [21.664253600000002, 44.1440465], [21.6639543, 44.1440551],
     [21.6634992, 44.143866], [21.6628526, 44.1434106],
     [21.662457500000002, 44.1432817],
     [21.661966500000002, 44.143290300000004],
     [21.661810900000003, 44.1433849],
     [21.661822800000003, 44.1435997],
     [21.661751000000002, 44.143754300000005],
     [21.6614876, 44.143883200000005],
     [21.6611283, 44.143934800000004], [21.6607416, 44.1440617],
     [21.660447, 44.1440244], [21.660239, 44.1440865],
     [21.6599964, 44.1442731], [21.6596845, 44.144621300000004],
     [21.6591473, 44.144708300000005],
     [21.6584194, 44.145031700000004],
     [21.657778200000003, 44.145143600000004],
     [21.657154300000002, 44.1449944],
     [21.6565824, 44.144733200000005], [21.6563398, 44.1448078],
     [21.6561665, 44.1449695], [21.6558372, 44.145143600000004],
     [21.6558026, 44.1455664], [21.6555253, 44.145914600000005],
     [21.6549187, 44.146523900000005],
     [21.654260200000003, 44.1468721],
     [21.652752500000002, 44.147133200000006],
     [21.651782, 44.147207800000004], [21.6516087, 44.147381900000006],
     [21.651544, 44.1482243], [21.650991, 44.148981000000006],
     [21.6500166, 44.150058800000004], [21.648149, 44.151384300000004],
     [21.647458800000003, 44.1518504], [21.6467685, 44.1524621],
     [21.646261000000003, 44.1528408],
     [21.645915900000002, 44.1531467], [21.6454287, 44.1535254],
     [21.644819700000003, 44.1538021],
     [21.6436017, 44.153991500000004],
     [21.642688200000002, 44.1543993],
     [21.640252200000003, 44.155812000000005],
     [21.639643200000002, 44.156409200000006],
     [21.6393184, 44.1572976], [21.6393996, 44.157923800000006],
     [21.6401101, 44.1585355], [21.6409221, 44.1592928],
     [21.641165700000002, 44.1596715],
     [21.641165700000002, 44.160137500000005],
     [21.642505500000002, 44.1606326], [21.6431754, 44.1611715],
     [21.643743800000003, 44.1618851],
     [21.644373100000003, 44.1623365],
     [21.6449415, 44.162773400000006], [21.6451445, 44.1633122],
     [21.6448806, 44.1638364], [21.6448806, 44.1643461],
     [21.6449415, 44.1647976], [21.6447994, 44.1650305],
     [21.644474600000002, 44.165176200000005],
     [21.644373100000003, 44.165423700000005],
     [21.644434, 44.165787800000004], [21.644231, 44.1661955],
     [21.6439379, 44.1668413]]}},
  {"type":"Feature",
   "properties":{},
   "geometry":
   {"type":"LineString",
    "coordinates":
    [[21.6755259, 44.1265346], [21.6772132, 44.1263279],
     [21.6777304, 44.1264229], [21.6781483, 44.1264133],
     [21.6788448, 44.126660900000005], [21.6790561, 44.1266824],
     [21.6794267, 44.1266325], [21.679687700000002, 44.126654],
     [21.680216400000003, 44.1272006], [21.680759400000003, 44.127474],
     [21.681163100000003, 44.127540100000004],
     [21.681381100000003, 44.1274403], [21.6816587, 44.1274692],
     [21.6821062, 44.127810600000004], [21.6828125, 44.1280378],
     [21.683759400000003, 44.1282361], [21.6846584, 44.1282453],
     [21.6852033, 44.128059400000005], [21.685776800000003, 44.12753],
     [21.686828600000002, 44.1273147], [21.6874979, 44.1271162],
     [21.688529300000003, 44.1272431], [21.6891515, 44.127166],
     [21.6896451, 44.126811800000006], [21.6900742, 44.12655],
     [21.6905092, 44.126409200000005]]}},
  {"type":"Feature",
   "properties":{},
   "geometry":
   {"type":"LineString",
    "coordinates":
    [[21.6905092, 44.126409200000005],
     [21.6913515, 44.126073000000005],
     [21.691566100000003, 44.1260221], [21.692326, 44.126003000000004],
     [21.693043900000003, 44.1260534], [21.6935828, 44.1261067],
     [21.6939338, 44.1261073], [21.694237, 44.126010900000004],
     [21.694750300000003, 44.125851700000005],
     [21.6949808, 44.1258214], [21.6954776, 44.125953900000006],
     [21.696033, 44.1261233], [21.696179200000003, 44.126109400000004],
     [21.696679200000002, 44.125695900000004],
     [21.6968809, 44.1254537],
     [21.697042800000002, 44.125362900000006],
     [21.6973515, 44.1252902],
     [21.697536900000003, 44.125206000000006],
     [21.697740200000002, 44.1249592],
     [21.697919600000002, 44.1248608],
     [21.698213600000003, 44.124765200000006], [21.698428, 44.1248123],
     [21.6986883, 44.1248208], [21.6991632, 44.124646600000005],
     [21.6996441, 44.1244852], [21.700101200000002, 44.124398],
     [21.700635700000003, 44.124346800000005],
     [21.7008203, 44.124247000000004],
     [21.700964600000002, 44.1239877], [21.7012439, 44.1236827],
     [21.701534900000002, 44.123529000000005],
     [21.701821900000002, 44.1234209],
     [21.7029806, 44.123122900000006],
     [21.7031782, 44.122899700000005], [21.703861, 44.1226137],
     [21.7044411, 44.1222956], [21.7050212, 44.122029000000005],
     [21.7055411, 44.1219003], [21.7062026, 44.121850200000004],
     [21.707218100000002, 44.121871500000005],
     [21.709085700000003, 44.1219753],
     [21.7107594, 44.122083100000005]]}},
  {"type":"Feature",
   "properties":{},
   "geometry":
   {"type":"LineString",
    "coordinates":
    [[21.7107594, 44.122083100000005], [21.7099924, 44.1218537],
     [21.7083179, 44.121414400000006],
     [21.707676600000003, 44.1212018],
     [21.707258000000003, 44.120989200000004],
     [21.7066275, 44.1208095], [21.7062171, 44.1205599],
     [21.7059566, 44.120398400000006], [21.7057536, 44.1203323],
     [21.7054563, 44.1203032], [21.7052638, 44.1202504],
     [21.7051225, 44.120145900000004],
     [21.7048586, 44.119741700000006],
     [21.7047661, 44.119522100000005], [21.7047612, 44.1192915],
     [21.704778, 44.118926800000004], [21.7046846, 44.118601600000005],
     [21.704400800000002, 44.118232500000005],
     [21.704174100000003, 44.1165188], [21.7041247, 44.1161557],
     [21.7040477, 44.1159906],
     [21.703915600000002, 44.115835700000005], [21.7033236, 44.115405],
     [21.703098, 44.1152777], [21.7029056, 44.1152138],
     [21.7027082, 44.115177100000004],
     [21.7025258, 44.115095800000006],
     [21.702359400000002, 44.114958300000005],
     [21.7021617, 44.114660900000004], [21.7021295, 44.1145061],
     [21.702150300000003, 44.114369800000006],
     [21.7024578, 44.1139188],
     [21.702513200000002, 44.113767200000005],
     [21.7025437, 44.113602300000004],
     [21.7024982, 44.113434700000006], [21.7022818, 44.1131503],
     [21.7021458, 44.112927400000004],
     [21.7021087, 44.112770700000006]]}},
  {"type":"Feature",
   "properties":{},
   "geometry":
   {"type":"LineString",
    "coordinates":
    [[21.7021087, 44.112770700000006],
     [21.702154500000002, 44.1124768], [21.7021315, 44.1123459],
     [21.701901300000003, 44.1121629], [21.7018227, 44.1120832],
     [21.701777200000002, 44.1120007],
     [21.701766900000003, 44.1119391], [21.7019047, 44.1115368],
     [21.701912800000002, 44.111416000000006],
     [21.701873900000002, 44.1113214],
     [21.7017984, 44.111234800000005], [21.7016394, 44.1111542],
     [21.7006985, 44.110868200000006],
     [21.700551800000003, 44.1108374],
     [21.700249000000003, 44.1108168], [21.6999342, 44.1108111],
     [21.6997612, 44.1107986], [21.6996107, 44.1107461]]}}]}
