{"type":"FeatureCollection",
 "properties":{},
 "features":
 [{"type":"Feature",
   "properties":{},
   "geometry":
   {"type":"LineString",
    "coordinates":
    [[21.700648400000002, 44.1082714], [21.7006389, 44.1084131],
     [21.700614700000003, 44.1085873],
     [21.7005579, 44.108673700000004],
     [21.700454800000003, 44.1087591],
     [21.700124900000002, 44.108949100000004], [21.6998903, 44.109112],
     [21.699746400000002, 44.1093045],
     [21.699658200000002, 44.1098227],
     [21.6997183, 44.110082500000004], [21.6996563, 44.1102885],
     [21.6996724, 44.110671800000006], [21.6996107, 44.1107461]]}},
  {"type":"Feature",
   "properties":{},
   "geometry":
   {"type":"LineString",
    "coordinates":
    [[21.700648400000002, 44.1082714],
     [21.701070400000003, 44.1081814], [21.70184, 44.1079537],
     [21.7024596, 44.107775700000005],
     [21.7031481, 44.107696600000004], [21.7040294, 44.1079537],
     [21.704538900000003, 44.108102], [21.7052687, 44.108003100000005],
     [21.705819400000003, 44.1078746],
     [21.7064942, 44.107815300000006], [21.7070174, 44.1079735],
     [21.707816, 44.108151400000004], [21.709289400000003, 44.1082404],
     [21.710046700000003, 44.108309600000005],
     [21.710872900000002, 44.108220700000004],
     [21.7120433, 44.108260200000004], [21.712442600000003, 44.108369],
     [21.712872800000003, 44.108442600000004]]}},
  {"type":"Feature",
   "properties":{},
   "geometry":
   {"type":"LineString",
    "coordinates":
    [[21.712872800000003, 44.108442600000004],
     [21.713066700000002, 44.108369100000004],
     [21.713973300000003, 44.108527], [21.7145526, 44.108604],
     [21.7158455, 44.108646400000005], [21.7165643, 44.108708],
     [21.717835700000002, 44.109062400000006],
     [21.7186564, 44.1092858], [21.719284100000003, 44.1093975],
     [21.720721700000002, 44.109347400000004],
     [21.7213923, 44.1094321],
     [21.722025300000002, 44.109555400000005],
     [21.722615400000002, 44.109867400000006],
     [21.723023100000002, 44.1103527], [21.7234093, 44.1108149]]}},
  {"type":"Feature",
   "properties":{},
   "geometry":
   {"type":"LineString",
    "coordinates":
    [[21.7234093, 44.1108149], [21.7234963, 44.1112666],
     [21.7232603, 44.111782700000006], [21.7234963, 44.1121678],
     [21.722766800000002, 44.112645400000005],
     [21.722825, 44.113124400000004]]}},
  {"type":"Feature",
   "properties":{},
   "geometry":
   {"type":"LineString",
    "coordinates":
    [[21.722825, 44.113124400000004], [21.723940300000002, 44.1133419],
     [21.724449800000002, 44.1132134],
     [21.726322500000002, 44.113579200000004],
     [21.7269559, 44.1140537], [21.727658100000003, 44.1144491],
     [21.7279394, 44.114525400000005]]}},
  {"type":"Feature",
   "properties":{},
   "geometry":
   {"type":"LineString",
    "coordinates":
    [[21.7288974, 44.1213046], [21.729176000000002, 44.1195651],
     [21.7287576, 44.1188565], [21.728510800000002, 44.1183867],
     [21.728993600000003, 44.117516300000005],
     [21.7286718, 44.116060600000004], [21.7285001, 44.1153057],
     [21.7279394, 44.114525400000005]]}},
  {"type":"Feature",
   "properties":{},
   "geometry":
   {"type":"LineString",
    "coordinates":
    [[21.7288974, 44.1213046], [21.729073500000002, 44.1213283],
     [21.7299426, 44.1216518], [21.730436100000002, 44.121698],
     [21.7317879, 44.1221216], [21.7322171, 44.1223295],
     [21.7329681, 44.1226068], [21.7334187, 44.123531],
     [21.734352100000002, 44.124070100000004],
     [21.734899300000002, 44.124301200000005],
     [21.735897100000003, 44.1244321], [21.7363584, 44.1245399],
     [21.736637400000003, 44.124717000000004],
     [21.7369807, 44.1247093], [21.7379259, 44.1246967]]}},
  {"type":"Feature",
   "properties":{},
   "geometry":
   {"type":"LineString",
    "coordinates":
    [[21.7379259, 44.1246967], [21.739287400000002, 44.1246785],
     [21.7410898, 44.1246323], [21.7416585, 44.1247093],
     [21.7419565, 44.1249107], [21.742205600000002, 44.125079],
     [21.7426241, 44.1254025],
     [21.743096100000002, 44.125841400000006],
     [21.7433669, 44.1259652], [21.7435575, 44.1259262],
     [21.743654000000003, 44.125802900000004],
     [21.743643300000002, 44.1253794], [21.7437721, 44.1249635],
     [21.743750600000002, 44.1247478], [21.7437399, 44.1243782],
     [21.743836400000003, 44.1241779],
     [21.744126100000003, 44.123908300000004],
     [21.7446948, 44.1234771], [21.7450166, 44.123238300000004],
     [21.745173700000002, 44.1232078],
     [21.745113200000002, 44.123323000000006],
     [21.744845, 44.123584900000004],
     [21.744608900000003, 44.123850600000004],
     [21.7444266, 44.1241933], [21.744405, 44.1245245],
     [21.744630400000002, 44.1248403],
     [21.7450702, 44.125063600000004],
     [21.745821300000003, 44.125202200000004],
     [21.7465508, 44.1253486], [21.7468727, 44.1254949],
     [21.7470122, 44.125772100000006], [21.747098, 44.126126400000004],
     [21.7474628, 44.126211100000006],
     [21.747849000000002, 44.1262034],
     [21.748149400000003, 44.126349700000006],
     [21.748288900000002, 44.126141800000006],
     [21.7485249, 44.1258337],
     [21.748771700000002, 44.125664300000004],
     [21.7491579, 44.125618100000004],
     [21.7496729, 44.125664300000004],
     [21.7501986, 44.125710500000004], [21.7506492, 44.1256335],
     [21.750896, 44.125518], [21.7509175, 44.1253948],
     [21.7506492, 44.1253717], [21.750263, 44.125433300000005],
     [21.7500484, 44.1253717], [21.749436900000003, 44.125002],
     [21.7492008, 44.1249404], [21.748771700000002, 44.1248634],
     [21.7483533, 44.1249327],
     [21.747999200000002, 44.124809500000005],
     [21.747773900000002, 44.124563], [21.7478705, 44.1243782],
     [21.748321100000002, 44.1243166],
     [21.7487502, 44.124301200000005], [21.7495549, 44.1242164],
     [21.7504454, 44.1240085], [21.7510677, 44.1235541],
     [21.751732800000003, 44.123145900000004],
     [21.7521084, 44.1229919], [21.7523766, 44.123015],
     [21.7525918, 44.1232155],
     [21.752404900000002, 44.123423200000005],
     [21.751895100000002, 44.123723600000005], [21.7514016, 44.123885],
     [21.751154500000002, 44.124008]]}},
  {"type":"Feature",
   "properties":{},
   "geometry":
   {"type":"LineString",
    "coordinates":
    [[21.751154500000002, 44.124008], [21.7511836, 44.1243393]]}},
  {"type":"Feature",
   "properties":{},
   "geometry":
   {"type":"LineString",
    "coordinates":
    [[21.7511836, 44.1243393], [21.751423300000003, 44.1244789],
     [21.751722400000002, 44.124529100000004],
     [21.751979600000002, 44.1245233],
     [21.752355100000003, 44.1244711], [21.752956, 44.1243439],
     [21.753470800000002, 44.1243172],
     [21.753932300000002, 44.1242017], [21.7541362, 44.1240437],
     [21.7544748, 44.1239222], [21.754630600000002, 44.1236617],
     [21.7557562, 44.122591400000005],
     [21.7589212, 44.121528600000005], [21.7602945, 44.120612],
     [21.761785800000002, 44.1193412],
     [21.7641139, 44.117500400000004],
     [21.764789800000003, 44.1172308],
     [21.766431400000002, 44.116406600000005],
     [21.7665663, 44.1161459], [21.7674828, 44.1157586],
     [21.767567500000002, 44.115708700000006],
     [21.7676522, 44.1156415], [21.7678647, 44.115441600000004],
     [21.7679134, 44.1154102], [21.767964900000003, 44.1153885],
     [21.768485100000003, 44.1152785],
     [21.7691118, 44.115103700000006],
     [21.769217700000002, 44.1150742], [21.7701408, 44.1148565],
     [21.7706424, 44.1147216],
     [21.771195000000002, 44.114510800000005],
     [21.771495400000003, 44.1143385],
     [21.771775700000003, 44.1142653], [21.7721793, 44.114092],
     [21.7742098, 44.1134642],
     [21.774622800000003, 44.113311100000004],
     [21.7750466, 44.113215700000005], [21.7756487, 44.1131474],
     [21.776197200000002, 44.1131791],
     [21.7783403, 44.112938500000006], [21.779094, 44.1130203],
     [21.7798477, 44.1131984], [21.781036, 44.113235],
     [21.781559, 44.1134025], [21.7821746, 44.1137212],
     [21.782661400000002, 44.1141632], [21.783175, 44.1147669],
     [21.7833426, 44.1150645], [21.783550100000003, 44.1152791],
     [21.783881, 44.1155283], [21.7840776, 44.116058],
     [21.784796500000002, 44.1169169], [21.7850673, 44.1174156],
     [21.7854321, 44.1175389], [21.7857111, 44.1176775],
     [21.786322600000002, 44.1181551],
     [21.786655200000002, 44.1185787],
     [21.786891200000003, 44.1187173], [21.787170200000002, 44.11901],
     [21.788103600000003, 44.119418200000005],
     [21.7888975, 44.119764800000006], [21.7893696, 44.1202115],
     [21.789906000000002, 44.1208662], [21.7904747, 44.1212436],
     [21.7910004, 44.1219599], [21.791086200000002, 44.1223912],
     [21.791215, 44.1227146], [21.791719200000003, 44.1232229],
     [21.7924702, 44.1240624], [21.792717, 44.124201],
     [21.7934895, 44.1249173], [21.794173100000002, 44.1252871]]}},
  {"type":"Feature",
   "properties":{},
   "geometry":
   {"type":"LineString",
    "coordinates":
    [[21.794173100000002, 44.1252871], [21.7943713, 44.1253943]]}},
  {"type":"Feature",
   "properties":{},
   "geometry":
   {"type":"LineString",
    "coordinates":
    [[21.7943713, 44.1253943], [21.7949093, 44.1256854],
     [21.794970000000003, 44.1257182],
     [21.795592300000003, 44.126345900000004],
     [21.7961288, 44.1270198], [21.7966437, 44.1276127],
     [21.7973825, 44.1282471], [21.7977917, 44.1285176],
     [21.7980385, 44.1287351], [21.7982209, 44.1290143],
     [21.798316500000002, 44.1291911],
     [21.798574900000002, 44.129668900000006],
     [21.798658600000003, 44.129781400000006]]}},
  {"type":"Feature",
   "properties":{},
   "geometry":
   {"type":"LineString",
    "coordinates":
    [[21.798658600000003, 44.129781400000006],
     [21.798689500000002, 44.1298228]]}},
  {"type":"Feature",
   "properties":{},
   "geometry":
   {"type":"LineString",
    "coordinates":
    [[21.798689500000002, 44.1298228], [21.7989934, 44.130231],
     [21.800752900000003, 44.131963600000006],
     [21.801257200000002, 44.132248600000004],
     [21.8015468, 44.132702900000005],
     [21.801890200000003, 44.1329185],
     [21.8025553, 44.133118700000004],
     [21.8026626, 44.133326600000004], [21.8025661, 44.1338887],
     [21.803016600000003, 44.134381600000005],
     [21.8038965, 44.1353364],
     [21.804229000000003, 44.135983200000005],
     [21.8047869, 44.136722400000004],
     [21.8053095, 44.137138300000004],
     [21.8054521, 44.137423000000005],
     [21.8087731, 44.139621500000004],
     [21.809409300000002, 44.1399878],
     [21.8113148, 44.140732400000005], [21.8116726, 44.1409074],
     [21.8120167, 44.141474], [21.8128172, 44.142866100000006],
     [21.813178500000003, 44.143199300000006],
     [21.813414700000003, 44.143466200000006],
     [21.8135626, 44.143699700000006], [21.813843600000002, 44.143906],
     [21.8141046, 44.1443639], [21.8141281, 44.1448893],
     [21.813960100000003, 44.1452455],
     [21.813671900000003, 44.1456376], [21.8135765, 44.1459338],
     [21.8135736, 44.146132200000004],
     [21.813634500000003, 44.146330500000005], [21.814081, 44.1469473],
     [21.8144797, 44.147361800000006], [21.8148184, 44.1477013],
     [21.815097400000003, 44.147863], [21.8153612, 44.1479993],
     [21.815598700000002, 44.148133900000005],
     [21.8159163, 44.1483281], [21.8161409, 44.1485046],
     [21.816724100000002, 44.149102400000004],
     [21.816931500000003, 44.1493727],
     [21.817016300000002, 44.149824300000006],
     [21.817135800000003, 44.1502187],
     [21.817345600000003, 44.1504422],
     [21.817687900000003, 44.1505987],
     [21.818157900000003, 44.1507852],
     [21.818519900000002, 44.1510193],
     [21.818927600000002, 44.1512156],
     [21.819110000000002, 44.1513811], [21.8192209, 44.1516449],
     [21.8192923, 44.152343300000005], [21.8193267, 44.152822]]}},
  {"type":"Feature",
   "properties":{},
   "geometry":
   {"type":"LineString",
    "coordinates":
    [[21.8193267, 44.152822], [21.8194379, 44.153108800000005],
     [21.819907, 44.1538422], [21.8199231, 44.1542055],
     [21.8200863, 44.1544448], [21.8207913, 44.154754000000004],
     [21.8210647, 44.154978400000005], [21.8215612, 44.1550188],
     [21.8226815, 44.155190000000005], [21.823601, 44.1554572],
     [21.825726600000003, 44.156252800000004], [21.827987, 44.1577733],
     [21.8286827, 44.158866100000004],
     [21.828711300000002, 44.159531300000005],
     [21.8288745, 44.1600521], [21.8295898, 44.160660400000005],
     [21.829622, 44.1607697], [21.829863600000003, 44.1615904],
     [21.829469900000003, 44.1627025],
     [21.829438800000002, 44.1632357], [21.8290663, 44.1636042],
     [21.828675, 44.163820900000005], [21.828090000000003, 44.1643046],
     [21.8278754, 44.164774], [21.8268644, 44.1652922],
     [21.8266291, 44.1655858], [21.826562600000003, 44.1658005],
     [21.826731600000002, 44.1661457],
     [21.826543700000002, 44.1663908],
     [21.826362600000003, 44.166628800000005],
     [21.8254933, 44.167075600000004], [21.8247913, 44.1676584],
     [21.8239379, 44.168067900000004], [21.8236053, 44.1681449],
     [21.822468100000002, 44.168044800000004], [21.822232, 44.1679602],
     [21.8219853, 44.167814], [21.821556100000002, 44.167737],
     [21.8211283, 44.1679752], [21.820476000000003, 44.1683557],
     [21.8202171, 44.1688138], [21.8198784, 44.169812900000004],
     [21.8195541, 44.1704614], [21.818898100000002, 44.1711509],
     [21.818423300000003, 44.1715078],
     [21.817635300000003, 44.1721662], [21.8172798, 44.1725135],
     [21.816762500000003, 44.1728649],
     [21.8157089, 44.173462400000005], [21.8154977, 44.1738823],
     [21.8153039, 44.1742781], [21.8150544, 44.1746859],
     [21.8149142, 44.1749175], [21.8145287, 44.1751091],
     [21.8135651, 44.175645800000005], [21.8126512, 44.1761326],
     [21.811136700000002, 44.1766712], [21.8101884, 44.1770322],
     [21.809297500000003, 44.1773298], [21.8088532, 44.1775253],
     [21.8076408, 44.1782486], [21.8067207, 44.1791725],
     [21.8056774, 44.180202900000005], [21.805493300000002, 44.181269],
     [21.8056285, 44.1816617], [21.8058598, 44.181941800000004],
     [21.8060428, 44.1820967], [21.805913500000003, 44.1821957],
     [21.8056436, 44.182293], [21.8051317, 44.1822765],
     [21.8044784, 44.182296], [21.8042014, 44.182466700000006],
     [21.803948700000003, 44.1827976], [21.8033386, 44.1837268],
     [21.8029416, 44.1841268],
     [21.802147700000003, 44.184626900000005],
     [21.801905100000003, 44.1848588],
     [21.8018828, 44.184989400000006], [21.8015361, 44.1855732],
     [21.800720700000003, 44.1872735], [21.800431, 44.188042800000005],
     [21.800495400000003, 44.188712100000004],
     [21.799948200000003, 44.189612200000006],
     [21.799878500000002, 44.1898276], [21.799959, 44.190035300000005],
     [21.800038, 44.190149500000004], [21.800281000000002, 44.1903501],
     [21.8003614, 44.190421400000005], [21.8003784, 44.1904862],
     [21.8003746, 44.190579500000005], [21.8003345, 44.1906468],
     [21.8001726, 44.1907507],
     [21.799920200000003, 44.190881700000006],
     [21.799613500000003, 44.191006300000005],
     [21.7990363, 44.1911969], [21.7986767, 44.1912692],
     [21.798317, 44.191328600000006], [21.798032600000003, 44.1913368],
     [21.7977254, 44.191276], [21.7973706, 44.1911393],
     [21.796975, 44.1909733], [21.7960144, 44.1904794],
     [21.795699600000003, 44.190366100000006], [21.795258, 44.190277],
     [21.794839600000003, 44.1901518], [21.7943907, 44.1899737],
     [21.7941636, 44.1899127], [21.7939888, 44.189873500000004],
     [21.7937869, 44.1898594], [21.793598600000003, 44.1898605],
     [21.793402500000003, 44.189889400000006],
     [21.7926027, 44.1900552]]}},
  {"type":"Feature",
   "properties":{},
   "geometry":
   {"type":"LineString",
    "coordinates":
    [[21.787253200000002, 44.1914898], [21.7878015, 44.1914372],
     [21.7883992, 44.191343800000006], [21.788882, 44.191213000000005],
     [21.789751000000003, 44.1908668],
     [21.7905878, 44.190505300000005], [21.7908453, 44.1904283],
     [21.791399100000003, 44.190317300000004],
     [21.7919841, 44.190200000000004], [21.7926027, 44.1900552]]}},
  {"type":"Feature",
   "properties":{},
   "geometry":
   {"type":"LineString",
    "coordinates":
    [[21.783979900000002, 44.1929615], [21.7840801, 44.192728],
     [21.7841513, 44.1926605], [21.7842056, 44.1926319],
     [21.784268, 44.192615100000005], [21.7843318, 44.192604700000004],
     [21.7844576, 44.1926105], [21.784773400000002, 44.192642],
     [21.784947000000003, 44.192654600000004],
     [21.7850489, 44.1926421], [21.7852037, 44.1926136],
     [21.785365300000002, 44.1925576],
     [21.7854375, 44.192519000000004], [21.7855221, 44.1924421],
     [21.785556, 44.19239], [21.785580200000002, 44.192332500000006],
     [21.785588100000002, 44.1922866],
     [21.785583600000002, 44.1922182], [21.7855381, 44.1921115],
     [21.785429500000003, 44.191945100000005],
     [21.7854144, 44.191883100000005], [21.7854236, 44.1918415],
     [21.7854381, 44.1918013],
     [21.785481100000002, 44.191767000000006],
     [21.7855564, 44.191745700000006], [21.785654100000002, 44.191723],
     [21.785845400000003, 44.191677600000006],
     [21.786062400000002, 44.1916305],
     [21.786303800000002, 44.191593600000004],
     [21.786741900000003, 44.191535900000005],
     [21.787253200000002, 44.1914898]]}},
  {"type":"Feature",
   "properties":{},
   "geometry":
   {"type":"LineString",
    "coordinates":
    [[21.783944100000003, 44.193037700000005],
     [21.7839624, 44.192998700000004],
     [21.783979900000002, 44.1929615]]}},
  {"type":"Feature",
   "properties":{},
   "geometry":
   {"type":"LineString",
    "coordinates":
    [[21.783869300000003, 44.193213400000005],
     [21.783944100000003, 44.193037700000005]]}},
  {"type":"Feature",
   "properties":{},
   "geometry":
   {"type":"LineString",
    "coordinates":
    [[21.783549800000003, 44.1938429],
     [21.7837071, 44.193578800000004],
     [21.783793600000003, 44.1933906],
     [21.783869300000003, 44.193213400000005]]}},
  {"type":"Feature",
   "properties":{},
   "geometry":
   {"type":"LineString",
    "coordinates":
    [[21.783549800000003, 44.1938429],
     [21.783482000000003, 44.1937815],
     [21.783335100000002, 44.193650500000004],
     [21.7830474, 44.193386100000005],
     [21.782882400000002, 44.1932077]]}},
  {"type":"Feature",
   "properties":{},
   "geometry":
   {"type":"LineString",
    "coordinates":
    [[21.782882400000002, 44.1932077],
     [21.782765100000002, 44.1930813]]}},
  {"type":"Feature",
   "properties":{},
   "geometry":
   {"type":"LineString",
    "coordinates":
    [[21.782765100000002, 44.1930813],
     [21.782736500000002, 44.193063300000006],
     [21.7826957, 44.1930616], [21.7826625, 44.1930679],
     [21.7826284, 44.1930842], [21.782590300000003, 44.1931158],
     [21.7825348, 44.1931474], [21.782399700000003, 44.1931991],
     [21.782239500000003, 44.193291], [21.7821092, 44.1933311],
     [21.782007200000002, 44.1933394],
     [21.7817553, 44.193331400000005],
     [21.781624200000003, 44.193319100000004], [21.7815575, 44.193302],
     [21.7815099, 44.1932775], [21.7814476, 44.1932102],
     [21.781375800000003, 44.1931304],
     [21.781200300000002, 44.1930137],
     [21.781092100000002, 44.1929492], [21.7810057, 44.1929194],
     [21.7809099, 44.1929055], [21.7805985, 44.192890000000006],
     [21.780151, 44.192902200000006], [21.779845400000003, 44.192909],
     [21.779587900000003, 44.192937400000005],
     [21.7792722, 44.1929911],
     [21.779006600000002, 44.193057800000005],
     [21.778719300000002, 44.1931298]]}},
  {"type":"Feature",
   "properties":{},
   "geometry":
   {"type":"LineString",
    "coordinates":
    [[21.778719300000002, 44.1931298],
     [21.778535400000003, 44.1931771], [21.7780308, 44.1933116],
     [21.7776865, 44.193370200000004], [21.777332, 44.1934558],
     [21.7769809, 44.193502200000005],
     [21.776554700000002, 44.193507100000005],
     [21.7760809, 44.1935609], [21.775678600000003, 44.1936538],
     [21.7753412, 44.193798], [21.774887800000002, 44.193978800000004],
     [21.774301400000002, 44.194218400000004], [21.773831, 44.1944188],
     [21.7736026, 44.194619200000005], [21.7735992, 44.1949443],
     [21.7736196, 44.1953353], [21.7737355, 44.1956848],
     [21.7738753, 44.195985500000006],
     [21.774088300000003, 44.1963628]]}},
  {"type":"Feature",
   "properties":{},
   "geometry":
   {"type":"LineString",
    "coordinates":
    [[21.7603601, 44.196735100000005], [21.760456, 44.196743700000006],
     [21.760630300000003, 44.1967331], [21.7612419, 44.196736],
     [21.7616911, 44.1967081], [21.7619687, 44.1967033],
     [21.7623603, 44.196723500000004],
     [21.7627345, 44.196739900000004], [21.7630336, 44.1967822],
     [21.763115300000003, 44.1967859], [21.7631972, 44.1967841],
     [21.7632893, 44.1967755], [21.7633796, 44.196760100000006],
     [21.76357, 44.196713900000006], [21.7640126, 44.196631200000006],
     [21.764541, 44.196536], [21.7647663, 44.1964764],
     [21.7650855, 44.196413], [21.7654207, 44.1963524],
     [21.7655488, 44.1963371], [21.7656782, 44.1963293],
     [21.7657701, 44.196328400000006],
     [21.765862000000002, 44.1963312],
     [21.7660604, 44.196333100000004],
     [21.766130800000003, 44.196327000000004],
     [21.7661999, 44.1963158], [21.7662634, 44.1963007],
     [21.7663246, 44.1962812], [21.7664453, 44.1962283],
     [21.766599600000003, 44.1961303],
     [21.7669442, 44.195954300000004], [21.7671883, 44.1958447],
     [21.767305200000003, 44.1958053], [21.767427, 44.195774500000006],
     [21.7675178, 44.1957578],
     [21.767610100000002, 44.195745900000006],
     [21.7677033, 44.1957389], [21.767773700000003, 44.1957346],
     [21.7678602, 44.195742300000006], [21.767934, 44.195754300000004],
     [21.7681593, 44.1958697], [21.768187, 44.195891700000004],
     [21.7682085, 44.195917], [21.768223000000003, 44.195944700000005],
     [21.7682298, 44.195972100000006],
     [21.7682298, 44.196000000000005],
     [21.768223000000003, 44.196027400000006],
     [21.768171300000002, 44.1961851],
     [21.7681702, 44.196210900000004],
     [21.7681763, 44.196236400000004], [21.7681894, 44.1962605],
     [21.7682089, 44.196282200000006], [21.7682392, 44.1963036],
     [21.768275600000003, 44.196319300000006],
     [21.7683162, 44.196328300000005],
     [21.7685764, 44.196339900000005],
     [21.768992100000002, 44.1963341],
     [21.769606300000003, 44.196339900000005],
     [21.7700569, 44.196358100000005],
     [21.7703399, 44.196349500000004],
     [21.770648400000002, 44.196392800000005],
     [21.770896500000003, 44.1964197], [21.7713699, 44.1964283],
     [21.7723891, 44.1964466],
     [21.773231300000003, 44.196422600000005],
     [21.7739756, 44.1963735], [21.774088300000003, 44.1963628]]}},
  {"type":"Feature",
   "properties":{},
   "geometry":
   {"type":"LineString",
    "coordinates":
    [[21.7519534, 44.200053100000005],
     [21.7519718, 44.200031700000004], [21.7519983, 44.2000151],
     [21.7520667, 44.1999993], [21.752339600000003, 44.1999507],
     [21.7524757, 44.1999185], [21.7529961, 44.199750300000005],
     [21.7533669, 44.1996243], [21.7535828, 44.1995512],
     [21.753725000000003, 44.199483900000004], [21.753855, 44.1994397],
     [21.7540482, 44.199394500000004], [21.7543566, 44.1993378],
     [21.7547174, 44.199282000000004],
     [21.754771100000003, 44.1992716], [21.7548223, 44.1992561],
     [21.7548703, 44.199235900000005], [21.7549151, 44.1992106],
     [21.7549548, 44.199181100000004], [21.7550433, 44.1990744],
     [21.7551546, 44.198951300000004], [21.755282, 44.1988051],
     [21.755337, 44.198709], [21.755346900000003, 44.198687400000004],
     [21.755364800000002, 44.198668600000005],
     [21.7553893, 44.1986542],
     [21.755411000000002, 44.198646800000006],
     [21.7554343, 44.1986429], [21.7554583, 44.1986427],
     [21.755978000000002, 44.1986878],
     [21.756542600000003, 44.198723400000006],
     [21.756661400000002, 44.1987244],
     [21.756780000000003, 44.1987186],
     [21.756875800000003, 44.198708800000006],
     [21.7569704, 44.1986946], [21.7572708, 44.1986013],
     [21.757506900000003, 44.198547500000004],
     [21.757960200000003, 44.1985138], [21.7584175, 44.1984609],
     [21.7584604, 44.1984597], [21.7585033, 44.1984609],
     [21.758562, 44.1984666], [21.758619500000002, 44.1984769],
     [21.758675, 44.198491700000005],
     [21.758892200000002, 44.198615700000005], [21.7590237, 44.198658],
     [21.759061300000003, 44.198665000000005],
     [21.759100200000002, 44.1986647],
     [21.7591377, 44.198657100000005],
     [21.7591657, 44.198645600000006], [21.7591897, 44.1986301],
     [21.7592083, 44.1986111], [21.7592208, 44.1985898],
     [21.7592329, 44.198524400000004],
     [21.759222100000002, 44.198388800000004],
     [21.7591766, 44.1981571], [21.7591763, 44.198121300000004],
     [21.7591846, 44.198086], [21.7591974, 44.1980583],
     [21.759215400000002, 44.198032100000006],
     [21.759316000000002, 44.1979513],
     [21.7593816, 44.197893300000004], [21.7594394, 44.1978312],
     [21.759491, 44.197762600000004], [21.7595333, 44.197690800000004],
     [21.759629800000003, 44.197428300000006],
     [21.759682100000003, 44.1972754],
     [21.7596795, 44.197191800000006],
     [21.759662000000002, 44.1970812],
     [21.759648600000002, 44.1970187], [21.759646, 44.1969998],
     [21.7596513, 44.1969812],
     [21.759665700000003, 44.196963200000006],
     [21.759687500000002, 44.1969495],
     [21.7599531, 44.196877400000005], [21.7603131, 44.1967711],
     [21.760346700000003, 44.196753300000005],
     [21.7603601, 44.196735100000005]]}},
  {"type":"Feature",
   "properties":{},
   "geometry":
   {"type":"LineString",
    "coordinates":
    [[21.7518964, 44.2021202], [21.7518852, 44.2021001],
     [21.751879600000002, 44.202078900000004],
     [21.7518803, 44.2020533],
     [21.751889000000002, 44.202028600000006],
     [21.751905100000002, 44.2020058],
     [21.752102200000003, 44.201802900000004],
     [21.752467000000003, 44.2014318], [21.752589, 44.201272200000005],
     [21.7526163, 44.2012161], [21.7526316, 44.2011576],
     [21.7526346, 44.201098200000004], [21.7526255, 44.2010395],
     [21.7526043, 44.2009823],
     [21.752571600000003, 44.200928000000005],
     [21.7522491, 44.200528600000005], [21.7520405, 44.2002704],
     [21.7519701, 44.2001666], [21.7519473, 44.200106500000004],
     [21.7519439, 44.2000885], [21.751946, 44.2000705],
     [21.7519534, 44.200053100000005]]}},
  {"type":"Feature",
   "properties":{},
   "geometry":
   {"type":"LineString",
    "coordinates":
    [[21.7520104, 44.2021899], [21.7518964, 44.2021202]]}},
  {"type":"Feature",
   "properties":{},
   "geometry":
   {"type":"LineString",
    "coordinates":
    [[21.752933900000002, 44.203493300000005],
     [21.752866700000002, 44.2033873],
     [21.7527964, 44.203261100000006], [21.7527352, 44.2031326],
     [21.752609200000002, 44.2028249],
     [21.752472400000002, 44.202379300000004],
     [21.752460300000003, 44.2023537], [21.752442000000002, 44.20233],
     [21.7524181, 44.2023091], [21.7523835, 44.202288700000004],
     [21.7523436, 44.202274], [21.752205500000002, 44.202249],
     [21.7520969, 44.202223800000006], [21.7520104, 44.2021899]]}},
  {"type":"Feature",
   "properties":{},
   "geometry":
   {"type":"LineString",
    "coordinates":
    [[21.752933900000002, 44.203493300000005],
     [21.752321600000002, 44.2036461], [21.751809, 44.2037714],
     [21.751339400000003, 44.203872000000004], [21.7505978, 44.204027],
     [21.750179600000003, 44.204084], [21.749767900000002, 44.2041333],
     [21.7489659, 44.204228900000004], [21.7486335, 44.2042568]]}},
  {"type":"Feature",
   "properties":{},
   "geometry":
   {"type":"LineString",
    "coordinates":
    [[21.7486335, 44.2042568], [21.7483012, 44.204267400000006],
     [21.748241, 44.2042693], [21.747645000000002, 44.2042604],
     [21.7469378, 44.204229100000006],
     [21.746591600000002, 44.204193100000005],
     [21.7462711, 44.2041497], [21.745413600000003, 44.2040658],
     [21.744886400000002, 44.204025800000004],
     [21.744266800000002, 44.2039966]]}},
  {"type":"Feature",
   "properties":{},
   "geometry":
   {"type":"LineString",
    "coordinates":
    [[21.744266800000002, 44.2039966], [21.743943, 44.2040182]]}},
  {"type":"Feature",
   "properties":{},
   "geometry":
   {"type":"LineString",
    "coordinates":
    [[21.743943, 44.2040182], [21.7435897, 44.2040725],
     [21.7432751, 44.204126900000006], [21.7430519, 44.204174],
     [21.742966600000003, 44.204209600000006]]}},
  {"type":"Feature",
   "properties":{},
   "geometry":
   {"type":"LineString",
    "coordinates":
    [[21.7429545, 44.205890800000006], [21.7428017, 44.20561],
     [21.7427826, 44.2055486], [21.74277, 44.205486300000004],
     [21.742764100000002, 44.2054235], [21.7427652, 44.2053552],
     [21.742774200000003, 44.2052871],
     [21.742790900000003, 44.2052197],
     [21.742978700000002, 44.204585200000004],
     [21.743002800000003, 44.204318],
     [21.742992100000002, 44.204256400000006],
     [21.742966600000003, 44.204209600000006]]}},
  {"type":"Feature",
   "properties":{},
   "geometry":
   {"type":"LineString",
    "coordinates":
    [[21.7429545, 44.205890800000006],
     [21.7430753, 44.206068900000005], [21.7433003, 44.2063866],
     [21.743423, 44.206714000000005], [21.7435526, 44.2070488],
     [21.7436651, 44.2073176], [21.7436037, 44.2074349],
     [21.743508300000002, 44.2075326],
     [21.743579800000003, 44.2079041],
     [21.7436446, 44.208277900000006],
     [21.7436583, 44.208387900000005],
     [21.743559400000002, 44.2084563],
     [21.7433003, 44.208519900000006], [21.743106, 44.2085638],
     [21.7430242, 44.208651800000005],
     [21.743017400000003, 44.208996400000004],
     [21.7431674, 44.2093556],
     [21.743317400000002, 44.209685400000005],
     [21.743406, 44.210047100000004], [21.7434878, 44.2105211],
     [21.743559400000002, 44.211393400000006],
     [21.743542400000003, 44.2119823],
     [21.7436344, 44.212561400000006],
     [21.7436344, 44.213098900000006], [21.7435867, 44.213529],
     [21.7436548, 44.213729300000004],
     [21.7435526, 44.214007900000006],
     [21.743532100000003, 44.2143792],
     [21.7435259, 44.214638400000005]]}},
  {"type":"Feature",
   "properties":{},
   "geometry":
   {"type":"LineString",
    "coordinates":
    [[21.7406237, 44.221776000000006],
     [21.740798100000003, 44.2217068], [21.7411065, 44.2216049],
     [21.7422116, 44.2212455], [21.7423551, 44.221189700000004],
     [21.7423967, 44.2211513], [21.7424275, 44.2210686],
     [21.7424047, 44.2208831], [21.742408700000002, 44.22054],
     [21.7424758, 44.220297800000004],
     [21.742523900000002, 44.220182900000005],
     [21.742562900000003, 44.220066200000005],
     [21.7425925, 44.2199499],
     [21.742611200000002, 44.219770100000005],
     [21.7426315, 44.2196918], [21.7426582, 44.219614400000005],
     [21.742687800000002, 44.219545600000004],
     [21.742722500000003, 44.219478],
     [21.742782000000002, 44.219370600000005],
     [21.7428169, 44.2193185], [21.742845900000003, 44.2192646],
     [21.742870200000002, 44.219205200000005],
     [21.742887200000002, 44.219144500000006],
     [21.7428969, 44.219082900000004],
     [21.7429706, 44.218568700000006],
     [21.743021600000002, 44.2180805],
     [21.743071200000003, 44.217674800000005],
     [21.743116800000003, 44.2175287],
     [21.743295200000002, 44.217108700000004],
     [21.743491000000002, 44.2165935],
     [21.743819600000002, 44.2160851],
     [21.7438435, 44.216055600000004],
     [21.743862500000002, 44.2160322],
     [21.7438611, 44.215998600000006],
     [21.743866500000003, 44.2159745],
     [21.743871900000002, 44.215695800000006],
     [21.743850400000003, 44.215169], [21.7438772, 44.214879700000004],
     [21.743896000000003, 44.214856600000005],
     [21.7439456, 44.2148211], [21.743960400000002, 44.214799],
     [21.7439617, 44.2147778], [21.7439497, 44.214753800000004],
     [21.743930900000002, 44.2147269],
     [21.743892000000002, 44.214714400000005],
     [21.743814200000003, 44.214707700000005],
     [21.7437203, 44.2146807], [21.7436519, 44.2146625],
     [21.743598300000002, 44.2146606],
     [21.7435259, 44.214638400000005]]}},
  {"type":"Feature",
   "properties":{},
   "geometry":
   {"type":"LineString",
    "coordinates":
    [[21.7406237, 44.221776000000006], [21.7407161, 44.2219023],
     [21.7409697, 44.2223273], [21.741173800000002, 44.2226506],
     [21.7413929, 44.2229648], [21.7415734, 44.223235800000005],
     [21.741719500000002, 44.223462100000006],
     [21.741912900000003, 44.2236977], [21.742218, 44.2240857],
     [21.7425897, 44.224555300000006], [21.7427874, 44.2247925],
     [21.742854, 44.224849400000004], [21.7429142, 44.2248925],
     [21.7429722, 44.224921800000004], [21.7430947, 44.2249649],
     [21.7434234, 44.2250342],
     [21.743631800000003, 44.225095800000005],
     [21.7436776, 44.225127300000004]]}},
  {"type":"Feature",
   "properties":{},
   "geometry":
   {"type":"LineString",
    "coordinates":
    [[21.7436776, 44.225127300000004],
     [21.7438252, 44.225237400000005]]}},
  {"type":"Feature",
   "properties":{},
   "geometry":
   {"type":"LineString",
    "coordinates":
    [[21.7438252, 44.225237400000005], [21.7441217, 44.2253745],
     [21.744759900000002, 44.225714700000005],
     [21.7451337, 44.225908700000005], [21.7454345, 44.2260489],
     [21.745535500000003, 44.226075], [21.745662300000003, 44.2261505],
     [21.745920100000003, 44.2263614], [21.746092, 44.2265462],
     [21.7462123, 44.226714], [21.746309, 44.2268449],
     [21.746356300000002, 44.226889500000006],
     [21.7464444, 44.2269542], [21.7468612, 44.2271944],
     [21.747089000000003, 44.227308300000004],
     [21.7472609, 44.227363700000005], [21.7474199, 44.2273945]]}},
  {"type":"Feature",
   "properties":{},
   "geometry":
   {"type":"LineString",
    "coordinates":
    [[21.7474199, 44.2273945], [21.7475337, 44.2274315],
     [21.747669100000003, 44.227505400000005],
     [21.7477251, 44.2275514], [21.7477726, 44.227590500000005]]}},
  {"type":"Feature",
   "properties":{},
   "geometry":
   {"type":"LineString",
    "coordinates":
    [[21.7477726, 44.227590500000005], [21.7476655, 44.2277226],
     [21.7475796, 44.2278571],
     [21.747863900000002, 44.227934000000005],
     [21.7480088, 44.228076200000004],
     [21.7481268, 44.228195400000004],
     [21.748711500000002, 44.228364500000005],
     [21.749253300000003, 44.2284875],
     [21.749805900000002, 44.2286797], [21.7505193, 44.228895],
     [21.7510021, 44.2290872], [21.7516137, 44.229264],
     [21.752252000000002, 44.2294908],
     [21.752783100000002, 44.229713700000005],
     [21.7533356, 44.2298483], [21.7538614, 44.2300674],
     [21.7544407, 44.2302327],
     [21.754928900000003, 44.230455600000006],
     [21.7553151, 44.2305748], [21.7557353, 44.2305963]]}},
  {"type":"Feature",
   "properties":{},
   "geometry":
   {"type":"LineString",
    "coordinates":
    [[21.7557353, 44.2305963],
     [21.755759400000002, 44.230678000000005]]}},
  {"type":"Feature",
   "properties":{},
   "geometry":
   {"type":"LineString",
    "coordinates":
    [[21.755759400000002, 44.230678000000005],
     [21.7557943, 44.2307779]]}},
  {"type":"Feature",
   "properties":{},
   "geometry":
   {"type":"LineString",
    "coordinates":
    [[21.7557943, 44.2307779], [21.7558249, 44.230820300000005],
     [21.7558466, 44.230865300000005],
     [21.7558563, 44.230898200000006], [21.7558608, 44.2309148],
     [21.755861300000003, 44.230931600000005],
     [21.7558551, 44.2309561], [21.7558407, 44.2309787],
     [21.7558191, 44.2309982], [21.755791600000002, 44.2310133],
     [21.7557414, 44.231046600000006], [21.755697100000003, 44.231084],
     [21.7556596, 44.231125000000006], [21.755629300000003, 44.231169],
     [21.7555866, 44.231213100000005],
     [21.7555511, 44.231260400000004],
     [21.7555234, 44.231310300000004], [21.7555061, 44.2313546],
     [21.7554948, 44.2313999], [21.7554899, 44.2314457],
     [21.7554376, 44.2315812], [21.755465700000002, 44.2316475],
     [21.7555255, 44.231743400000006],
     [21.755577000000002, 44.231841700000004], [21.755621, 44.2319441],
     [21.7556431, 44.2319954], [21.7556562, 44.2320483],
     [21.755660000000002, 44.2320945], [21.7556568, 44.2321408],
     [21.7556468, 44.232186600000006], [21.7555824, 44.2324076],
     [21.755569700000002, 44.232451100000006],
     [21.755548100000002, 44.2324928],
     [21.755518000000002, 44.2325316],
     [21.7554863, 44.232561800000006], [21.7554494, 44.2325888],
     [21.755408000000003, 44.2326123], [21.7551747, 44.2327329],
     [21.7551492, 44.232764700000004]]}},
  {"type":"Feature",
   "properties":{},
   "geometry":
   {"type":"LineString",
    "coordinates":
    [[21.7551492, 44.232764700000004],
     [21.755118300000003, 44.2327998]]}},
  {"type":"Feature",
   "properties":{},
   "geometry":
   {"type":"LineString",
    "coordinates":
    [[21.755118300000003, 44.2327998],
     [21.7550941, 44.232798100000004],
     [21.7550701, 44.232800700000006], [21.7550439, 44.232809],
     [21.755022200000003, 44.2328223],
     [21.7550068, 44.232839600000005], [21.754999, 44.2328593],
     [21.754954100000003, 44.2329535],
     [21.754898400000002, 44.2330447], [21.7548353, 44.2331288],
     [21.754763, 44.233209], [21.7545819, 44.2334867],
     [21.7543405, 44.2338788], [21.7542493, 44.2340364],
     [21.754211100000003, 44.2341301],
     [21.7541608, 44.234220900000004],
     [21.754119300000003, 44.2342815], [21.7540723, 44.23434],
     [21.7540057, 44.234413100000005],
     [21.7539328, 44.234483100000006], [21.7538537, 44.2345495],
     [21.7533749, 44.2349569], [21.752870700000003, 44.2353711],
     [21.752597100000003, 44.2356545],
     [21.7525653, 44.235699000000004],
     [21.7525274, 44.235741000000004],
     [21.752483700000003, 44.235780000000005],
     [21.7524348, 44.2358157], [21.752381200000002, 44.2358476],
     [21.7523211, 44.235894200000004],
     [21.752271200000003, 44.235946600000005],
     [21.7521948, 44.2361032], [21.752166900000002, 44.2361901],
     [21.752134400000003, 44.236276200000006],
     [21.7520959, 44.236364200000004],
     [21.752052600000003, 44.236451100000004],
     [21.751948000000002, 44.236585600000005], [21.751915, 44.2366216],
     [21.7518783, 44.2366557], [21.7518284, 44.236694500000006],
     [21.7517737, 44.236729700000005],
     [21.751573800000003, 44.236775800000004],
     [21.751498100000003, 44.236809], [21.7514712, 44.2368431],
     [21.7514645, 44.2368724], [21.7514623, 44.2369107],
     [21.7514672, 44.2369488], [21.751518800000003, 44.2371842],
     [21.751503900000003, 44.2372293], [21.7514773, 44.2372716],
     [21.751442500000003, 44.237307300000005],
     [21.7513995, 44.2373379], [21.751298900000002, 44.2374244],
     [21.751276100000002, 44.2374638],
     [21.7512684, 44.237486100000005], [21.751264000000003, 44.237509],
     [21.751316300000003, 44.2376963],
     [21.751496000000003, 44.2383189],
     [21.751567100000003, 44.2386495],
     [21.7516235, 44.239053000000006],
     [21.751627600000003, 44.2391469],
     [21.751638800000002, 44.2392405], [21.751657, 44.2393336],
     [21.751689600000002, 44.239449300000004],
     [21.751733, 44.239563100000005], [21.7517871, 44.2396747],
     [21.751906400000003, 44.2399178],
     [21.752033800000003, 44.240158900000004],
     [21.7521668, 44.2403935],
     [21.752307400000003, 44.240625800000004],
     [21.7525099, 44.2409006],
     [21.752551500000003, 44.240989000000006],
     [21.7525814, 44.2410645],
     [21.752606500000002, 44.241140800000004],
     [21.752640000000003, 44.2412821],
     [21.752717800000003, 44.241429100000005],
     [21.7527446, 44.241472300000005],
     [21.752747300000003, 44.241483800000005],
     [21.752747300000003, 44.241511700000004],
     [21.752746000000002, 44.241529], [21.752740600000003, 44.2415578],
     [21.7527419, 44.2415924], [21.7527446, 44.2416106],
     [21.752754000000003, 44.2416366], [21.7527848, 44.2416587],
     [21.7528264, 44.2416683], [21.752877400000003, 44.2416721],
     [21.7530225, 44.2416871], [21.7531661, 44.2417079],
     [21.7532377, 44.241719200000006],
     [21.753307900000003, 44.2417346], [21.7534038, 44.2417632],
     [21.753494500000002, 44.2417996],
     [21.7535788, 44.241843100000004], [21.7537093, 44.2419188],
     [21.7537735, 44.2419577], [21.7538322, 44.242000700000006],
     [21.753896, 44.242058500000006], [21.7539498, 44.2421213],
     [21.7539932, 44.2421881], [21.7540267, 44.2422659],
     [21.7540307, 44.2422976],
     [21.754008900000002, 44.242329700000006],
     [21.7539905, 44.2423629], [21.753966100000003, 44.2424249],
     [21.7539535, 44.2424887], [21.7539529, 44.2425531],
     [21.7539401, 44.2426237], [21.753919500000002, 44.2426934],
     [21.753891300000003, 44.2427616], [21.753855, 44.2428289],
     [21.7537223, 44.2429317], [21.753446, 44.243147900000004],
     [21.753291800000003, 44.243264100000005],
     [21.7532301, 44.2433266], [21.753214, 44.2433659],
     [21.753214, 44.243388], [21.753216700000003, 44.243659],
     [21.753189900000002, 44.243888600000005],
     [21.753193900000003, 44.243948200000005],
     [21.7532475, 44.244099000000006], [21.7533816, 44.244514],
     [21.7535868, 44.245119300000006], [21.753788, 44.2455689]]}},
  {"type":"Feature",
   "properties":{},
   "geometry":
   {"type":"LineString",
    "coordinates":
    [[21.753788, 44.2455689], [21.7538881, 44.245883600000006],
     [21.754022300000003, 44.2462515], [21.7541361, 44.246588],
     [21.754232400000003, 44.246713500000006],
     [21.7543404, 44.2467866],
     [21.754515400000003, 44.247204700000005],
     [21.7546643, 44.2476708], [21.754821800000002, 44.2481829],
     [21.754880200000002, 44.248408700000006],
     [21.754886000000003, 44.2485257],
     [21.754807200000002, 44.248651200000005],
     [21.7544571, 44.249062900000006],
     [21.754436600000002, 44.249223900000004],
     [21.754518400000002, 44.249366], [21.7545825, 44.2496524],
     [21.754343300000002, 44.2500495], [21.7542265, 44.2502523],
     [21.754144800000002, 44.250643100000005],
     [21.7541127, 44.250939900000006], [21.7538851, 44.2511218],
     [21.7535233, 44.2512179], [21.753485400000002, 44.2512994],
     [21.753511600000003, 44.251755100000004],
     [21.7535554, 44.252271300000004], [21.7536138, 44.2526852],
     [21.753651700000002, 44.253099000000006],
     [21.753450400000002, 44.253347700000006],
     [21.7531761, 44.253560900000004], [21.752966, 44.2537741],
     [21.7529718, 44.253953900000006],
     [21.752974700000003, 44.2542277],
     [21.753144000000002, 44.2543677],
     [21.753316100000003, 44.254760600000004],
     [21.7533424, 44.255120100000006], [21.7532986, 44.255536],
     [21.7532636, 44.2558182],
     [21.753222700000002, 44.256298900000004],
     [21.7531731, 44.256773300000006], [21.7530973, 44.2572247],
     [21.7530447, 44.257705400000006],
     [21.752968900000003, 44.258181900000004],
     [21.752930900000003, 44.258627000000004],
     [21.752954300000003, 44.259214300000004],
     [21.7531323, 44.259598800000006], [21.753383200000002, 44.260046],
     [21.753392, 44.2603553], [21.7534066, 44.260932100000005],
     [21.7533044, 44.2612644], [21.753319, 44.2615173],
     [21.7535087, 44.2618036], [21.7538239, 44.2623114],
     [21.7540777, 44.2627502], [21.7543754, 44.263001],
     [21.7549852, 44.263285200000006],
     [21.755402500000002, 44.263590300000004],
     [21.7556009, 44.2638703], [21.7559064, 44.264069500000005]]}},
  {"type":"Feature",
   "properties":{},
   "geometry":
   {"type":"LineString",
    "coordinates":
    [[21.7559064, 44.264069500000005], [21.7560737, 44.2640157],
     [21.756244900000002, 44.2639684],
     [21.756786700000003, 44.2638454],
     [21.7568589, 44.263833600000005],
     [21.7569327, 44.263829300000005], [21.7570066, 44.2638326],
     [21.757079100000002, 44.2638435],
     [21.7571422, 44.263859800000006],
     [21.7572018, 44.263881700000006], [21.7572569, 44.2639091],
     [21.7573066, 44.2639414], [21.757350000000002, 44.263978],
     [21.757438500000003, 44.2641067],
     [21.7575538, 44.264285300000004],
     [21.757601100000002, 44.264329200000006],
     [21.757654000000002, 44.2643697],
     [21.757712100000003, 44.264406300000005],
     [21.7577761, 44.2644395], [21.7578444, 44.264468],
     [21.7579163, 44.2644916], [21.757991, 44.26451],
     [21.758664200000002, 44.2646407],
     [21.758701000000002, 44.2646498],
     [21.758739300000002, 44.2646546],
     [21.758778200000002, 44.264655100000006],
     [21.7588222, 44.264650100000004], [21.7588641, 44.2646396]]}},
  {"type":"Feature",
   "properties":{},
   "geometry":
   {"type":"LineString",
    "coordinates":
    [[21.7611443, 44.284044], [21.7612542, 44.283897700000004],
     [21.761362100000003, 44.2833635], [21.7616319, 44.282707],
     [21.7618386, 44.2824431], [21.7622342, 44.281953900000005],
     [21.7625849, 44.2817157], [21.7627108, 44.281593400000006],
     [21.7626928, 44.2815226], [21.762495, 44.2815226],
     [21.762171300000002, 44.2817093],
     [21.7620454, 44.281889500000005], [21.7617397, 44.2820826],
     [21.7610654, 44.2821598], [21.7607687, 44.2820375],
     [21.760544000000003, 44.2818058],
     [21.760544000000003, 44.2816063], [21.760508, 44.2814518],
     [21.7602562, 44.281297300000006],
     [21.759968500000003, 44.2811107],
     [21.7598337, 44.280866100000004],
     [21.7598433, 44.280708100000005],
     [21.7598516, 44.280570000000004],
     [21.760013500000003, 44.2802224],
     [21.7600495, 44.279520700000006],
     [21.7600944, 44.278992900000006],
     [21.7601933, 44.278574500000005], [21.7602473, 44.2782076],
     [21.760076400000003, 44.2774866],
     [21.759914600000002, 44.2767399], [21.7597527, 44.2763665],
     [21.759465000000002, 44.2760253], [21.7588896, 44.2756777],
     [21.7586559, 44.275484600000006],
     [21.758305200000002, 44.2751177],
     [21.758089000000002, 44.2748137], [21.7580625, 44.2747765],
     [21.7578287, 44.274358], [21.7578467, 44.2740104],
     [21.7578467, 44.2735276], [21.7579815, 44.273205700000005],
     [21.757900600000003, 44.2725619],
     [21.7579096, 44.272098400000004],
     [21.758134400000003, 44.271145600000004],
     [21.7583142, 44.2707915],
     [21.758754800000002, 44.270282900000005],
     [21.7590065, 44.269832300000004], [21.759124200000002, 44.269376],
     [21.7592168, 44.269124700000006],
     [21.759272900000003, 44.2689724],
     [21.759489600000002, 44.2687152], [21.7596816, 44.2684669],
     [21.7597683, 44.268329400000006], [21.759824000000002, 44.268121],
     [21.7597621, 44.267996800000006], [21.7595515, 44.2676731],
     [21.759322400000002, 44.2675001], [21.7591676, 44.2674247],
     [21.7590623, 44.2672784], [21.7590933, 44.2668216],
     [21.759210900000003, 44.266422500000004],
     [21.759557700000002, 44.265908], [21.7596692, 44.2656331],
     [21.7596506, 44.265429100000006], [21.7595144, 44.2652073],
     [21.75918, 44.2648614], [21.7588641, 44.2646396]]}},
  {"type":"Feature",
   "properties":{},
   "geometry":
   {"type":"LineString",
    "coordinates":
    [[21.7611443, 44.284044], [21.7610902, 44.2842138],
     [21.761012400000002, 44.284426700000004],
     [21.760886600000003, 44.2847011], [21.7607709, 44.2849097],
     [21.7605673, 44.285108300000005],
     [21.760429600000002, 44.285226900000005],
     [21.7603438, 44.2854341], [21.7603118, 44.2857884],
     [21.7603218, 44.2861313],
     [21.760489500000002, 44.286411300000005],
     [21.760521400000002, 44.286680000000004],
     [21.7603617, 44.2870186], [21.76023, 44.287211500000005],
     [21.760150900000003, 44.2873882]]}},
  {"type":"Feature",
   "properties":{},
   "geometry":
   {"type":"LineString",
    "coordinates":
    [[21.763562200000003, 44.3186607], [21.763542, 44.318533300000006],
     [21.7637129, 44.3182758], [21.7640011, 44.3180861],
     [21.764243200000003, 44.3179211],
     [21.764669700000002, 44.3175417],
     [21.765107800000003, 44.3170221], [21.7654882, 44.3167582],
     [21.765949300000003, 44.316296300000005],
     [21.766099200000003, 44.316106600000005],
     [21.7660415, 44.3158839], [21.765893000000002, 44.315722],
     [21.765799400000002, 44.3156199], [21.765684200000003, 44.315389],
     [21.765407500000002, 44.315232300000005],
     [21.764981000000002, 44.3151828], [21.7646352, 44.3150921],
     [21.764393100000003, 44.3145972],
     [21.764254700000002, 44.314242500000006],
     [21.764254700000002, 44.3138878], [21.7642202, 44.3136239],
     [21.7640934, 44.313500100000006], [21.763759, 44.3134342],
     [21.7632403, 44.313483600000005],
     [21.7630559, 44.313483600000005],
     [21.762859900000002, 44.313467200000005],
     [21.762698500000003, 44.313425900000006],
     [21.7626524, 44.313277400000004],
     [21.762710000000002, 44.3131125],
     [21.762963600000003, 44.313005200000006],
     [21.763136600000003, 44.312856800000006],
     [21.763136600000003, 44.3126011], [21.7632057, 44.3123701],
     [21.7634709, 44.312040200000006],
     [21.763839700000002, 44.311660700000004],
     [21.764104900000003, 44.3114215], [21.7642086, 44.3113308],
     [21.7641856, 44.3111906], [21.7638743, 44.3110833],
     [21.7634593, 44.3107946], [21.7630674, 44.3103574],
     [21.762848400000003, 44.309747], [21.762836800000002, 44.3084354],
     [21.7630559, 44.307660000000006], [21.7631827, 44.3069836],
     [21.763090400000003, 44.3066041],
     [21.762859900000002, 44.306307100000005],
     [21.7627792, 44.306076100000006],
     [21.763401700000003, 44.305111000000004],
     [21.763574600000002, 44.3046737],
     [21.7637129, 44.304475700000005], [21.764116400000002, 44.304088],
     [21.7642893, 44.3037828], [21.764393100000003, 44.3035435],
     [21.764381500000002, 44.303263], [21.7643008, 44.3029],
     [21.764151000000002, 44.3024958], [21.7640588, 44.3021988],
     [21.764104900000003, 44.301934800000005],
     [21.764427700000002, 44.3017698],
     [21.764531400000003, 44.301629500000004],
     [21.7644968, 44.301299500000006], [21.7644853, 44.3006395],
     [21.764427700000002, 44.300441500000005],
     [21.7640011, 44.300326000000005],
     [21.7636322, 44.300309500000004], [21.7634939, 44.3002435],
     [21.7634709, 44.300004300000005],
     [21.763563100000002, 44.2997815], [21.763517, 44.2996495],
     [21.7633325, 44.2995752], [21.7629752, 44.299633],
     [21.7626293, 44.2997402], [21.7623642, 44.2996825],
     [21.762145200000003, 44.299484500000005],
     [21.7617763, 44.299179200000005],
     [21.761672500000003, 44.2989235],
     [21.761568800000003, 44.2985192],
     [21.761315200000002, 44.2978426], [21.7611884, 44.2974631],
     [21.7606466, 44.2971743],
     [21.760185500000002, 44.297017600000004],
     [21.759447700000003, 44.296745300000005],
     [21.759171000000002, 44.296654600000004],
     [21.758894400000003, 44.2965225],
     [21.7585255, 44.296209000000005],
     [21.758029800000003, 44.295730500000005], [21.757895, 44.2954413],
     [21.757889000000002, 44.295210600000004],
     [21.757903000000002, 44.2949714],
     [21.7578223, 44.294633100000006],
     [21.757637900000002, 44.2943525],
     [21.757637900000002, 44.293981300000006],
     [21.7575572, 44.293750200000005],
     [21.757222900000002, 44.293634700000005],
     [21.7567387, 44.2936099], [21.756522500000003, 44.2935687],
     [21.7563906, 44.2934484], [21.756352500000002, 44.2933168],
     [21.7563463, 44.293162200000005],
     [21.7564159, 44.293081900000004], [21.7567041, 44.2927766],
     [21.757096100000002, 44.2924383],
     [21.757637900000002, 44.2920092], [21.7581105, 44.2915884],
     [21.758341, 44.2913986], [21.7585255, 44.2911841],
     [21.758756, 44.2907385], [21.7590809, 44.290197400000004],
     [21.7595053, 44.289484200000004], [21.759712, 44.2889257],
     [21.759747, 44.2885757], [21.7597521, 44.2883007],
     [21.7600437, 44.2878783], [21.760197, 44.2875285],
     [21.760150900000003, 44.2873882]]}},
  {"type":"Feature",
   "properties":{},
   "geometry":
   {"type":"LineString",
    "coordinates":
    [[21.763562200000003, 44.3186607], [21.7637654, 44.3187676],
     [21.7639807, 44.318878500000004],
     [21.764169900000002, 44.3189707], [21.7644814, 44.3190419],
     [21.7648027, 44.319020900000005], [21.7651615, 44.3189964],
     [21.765530100000003, 44.318945],
     [21.765765000000002, 44.318934500000005],
     [21.7660227, 44.3189847], [21.766338400000002, 44.3191155],
     [21.766606300000003, 44.3193852],
     [21.766946800000003, 44.319469600000005],
     [21.767387300000003, 44.319391700000004],
     [21.767791300000003, 44.3192455], [21.7683271, 44.3191318],
     [21.768595, 44.319070100000005], [21.7689492, 44.319222700000005],
     [21.7693759, 44.3194631], [21.769839100000002, 44.3196353],
     [21.7703612, 44.319713300000004],
     [21.770878800000002, 44.3197977],
     [21.771523600000002, 44.3202135], [21.7723, 44.320551300000005],
     [21.7730718, 44.3207527], [21.7739981, 44.320908700000004],
     [21.7748698, 44.321139300000006],
     [21.775119500000002, 44.321259500000004],
     [21.7757325, 44.3215876], [21.7762183, 44.321857200000004],
     [21.7764907, 44.3217955], [21.7768631, 44.3216395],
     [21.777217200000003, 44.3216103], [21.777535, 44.321707800000006],
     [21.7780345, 44.321707800000006],
     [21.778406800000003, 44.321584300000005],
     [21.7787609, 44.321717500000005],
     [21.779174100000002, 44.3216428],
     [21.779528300000003, 44.3214934], [21.779837, 44.3215324],
     [21.780132100000003, 44.3218279],
     [21.780413600000003, 44.3222242], [21.7806861, 44.3225003],
     [21.7811492, 44.3226887], [21.7815397, 44.3229259],
     [21.7820436, 44.322932400000006],
     [21.782606700000002, 44.322808900000005],
     [21.783142400000003, 44.3225816],
     [21.7838099, 44.322315200000006], [21.7840369, 44.3220034],
     [21.784686200000003, 44.321649300000004],
     [21.785244600000002, 44.321318000000005],
     [21.7857668, 44.321006100000005],
     [21.786279800000003, 44.3210483],
     [21.7870381, 44.321139300000006],
     [21.787614700000002, 44.321386200000006],
     [21.788100500000002, 44.321724], [21.7887634, 44.3221008],
     [21.789426300000002, 44.322484100000004], [21.789953, 44.3227959],
     [21.7904661, 44.323241], [21.7909383, 44.3236665],
     [21.7911971, 44.323832100000004], [21.7914967, 44.3238679],
     [21.7921914, 44.323812600000004],
     [21.792772600000003, 44.323718400000004],
     [21.7930904, 44.3236567], [21.7930859, 44.323491100000005],
     [21.7929815, 44.323159700000005],
     [21.7929815, 44.322942100000006], [21.7932993, 44.3227342],
     [21.794107500000003, 44.322571800000006],
     [21.7949929, 44.322230700000006],
     [21.795782900000003, 44.3220164],
     [21.7960274, 44.321668200000005]]}},
  {"type":"Feature",
   "properties":{},
   "geometry":
   {"type":"LineString",
    "coordinates":
    [[21.7974678, 44.3186497], [21.7972666, 44.3189548],
     [21.7969876, 44.3192311],
     [21.796896500000003, 44.319380800000005],
     [21.796515600000003, 44.320290400000005],
     [21.796183000000003, 44.320981200000006],
     [21.796140100000002, 44.3214495],
     [21.7960274, 44.321668200000005]]}},
  {"type":"Feature",
   "properties":{},
   "geometry":
   {"type":"LineString",
    "coordinates":
    [[21.7974678, 44.3186497], [21.7977467, 44.318447600000006],
     [21.797925300000003, 44.318149500000004],
     [21.7980161, 44.3178357], [21.7981258, 44.317427800000004],
     [21.798379500000003, 44.317120800000005],
     [21.7988651, 44.3168765], [21.7994008, 44.316614200000004],
     [21.7998581, 44.3163363], [21.800497200000002, 44.3160965],
     [21.8009796, 44.3157804], [21.8016845, 44.315690800000006],
     [21.8023768, 44.3155227], [21.8030221, 44.315448700000005],
     [21.803614200000002, 44.315341100000005],
     [21.804306500000003, 44.3151528],
     [21.804851600000003, 44.315083300000005],
     [21.805437400000002, 44.3149175], [21.8060388, 44.314987],
     [21.806327000000003, 44.3149376],
     [21.807138400000003, 44.314998200000005],
     [21.807733600000002, 44.315298500000004],
     [21.8084165, 44.3155451], [21.809184000000002, 44.3157647],
     [21.809841900000002, 44.3157513],
     [21.810615600000002, 44.315847700000006],
     [21.8112891, 44.316049400000004],
     [21.8121036, 44.316163700000004],
     [21.812767700000002, 44.316204000000006],
     [21.8133911, 44.3164596], [21.8139581, 44.316670200000004],
     [21.8143779, 44.316993000000004],
     [21.814572100000003, 44.3170737],
     [21.815073400000003, 44.316984000000005],
     [21.8156968, 44.316928000000004],
     [21.816135300000003, 44.3168652], [21.8164392, 44.3169796],
     [21.8170971, 44.317434600000006], [21.8178583, 44.3178514],
     [21.8183282, 44.3181585], [21.8186414, 44.318479]]}},
  {"type":"Feature",
   "properties":{},
   "geometry":
   {"type":"LineString",
    "coordinates":
    [[21.8186414, 44.318479], [21.8189727, 44.318977000000004],
     [21.8192731, 44.319644800000006],
     [21.819369700000003, 44.3205582],
     [21.819434100000002, 44.3211646],
     [21.819541400000002, 44.321586800000006],
     [21.8204962, 44.3224004], [21.8207108, 44.3230221],
     [21.8207966, 44.323674600000004], [21.8206893, 44.3241504],
     [21.820142200000003, 44.324871900000005],
     [21.819659400000003, 44.325769900000004],
     [21.8199812, 44.3262074], [21.8203031, 44.326644900000005],
     [21.820979, 44.326806100000006], [21.8213867, 44.326806100000006],
     [21.8227385, 44.327358700000005],
     [21.823832900000003, 44.327458400000005],
     [21.8253886, 44.327949600000004],
     [21.826922800000002, 44.3285866],
     [21.828113700000003, 44.3285252], [21.8295943, 44.3287248],
     [21.831386000000002, 44.328333400000005],
     [21.8325876, 44.3278729], [21.8341326, 44.3280801],
     [21.8363856, 44.3278729], [21.8382846, 44.3274047],
     [21.8393039, 44.326744700000006],
     [21.840323100000003, 44.3257929],
     [21.840902500000002, 44.3251943], [21.8421685, 44.3248028],
     [21.843048200000002, 44.3245342],
     [21.844679000000003, 44.3233368],
     [21.8460952, 44.323037500000005],
     [21.847146600000002, 44.322592300000004],
     [21.848509200000002, 44.322546300000006],
     [21.849399700000003, 44.323060500000004], [21.8498932, 44.324066],
     [21.851202100000002, 44.324871900000005],
     [21.8515455, 44.3254936], [21.8517064, 44.326076900000004],
     [21.8521463, 44.3263763], [21.8525862, 44.3263686],
     [21.853755600000003, 44.327212800000005],
     [21.8548285, 44.3269749], [21.8555473, 44.3267523],
     [21.857070800000002, 44.3270363],
     [21.858390500000002, 44.3271054],
     [21.859356100000003, 44.3266526], [21.8602466, 44.32643],
     [21.861727100000003, 44.3265067], [21.8627571, 44.3264377]]}},
  {"type":"Feature",
   "properties":{},
   "geometry":
   {"type":"LineString",
    "coordinates":
    [[21.8627571, 44.3264377], [21.863616500000003, 44.3269436],
     [21.8642845, 44.3268969], [21.864577800000003, 44.3272175],
     [21.8649525, 44.3283306],
     [21.865465800000003, 44.328534600000005], [21.8661175, 44.328418],
     [21.8668263, 44.328616200000006], [21.8672663, 44.3282898],
     [21.8679424, 44.3283423], [21.8687979, 44.327806100000004],
     [21.8696126, 44.328138300000006],
     [21.869946600000002, 44.328686100000006],
     [21.870859000000003, 44.328855100000006],
     [21.8708427, 44.3293854],
     [21.870826400000002, 44.329950700000005],
     [21.870826400000002, 44.3308132], [21.8709324, 44.3315708],
     [21.8709649, 44.3322118], [21.871747000000003, 44.3326256],
     [21.8726351, 44.3330568], [21.873164600000003, 44.3334181],
     [21.8737675, 44.333458900000004], [21.8746066, 44.3332374],
     [21.8751362, 44.3328761], [21.875869400000003, 44.3323459],
     [21.8765863, 44.332182700000004],
     [21.8770588, 44.332363300000004],
     [21.8767004, 44.332613900000005], [21.876073, 44.3328179],
     [21.875739000000003, 44.333552100000006],
     [21.8753235, 44.333831800000006], [21.8752421, 44.3340474],
     [21.8754376, 44.3341815], [21.875918300000002, 44.3340358],
     [21.876806300000002, 44.3337153],
     [21.8771077, 44.333948400000004], [21.877278800000003, 44.334636],
     [21.8775558, 44.335329400000006], [21.8777595, 44.3359413],
     [21.877739100000003, 44.3362734],
     [21.877441700000002, 44.3366289], [21.8769896, 44.3365269],
     [21.8767004, 44.3366464], [21.876798100000002, 44.3369261],
     [21.8781424, 44.337363100000005], [21.8796088, 44.3375554],
     [21.881034500000002, 44.3376195],
     [21.882389800000002, 44.3377658]]}},
  {"type":"Feature",
   "properties":{},
   "geometry":
   {"type":"LineString",
    "coordinates":
    [[21.8885006, 44.337759600000005],
     [21.887258000000003, 44.337717000000005],
     [21.885824200000002, 44.3377951],
     [21.8848683, 44.337746300000006],
     [21.8839739, 44.337858600000004],
     [21.882389800000002, 44.3377658]]}},
  {"type":"Feature",
   "properties":{},
   "geometry":
   {"type":"LineString",
    "coordinates":
    [[21.8984539, 44.3412171], [21.8975475, 44.341301300000005],
     [21.8963527, 44.3414185], [21.8957313, 44.3414966],
     [21.8953193, 44.341758000000006],
     [21.894946100000002, 44.3419947], [21.8943999, 44.3421559],
     [21.8939151, 44.341921500000005], [21.893642, 44.3416773],
     [21.893102600000002, 44.3412085],
     [21.892283300000003, 44.340661600000004],
     [21.891464000000003, 44.340197700000004], [21.890788, 44.3396557],
     [21.890316900000002, 44.3391966], [21.8890333, 44.3378049],
     [21.8885006, 44.337759600000005]]}},
  {"type":"Feature",
   "properties":{},
   "geometry":
   {"type":"LineString",
    "coordinates":
    [[21.899582300000002, 44.341235100000006],
     [21.8993486, 44.3412045],
     [21.899046400000003, 44.341187000000005],
     [21.8984539, 44.3412171]]}},
  {"type":"Feature",
   "properties":{},
   "geometry":
   {"type":"LineString",
    "coordinates":
    [[21.9005562, 44.341977500000006],
     [21.900438400000002, 44.341891200000006],
     [21.900312300000003, 44.341785300000005], [21.9000549, 44.341568],
     [21.899961700000002, 44.341503200000005],
     [21.8997816, 44.3413921],
     [21.899698800000003, 44.341345000000004],
     [21.8996199, 44.3412792],
     [21.899582300000002, 44.341235100000006]]}},
  {"type":"Feature",
   "properties":{},
   "geometry":
   {"type":"LineString",
    "coordinates":
    [[21.9007511, 44.3421047], [21.9005562, 44.341977500000006]]}},
  {"type":"Feature",
   "properties":{},
   "geometry":
   {"type":"LineString",
    "coordinates":
    [[21.9009594, 44.3422411], [21.9007511, 44.3421047]]}},
  {"type":"Feature",
   "properties":{},
   "geometry":
   {"type":"LineString",
    "coordinates":
    [[21.9026219, 44.3428114], [21.902554000000002, 44.3427803],
     [21.9023864, 44.3427237], [21.9021946, 44.342679600000004],
     [21.901819900000003, 44.342623700000004],
     [21.901691800000002, 44.3425929],
     [21.9015469, 44.342547700000004],
     [21.901412800000003, 44.342494800000004],
     [21.9012788, 44.3424296], [21.901145900000003, 44.3423564],
     [21.9009594, 44.3422411]]}},
  {"type":"Feature",
   "properties":{},
   "geometry":
   {"type":"LineString",
    "coordinates":
    [[21.9072736, 44.3462614], [21.9063382, 44.3456229],
     [21.9061372, 44.3452861], [21.9058011, 44.3447552],
     [21.9055158, 44.3445527], [21.905238, 44.3443509],
     [21.9049318, 44.3440099],
     [21.904781500000002, 44.343877600000006],
     [21.9046173, 44.343733300000004],
     [21.904421600000003, 44.3435962],
     [21.904225800000003, 44.3434864],
     [21.9039512, 44.343367300000004],
     [21.903570600000002, 44.3432455],
     [21.903396200000003, 44.343178300000005],
     [21.902938900000002, 44.3429568], [21.9026219, 44.3428114]]}},
  {"type":"Feature",
   "properties":{},
   "geometry":
   {"type":"LineString",
    "coordinates":
    [[21.9126884, 44.3541759], [21.912602500000002, 44.3540452],
     [21.912274200000002, 44.3537163],
     [21.9118849, 44.353316500000005],
     [21.9116816, 44.353165700000005],
     [21.9113738, 44.352987000000006], [21.9109319, 44.3526618],
     [21.910836, 44.3525774], [21.9107676, 44.3524954],
     [21.910540700000002, 44.352148], [21.910060400000003, 44.3514205],
     [21.9099341, 44.3512435],
     [21.909803500000002, 44.351033400000006],
     [21.909688600000003, 44.3508179],
     [21.909583400000002, 44.3505813],
     [21.9095048, 44.350363400000006], [21.9094124, 44.3499824],
     [21.909395, 44.349851], [21.909393700000003, 44.3497402],
     [21.9094303, 44.3494065],
     [21.909428100000003, 44.349322400000005], [21.90941, 44.3492237],
     [21.9093726, 44.349121600000004],
     [21.909322300000003, 44.3490314],
     [21.9092455, 44.348939400000006],
     [21.9089947, 44.348651800000006],
     [21.908882700000003, 44.3485347],
     [21.9087512, 44.348379900000005],
     [21.908666500000002, 44.3482475], [21.9085964, 44.3480958],
     [21.9083907, 44.347545700000005], [21.9082168, 44.3470492],
     [21.9081671, 44.3469593], [21.9080957, 44.3468718],
     [21.9079874, 44.3467793], [21.9078152, 44.346642700000004],
     [21.9072736, 44.3462614]]}},
  {"type":"Feature",
   "properties":{},
   "geometry":
   {"type":"LineString",
    "coordinates":
    [[21.912628400000003, 44.3549896], [21.9126617, 44.3549147],
     [21.912696800000003, 44.3548041], [21.912724, 44.3546934],
     [21.912745, 44.3545694], [21.9127571, 44.354432300000006],
     [21.9127374, 44.3543023], [21.9126884, 44.3541759]]}},
  {"type":"Feature",
   "properties":{},
   "geometry":
   {"type":"LineString",
    "coordinates":
    [[21.9125406, 44.355124200000006],
     [21.912628400000003, 44.3549896]]}},
  {"type":"Feature",
   "properties":{},
   "geometry":
   {"type":"LineString",
    "coordinates":
    [[21.912368200000003, 44.3559447],
     [21.9123528, 44.355832500000005],
     [21.912348100000003, 44.3557203],
     [21.912356300000003, 44.3555506],
     [21.9123683, 44.355442100000005], [21.9123994, 44.355339],
     [21.9124382, 44.355258400000004], [21.9124777, 44.3551963],
     [21.9125406, 44.355124200000006]]}},
  {"type":"Feature",
   "properties":{},
   "geometry":
   {"type":"LineString",
    "coordinates":
    [[21.9116174, 44.3622905],
     [21.911632400000002, 44.362221700000006],
     [21.91166, 44.362149800000005], [21.9116959, 44.3620831],
     [21.9117482, 44.3619977], [21.9118104, 44.3619094],
     [21.9118846, 44.3618174],
     [21.911956500000002, 44.361738700000004], [21.91226, 44.3614849],
     [21.912519600000003, 44.361211600000004], [21.9126072, 44.361102],
     [21.9126936, 44.3609676], [21.9127659, 44.3608184],
     [21.9128106, 44.360687600000006], [21.912842, 44.360536800000006],
     [21.9128523, 44.3604111], [21.912853700000003, 44.3602634],
     [21.912843000000002, 44.3600841], [21.9128365, 44.3599393],
     [21.9128198, 44.3598], [21.9127814, 44.359667900000005],
     [21.9127365, 44.3595674], [21.912459400000003, 44.359062],
     [21.9124085, 44.358977], [21.9123752, 44.3588706],
     [21.9123537, 44.358766300000006],
     [21.9123433, 44.358667100000005], [21.912343, 44.3585556],
     [21.912358100000002, 44.3584255], [21.912385, 44.358312000000005],
     [21.9124206, 44.358198], [21.9124316, 44.3581189],
     [21.9124383, 44.3580101],
     [21.912436600000003, 44.357922800000004],
     [21.9124272, 44.3576112],
     [21.912401900000003, 44.357246800000006],
     [21.9123889, 44.3570867], [21.912384900000003, 44.3569371],
     [21.9123884, 44.356796200000005], [21.9124205, 44.356346],
     [21.9124152, 44.3562323], [21.9124018, 44.3561379],
     [21.912368200000003, 44.3559447]]}},
  {"type":"Feature",
   "properties":{},
   "geometry":
   {"type":"LineString",
    "coordinates":
    [[21.911631800000002, 44.3629187], [21.9116554, 44.3628471],
     [21.9116652, 44.362784100000006], [21.9116646, 44.362717],
     [21.9116433, 44.362609500000005], [21.9116228, 44.3625211],
     [21.911613300000003, 44.3624475],
     [21.911611500000003, 44.3623646], [21.9116174, 44.3622905]]}},
  {"type":"Feature",
   "properties":{},
   "geometry":
   {"type":"LineString",
    "coordinates":
    [[21.911180700000003, 44.3634629],
     [21.9112927, 44.363351400000006],
     [21.9113893, 44.363260000000004],
     [21.9114736, 44.363174900000004], [21.9115478, 44.3630787],
     [21.9115968, 44.362996200000005],
     [21.911631800000002, 44.3629187]]}},
  {"type":"Feature",
   "properties":{},
   "geometry":
   {"type":"LineString",
    "coordinates":
    [[21.910549600000003, 44.3647191],
     [21.910656300000003, 44.3646083],
     [21.910780600000002, 44.364427600000006],
     [21.9108443, 44.3642125],
     [21.910883600000002, 44.363924100000006],
     [21.9109292, 44.3637918], [21.910982200000003, 44.3636945],
     [21.911049900000002, 44.363593300000005], [21.9111197, 44.36352],
     [21.9111754, 44.3634679], [21.911180700000003, 44.3634629]]}},
  {"type":"Feature",
   "properties":{},
   "geometry":
   {"type":"LineString",
    "coordinates":
    [[21.910510900000002, 44.364759400000004],
     [21.910549600000003, 44.3647191]]}},
  {"type":"Feature",
   "properties":{},
   "geometry":
   {"type":"LineString",
    "coordinates":
    [[21.9104479, 44.3648248], [21.910494200000002, 44.3647767],
     [21.910510900000002, 44.364759400000004]]}},
  {"type":"Feature",
   "properties":{},
   "geometry":
   {"type":"LineString",
    "coordinates":
    [[21.9104479, 44.3648248], [21.9103241, 44.3648375],
     [21.9102073, 44.3649539], [21.9101754, 44.365045],
     [21.9101259, 44.3652044],
     [21.910079900000003, 44.365335900000005],
     [21.9100126, 44.3654346], [21.9099064, 44.3655485],
     [21.909814400000002, 44.365619300000006],
     [21.9097578, 44.365692700000004],
     [21.909694100000003, 44.3657863],
     [21.9096516, 44.365885000000006], [21.9096127, 44.3659558],
     [21.9095419, 44.3661], [21.9094605, 44.3662518],
     [21.9094158, 44.366341500000004],
     [21.909368500000003, 44.366436500000006],
     [21.9092765, 44.366649100000004],
     [21.9092163, 44.366838800000004],
     [21.909223400000002, 44.3669552],
     [21.9092163, 44.367015900000006],
     [21.9091384, 44.367061500000005],
     [21.909014600000003, 44.3671348],
     [21.9089332, 44.367200600000004], [21.9088134, 44.3672513],
     [21.908572200000002, 44.367355], [21.9083457, 44.3674966],
     [21.9081793, 44.367610500000005],
     [21.9080271, 44.367643400000006], [21.907921, 44.367688900000005],
     [21.907821900000002, 44.3677092],
     [21.907737100000002, 44.367740000000005],
     [21.907618000000003, 44.3677086], [21.9074892, 44.3676636],
     [21.907397200000002, 44.3676485],
     [21.907315800000003, 44.367640900000005],
     [21.907199000000002, 44.367656000000004]]}},
  {"type":"Feature",
   "properties":{},
   "geometry":
   {"type":"LineString",
    "coordinates":
    [[21.907199000000002, 44.367656000000004],
     [21.907124600000003, 44.3676333],
     [21.907068000000002, 44.3676156], [21.9068875, 44.36757],
     [21.906774300000002, 44.3675295], [21.9066575, 44.3675397]]}},
  {"type":"Feature",
   "properties":{},
   "geometry":
   {"type":"LineString",
    "coordinates":
    [[21.9066575, 44.3675397], [21.9064656, 44.367510900000006],
     [21.906291500000002, 44.367411100000005],
     [21.905917300000002, 44.367228600000004],
     [21.9055895, 44.3670732], [21.9052897, 44.366894800000004],
     [21.9050115, 44.3667735], [21.9046483, 44.3665749],
     [21.904427700000003, 44.366440100000005],
     [21.9042728, 44.3663048], [21.9041368, 44.3659758],
     [21.9041365, 44.3656987], [21.9041514, 44.3654506]]}},
  {"type":"Feature",
   "properties":{},
   "geometry":
   {"type":"LineString",
    "coordinates":
    [[21.9041514, 44.3654506], [21.9039991, 44.364941],
     [21.9032588, 44.3642103], [21.9026809, 44.3637238],
     [21.901136100000002, 44.363095300000005],
     [21.8998534, 44.3625829],
     [21.898531600000002, 44.362344900000004],
     [21.896541300000003, 44.361392300000006],
     [21.8949643, 44.3612632], [21.8927675, 44.3611513]]}},
  {"type":"Feature",
   "properties":{},
   "geometry":
   {"type":"LineString",
    "coordinates":
    [[21.8927675, 44.3611513], [21.8925898, 44.3612612]]}},
  {"type":"Feature",
   "properties":{},
   "geometry":
   {"type":"LineString",
    "coordinates":
    [[21.8925898, 44.3612612], [21.8924573, 44.3613391]]}},
  {"type":"Feature",
   "properties":{},
   "geometry":
   {"type":"LineString",
    "coordinates":
    [[21.8924573, 44.3613391], [21.8923437, 44.3614095],
     [21.8921609, 44.3618066], [21.8919633, 44.3623956],
     [21.891908400000002, 44.3627577], [21.891757000000002, 44.363281],
     [21.8916101, 44.363718500000004],
     [21.8908084, 44.364996100000006], [21.8899578, 44.3657005],
     [21.8896212, 44.3662517], [21.8890214, 44.3672273],
     [21.8885869, 44.3677961],
     [21.888427800000002, 44.368281700000004],
     [21.888642, 44.368780400000006], [21.8884812, 44.3694982],
     [21.8885563, 44.370302800000005],
     [21.888238100000002, 44.3708321],
     [21.888440000000003, 44.3715977],
     [21.8880389, 44.371985200000005], [21.8880109, 44.3722951],
     [21.887423700000003, 44.372694800000005],
     [21.8867805, 44.3726549], [21.885843700000002, 44.3727948]]}},
  {"type":"Feature",
   "properties":{},
   "geometry":
   {"type":"LineString",
    "coordinates":
    [[21.8822417, 44.3756524], [21.8828795, 44.3750535],
     [21.883550600000003, 44.3748136],
     [21.8845014, 44.373764200000004],
     [21.885843700000002, 44.3727948]]}},
  {"type":"Feature",
   "properties":{},
   "geometry":
   {"type":"LineString",
    "coordinates":
    [[21.8822417, 44.3756524],
     [21.882509000000002, 44.375811600000006],
     [21.8830901, 44.3760616], [21.883468, 44.3763237],
     [21.8838516, 44.376384200000004],
     [21.884060400000003, 44.3765092], [21.884066, 44.376730900000005],
     [21.8843876, 44.376666400000005],
     [21.8846132, 44.376360000000005], [21.8849461, 44.3763439],
     [21.885154800000002, 44.376557600000005],
     [21.8859502, 44.376557600000005], [21.8866723, 44.3767067],
     [21.8876482, 44.3769688], [21.888404100000002, 44.37736],
     [21.8888047, 44.3776382], [21.8892221, 44.3782672],
     [21.8893744, 44.379017100000006],
     [21.8894591, 44.379726700000006], [21.8896847, 44.3804243],
     [21.8898765, 44.3809484], [21.8891601, 44.3814362],
     [21.888415400000003, 44.3818556], [21.8879267, 44.3824606]]}},
  {"type":"Feature",
   "properties":{},
   "geometry":
   {"type":"LineString",
    "coordinates":
    [[21.8857201, 44.38664], [21.885684100000002, 44.386766300000005],
     [21.8856384, 44.3868711], [21.8855928, 44.3869551],
     [21.8855417, 44.3869987], [21.8854288, 44.387036],
     [21.8853249, 44.387045300000004], [21.8852164, 44.3870464],
     [21.885111300000002, 44.387025], [21.885024700000002, 44.3869397],
     [21.8849941, 44.3868142], [21.885024400000002, 44.3867275],
     [21.8850704, 44.386600900000005],
     [21.885197400000003, 44.386370400000004],
     [21.885394700000003, 44.386032400000005],
     [21.885535100000002, 44.385769], [21.8858545, 44.385192800000006],
     [21.8860457, 44.384857700000005], [21.8861357, 44.3846889],
     [21.8862309, 44.384511700000004], [21.88632, 44.3843602],
     [21.8864255, 44.3841704], [21.8865707, 44.383929800000004],
     [21.8866948, 44.383736500000005],
     [21.8867833, 44.383602700000004], [21.886937, 44.38342],
     [21.8871246, 44.383204500000005],
     [21.8873307, 44.383015900000004],
     [21.887550400000002, 44.382825000000004],
     [21.8877196, 44.382656100000005],
     [21.887835900000002, 44.382545400000005],
     [21.8879267, 44.3824606]]}},
  {"type":"Feature",
   "properties":{},
   "geometry":
   {"type":"LineString",
    "coordinates":
    [[21.8865243, 44.3891098], [21.8859667, 44.3875152],
     [21.8858457, 44.387121], [21.8858141, 44.3870212],
     [21.8857816, 44.3868707],
     [21.885744900000002, 44.386759100000006],
     [21.8857201, 44.38664]]}},
  {"type":"Feature",
   "properties":{},
   "geometry":
   {"type":"LineString",
    "coordinates":
    [[21.8872186, 44.390691100000005],
     [21.887066400000002, 44.390532900000004],
     [21.8870068, 44.390452100000005], [21.886956100000003, 44.390354],
     [21.8865243, 44.3891098]]}},
  {"type":"Feature",
   "properties":{},
   "geometry":
   {"type":"LineString",
    "coordinates":
    [[21.8872186, 44.390691100000005],
     [21.887286000000003, 44.3908572], [21.8873384, 44.3909862],
     [21.887394800000003, 44.3911007],
     [21.887528200000002, 44.3913566]]}},
  {"type":"Feature",
   "properties":{},
   "geometry":
   {"type":"LineString",
    "coordinates":
    [[21.887528200000002, 44.3913566],
     [21.8876586, 44.391620100000004]]}},
  {"type":"Feature",
   "properties":{},
   "geometry":
   {"type":"LineString",
    "coordinates":
    [[21.8876586, 44.391620100000004],
     [21.887673200000002, 44.391648800000006]]}},
  {"type":"Feature",
   "properties":{},
   "geometry":
   {"type":"LineString",
    "coordinates":
    [[21.8829482, 44.3929649], [21.8835775, 44.3926292],
     [21.8840669, 44.3925293], [21.884975700000002, 44.3922108],
     [21.885998200000003, 44.391717500000006],
     [21.8864875, 44.3915614],
     [21.887160400000003, 44.391580100000006],
     [21.8875187, 44.3916051],
     [21.887673200000002, 44.391648800000006]]}},
  {"type":"Feature",
   "properties":{},
   "geometry":
   {"type":"LineString",
    "coordinates":
    [[21.867624000000003, 44.4042028],
     [21.867748300000002, 44.4042248],
     [21.869743800000002, 44.403826300000006],
     [21.870752300000003, 44.4029984], [21.8715677, 44.4028605],
     [21.8715677, 44.4026918], [21.870451900000003, 44.4026918],
     [21.870366100000002, 44.402446600000005],
     [21.870602100000003, 44.402048], [21.871117100000003, 44.4018333],
     [21.8720003, 44.399998000000004], [21.8728552, 44.3987672],
     [21.8737564, 44.398521900000006], [21.8754516, 44.3971267],
     [21.876417200000002, 44.3966361],
     [21.8773613, 44.396452100000005],
     [21.8777046, 44.395946200000004], [21.878799, 44.395808200000005],
     [21.8790994, 44.3956395], [21.8800864, 44.395685500000006],
     [21.8818105, 44.395255000000006],
     [21.8824471, 44.394907800000006],
     [21.883045600000003, 44.3948102],
     [21.883584000000003, 44.394336300000006],
     [21.884825900000003, 44.3940065],
     [21.884935900000002, 44.394121600000005],
     [21.884900700000003, 44.3942956], [21.8845496, 44.3945663],
     [21.884656900000003, 44.3947196], [21.8851075, 44.3946583],
     [21.8855839, 44.3940854],
     [21.885897500000002, 44.393770700000005], [21.88588, 44.393585],
     [21.885901500000003, 44.3933704],
     [21.8859831, 44.393171800000005],
     [21.8865237, 44.393048300000004], [21.8870596, 44.3925526],
     [21.8870331, 44.3924333], [21.8869314, 44.392281700000005],
     [21.8859229, 44.392281700000005],
     [21.885236300000003, 44.3925424],
     [21.883649000000002, 44.392835500000004],
     [21.8829482, 44.3929649]]}},
  {"type":"Feature",
   "properties":{},
   "geometry":
   {"type":"LineString",
    "coordinates":
    [[21.867624000000003, 44.4042028], [21.867719, 44.404522],
     [21.867528200000002, 44.4047379],
     [21.867226000000002, 44.4051015],
     [21.8673532, 44.405624200000005],
     [21.867528200000002, 44.4062946],
     [21.8675123, 44.407112700000006], [21.8669556, 44.4079649],
     [21.866494300000003, 44.4087034],
     [21.8661444, 44.409521500000004],
     [21.866319400000002, 44.410089600000006],
     [21.866383000000003, 44.4104304], [21.8662876, 44.4108394],
     [21.866192100000003, 44.4112485], [21.8662399, 44.411737],
     [21.866558, 44.4119529], [21.866876100000002, 44.412123300000005],
     [21.867035100000003, 44.4127823],
     [21.866796500000003, 44.413282200000005],
     [21.8665261, 44.4135435], [21.8662399, 44.413861600000004],
     [21.866033100000003, 44.414327400000005],
     [21.865985400000003, 44.414725000000004],
     [21.8658581, 44.415156700000004], [21.866049, 44.415770200000004],
     [21.8661244, 44.416524300000006],
     [21.866134600000002, 44.417213100000005],
     [21.8662056, 44.417691600000005], [21.866347700000002, 44.418286],
     [21.8666421, 44.418779], [21.8670131, 44.419245200000006],
     [21.8669811, 44.419311300000004], [21.8673374, 44.4195944]]}},
  {"type":"Feature",
   "properties":{},
   "geometry":
   {"type":"LineString",
    "coordinates":
    [[21.8675792, 44.416531600000006],
     [21.867353400000002, 44.4168213],
     [21.867275600000003, 44.416957700000005],
     [21.867248800000002, 44.4170577],
     [21.867244300000003, 44.417183200000004],
     [21.8672611, 44.417318300000005], [21.8673462, 44.4176062],
     [21.867431200000002, 44.4178559],
     [21.867506300000002, 44.4180311],
     [21.867581400000002, 44.418187100000004],
     [21.867855000000002, 44.4187731],
     [21.867897900000003, 44.418975800000005],
     [21.867888500000003, 44.4191291],
     [21.8678469, 44.419251700000004], [21.8677958, 44.4193282],
     [21.867691100000002, 44.4194297], [21.8675728, 44.4195061],
     [21.8674228, 44.4195714], [21.8673374, 44.4195944]]}},
  {"type":"Feature",
   "properties":{},
   "geometry":
   {"type":"LineString",
    "coordinates":
    [[21.8682729, 44.4156459], [21.8679422, 44.4160659],
     [21.8675792, 44.416531600000006]]}},
  {"type":"Feature",
   "properties":{},
   "geometry":
   {"type":"LineString",
    "coordinates":
    [[21.870708500000003, 44.4140342], [21.8707008, 44.4140352],
     [21.870542, 44.414055600000005], [21.8704162, 44.4141047],
     [21.8702931, 44.4141709],
     [21.870157300000002, 44.414262900000004],
     [21.869976, 44.414454600000006],
     [21.869784900000003, 44.414630900000006], [21.869641, 44.4147236],
     [21.8694552, 44.4148246], [21.8689731, 44.415037600000005],
     [21.8687727, 44.4151375], [21.868672200000002, 44.415211],
     [21.8685572, 44.4153041], [21.8684344, 44.415440700000005],
     [21.8683324, 44.415570200000005], [21.8682729, 44.4156459]]}},
  {"type":"Feature",
   "properties":{},
   "geometry":
   {"type":"LineString",
    "coordinates":
    [[21.8730115, 44.4143139], [21.8718569, 44.4140962],
     [21.8715604, 44.4140591], [21.8712318, 44.4140372],
     [21.8708642, 44.414031900000005],
     [21.870708500000003, 44.4140342]]}},
  {"type":"Feature",
   "properties":{},
   "geometry":
   {"type":"LineString",
    "coordinates":
    [[21.8730115, 44.4143139],
     [21.873062100000002, 44.414659500000006],
     [21.8731703, 44.415046000000004],
     [21.873495000000002, 44.415139800000006],
     [21.873696000000002, 44.415598100000004],
     [21.8739279, 44.416089500000005],
     [21.8743298, 44.416553300000004], [21.8745076, 44.4170944],
     [21.8748168, 44.417309700000004],
     [21.875512500000003, 44.417320700000005],
     [21.8760227, 44.4178342], [21.8763782, 44.4183366],
     [21.8758835, 44.4189218], [21.8753347, 44.419104000000004],
     [21.875272900000002, 44.4197555],
     [21.8749405, 44.420418000000005],
     [21.8741598, 44.420633300000006],
     [21.8736728, 44.421108100000005], [21.8734873, 44.4218314],
     [21.873974200000003, 44.4225435], [21.8745772, 44.4230073],
     [21.8753424, 44.423382700000005], [21.876842, 44.4236973],
     [21.8778624, 44.4237084], [21.879076, 44.4244095],
     [21.8794006, 44.425116100000004],
     [21.879207400000002, 44.4259828],
     [21.879462500000002, 44.4266232], [21.8796557, 44.427109],
     [21.8799108, 44.427396], [21.880459600000002, 44.4274843],
     [21.881163100000002, 44.4280971],
     [21.881874200000002, 44.428969200000004],
     [21.8829023, 44.4295102], [21.8837835, 44.429996],
     [21.8845178, 44.429802800000004], [21.8851826, 44.4297641],
     [21.8864503, 44.430095300000005], [21.8871615, 44.4300677],
     [21.8879035, 44.4303492], [21.8879422, 44.430934400000005],
     [21.8874938, 44.431580200000006],
     [21.8872156, 44.432005200000006], [21.887462900000003, 44.432237],
     [21.8879731, 44.4322591],
     [21.888313200000002, 44.431850700000005],
     [21.8890166, 44.4317292], [21.890029300000002, 44.4320162],
     [21.891343300000003, 44.432430200000006],
     [21.892100900000003, 44.4326676],
     [21.8926497, 44.433324400000004], [21.8925956, 44.4341413],
     [21.892325, 44.4349803], [21.891227400000002, 44.4357144],
     [21.8909723, 44.436597500000005],
     [21.8908641, 44.437039000000006], [21.8903694, 44.4374364],
     [21.8909568, 44.438104300000006], [21.8916989, 44.4385679],
     [21.8920545, 44.4396331], [21.8924255, 44.440891400000005],
     [21.893121200000003, 44.4417634],
     [21.893484500000003, 44.442464300000005],
     [21.8944353, 44.4433914], [21.8954711, 44.444142],
     [21.8968084, 44.444611], [21.8981998, 44.444633100000004],
     [21.8993129, 44.4450139], [21.900333200000002, 44.4452512],
     [21.9016319, 44.444914600000004], [21.9028686, 44.444462],
     [21.9040049, 44.443866], [21.9052031, 44.4440261],
     [21.906494000000002, 44.4446883], [21.9076534, 44.4453174],
     [21.909354, 44.4459134], [21.911016, 44.4460624],
     [21.9128711, 44.446012700000004], [21.9145717, 44.4457147],
     [21.915893500000003, 44.445129800000004],
     [21.9171844, 44.4445393], [21.9187304, 44.4440868],
     [21.9195652, 44.443987400000005],
     [21.919967200000002, 44.444136400000005],
     [21.9200136, 44.4443627], [21.9202377, 44.444351700000006],
     [21.9205779, 44.4442413], [21.921551800000003, 44.4444565],
     [21.9219383, 44.444925600000005],
     [21.9218456, 44.445720300000005], [21.9220079, 44.4464984],
     [21.922255200000002, 44.447110900000006],
     [21.9225876, 44.447386800000004],
     [21.922757700000002, 44.4473537], [21.923036, 44.4467025],
     [21.9235307, 44.445924500000004],
     [21.9237858, 44.445295300000005], [21.9245695, 44.4449075]]}},
  {"type":"Feature",
   "properties":{},
   "geometry":
   {"type":"LineString",
    "coordinates":
    [[21.9238035, 44.4407341], [21.923669, 44.440885900000005],
     [21.9232049, 44.4411251], [21.9230439, 44.441377100000004],
     [21.9230665, 44.4416135], [21.923030500000003, 44.4419185],
     [21.923140500000002, 44.442159200000006],
     [21.9234538, 44.4424074], [21.923570700000003, 44.4425698],
     [21.923616300000003, 44.4434446],
     [21.9237606, 44.443694300000004],
     [21.924026700000002, 44.4438827],
     [21.924350800000003, 44.4440198],
     [21.9247048, 44.444251900000005], [21.9248249, 44.4444449],
     [21.924811000000002, 44.444579700000006],
     [21.9245695, 44.4449075]]}},
  {"type":"Feature",
   "properties":{},
   "geometry":
   {"type":"LineString",
    "coordinates":
    [[21.9241034, 44.4402978], [21.9240029, 44.4404726],
     [21.9238035, 44.4407341]]}},
  {"type":"Feature",
   "properties":{},
   "geometry":
   {"type":"LineString",
    "coordinates":
    [[21.9241034, 44.4402978], [21.924276300000002, 44.4400619],
     [21.924365, 44.439826200000006], [21.9245015, 44.439306800000004],
     [21.9245656, 44.4388882]]}},
  {"type":"Feature",
   "properties":{},
   "geometry":
   {"type":"LineString",
    "coordinates":
    [[21.9245656, 44.4388882], [21.9247984, 44.438667200000005],
     [21.9258342, 44.4384796], [21.9267927, 44.4384354],
     [21.927580600000002, 44.438155200000004]]}},
  {"type":"Feature",
   "properties":{},
   "geometry":
   {"type":"LineString",
    "coordinates":
    [[21.927580600000002, 44.438155200000004],
     [21.927805900000003, 44.4383263], [21.9280972, 44.4384262],
     [21.9284229, 44.4384899], [21.9286801, 44.4385666],
     [21.929091500000002, 44.4387206], [21.9294027, 44.4389102],
     [21.929862500000002, 44.4391064],
     [21.930314300000003, 44.4392957], [21.9307957, 44.4395241],
     [21.931410900000003, 44.4398476],
     [21.931733100000002, 44.4399603],
     [21.931945300000002, 44.4400033],
     [21.932360900000003, 44.4400333], [21.9324748, 44.4400313],
     [21.932521, 44.440068800000006], [21.932506800000002, 44.4401187],
     [21.932384300000002, 44.4402034], [21.932230200000003, 44.44024],
     [21.9321835, 44.4402867], [21.9322413, 44.4403201],
     [21.932552400000002, 44.4403209],
     [21.9329307, 44.440233400000004], [21.9332177, 44.4401171],
     [21.9335574, 44.440055900000004], [21.9338719, 44.4400701],
     [21.9340195, 44.440068000000004], [21.9342423, 44.4399991],
     [21.934449100000002, 44.4398623],
     [21.934523300000002, 44.439868700000005], [21.934552, 44.4399104],
     [21.934551900000002, 44.4399912], [21.9344471, 44.4401558],
     [21.934459, 44.440322800000004]]}},
  {"type":"Feature",
   "properties":{},
   "geometry":
   {"type":"LineString",
    "coordinates":
    [[21.934459, 44.440322800000004],
     [21.934598700000002, 44.440384300000005],
     [21.934750700000002, 44.440420700000004],
     [21.935182400000002, 44.4405165],
     [21.935359100000003, 44.4404964], [21.9354081, 44.4404017],
     [21.935338100000003, 44.440178200000005],
     [21.9353461, 44.4400415], [21.935548400000002, 44.4398885],
     [21.935669, 44.4396737], [21.9357, 44.4394216],
     [21.9358612, 44.439136600000005],
     [21.9360807, 44.438806400000004],
     [21.9361867, 44.438383800000004],
     [21.936216700000003, 44.438062300000006], [21.936198, 44.4377562],
     [21.9362283, 44.437430500000005],
     [21.936265900000002, 44.4370301],
     [21.936388400000002, 44.4369005],
     [21.936421600000003, 44.436884600000006]]}},
  {"type":"Feature",
   "properties":{},
   "geometry":
   {"type":"LineString",
    "coordinates":
    [[21.936421600000003, 44.436884600000006],
     [21.936661800000003, 44.4371896], [21.9367881, 44.4373591],
     [21.937166400000002, 44.4375592],
     [21.937488600000002, 44.437856000000004],
     [21.937633400000003, 44.4381494],
     [21.938025600000003, 44.438416200000006],
     [21.9382638, 44.4386196], [21.938366600000002, 44.438853],
     [21.9386981, 44.4391897], [21.9390998, 44.4394031],
     [21.9395741, 44.439617000000005]]}},
  {"type":"Feature",
   "properties":{},
   "geometry":
   {"type":"LineString",
    "coordinates":
    [[21.9395741, 44.439617000000005],
     [21.939708200000002, 44.4396439],
     [21.9398182, 44.439641900000005], [21.9399282, 44.4395998],
     [21.9402259, 44.439425500000006],
     [21.940400200000003, 44.4393528],
     [21.9405156, 44.439345100000004],
     [21.940582600000003, 44.439373800000006],
     [21.940660100000002, 44.4394524],
     [21.940767700000002, 44.4395615],
     [21.940799900000002, 44.439613200000004],
     [21.940797200000002, 44.4396611],
     [21.940765000000003, 44.439680200000005],
     [21.9406792, 44.4396879], [21.9406278, 44.4397019],
     [21.940475300000003, 44.439743400000005],
     [21.940298300000002, 44.4398162],
     [21.940129300000002, 44.4399943],
     [21.9400811, 44.440153300000006], [21.9400945, 44.4402988],
     [21.940250000000002, 44.440842700000005],
     [21.9401857, 44.441089700000006], [21.9401803, 44.4413846],
     [21.9402635, 44.4418481],
     [21.940539700000002, 44.442114200000006],
     [21.940689900000002, 44.4422176],
     [21.940751600000002, 44.442229100000006],
     [21.9408214, 44.442213800000005],
     [21.940869600000003, 44.442173600000004],
     [21.940885700000003, 44.442139100000006],
     [21.940869600000003, 44.442007000000004], [21.940816, 44.4413865],
     [21.940837400000003, 44.4411606],
     [21.9411205, 44.440749600000004], [21.9412026, 44.4406144],
     [21.941489200000003, 44.4403256], [21.9417869, 44.4401628],
     [21.942342200000002, 44.440002], [21.9429215, 44.439818100000004],
     [21.942959100000003, 44.4397913], [21.9429698, 44.4397492],
     [21.9429215, 44.4396994], [21.942567500000003, 44.4395615],
     [21.9424226, 44.4394945],
     [21.942339500000003, 44.439400600000006],
     [21.9423207, 44.4392762], [21.9425782, 44.4385561],
     [21.942658700000003, 44.4383186],
     [21.942626500000003, 44.4382018],
     [21.9425165, 44.438079200000004],
     [21.9424253, 44.437975800000004],
     [21.9424253, 44.437885800000004],
     [21.942460200000003, 44.4378283], [21.9427096, 44.4372787],
     [21.942792800000003, 44.437196300000004],
     [21.942929600000003, 44.4370929],
     [21.943173700000003, 44.436866900000005],
     [21.943216600000003, 44.4368325], [21.9432514, 44.436821],
     [21.9432917, 44.4368229], [21.9433426, 44.436840100000005],
     [21.9433963, 44.436876500000004], [21.9434767, 44.4369742],
     [21.9436323, 44.437236600000006], [21.9437155, 44.4374836],
     [21.9437289, 44.4376617], [21.9437557, 44.437694300000004],
     [21.9438147, 44.437719200000004], [21.943871, 44.437721100000005],
     [21.943943400000002, 44.4377],
     [21.944034600000002, 44.437642600000004],
     [21.944171400000002, 44.4375104], [21.9444155, 44.4373955],
     [21.9445443, 44.4373093], [21.9447562, 44.437081400000004],
     [21.944807100000002, 44.4369857], [21.9447994, 44.4368804]]}},
  {"type":"Feature",
   "properties":{},
   "geometry":
   {"type":"LineString",
    "coordinates":
    [[21.9447994, 44.4368804], [21.944856, 44.436984],
     [21.9448489, 44.4370877], [21.944718, 44.4372519],
     [21.9443676, 44.437681500000004],
     [21.9441397, 44.437965500000004], [21.9441008, 44.4381057],
     [21.9441424, 44.4382523], [21.9442282, 44.4384029],
     [21.9443485, 44.4385874], [21.9444717, 44.438741300000004],
     [21.9446155, 44.4388371], [21.9448717, 44.439004100000005],
     [21.945290200000002, 44.4394517],
     [21.945534900000002, 44.439641900000005],
     [21.945767, 44.439737400000006], [21.9460002, 44.4398095],
     [21.9461896, 44.4398764],
     [21.946506900000003, 44.440155100000005],
     [21.946749800000003, 44.4403232],
     [21.947019700000002, 44.4404503], [21.9472184, 44.4405045],
     [21.947409, 44.440513900000006], [21.9481146, 44.440468900000006],
     [21.9482447, 44.4404708], [21.948315700000002, 44.4404823],
     [21.9483989, 44.440503400000004],
     [21.948468700000003, 44.4405434],
     [21.948522800000003, 44.440599600000006],
     [21.948574100000002, 44.440681000000005],
     [21.948605200000003, 44.4407257]]}},
  {"type":"Feature",
   "properties":{},
   "geometry":
   {"type":"LineString",
    "coordinates":
    [[21.948605200000003, 44.4407257],
     [21.948826, 44.440929100000005]]}},
  {"type":"Feature",
   "properties":{},
   "geometry":
   {"type":"LineString",
    "coordinates":
    [[21.948826, 44.440929100000005], [21.9489091, 44.4409731],
     [21.9489728, 44.440992300000005], [21.9490418, 44.4409961],
     [21.949259100000003, 44.4409713],
     [21.950131300000002, 44.440756300000004],
     [21.950246200000002, 44.440728], [21.9503212, 44.440720400000004],
     [21.9503963, 44.440735800000006],
     [21.9504594, 44.440767400000006],
     [21.950517100000003, 44.4408181],
     [21.9506549, 44.440937600000005],
     [21.9507638, 44.440965500000004], [21.9509741, 44.4409663],
     [21.9512198, 44.4409445], [21.9516704, 44.4410152],
     [21.951847700000002, 44.441029900000004],
     [21.952063900000002, 44.4410502]]}},
  {"type":"Feature",
   "properties":{},
   "geometry":
   {"type":"LineString",
    "coordinates":
    [[21.952063900000002, 44.4410502],
     [21.952197700000003, 44.441065]]}},
  {"type":"Feature",
   "properties":{},
   "geometry":
   {"type":"LineString",
    "coordinates":
    [[21.952197700000003, 44.441065], [21.952442, 44.441101700000004],
     [21.9526413, 44.4411477], [21.9527086, 44.441188800000006],
     [21.9528409, 44.441269600000005]]}},
  {"type":"Feature",
   "properties":{},
   "geometry":
   {"type":"LineString",
    "coordinates":
    [[21.9528409, 44.441269600000005],
     [21.952735500000003, 44.4414212],
     [21.9528454, 44.441555300000005],
     [21.9530868, 44.441771700000004], [21.9534892, 44.4418732],
     [21.954371700000003, 44.441863600000005]]}},
  {"type":"Feature",
   "properties":{},
   "geometry":
   {"type":"LineString",
    "coordinates":
    [[21.954371700000003, 44.441863600000005],
     [21.954870800000002, 44.4421619],
     [21.9555575, 44.442514300000006], [21.9559222, 44.4429049],
     [21.955879300000003, 44.443257300000006],
     [21.956308500000002, 44.4434181],
     [21.9564372, 44.443755100000004],
     [21.956383600000002, 44.444191800000006],
     [21.956093900000003, 44.444743200000005],
     [21.955943700000002, 44.4453024],
     [21.955793500000002, 44.4462215],
     [21.9551498, 44.447293800000004],
     [21.9540662, 44.448266600000004], [21.9536155, 44.4490325],
     [21.9535404, 44.4497524], [21.9542056, 44.4502119],
     [21.9550747, 44.4506944],
     [21.955696900000003, 44.450928000000005],
     [21.955745200000003, 44.451464200000004],
     [21.9559813, 44.452134300000004],
     [21.956045600000003, 44.4525402], [21.9571346, 44.4531222],
     [21.957413600000002, 44.4535435],
     [21.957097700000002, 44.4538463]]}},
  {"type":"Feature",
   "properties":{},
   "geometry":
   {"type":"LineString",
    "coordinates":
    [[21.957097700000002, 44.4538463], [21.9570958, 44.4540701],
     [21.9570849, 44.454452], [21.956967000000002, 44.454833900000004],
     [21.956506100000002, 44.455510700000005], [21.956365, 44.4560095],
     [21.956052500000002, 44.4566424],
     [21.955941000000003, 44.4570621], [21.955694, 44.4575851],
     [21.9556763, 44.4580184],
     [21.955455500000003, 44.458521600000005],
     [21.9554595, 44.459055500000005],
     [21.9554021, 44.459230700000006],
     [21.955305600000003, 44.4596442], [21.955549400000002, 44.46016],
     [21.955438100000002, 44.4605686]]}},
  {"type":"Feature",
   "properties":{},
   "geometry":
   {"type":"LineString",
    "coordinates":
    [[21.955438100000002, 44.4605686], [21.9551605, 44.4607764],
     [21.9548655, 44.4612703],
     [21.954656200000002, 44.461879100000004],
     [21.9544631, 44.4625031], [21.9543719, 44.4629166],
     [21.9542432, 44.4635101], [21.9543934, 44.464049900000006],
     [21.954763500000002, 44.4648654], [21.9551176, 44.4655545],
     [21.955305300000003, 44.4664427], [21.9553, 44.4671815],
     [21.955530600000003, 44.4677864],
     [21.955530600000003, 44.468590400000004],
     [21.9557828, 44.4692871], [21.9561905, 44.469914900000006],
     [21.956244100000003, 44.470401100000004], [21.9567812, 44.471173],
     [21.956977400000003, 44.471695100000005],
     [21.957094100000003, 44.4720584],
     [21.9571313, 44.472289700000005], [21.9572365, 44.4725218],
     [21.9572204, 44.4729046],
     [21.957349200000003, 44.473325700000004],
     [21.9572526, 44.473689300000004], [21.9577622, 44.4738999],
     [21.957882400000003, 44.4741737]]}},
  {"type":"Feature",
   "properties":{},
   "geometry":
   {"type":"LineString",
    "coordinates":
    [[21.973383100000003, 44.47856],
     [21.972495300000002, 44.478642400000005],
     [21.9714053, 44.4787874], [21.9708696, 44.478523700000004],
     [21.9701491, 44.4781283], [21.969465500000002, 44.4781678],
     [21.9676736, 44.4781415], [21.9667868, 44.4782206],
     [21.9664912, 44.478115100000004],
     [21.965974000000003, 44.4776274],
     [21.9655491, 44.477495600000005],
     [21.9653089, 44.477456000000004],
     [21.9641635, 44.477363800000006], [21.9632398, 44.477311],
     [21.962463900000003, 44.4774429],
     [21.9619466, 44.477324200000005], [21.9607828, 44.476942],
     [21.9605426, 44.476625600000006],
     [21.9600069, 44.476137900000005],
     [21.9589581, 44.475577900000005], [21.958492, 44.4750701],
     [21.9583812, 44.4743451], [21.957882400000003, 44.4741737]]}},
  {"type":"Feature",
   "properties":{},
   "geometry":
   {"type":"LineString",
    "coordinates":
    [[21.973383100000003, 44.47856], [21.973947000000003, 44.4792235],
     [21.9745907, 44.479744000000004], [21.9757709, 44.479545],
     [21.9773588, 44.479315400000004], [21.9778309, 44.4795297],
     [21.977959600000002, 44.4798665], [21.978474600000002, 44.480234],
     [21.978667700000003, 44.480846400000004],
     [21.978817900000003, 44.481305600000006], [21.979011, 44.4816118],
     [21.979440200000003, 44.482163], [21.979483100000003, 44.4826223],
     [21.978968100000003, 44.484183800000004],
     [21.979225600000003, 44.4845665], [21.9790539, 44.4853626],
     [21.979096900000002, 44.486005500000005],
     [21.9792813, 44.486259000000004],
     [21.979588500000002, 44.4863956]]}},
  {"type":"Feature",
   "properties":{},
   "geometry":
   {"type":"LineString",
    "coordinates":
    [[21.979588500000002, 44.4863956], [21.9797303, 44.4865999],
     [21.979801900000002, 44.4870341],
     [21.979679100000002, 44.487450200000005],
     [21.9794285, 44.4880158], [21.9792187, 44.4885596],
     [21.979029500000003, 44.4890595],
     [21.978819700000003, 44.489614200000005],
     [21.9786509, 44.4903112], [21.9785179, 44.4908914],
     [21.978001300000003, 44.4913475], [21.977367, 44.491617600000005],
     [21.9768094, 44.491796400000005], [21.9764206, 44.492351],
     [21.9761393, 44.4930151], [21.9759193, 44.4934129],
     [21.9757965, 44.493755900000004],
     [21.9763132, 44.494212000000005],
     [21.9768656, 44.494704600000006],
     [21.977474400000002, 44.4953942], [21.9786816, 44.4956679],
     [21.9795717, 44.4961057], [21.980293, 44.4964378],
     [21.9808045, 44.4964962], [21.981802000000002, 44.4963356],
     [21.982625600000002, 44.4963429],
     [21.983331500000002, 44.4963721], [21.9838737, 44.4966786],
     [21.9843188, 44.496915800000004],
     [21.984912100000003, 44.496915800000004],
     [21.985659000000002, 44.4967844],
     [21.986155200000002, 44.4968866],
     [21.987280600000002, 44.4968647],
     [21.9883497, 44.497043500000004], [21.9892295, 44.4972806],
     [21.990068400000002, 44.497627300000005],
     [21.990886900000003, 44.497802400000005],
     [21.991342200000002, 44.498006700000005],
     [21.9912706, 44.498222000000005],
     [21.990892000000002, 44.498079700000005],
     [21.9898843, 44.497868100000005], [21.989383, 44.498262100000005],
     [21.9882092, 44.4986556],
     [21.987077300000003, 44.499068900000005],
     [21.986229700000003, 44.4994821], [21.9847384, 44.4996084],
     [21.9829896, 44.499673400000006],
     [21.981417800000003, 44.4994974], [21.9799265, 44.4994553],
     [21.979288200000003, 44.4996504]]}},
  {"type":"Feature",
   "properties":{},
   "geometry":
   {"type":"LineString",
    "coordinates":
    [[21.979288200000003, 44.4996504],
     [21.979636900000003, 44.499866600000004],
     [21.9800553, 44.499971800000004], [21.980919, 44.5003353],
     [21.9807902, 44.5009284], [21.9808278, 44.501525300000004],
     [21.9810316, 44.501590300000004],
     [21.981299800000002, 44.501253600000005],
     [21.981798700000002, 44.5008289], [21.982303, 44.5006567],
     [21.982539000000003, 44.500756200000005],
     [21.982463900000003, 44.501119700000004],
     [21.982222500000002, 44.501617100000004],
     [21.9820938, 44.5021604], [21.982244, 44.5027151],
     [21.982630200000003, 44.5025124],
     [21.9830057, 44.502221600000006], [21.9835207, 44.5020303],
     [21.983874800000002, 44.5020456], [21.9841805, 44.5022905],
     [21.9841644, 44.502914100000005],
     [21.984008900000003, 44.5033503],
     [21.9838694, 44.503736700000005],
     [21.983885500000003, 44.504104000000005],
     [21.9835797, 44.5045592], [21.983359800000002, 44.5049304],
     [21.982946700000003, 44.505244100000006],
     [21.9828501, 44.505121700000004], [21.9828984, 44.5049763],
     [21.9831398, 44.5047658], [21.9833383, 44.5044253],
     [21.983402700000003, 44.504234000000004],
     [21.983279300000003, 44.504065700000005], [21.9831076, 44.504081],
     [21.982828700000002, 44.504310600000004],
     [21.9820616, 44.504272300000004], [21.981552, 44.5043335],
     [21.981208600000002, 44.5043488],
     [21.9809887, 44.504521000000004], [21.9810155, 44.5047888],
     [21.9805971, 44.5052517], [21.979953400000003, 44.5058524],
     [21.979433, 44.5060054], [21.978848300000003, 44.5060513],
     [21.978274300000002, 44.5058906],
     [21.977973900000002, 44.5054813], [21.9773999, 44.5052135],
     [21.976520100000002, 44.505443], [21.9756994, 44.5057376],
     [21.9751629, 44.505427700000006],
     [21.974519200000003, 44.5057185],
     [21.973854000000003, 44.5060743],
     [21.973172700000003, 44.5060513], [21.9722447, 44.5062732],
     [21.9713274, 44.5064148], [21.970195500000003, 44.5064569],
     [21.968832900000002, 44.506453], [21.9677332, 44.506839400000004],
     [21.9665101, 44.506881500000006], [21.965625000000003, 44.507134],
     [21.965174400000002, 44.5072909],
     [21.965281700000002, 44.5075051],
     [21.9656626, 44.507600700000005], [21.9661668, 44.5075051],
     [21.966912500000003, 44.507562500000006],
     [21.9670358, 44.507654300000006], [21.9667998, 44.5082358],
     [21.9672933, 44.508832600000005],
     [21.9678888, 44.508817300000004], [21.968157, 44.508637500000006],
     [21.968575400000002, 44.5086719],
     [21.969406900000003, 44.509027700000004],
     [21.969728800000002, 44.5098119],
     [21.970061400000002, 44.5105732], [21.9701178, 44.510711],
     [21.970145600000002, 44.510778900000005]]}},
  {"type":"Feature",
   "properties":{},
   "geometry":
   {"type":"LineString",
    "coordinates":
    [[21.98131, 44.513840900000005], [21.9807382, 44.5136156],
     [21.9802341, 44.513293700000006],
     [21.979948200000003, 44.513052300000005],
     [21.979707400000002, 44.5128216],
     [21.979225900000003, 44.512843100000005],
     [21.979083000000003, 44.5130094], [21.9787143, 44.5132884],
     [21.978300500000003, 44.5133366],
     [21.9779018, 44.513266900000005], [21.9776911, 44.513063],
     [21.9773149, 44.512725], [21.9766152, 44.512354800000004],
     [21.9762691, 44.5121563], [21.9759005, 44.5120598],
     [21.9757199, 44.5120007], [21.9753437, 44.5120383],
     [21.9748999, 44.5121885], [21.9744785, 44.512290500000006],
     [21.973771300000003, 44.5122422], [21.9724697, 44.5122153],
     [21.9720936, 44.512092], [21.9719431, 44.511931000000004],
     [21.971920500000003, 44.511678800000006],
     [21.971867800000002, 44.511169100000004],
     [21.971770000000003, 44.5109438], [21.9711381, 44.5107775],
     [21.9703857, 44.510756],
     [21.970145600000002, 44.510778900000005]]}},
  {"type":"Feature",
   "properties":{},
   "geometry":
   {"type":"LineString",
    "coordinates":
    [[21.988424400000003, 44.531476700000006],
     [21.987899000000002, 44.531411600000006],
     [21.9873817, 44.531227300000005], [21.986845900000002, 44.53074],
     [21.9865688, 44.530134200000006], [21.9862363, 44.5294625],
     [21.985719000000003, 44.5289621],
     [21.985257200000003, 44.5285406], [21.9849985, 44.5280797],
     [21.9845367, 44.5276055], [21.9839455, 44.526920700000005],
     [21.9830957, 44.5259987], [21.9826523, 44.5252217],
     [21.982874000000002, 44.5244841],
     [21.9829295, 44.523812400000004], [21.982911, 44.523338200000005],
     [21.9820612, 44.522785000000006],
     [21.981211400000003, 44.5221923],
     [21.981377600000002, 44.5217181],
     [21.981599300000003, 44.5214415], [21.9822655, 44.5206218],
     [21.982521300000002, 44.5205521], [21.9826717, 44.520198],
     [21.9831532, 44.5197367], [21.9833037, 44.519457800000005],
     [21.983491800000003, 44.518905200000006],
     [21.983589600000002, 44.5185887],
     [21.983762600000002, 44.5182615],
     [21.984153900000003, 44.5178967],
     [21.9843721, 44.517703600000004],
     [21.984417200000003, 44.5176231],
     [21.984357000000003, 44.5175855],
     [21.983883000000002, 44.517757200000005],
     [21.983589600000002, 44.517848400000005],
     [21.9834241, 44.5178377], [21.9834241, 44.517757200000005],
     [21.9838755, 44.517419200000006],
     [21.983973300000002, 44.517124200000005],
     [21.984093700000003, 44.516754000000006],
     [21.984326900000003, 44.5164965],
     [21.9844548, 44.516432200000004],
     [21.984650400000003, 44.516400000000004],
     [21.9847633, 44.516426800000005], [21.9849815, 44.5163249],
     [21.985139500000002, 44.516212200000005],
     [21.9851169, 44.5161371], [21.9849213, 44.516088800000006],
     [21.9847407, 44.516147800000006],
     [21.984650400000003, 44.5160995], [21.984342, 44.5155899],
     [21.9841388, 44.5154772], [21.983822800000002, 44.5155255],
     [21.9836272, 44.5156274], [21.983552000000003, 44.5158581],
     [21.9836046, 44.5160137], [21.9834542, 44.5162283],
     [21.9832736, 44.5162873], [21.9832134, 44.5162605],
     [21.983220900000003, 44.516158600000004],
     [21.9833338, 44.5160191],
     [21.983311200000003, 44.515938600000005],
     [21.9830329, 44.5156489], [21.9830404, 44.5154021],
     [21.9831457, 44.5149515], [21.9831833, 44.5145384],
     [21.983311200000003, 44.514243300000004],
     [21.9834241, 44.514028700000004],
     [21.9836423, 44.513932100000005],
     [21.9836423, 44.513846300000004],
     [21.983461700000003, 44.5138249],
     [21.9830705, 44.513932100000005], [21.982814700000002, 44.514136],
     [21.982694300000002, 44.5143828],
     [21.982242900000003, 44.5147476], [21.981972000000003, 44.51493],
     [21.9817238, 44.5150105], [21.9815733, 44.5149783],
     [21.9816937, 44.5145598], [21.981949500000002, 44.5143077],
     [21.9820999, 44.5140663], [21.9822203, 44.5139482],
     [21.9821977, 44.5138678], [21.982032200000003, 44.5139429],
     [21.9817614, 44.5139858], [21.9815206, 44.513937500000004],
     [21.98131, 44.513840900000005]]}},
  {"type":"Feature",
   "properties":{},
   "geometry":
   {"type":"LineString",
    "coordinates":
    [[21.9863918, 44.5347785], [21.98601, 44.5342683],
     [21.9860896, 44.5336901], [21.9867735, 44.533032500000004],
     [21.9873143, 44.5324882], [21.9883577, 44.531612300000006],
     [21.988424400000003, 44.531476700000006]]}},
  {"type":"Feature",
   "properties":{},
   "geometry":
   {"type":"LineString",
    "coordinates":
    [[21.972315700000003, 44.5447434],
     [21.972061200000002, 44.5441993],
     [21.9718227, 44.543417100000006], [21.9716159, 44.5426689],
     [21.9713455, 44.5419434], [21.9715682, 44.541444600000005],
     [21.9720771, 44.5413086], [21.9728883, 44.541671300000004],
     [21.9732223, 44.541592], [21.973397300000002, 44.5411158],
     [21.973254100000002, 44.540651100000005],
     [21.9732859, 44.5401523], [21.9739858, 44.5392567],
     [21.9748287, 44.539120600000004],
     [21.975464900000002, 44.5393247], [21.9757989, 44.5396761],
     [21.976371500000003, 44.539823500000004],
     [21.9773895, 44.539789500000005], [21.9778825, 44.5399709],
     [21.9786301, 44.5396875], [21.978820900000002, 44.5389392],
     [21.979616200000002, 44.538349700000005],
     [21.980331900000003, 44.537998300000005],
     [21.9808409, 44.5380096], [21.981572500000002, 44.5381797],
     [21.9820974, 44.538055], [21.9825427, 44.5377035],
     [21.9829563, 44.5372727], [21.9834493, 44.5368079],
     [21.9851353, 44.536014300000005],
     [21.9859782, 44.535696800000004],
     [21.9864077, 44.535470100000005], [21.9865031, 44.5350733],
     [21.9863918, 44.5347785]]}},
  {"type":"Feature",
   "properties":{},
   "geometry":
   {"type":"LineString",
    "coordinates":
    [[21.973053200000003, 44.550792], [21.9735245, 44.5501389],
     [21.9738267, 44.549107400000004], [21.9739699, 44.5484273],
     [21.9736358, 44.5478266], [21.9733655, 44.547418500000006],
     [21.9733336, 44.546851800000006],
     [21.973413200000003, 44.546477700000004],
     [21.9734927, 44.5461036], [21.9733018, 44.545842900000004],
     [21.973111000000003, 44.545706900000006],
     [21.973095100000002, 44.5454348],
     [21.972745200000002, 44.5452421],
     [21.972713300000002, 44.5449701],
     [21.972363400000003, 44.5449247],
     [21.972315700000003, 44.5447434]]}},
  {"type":"Feature",
   "properties":{},
   "geometry":
   {"type":"LineString",
    "coordinates":
    [[21.992412400000003, 44.5672751],
     [21.9922967, 44.567181100000006], [21.9914129, 44.56701],
     [21.990965000000003, 44.5671132], [21.990302500000002, 44.567182],
     [21.9898385, 44.56714], [21.9893959, 44.567344500000004],
     [21.9890258, 44.5672604],
     [21.988878200000002, 44.567279500000005],
     [21.9883874, 44.5676597],
     [21.988121900000003, 44.567975000000004],
     [21.9879663, 44.5679941], [21.9876203, 44.5678738],
     [21.987247500000002, 44.5678451],
     [21.9865083, 44.567666100000004], [21.9853409, 44.5661593],
     [21.9855577, 44.5658539], [21.986011, 44.565433500000005],
     [21.986019000000002, 44.5652004], [21.9855577, 44.564822],
     [21.985096300000002, 44.5645985],
     [21.984516300000003, 44.5640827], [21.9836265, 44.5632913],
     [21.983100800000003, 44.5631308], [21.982398, 44.5624964],
     [21.982132500000002, 44.5620473],
     [21.9819581, 44.561544700000006],
     [21.9818053, 44.561435700000004], [21.981357300000003, 44.561258],
     [21.9813359, 44.561154800000004],
     [21.981421700000002, 44.561024800000006],
     [21.981673800000003, 44.560828],
     [21.981652500000003, 44.560155300000005],
     [21.980824600000002, 44.559547800000004],
     [21.980633100000002, 44.5590411],
     [21.980665300000002, 44.5580091], [21.9806019, 44.5578257],
     [21.9804561, 44.557634500000006],
     [21.980266800000003, 44.5572907],
     [21.979701300000002, 44.5560826], [21.9794199, 44.5556892],
     [21.979056, 44.555180500000006], [21.9788187, 44.5549313],
     [21.9781601, 44.5547076],
     [21.978095800000002, 44.554553600000006],
     [21.978637600000003, 44.5541101],
     [21.978728800000003, 44.553712600000004],
     [21.978879000000003, 44.553383800000006],
     [21.978846800000003, 44.553223300000006],
     [21.978128, 44.553380000000004],
     [21.977639800000002, 44.553219500000004],
     [21.977108700000002, 44.552898400000004],
     [21.9767386, 44.5528028], [21.9753492, 44.5528028],
     [21.9751668, 44.5527187],
     [21.974582100000003, 44.552221700000004],
     [21.9740188, 44.551958000000006],
     [21.973160500000002, 44.5508302],
     [21.973053200000003, 44.550792]]}},
  {"type":"Feature",
   "properties":{},
   "geometry":
   {"type":"LineString",
    "coordinates":
    [[21.992412400000003, 44.5672751],
     [21.992690500000002, 44.567302500000004],
     [21.993150800000002, 44.5673201],
     [21.993501100000003, 44.5673564],
     [21.993657600000002, 44.567360300000004],
     [21.9937876, 44.5673499], [21.9938846, 44.5673316],
     [21.9940593, 44.5672684], [21.994448300000002, 44.5670962],
     [21.9947027, 44.5669756], [21.9948839, 44.5668707],
     [21.994992800000002, 44.5668139],
     [21.995106200000002, 44.5667677],
     [21.995216000000003, 44.566721400000006],
     [21.9953588, 44.5666914], [21.995508, 44.566675100000005],
     [21.995642500000002, 44.5666686],
     [21.995911500000002, 44.5666171], [21.9961595, 44.566589],
     [21.996377300000002, 44.566574], [21.9965082, 44.566546],
     [21.9966271, 44.566488], [21.996759800000003, 44.566442300000006],
     [21.996909900000002, 44.5663921], [21.9970289, 44.5663667],
     [21.997168900000002, 44.566368000000004],
     [21.997370200000002, 44.5663837],
     [21.997549600000003, 44.5664195],
     [21.9976877, 44.566476900000005],
     [21.997804900000002, 44.5665629],
     [21.997942100000003, 44.566702500000005],
     [21.998356700000002, 44.567126900000005],
     [21.9984958, 44.5672925], [21.9985754, 44.5675317],
     [21.9986944, 44.5677189], [21.998803300000002, 44.5678355],
     [21.998906700000003, 44.5679249],
     [21.998979000000002, 44.5679985],
     [21.999032900000003, 44.568083300000005], [21.999119, 44.5682495],
     [21.9992379, 44.5684106], [21.9993194, 44.5685598],
     [21.999370600000002, 44.568661600000006], [21.9994127, 44.568745],
     [21.999464900000003, 44.5688095],
     [21.9995097, 44.568840800000004], [21.9995784, 44.5688656],
     [21.9996873, 44.5688904], [21.999903200000002, 44.5689347],
     [22.000063400000002, 44.568967300000004],
     [22.0002034, 44.5690084], [22.0002958, 44.5690345],
     [22.000359900000003, 44.569059900000006],
     [22.0003928, 44.5690892], [22.0004175, 44.5691244],
     [22.000427600000002, 44.5691616], [22.0004239, 44.569189],
     [22.0003461, 44.569383200000004],
     [22.000272900000002, 44.5695051], [22.0002546, 44.5695501],
     [22.0002217, 44.5695879], [22.000096300000003, 44.5697216],
     [21.9999188, 44.569870900000005], [21.9998501, 44.5699276],
     [21.999806200000002, 44.569979700000005], [21.999776, 44.5700352],
     [21.9997778, 44.5700854], [21.9998071, 44.5701564],
     [21.9999526, 44.570485600000005],
     [21.999997500000003, 44.570601700000005],
     [22.000012100000003, 44.5706616], [21.9999892, 44.5708579],
     [21.999988300000002, 44.5709341],
     [22.000012100000003, 44.5710124],
     [22.000103600000003, 44.5711147],
     [22.000298500000003, 44.5712666], [22.0004102, 44.571339],
     [22.0004935, 44.5713826], [22.0005795, 44.5714081],
     [22.0006719, 44.5714218], [22.0007497, 44.571423700000004],
     [22.0008412, 44.571414600000004], [22.0009382, 44.5713937],
     [22.001075500000002, 44.571354],
     [22.001260300000002, 44.571299200000006],
     [22.0014113, 44.5712601], [22.0015284, 44.5712575],
     [22.0015989, 44.5712631], [22.001634600000003, 44.571266],
     [22.0016877, 44.5712738], [22.0018405, 44.5713175],
     [22.002417, 44.5715365], [22.002545100000003, 44.57159],
     [22.002609200000002, 44.5716121],
     [22.0026586, 44.571623800000005],
     [22.002731800000003, 44.5716284],
     [22.002790400000002, 44.5716271], [22.0028352, 44.5716212],
     [22.0028764, 44.5716115], [22.002914800000003, 44.5715913],
     [22.002987100000002, 44.571533900000006],
     [22.003091400000002, 44.5714283],
     [22.003174700000002, 44.5713364],
     [22.003330300000002, 44.5712184],
     [22.0034776, 44.571118000000006],
     [22.003619500000003, 44.571027400000006],
     [22.0038272, 44.570928900000006], [22.0042838, 44.5707086],
     [22.0046837, 44.570502600000005],
     [22.005361800000003, 44.570104900000004],
     [22.0058194, 44.5698005], [22.006320900000002, 44.569468],
     [22.0065899, 44.569293900000005], [22.00675, 44.5692157],
     [22.006984300000003, 44.5690697],
     [22.007160900000002, 44.568921700000004],
     [22.0072982, 44.5687724], [22.0074547, 44.5685814],
     [22.007621200000003, 44.5684053],
     [22.007802400000003, 44.568211700000006],
     [22.0080248, 44.5680142], [22.0081822, 44.5678792],
     [22.008341400000003, 44.5677071],
     [22.008426500000002, 44.567595000000004],
     [22.008528100000003, 44.5674548], [22.0086397, 44.5672912],
     [22.0086818, 44.567225300000004], [22.0087431, 44.5671556],
     [22.0087678, 44.5671112], [22.0087797, 44.5670565],
     [22.008784300000002, 44.566998500000004],
     [22.0087724, 44.566953500000004], [22.0087431, 44.5668902],
     [22.008698300000002, 44.566854400000004],
     [22.0086361, 44.566819200000005], [22.0085409, 44.5667703],
     [22.0084796, 44.5667501],
     [22.008423800000003, 44.566725000000005],
     [22.008372100000003, 44.5666917],
     [22.008348700000003, 44.5666686], [22.0083309, 44.5666418],
     [22.008325900000003, 44.5666092],
     [22.008329500000002, 44.5665405],
     [22.008355100000003, 44.566431300000005],
     [22.0084114, 44.5662637], [22.0084333, 44.566134000000005],
     [22.0084379, 44.5659964], [22.0084196, 44.565899300000005],
     [22.0083628, 44.5656704], [22.0082805, 44.5654618],
     [22.0082576, 44.5652714], [22.0082457, 44.5650113],
     [22.0082567, 44.564869800000004],
     [22.0082741, 44.564753700000004], [22.0083217, 44.5646416],
     [22.0083674, 44.5645771], [22.008458, 44.5644956],
     [22.008585200000002, 44.5644252], [22.0086575, 44.5644075],
     [22.0088057, 44.5643736], [22.0090748, 44.564303900000006],
     [22.0091919, 44.564268000000006], [22.0092944, 44.5642165],
     [22.0093932, 44.5641565], [22.009458600000002, 44.5641036],
     [22.0095233, 44.5640294], [22.0095466, 44.563973100000005],
     [22.0095712, 44.5638754], [22.009560200000003, 44.5637394],
     [22.009549800000002, 44.563645300000005],
     [22.009551700000003, 44.5635969],
     [22.009565300000002, 44.5635379],
     [22.0095886, 44.563490900000005], [22.0096482, 44.5634139],
     [22.009727700000003, 44.5633484],
     [22.009853900000003, 44.5632548],
     [22.0101373, 44.563067200000006],
     [22.010457000000002, 44.5629049],
     [22.0105405, 44.562867100000005],
     [22.010614200000003, 44.5628219],
     [22.010678300000002, 44.5627671],
     [22.010834900000003, 44.5625914],
     [22.011086600000002, 44.562325900000005],
     [22.011176600000002, 44.562211500000004],
     [22.0112555, 44.5620866], [22.0113759, 44.561930800000006],
     [22.011449000000002, 44.5618722],
     [22.011509800000002, 44.5618289], [22.0115823, 44.5617971],
     [22.0116677, 44.5617597], [22.0117622, 44.5617302],
     [22.011846300000002, 44.5617141],
     [22.011938200000003, 44.5617007], [22.0120055, 44.5616744],
     [22.0121879, 44.561583600000006],
     [22.0123044, 44.561496000000005],
     [22.012477800000003, 44.561324000000006],
     [22.0125406, 44.5612383],
     [22.012568400000003, 44.561162700000004],
     [22.0125943, 44.5610469], [22.0125904, 44.5609229],
     [22.0126008, 44.5608335], [22.0126157, 44.560771700000004],
     [22.012632500000002, 44.5607288],
     [22.012673200000002, 44.5606592],
     [22.012704300000003, 44.5606122], [22.012758, 44.5605532],
     [22.012825300000003, 44.5604863], [22.0129424, 44.5603909],
     [22.013046000000003, 44.560330500000006],
     [22.0131683, 44.5602834], [22.0132459, 44.5602627],
     [22.0133708, 44.560242900000006],
     [22.013525400000002, 44.560227700000006],
     [22.013671000000002, 44.5602272],
     [22.013816600000002, 44.5602267], [22.013935, 44.5602129],
     [22.0140108, 44.5601843], [22.0141318, 44.560118900000006],
     [22.014239200000002, 44.5600515],
     [22.0145737, 44.559823800000004],
     [22.014703100000002, 44.559766100000004],
     [22.014890100000002, 44.5596596],
     [22.015061000000003, 44.5595462], [22.0151192, 44.5594918],
     [22.0151477, 44.5594522], [22.0151839, 44.5593669],
     [22.015211100000002, 44.5592825],
     [22.015271300000002, 44.5590884],
     [22.015328200000003, 44.5589026], [22.0153722, 44.558768],
     [22.015407800000002, 44.558616300000004],
     [22.015519100000002, 44.5582304], [22.0156187, 44.5579237],
     [22.015781200000003, 44.5575397], [22.0158893, 44.5572481],
     [22.015915, 44.5571144], [22.015936, 44.5569925],
     [22.0159378, 44.556922], [22.0159717, 44.556674300000005],
     [22.0159717, 44.556496200000005], [22.0159735, 44.5564304],
     [22.0159854, 44.5561415], [22.016006500000003, 44.5559407],
     [22.016033, 44.555820000000004], [22.0160531, 44.5557542],
     [22.016100700000003, 44.5556603],
     [22.016169400000003, 44.5555638],
     [22.016289200000003, 44.5554477],
     [22.016521700000002, 44.5552319], [22.016737600000003, 44.555033],
     [22.0168612, 44.5549547],
     [22.017003000000003, 44.554893400000005],
     [22.0172272, 44.5548471], [22.017467, 44.554804100000005],
     [22.0176665, 44.5547819], [22.0180307, 44.554702400000004],
     [22.0182293, 44.5546632], [22.0183372, 44.5546391],
     [22.0184068, 44.5546], [22.0185093, 44.554541300000004],
     [22.0185797, 44.554467], [22.018640100000002, 44.5543594],
     [22.0186703, 44.5542779], [22.0186813, 44.554201600000006],
     [22.0186758, 44.5540444], [22.0186996, 44.5539251],
     [22.018723400000002, 44.553848800000004],
     [22.0187399, 44.553750300000004],
     [22.018742600000003, 44.5537021], [22.0187683, 44.5536668],
     [22.018890900000002, 44.5535488],
     [22.0190583, 44.553462700000004], [22.0191984, 44.5534204],
     [22.019333800000002, 44.553400800000006],
     [22.0194894, 44.553374100000006], [22.019636700000003, 44.553333],
     [22.019728200000003, 44.5532984],
     [22.019809600000002, 44.5532521],
     [22.019893800000002, 44.5531713],
     [22.0199341, 44.553094300000005], [22.0199542, 44.5530154],
     [22.0199561, 44.5529352], [22.0199433, 44.552841300000004],
     [22.0199414, 44.5527682], [22.0199405, 44.552725200000005],
     [22.0199643, 44.5526822], [22.019989900000002, 44.5526202],
     [22.020001800000003, 44.5525889], [22.0200119, 44.5525309],
     [22.0200229, 44.552472200000004],
     [22.0200421, 44.552436300000004],
     [22.020071400000003, 44.5523992],
     [22.0201162, 44.552356800000005], [22.0202873, 44.5522335],
     [22.0205564, 44.5519994], [22.020599100000002, 44.5519596],
     [22.020614600000002, 44.5519218],
     [22.020630200000003, 44.5518743], [22.020702, 44.551718900000004],
     [22.0207887, 44.551522500000004],
     [22.020817700000002, 44.5514512], [22.020879, 44.5512621],
     [22.020901000000002, 44.5512067], [22.0209449, 44.5511428],
     [22.021031800000003, 44.5510645],
     [22.021173700000002, 44.550969300000006],
     [22.0213457, 44.550868900000005], [22.02145, 44.5507867],
     [22.021538800000002, 44.5507039],
     [22.021622100000002, 44.550582600000006],
     [22.0216797, 44.5504502], [22.0217026, 44.550392200000005],
     [22.021712700000002, 44.5503257],
     [22.021746500000003, 44.5502376],
     [22.0217868, 44.550177600000005],
     [22.021820700000003, 44.5501391], [22.0218811, 44.5501078],
     [22.0219579, 44.5500648], [22.0220604, 44.5500139],
     [22.022190400000003, 44.549960500000005],
     [22.022485900000003, 44.549862600000004],
     [22.0226177, 44.5498065],
     [22.022893200000002, 44.549665000000005],
     [22.023090800000002, 44.549555500000004],
     [22.023199700000003, 44.5494987], [22.0233434, 44.5494296],
     [22.0236069, 44.549298500000006],
     [22.0237351, 44.549222900000004],
     [22.023920800000003, 44.549098300000004],
     [22.024276800000003, 44.5488505],
     [22.024448800000002, 44.5487103], [22.0246035, 44.5485922],
     [22.0247032, 44.5485081], [22.0247582, 44.548442300000005],
     [22.024809400000002, 44.5483673], [22.0248533, 44.5482857],
     [22.0248707, 44.5482342], [22.0248789, 44.548184600000006],
     [22.0248826, 44.548124], [22.0248652, 44.548040500000006],
     [22.024817600000002, 44.547901], [22.0247765, 44.547741800000004],
     [22.0247691, 44.547633600000005], [22.024792, 44.5475227],
     [22.0248652, 44.5472918]]}},
  {"type":"Feature",
   "properties":{},
   "geometry":
   {"type":"LineString",
    "coordinates":
    [[22.0248652, 44.5472918], [22.025067500000002, 44.5476055],
     [22.025236600000003, 44.5479052], [22.0254009, 44.5481635],
     [22.0254154, 44.5483908], [22.025193100000003, 44.5487077],
     [22.025014300000002, 44.549093500000005],
     [22.0247581, 44.5494379], [22.024531, 44.5497996],
     [22.0242845, 44.550181900000005],
     [22.0240332, 44.550481500000004],
     [22.024009000000003, 44.550788000000004],
     [22.0240042, 44.5510705], [22.0238398, 44.5513081],
     [22.023728700000003, 44.551425200000004],
     [22.0236997, 44.5515595], [22.0238592, 44.5516456],
     [22.024038, 44.551690400000005], [22.0242797, 44.5516422],
     [22.024637300000002, 44.551504400000006],
     [22.0249321, 44.5513391],
     [22.025048100000003, 44.551115200000005],
     [22.0252076, 44.5507295],
     [22.025618400000003, 44.550533200000004],
     [22.025961600000002, 44.5504126],
     [22.026333700000002, 44.5501888], [22.0266285, 44.5498684],
     [22.0271988, 44.5497272], [22.0275903, 44.5493966],
     [22.0276676, 44.549183], [22.028064, 44.5488524],
     [22.028552100000002, 44.5485527], [22.0290402, 44.5483495],
     [22.0295042, 44.5481635], [22.0297936, 44.548154800000006]]}}]}
