{"type":"FeatureCollection",
 "properties":{},
 "features":
 [{"type":"Feature",
   "properties":{},
   "geometry":
   {"type":"LineString",
    "coordinates":
    [[22.2542417, 44.5680507],
     [22.254193100000002, 44.568029200000005],
     [22.254133900000003, 44.568022600000006], [22.254066, 44.5680373],
     [22.2539462, 44.568085800000006],
     [22.253829200000002, 44.568147800000006],
     [22.2537476, 44.568209200000005],
     [22.253677900000003, 44.5682819],
     [22.253630100000002, 44.5683535],
     [22.253281700000002, 44.568902300000005],
     [22.253223400000003, 44.568994], [22.2531563, 44.5690709],
     [22.253014800000003, 44.569223300000004],
     [22.2529042, 44.5693324], [22.2528663, 44.5693453],
     [22.252815400000003, 44.5693482], [22.2527735, 44.5693319],
     [22.2527487, 44.569306600000004],
     [22.2527359, 44.569259100000004],
     [22.252724500000003, 44.5691937], [22.2527258, 44.5691196],
     [22.2527727, 44.568806300000006],
     [22.2527902, 44.568681100000006],
     [22.252783500000003, 44.5685645], [22.2527459, 44.5683553],
     [22.2527258, 44.5682101], [22.2527285, 44.568008500000005],
     [22.252815700000003, 44.5673588],
     [22.2528398, 44.567234600000006],
     [22.252919600000002, 44.5669948],
     [22.252946400000003, 44.5669145],
     [22.2529571, 44.566826600000006],
     [22.2529471, 44.566686600000004],
     [22.252939700000002, 44.566597300000005]]}},
  {"type":"Feature",
   "properties":{},
   "geometry":
   {"type":"LineString",
    "coordinates":
    [[22.2898374, 44.302462500000004],
     [22.289942800000002, 44.3025334],
     [22.290200300000002, 44.302748400000006]]}},
  {"type":"Feature",
   "properties":{},
   "geometry":
   {"type":"LineString",
    "coordinates":
    [[22.2898374, 44.302462500000004],
     [22.289669200000002, 44.3025199],
     [22.289422400000003, 44.302552600000006],
     [22.289095200000002, 44.302579400000006],
     [22.288759900000002, 44.3025545],
     [22.288495700000002, 44.3025833], [22.2884756, 44.3025055],
     [22.2884421, 44.3023395], [22.2884783, 44.302209000000005],
     [22.2883858, 44.3020093], [22.2882289, 44.301892200000005],
     [22.2880934, 44.3018462], [22.2879191, 44.301824100000005],
     [22.287557, 44.3015179], [22.287459100000003, 44.3014431]]}},
  {"type":"Feature",
   "properties":{},
   "geometry":
   {"type":"LineString",
    "coordinates":
    [[22.286921800000002, 44.3011581], [22.2872115, 44.3011879],
     [22.2873437, 44.301301], [22.287459100000003, 44.3014431]]}},
  {"type":"Feature",
   "properties":{},
   "geometry":
   {"type":"LineString",
    "coordinates":
    [[22.178258500000002, 44.4360688],
     [22.178177100000003, 44.4361345],
     [22.178046100000003, 44.4361674], [22.1778939, 44.4362482],
     [22.177653300000003, 44.436369500000005],
     [22.1774162, 44.4364934], [22.1772604, 44.4366172],
     [22.177140100000003, 44.4367208], [22.1770764, 44.4368471],
     [22.176980800000003, 44.4369912],
     [22.1768994, 44.437158000000004], [22.1769596, 44.4373045],
     [22.176980800000003, 44.4374637], [22.1769454, 44.4376053],
     [22.1768463, 44.4377821],
     [22.176825100000002, 44.437873100000004],
     [22.1768074, 44.4378984], [22.1767039, 44.4379526]]}},
  {"type":"Feature",
   "properties":{},
   "geometry":
   {"type":"LineString",
    "coordinates":
    [[22.1762182, 44.434634100000004],
     [22.176256000000002, 44.4348897], [22.1763298, 44.4353829],
     [22.176412900000003, 44.435868400000004],
     [22.176477300000002, 44.4362294],
     [22.176536300000002, 44.4365674], [22.1765967, 44.4369505],
     [22.1766195, 44.437102700000004],
     [22.176644900000003, 44.4372655],
     [22.176661000000003, 44.4373833],
     [22.1766785, 44.437521200000006],
     [22.176686500000002, 44.437591100000006],
     [22.1766973, 44.437732800000006], [22.1767039, 44.4379526]]}},
  {"type":"Feature",
   "properties":{},
   "geometry":
   {"type":"LineString",
    "coordinates":
    [[22.1753655, 44.432962], [22.1753776, 44.4330377],
     [22.1753924, 44.4331152], [22.1754098, 44.433180400000005],
     [22.1754339, 44.4332426], [22.175464700000003, 44.433301],
     [22.1755037, 44.4333729], [22.1755479, 44.4334399],
     [22.1756029, 44.433520300000005],
     [22.1756539, 44.433588300000004],
     [22.175697900000003, 44.433640100000005],
     [22.1758296, 44.433795200000006], [22.1759463, 44.4339397],
     [22.176011900000002, 44.4340269],
     [22.176060200000002, 44.4340978],
     [22.176099100000002, 44.4341773], [22.17613, 44.434246200000004],
     [22.1761608, 44.4343257], [22.176189, 44.434436700000006],
     [22.1762182, 44.434634100000004]]}},
  {"type":"Feature",
   "properties":{},
   "geometry":
   {"type":"LineString",
    "coordinates":
    [[22.1754311, 44.432203200000004], [22.1754232, 44.4322821],
     [22.1753897, 44.432531100000006],
     [22.175365600000003, 44.432742700000006],
     [22.1753588, 44.432810700000005],
     [22.1753588, 44.432895900000005], [22.1753655, 44.432962]]}},
  {"type":"Feature",
   "properties":{},
   "geometry":
   {"type":"LineString",
    "coordinates":
    [[22.1754514, 44.4319258], [22.1754527, 44.4319871],
     [22.175446, 44.432049400000004], [22.175438, 44.4321337],
     [22.1754311, 44.432203200000004]]}},
  {"type":"Feature",
   "properties":{},
   "geometry":
   {"type":"LineString",
    "coordinates":
    [[22.0297936, 44.548154800000006], [22.0300169, 44.5480753],
     [22.030212300000002, 44.5479659],
     [22.0302821, 44.547846500000006],
     [22.0302212, 44.547707100000004], [22.0301303, 44.5475775],
     [22.030058800000003, 44.547418900000004],
     [22.0300727, 44.547257900000005],
     [22.030180100000003, 44.5470904],
     [22.030213800000002, 44.5468696],
     [22.030302300000002, 44.5465007],
     [22.0303103, 44.546290400000004],
     [22.030272800000002, 44.5460859], [22.0302191, 44.5460037],
     [22.0301143, 44.5459473], [22.0298076, 44.545887300000004],
     [22.0294308, 44.545807700000005],
     [22.029207500000002, 44.545698300000005],
     [22.0290551, 44.545520100000005], [22.029039, 44.545414900000004],
     [22.029021800000002, 44.545311600000005],
     [22.0291356, 44.5450913], [22.0292157, 44.5449945],
     [22.029313300000002, 44.544692700000006],
     [22.029535600000003, 44.5443696], [22.029769, 44.544042000000005],
     [22.0299842, 44.5437127], [22.030206200000002, 44.543581],
     [22.030648000000003, 44.543426200000006],
     [22.030770500000003, 44.543331200000004], [22.0308119, 44.543272],
     [22.0308253, 44.543182800000004],
     [22.030701800000003, 44.5428864],
     [22.0304675, 44.542668000000006]]}},
  {"type":"Feature",
   "properties":{},
   "geometry":
   {"type":"LineString",
    "coordinates":
    [[22.0304675, 44.542668000000006], [22.0303419, 44.5425089],
     [22.030216300000003, 44.542379600000004],
     [22.0299431, 44.5421726], [22.029590900000002, 44.5420777],
     [22.029549900000003, 44.542031300000005]]}},
  {"type":"Feature",
   "properties":{},
   "geometry":
   {"type":"LineString",
    "coordinates":
    [[22.029549900000003, 44.542031300000005],
     [22.029477500000002, 44.541850700000005]]}},
  {"type":"Feature",
   "properties":{},
   "geometry":
   {"type":"LineString",
    "coordinates":
    [[22.029477500000002, 44.541850700000005],
     [22.0292943, 44.5417916]]}},
  {"type":"Feature",
   "properties":{},
   "geometry":
   {"type":"LineString",
    "coordinates":
    [[22.0292943, 44.5417916], [22.0290846, 44.541741200000004],
     [22.0290202, 44.5417092], [22.028966, 44.5416563],
     [22.0289541, 44.541614100000004],
     [22.028982600000003, 44.5415773],
     [22.0290778, 44.541540100000006],
     [22.0294011, 44.541486500000005],
     [22.0296103, 44.541406200000004], [22.0297659, 44.5412831],
     [22.029798600000003, 44.5411233], [22.0297321, 44.5409863],
     [22.0295503, 44.540763000000005],
     [22.029483300000003, 44.5405001],
     [22.0295357, 44.540358100000006],
     [22.029560500000002, 44.5401718]]}},
  {"type":"Feature",
   "properties":{},
   "geometry":
   {"type":"LineString",
    "coordinates":
    [[22.029560500000002, 44.5401718], [22.0297176, 44.5400201],
     [22.029905300000003, 44.5398003], [22.0300984, 44.5395977],
     [22.0302191, 44.5393759], [22.030390800000003, 44.5390853],
     [22.0304739, 44.538758300000005],
     [22.0304337, 44.538465800000004], [22.0303694, 44.5382231],
     [22.0303478, 44.5380644],
     [22.030409600000002, 44.537882800000006],
     [22.030605700000002, 44.5376142],
     [22.0307327, 44.537469800000004],
     [22.0307622, 44.537294800000005],
     [22.030786900000003, 44.537272]]}},
  {"type":"Feature",
   "properties":{},
   "geometry":
   {"type":"LineString",
    "coordinates":
    [[22.030786900000003, 44.537272], [22.030773, 44.5372177],
     [22.0308347, 44.5371973], [22.0308749, 44.5371419],
     [22.030890900000003, 44.5369492],
     [22.030844100000003, 44.5365234], [22.0308382, 44.5363814],
     [22.030967500000003, 44.536175500000006],
     [22.0311843, 44.5360377], [22.031893200000003, 44.5356369],
     [22.0322843, 44.5351316], [22.032349800000002, 44.5347042],
     [22.0324588, 44.5341291], [22.0326987, 44.5338805],
     [22.033505400000003, 44.5337717],
     [22.0339072, 44.533674600000005], [22.0341217, 44.5335332],
     [22.034341700000002, 44.533357200000005],
     [22.034491900000003, 44.5332005],
     [22.034615300000002, 44.5329672],
     [22.0346829, 44.532683600000006], [22.0349881, 44.5322173],
     [22.035337000000002, 44.531751], [22.0355034, 44.531721700000006],
     [22.0355391, 44.531855400000005],
     [22.0355212, 44.532288400000006], [22.0352801, 44.5327658],
     [22.0351104, 44.5330205], [22.035172900000003, 44.5332115],
     [22.035405100000002, 44.5332306],
     [22.0357266, 44.532925000000006],
     [22.036405400000003, 44.532231100000004], [22.036718, 44.5320783],
     [22.0370752, 44.532071900000005],
     [22.037370000000003, 44.5319828], [22.0378344, 44.5317408],
     [22.038406000000002, 44.5316835],
     [22.039218700000003, 44.5315244],
     [22.039838200000002, 44.531619600000006],
     [22.0402011, 44.5314703], [22.0401731, 44.531201700000004],
     [22.0397405, 44.530823700000006],
     [22.0395173, 44.530435700000005], [22.0396149, 44.5299184],
     [22.039852200000002, 44.529281700000006],
     [22.040187600000003, 44.528834800000006],
     [22.0402452, 44.5287243], [22.0402747, 44.528624900000004],
     [22.0402747, 44.528548400000005], [22.0402348, 44.528495],
     [22.0401138, 44.5284394], [22.0399609, 44.528403100000006],
     [22.039880500000002, 44.5283686], [22.0397517, 44.5282902],
     [22.039646100000002, 44.5281844], [22.03958, 44.528097100000004],
     [22.039542500000003, 44.5279709], [22.039554300000002, 44.527807],
     [22.0395827, 44.5276975], [22.039649800000003, 44.5275904],
     [22.039762, 44.5275006], [22.039939500000003, 44.5274049],
     [22.0402211, 44.527294000000005],
     [22.0403713, 44.527204100000006], [22.0404415, 44.5271138],
     [22.0405859, 44.5267452], [22.0407724, 44.526326600000004],
     [22.0408836, 44.5260654], [22.0409118, 44.525963100000006],
     [22.0409346, 44.5258857], [22.0409453, 44.5258398],
     [22.0409761, 44.525779500000006], [22.0410794, 44.5257384],
     [22.0411813, 44.525715500000004],
     [22.0412645, 44.525715500000004], [22.0413168, 44.5257183]]}},
  {"type":"Feature",
   "properties":{},
   "geometry":
   {"type":"LineString",
    "coordinates":
    [[22.041247700000003, 44.5258063], [22.0413168, 44.5257183]]}},
  {"type":"Feature",
   "properties":{},
   "geometry":
   {"type":"LineString",
    "coordinates":
    [[22.041247700000003, 44.5258063], [22.0414375, 44.5258101],
     [22.0415166, 44.5257814], [22.0416078, 44.525724100000005],
     [22.0417372, 44.5256352], [22.0417841, 44.52561]]}},
  {"type":"Feature",
   "properties":{},
   "geometry":
   {"type":"LineString",
    "coordinates":
    [[22.0417841, 44.52561], [22.041784200000002, 44.5255835],
     [22.0417862, 44.525556800000004],
     [22.041804900000002, 44.5255061],
     [22.0418653, 44.525408600000006],
     [22.041886700000003, 44.5253579],
     [22.041889400000002, 44.525301500000005],
     [22.0418653, 44.525263200000005], [22.0417305, 44.5252016]]}},
  {"type":"Feature",
   "properties":{},
   "geometry":
   {"type":"LineString",
    "coordinates":
    [[22.0417305, 44.5252016], [22.0418814, 44.5252355],
     [22.041939000000003, 44.5252288], [22.0420082, 44.525191],
     [22.042085200000002, 44.5251007],
     [22.042163000000002, 44.524994500000005],
     [22.042415100000003, 44.524578600000005],
     [22.042498300000002, 44.524442900000004],
     [22.042648500000002, 44.524309], [22.0427316, 44.5242038],
     [22.0428658, 44.5239514], [22.0429295, 44.5238719],
     [22.043257, 44.5236157], [22.043536300000003, 44.5233701],
     [22.0436677, 44.52324], [22.0436912, 44.5232077],
     [22.043725400000003, 44.523160700000005],
     [22.043788000000003, 44.5230186], [22.0438189, 44.5228824],
     [22.0438732, 44.521953700000005],
     [22.043871600000003, 44.521849700000004],
     [22.043901100000003, 44.5217599],
     [22.043936000000002, 44.521706300000005],
     [22.0440259, 44.5216119], [22.0442095, 44.5214902],
     [22.0445435, 44.521314800000006], [22.0449847, 44.5210771],
     [22.045055400000003, 44.5210142],
     [22.045628400000002, 44.520388700000005],
     [22.0457863, 44.5201955], [22.0459342, 44.519996600000006],
     [22.0460281, 44.5199316], [22.0462388, 44.519823800000005],
     [22.0485857, 44.518835], [22.0491582, 44.5185623],
     [22.049258400000003, 44.5185006], [22.0493326, 44.5184064],
     [22.0493688, 44.518328000000004],
     [22.0493701, 44.518261100000004], [22.0493339, 44.5181109],
     [22.0493352, 44.518039200000004],
     [22.0493881, 44.517940200000005], [22.0495458, 44.5178566]]}},
  {"type":"Feature",
   "properties":{},
   "geometry":
   {"type":"LineString",
    "coordinates":
    [[22.0495458, 44.5178566], [22.049496700000002, 44.517656],
     [22.0495635, 44.517495600000004], [22.0498085, 44.5173781],
     [22.050195900000002, 44.5172511],
     [22.0504275, 44.516958900000006], [22.0507081, 44.5166096],
     [22.0508372, 44.5164429], [22.0507949, 44.5162746],
     [22.050641300000002, 44.516187300000006],
     [22.0504119, 44.5162222], [22.0502204, 44.516381],
     [22.0500334, 44.516465100000005],
     [22.0493475, 44.516501700000006], [22.0490937, 44.516581],
     [22.048378900000003, 44.516555600000004], [22.048036, 44.5166334],
     [22.0474058, 44.516635], [22.046793400000002, 44.516635],
     [22.0463659, 44.516519100000004]]}},
  {"type":"Feature",
   "properties":{},
   "geometry":
   {"type":"LineString",
    "coordinates":
    [[22.0463659, 44.516519100000004],
     [22.0461031, 44.516436600000006], [22.0458226, 44.5162762],
     [22.0456845, 44.5161936], [22.0455888, 44.5159523],
     [22.0453817, 44.5158459],
     [22.045317100000002, 44.515737900000005],
     [22.0452726, 44.515623600000005],
     [22.0453082, 44.515410800000005], [22.0452859, 44.5152536],
     [22.045045400000003, 44.515010700000005],
     [22.0449363, 44.5146217], [22.0443997, 44.514054800000004],
     [22.044248300000003, 44.5136769],
     [22.043615900000002, 44.5132752],
     [22.043150500000003, 44.5129608],
     [22.0426517, 44.512452700000004], [22.0426383, 44.5119795],
     [22.0428788, 44.511925500000004], [22.04346, 44.511593600000005],
     [22.0433264, 44.511417400000006], [22.0434689, 44.5112109],
     [22.0437005, 44.5111014], [22.0439165, 44.510648800000006],
     [22.044110200000002, 44.5103233],
     [22.044350700000003, 44.510061300000004],
     [22.0444821, 44.509896100000006],
     [22.0444977, 44.509545200000005],
     [22.044589000000002, 44.5093371], [22.0445867, 44.5090974],
     [22.0447604, 44.508997300000004], [22.044609, 44.5086178],
     [22.044491, 44.5083034], [22.0444464, 44.5080922],
     [22.044473200000002, 44.5076825], [22.0445622, 44.5074887],
     [22.044735900000003, 44.5073585],
     [22.0447649, 44.507156800000004], [22.0446491, 44.5070409],
     [22.0446558, 44.5067407], [22.0450321, 44.506542200000005],
     [22.045562, 44.506177], [22.045646700000002, 44.505848300000004],
     [22.045784700000002, 44.5057101], [22.0459785, 44.5056243],
     [22.0462902, 44.505192400000006], [22.0464015, 44.5047287],
     [22.0463615, 44.50423], [22.0462145, 44.503740900000004],
     [22.045905, 44.5033248], [22.045626600000002, 44.5029563],
     [22.0455754, 44.502830800000005],
     [22.045049900000002, 44.502360800000005],
     [22.0447248, 44.5020114], [22.044747100000002, 44.5018128],
     [22.0449074, 44.501550800000004],
     [22.045014300000002, 44.5014063],
     [22.0450878, 44.501091800000005], [22.0452882, 44.5006487],
     [22.044934100000003, 44.499903800000006],
     [22.044831700000003, 44.499413000000004],
     [22.0449965, 44.4989858], [22.0453461, 44.498499800000005],
     [22.0458204, 44.4983203],
     [22.045840400000003, 44.498102700000004],
     [22.045613300000003, 44.4977056], [22.0455286, 44.4973673],
     [22.0452325, 44.4969449],
     [22.044967500000002, 44.496730400000004],
     [22.044960800000002, 44.4965891],
     [22.0451902, 44.496401600000006],
     [22.0456311, 44.496230100000005],
     [22.045985100000003, 44.4960681],
     [22.0460987, 44.495664700000006], [22.0462145, 44.4951961],
     [22.046067500000003, 44.494559200000005],
     [22.045936100000002, 44.4938793], [22.0466777, 44.4930978],
     [22.046786800000003, 44.492648300000006],
     [22.047127500000002, 44.4923322],
     [22.047245500000002, 44.492074900000006],
     [22.0472366, 44.4909995], [22.0473301, 44.4908152],
     [22.0473256, 44.490554700000004], [22.0471787, 44.4901592],
     [22.047356800000003, 44.4897748], [22.047514900000003, 44.489527],
     [22.0477531, 44.4893907],
     [22.048492300000003, 44.489088200000005],
     [22.0485149, 44.4884403], [22.0488038, 44.488330600000005],
     [22.0495881, 44.488418900000006],
     [22.0508902, 44.488020000000006],
     [22.051985900000002, 44.4877363],
     [22.0525735, 44.487630700000004]]}},
  {"type":"Feature",
   "properties":{},
   "geometry":
   {"type":"LineString",
    "coordinates":
    [[22.0730882, 44.4761086], [22.0725599, 44.4764397],
     [22.0724497, 44.476527600000004], [22.0723649, 44.4766184],
     [22.0722995, 44.476730200000006], [22.072236, 44.476827],
     [22.072153800000002, 44.476894], [22.0720253, 44.4769615],
     [22.071817600000003, 44.4770485],
     [22.071660700000002, 44.477128900000004],
     [22.0715489, 44.4772085],
     [22.071492300000003, 44.477275600000006],
     [22.0714279, 44.4774849], [22.0713478, 44.477587500000006],
     [22.071271300000003, 44.477644700000006],
     [22.0711507, 44.4777014], [22.0709704, 44.4778256],
     [22.070867500000002, 44.4779082],
     [22.0707799, 44.478051400000005],
     [22.070739900000003, 44.478112700000004],
     [22.070670800000002, 44.4782025],
     [22.0704838, 44.478352300000005],
     [22.070294800000003, 44.478486200000006],
     [22.070149, 44.478582200000005], [22.0700255, 44.478714100000005],
     [22.069412200000002, 44.4794914],
     [22.0692919, 44.479643800000005],
     [22.0692074, 44.479727800000006],
     [22.069097000000003, 44.4797864],
     [22.0681958, 44.480236600000005],
     [22.067947500000002, 44.4803912],
     [22.067806400000002, 44.480518800000006],
     [22.067680600000003, 44.4806687],
     [22.067606100000003, 44.4808151], [22.0675586, 44.4809615],
     [22.0675445, 44.4811126],
     [22.067528900000003, 44.481253800000005],
     [22.067476300000003, 44.481346], [22.0673575, 44.481449100000006],
     [22.067208500000003, 44.481557], [22.067042500000003, 44.4816756],
     [22.0668368, 44.4818949], [22.0666131, 44.4820903],
     [22.066348, 44.4822452], [22.0651991, 44.4827342],
     [22.0649926, 44.4828671],
     [22.064507000000003, 44.483270000000005],
     [22.064010500000002, 44.4835629], [22.0638392, 44.4837045],
     [22.063567000000003, 44.483999600000004],
     [22.0631819, 44.484367500000005], [22.063043, 44.4844852],
     [22.0629358, 44.484543], [22.062798500000003, 44.484591300000005],
     [22.062404500000003, 44.484668500000005],
     [22.0622386, 44.4847102],
     [22.062078600000003, 44.484773000000004], [22.0618447, 44.484917],
     [22.0612613, 44.485322200000006], [22.0610864, 44.4854823],
     [22.060508900000002, 44.486135600000004],
     [22.060412900000003, 44.4862054], [22.0603066, 44.4862562],
     [22.0602044, 44.4862808], [22.0600615, 44.4862824],
     [22.0599245, 44.486290600000004], [22.0597718, 44.4863196],
     [22.059686000000003, 44.486344900000006],
     [22.0596216, 44.4863694],
     [22.059433900000002, 44.486457800000004],
     [22.059325100000002, 44.4865131], [22.0581886, 44.4870906],
     [22.0573692, 44.487535900000005],
     [22.057045600000002, 44.487700100000005],
     [22.056837, 44.487806000000006],
     [22.056699700000003, 44.487864200000004],
     [22.0565356, 44.487899500000005], [22.056345, 44.487909300000005],
     [22.0551087, 44.487869], [22.0549216, 44.487842300000004],
     [22.054746, 44.4877897], [22.0545978, 44.4877175],
     [22.0544656, 44.487619900000006], [22.0543064, 44.4875686],
     [22.0541458, 44.487540200000005],
     [22.0539244, 44.487548000000004],
     [22.0532888, 44.487613200000006],
     [22.052796100000002, 44.4876353],
     [22.0525735, 44.487630700000004]]}},
  {"type":"Feature",
   "properties":{},
   "geometry":
   {"type":"LineString",
    "coordinates":
    [[22.082955600000002, 44.4741876], [22.082586600000003, 44.474355],
     [22.0824792, 44.474414700000004],
     [22.082395100000003, 44.474485800000004],
     [22.0822834, 44.474614800000005],
     [22.081812300000003, 44.4752743],
     [22.081698300000003, 44.4753866],
     [22.081598300000003, 44.4754699], [22.081488, 44.475530600000006],
     [22.0812472, 44.4756267], [22.0810949, 44.4756779],
     [22.0809301, 44.4757169], [22.080591100000003, 44.4757782],
     [22.0803841, 44.475820600000006], [22.0802905, 44.4758428],
     [22.080173700000003, 44.475888600000005],
     [22.080022300000003, 44.4759698], [22.0799083, 44.4760196],
     [22.079807900000002, 44.4760562], [22.0796862, 44.4760828],
     [22.0795575, 44.476091100000005], [22.0794327, 44.4760817],
     [22.079332100000002, 44.4760549],
     [22.079196200000002, 44.4759894], [22.079106300000003, 44.475954],
     [22.0789803, 44.475920300000006],
     [22.078853000000002, 44.4759011],
     [22.078681000000003, 44.475897800000006],
     [22.0784629, 44.475916700000006], [22.0781323, 44.4759705],
     [22.077613000000003, 44.476085000000005],
     [22.077490400000002, 44.476099000000005],
     [22.0773729, 44.4760908], [22.077294400000003, 44.4760651],
     [22.077207, 44.476027900000005], [22.0768954, 44.475841800000005],
     [22.076824400000003, 44.475800500000005],
     [22.0767396, 44.475751100000004], [22.0765952, 44.4756991],
     [22.0764201, 44.4756707], [22.0758239, 44.475613],
     [22.0754026, 44.475601600000005],
     [22.074882600000002, 44.4756658],
     [22.074524500000003, 44.4757357], [22.0742985, 44.475777],
     [22.073857800000003, 44.475830200000004],
     [22.0736552, 44.4758677], [22.0735229, 44.4758921],
     [22.073368300000002, 44.4759479], [22.0732214, 44.4760251],
     [22.0730882, 44.4761086]]}},
  {"type":"Feature",
   "properties":{},
   "geometry":
   {"type":"LineString",
    "coordinates":
    [[22.0856564, 44.473607], [22.085444300000002, 44.4736777],
     [22.08521, 44.473745400000006], [22.0849315, 44.4738051],
     [22.0834376, 44.474066900000004],
     [22.083188500000002, 44.474104700000005],
     [22.0830443, 44.474147300000006],
     [22.082955600000002, 44.4741876]]}},
  {"type":"Feature",
   "properties":{},
   "geometry":
   {"type":"LineString",
    "coordinates":
    [[22.090382700000003, 44.471239700000005],
     [22.0903347, 44.4712508], [22.0902235, 44.471274],
     [22.0900904, 44.471287800000006],
     [22.089790800000003, 44.4712958],
     [22.089650900000002, 44.471311500000006],
     [22.089551, 44.471344200000004], [22.089469700000002, 44.471406],
     [22.0892103, 44.4716612], [22.0890512, 44.4718121],
     [22.088946500000002, 44.4718826],
     [22.088839800000002, 44.4719393], [22.0886786, 44.4720025],
     [22.0882769, 44.472168100000005],
     [22.0875114, 44.472399800000005], [22.0873455, 44.4724658],
     [22.0872104, 44.472548800000006],
     [22.0871065, 44.472643700000006],
     [22.086973800000003, 44.4728014],
     [22.086818400000002, 44.472953600000004], [22.0866414, 44.473077],
     [22.086399500000002, 44.4732235],
     [22.0860777, 44.473410200000004], [22.0858776, 44.4735103],
     [22.0856564, 44.473607]]}},
  {"type":"Feature",
   "properties":{},
   "geometry":
   {"type":"LineString",
    "coordinates":
    [[22.092052900000002, 44.470910700000005],
     [22.0918765, 44.4709531], [22.0914779, 44.471029900000005],
     [22.090990400000003, 44.4710994],
     [22.090382700000003, 44.471239700000005]]}},
  {"type":"Feature",
   "properties":{},
   "geometry":
   {"type":"LineString",
    "coordinates":
    [[22.099659300000003, 44.4715769],
     [22.099241000000003, 44.4714271], [22.0991515, 44.471395],
     [22.0989629, 44.4713421], [22.0985565, 44.471249300000004],
     [22.098364500000002, 44.4712054],
     [22.0981695, 44.471144900000006], [22.098052600000003, 44.471097],
     [22.0979467, 44.4710468],
     [22.097830700000003, 44.470980000000004],
     [22.0976237, 44.4708503], [22.0974924, 44.470744],
     [22.097294400000003, 44.470587800000004],
     [22.0971659, 44.4705114], [22.0970198, 44.4704501],
     [22.0967804, 44.4703789], [22.0965263, 44.470335600000006],
     [22.0963153, 44.470317800000004],
     [22.0954519, 44.470344600000004],
     [22.095271200000003, 44.4703687],
     [22.095148700000003, 44.4703923],
     [22.0950807, 44.470422600000006], [22.0950096, 44.4704708],
     [22.094967, 44.470531], [22.0949487, 44.470613300000004],
     [22.0949595, 44.4706989], [22.0951685, 44.471236100000006],
     [22.095188, 44.471326000000005], [22.095202200000003, 44.4714134],
     [22.0951841, 44.4715105], [22.0951343, 44.471589300000005],
     [22.0950832, 44.471643400000005],
     [22.0949966, 44.471695700000005], [22.0949156, 44.4717215],
     [22.0948177, 44.471736], [22.0947147, 44.4717355],
     [22.0946295, 44.471722500000006], [22.0945372, 44.4716942],
     [22.0944588, 44.471653100000005], [22.094372500000002, 44.471578],
     [22.0940601, 44.471236000000005],
     [22.093900400000003, 44.4710978],
     [22.093790700000003, 44.4710375],
     [22.093662700000003, 44.470981800000004],
     [22.093533700000002, 44.470936800000004],
     [22.093113300000002, 44.4708708], [22.0926519, 44.4708364],
     [22.092334100000002, 44.4708489],
     [22.092052900000002, 44.470910700000005]]}},
  {"type":"Feature",
   "properties":{},
   "geometry":
   {"type":"LineString",
    "coordinates":
    [[22.1000342, 44.4717131], [22.0998135, 44.4716322],
     [22.099659300000003, 44.4715769]]}},
  {"type":"Feature",
   "properties":{},
   "geometry":
   {"type":"LineString",
    "coordinates":
    [[22.1028227, 44.472342600000005], [22.10281, 44.472339500000004],
     [22.101892900000003, 44.472116400000004],
     [22.101595200000002, 44.4720564],
     [22.1009758, 44.471982000000004],
     [22.100741300000003, 44.471937000000004],
     [22.1005663, 44.4718889],
     [22.100281600000002, 44.471803900000005],
     [22.1000342, 44.4717131]]}},
  {"type":"Feature",
   "properties":{},
   "geometry":
   {"type":"LineString",
    "coordinates":
    [[22.1039104, 44.4723916],
     [22.103395000000003, 44.472407800000006],
     [22.1032477, 44.472418700000006],
     [22.1031063, 44.472409000000006],
     [22.1028227, 44.472342600000005]]}},
  {"type":"Feature",
   "properties":{},
   "geometry":
   {"type":"LineString",
    "coordinates":
    [[22.105520600000002, 44.472529900000005],
     [22.105299000000002, 44.4724827], [22.1048176, 44.4724407],
     [22.104422000000003, 44.4724135],
     [22.104143500000003, 44.472394400000006],
     [22.1039104, 44.4723916]]}},
  {"type":"Feature",
   "properties":{},
   "geometry":
   {"type":"LineString",
    "coordinates":
    [[22.105520600000002, 44.472529900000005], [22.105609, 44.4723076],
     [22.105611600000003, 44.4722754],
     [22.105619700000002, 44.4721774], [22.105523100000003, 44.472009],
     [22.105254900000002, 44.4716645], [22.1052335, 44.4714807],
     [22.1052764, 44.4713353],
     [22.105490900000003, 44.471113200000005],
     [22.105705500000003, 44.470983100000005],
     [22.105930800000003, 44.470929500000004], [22.1059737, 44.470784],
     [22.1060167, 44.4704854], [22.1061239, 44.470347600000004],
     [22.106907200000002, 44.4701868], [22.1073899, 44.4700567],
     [22.1074436, 44.469949500000006], [22.1071861, 44.4697198],
     [22.1070788, 44.4695514],
     [22.107100300000003, 44.469428900000004],
     [22.1072934, 44.4692987], [22.1073635, 44.469097100000006],
     [22.1073662, 44.468825300000006], [22.1073591, 44.4685665]]}},
  {"type":"Feature",
   "properties":{},
   "geometry":
   {"type":"LineString",
    "coordinates":
    [[22.1073591, 44.4685665], [22.1074798, 44.4685513],
     [22.107731, 44.4685343]]}},
  {"type":"Feature",
   "properties":{},
   "geometry":
   {"type":"LineString",
    "coordinates":
    [[22.107731, 44.4685343], [22.1077531, 44.468407000000006],
     [22.107748400000002, 44.468349100000005],
     [22.107725700000003, 44.4682917],
     [22.107707100000002, 44.4682358],
     [22.1077046, 44.468181200000004],
     [22.107717400000002, 44.468126700000006],
     [22.107745100000002, 44.468074900000005],
     [22.107824800000003, 44.467976300000004],
     [22.1080213, 44.467608600000005]]}},
  {"type":"Feature",
   "properties":{},
   "geometry":
   {"type":"LineString",
    "coordinates":
    [[22.1071323, 44.4672575],
     [22.107210400000003, 44.467274200000006],
     [22.1073004, 44.467309500000006],
     [22.107939400000003, 44.4675802],
     [22.1080213, 44.467608600000005]]}},
  {"type":"Feature",
   "properties":{},
   "geometry":
   {"type":"LineString",
    "coordinates":
    [[22.1073027, 44.4669788], [22.107244100000003, 44.4671188],
     [22.1071323, 44.4672575]]}},
  {"type":"Feature",
   "properties":{},
   "geometry":
   {"type":"LineString",
    "coordinates":
    [[22.1073027, 44.4669788], [22.1072847, 44.466923200000004],
     [22.107250200000003, 44.4668779],
     [22.1071536, 44.466845400000004], [22.1070238, 44.4668099],
     [22.1068541, 44.466751800000004], [22.1066471, 44.4666937],
     [22.106462200000003, 44.466658300000006], [22.106251, 44.4665972],
     [22.106028400000003, 44.466505700000006]]}},
  {"type":"Feature",
   "properties":{},
   "geometry":
   {"type":"LineString",
    "coordinates":
    [[22.106028400000003, 44.466505700000006],
     [22.1063797, 44.466446000000005],
     [22.106753400000002, 44.466306700000004],
     [22.1069709, 44.4661634], [22.1070935, 44.4658251],
     [22.107166000000003, 44.4656062], [22.1072887, 44.4653754],
     [22.1076735, 44.465017200000005], [22.1078464, 44.464858],
     [22.1080416, 44.4645595], [22.108036000000002, 44.4644441],
     [22.107891000000002, 44.4643724],
     [22.107662400000002, 44.4642928],
     [22.107422600000003, 44.464201300000006],
     [22.107338900000002, 44.4640739]]}},
  {"type":"Feature",
   "properties":{},
   "geometry":
   {"type":"LineString",
    "coordinates":
    [[22.106507500000003, 44.4495808],
     [22.106353000000002, 44.4497646],
     [22.106507500000003, 44.4503283],
     [22.106353000000002, 44.451308600000004],
     [22.106421700000002, 44.451945800000004],
     [22.1063122, 44.452342900000005],
     [22.106438800000003, 44.452766800000006],
     [22.1068165, 44.453526600000004], [22.1071941, 44.4543966],
     [22.1077435, 44.4549357], [22.1081383, 44.4552665],
     [22.1083271, 44.4557322], [22.108464100000003, 44.4558903],
     [22.108910700000003, 44.456259], [22.1089755, 44.4568905],
     [22.1089835, 44.4571327], [22.1090117, 44.4572304],
     [22.1090801, 44.457316500000005],
     [22.109339900000002, 44.457655800000005],
     [22.109388600000003, 44.457766400000004],
     [22.109404700000002, 44.457901400000004],
     [22.109395300000003, 44.4580191],
     [22.109305600000003, 44.458305200000005],
     [22.1090996, 44.4589914], [22.108756300000003, 44.4593712],
     [22.1083786, 44.459677500000005],
     [22.107726300000003, 44.460326900000005],
     [22.1073273, 44.460648600000006], [22.107275, 44.460706],
     [22.1072656, 44.4607529], [22.1072756, 44.4608022],
     [22.1073206, 44.4608362], [22.107882500000002, 44.4610391],
     [22.108091700000003, 44.4611664],
     [22.108156100000002, 44.461370300000006],
     [22.108150700000003, 44.4615254],
     [22.108126600000002, 44.4616689],
     [22.107802000000003, 44.4621111], [22.1075392, 44.4623428],
     [22.1075237, 44.462365600000005], [22.1075151, 44.4623902],
     [22.107513700000002, 44.462415500000006],
     [22.1075196, 44.462440900000004], [22.1075328, 44.4624648],
     [22.1075526, 44.4624863], [22.1077833, 44.462896],
     [22.1078042, 44.4629685], [22.1078149, 44.4630421],
     [22.1078154, 44.4631162], [22.107807, 44.463183],
     [22.1077903, 44.463249000000005], [22.1077653, 44.4633137],
     [22.107732300000002, 44.4633765],
     [22.1075284, 44.463600500000005],
     [22.107475400000002, 44.4636731], [22.1074306, 44.4637486],
     [22.107394300000003, 44.4638264], [22.1073664, 44.4639077],
     [22.1073479, 44.4639904], [22.107338900000002, 44.4640739]]}},
  {"type":"Feature",
   "properties":{},
   "geometry":
   {"type":"LineString",
    "coordinates":
    [[22.1145584, 44.4508062], [22.1138374, 44.4507082],
     [22.113168, 44.450512100000005], [22.1123955, 44.450120000000005],
     [22.111966300000002, 44.450107700000004],
     [22.1113998, 44.4503038], [22.1109192, 44.4503038],
     [22.1102154, 44.450022000000004],
     [22.109820600000003, 44.4498504],
     [22.1092026, 44.449801400000005], [22.1086533, 44.4497769],
     [22.107915100000003, 44.4497401],
     [22.107383000000002, 44.4496666],
     [22.106953800000003, 44.4495318],
     [22.106507500000003, 44.4495808]]}},
  {"type":"Feature",
   "properties":{},
   "geometry":
   {"type":"LineString",
    "coordinates":
    [[22.120142700000002, 44.4512997],
     [22.1201468, 44.451268400000004],
     [22.120131500000003, 44.451236300000005],
     [22.1201019, 44.451213300000006], [22.1200648, 44.4512008],
     [22.1200094, 44.4512008], [22.1198921, 44.45123],
     [22.119042, 44.451500100000004], [22.116719, 44.451800600000006],
     [22.116539300000003, 44.451807300000006],
     [22.116366300000003, 44.451792000000005],
     [22.1162309, 44.451762300000006], [22.1155885, 44.4514914],
     [22.115090600000002, 44.4512106], [22.1145584, 44.4508062]]}},
  {"type":"Feature",
   "properties":{},
   "geometry":
   {"type":"LineString",
    "coordinates":
    [[22.1266262, 44.4547642], [22.1264374, 44.4545436],
     [22.1259224, 44.454359800000006],
     [22.125355900000002, 44.454114700000005],
     [22.1246006, 44.453881900000006],
     [22.1242573, 44.453722600000006],
     [22.1238968, 44.453465300000005],
     [22.1233818, 44.453391800000006],
     [22.122815300000003, 44.4533428],
     [22.1222488, 44.453208000000004],
     [22.1218369, 44.453073200000006],
     [22.1215794, 44.452754600000006], [22.1214935, 44.4526933],
     [22.121218900000002, 44.452497300000005],
     [22.1208069, 44.452178700000005],
     [22.120377700000002, 44.4519213],
     [22.120196500000002, 44.4515795],
     [22.120142700000002, 44.4512997]]}},
  {"type":"Feature",
   "properties":{},
   "geometry":
   {"type":"LineString",
    "coordinates":
    [[22.1266262, 44.4547642], [22.1271755, 44.455389100000005],
     [22.1277763, 44.456050700000006], [22.1284801, 44.4567491],
     [22.128566000000003, 44.457129], [22.128669000000002, 44.4575211],
     [22.128846600000003, 44.458166600000006]]}},
  {"type":"Feature",
   "properties":{},
   "geometry":
   {"type":"LineString",
    "coordinates":
    [[22.1372876, 44.464467600000006], [22.137153400000003, 44.464371],
     [22.136930800000002, 44.4642714], [22.1367055, 44.4641776],
     [22.1363944, 44.464125900000006],
     [22.1361074, 44.464148900000005],
     [22.1358579, 44.464173800000005],
     [22.135656800000003, 44.4641317],
     [22.135415400000003, 44.464085700000005],
     [22.135206200000002, 44.4640494],
     [22.135010400000002, 44.4639919],
     [22.134809200000003, 44.4638149], [22.1346536, 44.4636694],
     [22.134508800000003, 44.463458800000005],
     [22.134469600000003, 44.463379], [22.1343961, 44.4632291],
     [22.1343639, 44.4630492], [22.134423, 44.462896],
     [22.134616100000002, 44.462739000000006],
     [22.134734100000003, 44.4626165], [22.134814600000002, 44.462471],
     [22.134718000000003, 44.462363800000006],
     [22.134460500000003, 44.4623791],
     [22.134192300000002, 44.462463400000004],
     [22.1337014, 44.4625897], [22.1332294, 44.462582100000006],
     [22.1328217, 44.4624213], [22.1327037, 44.4620614],
     [22.132800200000002, 44.461678500000005],
     [22.1327573, 44.4613492], [22.1327037, 44.460966400000004],
     [22.1324891, 44.460606500000004], [22.1322209, 44.4603691],
     [22.1318346, 44.460223600000006], [22.1312767, 44.460124],
     [22.1306759, 44.4599556], [22.1300215, 44.459848400000006],
     [22.129710300000003, 44.459810100000006], [22.1293992, 44.459611],
     [22.129291900000002, 44.459358300000005],
     [22.129184600000002, 44.459006], [22.1291417, 44.4587227],
     [22.129097400000003, 44.4584278],
     [22.128846600000003, 44.458166600000006]]}},
  {"type":"Feature",
   "properties":{},
   "geometry":
   {"type":"LineString",
    "coordinates":
    [[22.1372876, 44.464467600000006],
     [22.137586000000002, 44.464391500000005]]}},
  {"type":"Feature",
   "properties":{},
   "geometry":
   {"type":"LineString",
    "coordinates":
    [[22.137586000000002, 44.464391500000005],
     [22.1378996, 44.464326500000006]]}},
  {"type":"Feature",
   "properties":{},
   "geometry":
   {"type":"LineString",
    "coordinates":
    [[22.1378996, 44.464326500000006], [22.1380114, 44.4643132],
     [22.138189500000003, 44.464290000000005],
     [22.138363400000003, 44.464275900000004],
     [22.138561600000003, 44.4642697],
     [22.1387402, 44.464273000000006],
     [22.138936100000002, 44.4642866]]}},
  {"type":"Feature",
   "properties":{},
   "geometry":
   {"type":"LineString",
    "coordinates":
    [[22.138936100000002, 44.4642866],
     [22.1388888, 44.464230300000004],
     [22.1387198, 44.464117300000005],
     [22.138554900000003, 44.464050300000004],
     [22.1384194, 44.464017500000004],
     [22.138343000000003, 44.463982400000006],
     [22.1383042, 44.4639381], [22.138286700000002, 44.4638963],
     [22.13828, 44.463813], [22.138293400000002, 44.463663600000004],
     [22.138277300000002, 44.463533500000004],
     [22.138196800000003, 44.463409000000006],
     [22.138089500000003, 44.4632731],
     [22.138049300000002, 44.4631832]]}},
  {"type":"Feature",
   "properties":{},
   "geometry":
   {"type":"LineString",
    "coordinates":
    [[22.138049300000002, 44.4631832],
     [22.138153900000002, 44.4630894], [22.138258500000003, 44.462986],
     [22.138384600000002, 44.4628749],
     [22.138529400000003, 44.4627697],
     [22.138727900000003, 44.4626816],
     [22.138899600000002, 44.4626433], [22.1391597, 44.4626242],
     [22.1394494, 44.462580100000004],
     [22.1396881, 44.462543800000006], [22.1399134, 44.4625227],
     [22.140197800000003, 44.4624557],
     [22.140393600000003, 44.4624079], [22.1405357, 44.4624059],
     [22.1406189, 44.462465300000005], [22.1407181, 44.4625342],
     [22.1409112, 44.4625667], [22.140989, 44.462568700000006],
     [22.1411768, 44.4625533], [22.141386, 44.4625131],
     [22.1416113, 44.4624308], [22.1417761, 44.462304800000005],
     [22.141946700000002, 44.462207],
     [22.142098500000003, 44.462142500000006]]}},
  {"type":"Feature",
   "properties":{},
   "geometry":
   {"type":"LineString",
    "coordinates":
    [[22.142098500000003, 44.462142500000006],
     [22.142144100000003, 44.4621823],
     [22.1421734, 44.462228800000005], [22.1422777, 44.462321],
     [22.142386000000002, 44.462414200000005],
     [22.142497900000002, 44.462502400000005],
     [22.142680900000002, 44.462556500000005],
     [22.1428143, 44.462627000000005],
     [22.142853000000002, 44.462701800000005],
     [22.142861200000002, 44.462768700000005],
     [22.1428505, 44.4629295], [22.1429753, 44.463058600000004],
     [22.1430551, 44.4631114], [22.143145500000003, 44.4631592],
     [22.143206900000003, 44.4631848]]}},
  {"type":"Feature",
   "properties":{},
   "geometry":
   {"type":"LineString",
    "coordinates":
    [[22.143206900000003, 44.4631848],
     [22.143337900000002, 44.463198600000005],
     [22.143401800000003, 44.4631619], [22.1435719, 44.4629672],
     [22.143752300000003, 44.462816200000006], [22.1439461, 44.462654],
     [22.1443505, 44.4623155],
     [22.144378900000003, 44.462219600000005],
     [22.1446228, 44.4620565]]}},
  {"type":"Feature",
   "properties":{},
   "geometry":
   {"type":"LineString",
    "coordinates":
    [[22.1460066, 44.4614701], [22.1459513, 44.4614684],
     [22.1457379, 44.4614618], [22.145295400000002, 44.4615541],
     [22.144725700000002, 44.462027600000006],
     [22.1446228, 44.4620565]]}},
  {"type":"Feature",
   "properties":{},
   "geometry":
   {"type":"LineString",
    "coordinates":
    [[22.1473376, 44.461537500000006],
     [22.146948300000002, 44.4615881],
     [22.146780900000003, 44.4615826],
     [22.1464296, 44.461515600000006],
     [22.146226300000002, 44.4614769], [22.1460066, 44.4614701]]}},
  {"type":"Feature",
   "properties":{},
   "geometry":
   {"type":"LineString",
    "coordinates":
    [[22.1473376, 44.461537500000006],
     [22.1472787, 44.461346600000006],
     [22.147187000000002, 44.461134300000005],
     [22.1471784, 44.460944600000005], [22.1471194, 44.4607072],
     [22.147092200000003, 44.460592500000004], [22.147096, 44.4604343],
     [22.147114000000002, 44.4602018],
     [22.147129900000003, 44.460000300000004],
     [22.1472374, 44.4597424], [22.1474198, 44.4595241],
     [22.147629000000002, 44.459321200000005]]}},
  {"type":"Feature",
   "properties":{},
   "geometry":
   {"type":"LineString",
    "coordinates":
    [[22.147629000000002, 44.459321200000005],
     [22.1476966, 44.459284100000005], [22.1478098, 44.459274],
     [22.1479585, 44.459268900000005],
     [22.148142500000002, 44.459314400000004], [22.148277, 44.459375],
     [22.1484115, 44.459375], [22.148512800000002, 44.459292100000006],
     [22.14864, 44.4591672]]}},
  {"type":"Feature",
   "properties":{},
   "geometry":
   {"type":"LineString",
    "coordinates":
    [[22.1499934, 44.461085100000005],
     [22.1494144, 44.460495300000005],
     [22.149292900000003, 44.4602687], [22.1492836, 44.460192],
     [22.1491793, 44.4599338],
     [22.149039900000002, 44.459769200000004],
     [22.148884300000002, 44.459684900000006],
     [22.148600000000002, 44.459669600000005],
     [22.148508800000002, 44.459639], [22.148482, 44.459566300000006],
     [22.1486297, 44.4592442], [22.14864, 44.4591672]]}},
  {"type":"Feature",
   "properties":{},
   "geometry":
   {"type":"LineString",
    "coordinates":
    [[22.1499934, 44.461085100000005],
     [22.150110100000003, 44.4610533]]}},
  {"type":"Feature",
   "properties":{},
   "geometry":
   {"type":"LineString",
    "coordinates":
    [[22.150110100000003, 44.4610533], [22.1502632, 44.4613189]]}},
  {"type":"Feature",
   "properties":{},
   "geometry":
   {"type":"LineString",
    "coordinates":
    [[22.1504477, 44.461072], [22.1504152, 44.4611133],
     [22.150379700000002, 44.4611524],
     [22.150351200000003, 44.4611807], [22.1503176, 44.4612272],
     [22.1502632, 44.4613189]]}},
  {"type":"Feature",
   "properties":{},
   "geometry":
   {"type":"LineString",
    "coordinates":
    [[22.1504477, 44.461072], [22.1506398, 44.4611534],
     [22.150867700000003, 44.4612653],
     [22.1512636, 44.461445700000006], [22.1513227, 44.4614692]]}},
  {"type":"Feature",
   "properties":{},
   "geometry":
   {"type":"LineString",
    "coordinates":
    [[22.1513227, 44.4614692], [22.1517035, 44.4612386],
     [22.152012900000003, 44.461100900000005],
     [22.1522672, 44.4610628],
     [22.152727900000002, 44.460990300000006],
     [22.152940700000002, 44.4609338],
     [22.1535225, 44.460701500000006], [22.1541974, 44.4602937],
     [22.154436500000003, 44.460247100000004],
     [22.1550616, 44.4602079], [22.1556336, 44.460172],
     [22.1560381, 44.460207600000004],
     [22.157010900000003, 44.460289100000004],
     [22.1572664, 44.4602694], [22.157522, 44.4602323],
     [22.157713400000002, 44.4602087],
     [22.157896700000002, 44.4602257],
     [22.1588716, 44.460489300000006]]}},
  {"type":"Feature",
   "properties":{},
   "geometry":
   {"type":"LineString",
    "coordinates":
    [[22.1588716, 44.460489300000006], [22.158964, 44.4607091]]}},
  {"type":"Feature",
   "properties":{},
   "geometry":
   {"type":"LineString",
    "coordinates":
    [[22.158964, 44.4607091], [22.159332600000003, 44.460506900000006],
     [22.1596456, 44.4602968], [22.1597645, 44.4602178],
     [22.1598018, 44.4601805], [22.1598387, 44.4601436],
     [22.1598878, 44.4600542]]}},
  {"type":"Feature",
   "properties":{},
   "geometry":
   {"type":"LineString",
    "coordinates":
    [[22.1598878, 44.4600542], [22.1600407, 44.4598464],
     [22.160169500000002, 44.4596856], [22.160300900000003, 44.459544],
     [22.1605262, 44.4592645], [22.160581500000003, 44.459201],
     [22.160684500000002, 44.4590826]]}},
  {"type":"Feature",
   "properties":{},
   "geometry":
   {"type":"LineString",
    "coordinates":
    [[22.1616059, 44.4573929], [22.161413300000003, 44.4579006],
     [22.161237200000002, 44.4583407], [22.1612246, 44.4583814],
     [22.161115300000002, 44.4587353],
     [22.160684500000002, 44.4590826]]}},
  {"type":"Feature",
   "properties":{},
   "geometry":
   {"type":"LineString",
    "coordinates":
    [[22.161611800000003, 44.457229500000004],
     [22.1616059, 44.4573929]]}},
  {"type":"Feature",
   "properties":{},
   "geometry":
   {"type":"LineString",
    "coordinates":
    [[22.159351100000002, 44.4544378], [22.1594498, 44.4545126],
     [22.159739400000003, 44.4546359], [22.1600569, 44.4547126],
     [22.1603651, 44.4548393], [22.160654700000002, 44.4549559],
     [22.1609115, 44.4550459], [22.161107700000002, 44.4550993],
     [22.1612945, 44.455185900000004], [22.1614673, 44.4552959],
     [22.161719400000003, 44.455512600000006],
     [22.161934300000002, 44.455642600000004],
     [22.162104600000003, 44.4557299], [22.162165, 44.455780100000005],
     [22.162172400000003, 44.455866], [22.1621117, 44.4559693],
     [22.1619281, 44.456124], [22.161801500000003, 44.456321],
     [22.1616675, 44.4565028],
     [22.161621800000002, 44.456596700000006],
     [22.161585300000002, 44.4567552],
     [22.1615839, 44.456858800000006],
     [22.1616012, 44.457116400000004],
     [22.161611800000003, 44.457229500000004]]}},
  {"type":"Feature",
   "properties":{},
   "geometry":
   {"type":"LineString",
    "coordinates":
    [[22.159351100000002, 44.4544378], [22.1593063, 44.4543545],
     [22.159290000000002, 44.454094600000005], [22.159451, 44.4536504],
     [22.1594617, 44.453351700000006], [22.1597514, 44.453076],
     [22.1601706, 44.452806700000004]]}},
  {"type":"Feature",
   "properties":{},
   "geometry":
   {"type":"LineString",
    "coordinates":
    [[22.1560895, 44.4463438], [22.1559333, 44.446471700000004],
     [22.1560221, 44.4468551], [22.1562696, 44.447031800000005],
     [22.156596500000003, 44.4472752], [22.1568346, 44.4473818],
     [22.1571055, 44.447541900000004],
     [22.157465100000003, 44.4477319],
     [22.157824700000003, 44.448095300000006],
     [22.1580769, 44.4484087], [22.158273, 44.448612000000004],
     [22.158445800000003, 44.4489187],
     [22.158548500000002, 44.4491421],
     [22.1585392, 44.449398800000004],
     [22.158431800000002, 44.4496022],
     [22.158473800000003, 44.449792200000005],
     [22.1586232, 44.4499222],
     [22.158796000000002, 44.450132200000006],
     [22.1588381, 44.4503156], [22.1588801, 44.4505556],
     [22.159015500000002, 44.4508856],
     [22.159197600000002, 44.4510723],
     [22.1593938, 44.451372400000004], [22.1595245, 44.4516257],
     [22.1595386, 44.4517857],
     [22.159571200000002, 44.451989100000006],
     [22.159608600000002, 44.4521324],
     [22.159725400000003, 44.4522624],
     [22.159921500000003, 44.4523291],
     [22.160155000000003, 44.4524391], [22.160225, 44.4525525],
     [22.160225, 44.4527091], [22.1601706, 44.452806700000004]]}},
  {"type":"Feature",
   "properties":{},
   "geometry":
   {"type":"LineString",
    "coordinates":
    [[22.160685400000002, 44.445019300000006],
     [22.1600943, 44.4448814], [22.1597721, 44.4447947],
     [22.1595666, 44.444781400000004], [22.159235000000002, 44.444858],
     [22.1589315, 44.444914700000005], [22.15874, 44.4449914],
     [22.1586232, 44.445024700000005],
     [22.1585065, 44.445024700000005],
     [22.158431800000002, 44.4450547],
     [22.158366400000002, 44.445108100000006],
     [22.1583244, 44.4451514], [22.1582356, 44.445244800000005],
     [22.1581002, 44.4453681],
     [22.158044200000003, 44.445741600000005],
     [22.157866700000003, 44.445894900000006],
     [22.157619200000003, 44.4460083],
     [22.1571335, 44.446128300000005], [22.1566385, 44.4462216],
     [22.1561248, 44.446315000000006], [22.1560895, 44.4463438]]}},
  {"type":"Feature",
   "properties":{},
   "geometry":
   {"type":"LineString",
    "coordinates":
    [[22.173180900000002, 44.4350133],
     [22.1732559, 44.435377300000006], [22.1734614, 44.4359042],
     [22.1735174, 44.436037600000006], [22.173368, 44.436237600000005],
     [22.173246600000002, 44.436317700000004],
     [22.173171800000002, 44.436671100000005],
     [22.173031700000003, 44.4370112],
     [22.172991900000003, 44.4372352], [22.1726768, 44.4372847],
     [22.172522700000002, 44.4372582], [22.17249, 44.4371846],
     [22.1725274, 44.4369779], [22.1726862, 44.4368512],
     [22.172630100000003, 44.4367378], [22.17249, 44.436697800000005],
     [22.1723873, 44.436697800000005],
     [22.1720884, 44.436911200000004],
     [22.1716027, 44.437351400000004],
     [22.171257100000002, 44.4377982], [22.1707621, 44.438285],
     [22.1704165, 44.438725100000006],
     [22.170379200000003, 44.4389052],
     [22.1700896, 44.439198600000005], [22.1697908, 44.4396521],
     [22.169566600000003, 44.4401656],
     [22.169566600000003, 44.4405457],
     [22.169669300000002, 44.440999100000006],
     [22.1695946, 44.441052500000005],
     [22.169071600000002, 44.4411525],
     [22.168838100000002, 44.441285900000004],
     [22.168296400000003, 44.441212500000006],
     [22.168025500000002, 44.4411325], [22.1676986, 44.4411858],
     [22.1675305, 44.441212500000006], [22.1672145, 44.4419381],
     [22.1671108, 44.441946900000005], [22.1670355, 44.4418394],
     [22.166914000000002, 44.441239200000005],
     [22.1671008, 44.4405057], [22.1670754, 44.4401865],
     [22.1670297, 44.4400284], [22.166842900000002, 44.4399955],
     [22.1667086, 44.4400789], [22.165942700000002, 44.4411992],
     [22.165391600000003, 44.4421261],
     [22.1650716, 44.442363300000004],
     [22.1648764, 44.442618700000004],
     [22.164641600000003, 44.442978000000004],
     [22.164044800000003, 44.4433743],
     [22.163997600000002, 44.444005100000005],
     [22.1639652, 44.444065200000004], [22.1636248, 44.444448],
     [22.163489400000003, 44.4447447], [22.1634053, 44.4451781],
     [22.163400600000003, 44.445528200000005],
     [22.163386600000003, 44.4456982], [22.1630691, 44.4456982],
     [22.1628729, 44.4457382], [22.1627562, 44.4456282],
     [22.1626534, 44.4453581],
     [22.162527400000002, 44.445244800000005],
     [22.1622565, 44.445108100000006], [22.1621397, 44.4450614],
     [22.1617661, 44.4451648], [22.161514, 44.445174800000004],
     [22.161173100000003, 44.4451514],
     [22.160878800000003, 44.4450781],
     [22.160685400000002, 44.445019300000006]]}},
  {"type":"Feature",
   "properties":{},
   "geometry":
   {"type":"LineString",
    "coordinates":
    [[22.1724688, 44.4288344], [22.1724004, 44.428837300000005],
     [22.1723682, 44.428844000000005],
     [22.172357400000003, 44.4288546],
     [22.1723494, 44.428873700000004],
     [22.172346700000002, 44.428897600000006],
     [22.1723521, 44.4289245], [22.172366800000002, 44.4290279],
     [22.172314500000002, 44.4292214],
     [22.172223300000002, 44.429391800000005],
     [22.1720678, 44.429621700000006],
     [22.171708300000002, 44.4299339], [22.1714723, 44.4301656],
     [22.1711451, 44.430525700000004],
     [22.1709707, 44.430746000000006],
     [22.1709305, 44.430859000000005],
     [22.1709171, 44.430989200000006], [22.1709573, 44.4311463],
     [22.1710244, 44.431255500000006], [22.1711531, 44.4314125],
     [22.1712631, 44.431625100000005],
     [22.171308200000002, 44.4317372],
     [22.171391800000002, 44.431945000000006],
     [22.171446600000003, 44.432090800000005],
     [22.1714804, 44.4321806], [22.171737800000002, 44.4327897],
     [22.1718961, 44.4332014], [22.172059700000002, 44.4335749],
     [22.1721858, 44.433754900000004],
     [22.172386900000003, 44.4339541], [22.1726578, 44.4341935],
     [22.172754400000002, 44.4343008],
     [22.172840200000003, 44.4345383],
     [22.172969000000002, 44.434750900000004],
     [22.173180900000002, 44.4350133]]}},
  {"type":"Feature",
   "properties":{},
   "geometry":
   {"type":"LineString",
    "coordinates":
    [[22.1729609, 44.428842100000004], [22.1724688, 44.4288344]]}},
  {"type":"Feature",
   "properties":{},
   "geometry":
   {"type":"LineString",
    "coordinates":
    [[22.1736141, 44.4288565],
     [22.173438400000002, 44.428848800000004],
     [22.1729609, 44.428842100000004]]}},
  {"type":"Feature",
   "properties":{},
   "geometry":
   {"type":"LineString",
    "coordinates":
    [[22.1740928, 44.4288632],
     [22.173726700000003, 44.428860300000004],
     [22.1736141, 44.4288565]]}},
  {"type":"Feature",
   "properties":{},
   "geometry":
   {"type":"LineString",
    "coordinates":
    [[22.1740928, 44.4288632], [22.1741223, 44.429160100000004],
     [22.1741384, 44.429278800000006], [22.174189400000003, 44.429411],
     [22.174237700000003, 44.4294876],
     [22.174299400000002, 44.4295738],
     [22.1744576, 44.429736600000005], [22.1748251, 44.4300775],
     [22.1750906, 44.4303055], [22.1752033, 44.430424200000004],
     [22.1752676, 44.430527600000005],
     [22.1753186, 44.430615800000005],
     [22.1753535, 44.430705800000005],
     [22.1753696, 44.430795800000006], [22.1753776, 44.4309184],
     [22.1753669, 44.431085], [22.175356100000002, 44.4311817],
     [22.1753474, 44.4312235], [22.175342800000003, 44.4312448],
     [22.175332, 44.431265100000005], [22.175310200000002, 44.4312874],
     [22.1752809, 44.431304700000005],
     [22.175246100000003, 44.4313158]]}},
  {"type":"Feature",
   "properties":{},
   "geometry":
   {"type":"LineString",
    "coordinates":
    [[22.175246100000003, 44.4313158],
     [22.175287800000003, 44.431375200000005],
     [22.1753226, 44.431431700000005], [22.1753468, 44.4314757],
     [22.1753763, 44.4315476], [22.1754044, 44.4316223],
     [22.1754259, 44.4316874], [22.175438, 44.4317506],
     [22.175447300000002, 44.4318109], [22.17545, 44.4318693],
     [22.1754514, 44.4319258]]}},
  {"type":"Feature",
   "properties":{},
   "geometry":
   {"type":"LineString",
    "coordinates":
    [[22.212121500000002, 44.438503700000005],
     [22.211920300000003, 44.4385458],
     [22.211665500000002, 44.4385956],
     [22.2113839, 44.438641600000004], [22.211003, 44.438676],
     [22.2106061, 44.4387622],
     [22.210380800000003, 44.438877100000006],
     [22.2100508, 44.439055200000006], [22.2098175, 44.4392122],
     [22.2095783, 44.4393655], [22.2092671, 44.439471100000006],
     [22.2088943, 44.4394865], [22.208586200000003, 44.4394865],
     [22.2084444, 44.439488700000005],
     [22.208194900000002, 44.4396052], [22.2079515, 44.439757],
     [22.207674200000003, 44.439845000000005],
     [22.2073599, 44.4399242], [22.2069748, 44.439944000000004],
     [22.2067622, 44.439948400000006],
     [22.206204500000002, 44.4399242], [22.2059272, 44.4398956],
     [22.2056407, 44.4397438],
     [22.205378800000002, 44.439581000000004],
     [22.2050522, 44.4393875], [22.2046147, 44.4391455],
     [22.204189500000002, 44.4389497],
     [22.203915300000002, 44.438866100000006],
     [22.203638, 44.438808900000005], [22.2033545, 44.4388221],
     [22.2029016, 44.4388859], [22.202501100000003, 44.4389893],
     [22.2022823, 44.4390135], [22.2019588, 44.438976100000005],
     [22.2016846, 44.4389343], [22.201244000000003, 44.4389167],
     [22.2010715, 44.4389167],
     [22.200624700000002, 44.438802300000006],
     [22.2005415, 44.438687900000005],
     [22.2000178, 44.438555900000004], [22.1997158, 44.4385405],
     [22.1993338, 44.438492100000005], [22.1991212, 44.4383447],
     [22.198994900000002, 44.4381995],
     [22.1989579, 44.438111500000005], [22.1988747, 44.4380631],
     [22.1987545, 44.4380697], [22.1985789, 44.4381313],
     [22.1984341, 44.438181900000004],
     [22.1982955, 44.438221500000004],
     [22.198104400000002, 44.4382171],
     [22.197857900000002, 44.438157700000005],
     [22.197648400000002, 44.4380565],
     [22.1975498, 44.437961900000005], [22.1974574, 44.4379487],
     [22.197291, 44.437937700000006], [22.1971247, 44.4379663],
     [22.1970168, 44.437997100000004],
     [22.196939800000003, 44.4380389],
     [22.196868900000002, 44.4380961], [22.1968073, 44.4381203],
     [22.196690200000003, 44.438082900000005],
     [22.1965393, 44.437997100000004], [22.1964006, 44.4379113],
     [22.1962312, 44.4378278], [22.1960309, 44.4377772],
     [22.195846000000003, 44.4377464], [22.1956612, 44.4377178],
     [22.195497900000003, 44.4376958],
     [22.195448600000002, 44.4376906], [22.1953315, 44.4376782],
     [22.195171300000002, 44.437676], [22.1950819, 44.4377002],
     [22.1949648, 44.437764], [22.1947861, 44.4378322],
     [22.194696800000003, 44.4379465],
     [22.194515000000003, 44.4380213],
     [22.194308600000003, 44.438019100000005],
     [22.194148400000003, 44.4379927], [22.1940344, 44.4379575],
     [22.193923400000003, 44.4378783],
     [22.193803300000003, 44.437737600000006],
     [22.1935445, 44.4377002], [22.1934933, 44.437693200000005],
     [22.1933843, 44.4376782], [22.193254900000003, 44.437632],
     [22.193023800000002, 44.437530800000005], [22.192879, 44.4374186],
     [22.1927126, 44.437324000000004], [22.1925709, 44.4372624],
     [22.1924384, 44.437247], [22.192044000000003, 44.4370952],
     [22.1916219, 44.437007200000004], [22.1913075, 44.4369128],
     [22.1908651, 44.4369128], [22.190571300000002, 44.4368421],
     [22.190313, 44.4367334], [22.1899307, 44.4364453],
     [22.189814000000002, 44.4363417],
     [22.189346800000003, 44.4361295], [22.1889079, 44.4359197],
     [22.1886389, 44.4357807], [22.188437200000003, 44.4357504],
     [22.188016, 44.435722600000005],
     [22.187669200000002, 44.435725100000006],
     [22.1874356, 44.4356973],
     [22.187230300000003, 44.435641700000005],
     [22.1870251, 44.4356038], [22.186880000000002, 44.4356013],
     [22.186699500000003, 44.4356139], [22.1865437, 44.4355836],
     [22.1861898, 44.4355533], [22.1859138, 44.435545700000006],
     [22.185673100000002, 44.435497700000006],
     [22.1855103, 44.4353941], [22.1853616, 44.4353233],
     [22.1852732, 44.4352955], [22.185198800000002, 44.4352424],
     [22.1850714, 44.4350782], [22.184933400000002, 44.4349543],
     [22.1846998, 44.4347901], [22.1845158, 44.4347067],
     [22.1841866, 44.434544900000006],
     [22.1839637, 44.434413500000005],
     [22.183758400000002, 44.4342771], [22.1835106, 44.4341482],
     [22.183192100000003, 44.4339687],
     [22.1829444, 44.433781700000004], [22.1827851, 44.4336326],
     [22.1825763, 44.433556800000005],
     [22.1823498, 44.433536600000004], [22.1821056, 44.4335644],
     [22.1819428, 44.4336806], [22.1818189, 44.4337438],
     [22.181744600000002, 44.4337539], [22.181688, 44.433700900000005],
     [22.181624300000003, 44.4335846],
     [22.181606600000002, 44.4335164], [22.1816596, 44.4334658],
     [22.181744600000002, 44.4334203],
     [22.181889700000003, 44.433344500000004],
     [22.1819676, 44.433263700000005],
     [22.1820631, 44.433152500000006], [22.1821728, 44.4330817],
     [22.1823498, 44.432925000000004],
     [22.182441800000003, 44.432846700000006],
     [22.1825657, 44.4327734], [22.1825374, 44.432732900000005],
     [22.1824206, 44.4327127], [22.182236500000002, 44.4327607],
     [22.181918000000003, 44.4328264], [22.1817871, 44.4328669],
     [22.1816526, 44.432942700000005],
     [22.181514500000002, 44.4329806],
     [22.1814119, 44.432957900000005], [22.1811252, 44.4327734],
     [22.181061500000002, 44.432697600000004],
     [22.1809766, 44.432634400000005], [22.1808279, 44.4325282],
     [22.180785500000002, 44.432475200000006],
     [22.1807218, 44.432358900000004],
     [22.180626200000003, 44.432295700000005],
     [22.1804953, 44.4322704], [22.180268700000003, 44.4321769],
     [22.180159, 44.432136500000006], [22.1800953, 44.4321289],
     [22.1800068, 44.4321896], [22.1799608, 44.4322578],
     [22.1799007, 44.432374100000004],
     [22.179826300000002, 44.4325257],
     [22.179787400000002, 44.432748100000005],
     [22.1797237, 44.432942700000005], [22.179649400000002, 44.433112],
     [22.179550300000002, 44.4332384], [22.1795326, 44.4333521],
     [22.1796352, 44.433524000000006], [22.1796565, 44.4337059],
     [22.179621100000002, 44.4339789],
     [22.179550300000002, 44.434216400000004],
     [22.179493700000002, 44.434398400000006],
     [22.179560900000002, 44.4345828],
     [22.1796565, 44.434721800000005],
     [22.1795928, 44.434850700000005], [22.1794724, 44.4351312],
     [22.179440600000003, 44.43525], [22.179490100000002, 44.4354244],
     [22.179578600000003, 44.435447100000005],
     [22.1796246, 44.4355002], [22.179578600000003, 44.4355204],
     [22.1794547, 44.4355229], [22.179274200000002, 44.4355154],
     [22.1791079, 44.435482500000006],
     [22.178966300000003, 44.4354244], [22.1788141, 44.4353233],
     [22.1786549, 44.4351969], [22.178502700000003, 44.4351489],
     [22.178375300000003, 44.4351464],
     [22.1782337, 44.435123700000005],
     [22.178116900000003, 44.4350807], [22.177993, 44.435015],
     [22.1778444, 44.4349341], [22.1777453, 44.4348735],
     [22.177635600000002, 44.434911400000004],
     [22.177635600000002, 44.434997300000006],
     [22.177635600000002, 44.435090800000005],
     [22.1776816, 44.435204500000005],
     [22.1777453, 44.435282900000004], [22.1778762, 44.4354092],
     [22.178046100000003, 44.4356291], [22.1780957, 44.4357757],
     [22.178124, 44.4358894], [22.1781912, 44.435967700000006],
     [22.1782797, 44.436030900000006],
     [22.178258500000002, 44.4360688]]}},
  {"type":"Feature",
   "properties":{},
   "geometry":
   {"type":"LineString",
    "coordinates":
    [[22.2214747, 44.4386795], [22.2213242, 44.4387545],
     [22.2211284, 44.438836900000005], [22.2209031, 44.4389709],
     [22.220771600000003, 44.439089700000004],
     [22.2206617, 44.4391625], [22.2204793, 44.439179700000004],
     [22.220168100000002, 44.4391146], [22.2200072, 44.4390878],
     [22.219747, 44.439082000000006], [22.219594100000002, 44.4390763],
     [22.2193527, 44.439013100000004],
     [22.219108700000003, 44.438949900000004],
     [22.218912900000003, 44.438911600000004],
     [22.2186795, 44.438884800000004],
     [22.2184649, 44.438886700000005], [22.218194, 44.438974800000004],
     [22.2181833, 44.4389978],
     [22.218006300000003, 44.439043700000006],
     [22.217813200000002, 44.4391529],
     [22.217477900000002, 44.439298400000006],
     [22.2173599, 44.4393942], [22.2172258, 44.439557],
     [22.2171077, 44.4396393], [22.2167269, 44.439731200000004],
     [22.216343300000002, 44.4397734],
     [22.2160939, 44.439821200000004], [22.2157774, 44.4398538],
     [22.2155762, 44.439834600000005],
     [22.2153214, 44.439744600000004], [22.2151712, 44.4396374],
     [22.215010200000002, 44.439526300000004],
     [22.214661600000003, 44.4392908],
     [22.214358500000003, 44.4391261],
     [22.214101000000003, 44.4390093], [22.2138381, 44.4388829],
     [22.213360700000003, 44.438679900000004],
     [22.2129289, 44.4385324], [22.2126848, 44.4384558],
     [22.212497000000003, 44.438440500000006], [22.2123361, 44.438473],
     [22.212121500000002, 44.438503700000005]]}},
  {"type":"Feature",
   "properties":{},
   "geometry":
   {"type":"LineString",
    "coordinates":
    [[22.2214747, 44.4386795], [22.222215000000002, 44.4386412],
     [22.222815800000003, 44.4385646],
     [22.223405900000003, 44.438434400000006],
     [22.223867300000002, 44.438242900000006],
     [22.224124800000002, 44.4379748], [22.2244788, 44.4376684],
     [22.2250333, 44.437422600000005]]}},
  {"type":"Feature",
   "properties":{},
   "geometry":
   {"type":"LineString",
    "coordinates":
    [[22.230387, 44.442734900000005], [22.230269, 44.4421508],
     [22.2301885, 44.441991900000005], [22.2300088, 44.4418061],
     [22.2291157, 44.441122500000006], [22.2288099, 44.4408735],
     [22.228501400000003, 44.4406686],
     [22.228243900000002, 44.4405671],
     [22.227702100000002, 44.4405001], [22.2274688, 44.440412],
     [22.2271389, 44.4402473], [22.2269404, 44.4401152],
     [22.22664, 44.4398586], [22.2263664, 44.4395943],
     [22.226071400000002, 44.439456400000005],
     [22.225827300000002, 44.4393511],
     [22.225433000000002, 44.4391174], [22.2252747, 44.4389929],
     [22.225162100000002, 44.4388455],
     [22.225116500000002, 44.438665500000006],
     [22.2251219, 44.4384108],
     [22.225103100000002, 44.438165600000005], [22.2250307, 44.437773],
     [22.2250333, 44.437422600000005]]}},
  {"type":"Feature",
   "properties":{},
   "geometry":
   {"type":"LineString",
    "coordinates":
    [[22.2252268, 44.451504400000005],
     [22.225159400000003, 44.4513918], [22.2249851, 44.4512176],
     [22.224875100000002, 44.451051],
     [22.224883100000003, 44.450917000000004],
     [22.224982400000002, 44.4507715], [22.2251809, 44.4504536],
     [22.225521500000003, 44.4498754],
     [22.225720000000003, 44.4496418], [22.2259238, 44.4494216],
     [22.2263342, 44.449134400000005], [22.2267714, 44.4488299],
     [22.2271335, 44.448623100000006], [22.2276083, 44.4484087],
     [22.227989100000002, 44.448182700000004],
     [22.2282493, 44.4479683],
     [22.228514800000003, 44.447656200000004],
     [22.228654300000002, 44.447451300000004],
     [22.2287804, 44.447120000000005], [22.228826, 44.446798300000005],
     [22.228879600000003, 44.4465781], [22.2289762, 44.446446],
     [22.229217600000002, 44.4462315], [22.2294643, 44.4460247],
     [22.230244900000002, 44.4456532],
     [22.230636500000003, 44.445427300000006],
     [22.2308215, 44.4453047], [22.2309208, 44.445159200000006],
     [22.230926200000003, 44.4449581], [22.2308698, 44.4446384],
     [22.2307545, 44.444389400000006], [22.2305211, 44.4440983],
     [22.230424600000003, 44.4439222],
     [22.2304058, 44.443721100000005], [22.2304219, 44.4434051],
     [22.230438000000003, 44.4430509],
     [22.230387, 44.442734900000005]]}},
  {"type":"Feature",
   "properties":{},
   "geometry":
   {"type":"LineString",
    "coordinates":
    [[22.2394426, 44.4628925], [22.2393815, 44.4626608],
     [22.239342200000003, 44.462530900000004],
     [22.239300200000002, 44.462408200000006], [22.239276, 44.4623446],
     [22.239254000000003, 44.462287100000005],
     [22.239214800000003, 44.462214800000005],
     [22.2391738, 44.4621599], [22.2391539, 44.462136900000004],
     [22.2391125, 44.462088800000004], [22.2390742, 44.4620546],
     [22.239031800000003, 44.4620218], [22.2389385, 44.4619682],
     [22.2388546, 44.461936800000004], [22.238764, 44.461915700000006],
     [22.238497300000002, 44.4618886], [22.2382938, 44.4618696],
     [22.2379785, 44.461821400000005], [22.2377326, 44.4617839],
     [22.236976700000003, 44.4616364],
     [22.236672300000002, 44.461569700000005],
     [22.236481400000002, 44.4615171],
     [22.2362661, 44.461445000000005],
     [22.236135800000003, 44.461389000000004],
     [22.2360213, 44.4613321], [22.2359201, 44.461267400000004],
     [22.235875200000002, 44.4612235], [22.2358435, 44.4611815],
     [22.2358249, 44.4611382], [22.235811400000003, 44.4610847],
     [22.2358043, 44.4610344], [22.2358163, 44.4609613],
     [22.235841800000003, 44.4608378],
     [22.235841100000002, 44.4607972], [22.2358276, 44.460742],
     [22.2358078, 44.4606817],
     [22.235753000000003, 44.460599800000004],
     [22.235515300000003, 44.4603936], [22.2354558, 44.4603328],
     [22.2354148, 44.4602741], [22.235393300000002, 44.4602225],
     [22.2353917, 44.4601738], [22.235402800000003, 44.4601294],
     [22.2354272, 44.460072000000004],
     [22.2354665, 44.460018700000006],
     [22.235529300000003, 44.459954100000004],
     [22.2358051, 44.4597154], [22.2358659, 44.459645],
     [22.2359155, 44.459575400000006], [22.2359526, 44.4594961],
     [22.235966, 44.459428], [22.235977100000003, 44.459356400000004],
     [22.235980400000003, 44.4592825], [22.235958200000002, 44.458981],
     [22.235962500000003, 44.4588454], [22.235975, 44.4587443],
     [22.2359982, 44.458662800000006],
     [22.236036300000002, 44.4585364],
     [22.236141200000002, 44.4582348],
     [22.236231200000002, 44.4579861], [22.2362781, 44.4578908],
     [22.2363085, 44.457835800000005],
     [22.236485400000003, 44.4575156],
     [22.236514800000002, 44.4574008], [22.236516, 44.4573028],
     [22.2364938, 44.4572292], [22.2364685, 44.4571741],
     [22.2364436, 44.457132200000004], [22.2364067, 44.4570853],
     [22.236355800000002, 44.4570269], [22.236204100000002, 44.456892],
     [22.236006500000002, 44.4567409],
     [22.235897100000003, 44.456666600000005], [22.235384, 44.456347],
     [22.2353133, 44.456285900000005],
     [22.235252300000003, 44.456222800000006],
     [22.235217000000002, 44.4561695],
     [22.235189000000002, 44.4561039],
     [22.235159600000003, 44.4559967], [22.2351473, 44.4559166],
     [22.2351391, 44.4558246], [22.2351385, 44.455715000000005],
     [22.2351482, 44.455600800000006], [22.2351904, 44.4552622],
     [22.235199, 44.4551463], [22.2351977, 44.4550366],
     [22.235186000000002, 44.454944100000006],
     [22.2350129, 44.4542718],
     [22.234931900000003, 44.453988900000006], [22.234888, 44.4538567],
     [22.234827600000003, 44.453726700000004],
     [22.2347657, 44.4536029],
     [22.234715400000002, 44.453513900000004], [22.234656, 44.4534399],
     [22.234562500000003, 44.4533598],
     [22.234412000000003, 44.453256200000006],
     [22.234294400000003, 44.4531906],
     [22.234149000000002, 44.4531183],
     [22.2340121, 44.453065900000006],
     [22.233499100000003, 44.4529129], [22.233353, 44.4528661],
     [22.233197200000003, 44.4528029], [22.2330754, 44.4527407],
     [22.2329833, 44.4526856], [22.232909900000003, 44.4526364],
     [22.2328227, 44.452568400000004],
     [22.232712000000003, 44.4524586],
     [22.232263900000003, 44.4519771],
     [22.2321889, 44.451895500000006],
     [22.232090000000003, 44.4518216],
     [22.231953400000002, 44.451742200000005],
     [22.231806000000002, 44.451677200000006],
     [22.2316323, 44.4516233], [22.2314826, 44.4516037],
     [22.231318400000003, 44.4515954], [22.2311696, 44.4516052],
     [22.231, 44.451629000000004], [22.230432, 44.451729900000004],
     [22.2296783, 44.4518616], [22.2294266, 44.451892900000004],
     [22.2291858, 44.4519022], [22.2289342, 44.4518987],
     [22.228738, 44.4518919], [22.228523000000003, 44.451898500000006],
     [22.2283048, 44.4519157], [22.2279459, 44.451962],
     [22.2276358, 44.451993300000005],
     [22.227455600000003, 44.451993400000006],
     [22.227309400000003, 44.4519753],
     [22.227182900000003, 44.451947600000004],
     [22.2270757, 44.451917900000005], [22.2265756, 44.4516244],
     [22.226453000000003, 44.4515697],
     [22.226325000000003, 44.451512400000006],
     [22.226078700000002, 44.451470400000005],
     [22.225898100000002, 44.451454000000005],
     [22.225582000000003, 44.451458300000006],
     [22.2253717, 44.451474700000006],
     [22.2252268, 44.451504400000005]]}},
  {"type":"Feature",
   "properties":{},
   "geometry":
   {"type":"LineString",
    "coordinates":
    [[22.2376869, 44.4718219], [22.2377638, 44.471769300000005],
     [22.2378398, 44.4717075], [22.2378931, 44.4716432],
     [22.237930900000002, 44.4715639], [22.2379447, 44.4715179],
     [22.2379523, 44.471464600000004], [22.2379539, 44.4714078],
     [22.237948000000003, 44.471365500000005],
     [22.237857700000003, 44.4711149],
     [22.237840300000002, 44.471051700000004],
     [22.2378186, 44.4709522], [22.2378152, 44.4708751],
     [22.2378246, 44.470797700000006], [22.237957, 44.4703011],
     [22.2380037, 44.470173], [22.2380587, 44.4700622],
     [22.2381092, 44.469962300000006], [22.2381624, 44.4698642],
     [22.238230700000003, 44.469765800000005],
     [22.2382886, 44.469685500000004],
     [22.238414000000002, 44.469539000000005],
     [22.238572700000002, 44.4693564],
     [22.239168000000003, 44.468734600000005],
     [22.239231800000002, 44.4686457],
     [22.239275300000003, 44.4685665],
     [22.239310600000003, 44.468476900000006],
     [22.2394238, 44.4680878], [22.239427000000003, 44.468027],
     [22.239425800000003, 44.4679766],
     [22.2394038, 44.467911400000006],
     [22.239349500000003, 44.4678162], [22.2392921, 44.4677468],
     [22.2391107, 44.467587300000005], [22.239038700000002, 44.467511],
     [22.238999200000002, 44.467461300000004],
     [22.2389695, 44.467403100000006],
     [22.238954900000003, 44.467342900000006],
     [22.2389493, 44.467271000000004],
     [22.238930200000002, 44.466990200000005],
     [22.238899200000002, 44.4668986], [22.238869, 44.4668274],
     [22.2388473, 44.466781700000006],
     [22.238812300000003, 44.466721400000004],
     [22.2386392, 44.466550500000004], [22.2385607, 44.4664512],
     [22.2385062, 44.4663654], [22.238432500000002, 44.4662218],
     [22.238392700000002, 44.466096], [22.238369000000002, 44.4659573],
     [22.2383655, 44.465885400000005],
     [22.238380600000003, 44.4657746], [22.2383954, 44.4657241],
     [22.2384057, 44.465655600000005],
     [22.238399100000002, 44.465582700000006],
     [22.238390000000003, 44.4654813], [22.2383659, 44.465384],
     [22.2383372, 44.465258000000006],
     [22.238320700000003, 44.4651678], [22.2383124, 44.4651032],
     [22.238316, 44.465030000000006], [22.2383248, 44.4649652],
     [22.238349900000003, 44.4648824],
     [22.238404000000003, 44.4647683], [22.2385059, 44.4645756],
     [22.238636300000003, 44.464355100000006],
     [22.2386915, 44.4642976], [22.238765500000003, 44.4642313],
     [22.238930500000002, 44.464104400000004],
     [22.2393514, 44.463866200000005], [22.2394858, 44.4637839],
     [22.23957, 44.463717], [22.239622, 44.463644],
     [22.239652500000002, 44.4635751],
     [22.239657400000002, 44.463511800000006],
     [22.2396509, 44.463463000000004],
     [22.239638000000003, 44.4634129],
     [22.2395798, 44.463307900000004],
     [22.2395204, 44.463216200000005], [22.239495400000003, 44.463151],
     [22.239475900000002, 44.4630856], [22.2394426, 44.4628925]]}},
  {"type":"Feature",
   "properties":{},
   "geometry":
   {"type":"LineString",
    "coordinates":
    [[22.2363016, 44.4724725],
     [22.236391400000002, 44.472402800000005],
     [22.2364815, 44.472345100000005],
     [22.236627000000002, 44.4722712],
     [22.236763200000002, 44.4722111],
     [22.236894300000003, 44.4721586],
     [22.237052400000003, 44.4720942], [22.2372254, 44.4720321],
     [22.2373954, 44.471960700000004],
     [22.2375556, 44.471893900000005], [22.2376869, 44.4718219]]}},
  {"type":"Feature",
   "properties":{},
   "geometry":
   {"type":"LineString",
    "coordinates":
    [[22.236365000000003, 44.4738984],
     [22.236375000000002, 44.4738053], [22.2364763, 44.4735181],
     [22.236483200000002, 44.4734434], [22.236469000000003, 44.47336],
     [22.236396000000003, 44.4732217], [22.2362095, 44.4729693],
     [22.2361831, 44.4729206], [22.2361611, 44.4728591],
     [22.236144600000003, 44.4727942],
     [22.2361489, 44.472732300000004],
     [22.236166700000002, 44.4726592],
     [22.2362012, 44.472594900000004],
     [22.236241600000003, 44.4725362], [22.2363016, 44.4724725]]}},
  {"type":"Feature",
   "properties":{},
   "geometry":
   {"type":"LineString",
    "coordinates":
    [[22.2478981, 44.4770313], [22.2477677, 44.4770607],
     [22.247582400000002, 44.4770856], [22.2473564, 44.4770905],
     [22.247052800000002, 44.4770667], [22.2465252, 44.4770036],
     [22.2458466, 44.477002600000006],
     [22.245697800000002, 44.476984400000006], [22.245493, 44.4769288],
     [22.245362, 44.4768703], [22.245250300000002, 44.476788600000006],
     [22.245161300000003, 44.476693000000004],
     [22.2450161, 44.476494900000006],
     [22.2449267, 44.476414600000005],
     [22.244862400000002, 44.476376200000004],
     [22.244800700000003, 44.4763455], [22.2446802, 44.4763163],
     [22.2445361, 44.4762811], [22.2444092, 44.4762574],
     [22.244028, 44.4761904], [22.2438715, 44.476154400000006],
     [22.243720900000003, 44.476125200000006],
     [22.2434967, 44.4760896],
     [22.243364800000002, 44.476072300000006],
     [22.2431357, 44.4760499], [22.243033200000003, 44.4760453],
     [22.242426000000002, 44.4760178],
     [22.242038400000002, 44.4759861],
     [22.2418912, 44.475958600000006],
     [22.241781500000002, 44.475932900000004],
     [22.2415917, 44.4758797], [22.2408028, 44.4756044],
     [22.240226, 44.475424700000005], [22.2400622, 44.4753598],
     [22.239973600000003, 44.4753234], [22.2398716, 44.4752699],
     [22.239776300000003, 44.475214400000006],
     [22.2396622, 44.4751379], [22.2391, 44.47476],
     [22.2389407, 44.474689700000006],
     [22.238802900000003, 44.4746443],
     [22.238704700000003, 44.474612300000004],
     [22.2386172, 44.4745937], [22.2383683, 44.474577700000005],
     [22.2381718, 44.4745809], [22.2371725, 44.4747039],
     [22.2370629, 44.4746984], [22.2369734, 44.4746785],
     [22.2369072, 44.4746541], [22.236844400000003, 44.4746224],
     [22.2367934, 44.474579000000006],
     [22.236754400000002, 44.474501100000005],
     [22.236653800000003, 44.474300400000004],
     [22.236623, 44.474247000000005], [22.236528800000002, 44.4741361],
     [22.2364159, 44.4739907], [22.236365000000003, 44.4738984]]}},
  {"type":"Feature",
   "properties":{},
   "geometry":
   {"type":"LineString",
    "coordinates":
    [[22.2512316, 44.4776845], [22.2511937, 44.4776601],
     [22.251178600000003, 44.4776504],
     [22.250548100000003, 44.4772442], [22.2500761, 44.4769446],
     [22.2499761, 44.4769048], [22.2498493, 44.4768574],
     [22.249722600000002, 44.476837], [22.2495423, 44.4768185],
     [22.249283700000003, 44.476816], [22.2488832, 44.4768345],
     [22.2487442, 44.476851100000005],
     [22.248336400000003, 44.476932500000004],
     [22.248316000000003, 44.4769371],
     [22.247985200000002, 44.477011700000006],
     [22.247909200000002, 44.4770288], [22.2478981, 44.4770313]]}},
  {"type":"Feature",
   "properties":{},
   "geometry":
   {"type":"LineString",
    "coordinates":
    [[22.251499900000002, 44.477971200000006],
     [22.251435800000003, 44.477886000000005],
     [22.251375600000003, 44.477807000000006],
     [22.251315400000003, 44.4777453], [22.2512316, 44.4776845]]}},
  {"type":"Feature",
   "properties":{},
   "geometry":
   {"type":"LineString",
    "coordinates":
    [[22.2517965, 44.478449000000005], [22.2517502, 44.4783813],
     [22.2515733, 44.478091500000005],
     [22.251499900000002, 44.477971200000006]]}},
  {"type":"Feature",
   "properties":{},
   "geometry":
   {"type":"LineString",
    "coordinates":
    [[22.2533588, 44.4794533], [22.2531831, 44.4794345],
     [22.253054300000002, 44.479408], [22.2529717, 44.4793749],
     [22.2528626, 44.4793193], [22.2525622, 44.4791175],
     [22.2521318, 44.4788123], [22.2519683, 44.478669000000004],
     [22.251874, 44.4785625], [22.2518123, 44.478472100000005],
     [22.2517965, 44.478449000000005]]}},
  {"type":"Feature",
   "properties":{},
   "geometry":
   {"type":"LineString",
    "coordinates":
    [[22.2533588, 44.4794533], [22.2533472, 44.48003],
     [22.2532593, 44.480732200000006],
     [22.253238800000002, 44.4809087],
     [22.253167400000002, 44.4810159],
     [22.253028500000003, 44.4812242], [22.2530697, 44.4815509],
     [22.253102700000003, 44.4818124],
     [22.253135800000003, 44.4820749], [22.2531451, 44.482149],
     [22.253199900000002, 44.4826968]]}},
  {"type":"Feature",
   "properties":{},
   "geometry":
   {"type":"LineString",
    "coordinates":
    [[22.253199900000002, 44.4826968],
     [22.253206600000002, 44.4827634],
     [22.253171400000003, 44.483152100000005],
     [22.2530572, 44.483358900000006], [22.2526881, 44.4836285],
     [22.251835800000002, 44.4840548],
     [22.2512295, 44.484362000000004], [22.250755, 44.484687900000004],
     [22.250140000000002, 44.485039], [22.249604, 44.485358700000006],
     [22.249120700000002, 44.485822600000006],
     [22.248681400000002, 44.4862489],
     [22.248312300000002, 44.4866375],
     [22.2479784, 44.486806800000004], [22.2471594, 44.4871001],
     [22.246950000000002, 44.4871751],
     [22.246837300000003, 44.487207500000004],
     [22.2465394, 44.487288400000004],
     [22.246482200000003, 44.4873069], [22.2464312, 44.4873336],
     [22.246389500000003, 44.4873648],
     [22.246358200000003, 44.4874165],
     [22.246350800000002, 44.487457400000004],
     [22.246358200000003, 44.4875057], [22.2463771, 44.4875575],
     [22.2464476, 44.487740800000005],
     [22.246449600000002, 44.487791200000004],
     [22.2464248, 44.4878361], [22.246388900000003, 44.4878895],
     [22.2463321, 44.487931], [22.246275400000002, 44.487963900000004],
     [22.2454964, 44.488275400000006], [22.2453717, 44.488337],
     [22.245322, 44.4883873], [22.245207200000003, 44.488522],
     [22.2451483, 44.488565300000005], [22.2447132, 44.4889182],
     [22.2446638, 44.4889719], [22.244581, 44.4890735],
     [22.2445407, 44.4891361],
     [22.244516400000002, 44.489187400000006],
     [22.2445023, 44.4892533], [22.244500000000002, 44.4893037],
     [22.244511000000003, 44.489390900000004],
     [22.2446556, 44.489960200000006], [22.2447056, 44.4903873],
     [22.2447097, 44.4904675],
     [22.244771200000002, 44.490781000000005],
     [22.2449382, 44.4910756], [22.2456938, 44.491903],
     [22.2461562, 44.4924175], [22.246362100000002, 44.4926538],
     [22.246443900000003, 44.492743100000006],
     [22.2464969, 44.4927964], [22.2466516, 44.4929999],
     [22.246880100000002, 44.493639200000004],
     [22.247214000000003, 44.494454000000005],
     [22.247864200000002, 44.495369100000005],
     [22.2484617, 44.4965035], [22.2489713, 44.497544000000005],
     [22.249032500000002, 44.4976725],
     [22.2494546, 44.498559300000004],
     [22.2496918, 44.499029300000004], [22.249937900000003, 44.500076],
     [22.250096000000003, 44.5013858], [22.2500609, 44.5016553],
     [22.250005, 44.501779500000005]]}},
  {"type":"Feature",
   "properties":{},
   "geometry":
   {"type":"LineString",
    "coordinates":
    [[22.250005, 44.501779500000005], [22.2499115, 44.501987400000004],
     [22.2497094, 44.5022882], [22.249551200000003, 44.5030779],
     [22.2493228, 44.5038362],
     [22.249147100000002, 44.504174600000006],
     [22.2488834, 44.504318700000006],
     [22.248567100000002, 44.504475400000004],
     [22.248409000000002, 44.504632], [22.2482596, 44.505070700000005],
     [22.2482332, 44.5053026], [22.248409000000002, 44.5054906],
     [22.248778, 44.5056723], [22.249393100000002, 44.5059167],
     [22.249973, 44.5063115], [22.2501161, 44.5064274],
     [22.250684800000002, 44.506888000000004],
     [22.2510507, 44.5071834], [22.251484400000002, 44.5075335],
     [22.251677700000002, 44.5077027],
     [22.251932500000002, 44.507771600000005],
     [22.252556300000002, 44.5079094],
     [22.252995700000003, 44.5081476],
     [22.2532505, 44.508323000000004],
     [22.253637100000002, 44.5087617], [22.254164300000003, 44.509169],
     [22.2544894, 44.5094572], [22.254717900000003, 44.5099146],
     [22.254999100000003, 44.510817], [22.255192400000002, 44.5113057],
     [22.2551397, 44.5117945], [22.2552275, 44.512208],
     [22.25521, 44.5127469], [22.255213400000002, 44.512827300000005],
     [22.2552275, 44.5131541], [22.255535100000003, 44.5143822],
     [22.255611700000003, 44.5146432], [22.2555878, 44.5149211],
     [22.255492500000003, 44.5152226],
     [22.255447200000003, 44.515365900000006],
     [22.2554911, 44.5155915], [22.255710800000003, 44.5158609],
     [22.255839, 44.5160356], [22.255844800000002, 44.516122900000006],
     [22.2558098, 44.5162185], [22.2557107, 44.5163017],
     [22.255436800000002, 44.516434700000005],
     [22.2550229, 44.5165968], [22.2549652, 44.5166496]]}},
  {"type":"Feature",
   "properties":{},
   "geometry":
   {"type":"LineString",
    "coordinates":
    [[22.2549652, 44.5166496], [22.2545295, 44.5166659],
     [22.2538902, 44.516827400000004],
     [22.253091100000002, 44.5172357],
     [22.252876800000003, 44.517307200000005]]}},
  {"type":"Feature",
   "properties":{},
   "geometry":
   {"type":"LineString",
    "coordinates":
    [[22.252876800000003, 44.517307200000005],
     [22.252372400000002, 44.5174967], [22.2522315, 44.5175652],
     [22.2521284, 44.5176516], [22.252065, 44.5177429],
     [22.2520342, 44.5178334], [22.2520314, 44.5179326],
     [22.2520306, 44.5180443], [22.2521646, 44.518509300000005],
     [22.252252000000002, 44.5188027], [22.2522653, 44.519154],
     [22.252238700000003, 44.519410400000005],
     [22.2521188, 44.5196289], [22.252038900000002, 44.5206735],
     [22.251466200000003, 44.521480600000004],
     [22.251204100000002, 44.521843000000004],
     [22.251168500000002, 44.5219785],
     [22.2513206, 44.522479600000004],
     [22.251146600000002, 44.522791100000006],
     [22.250920100000002, 44.5229525], [22.2505206, 44.523038],
     [22.250121, 44.523038], [22.249828, 44.523019000000005],
     [22.249641500000003, 44.5231044], [22.2495084, 44.5233323],
     [22.249375200000003, 44.5238166], [22.2492553, 44.5241679],
     [22.2490156, 44.5244623],
     [22.248890900000003, 44.524648400000004],
     [22.248821500000002, 44.524829100000005],
     [22.2486426, 44.524975100000006], [22.2483763, 44.52507],
     [22.247976700000002, 44.5252125],
     [22.247732000000003, 44.525370300000006],
     [22.2473907, 44.5254593], [22.246937900000002, 44.5255543],
     [22.2467124, 44.5256399], [22.2464584, 44.5258866],
     [22.246485, 44.5262], [22.246631500000003, 44.526560800000006],
     [22.246834200000002, 44.527072000000004],
     [22.2471643, 44.5274438],
     [22.247830200000003, 44.527823600000005],
     [22.248189800000002, 44.5279661], [22.2486293, 44.5283554],
     [22.2490694, 44.5288472], [22.2491652, 44.528982400000004],
     [22.249202800000003, 44.529356400000005],
     [22.2493519, 44.5300018],
     [22.249362400000003, 44.530263600000005],
     [22.248919800000003, 44.530543300000005],
     [22.2487318, 44.530795700000006], [22.2485763, 44.5309724],
     [22.248293500000003, 44.531179400000006],
     [22.248041100000002, 44.5314282],
     [22.2480224, 44.531817200000006], [22.2482115, 44.5322991],
     [22.248385600000002, 44.532573400000004],
     [22.248536100000003, 44.5327229], [22.2489756, 44.5328273],
     [22.249495000000003, 44.532836800000005],
     [22.249868600000003, 44.532982800000006],
     [22.2503075, 44.5335204], [22.2506138, 44.533919100000006],
     [22.251426300000002, 44.5348685],
     [22.2518391, 44.535371700000006],
     [22.2522254, 44.535599600000005],
     [22.2529046, 44.536159700000006],
     [22.253157700000003, 44.5365679], [22.2536421, 44.5368518],
     [22.253757, 44.5369192], [22.25409, 44.5371565],
     [22.254129900000002, 44.537346400000004],
     [22.2540634, 44.537612200000005],
     [22.253765400000002, 44.538181800000004], [22.2536801, 44.538499],
     [22.253730400000002, 44.539359000000005],
     [22.2536771, 44.539653200000004], [22.2535706, 44.539938],
     [22.253504000000003, 44.540089900000005], [22.2536238, 44.54065],
     [22.2535972, 44.5410867], [22.2533974, 44.5415518],
     [22.2531843, 44.5418176], [22.252811400000002, 44.5420834],
     [22.252292, 44.542301800000004], [22.2515994, 44.5424157]]}},
  {"type":"Feature",
   "properties":{},
   "geometry":
   {"type":"LineString",
    "coordinates":
    [[22.2515994, 44.5424157], [22.2510052, 44.5423028],
     [22.250558400000003, 44.5422318], [22.250439, 44.5422187],
     [22.2503138, 44.542214], [22.250194800000003, 44.542217900000004],
     [22.250084700000002, 44.542229000000006],
     [22.249956400000002, 44.542257400000004],
     [22.249658, 44.542304200000004], [22.2495534, 44.5423185],
     [22.249475, 44.542335300000005], [22.2494039, 44.5423587],
     [22.249216800000003, 44.5424524], [22.2491397, 44.5424815],
     [22.249039800000002, 44.5425145],
     [22.248835900000003, 44.542563200000004],
     [22.2487172, 44.542600500000006], [22.248614, 44.5426383],
     [22.248231800000003, 44.5428189],
     [22.2478066, 44.543009100000006],
     [22.247377500000002, 44.543159200000005]]}},
  {"type":"Feature",
   "properties":{},
   "geometry":
   {"type":"LineString",
    "coordinates":
    [[22.247377500000002, 44.543159200000005], [22.2469556, 44.543367],
     [22.246380000000002, 44.5437631],
     [22.245956500000002, 44.5440036]]}},
  {"type":"Feature",
   "properties":{},
   "geometry":
   {"type":"LineString",
    "coordinates":
    [[22.245956500000002, 44.5440036],
     [22.2458873, 44.544104100000006],
     [22.245935600000003, 44.544184400000006],
     [22.246182400000002, 44.5442417],
     [22.2464452, 44.544432900000004], [22.2466544, 44.5446432],
     [22.2468207, 44.5448764], [22.2469602, 44.5450102],
     [22.2469387, 44.545189900000004],
     [22.2470728, 44.545323700000004], [22.2473357, 44.5453466],
     [22.2476415, 44.545339000000006], [22.2479687, 44.5455837],
     [22.2484086, 44.5458742], [22.2486393, 44.546107400000004],
     [22.2489397, 44.546386500000004],
     [22.2491328, 44.546745900000005], [22.2493795, 44.5469906],
     [22.2497551, 44.547197000000004],
     [22.2500769, 44.547384400000006],
     [22.250506100000003, 44.5474952],
     [22.250720700000002, 44.5477743],
     [22.250929900000003, 44.5480725],
     [22.251112300000003, 44.5483095],
     [22.251520000000003, 44.548607700000005],
     [22.2518204, 44.5487989],
     [22.252018800000002, 44.549246200000006],
     [22.2520081, 44.549812]]}},
  {"type":"Feature",
   "properties":{},
   "geometry":
   {"type":"LineString",
    "coordinates":
    [[22.2520081, 44.549812], [22.2519759, 44.5500108],
     [22.251874, 44.5501866], [22.2519116, 44.550576500000005],
     [22.2516755, 44.550840300000004], [22.2515307, 44.5510773],
     [22.2513867, 44.5515265]]}},
  {"type":"Feature",
   "properties":{},
   "geometry":
   {"type":"LineString",
    "coordinates":
    [[22.2513834, 44.5594711], [22.251371300000002, 44.55941],
     [22.251390100000002, 44.559345], [22.251441, 44.5592848],
     [22.251612700000003, 44.559058300000004],
     [22.251690500000002, 44.558901600000006],
     [22.2518809, 44.5583177], [22.251981500000003, 44.5580645],
     [22.252029800000003, 44.5579126], [22.2520479, 44.5578328],
     [22.252056600000003, 44.557777800000004], [22.2520358, 44.557699],
     [22.2519895, 44.557624000000004], [22.251942600000003, 44.557558],
     [22.251905100000002, 44.5574911],
     [22.2518876, 44.557427600000004], [22.2518762, 44.557344],
     [22.2518782, 44.557250800000006],
     [22.251927900000002, 44.5570974],
     [22.2519533, 44.557028200000005], [22.2519661, 44.5569603],
     [22.2519527, 44.556892000000005], [22.2518393, 44.5566837],
     [22.2517374, 44.5564667], [22.2516958, 44.5563683],
     [22.251674400000002, 44.556273700000006], [22.2516663, 44.556181],
     [22.251683800000002, 44.5560721],
     [22.251724000000003, 44.5559383], [22.2517803, 44.5558026],
     [22.251811200000002, 44.5556812], [22.2518688, 44.5553936],
     [22.2519439, 44.554879400000004],
     [22.251964100000002, 44.5547504],
     [22.252000300000002, 44.5546281],
     [22.2520512, 44.554518200000004],
     [22.252173300000003, 44.5543404],
     [22.252408000000003, 44.5540614],
     [22.252467000000003, 44.5539945], [22.2524911, 44.553918],
     [22.2524947, 44.5538426], [22.252475500000003, 44.5537622],
     [22.252440200000002, 44.553696300000006],
     [22.2520995, 44.5532185], [22.252009, 44.5530613],
     [22.251968100000003, 44.5529676],
     [22.2519299, 44.552864400000004],
     [22.251902400000002, 44.552801300000006],
     [22.2518581, 44.552736800000005],
     [22.251797800000002, 44.5526652],
     [22.2515731, 44.552381800000006],
     [22.251530900000002, 44.5522891], [22.251498700000003, 44.552183],
     [22.251475900000003, 44.552060700000006],
     [22.2514538, 44.5519594], [22.2514062, 44.5518141],
     [22.2513881, 44.5517272], [22.25138, 44.551644],
     [22.2513867, 44.5515265]]}},
  {"type":"Feature",
   "properties":{},
   "geometry":
   {"type":"LineString",
    "coordinates":
    [[22.248441, 44.5674438], [22.2485094, 44.5671753],
     [22.248546400000002, 44.5670329],
     [22.248592900000002, 44.5668926],
     [22.2486502, 44.566751100000005], [22.2487508, 44.5665667],
     [22.249056500000002, 44.5661884],
     [22.2491457, 44.566096200000004],
     [22.2492717, 44.565999100000006], [22.249351, 44.565944300000005],
     [22.249419, 44.5658875], [22.2494915, 44.5658127],
     [22.2496379, 44.565640900000005],
     [22.249745200000003, 44.5655434],
     [22.249806900000003, 44.5654904], [22.2498507, 44.5654399],
     [22.2498742, 44.5653908],
     [22.249882900000003, 44.565330800000005],
     [22.2498599, 44.5649171], [22.249881300000002, 44.5644742],
     [22.249764600000002, 44.5640538],
     [22.2497191, 44.563923900000006],
     [22.249692200000002, 44.5638006], [22.2496574, 44.5635235],
     [22.2496359, 44.563373500000004], [22.2495957, 44.5632302],
     [22.2494991, 44.5630286], [22.2494616, 44.5629196],
     [22.249435100000003, 44.562770500000006],
     [22.249412500000002, 44.5626387],
     [22.249414700000003, 44.562516300000006],
     [22.2494364, 44.562403700000004],
     [22.2494857, 44.562260300000005], [22.2495796, 44.5621323],
     [22.2497553, 44.5619589], [22.249816300000003, 44.5618953],
     [22.2498639, 44.561815100000004], [22.2498867, 44.5617358],
     [22.2499021, 44.561632100000004],
     [22.2499068, 44.561451000000005],
     [22.2501505, 44.561072200000005], [22.2504294, 44.5607282],
     [22.250667200000002, 44.56044], [22.2507597, 44.560309100000005],
     [22.251018600000002, 44.5598199],
     [22.251107100000002, 44.5596861],
     [22.251188900000002, 44.5595963], [22.2513834, 44.5594711]]}},
  {"type":"Feature",
   "properties":{},
   "geometry":
   {"type":"LineString",
    "coordinates":
    [[22.248441, 44.5674438], [22.2484451, 44.567493500000005],
     [22.2484678, 44.567533700000006],
     [22.2486147, 44.567674600000004], [22.2486864, 44.5677954],
     [22.2487977, 44.567879500000004], [22.2490525, 44.568061],
     [22.2493345, 44.5681602]]}},
  {"type":"Feature",
   "properties":{},
   "geometry":
   {"type":"LineString",
    "coordinates":
    [[22.252939700000002, 44.566597300000005],
     [22.252952500000003, 44.5665142],
     [22.2529976, 44.566286600000005],
     [22.2529964, 44.566213600000005], [22.252962, 44.566152300000006],
     [22.2529064, 44.566106700000006],
     [22.252792600000003, 44.566067000000004],
     [22.252663700000003, 44.5660504],
     [22.252505000000003, 44.5660645],
     [22.252392200000003, 44.5661009], [22.252311600000002, 44.566146],
     [22.251665000000003, 44.5667081], [22.2515295, 44.5668018],
     [22.2513887, 44.5668811], [22.250399, 44.567515500000006],
     [22.2501576, 44.5676951], [22.2496683, 44.568105100000004],
     [22.2496025, 44.5681409], [22.249549100000003, 44.5681578],
     [22.249487000000002, 44.5681676], [22.2493345, 44.5681602]]}},
  {"type":"Feature",
   "properties":{},
   "geometry":
   {"type":"LineString",
    "coordinates":
    [[22.2555026, 44.5715578], [22.2554751, 44.571518100000006],
     [22.2554556, 44.5714642], [22.255461, 44.5713963],
     [22.2555361, 44.571164200000005],
     [22.255523800000002, 44.5710941], [22.2554851, 44.5710514],
     [22.2554248, 44.571001300000006],
     [22.255328900000002, 44.5709521],
     [22.2546909, 44.570790300000006], [22.2545612, 44.5707535],
     [22.254479500000002, 44.5707074],
     [22.254415100000003, 44.5706469],
     [22.254370100000003, 44.5705651], [22.254256, 44.570201100000006],
     [22.2542198, 44.570030100000004], [22.2542091, 44.5698754],
     [22.2542198, 44.5696766], [22.254246600000002, 44.5694053],
     [22.2542493, 44.569234300000005],
     [22.2542453, 44.569031700000004], [22.2542179, 44.5685979],
     [22.254211100000003, 44.5684934],
     [22.2542133, 44.568407400000005],
     [22.2542255, 44.568302300000006], [22.2542373, 44.5682704],
     [22.2542735, 44.5681724], [22.2542878, 44.568120500000006],
     [22.2542718, 44.568079000000004], [22.2542417, 44.5680507]]}},
  {"type":"Feature",
   "properties":{},
   "geometry":
   {"type":"LineString",
    "coordinates":
    [[22.260621800000003, 44.5738324],
     [22.2605231, 44.573805400000005], [22.2604311, 44.5737559],
     [22.260247, 44.573632], [22.260089400000002, 44.5734907],
     [22.2598746, 44.573273500000006], [22.2598071, 44.5731934],
     [22.259786700000003, 44.573138],
     [22.259770300000003, 44.572986500000006],
     [22.2597744, 44.5728145], [22.2597458, 44.572728500000004],
     [22.2597008, 44.572628], [22.2595166, 44.5723817],
     [22.2594819, 44.572237400000006],
     [22.259422800000003, 44.572045300000006],
     [22.259422500000003, 44.571887700000005],
     [22.259408200000003, 44.5718206],
     [22.2589459, 44.571469400000005],
     [22.258851800000002, 44.571387800000004],
     [22.2585777, 44.5710818], [22.258315800000002, 44.5707961],
     [22.2582585, 44.570774300000004], [22.2581297, 44.5707612],
     [22.2578453, 44.570751], [22.2572295, 44.5706708],
     [22.257123200000002, 44.5706708],
     [22.2569881, 44.570705800000006],
     [22.256752900000002, 44.570785900000004],
     [22.2566752, 44.570797600000006],
     [22.256617900000002, 44.5707801], [22.256577, 44.5707466],
     [22.2565299, 44.570631500000005],
     [22.256480800000002, 44.5705207],
     [22.2564072, 44.570491600000004],
     [22.2563581, 44.570488600000004],
     [22.256298700000002, 44.5705047],
     [22.2562524, 44.570543400000005],
     [22.2561827, 44.570650400000005], [22.2560754, 44.5709676],
     [22.2557696, 44.5713001], [22.2555026, 44.5715578]]}},
  {"type":"Feature",
   "properties":{},
   "geometry":
   {"type":"LineString",
    "coordinates":
    [[22.260621800000003, 44.5738324], [22.2604155, 44.573863],
     [22.260009200000002, 44.573962800000004],
     [22.2599018, 44.574092500000006], [22.2598473, 44.5741388]]}},
  {"type":"Feature",
   "properties":{},
   "geometry":
   {"type":"LineString",
    "coordinates":
    [[22.260573700000002, 44.575101700000005],
     [22.2603298, 44.5748529],
     [22.260195300000003, 44.574686500000006],
     [22.2600254, 44.5745907], [22.259940500000003, 44.5744697],
     [22.2598473, 44.5741388]]}},
  {"type":"Feature",
   "properties":{},
   "geometry":
   {"type":"LineString",
    "coordinates":
    [[22.260573700000002, 44.575101700000005],
     [22.2609411, 44.5750976], [22.2612279, 44.5752754],
     [22.2615653, 44.5753379], [22.261922900000002, 44.5752946],
     [22.2623952, 44.575150400000005],
     [22.2627461, 44.575198500000006],
     [22.263103700000002, 44.5753787],
     [22.263839200000003, 44.575621500000004],
     [22.2643419, 44.5757272], [22.264736600000003, 44.5760036],
     [22.2649863, 44.5763521], [22.265151600000003, 44.5766428],
     [22.2652426, 44.5769156]]}},
  {"type":"Feature",
   "properties":{},
   "geometry":
   {"type":"LineString",
    "coordinates":
    [[22.268200500000003, 44.577736400000006],
     [22.267755100000002, 44.5775177],
     [22.267423500000003, 44.577444500000006],
     [22.267021900000003, 44.577437800000006],
     [22.266503500000002, 44.5773281],
     [22.265831000000002, 44.5771917], [22.2652426, 44.5769156]]}},
  {"type":"Feature",
   "properties":{},
   "geometry":
   {"type":"LineString",
    "coordinates":
    [[22.268200500000003, 44.577736400000006],
     [22.268166200000003, 44.5776635],
     [22.268150900000002, 44.5775975],
     [22.268127500000002, 44.577487500000004],
     [22.2685491, 44.577679200000006], [22.2688981, 44.5777699],
     [22.2692947, 44.577862700000004], [22.269960100000002, 44.57802],
     [22.2704749, 44.5780766], [22.2714754, 44.5780059],
     [22.272020100000002, 44.57784],
     [22.272300100000002, 44.577650000000006],
     [22.2730301, 44.577420000000004], [22.273440100000002, 44.57733],
     [22.273790100000003, 44.5773], [22.273980100000003, 44.57724],
     [22.2741301, 44.577200000000005], [22.2742867, 44.5772032]]}},
  {"type":"Feature",
   "properties":{},
   "geometry":
   {"type":"LineString",
    "coordinates":
    [[22.2742867, 44.5772032], [22.2746365, 44.577326500000005],
     [22.2750926, 44.5777024],
     [22.275570100000003, 44.578300000000006]]}},
  {"type":"Feature",
   "properties":{},
   "geometry":
   {"type":"LineString",
    "coordinates":
    [[22.275570100000003, 44.578300000000006], [22.2756918, 44.578465],
     [22.275960100000002, 44.57907], [22.2762201, 44.57954],
     [22.276320100000003, 44.57965], [22.2766601, 44.579730000000005],
     [22.276810100000002, 44.5798259],
     [22.2768237, 44.579957500000006],
     [22.276787600000002, 44.580085600000004],
     [22.2768048, 44.5802959], [22.276888800000002, 44.5803841],
     [22.276984600000002, 44.5806075],
     [22.277234800000002, 44.580811000000004],
     [22.2776646, 44.5809811], [22.2780717, 44.5812079],
     [22.2782413, 44.581220800000004],
     [22.278365100000002, 44.5813739],
     [22.278533600000003, 44.5817357],
     [22.278713800000002, 44.5819509],
     [22.2789745, 44.582207100000005], [22.2791001, 44.58245],
     [22.2792701, 44.582477100000006], [22.279450100000002, 44.58281],
     [22.2794518, 44.582987100000004],
     [22.279581800000003, 44.5831906],
     [22.279756000000003, 44.5832318],
     [22.280033900000003, 44.5834867],
     [22.279912000000003, 44.5836081], [22.2801893, 44.5838035],
     [22.2801914, 44.5839458], [22.280375600000003, 44.5841153],
     [22.2806612, 44.5841694], [22.2806201, 44.58435],
     [22.280487100000002, 44.5844913], [22.2804401, 44.58509],
     [22.2806201, 44.5856], [22.280760100000002, 44.585730000000005],
     [22.2808101, 44.586040000000004],
     [22.280760100000002, 44.586270000000006],
     [22.280950100000002, 44.58663], [22.2811901, 44.58682],
     [22.281110100000003, 44.586940000000006],
     [22.281230100000002, 44.5872], [22.2810801, 44.58738],
     [22.280855600000002, 44.5874747],
     [22.280885400000003, 44.5876406],
     [22.280775300000002, 44.5878701],
     [22.280900000000003, 44.588056800000004],
     [22.280930400000003, 44.588317700000005],
     [22.2811169, 44.5884731], [22.281012, 44.5885861],
     [22.281014600000002, 44.5887049],
     [22.280870800000002, 44.588861300000005],
     [22.2807806, 44.589113000000005], [22.2806201, 44.58943],
     [22.2803301, 44.58972], [22.280348500000002, 44.5899263],
     [22.280429700000003, 44.590105300000005],
     [22.280443400000003, 44.590210000000006],
     [22.280399300000003, 44.590361800000004], [22.2804101, 44.59053],
     [22.280318400000002, 44.590700000000005],
     [22.2801401, 44.590794700000004],
     [22.2800806, 44.590919400000004],
     [22.280103800000003, 44.5910558], [22.2802766, 44.5912517],
     [22.280319000000002, 44.5914323],
     [22.2802332, 44.591620000000006],
     [22.2800198, 44.591728800000006]]}},
  {"type":"Feature",
   "properties":{},
   "geometry":
   {"type":"LineString",
    "coordinates":
    [[22.2800198, 44.591728800000006], [22.280194, 44.5917965],
     [22.280518800000003, 44.5918171],
     [22.280818800000002, 44.5918642], [22.281178, 44.5919818],
     [22.2813501, 44.592150000000004],
     [22.28172, 44.592330000000004]]}},
  {"type":"Feature",
   "properties":{},
   "geometry":
   {"type":"LineString",
    "coordinates":
    [[22.28172, 44.592330000000004], [22.28172, 44.59245],
     [22.281750000000002, 44.59264],
     [22.281760000000002, 44.592740000000006],
     [22.2818937, 44.592854100000004], [22.28198, 44.59297],
     [22.282053100000002, 44.593049400000005],
     [22.2822907, 44.593173500000006], [22.282490000000003, 44.59328],
     [22.28265, 44.59335], [22.282700000000002, 44.5934],
     [22.282780000000002, 44.593560000000004],
     [22.2828, 44.593630000000005],
     [22.282860000000003, 44.593700000000005], [22.28291, 44.59373],
     [22.282950000000003, 44.593810000000005], [22.28303, 44.594],
     [22.28303, 44.59402], [22.28299, 44.594080000000005],
     [22.2829544, 44.594271500000005], [22.28301, 44.59445],
     [22.283060000000003, 44.59454], [22.28308, 44.594770000000004],
     [22.28329, 44.5949], [22.28351, 44.59503],
     [22.283710000000003, 44.595090000000006], [22.28386, 44.59514],
     [22.2840725, 44.5952403],
     [22.284311900000002, 44.595280200000005],
     [22.284570000000002, 44.59534], [22.28482, 44.59543],
     [22.28492, 44.59546], [22.28501, 44.59548],
     [22.28526, 44.595600000000005],
     [22.285410000000002, 44.595650000000006],
     [22.285700000000002, 44.595650000000006],
     [22.285790000000002, 44.595650000000006],
     [22.285980000000002, 44.5957], [22.28621, 44.59575],
     [22.286260000000002, 44.59577], [22.286350000000002, 44.59575],
     [22.286360000000002, 44.59574], [22.2864, 44.59575],
     [22.286450000000002, 44.59574],
     [22.286620000000003, 44.595710000000004], [22.2867, 44.5957],
     [22.28677, 44.59572], [22.286900000000003, 44.59572],
     [22.28707, 44.595690000000005], [22.287270000000003, 44.59563],
     [22.287380000000002, 44.595600000000005],
     [22.287460000000003, 44.59559], [22.28753, 44.59555],
     [22.28769, 44.59552], [22.287760000000002, 44.595560000000006],
     [22.287770000000002, 44.595560000000006],
     [22.28778, 44.595560000000006], [22.28789, 44.59559],
     [22.28798, 44.59568], [22.288, 44.5957],
     [22.288120000000003, 44.59579], [22.28828, 44.595870000000005],
     [22.28837, 44.595940000000006], [22.288500000000003, 44.59602],
     [22.288590000000003, 44.59613], [22.288710000000002, 44.59631],
     [22.28881, 44.59642], [22.28885, 44.59644],
     [22.289070000000002, 44.59655], [22.28928, 44.59664],
     [22.289450000000002, 44.59671], [22.28967, 44.59678],
     [22.28975, 44.59682], [22.28996, 44.59691], [22.29016, 44.59698],
     [22.29036, 44.59707], [22.2906, 44.5972],
     [22.290750000000003, 44.59727], [22.290930000000003, 44.59741],
     [22.29109, 44.59749], [22.29111, 44.597480000000004],
     [22.29118, 44.59747], [22.291410000000003, 44.59732],
     [22.291500000000003, 44.59723], [22.29163, 44.59709],
     [22.291690000000003, 44.596970000000006],
     [22.2917977, 44.5968691], [22.2919713, 44.5967988],
     [22.2922464, 44.5968006], [22.29248, 44.59677],
     [22.292630000000003, 44.59682], [22.29278, 44.59686],
     [22.29296, 44.596940000000004], [22.29304, 44.59696],
     [22.293480000000002, 44.59705], [22.293590000000002, 44.59707],
     [22.293660000000003, 44.59711], [22.29364, 44.59722],
     [22.293590000000002, 44.597350000000006],
     [22.293570000000003, 44.5976], [22.293656300000002, 44.5978658],
     [22.2936632, 44.598208], [22.29351, 44.598600000000005],
     [22.2935, 44.5987], [22.293480000000002, 44.59883],
     [22.29341, 44.59897], [22.293129800000003, 44.599233600000005],
     [22.293120000000002, 44.59966], [22.29306, 44.59985],
     [22.292938300000003, 44.600065400000005],
     [22.292900000000003, 44.60031], [22.29284, 44.60052],
     [22.2928, 44.600640000000006], [22.29278, 44.60085],
     [22.29278, 44.601040000000005], [22.292830000000002, 44.60121],
     [22.292830000000002, 44.60134], [22.29275, 44.60146],
     [22.292730000000002, 44.60168], [22.292720000000003, 44.60186],
     [22.29268, 44.60211], [22.292710000000003, 44.6023],
     [22.29279, 44.602500000000006], [22.29295, 44.60273],
     [22.293020000000002, 44.60293], [22.29308, 44.60313],
     [22.293100000000003, 44.603320000000004],
     [22.293100000000003, 44.60334], [22.29308, 44.603390000000005],
     [22.293100000000003, 44.60358], [22.29305, 44.603660000000005],
     [22.293020000000002, 44.60398],
     [22.293020000000002, 44.604020000000006],
     [22.29297, 44.604200000000006], [22.29303, 44.60432],
     [22.29304, 44.604380000000006], [22.293164800000003, 44.6046057],
     [22.2933549, 44.604707700000006],
     [22.293546000000003, 44.604823700000004],
     [22.29352, 44.604910000000004]]}},
  {"type":"Feature",
   "properties":{},
   "geometry":
   {"type":"LineString",
    "coordinates":
    [[22.29352, 44.604910000000004],
     [22.293784000000002, 44.605070000000005],
     [22.294180100000002, 44.60531], [22.2944201, 44.6054],
     [22.2950701, 44.60539], [22.295370100000003, 44.60524],
     [22.295660100000003, 44.605230000000006],
     [22.2959701, 44.605360000000005],
     [22.296340100000002, 44.605560000000004],
     [22.296400100000003, 44.60573], [22.2963801, 44.60605],
     [22.2966501, 44.606210000000004], [22.296880100000003, 44.60627],
     [22.297720100000003, 44.60625], [22.2982201, 44.606410000000004],
     [22.2983601, 44.60649], [22.2987901, 44.60709],
     [22.299140100000002, 44.607240000000004],
     [22.300000100000002, 44.60794], [22.3003301, 44.608050000000006],
     [22.301120100000002, 44.607980000000005],
     [22.301290100000003, 44.60792], [22.301970100000002, 44.60792],
     [22.302320100000003, 44.608160000000005],
     [22.302990100000002, 44.60848], [22.303170100000003, 44.60873],
     [22.3036001, 44.60904], [22.303920100000003, 44.6094],
     [22.304940100000003, 44.61018], [22.305060100000002, 44.61038],
     [22.3055601, 44.61137], [22.3057701, 44.612190000000005],
     [22.3060601, 44.61281], [22.306070100000003, 44.613080000000004],
     [22.3066701, 44.61397], [22.306840100000002, 44.615010000000005],
     [22.3067601, 44.61544], [22.3072701, 44.61637],
     [22.3071501, 44.61695], [22.3074401, 44.61778],
     [22.3077501, 44.61818], [22.307850100000003, 44.618790000000004],
     [22.3080201, 44.61903], [22.307970100000002, 44.61938],
     [22.3083101, 44.620020000000004], [22.308140100000003, 44.62091],
     [22.3080301, 44.621120000000005],
     [22.308050100000003, 44.621390000000005],
     [22.3077301, 44.622170000000004],
     [22.307776800000003, 44.6225998], [22.308004200000003, 44.623023],
     [22.3081149, 44.623165500000006],
     [22.308337700000003, 44.6232952], [22.3084601, 44.62339],
     [22.309010100000002, 44.62386],
     [22.309540100000003, 44.624680000000005],
     [22.3097701, 44.62483]]}},
  {"type":"Feature",
   "properties":{},
   "geometry":
   {"type":"LineString",
    "coordinates":
    [[22.320951100000002, 44.631593200000005],
     [22.3205817, 44.6312415], [22.3202491, 44.6310124],
     [22.320141800000002, 44.6306765],
     [22.319712600000003, 44.630401600000006],
     [22.3191333, 44.6303482], [22.3184681, 44.630287100000004],
     [22.3181033, 44.629890100000004],
     [22.317459600000003, 44.629729700000006],
     [22.316837300000003, 44.629577000000005],
     [22.316397400000003, 44.629477800000004],
     [22.3160326, 44.629180000000005],
     [22.315496200000002, 44.6288822], [22.3148096, 44.6286302],
     [22.314316, 44.628370600000004], [22.313768900000003, 44.6282943],
     [22.313565, 44.6279125], [22.313211000000003, 44.6275612],
     [22.3127496, 44.6270649], [22.3123419, 44.626797700000004],
     [22.3119128, 44.626553300000005],
     [22.311558700000003, 44.6261105],
     [22.311215400000002, 44.6257363], [22.3107004, 44.6256065],
     [22.3103249, 44.6253393], [22.3100567, 44.625072],
     [22.3097701, 44.62483]]}},
  {"type":"Feature",
   "properties":{},
   "geometry":
   {"type":"LineString",
    "coordinates":
    [[22.320951100000002, 44.631593200000005],
     [22.321026200000002, 44.63141],
     [22.321208600000002, 44.631211400000005],
     [22.321476800000003, 44.631058700000004],
     [22.321755800000002, 44.6309442],
     [22.3220025, 44.630814400000006],
     [22.3224102, 44.630554800000006],
     [22.322753600000002, 44.6303105],
     [22.323204200000003, 44.630043300000004],
     [22.3233007, 44.629936400000005],
     [22.323536800000003, 44.6298295], [22.323768, 44.6295809],
     [22.324051700000002, 44.629195700000004],
     [22.3242985, 44.6288445], [22.3243522, 44.628745200000004],
     [22.3248886, 44.6285086], [22.325264100000002, 44.6283406],
     [22.325607400000003, 44.628195500000004],
     [22.3258435, 44.6280504], [22.326079500000002, 44.6278214],
     [22.3263584, 44.6275388], [22.326573, 44.6273021],
     [22.326669600000002, 44.627012], [22.3267506, 44.6265725],
     [22.3267291, 44.6262595],
     [22.326894900000003, 44.626088100000004],
     [22.3271631, 44.625843700000004], [22.3274957, 44.6257444],
     [22.3278712, 44.6256757], [22.3281072, 44.625614600000006],
     [22.3282789, 44.6254696], [22.3284398, 44.625202300000005],
     [22.328553000000003, 44.624938500000006],
     [22.328499400000002, 44.6247399],
     [22.328435000000002, 44.6245872], [22.3282896, 44.6242936],
     [22.328236, 44.6240187], [22.3281823, 44.6237973],
     [22.3281502, 44.62353], [22.3280107, 44.623285700000004],
     [22.3279463, 44.623026], [22.3279356, 44.622743500000006],
     [22.3279892, 44.6225755], [22.3278819, 44.622361700000006],
     [22.3278605, 44.6221784], [22.327892700000003, 44.621934],
     [22.3278819, 44.6217508],
     [22.327849800000003, 44.621529300000006],
     [22.3277484, 44.6210898], [22.327742500000003, 44.6208955],
     [22.327737600000003, 44.6207538],
     [22.3279034, 44.620612900000005],
     [22.3278819, 44.620490800000006], [22.3278068, 44.6203991],
     [22.327742500000003, 44.6201929],
     [22.327635200000003, 44.619956200000004],
     [22.327592300000003, 44.6197882], [22.327603, 44.619467500000006],
     [22.3276781, 44.6192384],
     [22.327705400000003, 44.619012700000006],
     [22.3276995, 44.6187878], [22.3278283, 44.6186274],
     [22.3280965, 44.618375400000005], [22.3281561, 44.6182567],
     [22.3282789, 44.6181081],
     [22.328241900000002, 44.617974100000005],
     [22.3280858, 44.6177721], [22.3278819, 44.617451300000006],
     [22.3277103, 44.6170466],
     [22.327592300000003, 44.616710600000005],
     [22.3274957, 44.616359300000006],
     [22.327377700000003, 44.6160767],
     [22.327254800000002, 44.6157594],
     [22.327227500000003, 44.615488600000006],
     [22.327179700000002, 44.61524], [22.3271905, 44.615041500000004],
     [22.3273729, 44.614904], [22.327774700000003, 44.6147325],
     [22.3279356, 44.614625600000004],
     [22.3280643, 44.614465200000005], [22.3281931, 44.6142819],
     [22.3285471, 44.614014600000004],
     [22.328767600000003, 44.613957000000006],
     [22.329105000000002, 44.6138161], [22.329384, 44.6135029],
     [22.3296522, 44.6132356], [22.329770200000002, 44.6129912],
     [22.3297917, 44.6128232], [22.3297761, 44.6127121],
     [22.3299097, 44.612273300000005],
     [22.329995500000003, 44.6119907], [22.330017, 44.611891400000005],
     [22.330177900000002, 44.611715700000005],
     [22.3304139, 44.6115019], [22.3308705, 44.611054700000004],
     [22.331127900000002, 44.610863800000004],
     [22.3312293, 44.6103333], [22.331240100000002, 44.6101271],
     [22.331240100000002, 44.6097223],
     [22.331240100000002, 44.609294600000005],
     [22.331347400000002, 44.609118900000006],
     [22.3315619, 44.6089738], [22.3318575, 44.608839700000004],
     [22.332243700000003, 44.608771000000004],
     [22.3324691, 44.6088473],
     [22.332705100000002, 44.608839700000004],
     [22.333053200000002, 44.6088668], [22.3333595, 44.608939],
     [22.333579, 44.608989], [22.3342227, 44.609050100000005],
     [22.3348771, 44.6091342], [22.3352526, 44.6092869],
     [22.3359774, 44.6093515], [22.3362719, 44.6093786],
     [22.337183800000002, 44.6095161], [22.3374521, 44.6094397],
     [22.3377203, 44.6093175], [22.3379349, 44.6091953],
     [22.3382197, 44.60913], [22.338471300000002, 44.608889700000006],
     [22.3387347, 44.6085189], [22.3389171, 44.608282100000004],
     [22.3393403, 44.6080114], [22.3394584, 44.6078051],
     [22.33963, 44.6075607], [22.339694400000003, 44.6072323],
     [22.3401235, 44.606835100000005],
     [22.3405956, 44.606399700000004], [22.341175, 44.6060407],
     [22.3416256, 44.6056053], [22.341979600000002, 44.6052845],
     [22.3423181, 44.605119900000005],
     [22.3427843, 44.604978900000006], [22.3430418, 44.6047956],
     [22.343352900000003, 44.6045588],
     [22.343889400000002, 44.604215100000005],
     [22.344340000000003, 44.6038866], [22.3445867, 44.6037338],
     [22.344957400000002, 44.603638000000004],
     [22.345155400000003, 44.6034512], [22.3454236, 44.603138],
     [22.3455631, 44.6029318], [22.3458694, 44.602759500000005],
     [22.3462341, 44.602637300000005],
     [22.346560800000002, 44.6026644],
     [22.3468135, 44.602690800000005],
     [22.347140200000002, 44.602641500000004],
     [22.347483500000003, 44.602534500000004],
     [22.3479019, 44.602320600000006],
     [22.348245300000002, 44.6020915],
     [22.348653000000002, 44.6018088], [22.3488568, 44.6016637],
     [22.349253800000003, 44.601556800000004],
     [22.349506400000003, 44.6014914], [22.3501228, 44.6015797],
     [22.3503481, 44.6016561], [22.350648500000002, 44.6017248],
     [22.3509382, 44.6018088], [22.351126500000003, 44.6018276],
     [22.351356600000003, 44.6017783], [22.3515449, 44.6016519],
     [22.3517595, 44.601483800000004],
     [22.3518931, 44.601289400000006], [22.352161300000002, 44.601022],
     [22.352253, 44.6008268], [22.352371, 44.6007504],
     [22.352596300000002, 44.600674100000006],
     [22.3530577, 44.6004754], [22.353191300000002, 44.6003345],
     [22.3535882, 44.6001282], [22.3538624, 44.6000324],
     [22.354366600000002, 44.599925400000004],
     [22.3547148, 44.5998685], [22.3549937, 44.5997921],
     [22.355379900000003, 44.5997081],
     [22.355776900000002, 44.599647000000004],
     [22.356448, 44.599627500000004], [22.356967800000003, 44.5996317],
     [22.357215200000002, 44.599658100000006],
     [22.357877600000002, 44.5998089],
     [22.358164600000002, 44.5999331]]}},
  {"type":"Feature",
   "properties":{},
   "geometry":
   {"type":"LineString",
    "coordinates":
    [[22.358164600000002, 44.5999331],
     [22.358323600000002, 44.6001379],
     [22.358384700000002, 44.6001956],
     [22.358543, 44.600255700000005]]}},
  {"type":"Feature",
   "properties":{},
   "geometry":
   {"type":"LineString",
    "coordinates":
    [[22.358543, 44.600255700000005], [22.3586351, 44.600543300000005],
     [22.358669000000003, 44.600649100000005],
     [22.3587159, 44.6009205], [22.358733400000002, 44.6010215],
     [22.358835000000003, 44.6015443], [22.3588393, 44.6017747],
     [22.3589053, 44.602133900000005],
     [22.3589163, 44.602246400000006], [22.3589223, 44.6023082],
     [22.3589564, 44.602450700000006], [22.3590096, 44.6025659],
     [22.3591458, 44.6027402], [22.3592629, 44.602866000000006],
     [22.359780200000003, 44.6034208], [22.3599442, 44.6036208],
     [22.3600506, 44.6038103], [22.3601272, 44.6039892],
     [22.3601549, 44.604172600000005], [22.3601677, 44.6043499],
     [22.3601896, 44.6046788], [22.3602209, 44.6051487],
     [22.3602528, 44.6055822],
     [22.360310300000002, 44.605756500000005],
     [22.360384800000002, 44.6059702],
     [22.360442300000003, 44.6061126], [22.360453, 44.6062566],
     [22.360444400000002, 44.6064127], [22.3602209, 44.6071948],
     [22.360074, 44.607764700000004], [22.3599314, 44.608140500000005],
     [22.359669500000003, 44.608639200000006],
     [22.359631200000003, 44.608731600000006],
     [22.359601400000003, 44.608887700000004],
     [22.359599300000003, 44.6091817],
     [22.359607800000003, 44.609595500000005],
     [22.359635500000003, 44.6098319],
     [22.359663100000002, 44.609959200000006], [22.3597317, 44.610112],
     [22.3601813, 44.6106271], [22.3604398, 44.610868100000005],
     [22.3609763, 44.6113951],
     [22.361227500000002, 44.611845900000006],
     [22.3615181, 44.6124257], [22.361693900000002, 44.6126614],
     [22.3620048, 44.6130439], [22.362278500000002, 44.6133807],
     [22.3623528, 44.6135467], [22.3624103, 44.613837800000006],
     [22.3624982, 44.6142708], [22.3625522, 44.6145475],
     [22.362687400000002, 44.6149179],
     [22.362778600000002, 44.6150791], [22.3629104, 44.6151946],
     [22.3630749, 44.6152936], [22.363441, 44.615454400000004],
     [22.3638972, 44.615642], [22.3643365, 44.6158416],
     [22.3649212, 44.6161856], [22.365401000000002, 44.6164671],
     [22.365779500000002, 44.616702800000006],
     [22.366683000000002, 44.617126600000006],
     [22.366803500000003, 44.6171695],
     [22.3670231, 44.617205600000005], [22.3672225, 44.61722],
     [22.3676585, 44.617152700000005],
     [22.368165400000002, 44.6170612],
     [22.368604700000002, 44.616936200000005],
     [22.3689629, 44.616753300000006],
     [22.369277200000003, 44.6165729], [22.3695543, 44.6164599],
     [22.3698111, 44.6163949], [22.3701626, 44.6163492],
     [22.3705073, 44.616262600000006], [22.3708047, 44.6161736],
     [22.371078400000002, 44.6160702], [22.371369, 44.6160124],
     [22.371747000000003, 44.6160039],
     [22.3732168, 44.616011500000006],
     [22.374295500000002, 44.615998000000005],
     [22.374866700000002, 44.6159764],
     [22.3759176, 44.615889800000005], [22.3762049, 44.6158681],
     [22.376448200000002, 44.615884900000005],
     [22.376542800000003, 44.615921], [22.3766915, 44.616060600000004],
     [22.376799700000003, 44.616378100000006],
     [22.376769200000002, 44.616724500000004],
     [22.376647600000002, 44.6173547], [22.376539400000002, 44.617908],
     [22.376478600000002, 44.6181533], [22.3764448, 44.6182207]]}},
  {"type":"Feature",
   "properties":{},
   "geometry":
   {"type":"LineString",
    "coordinates":
    [[22.3764448, 44.6182207], [22.3758191, 44.6188598],
     [22.375781500000002, 44.618915400000006],
     [22.3757452, 44.6190238],
     [22.375732000000003, 44.619089300000006],
     [22.3757479, 44.6192123],
     [22.375875800000003, 44.619891200000005],
     [22.375908900000002, 44.620064500000005],
     [22.3759708, 44.6202115], [22.3760498, 44.6203165],
     [22.3761896, 44.6204583], [22.376379500000002, 44.6206243],
     [22.376567400000003, 44.620746100000005], [22.377005, 44.6210504],
     [22.377306400000002, 44.6212825], [22.378097, 44.621892300000006],
     [22.378588200000003, 44.622224300000006], [22.378869, 44.6224183],
     [22.3790431, 44.6225807], [22.3798397, 44.6233577],
     [22.3802789, 44.623790500000005],
     [22.380702000000003, 44.6242856],
     [22.381067400000003, 44.6246602], [22.3814183, 44.624982],
     [22.381705200000003, 44.6253566], [22.381986, 44.625710700000006],
     [22.3821732, 44.625992100000005],
     [22.382304700000002, 44.6263262],
     [22.3824988, 44.627082900000005],
     [22.3825454, 44.627266500000005],
     [22.382601100000002, 44.627414900000005],
     [22.3826249, 44.6274862], [22.3826249, 44.627549800000004],
     [22.3825927, 44.6276281], [22.3825256, 44.627712100000004],
     [22.3824317, 44.627763400000006], [22.3818552, 44.6280389],
     [22.381618600000003, 44.6281928],
     [22.381498800000003, 44.6282846],
     [22.3813888, 44.628382800000004],
     [22.381294200000003, 44.6285103],
     [22.381255200000002, 44.628604800000005],
     [22.3812284, 44.6287547], [22.381223300000002, 44.6289913],
     [22.3811962, 44.6301914], [22.381132, 44.6314107],
     [22.381119100000003, 44.631890500000004], [22.3812184, 44.632862],
     [22.381290800000002, 44.633364], [22.3813283, 44.6336007],
     [22.3813688, 44.633809500000005],
     [22.381402400000002, 44.6338973],
     [22.381463200000002, 44.6340031],
     [22.381899100000002, 44.6345345],
     [22.3821526, 44.634823100000006],
     [22.3824855, 44.635102100000005], [22.3826383, 44.6352343],
     [22.382718800000003, 44.6353195], [22.3827952, 44.6354209],
     [22.3828612, 44.6355413], [22.3828825, 44.635676800000006],
     [22.382906600000002, 44.6359453], [22.3829569, 44.6363068],
     [22.382983900000003, 44.6365208], [22.3829767, 44.6365872],
     [22.382967, 44.6366771], [22.3828406, 44.636947],
     [22.382755900000003, 44.637243700000006],
     [22.382739400000002, 44.6373642], [22.3827374, 44.6374508],
     [22.3827676, 44.637547600000005],
     [22.3828302, 44.637621200000005],
     [22.3829128, 44.637681400000005], [22.3830552, 44.6377314],
     [22.3839718, 44.6380193], [22.3844424, 44.638175000000004],
     [22.3850617, 44.6384203],
     [22.385414700000002, 44.638553900000005],
     [22.3855612, 44.6385906],
     [22.385709900000002, 44.638596500000006],
     [22.3858564, 44.638617100000005],
     [22.3860236, 44.638645000000004],
     [22.386168100000003, 44.6386964],
     [22.3864014, 44.638822700000006],
     [22.386535600000002, 44.638939900000004],
     [22.386711400000003, 44.6391659],
     [22.3868307, 44.639404400000004], [22.3868885, 44.6396188],
     [22.3869814, 44.6399228], [22.387194, 44.6402416],
     [22.387434300000002, 44.640521400000004], [22.3878281, 44.640841],
     [22.388528500000003, 44.641286300000004],
     [22.3886882, 44.6413711], [22.3887967, 44.641409],
     [22.3889053, 44.6414363], [22.389037300000002, 44.6414514],
     [22.389162900000002, 44.6414575],
     [22.3896014, 44.641449900000005], [22.389708900000002, 44.641447],
     [22.3906765, 44.6414211], [22.391074600000003, 44.6414363],
     [22.391681400000003, 44.6414969], [22.3919411, 44.6415378],
     [22.3921944, 44.641595300000006], [22.3923349, 44.6416453],
     [22.392462700000003, 44.6417286],
     [22.392569100000003, 44.6418498], [22.3926926, 44.6420134],
     [22.3930651, 44.642593500000004], [22.3931545, 44.6427904],
     [22.393188600000002, 44.6429783],
     [22.393188600000002, 44.6431964],
     [22.393201400000002, 44.643322100000006],
     [22.393254600000002, 44.643414500000006],
     [22.393348300000003, 44.6435054],
     [22.393493000000003, 44.643593200000005],
     [22.3936165, 44.6436508], [22.3937251, 44.643676500000005],
     [22.3938698, 44.6436962], [22.3939954, 44.643691700000005]]}},
  {"type":"Feature",
   "properties":{},
   "geometry":
   {"type":"LineString",
    "coordinates":
    [[22.3939954, 44.643691700000005],
     [22.394068800000003, 44.6438495],
     [22.394224400000002, 44.6440556]]}},
  {"type":"Feature",
   "properties":{},
   "geometry":
   {"type":"LineString",
    "coordinates":
    [[22.394224400000002, 44.6440556],
     [22.3942134, 44.644258400000005], [22.3941714, 44.6444227],
     [22.3939264, 44.644597000000005],
     [22.393674400000002, 44.6448012],
     [22.393415400000002, 44.644985500000004],
     [22.393184400000003, 44.6451847], [22.3927294, 44.6454138],
     [22.392365400000003, 44.6454536],
     [22.391679500000002, 44.6453938], [22.3907345, 44.6455582],
     [22.3901885, 44.645588100000005],
     [22.390055500000003, 44.6456528], [22.3895865, 44.6464695],
     [22.3894395, 44.6468879], [22.3890475, 44.6472564],
     [22.388991500000003, 44.6476149],
     [22.388326600000003, 44.6480532],
     [22.3884036, 44.648436600000004], [22.3883686, 44.648845],
     [22.3885226, 44.6490591], [22.388354600000003, 44.6492135],
     [22.3879626, 44.6494177], [22.3876546, 44.649826000000004],
     [22.387521600000003, 44.650563000000005],
     [22.3876756, 44.652186300000004], [22.3875986, 44.6534561],
     [22.387808600000003, 44.6548454], [22.3879416, 44.6559607],
     [22.3887116, 44.6569018], [22.3886486, 44.6573798],
     [22.3885226, 44.658047], [22.3886906, 44.6584901],
     [22.3886976, 44.6591424], [22.388536600000002, 44.659934],
     [22.388319600000003, 44.6607356],
     [22.387808600000003, 44.661064200000006],
     [22.387430600000002, 44.661353000000005],
     [22.3872836, 44.6619654], [22.387185600000002, 44.6625479],
     [22.386919600000002, 44.6630507],
     [22.386632600000002, 44.6635137],
     [22.3865827, 44.663591000000004],
     [22.3864366, 44.663817400000006], [22.3865626, 44.6640713],
     [22.3868566, 44.664285400000004],
     [22.387234600000003, 44.6640862], [22.3875776, 44.6637676],
     [22.3878506, 44.6634341], [22.3882006, 44.663568500000004],
     [22.3886626, 44.6630806], [22.3891175, 44.6628914],
     [22.3896355, 44.6628217], [22.3898385, 44.663100500000006],
     [22.3896145, 44.663578400000006],
     [22.389803500000003, 44.664106200000006],
     [22.389509500000003, 44.6648778], [22.3896775, 44.6652811],
     [22.3896075, 44.666147300000006],
     [22.389796500000003, 44.6662319],
     [22.3901745, 44.665953200000004],
     [22.390335500000003, 44.6659731],
     [22.390307500000002, 44.666436100000006],
     [22.390293500000002, 44.6671928], [22.3903845, 44.6679046],
     [22.3904965, 44.6680191], [22.3907485, 44.667994300000004],
     [22.390923500000003, 44.667864800000004],
     [22.390984900000003, 44.6678998],
     [22.391098500000002, 44.6679644],
     [22.391175500000003, 44.6682183], [22.390867500000002, 44.668497],
     [22.390643500000003, 44.6689202], [22.3904405, 44.6697665],
     [22.3901325, 44.670050200000006], [22.3898595, 44.6706227],
     [22.3893905, 44.671030900000005],
     [22.389201500000002, 44.671533600000004],
     [22.3890055, 44.6717875], [22.3886416, 44.671961700000004],
     [22.3882286, 44.6720862], [22.3878996, 44.671991600000005],
     [22.387752600000002, 44.6719219],
     [22.3875916, 44.671991600000005], [22.3876546, 44.6722355],
     [22.3875916, 44.6724894], [22.387441000000003, 44.672736]]}},
  {"type":"Feature",
   "properties":{},
   "geometry":
   {"type":"LineString",
    "coordinates":
    [[22.387441000000003, 44.672736], [22.387528600000003, 44.6727566],
     [22.3877393, 44.672812900000004],
     [22.387922800000002, 44.6728674], [22.3881699, 44.6729495],
     [22.388392200000002, 44.6730285]]}},
  {"type":"Feature",
   "properties":{},
   "geometry":
   {"type":"LineString",
    "coordinates":
    [[22.388392200000002, 44.6730285],
     [22.3884334, 44.673047700000005], [22.3884803, 44.6730667],
     [22.3887466, 44.6732017], [22.3888414, 44.673251300000004]]}},
  {"type":"Feature",
   "properties":{},
   "geometry":
   {"type":"LineString",
    "coordinates":
    [[22.3888414, 44.673251300000004], [22.3895199, 44.6736352]]}},
  {"type":"Feature",
   "properties":{},
   "geometry":
   {"type":"LineString",
    "coordinates":
    [[22.3895199, 44.6736352],
     [22.389638700000003, 44.673699600000006]]}},
  {"type":"Feature",
   "properties":{},
   "geometry":
   {"type":"LineString",
    "coordinates":
    [[22.389638700000003, 44.673699600000006],
     [22.3903953, 44.6741096]]}},
  {"type":"Feature",
   "properties":{},
   "geometry":
   {"type":"LineString",
    "coordinates":
    [[22.3903953, 44.6741096], [22.390313000000003, 44.6738931]]}},
  {"type":"Feature",
   "properties":{},
   "geometry":
   {"type":"LineString",
    "coordinates":
    [[22.390313000000003, 44.6738931],
     [22.390401500000003, 44.6737479],
     [22.3905579, 44.673619800000004],
     [22.390802800000003, 44.6735375], [22.391085, 44.673494000000005],
     [22.3914149, 44.673402100000004],
     [22.391714200000003, 44.6735569],
     [22.392061100000003, 44.6737745],
     [22.392479400000003, 44.673948700000004],
     [22.3928331, 44.674125200000006], [22.3931222, 44.6742921],
     [22.3934146, 44.674357400000005],
     [22.3936075, 44.674440100000005]]}},
  {"type":"Feature",
   "properties":{},
   "geometry":
   {"type":"LineString",
    "coordinates":
    [[22.3936075, 44.674440100000005],
     [22.393811300000003, 44.6745354], [22.3939884, 44.6745889],
     [22.3943049, 44.674619400000005],
     [22.3947179, 44.674707100000006], [22.3952436, 44.6748521],
     [22.3960054, 44.6751153], [22.3961931, 44.6752125],
     [22.3965177, 44.675346100000006],
     [22.3966491, 44.675372800000005],
     [22.3967752, 44.675389900000006],
     [22.3968959, 44.675401400000005], [22.3970112, 44.6754357],
     [22.397099700000002, 44.675470000000004],
     [22.3972446, 44.6755444], [22.397579800000003, 44.6756608],
     [22.3977596, 44.6757123], [22.3978186, 44.6757657],
     [22.39795, 44.6759221], [22.398068000000002, 44.676141400000006],
     [22.3981217, 44.6763035], [22.398143100000002, 44.6763855],
     [22.398218200000002, 44.6764657],
     [22.3983014, 44.676528600000005],
     [22.398583000000002, 44.6766201], [22.400423, 44.677092200000004],
     [22.4005276, 44.677114100000004], [22.400663, 44.677124600000006],
     [22.400744900000003, 44.6771189], [22.4008334, 44.6770951],
     [22.400911200000003, 44.677054000000005],
     [22.4010077, 44.6769825], [22.4011606, 44.676866200000006],
     [22.4012612, 44.676773700000005], [22.4013591, 44.6766583],
     [22.4015482, 44.6763932], [22.4016032, 44.676344500000006],
     [22.4016461, 44.676318800000004],
     [22.401703700000002, 44.676300700000006],
     [22.401788200000002, 44.6762892],
     [22.401915600000002, 44.6762816]]}},
  {"type":"Feature",
   "properties":{},
   "geometry":
   {"type":"LineString",
    "coordinates":
    [[22.401915600000002, 44.6762816],
     [22.402216300000003, 44.676300100000006]]}},
  {"type":"Feature",
   "properties":{},
   "geometry":
   {"type":"LineString",
    "coordinates":
    [[22.402216300000003, 44.676300100000006],
     [22.402303200000002, 44.676322600000006],
     [22.402346100000003, 44.676347400000004],
     [22.402382300000003, 44.676391300000006],
     [22.402501700000002, 44.6767994],
     [22.402646500000003, 44.6772724],
     [22.402911600000003, 44.6778691],
     [22.403090000000002, 44.6785368]]}},
  {"type":"Feature",
   "properties":{},
   "geometry":
   {"type":"LineString",
    "coordinates":
    [[22.403090000000002, 44.6785368],
     [22.403141100000003, 44.6787366],
     [22.403189100000002, 44.678857400000005],
     [22.403256000000003, 44.678981900000004],
     [22.404001400000002, 44.679900700000005],
     [22.4042107, 44.6801759], [22.4042819, 44.6802523],
     [22.4043509, 44.680299100000006], [22.4044181, 44.6803297],
     [22.4044817, 44.680347700000006],
     [22.4049862, 44.680443000000004], [22.4052107, 44.6804794],
     [22.405424800000002, 44.680506], [22.405771, 44.6805304],
     [22.406133800000003, 44.6805584], [22.4063567, 44.6805742],
     [22.4065204, 44.680596300000005],
     [22.406630800000002, 44.6806184],
     [22.406788300000002, 44.6806678],
     [22.406972900000003, 44.6807407],
     [22.407199000000002, 44.680834000000004],
     [22.407459300000003, 44.6809857], [22.407647, 44.6811177],
     [22.4078191, 44.6812637], [22.4079696, 44.6814006],
     [22.4083493, 44.681749700000005]]}},
  {"type":"Feature",
   "properties":{},
   "geometry":
   {"type":"LineString",
    "coordinates":
    [[22.4083152, 44.682006300000005],
     [22.4083493, 44.681749700000005]]}},
  {"type":"Feature",
   "properties":{},
   "geometry":
   {"type":"LineString",
    "coordinates":
    [[22.4083152, 44.682006300000005],
     [22.409394900000002, 44.6822182], [22.4095076, 44.6822454],
     [22.4095908, 44.682273], [22.409722000000002, 44.6823324],
     [22.4097739, 44.6823685], [22.4098308, 44.6824371],
     [22.409895000000002, 44.682529300000006],
     [22.410265000000003, 44.6832044],
     [22.4103217, 44.683281900000004], [22.4105886, 44.6836557],
     [22.4109297, 44.684113200000006],
     [22.411778700000003, 44.685097600000006],
     [22.412295500000003, 44.685400800000004],
     [22.412413800000003, 44.6854826],
     [22.412480900000002, 44.685542700000006],
     [22.4125485, 44.6856238], [22.4125853, 44.6856698],
     [22.4126167, 44.685726700000004], [22.412638, 44.685788800000005],
     [22.4126552, 44.685945000000004],
     [22.4126464, 44.686077000000004]]}},
  {"type":"Feature",
   "properties":{},
   "geometry":
   {"type":"LineString",
    "coordinates":
    [[22.4126464, 44.686077000000004], [22.4124437, 44.6861392]]}},
  {"type":"Feature",
   "properties":{},
   "geometry":
   {"type":"LineString",
    "coordinates":
    [[22.4124437, 44.6861392], [22.4125291, 44.686282600000006],
     [22.4125954, 44.6864063], [22.4127912, 44.686852800000004],
     [22.412867900000002, 44.6870435],
     [22.412926000000002, 44.6871846]]}},
  {"type":"Feature",
   "properties":{},
   "geometry":
   {"type":"LineString",
    "coordinates":
    [[22.412926000000002, 44.6871846],
     [22.4129301, 44.687194500000004],
     [22.412989200000002, 44.6873371],
     [22.4130872, 44.687540000000006], [22.4131851, 44.6877064],
     [22.413278700000003, 44.687862300000006],
     [22.4133575, 44.687981900000004],
     [22.4134107, 44.688068200000004]]}},
  {"type":"Feature",
   "properties":{},
   "geometry":
   {"type":"LineString",
    "coordinates":
    [[22.4134107, 44.688068200000004], [22.4134597, 44.6881393],
     [22.4135023, 44.688201400000004],
     [22.4135607, 44.688269600000005], [22.4136212, 44.6883442],
     [22.4136931, 44.6884329], [22.413949300000002, 44.6887417],
     [22.4140868, 44.688892200000005], [22.4141677, 44.6889765],
     [22.4142888, 44.6891027], [22.414762500000002, 44.689588],
     [22.414966900000003, 44.689809100000005],
     [22.4150917, 44.6899594], [22.4152455, 44.690162900000004],
     [22.4153449, 44.690307600000004], [22.415466000000002, 44.690502],
     [22.41555, 44.690651700000004],
     [22.4156121, 44.690766700000005]]}},
  {"type":"Feature",
   "properties":{},
   "geometry":
   {"type":"LineString",
    "coordinates":
    [[22.4156121, 44.690766700000005], [22.4156832, 44.6909536],
     [22.415716500000002, 44.691061000000005],
     [22.415728700000003, 44.6911062],
     [22.415740800000002, 44.691149200000005],
     [22.4157531, 44.6912135], [22.4157654, 44.691284100000004],
     [22.415779500000003, 44.6913829]]}},
  {"type":"Feature",
   "properties":{},
   "geometry":
   {"type":"LineString",
    "coordinates":
    [[22.415779500000003, 44.6913829],
     [22.415777300000002, 44.691514000000005],
     [22.4157674, 44.691794300000005],
     [22.415763100000003, 44.691877600000005],
     [22.4157546, 44.6920334], [22.4157504, 44.692233200000004],
     [22.4157468, 44.692452]]}},
  {"type":"Feature",
   "properties":{},
   "geometry":
   {"type":"LineString",
    "coordinates":
    [[22.4157468, 44.692452], [22.415838400000002, 44.6925013],
     [22.4159633, 44.692629700000005], [22.4160122, 44.6927054],
     [22.4160271, 44.692772000000005], [22.4160335, 44.6929248],
     [22.4160314, 44.693006600000004],
     [22.4160484, 44.693112500000005],
     [22.4160846, 44.693177600000006], [22.416154900000002, 44.693282],
     [22.416348600000003, 44.6934863],
     [22.416452900000003, 44.6935847], [22.4166253, 44.693621],
     [22.4167339, 44.6936255], [22.4169215, 44.6936206],
     [22.416953200000002, 44.6935565], [22.4170085, 44.69352],
     [22.4170728, 44.6935172], [22.4171318, 44.693540000000006],
     [22.4172659, 44.6936869], [22.4174255, 44.6938728],
     [22.4177192, 44.694154000000005],
     [22.417838600000003, 44.694318900000006],
     [22.4179226, 44.6944729], [22.417995100000002, 44.694563],
     [22.418164100000002, 44.6947398],
     [22.4182919, 44.694808900000005],
     [22.4185333, 44.694904300000005],
     [22.418793400000002, 44.694974800000004],
     [22.419292300000002, 44.6950663],
     [22.4196893, 44.695102600000006], [22.41992, 44.6951655],
     [22.420095200000002, 44.695289], [22.420460000000002, 44.6957466],
     [22.420566400000002, 44.6958977],
     [22.420700500000002, 44.6960368],
     [22.420993300000003, 44.6962217],
     [22.421486400000003, 44.696395300000006],
     [22.421962100000002, 44.696753300000005],
     [22.422164300000002, 44.6971426],
     [22.422282600000003, 44.6972819],
     [22.4223435, 44.697302300000004],
     [22.422390800000002, 44.697304700000004],
     [22.422436400000002, 44.6972819],
     [22.422466800000002, 44.697250700000005],
     [22.4225445, 44.697153400000005],
     [22.4227367, 44.696940500000004],
     [22.4228597, 44.696854800000004], [22.4230635, 44.6967842],
     [22.423103700000002, 44.696759400000005],
     [22.4231467, 44.696660300000005],
     [22.423217400000002, 44.6964101], [22.4231976, 44.6962447],
     [22.4230993, 44.6960345], [22.422862300000002, 44.6957566],
     [22.422776900000002, 44.695684], [22.422637, 44.6955716],
     [22.4225727, 44.695453400000005], [22.4225539, 44.6953581],
     [22.4225539, 44.695258900000006],
     [22.4225244, 44.694934800000006],
     [22.422529800000003, 44.694763200000004],
     [22.4226004, 44.6945606], [22.4226746, 44.6942636],
     [22.4226853, 44.693867000000004], [22.422637, 44.6934648],
     [22.4226558, 44.693317900000004], [22.4226907, 44.6932264],
     [22.4227363, 44.6931882], [22.422806, 44.693165400000005],
     [22.4232969, 44.693277900000005],
     [22.423903000000003, 44.6934209], [22.4242946, 44.6934971],
     [22.424605800000002, 44.69348], [22.4249142, 44.6934819],
     [22.4251422, 44.693529500000004],
     [22.425287100000002, 44.6936058], [22.425378300000002, 44.693724],
     [22.425480200000003, 44.694008100000005],
     [22.425552600000003, 44.694195],
     [22.425643800000003, 44.694303700000006],
     [22.425815500000002, 44.694431400000006],
     [22.4260193, 44.6945496], [22.4264467, 44.6946941],
     [22.426768600000003, 44.6947093],
     [22.4272621, 44.694465300000005],
     [22.427433800000003, 44.6944195],
     [22.427628600000002, 44.6943933],
     [22.4277413, 44.694412400000004],
     [22.427808300000002, 44.6944791],
     [22.427958500000003, 44.6946126], [22.4285138, 44.6949996],
     [22.428653200000003, 44.6951121],
     [22.4287257, 44.695239900000004],
     [22.428795400000002, 44.6953771],
     [22.428902700000002, 44.6955163],
     [22.4290261, 44.695609700000006],
     [22.4292219, 44.695689800000004],
     [22.4298468, 44.695762300000005],
     [22.430034600000003, 44.6958119], [22.430225, 44.6958767],
     [22.430394, 44.696000600000005],
     [22.430477500000002, 44.696114900000005],
     [22.4307266, 44.6965268], [22.4309948, 44.696769],
     [22.4311879, 44.696942500000006], [22.4312872, 44.6969902],
     [22.4314079, 44.6969902], [22.4315259, 44.6969635],
     [22.4316144, 44.696910100000004],
     [22.4317083, 44.696814700000004],
     [22.431872300000002, 44.6967098],
     [22.4319524, 44.696660300000005],
     [22.4321267, 44.696660300000005], [22.4323118, 44.6966965],
     [22.4323976, 44.696797600000004],
     [22.432424400000002, 44.6968681], [22.4326051, 44.6970431],
     [22.4329287, 44.6971312], [22.4331754, 44.697156],
     [22.433467800000003, 44.697207500000005],
     [22.433679700000003, 44.697293300000005],
     [22.434162500000003, 44.6974706],
     [22.434755300000003, 44.6976117],
     [22.4351898, 44.697741400000005], [22.4353829, 44.6978443],
     [22.435568, 44.6980331], [22.4359059, 44.698279],
     [22.436176800000002, 44.698443000000005],
     [22.436477200000002, 44.6985821],
     [22.436766900000002, 44.6986222],
     [22.436994900000002, 44.6986641], [22.4371639, 44.698708],
     [22.437265800000002, 44.698784200000006],
     [22.4374457, 44.699090000000005],
     [22.437620300000003, 44.6991657], [22.4378417, 44.6991778],
     [22.4381823, 44.6991808], [22.438471800000002, 44.6991475],
     [22.438599500000002, 44.6990628], [22.4386464, 44.6988691],
     [22.4387145, 44.69863], [22.4388465, 44.6983304],
     [22.4389827, 44.6981216], [22.4390606, 44.6980978],
     [22.439212700000002, 44.6981216],
     [22.439429800000003, 44.6982184], [22.4397321, 44.6983334],
     [22.4399407, 44.6984757], [22.440196200000003, 44.6987571],
     [22.4406305, 44.6991778], [22.440851900000002, 44.6994653],
     [22.440932800000002, 44.6995803],
     [22.441132900000003, 44.699643900000005],
     [22.4413841, 44.699643900000005], [22.4415544, 44.6996045],
     [22.441763, 44.6994714], [22.441946100000003, 44.6992868],
     [22.4420994, 44.6991657], [22.4422314, 44.6991748],
     [22.4423634, 44.699250400000004],
     [22.442533700000002, 44.6993443], [22.4427764, 44.6994411],
     [22.4431376, 44.69944], [22.4439315, 44.6992417],
     [22.4447477, 44.6989024], [22.4448967, 44.6987753],
     [22.4450258, 44.698601100000005],
     [22.445190500000002, 44.6983818],
     [22.4455226, 44.698170000000005],
     [22.445982500000003, 44.6978219],
     [22.4461826, 44.697731100000006], [22.4464167, 44.6977069],
     [22.446808500000003, 44.697719], [22.446983000000003, 44.6976767],
     [22.4470724, 44.697604000000005], [22.447115, 44.6975193],
     [22.4471108, 44.6974103]]}},
  {"type":"Feature",
   "properties":{},
   "geometry":
   {"type":"LineString",
    "coordinates":
    [[22.4471108, 44.6974103], [22.446892700000003, 44.6969233],
     [22.4465743, 44.696538700000005], [22.4462166, 44.6962935],
     [22.445935600000002, 44.6961029], [22.4458445, 44.6959754],
     [22.445816, 44.6958301], [22.4457293, 44.6953077],
     [22.4457045, 44.695210800000005], [22.4455518, 44.6950876],
     [22.4453736, 44.695010200000006],
     [22.445027500000002, 44.6949144], [22.4447385, 44.694844],
     [22.4444619, 44.6947765], [22.4441977, 44.694670800000004],
     [22.4439169, 44.694518200000005], [22.4437435, 44.6943685],
     [22.4434256, 44.694010500000005],
     [22.4433018, 44.693887200000006], [22.4430541, 44.6937317],
     [22.4427816, 44.6936436], [22.442339800000003, 44.6935439],
     [22.4419146, 44.6933414], [22.4417371, 44.6932034],
     [22.441662800000003, 44.6930625],
     [22.441671000000003, 44.6927837], [22.4417577, 44.6925959],
     [22.4418852, 44.6923687], [22.4421293, 44.692114600000004],
     [22.442331600000003, 44.6919708], [22.4425917, 44.6918005],
     [22.442732000000003, 44.691665500000006],
     [22.443033500000002, 44.6913077],
     [22.443432100000003, 44.691027000000005],
     [22.4439473, 44.690760700000006], [22.444471, 44.6903914],
     [22.444769, 44.690173400000006], [22.4448414, 44.6900039],
     [22.444918, 44.689770900000006], [22.4448712, 44.689525700000004],
     [22.4448073, 44.6892805], [22.4447116, 44.6891248],
     [22.4446365, 44.6890428], [22.444599, 44.6889666],
     [22.4446043, 44.6888808], [22.4446526, 44.6887473],
     [22.444784000000002, 44.6886481],
     [22.4449316, 44.688598500000005],
     [22.4453071, 44.688494600000006],
     [22.445497500000002, 44.688320100000006],
     [22.4456558, 44.688143700000005], [22.4458355, 44.6880188],
     [22.446039300000002, 44.6878606], [22.446087600000002, 44.68777],
     [22.4460863, 44.6877033], [22.446034, 44.6875936],
     [22.445934700000002, 44.6874315], [22.4459106, 44.6873324],
     [22.4459133, 44.687242700000006],
     [22.445921300000002, 44.687139800000004],
     [22.445932000000003, 44.6870101],
     [22.445927100000002, 44.686952700000006],
     [22.445903700000002, 44.6869012],
     [22.445805800000002, 44.6868543],
     [22.445243700000002, 44.6867151], [22.445050000000002, 44.686647],
     [22.444098500000003, 44.6862938],
     [22.443741600000003, 44.6860142],
     [22.443349100000002, 44.6856008], [22.4432793, 44.685454],
     [22.443271300000003, 44.6853453],
     [22.4432927, 44.685242300000006],
     [22.443444300000003, 44.684960100000005],
     [22.4436173, 44.6845596],
     [22.443695100000003, 44.684376500000006],
     [22.4437058, 44.6842545], [22.443628, 44.6836786],
     [22.4435824, 44.6835527], [22.4435073, 44.683466900000006],
     [22.443300800000003, 44.6833029], [22.4432069, 44.6832457],
     [22.442641000000002, 44.6830836],
     [22.4425524, 44.683020600000006],
     [22.442254700000003, 44.682755500000006],
     [22.442195700000003, 44.682664],
     [22.442193000000003, 44.682599200000006],
     [22.4422225, 44.6825076], [22.442303000000003, 44.6823989],
     [22.4423566, 44.682334100000006],
     [22.4423566, 44.682276900000005],
     [22.442284200000003, 44.682210100000006],
     [22.442032100000002, 44.682067100000005],
     [22.441938200000003, 44.6819755],
     [22.441879200000002, 44.6818783], [22.4417666, 44.6815293],
     [22.441683400000002, 44.6812127],
     [22.441589500000003, 44.681008600000006],
     [22.4414447, 44.6808561], [22.4408734, 44.680547100000005],
     [22.4395671, 44.6797747], [22.4387732, 44.6791968],
     [22.438513, 44.678996600000005], [22.4383494, 44.6787544],
     [22.437957800000003, 44.6779838],
     [22.437689600000002, 44.6775585],
     [22.437491100000003, 44.6773602],
     [22.437155800000003, 44.6771485], [22.4369547, 44.6769635],
     [22.4369067, 44.676880000000004],
     [22.436898300000003, 44.6767784],
     [22.4369574, 44.676639200000004],
     [22.4370298, 44.676526700000004],
     [22.435928500000003, 44.6761269],
     [22.4356142, 44.676057300000004],
     [22.435286400000003, 44.6760068],
     [22.4348911, 44.676004400000004],
     [22.434377400000002, 44.675990000000006],
     [22.4341408, 44.6759828], [22.43408, 44.6759659],
     [22.4340267, 44.6759179], [22.4340192, 44.6758794],
     [22.4340544, 44.675780200000005],
     [22.434199200000002, 44.6754048], [22.4342055, 44.6752988],
     [22.4341587, 44.675217], [22.4340629, 44.6751262],
     [22.4339522, 44.675052], [22.43385, 44.6749809],
     [22.4337862, 44.6749006], [22.4337492, 44.674793300000005],
     [22.433709200000003, 44.6745335], [22.4337063, 44.6740769],
     [22.4337789, 44.673721], [22.433888900000003, 44.6734902],
     [22.434015000000002, 44.6733472],
     [22.4340847, 44.673257500000005],
     [22.434092800000002, 44.6731526],
     [22.434122300000002, 44.673074400000004],
     [22.4342846, 44.6729458], [22.4349725, 44.672473600000004],
     [22.4352434, 44.672168400000004],
     [22.4353641, 44.671922300000006], [22.435399, 44.671661],
     [22.435536600000002, 44.671118500000006],
     [22.435551, 44.670661700000004], [22.4355382, 44.6705285],
     [22.4355382, 44.670449700000006], [22.4355851, 44.6702347],
     [22.4357143, 44.6699034], [22.435998100000003, 44.6694717],
     [22.436245000000003, 44.669262800000006],
     [22.4363472, 44.6691598], [22.4363813, 44.6690659],
     [22.436400900000002, 44.6689572], [22.4363174, 44.6682605],
     [22.4363855, 44.668060600000004], [22.4364579, 44.6679304],
     [22.4364664, 44.6678305], [22.4364665, 44.6677258],
     [22.436418200000002, 44.667538900000004],
     [22.4362305, 44.6672451], [22.4360454, 44.6671135],
     [22.4359006, 44.6670219], [22.4358228, 44.666957000000004],
     [22.4357799, 44.6669113], [22.435737000000003, 44.6668311],
     [22.4357557, 44.6667434], [22.4364281, 44.666192300000006],
     [22.436734700000002, 44.6660204], [22.4372551, 44.6657591],
     [22.4373651, 44.6656637],
     [22.437382500000002, 44.665620700000005],
     [22.4373946, 44.6655912], [22.4373311, 44.6650489],
     [22.437338200000003, 44.664906300000006],
     [22.4371505, 44.6645744], [22.4370915, 44.664364600000006],
     [22.4370747, 44.6641625], [22.4372669, 44.6633427],
     [22.4374031, 44.6628218], [22.4373605, 44.6625432],
     [22.4374241, 44.662254600000004], [22.4375743, 44.6620677],
     [22.4378908, 44.6617624]]}},
  {"type":"Feature",
   "properties":{},
   "geometry":
   {"type":"LineString",
    "coordinates":
    [[22.4378908, 44.6617624], [22.4382126, 44.661606000000006],
     [22.438806300000003, 44.661325100000006],
     [22.439307000000003, 44.661171], [22.4395913, 44.661006900000004],
     [22.4400902, 44.660896300000005],
     [22.440336900000002, 44.6608047],
     [22.4404764, 44.660621600000006], [22.440669500000002, 44.66024],
     [22.4411667, 44.6594325], [22.441208300000003, 44.6591558],
     [22.4412229, 44.6590342],
     [22.441299400000002, 44.658799300000005], [22.441389, 44.6587076],
     [22.441584300000002, 44.658662400000004],
     [22.442248600000003, 44.658565100000004],
     [22.4427509, 44.6582291]]}},
  {"type":"Feature",
   "properties":{},
   "geometry":
   {"type":"LineString",
    "coordinates":
    [[22.4427509, 44.6582291], [22.4445212, 44.6576377],
     [22.4452776, 44.6573324], [22.446059, 44.6568683],
     [22.4463504, 44.656576900000005],
     [22.446414800000003, 44.656275400000006],
     [22.4463773, 44.6560426], [22.446232400000003, 44.6557717],
     [22.4457586, 44.655403], [22.445588700000002, 44.6538255],
     [22.4456299, 44.653021800000005],
     [22.445492100000003, 44.652501400000006],
     [22.445567200000003, 44.6521999], [22.445696, 44.652020500000006],
     [22.4462736, 44.651709000000004]]}},
  {"type":"Feature",
   "properties":{},
   "geometry":
   {"type":"LineString",
    "coordinates":
    [[22.4462736, 44.651709000000004],
     [22.447430200000003, 44.6512526], [22.4482944, 44.6510162],
     [22.4486691, 44.6508223], [22.4489203, 44.650683],
     [22.449205600000003, 44.6506254], [22.4495906, 44.6505474],
     [22.4498187, 44.6504709], [22.449987500000002, 44.6503681],
     [22.450365700000003, 44.6499311],
     [22.450513200000003, 44.6498338], [22.4506608, 44.6497498],
     [22.450821700000002, 44.6496754],
     [22.4509639, 44.649644900000006],
     [22.451165000000003, 44.649633400000006]]}},
  {"type":"Feature",
   "properties":{},
   "geometry":
   {"type":"LineString",
    "coordinates":
    [[22.451165000000003, 44.649633400000006], [22.4514949, 44.649061],
     [22.451672000000002, 44.6488263], [22.4517685, 44.6484332],
     [22.4517953, 44.6477348], [22.452047500000003, 44.6465307],
     [22.4522218, 44.6461204],
     [22.452364000000003, 44.645618500000005],
     [22.452331800000003, 44.645166200000006],
     [22.452254, 44.644805600000005], [22.4521145, 44.644462100000005],
     [22.4517658, 44.6439583], [22.4514976, 44.6436434],
     [22.451272300000003, 44.6432293], [22.4511328, 44.6429449],
     [22.451076500000003, 44.6426262],
     [22.4510577, 44.642219700000005],
     [22.451063100000002, 44.641794100000006],
     [22.4510229, 44.6415384], [22.4507368, 44.640961600000004],
     [22.450639300000002, 44.6407521], [22.4506018, 44.6405861],
     [22.450650000000003, 44.640464],
     [22.451065800000002, 44.640015500000004],
     [22.4512374, 44.639796000000004],
     [22.4514235, 44.639465300000005], [22.4516183, 44.6388589],
     [22.451594200000002, 44.6385416], [22.4515984, 44.638075],
     [22.451692100000002, 44.6377023], [22.4518965, 44.6373661],
     [22.452420200000002, 44.6366935],
     [22.452530900000003, 44.6362845],
     [22.452257600000003, 44.636001400000005],
     [22.452132600000002, 44.6358259],
     [22.4520616, 44.635628700000005],
     [22.452078500000002, 44.6354339],
     [22.4522644, 44.635142900000005], [22.4522914, 44.6350131],
     [22.452190100000003, 44.6348688],
     [22.451554700000003, 44.634246000000005],
     [22.451230300000002, 44.6338444],
     [22.4509465, 44.633279200000004], [22.4508045, 44.6327213],
     [22.450777600000002, 44.632414100000005], [22.4507167, 44.63187],
     [22.4507572, 44.6312519],
     [22.450733600000003, 44.630583400000006],
     [22.4506915, 44.630424700000006],
     [22.450755400000002, 44.6301186],
     [22.451002300000003, 44.629697400000005],
     [22.4518539, 44.6285096], [22.4520966, 44.628058200000005],
     [22.452453400000003, 44.6268526],
     [22.452479800000003, 44.626403700000004],
     [22.4531993, 44.624664300000006],
     [22.453510100000003, 44.6242188], [22.4536847, 44.6240037],
     [22.453723, 44.6238734], [22.4536847, 44.623727900000006],
     [22.453493100000003, 44.6230915],
     [22.4534378, 44.622594500000005],
     [22.453476100000003, 44.622279400000004],
     [22.453582500000003, 44.6219915],
     [22.454170100000002, 44.6213763], [22.4544128, 44.6210308],
     [22.454817300000002, 44.620288300000006],
     [22.455094000000003, 44.619921600000005],
     [22.4554943, 44.6195761], [22.456018, 44.619330600000005],
     [22.456588500000002, 44.619194300000004],
     [22.456844, 44.619121500000006], [22.4570994, 44.618982100000004],
     [22.457397500000003, 44.6187154],
     [22.457661400000003, 44.6184275], [22.4578956, 44.6179805]]}},
  {"type":"Feature",
   "properties":{},
   "geometry":
   {"type":"LineString",
    "coordinates":
    [[22.4578956, 44.6179805], [22.458705300000002, 44.6177341],
     [22.4587493, 44.617704700000004], [22.459256, 44.6175244],
     [22.4594795, 44.617385000000006], [22.4598207, 44.6170637],
     [22.4600717, 44.616799]]}},
  {"type":"Feature",
   "properties":{},
   "geometry":
   {"type":"LineString",
    "coordinates":
    [[22.4600717, 44.616799], [22.460180400000002, 44.6168491],
     [22.460352, 44.6168338], [22.460690000000003, 44.616717300000005],
     [22.46123, 44.616564000000004], [22.4618107, 44.616416],
     [22.4622128, 44.6163394], [22.4625032, 44.6162056],
     [22.4629082, 44.616144600000005],
     [22.4634044, 44.616213300000005],
     [22.463551900000002, 44.6162037], [22.4640884, 44.6163431],
     [22.4647723, 44.616484400000004],
     [22.465249800000002, 44.6164901], [22.4657218, 44.6165608],
     [22.4661483, 44.6168071], [22.4667464, 44.616973200000004],
     [22.467213100000002, 44.617095400000004],
     [22.4673848, 44.6173207], [22.4675538, 44.6174753],
     [22.467712000000002, 44.6178132],
     [22.467832700000002, 44.6181913], [22.468224300000003, 44.618428],
     [22.4686723, 44.618638000000004],
     [22.469117500000003, 44.618790700000005],
     [22.469452800000003, 44.6187831],
     [22.4697907, 44.618708600000005],
     [22.4702306, 44.618655200000006],
     [22.4707912, 44.618653300000005],
     [22.471223000000002, 44.618731600000004],
     [22.4713679, 44.6187831],
     [22.471542200000002, 44.618996900000006],
     [22.4714886, 44.6193444], [22.4714591, 44.619539100000004],
     [22.4715154, 44.619785400000005], [22.471679, 44.6199859],
     [22.4717568, 44.6202169],
     [22.471689700000002, 44.620356300000005],
     [22.4718936, 44.620686500000005],
     [22.472204700000002, 44.620961400000006],
     [22.4722879, 44.621259300000006],
     [22.472277100000003, 44.6214444],
     [22.472615100000002, 44.6218492],
     [22.4728619, 44.622064900000005],
     [22.4731945, 44.621900700000005],
     [22.473798000000002, 44.6218969], [22.4742807, 44.6219198],
     [22.474610700000003, 44.622036300000005],
     [22.4750666, 44.622034400000004], [22.4754368, 44.6220153],
     [22.4757828, 44.622168], [22.476043, 44.622364600000004],
     [22.476735, 44.622557400000005], [22.4773707, 44.6227083],
     [22.478001000000003, 44.622912500000005],
     [22.4784623, 44.6229965], [22.4788298, 44.6230958],
     [22.4792455, 44.623458500000005],
     [22.480345200000002, 44.6241648], [22.4805974, 44.6245333],
     [22.480962100000003, 44.6250487], [22.481335, 44.6255584],
     [22.48152, 44.6260356], [22.481447600000003, 44.6262437],
     [22.481554900000003, 44.626642700000005],
     [22.481691700000002, 44.627022600000004],
     [22.481769500000002, 44.6272268], [22.481976000000003, 44.627433],
     [22.4823166, 44.6275933], [22.482668, 44.6278911],
     [22.482901400000003, 44.628064800000004], [22.4831964, 44.628208],
     [22.4838026, 44.628355000000006],
     [22.4843122, 44.628490500000005],
     [22.4846475, 44.628568800000004],
     [22.484867400000002, 44.628761600000004],
     [22.4849989, 44.6290021], [22.484958600000002, 44.6293628],
     [22.4848621, 44.629765600000006], [22.4848433, 44.6301855],
     [22.4846797, 44.630464200000006], [22.4844571, 44.6306437],
     [22.484218300000002, 44.6308135],
     [22.484140500000002, 44.631202900000005],
     [22.4842559, 44.6313862], [22.484609900000002, 44.6314453],
     [22.484870100000002, 44.6316038],
     [22.485503100000003, 44.631788900000004],
     [22.4859832, 44.6319512],
     [22.486109300000003, 44.632269900000004],
     [22.4863292, 44.632655500000006],
     [22.4866135, 44.632917000000006],
     [22.4869971, 44.633081100000005],
     [22.4872546, 44.633065900000005],
     [22.4877508, 44.632901700000005], [22.4883221, 44.6326784],
     [22.4887084, 44.632573400000005],
     [22.489086500000003, 44.6325944], [22.4895667, 44.6326918],
     [22.4898993, 44.632693700000004], [22.4904411, 44.6326192],
     [22.4910955, 44.632626900000005], [22.4918036, 44.6327147],
     [22.492391, 44.632844500000004], [22.4928443, 44.632959],
     [22.493160800000002, 44.633209], [22.4936034, 44.6333636],
     [22.494361100000003, 44.6335221],
     [22.494860000000003, 44.6335908], [22.495038, 44.6336335],
     [22.495165800000002, 44.6337053],
     [22.495397500000003, 44.6338731]]}},
  {"type":"Feature",
   "properties":{},
   "geometry":
   {"type":"LineString",
    "coordinates":
    [[22.495397500000003, 44.6338731], [22.4954061, 44.6339252],
     [22.4955061, 44.634078], [22.495564700000003, 44.634350700000006],
     [22.4956184, 44.634449700000005],
     [22.4959455, 44.634837000000005], [22.4966948, 44.6352799]]}},
  {"type":"Feature",
   "properties":{},
   "geometry":
   {"type":"LineString",
    "coordinates":
    [[22.4966948, 44.6352799], [22.496949400000002, 44.6354498],
     [22.4972445, 44.6357781], [22.497357100000002, 44.6360529],
     [22.497448300000002, 44.6368087],
     [22.497448300000002, 44.6370626], [22.497502, 44.637362200000005],
     [22.497974000000003, 44.637652300000006],
     [22.498371000000002, 44.6379043],
     [22.498746500000003, 44.6381218],
     [22.499191800000002, 44.6380837], [22.4998355, 44.6380417],
     [22.5003183, 44.638102800000006], [22.5006133, 44.6382173],
     [22.5009298, 44.638599], [22.500785, 44.638789800000005],
     [22.5008118, 44.6392364], [22.5011176, 44.6395532],
     [22.5016272, 44.6401716], [22.5017721, 44.640538],
     [22.501820300000002, 44.640919700000005],
     [22.5019759, 44.6412022], [22.5023836, 44.6414235],
     [22.502850300000002, 44.6416716],
     [22.503134600000003, 44.642007500000005],
     [22.5032204, 44.642362500000004], [22.5032955, 44.6430037],
     [22.5037032, 44.6434426], [22.503880300000002, 44.6436793],
     [22.503907100000003, 44.643973200000005],
     [22.503622800000002, 44.6443281], [22.502979, 44.644923500000004],
     [22.5028878, 44.6451372], [22.502957600000002, 44.6454006],
     [22.5028878, 44.645969300000004],
     [22.502700100000002, 44.6463929],
     [22.5028557, 44.646824200000005], [22.5030059, 44.6472631],
     [22.5031614, 44.6477172], [22.503488700000002, 44.6483355],
     [22.5037354, 44.648793500000004],
     [22.503982200000003, 44.6492056],
     [22.504347000000003, 44.6495911], [22.5047278, 44.6498888],
     [22.5048673, 44.650148300000005], [22.5052053, 44.6504192],
     [22.5055808, 44.650850500000004],
     [22.505950900000002, 44.651346600000004],
     [22.5062299, 44.6516595],
     [22.506648300000002, 44.651884700000004],
     [22.507420800000002, 44.6519877],
     [22.507946500000003, 44.6521556], [22.5084132, 44.6524609],
     [22.5088638, 44.6528082],
     [22.508944300000003, 44.653105800000006],
     [22.509067700000003, 44.653201200000005],
     [22.5090945, 44.6533462], [22.5092554, 44.653670600000005],
     [22.509325200000003, 44.6540942], [22.5094271, 44.6545903],
     [22.5095773, 44.6549185], [22.5097704, 44.6551932],
     [22.5102693, 44.6554641], [22.5103498, 44.655632000000004],
     [22.5105161, 44.655742700000005], [22.5105858, 44.6559259],
     [22.510736, 44.6562197], [22.511031000000003, 44.656475400000005],
     [22.511272400000003, 44.656815], [22.5113744, 44.657055400000004],
     [22.5115997, 44.657444600000005],
     [22.512152200000003, 44.657971200000006],
     [22.5125116, 44.6584291], [22.5125706, 44.658661800000004],
     [22.512731600000002, 44.658803000000006],
     [22.512924700000003, 44.6588335],
     [22.513257300000003, 44.658940400000006], [22.5134611, 44.65928],
     [22.5137293, 44.659379200000004],
     [22.5138259, 44.659547100000005],
     [22.514271100000002, 44.659642500000004],
     [22.5143355, 44.6597455], [22.5139546, 44.660398],
     [22.514013700000003, 44.6608444],
     [22.5139761, 44.661000800000004],
     [22.5140673, 44.661115300000006],
     [22.5143033, 44.661267900000006],
     [22.5140941, 44.661905100000006],
     [22.5143033, 44.662721600000005], [22.5145716, 44.6629735],
     [22.514771, 44.6631829]]}},
  {"type":"Feature",
   "properties":{},
   "geometry":
   {"type":"LineString",
    "coordinates":
    [[22.514771, 44.6631829], [22.514640500000002, 44.663391100000005],
     [22.514604000000002, 44.6635155], [22.5144513, 44.6636931],
     [22.5143574, 44.663851400000006],
     [22.5142652, 44.663941900000005],
     [22.513975700000003, 44.664152300000005],
     [22.5137219, 44.664273800000004], [22.5136258, 44.6643198],
     [22.5135781, 44.664357100000004], [22.5135511, 44.6643933],
     [22.5133857, 44.66471], [22.513094600000002, 44.6650731],
     [22.5130565, 44.665142100000004], [22.512996, 44.6652914],
     [22.512921300000002, 44.6654283],
     [22.5128768, 44.665553900000006],
     [22.512860800000002, 44.6656647],
     [22.5128704, 44.665766500000004],
     [22.512895800000003, 44.665863800000004],
     [22.512997600000002, 44.666073100000006],
     [22.5130565, 44.666228000000004], [22.5130962, 44.6663672],
     [22.5130962, 44.6664362], [22.5130771, 44.6665221],
     [22.5130024, 44.6667574], [22.5129133, 44.6669847],
     [22.512869300000002, 44.6671713],
     [22.512818900000003, 44.6673704],
     [22.512776900000002, 44.667474000000006],
     [22.512709700000002, 44.667573600000004],
     [22.5126369, 44.667655200000006], [22.5125193, 44.6677667],
     [22.5121217, 44.668029600000004], [22.5118137, 44.6682646],
     [22.5116905, 44.668386000000005],
     [22.511656900000002, 44.668441800000004],
     [22.5115981, 44.668646900000006],
     [22.511553300000003, 44.6687226],
     [22.511423100000002, 44.6688928], [22.5113321, 44.6690471],
     [22.5113041, 44.6691148], [22.5112789, 44.669218400000005],
     [22.5112621, 44.669435400000005],
     [22.511273300000003, 44.6697282], [22.5113293, 44.6700567],
     [22.5113293, 44.670102500000006], [22.5113153, 44.6701702],
     [22.5112901, 44.6702339], [22.5112537, 44.670273800000004],
     [22.5111893, 44.6703235], [22.5109233, 44.6704888],
     [22.510872900000003, 44.6705306],
     [22.510741300000003, 44.670666000000004],
     [22.510592900000002, 44.670805400000006],
     [22.5105201, 44.670889100000004],
     [22.5104949, 44.670934900000006],
     [22.5104837, 44.670970700000005], [22.5104809, 44.6710026],
     [22.5104949, 44.6710324], [22.5107161, 44.671229600000004],
     [22.5109597, 44.671492400000005], [22.5110521, 44.6715601],
     [22.511141700000003, 44.671613900000004],
     [22.5112005, 44.671643700000004],
     [22.511284500000002, 44.6716716],
     [22.511379700000003, 44.671695500000006],
     [22.5116009, 44.6717353], [22.5119285, 44.671781100000004],
     [22.512230900000002, 44.671854800000006],
     [22.512379300000003, 44.6718926],
     [22.5124549, 44.671898600000006], [22.5125949, 44.6718867],
     [22.5126789, 44.6718926], [22.5127825, 44.6719066],
     [22.5132753, 44.672032], [22.5133341, 44.67204],
     [22.5133985, 44.672042000000005],
     [22.5134489, 44.672034000000004], [22.5135049, 44.6720181],
     [22.513566500000003, 44.6719882], [22.5141321, 44.6716338],
     [22.5143869, 44.6715223], [22.5145185, 44.6714804],
     [22.514764900000003, 44.6714068],
     [22.515028100000002, 44.6713749],
     [22.515308100000002, 44.6713291], [22.5154985, 44.6712853],
     [22.515666500000002, 44.6712415],
     [22.515814900000002, 44.6711838],
     [22.5160725, 44.671072200000005],
     [22.516346900000002, 44.6709229], [22.5164449, 44.6708791],
     [22.5165989, 44.6708413], [22.5167025, 44.6707915],
     [22.5170749, 44.670586400000005], [22.5176377, 44.6703454],
     [22.5178309, 44.670273800000004], [22.5180019, 44.67025]]}},
  {"type":"Feature",
   "properties":{},
   "geometry":
   {"type":"LineString",
    "coordinates":[[22.5180019, 44.67025], [22.51839, 44.6699725]]}},
  {"type":"Feature",
   "properties":{},
   "geometry":
   {"type":"LineString",
    "coordinates":
    [[22.51839, 44.6699725], [22.5203248, 44.668589000000004],
     [22.5206582, 44.668374400000005]]}},
  {"type":"Feature",
   "properties":{},
   "geometry":
   {"type":"LineString",
    "coordinates":
    [[22.5206582, 44.668374400000005],
     [22.521038500000003, 44.6681297],
     [22.5211024, 44.668088600000004],
     [22.521442500000003, 44.6678682],
     [22.521952600000002, 44.6675376],
     [22.5224468, 44.667217300000004]]}},
  {"type":"Feature",
   "properties":{},
   "geometry":
   {"type":"LineString",
    "coordinates":
    [[22.5224468, 44.667217300000004], [22.5227603, 44.6670188],
     [22.5231321, 44.666797300000006], [22.5232776, 44.6667106]]}}]}
