{"type":"FeatureCollection",
 "properties":{},
 "features":
 [{"type":"Feature",
   "properties":{},
   "geometry":
   {"type":"LineString",
    "coordinates":
    [[20.886953000000002, 43.3886629], [20.8869249, 43.3886716],
     [20.886884600000002, 43.388670700000006],
     [20.8868042, 43.3886521], [20.886754500000002, 43.38862],
     [20.8867049, 43.3885732], [20.8866781, 43.3885099],
     [20.8866768, 43.388405600000006], [20.8866781, 43.388235],
     [20.886640500000002, 43.3879962],
     [20.886627100000002, 43.3879017], [20.8866258, 43.3877857],
     [20.8866459, 43.3876044], [20.886656600000002, 43.3874699],
     [20.8866915, 43.3873491], [20.8867304, 43.3872165],
     [20.8867693, 43.387154200000005], [20.8868082, 43.3870957],
     [20.886831, 43.387041100000005],
     [20.886832300000002, 43.386986500000006],
     [20.8868256, 43.3869446], [20.8867961, 43.3869173],
     [20.8867452, 43.386893], [20.8866164, 43.3868637],
     [20.8864997, 43.3868335], [20.8864193, 43.386805300000006],
     [20.886308, 43.3867867], [20.8861738, 43.386776000000005],
     [20.8860692, 43.386780900000005],
     [20.8859941, 43.386795500000005], [20.885907, 43.386819900000006],
     [20.8858131, 43.386852000000005], [20.8857152, 43.386893],
     [20.885574400000003, 43.386955400000005],
     [20.8854443, 43.3870226], [20.8852847, 43.3871054],
     [20.885189500000003, 43.387161000000006],
     [20.885121100000003, 43.3872165], [20.8850607, 43.387278],
     [20.8849896, 43.387359800000006],
     [20.884928000000002, 43.3874456],
     [20.8848917, 43.387516700000006],
     [20.884834100000003, 43.3875918], [20.884767, 43.387645400000004],
     [20.8846892, 43.3876883], [20.884594, 43.3877204],
     [20.884458600000002, 43.387760400000005],
     [20.8843137, 43.3878052], [20.884182300000003, 43.3878442],
     [20.8840992, 43.3878842], [20.884029400000003, 43.3879387],
     [20.883965, 43.387998200000006], [20.883894, 43.388093700000006],
     [20.883849700000003, 43.3881444], [20.88378, 43.388195100000004],
     [20.883687400000003, 43.388231100000006],
     [20.883556000000002, 43.3882496],
     [20.883421900000002, 43.388253500000005],
     [20.8832945, 43.388234000000004], [20.883151, 43.388192100000005],
     [20.8830142, 43.388143400000004],
     [20.8827594, 43.388049800000005],
     [20.8824362, 43.387919200000006],
     [20.8822887, 43.387860800000006], [20.8821841, 43.3878159],
     [20.8822109, 43.3878013], [20.8822538, 43.387782800000004],
     [20.882330200000002, 43.387774], [20.8824389, 43.387768200000004],
     [20.8825596, 43.3877643], [20.8826481, 43.3877565],
     [20.8827125, 43.3877487], [20.8827782, 43.387726300000004],
     [20.8828506, 43.387689200000004], [20.8829056, 43.3876464],
     [20.8830598, 43.387546900000004], [20.8831725, 43.3874894],
     [20.883263600000003, 43.3874378], [20.8833294, 43.3873861],
     [20.883421900000002, 43.3873052],
     [20.8836499, 43.387107400000005],
     [20.8837759, 43.386994300000005], [20.8838122, 43.3869485],
     [20.883836300000002, 43.3869027],
     [20.883833600000003, 43.3868628],
     [20.8838283, 43.386820900000004],
     [20.883794700000003, 43.3867546],
     [20.883765200000003, 43.3866815],
     [20.883747800000002, 43.3866474],
     [20.8837183, 43.386625900000006],
     [20.883686100000002, 43.3866172], [20.8836432, 43.3866123],
     [20.8835909, 43.3866181], [20.883513100000002, 43.3866298],
     [20.883396400000002, 43.386651300000004],
     [20.883269000000002, 43.386667800000005],
     [20.8831698, 43.3866815],
     [20.883079900000002, 43.386685400000005],
     [20.8830236, 43.3866834],
     [20.882947100000003, 43.386672700000005],
     [20.8827849, 43.3866318],
     [20.882617200000002, 43.386579100000006],
     [20.8825153, 43.3865421], [20.8824255, 43.386503100000006],
     [20.8823638, 43.386464100000005],
     [20.8822833, 43.386410500000004],
     [20.8821747, 43.386341300000005], [20.8820848, 43.3862741],
     [20.8819655, 43.3862146], [20.88183, 43.3861562],
     [20.8817147, 43.3861026], [20.881539, 43.3860499],
     [20.8812761, 43.3859554], [20.881142, 43.385894],
     [20.8810307, 43.3858374], [20.8809274, 43.3857712],
     [20.880826900000002, 43.3857166],
     [20.880706200000002, 43.385659100000005],
     [20.880564, 43.385599600000006], [20.880259600000002, 43.3854983],
     [20.880049, 43.3854125], [20.879881400000002, 43.3853511],
     [20.8797526, 43.3853043], [20.879686900000003, 43.3852751],
     [20.879648, 43.385251700000005], [20.879611800000003, 43.3852166],
     [20.879594400000002, 43.3851893],
     [20.879598400000003, 43.3851688],
     [20.879644000000003, 43.3851571],
     [20.879699000000002, 43.385163000000006],
     [20.8798157, 43.385183500000004],
     [20.879933700000002, 43.3851961],
     [20.880179100000003, 43.3852156],
     [20.880429900000003, 43.3852458], [20.8805868, 43.3852653],
     [20.880843000000002, 43.3852829], [20.8811018, 43.3852829],
     [20.8813244, 43.3852751], [20.8815148, 43.3852488],
     [20.8816597, 43.3852117], [20.8817898, 43.3851737],
     [20.8819373, 43.385116200000006], [20.882072700000002, 43.385047],
     [20.8822082, 43.384962200000004],
     [20.882323500000002, 43.3848745],
     [20.8823946, 43.384802400000005], [20.8824255, 43.3847176],
     [20.882421400000002, 43.384645500000005],
     [20.882434800000002, 43.3845655],
     [20.8824831, 43.384495400000006],
     [20.8825301, 43.384436900000004],
     [20.8826132, 43.384341400000004],
     [20.882728500000002, 43.3841854],
     [20.882806300000002, 43.384087900000004],
     [20.8828895, 43.383987600000005],
     [20.882956500000002, 43.383931000000004],
     [20.8830464, 43.383874500000005],
     [20.883141600000002, 43.383818000000005],
     [20.883223400000002, 43.3837488], [20.8832677, 43.3836815],
     [20.8833428, 43.383533400000005],
     [20.883400400000003, 43.3834437], [20.8834635, 43.3833774],
     [20.883493, 43.3833277], [20.8835225, 43.383270200000005],
     [20.8835453, 43.3831873], [20.883556000000002, 43.3831289],
     [20.883566700000003, 43.3830353], [20.8836029, 43.3829398],
     [20.883651200000003, 43.3828462], [20.8837008, 43.3827585],
     [20.8837666, 43.382649300000004],
     [20.883790700000002, 43.3825918],
     [20.883810800000003, 43.3825021], [20.883822900000002, 43.382392],
     [20.883861800000002, 43.3821766],
     [20.8839034, 43.381973900000006],
     [20.8839194, 43.381893000000005],
     [20.883911400000002, 43.3818228], [20.8838966, 43.3817545],
     [20.8838604, 43.381686300000005], [20.8838055, 43.3816259],
     [20.8836982, 43.3815723], [20.883562700000002, 43.3815187],
     [20.8834206, 43.3814836], [20.8832945, 43.3814475],
     [20.883232800000002, 43.381411400000005],
     [20.883171100000002, 43.3813617],
     [20.8831121, 43.381291600000004],
     [20.8828761, 43.380939700000006]]}},
  {"type":"Feature",
   "properties":{},
   "geometry":
   {"type":"LineString",
    "coordinates":
    [[20.8828761, 43.380939700000006], [20.8825408, 43.3811327],
     [20.8823155, 43.3812506], [20.882186700000002, 43.3813072],
     [20.8820784, 43.3813386], [20.8819996, 43.3813571]]}},
  {"type":"Feature",
   "properties":{},
   "geometry":
   {"type":"LineString",
    "coordinates":
    [[20.8819996, 43.3813571],
     [20.882001000000002, 43.381368300000005],
     [20.881995, 43.381379300000006], [20.8819158, 43.3814319],
     [20.8816986, 43.381531300000006],
     [20.8814424, 43.381639500000006], [20.8812426, 43.3817253],
     [20.8810696, 43.3817643], [20.8809355, 43.3817711],
     [20.8807504, 43.3817828], [20.880464800000002, 43.3818004],
     [20.8803199, 43.3818111], [20.880179100000003, 43.3818384],
     [20.8799551, 43.381873500000005], [20.879821, 43.381893000000005],
     [20.8796816, 43.3818959],
     [20.879564900000002, 43.381878300000004], [20.8793919, 43.381852],
     [20.8792323, 43.3818276], [20.8790714, 43.381812100000005],
     [20.8789064, 43.3817965], [20.8787334, 43.3817779],
     [20.878561700000002, 43.381742800000005],
     [20.8784196, 43.381718500000005], [20.8783475, 43.3817102],
     [20.8783096, 43.381705800000006], [20.878083, 43.381703900000005],
     [20.8778764, 43.381700900000006], [20.8777423, 43.3817068],
     [20.8775868, 43.381694100000004], [20.8774459, 43.3816688],
     [20.8772448, 43.3816122], [20.8770449, 43.3815693],
     [20.8767673, 43.381475800000004],
     [20.876448200000002, 43.381359800000006],
     [20.876253700000003, 43.381312], [20.8760954, 43.381283800000006],
     [20.875939900000002, 43.381266200000006],
     [20.8757521, 43.381254500000004],
     [20.875601900000003, 43.381227200000005], [20.8754168, 43.381196],
     [20.8752345, 43.3811619], [20.875046700000002, 43.3811307],
     [20.8748656, 43.381123900000006],
     [20.874656400000003, 43.381123900000006],
     [20.8742984, 43.381160900000005],
     [20.873941600000002, 43.381199900000006],
     [20.8736989, 43.381232100000005], [20.873483, 43.3812457],
     [20.8731665, 43.381275], [20.8730002, 43.381281800000004],
     [20.8728808, 43.3812945],
     [20.872791000000003, 43.381313000000006],
     [20.872533500000003, 43.3813861],
     [20.8722867, 43.381450400000006],
     [20.8720198, 43.381522600000004],
     [20.8718441, 43.381563500000006],
     [20.8717675, 43.381579200000004],
     [20.8716872, 43.381578100000006],
     [20.871578600000003, 43.381561600000005],
     [20.871404300000002, 43.381544000000005],
     [20.8712473, 43.3815177], [20.8711182, 43.3814988],
     [20.870987200000002, 43.3814797],
     [20.870717600000003, 43.3814348],
     [20.870460100000003, 43.3813617], [20.8701396, 43.3812214],
     [20.8699009, 43.3811395],
     [20.869439500000002, 43.380957200000005],
     [20.868842700000002, 43.380745700000006],
     [20.8685276, 43.3806365], [20.8683224, 43.380582000000004],
     [20.868138700000003, 43.3805556], [20.8679737, 43.3805215],
     [20.8678275, 43.3804816], [20.8676344, 43.380438700000006],
     [20.8674587, 43.3804406], [20.867284400000003, 43.3804591],
     [20.867124800000003, 43.3804864],
     [20.866915600000002, 43.3805556],
     [20.8666889, 43.380611200000004], [20.8663899, 43.380656],
     [20.8661163, 43.3807291], [20.8657797, 43.380812000000006],
     [20.865530200000002, 43.380890900000004]]}},
  {"type":"Feature",
   "properties":{},
   "geometry":
   {"type":"LineString",
    "coordinates":
    [[20.860046500000003, 43.377242700000004],
     [20.860065900000002, 43.3772479], [20.860084, 43.3772551],
     [20.860109700000002, 43.377270700000004],
     [20.8601296, 43.377290200000004], [20.8601798, 43.377333],
     [20.8602354, 43.3773721], [20.8602959, 43.3774072],
     [20.8603914, 43.377455700000006],
     [20.8604917, 43.377498800000005], [20.8605671, 43.3775132],
     [20.8606406, 43.3775321],
     [20.860711600000002, 43.377555400000006],
     [20.8607795, 43.377582700000005], [20.860844, 43.3776139],
     [20.8609048, 43.377648900000004], [20.8612347, 43.3778517],
     [20.8612891, 43.377908600000005],
     [20.8613366, 43.377968700000004], [20.8613795, 43.3780364],
     [20.861413600000002, 43.378106800000005],
     [20.861438500000002, 43.378179200000005],
     [20.8614676, 43.3782404], [20.8615034, 43.3782997],
     [20.861545800000002, 43.378356600000004],
     [20.861592700000003, 43.378406500000004],
     [20.8616463, 43.3784526], [20.8617059, 43.3784946],
     [20.861771100000002, 43.3785321],
     [20.861869600000002, 43.3785849], [20.8619726, 43.3786331],
     [20.8620796, 43.3786763], [20.8621944, 43.3787158],
     [20.862312600000003, 43.3787497],
     [20.862433600000003, 43.3787777],
     [20.862932500000003, 43.3789005],
     [20.862995400000003, 43.378902100000005], [20.8630569, 43.378912],
     [20.863114900000003, 43.3789298], [20.863157, 43.3789491],
     [20.863194800000002, 43.378972700000006],
     [20.8632275, 43.379000000000005],
     [20.8633062, 43.379057800000005],
     [20.8633913, 43.379110600000004],
     [20.863482400000002, 43.3791579], [20.8636138, 43.3792163],
     [20.863741700000002, 43.3792787], [20.8638659, 43.379345],
     [20.8640237, 43.379438300000004], [20.8641741, 43.3795378],
     [20.8643165, 43.379643300000005], [20.8643563, 43.379691],
     [20.864403900000003, 43.3797348], [20.8644587, 43.3797739],
     [20.864525800000003, 43.3798107],
     [20.864599100000003, 43.3798406],
     [20.8646774, 43.379862900000006], [20.864719, 43.3798678],
     [20.8647591, 43.3798772], [20.864806400000003, 43.3798953],
     [20.864848000000002, 43.3799197], [20.8648825, 43.3799494],
     [20.8650622, 43.380171600000004], [20.8651547, 43.3803284],
     [20.8652526, 43.380483500000004],
     [20.865339300000002, 43.3806129],
     [20.865429600000002, 43.380740800000005],
     [20.865530200000002, 43.380890900000004]]}},
  {"type":"Feature",
   "properties":{},
   "geometry":
   {"type":"LineString",
    "coordinates":
    [[20.8599901, 43.375523900000005], [20.859978, 43.3756536],
     [20.860007600000003, 43.3758612],
     [20.8600089, 43.376150700000004], [20.8600411, 43.376294],
     [20.8601095, 43.3764412], [20.8601457, 43.376555200000006],
     [20.8601604, 43.3766868], [20.8601497, 43.376892500000004],
     [20.8601403, 43.3770621], [20.8601189, 43.3771294],
     [20.8600679, 43.377199600000004],
     [20.860046500000003, 43.377242700000004]]}},
  {"type":"Feature",
   "properties":{},
   "geometry":
   {"type":"LineString",
    "coordinates":
    [[20.8599901, 43.375523900000005],
     [20.859711400000002, 43.3752298], [20.859561300000003, 43.375047],
     [20.859297700000003, 43.3746638],
     [20.859127400000002, 43.3742658],
     [20.858900300000002, 43.3739445], [20.8582839, 43.3731073],
     [20.8579513, 43.372612100000005],
     [20.857221300000003, 43.372025400000005],
     [20.856540000000003, 43.371541900000004],
     [20.8563128, 43.3713418], [20.8560696, 43.371155800000004],
     [20.8556843, 43.3707755],
     [20.854459600000002, 43.370353900000005],
     [20.853908, 43.370156400000006]]}},
  {"type":"Feature",
   "properties":{},
   "geometry":
   {"type":"LineString",
    "coordinates":
    [[20.853908, 43.370156400000006], [20.8532794, 43.3699765],
     [20.852800900000002, 43.3695491], [20.8525819, 43.369042],
     [20.8523791, 43.3685349], [20.8520587, 43.368051400000006],
     [20.8517586, 43.3673793], [20.8514869, 43.366671700000005],
     [20.8511706, 43.3659405], [20.850765000000003, 43.3653892],
     [20.8505623, 43.3649617], [20.8503218, 43.364569],
     [20.8501479, 43.364187300000005],
     [20.8492058, 43.363626200000006],
     [20.848726000000003, 43.3634998], [20.848354, 43.363239500000006],
     [20.8480585, 43.362865400000004], [20.8479925, 43.3623877],
     [20.8476135, 43.3621198], [20.8473876, 43.3619202],
     [20.8474223, 43.361857], [20.847710900000003, 43.3616168],
     [20.8477943, 43.3614374],
     [20.847703900000003, 43.361177100000006],
     [20.8477387, 43.360982400000005], [20.8480099, 43.3604719],
     [20.8480029, 43.3603278], [20.8483436, 43.359890500000006],
     [20.8485626, 43.3596706], [20.8486704, 43.359486100000005],
     [20.848726000000003, 43.3592889], [20.8486704, 43.3590968],
     [20.8486496, 43.358887], [20.848630800000002, 43.3587171]]}},
  {"type":"Feature",
   "properties":{},
   "geometry":
   {"type":"LineString",
    "coordinates":
    [[20.8523566, 43.352557000000004],
     [20.8523278, 43.352577200000006], [20.8523029, 43.3525999],
     [20.8522818, 43.3526254], [20.8522654, 43.352652600000006],
     [20.852160700000002, 43.352830100000006],
     [20.8520839, 43.352947500000006],
     [20.852010500000002, 43.3530661], [20.8519115, 43.3532385],
     [20.8518201, 43.353413200000006],
     [20.851764600000003, 43.3535358],
     [20.8516967, 43.353655100000005], [20.8516233, 43.3537618],
     [20.85154, 43.3538647], [20.8514473, 43.3539632],
     [20.8512381, 43.3541387], [20.851197600000003, 43.3541808],
     [20.8511656, 43.3542265], [20.8511478, 43.354262500000004],
     [20.8511352, 43.354299700000006], [20.8511281, 43.3543377],
     [20.8511107, 43.3544056], [20.8510874, 43.3544727],
     [20.851058400000003, 43.354538500000004],
     [20.8510093, 43.3546338], [20.850953, 43.3547269],
     [20.8508894, 43.3548174], [20.8508342, 43.3549063],
     [20.8507848, 43.3549969], [20.850732700000002, 43.3550757],
     [20.8506736, 43.3551519],
     [20.850607800000002, 43.355225000000004],
     [20.8503288, 43.355486400000004], [20.8501258, 43.3556918],
     [20.8499318, 43.355901800000005],
     [20.849776300000002, 43.356081200000006],
     [20.8496637, 43.356200300000005], [20.849559000000003, 43.356323],
     [20.849477, 43.3564292], [20.8494008, 43.3565376],
     [20.8492479, 43.3567326], [20.8490843, 43.3569218],
     [20.8490399, 43.3569826], [20.8490034, 43.357046100000005],
     [20.8489752, 43.357111800000006],
     [20.848955500000002, 43.357179200000004],
     [20.848944200000002, 43.357250400000005],
     [20.848942400000002, 43.357322200000006],
     [20.8489501, 43.3573937], [20.848978900000002, 43.3575327],
     [20.848998400000003, 43.3576726], [20.8490076, 43.3577895],
     [20.8490103, 43.3579066], [20.849010800000002, 43.3579651],
     [20.8490065, 43.3580236], [20.8489931, 43.358102200000005],
     [20.8489711, 43.3581798], [20.848940600000002, 43.3582558],
     [20.8489019, 43.3583298], [20.848854000000003, 43.3584064],
     [20.8487993, 43.3584806], [20.8487383, 43.358552100000004],
     [20.848680100000003, 43.358633100000006],
     [20.848630800000002, 43.3587171]]}},
  {"type":"Feature",
   "properties":{},
   "geometry":
   {"type":"LineString",
    "coordinates":
    [[20.8603551, 43.348064900000004], [20.8603455, 43.3480964],
     [20.860348700000003, 43.34812], [20.8603603, 43.348142200000005],
     [20.8603807, 43.348171900000004],
     [20.8603938, 43.348203700000006], [20.860399100000002, 43.348236],
     [20.8603969, 43.3482685], [20.8603871, 43.348300200000004],
     [20.8603565, 43.3483706], [20.8603147, 43.348437700000005],
     [20.860266000000003, 43.3484963],
     [20.860208500000002, 43.3485505], [20.860143, 43.3485996],
     [20.8600569, 43.348657200000005], [20.859966, 43.3487108],
     [20.859697800000003, 43.3489293], [20.859458500000002, 43.349117],
     [20.8593386, 43.3492107], [20.859215000000003, 43.3493018],
     [20.859041100000002, 43.349421400000004],
     [20.858953200000002, 43.349480400000004],
     [20.8588609, 43.3495359], [20.858758400000003, 43.3495907],
     [20.858651700000003, 43.3496412], [20.8585469, 43.3496858],
     [20.8584478, 43.3497368], [20.858365300000003, 43.349787],
     [20.8582882, 43.349841700000006],
     [20.858217200000002, 43.349900600000005],
     [20.8579967, 43.3499685], [20.8562772, 43.350272200000006],
     [20.8552857, 43.350693400000004], [20.8547207, 43.3511329],
     [20.854444700000002, 43.351203000000005],
     [20.8541074, 43.3513718],
     [20.853319000000003, 43.351734900000004],
     [20.852683900000002, 43.3520964],
     [20.8523566, 43.352557000000004]]}},
  {"type":"Feature",
   "properties":{},
   "geometry":
   {"type":"LineString",
    "coordinates":
    [[20.8603551, 43.348064900000004], [20.8602731, 43.3480233],
     [20.860147, 43.3479443], [20.8599995, 43.3478341],
     [20.8598386, 43.347701400000005],
     [20.859720600000003, 43.347570700000006],
     [20.8596213, 43.3474293], [20.85951, 43.3472333],
     [20.8593893, 43.3469544], [20.859283400000002, 43.3467154],
     [20.8592431, 43.346603300000005], [20.8592364, 43.3465058],
     [20.8592525, 43.3463946], [20.8593182, 43.346141],
     [20.859351800000002, 43.3459762], [20.8593839, 43.3457431],
     [20.859396, 43.3455461], [20.8593853, 43.345347100000005],
     [20.859349100000003, 43.3451462], [20.8592941, 43.3449346],
     [20.8592203, 43.344711200000006],
     [20.859162700000002, 43.344561000000006],
     [20.859133200000002, 43.344452800000006],
     [20.8591358, 43.3443367], [20.8591546, 43.3441075],
     [20.8591506, 43.3439593], [20.8591251, 43.3438354],
     [20.859110400000002, 43.3437281],
     [20.859110400000002, 43.343611100000004],
     [20.8591345, 43.3434326],
     [20.859231100000002, 43.342802500000005],
     [20.859274000000003, 43.3424758], [20.8592954, 43.3423656],
     [20.8592954, 43.3422895], [20.8592793, 43.342193900000005],
     [20.859235100000003, 43.342053500000006],
     [20.859123800000003, 43.3418028],
     [20.859035300000002, 43.341610700000004],
     [20.858893100000003, 43.3413532], [20.858811300000003, 43.341239],
     [20.8587013, 43.3411132], [20.858406300000002, 43.3408284],
     [20.8581676, 43.3406158], [20.857918100000003, 43.340411],
     [20.857810800000003, 43.3403398], [20.8577169, 43.3403056],
     [20.8575869, 43.3402881],
     [20.857428600000002, 43.340282200000004],
     [20.857168400000003, 43.340279300000006],
     [20.856952500000002, 43.340289000000006],
     [20.8565891, 43.340321200000005], [20.8561237, 43.3403281],
     [20.8555296, 43.340331000000006],
     [20.855136700000003, 43.3403251],
     [20.8549891, 43.340314400000004], [20.8548604, 43.34029],
     [20.8546981, 43.340247100000006],
     [20.8545345, 43.340183700000004],
     [20.854230100000002, 43.3400442],
     [20.853839800000003, 43.3399057],
     [20.853483100000002, 43.339784800000004],
     [20.8531599, 43.3396989], [20.8530164, 43.3396394],
     [20.852903700000002, 43.339591600000006],
     [20.852839300000003, 43.3395439]]}},
  {"type":"Feature",
   "properties":{},
   "geometry":
   {"type":"LineString",
    "coordinates":
    [[20.852839300000003, 43.3395439], [20.8525671, 43.3395078],
     [20.852274700000002, 43.3394873],
     [20.8519274, 43.339496100000005],
     [20.8517222, 43.339515600000006], [20.851452600000002, 43.339579],
     [20.8510154, 43.3396814], [20.8506614, 43.339759400000005],
     [20.8504173, 43.3398248], [20.8502443, 43.339855],
     [20.850090100000003, 43.3398648],
     [20.849930500000003, 43.3398638], [20.8496971, 43.3398423],
     [20.849538900000002, 43.339823800000005],
     [20.849206300000002, 43.3397692], [20.8490293, 43.3397282],
     [20.848688600000003, 43.339614100000006],
     [20.848479400000002, 43.339523400000004],
     [20.848319800000002, 43.33946], [20.8481321, 43.3393303],
     [20.8479336, 43.339244400000005], [20.847774, 43.339158600000005],
     [20.8476064, 43.339047400000005],
     [20.8474669, 43.338905000000004], [20.847276400000002, 43.338667],
     [20.8471477, 43.338559700000005],
     [20.8470029, 43.338485600000006], [20.8468647, 43.3384504],
     [20.8468084, 43.3384504], [20.8467641, 43.338468000000006]]}},
  {"type":"Feature",
   "properties":{},
   "geometry":
   {"type":"LineString",
    "coordinates":
    [[20.8392102, 43.323843000000004],
     [20.839240500000002, 43.3239445], [20.8393291, 43.3240167],
     [20.8395115, 43.3240986],
     [20.839608000000002, 43.324151300000004], [20.8396912, 43.324364],
     [20.839768900000003, 43.3245669], [20.8398414, 43.3246996],
     [20.839956700000002, 43.324871300000005],
     [20.840149800000003, 43.3252674], [20.8403885, 43.3256577],
     [20.8406889, 43.326184500000004],
     [20.8408821, 43.326447900000005],
     [20.840970600000002, 43.3265143], [20.8410189, 43.3266957],
     [20.8410966, 43.3268186], [20.8414641, 43.327101600000006],
     [20.8426657, 43.327997100000005], [20.8428186, 43.3281806],
     [20.8429125, 43.328352300000006], [20.8429474, 43.3286176],
     [20.8430332, 43.3288225], [20.8432049, 43.3290547],
     [20.843567, 43.329762900000006], [20.8436233, 43.3299151],
     [20.8437172, 43.3301804], [20.8438352, 43.330424300000004],
     [20.8439076, 43.3306136],
     [20.843840500000002, 43.330727700000004],
     [20.843729200000002, 43.330821400000005],
     [20.843501200000002, 43.3310213],
     [20.843410000000002, 43.3312047], [20.8433765, 43.3313803],
     [20.8432585, 43.3314642], [20.8432263, 43.331563700000004],
     [20.8432049, 43.331696400000006],
     [20.8432263, 43.331834900000004],
     [20.8431807, 43.331977300000005],
     [20.8431566, 43.332154900000006],
     [20.8431834, 43.332350000000005],
     [20.843184100000002, 43.3325131],
     [20.843210900000003, 43.3326402],
     [20.8431351, 43.332790900000006], [20.8431593, 43.332908],
     [20.8431998, 43.333030400000005],
     [20.843269900000003, 43.333387900000005],
     [20.843289300000002, 43.3339], [20.8434275, 43.3343341],
     [20.843670200000002, 43.3349643], [20.84374, 43.3351057],
     [20.8439009, 43.3352901], [20.8440243, 43.335431500000006],
     [20.8441517, 43.3355983], [20.844398400000003, 43.3359904],
     [20.844492300000002, 43.336269400000006],
     [20.844551300000003, 43.336443],
     [20.844749800000002, 43.336809800000005],
     [20.845141400000003, 43.3372995],
     [20.845581300000003, 43.337756000000006],
     [20.8461231, 43.3380993], [20.8466595, 43.338391900000005],
     [20.8467641, 43.338468000000006]]}},
  {"type":"Feature",
   "properties":{},
   "geometry":
   {"type":"LineString",
    "coordinates":
    [[20.835030800000002, 43.322436100000004],
     [20.8350523, 43.322512200000006], [20.835112600000002, 43.322602],
     [20.835164900000002, 43.3226479],
     [20.835223900000003, 43.322683000000005],
     [20.8353433, 43.322736600000006],
     [20.835402300000002, 43.3227532],
     [20.8354855, 43.322757100000004],
     [20.835582000000002, 43.322766900000005],
     [20.835630300000002, 43.322762000000004],
     [20.835773800000002, 43.322752300000005],
     [20.835934700000003, 43.3227552],
     [20.836329000000003, 43.3227776], [20.8364698, 43.3227835],
     [20.836577100000003, 43.3227854],
     [20.836716600000003, 43.322804000000005],
     [20.8368641, 43.322828400000006], [20.8369566, 43.3228488],
     [20.8370545, 43.3228742], [20.8371578, 43.3229045],
     [20.8372584, 43.3229425], [20.8373603, 43.322979600000004],
     [20.8374475, 43.323015700000006], [20.8375588, 43.3230547],
     [20.8376607, 43.3230918], [20.8377707, 43.323146400000006],
     [20.8378404, 43.323191300000005], [20.8379316, 43.3232459],
     [20.8380604, 43.3233279],
     [20.838229400000003, 43.323417600000006],
     [20.838366100000002, 43.3235035], [20.83846, 43.3235581],
     [20.8385512, 43.323601100000005], [20.8386505, 43.323642],
     [20.838773800000002, 43.323685000000005],
     [20.8388785, 43.3237279], [20.838967, 43.323761100000006],
     [20.8390823, 43.323807900000006],
     [20.8392102, 43.323843000000004]]}},
  {"type":"Feature",
   "properties":{},
   "geometry":
   {"type":"LineString",
    "coordinates":
    [[20.835030800000002, 43.322436100000004],
     [20.834819200000002, 43.322336400000005],
     [20.8341575, 43.322275000000005], [20.8338612, 43.3220687],
     [20.8337697, 43.3218772],
     [20.833756400000002, 43.321849400000005],
     [20.8336568, 43.321622700000006],
     [20.833538800000003, 43.321407]]}},
  {"type":"Feature",
   "properties":{},
   "geometry":
   {"type":"LineString",
    "coordinates":
    [[20.833538800000003, 43.321407], [20.8336921, 43.3214148],
     [20.833746100000003, 43.3214004], [20.833791, 43.321372800000006],
     [20.8338541, 43.3212132], [20.8338432, 43.321161800000006],
     [20.8338158, 43.3211451], [20.8337927, 43.321122200000005],
     [20.833760700000003, 43.3211056], [20.8336814, 43.321112]]}},
  {"type":"Feature",
   "properties":{},
   "geometry":
   {"type":"LineString",
    "coordinates":
    [[20.8336814, 43.321112], [20.833867, 43.3210047],
     [20.834098, 43.3206933], [20.834479100000003, 43.3202275],
     [20.8346293, 43.3195746],
     [20.835111700000002, 43.318958900000005]]}},
  {"type":"Feature",
   "properties":{},
   "geometry":
   {"type":"LineString",
    "coordinates":
    [[20.835111700000002, 43.318958900000005],
     [20.8356628, 43.318148400000005],
     [20.835899100000002, 43.317657600000004], [20.8359795, 43.317396],
     [20.836254200000003, 43.3171704]]}},
  {"type":"Feature",
   "properties":{},
   "geometry":
   {"type":"LineString",
    "coordinates":
    [[20.835544000000002, 43.3148995],
     [20.8355366, 43.315068600000004],
     [20.835535500000002, 43.3151735],
     [20.835534000000003, 43.3152836],
     [20.8355363, 43.315368500000005], [20.8355427, 43.3154605],
     [20.8355478, 43.3155194], [20.8355594, 43.3156151],
     [20.835571, 43.3156988], [20.835586600000003, 43.315778200000004],
     [20.8356022, 43.315852500000005],
     [20.835627300000002, 43.3159782],
     [20.835645500000002, 43.3160475], [20.8356637, 43.3161118],
     [20.835689900000002, 43.3161858],
     [20.8357162, 43.316258100000006],
     [20.8357427, 43.316322400000004],
     [20.835769300000003, 43.316385000000004],
     [20.8357935, 43.316439100000004], [20.8358178, 43.3164898],
     [20.8358527, 43.3165562], [20.8358877, 43.316621000000005],
     [20.8359752, 43.3167708], [20.8360509, 43.316893500000006],
     [20.8361266, 43.3170026], [20.8362023, 43.3171048],
     [20.836254200000003, 43.3171704]]}},
  {"type":"Feature",
   "properties":{},
   "geometry":
   {"type":"LineString",
    "coordinates":
    [[20.835544000000002, 43.3148995],
     [20.835456100000002, 43.3150187], [20.8353562, 43.3152878]]}},
  {"type":"Feature",
   "properties":{},
   "geometry":
   {"type":"LineString",
    "coordinates":
    [[20.8353562, 43.3152878], [20.8349738, 43.3153896],
     [20.834753000000003, 43.315498000000005],
     [20.834565400000002, 43.3156626],
     [20.834455000000002, 43.3158995],
     [20.834377800000002, 43.316056100000004],
     [20.834176000000003, 43.3161466]]}},
  {"type":"Feature",
   "properties":{},
   "geometry":
   {"type":"LineString",
    "coordinates":
    [[20.833633900000002, 43.3160121],
     [20.833996600000003, 43.3160991],
     [20.834176000000003, 43.3161466]]}},
  {"type":"Feature",
   "properties":{},
   "geometry":
   {"type":"LineString",
    "coordinates":
    [[20.833633900000002, 43.3160121],
     [20.8333827, 43.315825800000006], [20.8327947, 43.3153537],
     [20.8323305, 43.315087500000004],
     [20.831858500000003, 43.3147389],
     [20.8311165, 43.314403000000006],
     [20.830811800000003, 43.3140784],
     [20.8295602, 43.311795000000004], [20.8290185, 43.3101775],
     [20.828196600000002, 43.3089814], [20.8270945, 43.3080842],
     [20.8258508, 43.307518900000005]]}},
  {"type":"Feature",
   "properties":{},
   "geometry":
   {"type":"LineString",
    "coordinates":
    [[20.826026600000002, 43.304611200000004],
     [20.826109000000002, 43.305015100000006],
     [20.8261183, 43.3050924], [20.826201100000002, 43.305261],
     [20.8260381, 43.3057129], [20.8258508, 43.307518900000005]]}},
  {"type":"Feature",
   "properties":{},
   "geometry":
   {"type":"LineString",
    "coordinates":
    [[20.826026600000002, 43.304611200000004],
     [20.826250400000003, 43.3045533]]}},
  {"type":"Feature",
   "properties":{},
   "geometry":
   {"type":"LineString",
    "coordinates":
    [[20.826387200000003, 43.304251400000005],
     [20.826250400000003, 43.3045533]]}},
  {"type":"Feature",
   "properties":{},
   "geometry":
   {"type":"LineString",
    "coordinates":
    [[20.828113100000003, 43.297001],
     [20.827927300000002, 43.297279800000005],
     [20.8276386, 43.2978395], [20.827572, 43.2979324],
     [20.827212000000003, 43.2983131], [20.8269024, 43.2987638],
     [20.8266361, 43.2992099], [20.8264752, 43.299592600000004],
     [20.8264244, 43.2997692], [20.826397500000002, 43.299947],
     [20.8264143, 43.300172100000005], [20.8264314, 43.3004721],
     [20.826559200000002, 43.3007689], [20.8266348, 43.3010886],
     [20.8267066, 43.3016585],
     [20.826785400000002, 43.302384800000006],
     [20.8267485, 43.3027025], [20.826667800000003, 43.3030594],
     [20.8265597, 43.303363100000006], [20.8264852, 43.3037183],
     [20.826387200000003, 43.304251400000005]]}},
  {"type":"Feature",
   "properties":{},
   "geometry":
   {"type":"LineString",
    "coordinates":
    [[20.828113100000003, 43.297001], [20.8281564, 43.2968083]]}},
  {"type":"Feature",
   "properties":{},
   "geometry":
   {"type":"LineString",
    "coordinates":
    [[20.8281564, 43.2968083],
     [20.828210300000002, 43.296603600000005],
     [20.8282296, 43.2965334], [20.828252300000003, 43.2964508],
     [20.828265700000003, 43.296321500000005],
     [20.828257500000003, 43.296142200000006],
     [20.8282202, 43.2958896], [20.8281427, 43.295320700000005],
     [20.8281388, 43.295129200000005],
     [20.828134900000002, 43.2950151], [20.828139, 43.2949251],
     [20.8281452, 43.2948372]]}},
  {"type":"Feature",
   "properties":{},
   "geometry":
   {"type":"LineString",
    "coordinates":
    [[20.8292487, 43.2922931], [20.8292271, 43.292468400000004],
     [20.8291346, 43.292674000000005],
     [20.828990700000002, 43.2929437],
     [20.828910500000003, 43.2931496], [20.8287225, 43.2937649],
     [20.828515900000003, 43.2941954], [20.8281452, 43.2948372]]}},
  {"type":"Feature",
   "properties":{},
   "geometry":
   {"type":"LineString",
    "coordinates":
    [[20.829217500000002, 43.292214400000006],
     [20.8292369, 43.2922613], [20.8292487, 43.2922931]]}},
  {"type":"Feature",
   "properties":{},
   "geometry":
   {"type":"LineString",
    "coordinates":
    [[20.829217500000002, 43.292214400000006],
     [20.829189500000002, 43.2921181],
     [20.8291545, 43.291977200000005], [20.8291545, 43.2919057],
     [20.829146100000003, 43.2918218], [20.8291557, 43.2917574]]}},
  {"type":"Feature",
   "properties":{},
   "geometry":
   {"type":"LineString",
    "coordinates":
    [[20.8291557, 43.2917574], [20.8290152, 43.291183200000006],
     [20.8288003, 43.290570100000004], [20.8287058, 43.2899132],
     [20.8286714, 43.2890937], [20.8283738, 43.2885331],
     [20.8283849, 43.2880313], [20.8282525, 43.2874451],
     [20.8279271, 43.2868269], [20.8277837, 43.2863708],
     [20.8266269, 43.285545500000005], [20.8266753, 43.2853985],
     [20.8260763, 43.285198], [20.8256954, 43.2849973],
     [20.8252142, 43.2846996],
     [20.824756100000002, 43.284370700000004],
     [20.824299800000002, 43.2839612], [20.8236244, 43.2832013],
     [20.822767900000002, 43.2825329], [20.8221516, 43.2821202],
     [20.8210671, 43.281411500000004],
     [20.820531000000003, 43.2808417], [20.8200873, 43.2804963],
     [20.819569700000002, 43.280106], [20.819391, 43.2798772],
     [20.8191723, 43.2794995], [20.8190494, 43.279304200000006],
     [20.8191293, 43.2790648], [20.8193388, 43.2784853],
     [20.8193799, 43.2784385], [20.8196228, 43.2781615],
     [20.819657900000003, 43.2781474],
     [20.820819200000003, 43.2776799],
     [20.8214377, 43.277526900000005], [20.8218086, 43.277337],
     [20.822835400000002, 43.276949800000004],
     [20.8231699, 43.2768114],
     [20.823496000000002, 43.276630600000004],
     [20.823849600000003, 43.2764238]]}},
  {"type":"Feature",
   "properties":{},
   "geometry":
   {"type":"LineString",
    "coordinates":
    [[20.823849600000003, 43.2764238],
     [20.824173700000003, 43.2763853], [20.8244095, 43.2764218],
     [20.8245024, 43.276414700000004],
     [20.824588900000002, 43.276408100000005],
     [20.824680700000002, 43.276365600000005],
     [20.8246995, 43.2763033], [20.8246578, 43.276086],
     [20.8245514, 43.275692500000005],
     [20.824434500000002, 43.2755421],
     [20.824407400000002, 43.275402400000004],
     [20.824284300000002, 43.275223100000005],
     [20.8242154, 43.2750302], [20.8241716, 43.274857000000004],
     [20.8241173, 43.274601700000005], [20.8240464, 43.2743905],
     [20.8239942, 43.274217300000004], [20.8240231, 43.2740748],
     [20.8241894, 43.2739186],
     [20.824438100000002, 43.273716300000004],
     [20.824634200000002, 43.2735834],
     [20.8247213, 43.273412900000004], [20.824887, 43.2733651],
     [20.825297900000002, 43.2733131],
     [20.825526200000002, 43.2732903],
     [20.8257297, 43.273255400000004],
     [20.826311200000003, 43.273141900000006],
     [20.826679000000002, 43.273091900000004],
     [20.8268869, 43.273050600000005],
     [20.827139600000002, 43.2730156], [20.8276545, 43.2729791],
     [20.828022700000002, 43.272997100000005],
     [20.8284007, 43.273015900000004],
     [20.8287905, 43.272994700000005],
     [20.829202600000002, 43.2730442],
     [20.829468600000002, 43.2730301],
     [20.8297679, 43.273013500000005], [20.830047, 43.2729445],
     [20.8302063, 43.272901600000004],
     [20.830412900000002, 43.2728394], [20.8305714, 43.2727543],
     [20.8306612, 43.2727117], [20.8308323, 43.272575],
     [20.831024300000003, 43.2724185],
     [20.831193300000002, 43.2723304],
     [20.8313247, 43.272286300000005],
     [20.831439500000002, 43.2722058], [20.8316148, 43.2720113],
     [20.8317045, 43.2717728], [20.831792200000002, 43.2715965],
     [20.831932000000002, 43.2712608],
     [20.831973700000002, 43.2710997], [20.83198, 43.270879400000005],
     [20.8319653, 43.270709200000006],
     [20.831942400000003, 43.270531500000004],
     [20.831884000000002, 43.270312700000005],
     [20.831785500000002, 43.2700322],
     [20.8316979, 43.269806200000005], [20.8316661, 43.2695917],
     [20.8316342, 43.269348300000004], [20.8316899, 43.2688962],
     [20.8318651, 43.2684383], [20.8322471, 43.2677196],
     [20.8326451, 43.2671574], [20.833051100000002, 43.2666879],
     [20.8333616, 43.266305300000006],
     [20.8335446, 43.265922700000004], [20.8335367, 43.2653953],
     [20.8334173, 43.264977900000005],
     [20.8332899, 43.264618600000006], [20.8334093, 43.2642012],
     [20.833441200000003, 43.2639404], [20.8337033, 43.2635346],
     [20.8340324, 43.2631403], [20.834295400000002, 43.2629864],
     [20.8346039, 43.262852], [20.8347328, 43.2627521],
     [20.8348616, 43.2626306], [20.8350037, 43.262435],
     [20.8351386, 43.262277700000006]]}},
  {"type":"Feature",
   "properties":{},
   "geometry":
   {"type":"LineString",
    "coordinates":
    [[20.8351386, 43.262277700000006], [20.835839, 43.2622099],
     [20.8361018, 43.262166900000004], [20.8362091, 43.2620281],
     [20.836224400000003, 43.2617665], [20.8362617, 43.2613598],
     [20.836349300000002, 43.260921200000006],
     [20.8363537, 43.2606246]]}},
  {"type":"Feature",
   "properties":{},
   "geometry":
   {"type":"LineString",
    "coordinates":
    [[20.8363537, 43.2606246], [20.8364872, 43.2604412],
     [20.8366274, 43.2601445], [20.8366055, 43.2595225],
     [20.836715, 43.2588207], [20.8368836, 43.257760100000006],
     [20.8370222, 43.256848600000005],
     [20.838037200000002, 43.256341600000006],
     [20.8393981, 43.2560573],
     [20.840178100000003, 43.255826400000004], [20.8409853, 43.255574],
     [20.8416433, 43.2551976],
     [20.842377000000003, 43.254828200000006],
     [20.8430487, 43.2540831], [20.843928700000003, 43.2537007],
     [20.844368600000003, 43.253239], [20.8447713, 43.2530116],
     [20.844899, 43.2528462], [20.8452491, 43.252729],
     [20.8454099, 43.252512], [20.845542400000003, 43.252443],
     [20.8459493, 43.2524086], [20.8464318, 43.2522466],
     [20.847633400000003, 43.2517815],
     [20.8487034, 43.251228700000006], [20.8489542, 43.2512769],
     [20.849555000000002, 43.2515663]]}},
  {"type":"Feature",
   "properties":{},
   "geometry":
   {"type":"LineString",
    "coordinates":
    [[20.849555000000002, 43.2515663],
     [20.851570300000002, 43.2515112],
     [20.852355600000003, 43.251032300000006],
     [20.852573200000002, 43.2506015],
     [20.8523698, 43.249488500000005],
     [20.852284700000002, 43.2493094],
     [20.8523509, 43.248899300000005],
     [20.8527577, 43.247937900000004]]}},
  {"type":"Feature",
   "properties":{},
   "geometry":
   {"type":"LineString",
    "coordinates":
    [[20.8527577, 43.247937900000004],
     [20.853036900000003, 43.247903400000006],
     [20.853330200000002, 43.247779400000006],
     [20.853779600000003, 43.247427900000005],
     [20.854200600000002, 43.246911000000004],
     [20.8548109, 43.246287300000006],
     [20.855421200000002, 43.2457325], [20.8567222, 43.2453707],
     [20.856996600000002, 43.2453293],
     [20.857124300000002, 43.2452052],
     [20.857285100000002, 43.244753800000005],
     [20.8578008, 43.2436579],
     [20.858548300000002, 43.242648200000005], [20.859608, 43.2407045],
     [20.859924900000003, 43.2403806], [20.8604501, 43.2394983],
     [20.8612259, 43.238474700000005], [20.8619024, 43.2377337],
     [20.8621929, 43.237574], [20.8624909, 43.2375046],
     [20.8631794, 43.2373764], [20.863725600000002, 43.2372701],
     [20.8639008, 43.2372268], [20.8640832, 43.237140800000006],
     [20.8647537, 43.2368673], [20.865917800000002, 43.2361013]]}},
  {"type":"Feature",
   "properties":{},
   "geometry":
   {"type":"LineString",
    "coordinates":
    [[20.865917800000002, 43.2361013],
     [20.866431000000002, 43.2358764], [20.8665682, 43.235835],
     [20.866852, 43.2359315], [20.8670696, 43.2359074],
     [20.8672116, 43.235924600000004], [20.867363, 43.2360246],
     [20.8675806, 43.2360728], [20.868621400000002, 43.2361762],
     [20.870679600000003, 43.235624800000004],
     [20.8712866, 43.2355846], [20.8734886, 43.2358379],
     [20.874195, 43.236055], [20.875525, 43.236336400000006],
     [20.876419000000002, 43.236690200000005],
     [20.8777545, 43.2367385],
     [20.878422200000003, 43.236814800000005],
     [20.878709200000003, 43.237003800000004],
     [20.8792721, 43.2370521], [20.8806683, 43.2368832],
     [20.881330600000002, 43.2367706],
     [20.881992800000003, 43.2366219], [20.8827544, 43.2366018],
     [20.883107600000002, 43.236629900000004],
     [20.883303700000003, 43.2366285],
     [20.8836766, 43.236918200000005],
     [20.884019300000002, 43.2370007], [20.8843114, 43.2368553],
     [20.8844187, 43.2367185], [20.884484200000003, 43.2365014],
     [20.8847197, 43.236427600000006],
     [20.885020700000002, 43.236412400000006],
     [20.885548200000002, 43.2364818],
     [20.8857657, 43.236488300000005], [20.8864214, 43.2366599],
     [20.8870651, 43.2369052], [20.8874436, 43.2369877],
     [20.8879801, 43.2372852], [20.8884003, 43.2373503],
     [20.8889397, 43.2375501], [20.8893241, 43.237747600000006],
     [20.8897891, 43.237917], [20.890724900000002, 43.238247],
     [20.8914222, 43.238537900000004],
     [20.891916900000002, 43.238633400000005],
     [20.8924683, 43.239002500000005],
     [20.892596400000002, 43.239367300000005],
     [20.8928736, 43.2397299],
     [20.893204400000002, 43.240044700000006],
     [20.893457700000003, 43.2401141],
     [20.894122300000003, 43.2401185], [20.8945843, 43.2401793],
     [20.8955379, 43.240242200000004],
     [20.896849200000002, 43.240732900000005],
     [20.8971473, 43.2407503],
     [20.897495900000003, 43.240607000000004],
     [20.897710500000002, 43.2404789],
     [20.897752200000003, 43.240268300000004],
     [20.897755200000002, 43.240040300000004],
     [20.897948900000003, 43.2399166],
     [20.898282700000003, 43.2398449],
     [20.8984223, 43.239767900000004]]}},
  {"type":"Feature",
   "properties":{},
   "geometry":
   {"type":"LineString",
    "coordinates":
    [[20.8948213, 43.2380397], [20.8948186, 43.2380592],
     [20.8948347, 43.2380778], [20.8949755, 43.238162800000005],
     [20.8950593, 43.2381923],
     [20.895521300000002, 43.238356800000005],
     [20.8959383, 43.2386246], [20.8962791, 43.238801],
     [20.897001000000003, 43.2390819],
     [20.897337200000003, 43.2392289],
     [20.897839400000002, 43.2393367], [20.898216, 43.239532700000005],
     [20.8984223, 43.239767900000004]]}},
  {"type":"Feature",
   "properties":{},
   "geometry":
   {"type":"LineString",
    "coordinates":
    [[20.9094726, 43.2357047], [20.9094196, 43.2357974],
     [20.9092167, 43.235977500000004],
     [20.909070800000002, 43.2360653], [20.9088806, 43.2364533],
     [20.9083353, 43.236758200000004], [20.908018300000002, 43.236809],
     [20.907568, 43.2370077], [20.907333400000002, 43.2371232],
     [20.906895900000002, 43.2371324], [20.9064394, 43.2370585],
     [20.9060843, 43.2370493], [20.9059321, 43.236966100000004],
     [20.9054629, 43.236906100000006],
     [20.9051458, 43.236929100000005],
     [20.9048668, 43.237021500000004], [20.9046829, 43.2371093],
     [20.9045625, 43.2372433], [20.9044673, 43.237469600000004],
     [20.9043786, 43.2376729], [20.9042581, 43.2377745],
     [20.904004500000003, 43.2378623], [20.9036937, 43.2379824],
     [20.9033589, 43.2380171], [20.902973300000003, 43.2379844],
     [20.902740100000003, 43.2380301],
     [20.902524900000003, 43.238049700000005],
     [20.902085500000002, 43.2379191], [20.9016999, 43.2377492],
     [20.9014622, 43.237821100000005],
     [20.9013457, 43.237814500000006],
     [20.901117000000003, 43.237909300000005],
     [20.9007897, 43.237971300000005], [20.9006103, 43.238053],
     [20.900265100000002, 43.238118300000004],
     [20.8999871, 43.238304500000005],
     [20.899870500000002, 43.238382900000005],
     [20.8995253, 43.238418800000005],
     [20.8993301, 43.238545800000004],
     [20.8991316, 43.238612200000006], [20.898976, 43.238665000000005],
     [20.8985576, 43.238682600000004], [20.898174, 43.238704000000006],
     [20.8979836, 43.2387099],
     [20.897774400000003, 43.238729500000005],
     [20.897656400000002, 43.2387412],
     [20.897592000000003, 43.2387255],
     [20.897428400000003, 43.2386786], [20.8973131, 43.2386591],
     [20.897098500000002, 43.238657200000006], [20.8968785, 43.238706],
     [20.8967257, 43.2387158], [20.896457400000003, 43.2386728],
     [20.8961946, 43.2386044], [20.8959103, 43.2385126],
     [20.895762700000002, 43.2384305],
     [20.8955911, 43.238317200000004], [20.8954194, 43.2382195],
     [20.8952478, 43.2381472], [20.8948213, 43.2380397]]}},
  {"type":"Feature",
   "properties":{},
   "geometry":
   {"type":"LineString",
    "coordinates":
    [[20.913922300000003, 43.232901000000005],
     [20.913841, 43.232979500000006], [20.9135597, 43.2331662],
     [20.913466200000002, 43.2332308],
     [20.913391200000003, 43.233290100000005], [20.9132918, 43.233384],
     [20.9132262, 43.233437200000004],
     [20.913157700000003, 43.233479800000005],
     [20.913072800000002, 43.2335197], [20.9129866, 43.2335568],
     [20.9128128, 43.233616000000005], [20.9126744, 43.2336712],
     [20.9125711, 43.233718800000005], [20.9124701, 43.2337713],
     [20.9122449, 43.2339068], [20.9121768, 43.2339342],
     [20.912089100000003, 43.2339611],
     [20.9119888, 43.233982000000005],
     [20.9118278, 43.233999600000004],
     [20.9116749, 43.234024000000005],
     [20.911378600000003, 43.2341168], [20.911205600000002, 43.234197],
     [20.9111291, 43.234225300000006],
     [20.910945400000003, 43.2342595],
     [20.910726800000003, 43.2343113],
     [20.9106235, 43.234352300000005],
     [20.910535600000003, 43.2343976],
     [20.910396900000002, 43.234444200000006],
     [20.9103084, 43.2344608], [20.910189000000003, 43.2344735],
     [20.910109900000002, 43.234489100000005],
     [20.9100603, 43.2345106],
     [20.909989200000002, 43.234540900000006],
     [20.909906000000003, 43.234598500000004],
     [20.909859100000002, 43.234645400000005],
     [20.9098215, 43.234695300000006],
     [20.909788300000002, 43.234801100000006],
     [20.909729300000002, 43.234895800000004],
     [20.909559100000003, 43.2351691], [20.909533, 43.235220600000005],
     [20.9095111, 43.2352821], [20.9094972, 43.235354400000006],
     [20.9094726, 43.2357047]]}},
  {"type":"Feature",
   "properties":{},
   "geometry":
   {"type":"LineString",
    "coordinates":
    [[20.913922300000003, 43.232901000000005],
     [20.913789700000002, 43.2328306], [20.9136747, 43.232757],
     [20.913621000000003, 43.232713100000005]]}},
  {"type":"Feature",
   "properties":{},
   "geometry":
   {"type":"LineString",
    "coordinates":
    [[20.913621000000003, 43.232713100000005],
     [20.913598500000003, 43.232687600000006]]}},
  {"type":"Feature",
   "properties":{},
   "geometry":
   {"type":"LineString",
    "coordinates":
    [[20.913598500000003, 43.232687600000006],
     [20.9135707, 43.232651600000004],
     [20.9135373, 43.232607400000006],
     [20.913512800000003, 43.2325535], [20.9134932, 43.2324655],
     [20.9134868, 43.2324032],
     [20.913489300000002, 43.232358600000005],
     [20.9134962, 43.232304400000004], [20.9135056, 43.2322651],
     [20.913534900000002, 43.2321856], [20.913577, 43.2321207],
     [20.9136323, 43.2320408], [20.9137008, 43.2319544],
     [20.913972100000002, 43.231630800000005],
     [20.9141122, 43.2314738], [20.9142435, 43.2313265],
     [20.9143203, 43.231246000000006], [20.9144016, 43.2311719],
     [20.9145006, 43.2310905], [20.9145907, 43.2310189],
     [20.914729, 43.230918900000006], [20.9148806, 43.2308126],
     [20.9152828, 43.2305508], [20.915460600000003, 43.230435],
     [20.915780400000003, 43.2302276],
     [20.915913800000002, 43.230144900000006], [20.9160214, 43.230085],
     [20.9160958, 43.2300509], [20.916186800000002, 43.2300157],
     [20.9162831, 43.2299884], [20.9163794, 43.229961100000004],
     [20.9165046, 43.2299347], [20.9166563, 43.2299115],
     [20.9167436, 43.2298989],
     [20.917274300000003, 43.229822000000006],
     [20.9176164, 43.2297652], [20.9179232, 43.2297084],
     [20.9181241, 43.2296628], [20.9182357, 43.2296336],
     [20.918347200000003, 43.229598], [20.918543800000002, 43.2295339],
     [20.918673000000002, 43.229485800000006],
     [20.9188243, 43.2294216], [20.918972500000002, 43.2293523],
     [20.919062, 43.2293035], [20.9191825, 43.2292378],
     [20.9193517, 43.2291323], [20.9195341, 43.2290107],
     [20.919732, 43.228884300000004], [20.919826500000003, 43.2288227],
     [20.9198826, 43.2287806],
     [20.919947500000003, 43.228725600000004],
     [20.9199948, 43.2286791], [20.920173100000003, 43.2284531],
     [20.9203735, 43.228194800000004],
     [20.920436300000002, 43.2281185],
     [20.9205212, 43.228032600000006], [20.9209026, 43.2277004],
     [20.9210767, 43.2275417], [20.921125, 43.227497400000004],
     [20.9212035, 43.2274254], [20.9213303, 43.2273027],
     [20.921376600000002, 43.227265800000005],
     [20.921472700000002, 43.227210400000004],
     [20.921580300000002, 43.2271682], [20.9217015, 43.2271286],
     [20.9218647, 43.2270777], [20.9221894, 43.226966600000004],
     [20.9225317, 43.226839500000004], [20.9227408, 43.2267626],
     [20.9230132, 43.2266625]]}},
  {"type":"Feature",
   "properties":{},
   "geometry":
   {"type":"LineString",
    "coordinates":[[20.9230132, 43.2266625], [20.923071, 43.22664]]}},
  {"type":"Feature",
   "properties":{},
   "geometry":
   {"type":"LineString",
    "coordinates":
    [[20.923071, 43.22664], [20.923079400000002, 43.2266368],
     [20.923154500000003, 43.2266046], [20.923223, 43.226565900000004],
     [20.9233003, 43.2265177], [20.9233653, 43.2264703],
     [20.9238103, 43.226065500000004]]}},
  {"type":"Feature",
   "properties":{},
   "geometry":
   {"type":"LineString",
    "coordinates":
    [[20.9253801, 43.2252317], [20.9252743, 43.225258100000005],
     [20.9251818, 43.2252846], [20.925071900000003, 43.2253278],
     [20.9248565, 43.2254026], [20.9246675, 43.2254742],
     [20.9245255, 43.225534700000004],
     [20.924410100000003, 43.2255857],
     [20.9243074, 43.225639300000005], [20.9242081, 43.2257046],
     [20.9238103, 43.226065500000004]]}},
  {"type":"Feature",
   "properties":{},
   "geometry":
   {"type":"LineString",
    "coordinates":
    [[20.929602900000003, 43.2232586],
     [20.9295344, 43.223393200000004],
     [20.9294808, 43.223488800000005], [20.9294119, 43.2235852],
     [20.9293204, 43.223679100000005], [20.9291941, 43.2237735],
     [20.929085500000003, 43.223846800000004],
     [20.9288276, 43.2239829], [20.9284672, 43.224159500000006],
     [20.9282918, 43.224245100000005],
     [20.927386000000002, 43.224600300000006],
     [20.9270989, 43.224750900000004],
     [20.926825100000002, 43.2248887],
     [20.926739100000002, 43.2249282], [20.9266575, 43.2249581],
     [20.9264993, 43.2250108], [20.9263632, 43.225053800000005],
     [20.9261838, 43.225091500000005], [20.9259178, 43.2251379],
     [20.9255843, 43.225191800000005], [20.9253801, 43.2252317]]}},
  {"type":"Feature",
   "properties":{},
   "geometry":
   {"type":"LineString",
    "coordinates":
    [[20.930009300000002, 43.222308600000005],
     [20.9299681, 43.222400900000004], [20.9298775, 43.222586],
     [20.9297383, 43.222813], [20.9296773, 43.2229146],
     [20.929622300000002, 43.2230172],
     [20.929602900000003, 43.2232586]]}},
  {"type":"Feature",
   "properties":{},
   "geometry":
   {"type":"LineString",
    "coordinates":
    [[20.9300327, 43.222256300000005],
     [20.930009300000002, 43.222308600000005]]}},
  {"type":"Feature",
   "properties":{},
   "geometry":
   {"type":"LineString",
    "coordinates":
    [[20.931493800000002, 43.2192293],
     [20.931520600000002, 43.2192772],
     [20.9315421, 43.219325000000005],
     [20.9315666, 43.219391200000004],
     [20.9316038, 43.219524400000005],
     [20.931640100000003, 43.2196723], [20.9316909, 43.2198518],
     [20.9317271, 43.2199681],
     [20.931785700000002, 43.220150800000006],
     [20.9318063, 43.220226100000005],
     [20.931815500000003, 43.2202603],
     [20.931817000000002, 43.220295500000006],
     [20.931813000000002, 43.220325800000005],
     [20.9318056, 43.2203469], [20.931798800000003, 43.2203664],
     [20.9317084, 43.2204812],
     [20.931630700000003, 43.220576400000006],
     [20.9315608, 43.220673700000006],
     [20.931500500000002, 43.2207548],
     [20.9314238, 43.220856700000006],
     [20.931344900000003, 43.220945400000005],
     [20.9312758, 43.221020700000004],
     [20.931214800000003, 43.221075400000004],
     [20.931166, 43.221108400000006], [20.9311022, 43.2211477],
     [20.9310091, 43.2211987], [20.9308675, 43.2212933],
     [20.9307705, 43.2213682], [20.930698500000002, 43.2214301],
     [20.9306518, 43.2214789], [20.9305403, 43.2215982],
     [20.93045, 43.221699], [20.9303485, 43.2218025],
     [20.930263500000002, 43.221898100000004],
     [20.9301983, 43.2219667], [20.930164700000002, 43.2220126],
     [20.9301268, 43.2220625], [20.9300962, 43.2221132],
     [20.930062000000003, 43.222188800000005],
     [20.9300327, 43.222256300000005]]}},
  {"type":"Feature",
   "properties":{},
   "geometry":
   {"type":"LineString",
    "coordinates":
    [[20.9312483, 43.218898], [20.9312554, 43.218946300000006],
     [20.9312685, 43.218982000000004],
     [20.931290800000003, 43.2190135], [20.931339, 43.219058000000004],
     [20.931399900000002, 43.2191169], [20.9314535, 43.2191722],
     [20.931493800000002, 43.2192293]]}},
  {"type":"Feature",
   "properties":{},
   "geometry":
   {"type":"LineString",
    "coordinates":
    [[20.9312483, 43.218898], [20.931267100000003, 43.2188931],
     [20.9312873, 43.2188784], [20.931304700000002, 43.2188432],
     [20.931315400000003, 43.2187934], [20.9313194, 43.2187113],
     [20.931312700000003, 43.2186224],
     [20.9313074, 43.218424000000006], [20.931318100000002, 43.218336],
     [20.931328200000003, 43.2183002],
     [20.931350300000002, 43.2182558],
     [20.931432100000002, 43.2181561],
     [20.9315563, 43.218017800000005],
     [20.931842500000002, 43.2177506],
     [20.931967200000003, 43.2176509],
     [20.9321051, 43.217567200000005], [20.9322784, 43.2174763],
     [20.9324294, 43.2174075], [20.9325264, 43.217371400000005],
     [20.932678000000003, 43.2173352],
     [20.932733000000002, 43.2173147],
     [20.932778600000002, 43.217273600000006],
     [20.932837600000003, 43.2172062], [20.9328872, 43.2171515],
     [20.9329596, 43.2171055], [20.9330186, 43.217082100000006],
     [20.9330763, 43.217044], [20.9331608, 43.2169814],
     [20.9332815, 43.2168768], [20.9333673, 43.2167977],
     [20.933484, 43.2166726], [20.933602, 43.216529900000005],
     [20.9338354, 43.2161741], [20.9339011, 43.2160783],
     [20.933948, 43.216047100000004]]}},
  {"type":"Feature",
   "properties":{},
   "geometry":
   {"type":"LineString",
    "coordinates":
    [[20.933948, 43.216047100000004], [20.9338903, 43.2160158],
     [20.9337884, 43.215965000000004],
     [20.9337257, 43.215923700000005], [20.9336677, 43.2158789],
     [20.933607900000002, 43.215824100000006],
     [20.933555100000003, 43.215765600000005],
     [20.9334746, 43.2156366], [20.933410900000002, 43.2155635],
     [20.9333405, 43.215493900000006], [20.9332631, 43.2154273],
     [20.933179600000003, 43.2153648],
     [20.933098700000002, 43.215323000000005],
     [20.9330225, 43.2152766], [20.932951600000003, 43.2152261],
     [20.9328748, 43.2151611], [20.9328067, 43.2150911],
     [20.932775200000002, 43.215054800000004],
     [20.9327477, 43.2150169], [20.9327156, 43.2149603],
     [20.932692300000003, 43.2149014], [20.932678000000003, 43.214841],
     [20.9326708, 43.2146866], [20.932667300000002, 43.2145321],
     [20.9326699, 43.214248700000006],
     [20.9326724, 43.214109900000004],
     [20.932667300000002, 43.2139711],
     [20.932652100000002, 43.2138124], [20.932627, 43.2136544],
     [20.9326151, 43.2135418], [20.9325975, 43.213429600000005],
     [20.9325726, 43.2133109],
     [20.932541200000003, 43.213193100000005],
     [20.932482200000003, 43.213019100000004],
     [20.9324708, 43.212969400000006],
     [20.9324634, 43.212919400000004],
     [20.9324598, 43.212852000000005],
     [20.9324634, 43.212784500000005], [20.9324595, 43.2125714],
     [20.9324634, 43.2123584], [20.932479500000003, 43.2120886],
     [20.932498300000002, 43.2118188],
     [20.932513500000002, 43.2117525],
     [20.932525100000003, 43.211685900000006],
     [20.932534800000003, 43.211600000000004],
     [20.9325385, 43.2115139], [20.9325519, 43.2112988],
     [20.9325787, 43.211120900000004], [20.9325818, 43.2111065],
     [20.9325881, 43.2110926], [20.9326042, 43.211073000000006]]}},
  {"type":"Feature",
   "properties":{},
   "geometry":
   {"type":"LineString",
    "coordinates":
    [[20.9304102, 43.208146500000005],
     [20.930433500000003, 43.208153100000004],
     [20.930454400000002, 43.2081631],
     [20.930472400000003, 43.2081765], [20.9304861, 43.2081924],
     [20.9304947, 43.20821], [20.930575100000002, 43.208405500000005],
     [20.9306583, 43.2086303], [20.9307173, 43.2088161],
     [20.9307322, 43.208875400000004],
     [20.930754800000003, 43.2089334],
     [20.9307865, 43.208992200000004],
     [20.930825900000002, 43.2090484], [20.9308729, 43.2091015],
     [20.931060600000002, 43.2093361], [20.9310981, 43.2093925],
     [20.9311277, 43.209451400000006], [20.931145, 43.2094989],
     [20.9311572, 43.2095472], [20.9311732, 43.209585100000005],
     [20.931194700000002, 43.209621500000004],
     [20.931479000000003, 43.210012500000005],
     [20.931532200000003, 43.210092100000004],
     [20.9315949, 43.2101679],
     [20.931666800000002, 43.210239300000005],
     [20.9317259, 43.2102893], [20.9317895, 43.2103362],
     [20.9318572, 43.21038], [20.9319352, 43.2104246],
     [20.932010100000003, 43.2104719],
     [20.932097300000002, 43.210533500000004],
     [20.932179100000003, 43.210599], [20.932272700000002, 43.2106574],
     [20.932357, 43.2107228], [20.9324312, 43.210794500000006],
     [20.932475, 43.2108458], [20.932513500000002, 43.2108993],
     [20.932546600000002, 43.2109548],
     [20.9326042, 43.211073000000006]]}},
  {"type":"Feature",
   "properties":{},
   "geometry":
   {"type":"LineString",
    "coordinates":
    [[20.9305495, 43.205980700000005],
     [20.930496400000003, 43.2061859], [20.9304531, 43.2063694],
     [20.930433, 43.2064916], [20.9304187, 43.2065926],
     [20.9303981, 43.2067056], [20.930377, 43.206795],
     [20.930342, 43.2069424], [20.9303355, 43.2069806],
     [20.930327000000002, 43.2070243],
     [20.930327000000002, 43.207062400000005],
     [20.930328900000003, 43.2070985],
     [20.9303418, 43.207300000000004], [20.930349, 43.2073972],
     [20.930369900000002, 43.207568800000004],
     [20.930395800000003, 43.2077022],
     [20.930418200000002, 43.2078366], [20.9304287, 43.207903],
     [20.930433, 43.2079764], [20.9304323, 43.208021900000006],
     [20.9304306, 43.208055300000005], [20.9304279, 43.2080806],
     [20.930422200000002, 43.2081098], [20.9304162, 43.2081323],
     [20.9304102, 43.208146500000005]]}},
  {"type":"Feature",
   "properties":{},
   "geometry":
   {"type":"LineString",
    "coordinates":
    [[20.9305495, 43.205980700000005],
     [20.9305862, 43.205985500000004], [20.9306234, 43.2059872],
     [20.930673600000002, 43.2059846],
     [20.9307227, 43.205976400000004],
     [20.930917100000002, 43.205946100000006],
     [20.931005300000002, 43.2059335],
     [20.931094100000003, 43.205923600000006],
     [20.931230900000003, 43.205913900000006],
     [20.931351600000003, 43.205909000000005],
     [20.931496000000003, 43.2058965],
     [20.931638600000003, 43.2058757], [20.9317449, 43.2058546],
     [20.931849200000002, 43.205828800000006],
     [20.9319042, 43.2058149], [20.9319567, 43.205796500000005],
     [20.932006100000002, 43.2057741],
     [20.932056900000003, 43.2057444], [20.9321023, 43.2057103]]}},
  {"type":"Feature",
   "properties":{},
   "geometry":
   {"type":"LineString",
    "coordinates":
    [[20.9321023, 43.2057103], [20.9321415, 43.205672400000005],
     [20.932175100000002, 43.2056327],
     [20.9322033, 43.205590900000004], [20.932226, 43.2055473],
     [20.9322412, 43.2055135], [20.9322628, 43.2054817],
     [20.932290400000003, 43.2054525], [20.932323, 43.205426700000004],
     [20.9323601, 43.2054046],
     [20.932393100000002, 43.205398100000004],
     [20.932427200000003, 43.2053967],
     [20.932459700000003, 43.2054003],
     [20.9324905, 43.205408600000005],
     [20.932518400000003, 43.2054212],
     [20.932645800000003, 43.2054916],
     [20.932691300000002, 43.205513100000005],
     [20.932740900000002, 43.2055292], [20.9327933, 43.2055395],
     [20.9328577, 43.2055438], [20.932922100000003, 43.2055395],
     [20.9331447, 43.2054789], [20.933303000000002, 43.2054297],
     [20.9334586, 43.205376300000005],
     [20.9336114, 43.205318500000004], [20.9338328, 43.2052271],
     [20.9340593, 43.2051426], [20.9342192, 43.205088100000005],
     [20.9342988, 43.2050603], [20.9343812, 43.205037000000004],
     [20.9344733, 43.205017000000005],
     [20.934567400000002, 43.2050026], [20.9346628, 43.204994],
     [20.9347329, 43.2049893], [20.934802, 43.2049794],
     [20.934869300000003, 43.204964700000005],
     [20.9349302, 43.204946500000005],
     [20.934988500000003, 43.2049243], [20.9350437, 43.2048982],
     [20.9350913, 43.204865000000005],
     [20.935129500000002, 43.2048259],
     [20.9351789, 43.204769600000006],
     [20.935234100000002, 43.2047164], [20.9353033, 43.2046603],
     [20.935379, 43.2046088], [20.935569400000002, 43.204518900000004],
     [20.9356276, 43.2044863], [20.9356821, 43.2044505],
     [20.935750600000002, 43.204396300000006],
     [20.935810800000002, 43.204337100000004],
     [20.935857600000002, 43.204285500000005],
     [20.935894, 43.204229600000005], [20.935918, 43.2041738],
     [20.935931500000002, 43.2041162], [20.935939, 43.204078800000005],
     [20.935950300000002, 43.2040419], [20.9359723, 43.2039911],
     [20.9360012, 43.2039422], [20.936033400000003, 43.2038874],
     [20.9360502, 43.203845300000005],
     [20.936061000000002, 43.203802100000004],
     [20.936065600000003, 43.203758400000005], [20.936059, 43.2037233],
     [20.9360629, 43.203688]]}},
  {"type":"Feature",
   "properties":{},
   "geometry":
   {"type":"LineString",
    "coordinates":
    [[20.9360629, 43.203688], [20.9360742, 43.2036596],
     [20.9360924, 43.203633200000006], [20.9361226, 43.203617],
     [20.936156, 43.203604500000004],
     [20.936191700000002, 43.203596100000006],
     [20.936234900000002, 43.203591700000004],
     [20.9362785, 43.2035932], [20.936320900000002, 43.2036006],
     [20.9363607, 43.203613700000005], [20.9366369, 43.2036802],
     [20.936660800000002, 43.203684100000004],
     [20.936685200000003, 43.2036821], [20.9367072, 43.2036747],
     [20.9367248, 43.2036625], [20.936736200000002, 43.2036469],
     [20.936735900000002, 43.2036084], [20.9367254, 43.2035707],
     [20.9367081, 43.2035391], [20.9366838, 43.203510200000004],
     [20.936653, 43.203484700000004], [20.9364949, 43.2033538],
     [20.936328500000002, 43.2032285],
     [20.9362305, 43.203160100000005],
     [20.936178100000003, 43.2031286],
     [20.936130000000002, 43.2030936],
     [20.9360715, 43.203040400000006],
     [20.9360229, 43.202982000000006], [20.9359851, 43.2029196],
     [20.9359553, 43.202867000000005],
     [20.9359208, 43.202816000000006],
     [20.9358814, 43.202766100000005],
     [20.935857600000002, 43.2027431],
     [20.935837600000003, 43.2027182], [20.9358144, 43.2026764],
     [20.9358018, 43.202632300000005],
     [20.935798700000003, 43.202609800000005],
     [20.9358001, 43.2025872], [20.93581, 43.2025546],
     [20.935829100000003, 43.2025242],
     [20.935856400000002, 43.202497300000005],
     [20.9359001, 43.2024771], [20.9359405, 43.202453600000005],
     [20.935977100000002, 43.202426900000006],
     [20.9360135, 43.202393300000004], [20.9360438, 43.2023566],
     [20.9360675, 43.202317400000005],
     [20.936084400000002, 43.2022764],
     [20.9360977, 43.202220100000005], [20.9361004, 43.2021631],
     [20.9360924, 43.202106300000004],
     [20.936089600000003, 43.2020423], [20.9360931, 43.2019783],
     [20.9361032, 43.2019147],
     [20.936186300000003, 43.201727000000005],
     [20.9363204, 43.2014337], [20.9363315, 43.201385800000004],
     [20.9363342, 43.201337300000006], [20.936328500000002, 43.201289],
     [20.936319700000002, 43.201256400000005],
     [20.9363156, 43.201240000000006],
     [20.936307000000003, 43.2012245],
     [20.936290500000002, 43.2012075], [20.9362685, 43.2011942],
     [20.9362426, 43.2011854], [20.9361721, 43.201154800000005],
     [20.9361085, 43.2011169], [20.936002600000002, 43.2010206],
     [20.935902000000002, 43.200921400000006],
     [20.9358606, 43.2008888], [20.9358264, 43.200852000000005],
     [20.9358001, 43.200811900000005], [20.9357818, 43.2007677],
     [20.9357733, 43.200722000000006]]}},
  {"type":"Feature",
   "properties":{},
   "geometry":
   {"type":"LineString",
    "coordinates":
    [[20.9358423, 43.1991652], [20.935813500000002, 43.1992692],
     [20.935805000000002, 43.1993081], [20.9358033, 43.1993474],
     [20.935808100000003, 43.199386600000004],
     [20.9358258, 43.199439500000004], [20.9358556, 43.1994896],
     [20.935896600000003, 43.1995352],
     [20.935910800000002, 43.1995718],
     [20.935918100000002, 43.1996095],
     [20.935917500000002, 43.199655500000006],
     [20.9359067, 43.1997009], [20.935885900000002, 43.1997444],
     [20.935767900000002, 43.2001295], [20.9356686, 43.20046],
     [20.9356651, 43.2005217],
     [20.935674000000002, 43.200583200000004],
     [20.935692200000002, 43.200636100000004],
     [20.9357018, 43.2006626], [20.935719600000002, 43.2006868],
     [20.9357437, 43.200706600000004],
     [20.9357733, 43.200722000000006]]}},
  {"type":"Feature",
   "properties":{},
   "geometry":
   {"type":"LineString",
    "coordinates":
    [[20.9358423, 43.1991652],
     [20.935795000000002, 43.199038900000005],
     [20.935889600000003, 43.198525000000004],
     [20.9358706, 43.1984215], [20.9357618, 43.198311200000006],
     [20.935572500000003, 43.1977411]]}},
  {"type":"Feature",
   "properties":{},
   "geometry":
   {"type":"LineString",
    "coordinates":
    [[20.9350318, 43.1965531], [20.9350545, 43.1965723],
     [20.935081200000003, 43.196588500000004],
     [20.9351159, 43.1966028], [20.9351537, 43.196612],
     [20.9353146, 43.196643300000005], [20.9353531, 43.1966497],
     [20.9353924, 43.196653000000005],
     [20.935442400000003, 43.1966528],
     [20.935491900000002, 43.196647500000005],
     [20.935539900000002, 43.1966374], [20.935697, 43.1966124],
     [20.935851, 43.1965787], [20.935954300000002, 43.1965507],
     [20.936055500000002, 43.196518700000006],
     [20.9361541, 43.1964829], [20.9362721, 43.1964477],
     [20.9363056, 43.1964478], [20.9363372, 43.196455900000004],
     [20.9363633, 43.196471200000005],
     [20.936379000000002, 43.1964886], [20.9363873, 43.1965086],
     [20.9363874, 43.1965294], [20.9363794, 43.1965494],
     [20.9363488, 43.196594000000005], [20.9363151, 43.1966374],
     [20.936269000000003, 43.196689400000004],
     [20.936218500000003, 43.1967391], [20.9361418, 43.1968071],
     [20.9360737, 43.196879800000005], [20.9360217, 43.1969464],
     [20.935977, 43.1970156], [20.9359395, 43.197087100000005],
     [20.935883500000003, 43.197181300000004],
     [20.935820900000003, 43.197273300000006],
     [20.935751800000002, 43.1973628], [20.9355023, 43.1976503],
     [20.9354917, 43.1976661], [20.9354871, 43.197683500000004],
     [20.935488900000003, 43.1977011], [20.9354979, 43.1977191],
     [20.9355136, 43.1977345], [20.935534500000003, 43.1977461],
     [20.935572500000003, 43.1977411]]}},
  {"type":"Feature",
   "properties":{},
   "geometry":
   {"type":"LineString",
    "coordinates":
    [[20.9359305, 43.193268700000004],
     [20.935945800000002, 43.193530300000006],
     [20.9359971, 43.194040300000005], [20.9360064, 43.1941196],
     [20.9360204, 43.194183], [20.9360344, 43.1942363],
     [20.936053100000002, 43.1942985],
     [20.9360718, 43.194354000000004], [20.936104, 43.1944649],
     [20.936113000000002, 43.194532300000006],
     [20.9361174, 43.194606500000006],
     [20.936116300000002, 43.194692100000005],
     [20.9360986, 43.1947616], [20.936080800000003, 43.1948175],
     [20.936045200000002, 43.1949259],
     [20.935974100000003, 43.1951393],
     [20.9359416, 43.195255200000005], [20.9359185, 43.1953201],
     [20.9359004, 43.195361600000005],
     [20.935882300000003, 43.195396300000006],
     [20.9358462, 43.1954555], [20.9358101, 43.195506200000004],
     [20.935774000000002, 43.195550100000006],
     [20.9357204, 43.195608500000006], [20.9356714, 43.1956635],
     [20.9355735, 43.195776800000004],
     [20.9354102, 43.195999400000005],
     [20.9353355, 43.196110700000006], [20.9352889, 43.196188],
     [20.935247500000003, 43.196267000000006],
     [20.9352039, 43.1963494], [20.935172700000003, 43.1964102],
     [20.9351415, 43.1964607], [20.9351072, 43.1965057],
     [20.9350753, 43.196532000000005], [20.9350318, 43.1965531]]}},
  {"type":"Feature",
   "properties":{},
   "geometry":
   {"type":"LineString",
    "coordinates":
    [[20.9359305, 43.193268700000004],
     [20.936165300000003, 43.193029200000005],
     [20.936734100000002, 43.1928587],
     [20.937046000000002, 43.192788400000005],
     [20.9375323, 43.192547600000005],
     [20.937812100000002, 43.192333600000005],
     [20.937922200000003, 43.1921162],
     [20.938335000000002, 43.191811900000005],
     [20.9387204, 43.1915543],
     [20.939151600000002, 43.191337000000004],
     [20.9393947, 43.191216600000004],
     [20.939679100000003, 43.1910359], [20.9397433, 43.1909456],
     [20.9402066, 43.1908788], [20.9406837, 43.1906881],
     [20.9409177, 43.1904607], [20.941147, 43.190310200000006],
     [20.941587400000003, 43.190136300000006],
     [20.9417709, 43.190015900000006],
     [20.942449800000002, 43.189801800000005],
     [20.943119600000003, 43.1896246],
     [20.943431500000003, 43.1892834],
     [20.9439315, 43.189019200000004], [20.9443489, 43.1889322],
     [20.944931500000003, 43.1888955],
     [20.945844400000002, 43.188965700000004],
     [20.946638, 43.188785100000004], [20.9471151, 43.1887684],
     [20.9474041, 43.1887684], [20.9482068, 43.1885543],
     [20.948890300000002, 43.1884473],
     [20.949514200000003, 43.1883904],
     [20.9500555, 43.188423900000004], [20.9503124, 43.188474],
     [20.9507574, 43.1884138], [20.951161000000003, 43.18827],
     [20.9514317, 43.1879623], [20.9516473, 43.187771700000006],
     [20.951927100000002, 43.1876947],
     [20.952124400000002, 43.187684700000005],
     [20.9523079, 43.1878085], [20.952537200000002, 43.1881028],
     [20.953413400000002, 43.1888687], [20.9538721, 43.1892299],
     [20.954209900000002, 43.1894405],
     [20.954799700000002, 43.1896794],
     [20.9551711, 43.189833400000005], [20.9553386, 43.1897856],
     [20.955433300000003, 43.1897059],
     [20.9554915, 43.189615700000004], [20.9557609, 43.1894511],
     [20.9559357, 43.189477700000005], [20.9559211, 43.1896422],
     [20.956023100000003, 43.1898599], [20.9560886, 43.1899395],
     [20.956197900000003, 43.1898865], [20.9562925, 43.1897803],
     [20.956481800000002, 43.1897697],
     [20.956838700000002, 43.1895626],
     [20.957421200000002, 43.1893449],
     [20.957690600000003, 43.189297100000005],
     [20.957872700000003, 43.189180300000004],
     [20.958782900000003, 43.1889733], [20.9600645, 43.1887768],
     [20.9613024, 43.1881822], [20.9613607, 43.188007000000006],
     [20.961287900000002, 43.1878052], [20.9613024, 43.1876672],
     [20.9614845, 43.1874495]]}},
  {"type":"Feature",
   "properties":{},
   "geometry":
   {"type":"LineString",
    "coordinates":
    [[20.9614845, 43.1874495], [20.9617976, 43.187136300000006],
     [20.9619505, 43.1868124], [20.962183500000002, 43.1865894],
     [20.962351, 43.186424800000005], [20.9625039, 43.186111600000004],
     [20.962970000000002, 43.1857187],
     [20.963392300000002, 43.185474400000004],
     [20.9636472, 43.1854266], [20.963982100000003, 43.1853576],
     [20.9642079, 43.1852992], [20.9644926, 43.185138900000005],
     [20.965051000000003, 43.1846916]]}},
  {"type":"Feature",
   "properties":{},
   "geometry":
   {"type":"LineString",
    "coordinates":
    [[20.965051000000003, 43.1846916], [20.9651925, 43.1847289],
     [20.965437100000003, 43.1846636]]}},
  {"type":"Feature",
   "properties":{},
   "geometry":
   {"type":"LineString",
    "coordinates":
    [[20.9734526, 43.1754112], [20.9733577, 43.1754641],
     [20.9732777, 43.175515100000005],
     [20.9732021, 43.175569700000004],
     [20.973131600000002, 43.1756352], [20.9730707, 43.1757056],
     [20.973029, 43.175765600000005], [20.9729943, 43.1758279],
     [20.9729677, 43.175873], [20.9729326, 43.1759149],
     [20.972893300000003, 43.175949700000004],
     [20.9728481, 43.1759805], [20.9727569, 43.176016600000004],
     [20.9725678, 43.176092000000004],
     [20.972499000000003, 43.1761174], [20.9724323, 43.1761457],
     [20.9723687, 43.1761767], [20.9723076, 43.1762103],
     [20.972060900000002, 43.176383400000006],
     [20.971901300000003, 43.176511500000004],
     [20.9718604, 43.1765497], [20.9718339, 43.1765671],
     [20.971804000000002, 43.1765814],
     [20.9717576, 43.176595500000005], [20.9717081, 43.176602],
     [20.9716625, 43.1766042], [20.971618300000003, 43.1766127],
     [20.971582100000003, 43.1766251],
     [20.971549200000002, 43.1766416],
     [20.971519500000003, 43.176662500000006],
     [20.9714989, 43.176688500000004],
     [20.971490300000003, 43.176711000000005],
     [20.971488400000002, 43.1767344],
     [20.971493600000002, 43.1767575],
     [20.9715105, 43.176788800000004], [20.9715177, 43.176822],
     [20.9715162, 43.1768495], [20.9715081, 43.176876400000005],
     [20.971493600000002, 43.1769017],
     [20.971457700000002, 43.176935500000006],
     [20.9714165, 43.176965800000005], [20.9713618, 43.1769966],
     [20.971301800000003, 43.1770215],
     [20.971256500000003, 43.177040500000004],
     [20.9712079, 43.1770543], [20.971161300000002, 43.1770623],
     [20.971113600000002, 43.177065600000006],
     [20.9710658, 43.1770641], [20.971018, 43.1770597],
     [20.970969800000002, 43.1770603], [20.9709223, 43.177066],
     [20.970861300000003, 43.1770815],
     [20.970805600000002, 43.1771052],
     [20.970629900000002, 43.177252800000005],
     [20.970584900000002, 43.177289900000005],
     [20.970535100000003, 43.1773236],
     [20.970481000000003, 43.177353600000004],
     [20.970400700000003, 43.177388], [20.970314700000003, 43.1774142],
     [20.9701793, 43.1774514], [20.9701296, 43.177467500000006],
     [20.970084, 43.177489200000004], [20.970043800000003, 43.1775159],
     [20.9700045, 43.177553100000004],
     [20.969975400000003, 43.177595100000005],
     [20.969959600000003, 43.177617600000005],
     [20.969954100000002, 43.177642500000005],
     [20.969959300000003, 43.177667500000005],
     [20.969973900000003, 43.177689], [20.9699965, 43.1777065],
     [20.9700251, 43.1777184], [20.970349600000002, 43.1777898],
     [20.970409200000002, 43.1778088],
     [20.970464500000002, 43.1778338], [20.9705146, 43.1778641],
     [20.9705617, 43.1779023], [20.970600400000002, 43.1779452],
     [20.9706243, 43.1779759],
     [20.970640600000003, 43.178009200000005], [20.9706487, 43.178044],
     [20.970647500000002, 43.178084600000005],
     [20.9706441, 43.1781049], [20.9706353, 43.1781242],
     [20.970616500000002, 43.1781468], [20.9705905, 43.1781651],
     [20.9705589, 43.178178100000004], [20.970524, 43.178184900000005],
     [20.9703565, 43.178216000000006],
     [20.970192700000002, 43.1782562],
     [20.9700972, 43.178284500000004],
     [20.970003600000002, 43.1783159],
     [20.969923100000003, 43.1783462], [20.9698989, 43.1783561],
     [20.969879900000002, 43.178370900000004],
     [20.9698682, 43.178389200000005],
     [20.969864700000002, 43.1784089], [20.9698695, 43.1784284],
     [20.9698843, 43.1784466],
     [20.969907000000003, 43.178459700000005],
     [20.969955600000002, 43.1784752],
     [20.9699996, 43.178496800000005], [20.9700284, 43.1785165],
     [20.970053200000002, 43.1785389],
     [20.9700659, 43.178563000000004], [20.9700722, 43.1785884],
     [20.970072000000002, 43.178614200000005],
     [20.970064800000003, 43.178640900000005],
     [20.970050500000003, 43.178666], [20.9700284, 43.178688300000005],
     [20.9699996, 43.1787061], [20.969909700000002, 43.178756],
     [20.9698719, 43.1787815],
     [20.969841300000002, 43.178811700000004],
     [20.9698201, 43.1788437],
     [20.969807000000003, 43.178878000000005],
     [20.969802400000003, 43.178913400000006],
     [20.9697904, 43.179151100000006], [20.9697819, 43.1791818],
     [20.969768900000002, 43.1792117],
     [20.969747700000003, 43.1792461],
     [20.969720600000002, 43.179278200000006], [20.9695262, 43.179509],
     [20.9694149, 43.1796547], [20.9693049, 43.179815100000006],
     [20.9690219, 43.180227800000004], [20.9688811, 43.180442],
     [20.96881, 43.180584800000005], [20.9687591, 43.1807031],
     [20.9687363, 43.180841], [20.9687081, 43.1810004],
     [20.9686886, 43.1810636], [20.9686746, 43.1811275],
     [20.9686646, 43.181210500000006],
     [20.9686638, 43.181293700000005], [20.9686893, 43.1815441],
     [20.9686705, 43.181671200000004],
     [20.9686509, 43.181715700000005],
     [20.968624400000003, 43.181758300000006],
     [20.9685914, 43.181798400000005],
     [20.968547100000002, 43.1818399],
     [20.9684959, 43.181876900000006], [20.9684385, 43.1819089],
     [20.968224000000003, 43.181988100000005],
     [20.9681459, 43.1819964], [20.968067, 43.181997800000005],
     [20.967992600000002, 43.181992900000004],
     [20.9679194, 43.1819817], [20.9678484, 43.1819646],
     [20.9676097, 43.181902], [20.9675368, 43.1818826],
     [20.967460900000003, 43.181870700000005],
     [20.967398600000003, 43.1818667],
     [20.9673361, 43.181867800000006], [20.9672734, 43.1818758],
     [20.967212800000002, 43.1818903], [20.9671533, 43.1819117],
     [20.967098800000002, 43.1819393],
     [20.967050500000003, 43.1819724], [20.9668855, 43.1821093],
     [20.9666777, 43.182293200000004],
     [20.9664872, 43.182439900000006], [20.9664068, 43.1825005],
     [20.966339700000002, 43.1825826],
     [20.966332700000002, 43.182603400000005],
     [20.966329, 43.182624700000005], [20.9663296, 43.1826552],
     [20.966337000000003, 43.1826853], [20.9663766, 43.1827848],
     [20.966408100000002, 43.1828858],
     [20.966434200000002, 43.1830021],
     [20.966449700000002, 43.183119500000004],
     [20.966456400000002, 43.1831752], [20.9664591, 43.183231],
     [20.9664568, 43.183301], [20.9664483, 43.183370800000006],
     [20.966437600000003, 43.183410300000006],
     [20.9664188, 43.1834481], [20.966386800000002, 43.1834896],
     [20.9663451, 43.183526300000004], [20.96627, 43.183583000000006],
     [20.966241200000002, 43.183594500000005],
     [20.966209600000003, 43.183600600000005],
     [20.9661826, 43.1836015], [20.9661559, 43.1835985],
     [20.966130500000002, 43.1835918],
     [20.965964200000002, 43.1834882],
     [20.965850200000002, 43.1834168], [20.9658005, 43.1833898],
     [20.9657456, 43.183368900000005],
     [20.965695800000002, 43.183356100000005],
     [20.965644100000002, 43.183348200000005],
     [20.9655914, 43.1833454], [20.9653527, 43.183343400000005],
     [20.9650885, 43.183348300000006],
     [20.964871900000002, 43.1833566],
     [20.9648471, 43.183356100000005], [20.9648229, 43.1833601],
     [20.964800800000003, 43.183368400000006],
     [20.9647766, 43.1833857], [20.964761900000003, 43.183408],
     [20.9647708, 43.1834341], [20.964788000000002, 43.1834579],
     [20.9648101, 43.1834762], [20.9648371, 43.183490600000006],
     [20.9648678, 43.1835004],
     [20.965068300000002, 43.183548800000004],
     [20.965130900000002, 43.183563400000004], [20.965191, 43.1835827],
     [20.965248000000003, 43.1836065],
     [20.9652974, 43.183632200000005],
     [20.965343200000003, 43.183661300000004],
     [20.965384800000002, 43.183693500000004],
     [20.9654183, 43.183735000000006],
     [20.965444400000003, 43.183779300000005],
     [20.965462600000002, 43.183825500000005],
     [20.965472700000003, 43.1838732],
     [20.965474500000003, 43.1839213], [20.965468, 43.1839693],
     [20.9653996, 43.1842656], [20.9653756, 43.184336300000005],
     [20.9653607, 43.1844084], [20.965355900000002, 43.1844577],
     [20.965355300000002, 43.184507100000005],
     [20.965359600000003, 43.184550400000006],
     [20.9653755, 43.184592200000004],
     [20.965401500000002, 43.1846301],
     [20.965437100000003, 43.1846636]]}},
  {"type":"Feature",
   "properties":{},
   "geometry":
   {"type":"LineString",
    "coordinates":
    [[20.9761455, 43.1723263], [20.9759727, 43.172691300000004],
     [20.9757582, 43.1730737], [20.9755676, 43.17333],
     [20.9754067, 43.1736298], [20.9752161, 43.1738123],
     [20.974989700000002, 43.1739644], [20.9747692, 43.1741121],
     [20.9746679, 43.174207700000004], [20.9745905, 43.1743467],
     [20.9744713, 43.1744336], [20.9743879, 43.174568300000004],
     [20.974286600000003, 43.174663900000006],
     [20.9741675, 43.174868100000005],
     [20.974054300000002, 43.174955000000004],
     [20.9739113, 43.1750289], [20.9737802, 43.175163500000004],
     [20.9737326, 43.175285200000005], [20.9734526, 43.1754112]]}},
  {"type":"Feature",
   "properties":{},
   "geometry":
   {"type":"LineString",
    "coordinates":
    [[20.976612900000003, 43.1714513],
     [20.976550600000003, 43.1715529],
     [20.976439600000003, 43.1717255], [20.976423, 43.1718313],
     [20.976467200000002, 43.1720352], [20.9763957, 43.1721352],
     [20.9762527, 43.172243800000004], [20.9761455, 43.1723263]]}},
  {"type":"Feature",
   "properties":{},
   "geometry":
   {"type":"LineString",
    "coordinates":
    [[20.997806, 43.169410400000004], [20.9976382, 43.169455],
     [20.9975577, 43.169471900000005], [20.9974798, 43.1694888],
     [20.9974239, 43.1694973],
     [20.997346500000003, 43.169502900000005],
     [20.9972347, 43.169507200000005], [20.9971487, 43.1695155],
     [20.997085600000002, 43.1695257],
     [20.997004800000003, 43.169546100000005],
     [20.9969201, 43.1695739], [20.9968326, 43.1696104],
     [20.9966943, 43.169669400000004], [20.9965309, 43.1697268],
     [20.9963242, 43.1698577], [20.9962814, 43.169908],
     [20.9962415, 43.1699597], [20.9962114, 43.170006400000005],
     [20.9961868, 43.170058000000004],
     [20.996164200000003, 43.170120100000005],
     [20.9961197, 43.170263500000004], [20.9960974, 43.1703333],
     [20.9960752, 43.1703953], [20.996046, 43.1704584],
     [20.996016700000002, 43.1705119],
     [20.995987500000002, 43.1705653], [20.9959583, 43.1706148],
     [20.9959294, 43.170650900000005],
     [20.995887200000002, 43.170694000000005],
     [20.995851000000002, 43.170723300000006],
     [20.995808200000003, 43.1707504],
     [20.995706700000003, 43.170835700000005],
     [20.995579900000003, 43.1708963],
     [20.995235400000002, 43.1710426], [20.9951489, 43.1710806],
     [20.9950784, 43.171106900000005],
     [20.994918000000002, 43.1711594], [20.9947591, 43.1712125],
     [20.994536800000002, 43.1712744], [20.9943034, 43.1713108],
     [20.994153400000002, 43.1713145],
     [20.9940165, 43.171314800000005], [20.993890200000003, 43.171315],
     [20.9937599, 43.1713132], [20.9936377, 43.1713115],
     [20.993518100000003, 43.1713177],
     [20.9934119, 43.171324000000006],
     [20.993309500000002, 43.1713316], [20.9932151, 43.1713411],
     [20.9930907, 43.171359200000005],
     [20.992953800000002, 43.171381800000006],
     [20.992830400000003, 43.171405400000005],
     [20.9926184, 43.171448700000006], [20.9923641, 43.1714946],
     [20.992115100000003, 43.1715387],
     [20.991987100000003, 43.1715626], [20.9918939, 43.1715827],
     [20.9918364, 43.171599300000004],
     [20.9917829, 43.171618800000005], [20.9917318, 43.1716411],
     [20.9916379, 43.171690000000005],
     [20.991562700000003, 43.171729000000006],
     [20.991492100000002, 43.171765400000005],
     [20.9914416, 43.171789000000004], [20.9913674, 43.1718187],
     [20.9913013, 43.1718421], [20.9912378, 43.1718635],
     [20.9911657, 43.1718842], [20.9910427, 43.1719148],
     [20.9909481, 43.1719377], [20.990879600000003, 43.171948],
     [20.990811, 43.1719534], [20.9907141, 43.1719505],
     [20.990614100000002, 43.171946600000005],
     [20.9905027, 43.171939300000005],
     [20.990309500000002, 43.171919300000006],
     [20.9901859, 43.171902800000005],
     [20.990058400000002, 43.171881500000005],
     [20.989952300000002, 43.171858300000004],
     [20.989882100000003, 43.1718382], [20.9898227, 43.1718181],
     [20.989727900000002, 43.1717839], [20.9896277, 43.1717438],
     [20.9895356, 43.1717037], [20.989474400000002, 43.1716795],
     [20.989405100000003, 43.1716573],
     [20.989333600000002, 43.1716422],
     [20.989268300000003, 43.171631500000004],
     [20.989179200000002, 43.171622], [20.9891089, 43.1716184],
     [20.9890781, 43.1716187], [20.9890326, 43.1716204],
     [20.9889741, 43.1716259], [20.9889028, 43.1716375],
     [20.9888385, 43.1716452], [20.9887513, 43.1716518],
     [20.988665, 43.171655200000004], [20.9885822, 43.1716573],
     [20.988523100000002, 43.171664], [20.9884801, 43.1716708],
     [20.988418300000003, 43.171684400000004],
     [20.9883484, 43.1717019], [20.9883081, 43.171715400000004],
     [20.9882823, 43.1717268], [20.9882566, 43.1717433],
     [20.9880956, 43.1718684],
     [20.987947400000003, 43.171987200000004],
     [20.9873473, 43.172484100000005], [20.9871233, 43.1726717],
     [20.986911600000003, 43.1728122], [20.9867279, 43.1728858],
     [20.986515, 43.172934700000006], [20.986310500000002, 43.1730001],
     [20.986075, 43.1730584], [20.9859259, 43.173064700000005],
     [20.9856993, 43.173032600000006],
     [20.985474200000002, 43.1729706],
     [20.985198200000003, 43.1728819],
     [20.984890200000002, 43.1727894],
     [20.9846973, 43.172749100000004], [20.9844849, 43.1727276],
     [20.9840121, 43.172712700000005], [20.9836622, 43.172713],
     [20.9831508, 43.1726984], [20.9828748, 43.172657300000004],
     [20.982356000000003, 43.172561900000005],
     [20.9821187, 43.1725463], [20.9808045, 43.172504100000005],
     [20.9801986, 43.172445800000006],
     [20.979826000000003, 43.1724242],
     [20.9796757, 43.172412300000005],
     [20.9795254, 43.172386100000004],
     [20.9793783, 43.172341100000004],
     [20.979272400000003, 43.1722867], [20.9791794, 43.1722182],
     [20.978931000000003, 43.171998200000004],
     [20.978619700000003, 43.1717971],
     [20.978307700000002, 43.171668800000006],
     [20.978072700000002, 43.171615200000005],
     [20.9779522, 43.1716074], [20.9778318, 43.171609100000005],
     [20.9775451, 43.1716636], [20.9774473, 43.1716647],
     [20.9772867, 43.1716406], [20.9766914, 43.1714734],
     [20.976612900000003, 43.1714513]]}},
  {"type":"Feature",
   "properties":{},
   "geometry":
   {"type":"LineString",
    "coordinates":
    [[21.002167800000002, 43.168100200000005],
     [21.002134700000003, 43.1681289],
     [21.0020731, 43.168182900000005], [21.0020263, 43.168219],
     [21.0019771, 43.1682551], [21.001929, 43.168292],
     [21.001881, 43.1683255], [21.0018475, 43.168348200000004],
     [21.001815, 43.168368400000006], [21.0017718, 43.1683937],
     [21.0017296, 43.168416400000005], [21.0016769, 43.1684422],
     [21.0016123, 43.1684726], [21.0014715, 43.168530000000004],
     [21.001192200000002, 43.168648100000006],
     [21.0009881, 43.1687382],
     [21.000890700000003, 43.168778100000004],
     [21.000800400000003, 43.168812900000006], [21.00075, 43.168829],
     [21.0006996, 43.168843900000006],
     [21.000667800000002, 43.168851000000004],
     [21.000629800000002, 43.1688575],
     [21.000566300000003, 43.1688659],
     [21.0004783, 43.168872500000006], [21.000336, 43.1688776],
     [21.0002044, 43.168880800000004],
     [21.0001149, 43.168882100000005],
     [21.0000308, 43.168883300000005], [20.999955, 43.168879000000004],
     [20.9998337, 43.1688679], [20.999731200000003, 43.1688567],
     [20.9995306, 43.168833400000004],
     [20.9994504, 43.168826700000004],
     [20.999364800000002, 43.1688199],
     [20.999276300000002, 43.168817000000004],
     [20.9992145, 43.168820000000004],
     [20.9991607, 43.168828000000005], [20.9991039, 43.1688393],
     [20.9990551, 43.1688525], [20.9989978, 43.168871100000004],
     [20.998928900000003, 43.168898600000006], [20.9988634, 43.16893],
     [20.998689900000002, 43.1690233], [20.9986533, 43.1690424],
     [20.9985415, 43.1691008], [20.9983957, 43.169176300000004],
     [20.998293, 43.1692216], [20.9982389, 43.169240900000005],
     [20.9981902, 43.169257200000004],
     [20.9980827, 43.169304700000005],
     [20.997926900000003, 43.169382000000006],
     [20.997806, 43.169410400000004]]}},
  {"type":"Feature",
   "properties":{},
   "geometry":
   {"type":"LineString",
    "coordinates":
    [[21.0022637, 43.168014],
     [21.002167800000002, 43.168100200000005]]}},
  {"type":"Feature",
   "properties":{},
   "geometry":
   {"type":"LineString",
    "coordinates":
    [[21.011540200000002, 43.1639907],
     [21.0113811, 43.164039700000004], [21.0112995, 43.1640656],
     [21.011224000000002, 43.1640856], [21.0111454, 43.1641045],
     [21.0110728, 43.1641204], [21.0110023, 43.164132900000006],
     [21.0109318, 43.164144], [21.0108608, 43.164152400000006],
     [21.0107918, 43.1641594], [21.0106904, 43.164167400000004],
     [21.010338, 43.164195], [21.0099835, 43.164227000000004],
     [21.009864200000003, 43.164239800000004],
     [21.0097469, 43.164252700000006], [21.00965, 43.1642615],
     [21.009563200000002, 43.1642644],
     [21.0094825, 43.164265300000004],
     [21.009410000000003, 43.164261800000006],
     [21.009344600000002, 43.1642558], [21.0092791, 43.1642467],
     [21.0092249, 43.164241000000004],
     [21.009175600000003, 43.164237500000006],
     [21.0091331, 43.1642372], [21.0090796, 43.1642439],
     [21.0090092, 43.164257400000004], [21.008952, 43.1642693],
     [21.008891700000003, 43.164287800000004],
     [21.0088474, 43.164308600000005],
     [21.008805600000002, 43.164331600000004],
     [21.0087544, 43.1643643], [21.0087107, 43.164388200000005],
     [21.008660900000002, 43.1644136],
     [21.008601900000002, 43.1644421],
     [21.008535700000003, 43.1644664], [21.0084598, 43.164487],
     [21.0083778, 43.1645046], [21.008287000000003, 43.1645249],
     [21.0082343, 43.1645413], [21.0081999, 43.1645562],
     [21.0081636, 43.164577200000004],
     [21.008131600000002, 43.1646043],
     [21.008104300000003, 43.1646348], [21.008054, 43.164697000000004],
     [21.008016700000002, 43.1647407],
     [21.007981400000002, 43.164782900000006],
     [21.0079467, 43.1648141], [21.007916, 43.164842400000005],
     [21.007875000000002, 43.164878200000004],
     [21.007844900000002, 43.1648987],
     [21.0077967, 43.164926300000005],
     [21.007757400000003, 43.1649459],
     [21.007717300000003, 43.1649614], [21.0076241, 43.1649988],
     [21.0075532, 43.165027300000006],
     [21.007469500000003, 43.165068000000005],
     [21.0073905, 43.165108700000005],
     [21.007321700000002, 43.165146500000006],
     [21.007259400000002, 43.165183500000005], [21.007203, 43.1652227],
     [21.007107, 43.1652915], [21.0068825, 43.1654544],
     [21.0068392, 43.1654836], [21.006797900000002, 43.1655084],
     [21.006761700000002, 43.1655273],
     [21.006724400000003, 43.1655454], [21.006668, 43.1655682],
     [21.0065938, 43.1655931], [21.006520700000003, 43.1656173],
     [21.0064639, 43.165634000000004],
     [21.006375600000002, 43.1656564],
     [21.006235800000002, 43.165689300000004],
     [21.0061742, 43.165705100000004],
     [21.0061085, 43.165727600000004],
     [21.006062500000002, 43.1657473],
     [21.0060301, 43.165765300000004],
     [21.005991700000003, 43.165794500000004],
     [21.005959500000003, 43.165823], [21.0059296, 43.165855],
     [21.0058778, 43.1659169], [21.0057873, 43.1660307],
     [21.005743900000002, 43.1660829],
     [21.005704700000003, 43.1661263],
     [21.005656600000002, 43.1661731], [21.0055523, 43.1662666],
     [21.005428600000002, 43.166369800000005],
     [21.0053069, 43.1664686],
     [21.005269700000003, 43.166495600000005],
     [21.0052348, 43.1665191], [21.005202500000003, 43.166539],
     [21.005168100000002, 43.166555], [21.005132, 43.1665682],
     [21.005077200000002, 43.1665792],
     [21.005005200000003, 43.166589200000004],
     [21.004920300000002, 43.166599100000006],
     [21.004772300000003, 43.166614200000005],
     [21.0047177, 43.1666241],
     [21.004669200000002, 43.166636700000005],
     [21.004632400000002, 43.1666492], [21.0045843, 43.1666692],
     [21.0045326, 43.166695600000004], [21.0044818, 43.1667245],
     [21.004436400000003, 43.1667531],
     [21.0043991, 43.166778300000004], [21.0043387, 43.1668219],
     [21.004231500000003, 43.1668996],
     [21.0041337, 43.166972200000004],
     [21.0039896, 43.167076800000004],
     [21.0038665, 43.167164400000004],
     [21.0037364, 43.167253200000005], [21.0036086, 43.1673403],
     [21.003407900000003, 43.1674797],
     [21.0033122, 43.167547600000006],
     [21.003218800000003, 43.1676122],
     [21.0031548, 43.167653400000006], [21.0031047, 43.1676827],
     [21.0030536, 43.1677071], [21.002997, 43.1677297],
     [21.0029587, 43.167744400000004],
     [21.002893500000003, 43.167765900000006],
     [21.002823900000003, 43.1677868], [21.0026893, 43.1678286],
     [21.0025869, 43.167863100000005], [21.0025078, 43.1678926],
     [21.0024586, 43.1679133], [21.0024212, 43.167930500000004],
     [21.0023789, 43.1679515], [21.0022637, 43.168014]]}},
  {"type":"Feature",
   "properties":{},
   "geometry":
   {"type":"LineString",
    "coordinates":
    [[21.0116586, 43.163955900000005],
     [21.011540200000002, 43.1639907]]}},
  {"type":"Feature",
   "properties":{},
   "geometry":
   {"type":"LineString",
    "coordinates":
    [[21.0171838, 43.164425300000005],
     [21.017108200000003, 43.1643837],
     [21.0170616, 43.164365700000005],
     [21.017020900000002, 43.164357800000005],
     [21.0169564, 43.164357800000005],
     [21.016876200000002, 43.164362000000004],
     [21.0167714, 43.164365100000005], [21.016698, 43.1643616],
     [21.0166369, 43.1643582], [21.0165696, 43.1643525],
     [21.0164978, 43.1643434], [21.0162546, 43.164304400000006],
     [21.0161537, 43.164288400000004],
     [21.016068100000002, 43.1642792],
     [21.015994000000003, 43.1642742],
     [21.015928600000002, 43.1642756], [21.0158893, 43.1642802],
     [21.015841700000003, 43.1642919],
     [21.0157588, 43.164315800000004], [21.0156375, 43.1643555],
     [21.0155664, 43.1643741], [21.0155016, 43.1643927],
     [21.015435, 43.164404100000006], [21.015361300000002, 43.1644097],
     [21.0152845, 43.1644153],
     [21.015191100000003, 43.164426600000006],
     [21.015082200000002, 43.1644468],
     [21.015019600000002, 43.1644603],
     [21.0149657, 43.164475800000005], [21.0149025, 43.1644981],
     [21.0148309, 43.1645186], [21.0147716, 43.164532400000006],
     [21.0147315, 43.164532900000005], [21.0147006, 43.1645255],
     [21.014669700000002, 43.1645084], [21.0146367, 43.1644864],
     [21.0143726, 43.164273400000006],
     [21.014282700000003, 43.164194200000004],
     [21.014191200000003, 43.164114000000005],
     [21.014132500000002, 43.164064700000004],
     [21.014082300000002, 43.1640278], [21.0140344, 43.1639909],
     [21.0139865, 43.1639591], [21.013933700000003, 43.1639299],
     [21.013887, 43.1639058], [21.013842500000003, 43.163886700000006],
     [21.013781700000003, 43.1638658],
     [21.013712400000003, 43.1638499], [21.0136322, 43.163834],
     [21.013490100000002, 43.1638147],
     [21.0133608, 43.163797100000004],
     [21.0132479, 43.163779500000004],
     [21.0130535, 43.163748600000005], [21.0129184, 43.1637335],
     [21.012804300000003, 43.163723600000004],
     [21.0127567, 43.163721800000005], [21.0127044, 43.1637217],
     [21.0126348, 43.163726700000005],
     [21.0125762, 43.163733300000004], [21.0124986, 43.1637482],
     [21.012393000000003, 43.163769],
     [21.012301400000002, 43.163788100000005],
     [21.0120919, 43.1638395], [21.0118848, 43.1638943],
     [21.011790100000002, 43.163920100000006],
     [21.0116586, 43.163955900000005]]}},
  {"type":"Feature",
   "properties":{},
   "geometry":
   {"type":"LineString",
    "coordinates":
    [[21.0172779, 43.1644803], [21.0171838, 43.164425300000005]]}},
  {"type":"Feature",
   "properties":{},
   "geometry":
   {"type":"LineString",
    "coordinates":
    [[21.0260313, 43.1652761], [21.0259551, 43.1653096],
     [21.0258843, 43.165339200000005], [21.0258439, 43.1653547],
     [21.0258009, 43.1653682], [21.025747000000003, 43.1653815],
     [21.0256903, 43.165386700000006],
     [21.0256277, 43.165393200000004], [21.025583, 43.165404200000005],
     [21.025480700000003, 43.1654497], [21.0253997, 43.1654855],
     [21.0252087, 43.1655704],
     [21.025029200000002, 43.165653600000006],
     [21.0248233, 43.1657625],
     [21.024671100000003, 43.165847500000005],
     [21.0245384, 43.1659236], [21.0244721, 43.165962900000004],
     [21.0244058, 43.1660005], [21.024368300000003, 43.1660211],
     [21.0242992, 43.166053700000006], [21.0242323, 43.1660823],
     [21.0241572, 43.166106600000006], [21.0240845, 43.1661292],
     [21.023941800000003, 43.1661675],
     [21.023817700000002, 43.1661932], [21.0237641, 43.1661993],
     [21.023717400000002, 43.1662012], [21.0236591, 43.166198],
     [21.0236102, 43.1661914], [21.023555100000003, 43.1661769],
     [21.0235023, 43.1661574], [21.0234644, 43.1661404],
     [21.0233732, 43.166083400000005],
     [21.023286600000002, 43.166028100000005],
     [21.0232436, 43.1660024], [21.023205400000002, 43.1659817],
     [21.023156800000002, 43.1659626], [21.0230901, 43.1659449],
     [21.0229645, 43.165915500000004], [21.0228717, 43.1658947],
     [21.022760700000003, 43.1658768],
     [21.0226899, 43.165870000000005], [21.0226332, 43.1658665],
     [21.0225967, 43.165868100000004], [21.0225613, 43.1658747],
     [21.0225158, 43.165889500000006],
     [21.022463300000002, 43.1659127],
     [21.022386400000002, 43.1659541],
     [21.0222886, 43.166005000000006], [21.0222315, 43.1660321],
     [21.0221768, 43.1660559], [21.0221354, 43.166069300000004],
     [21.0220854, 43.1660776], [21.0220337, 43.1660805],
     [21.0219761, 43.166082200000005],
     [21.021895500000003, 43.1660759], [21.0218028, 43.1660697],
     [21.0216965, 43.1660581],
     [21.021532500000003, 43.166031800000006],
     [21.021380500000003, 43.1659996], [21.0213003, 43.1659773],
     [21.021228, 43.165951500000006], [21.0211665, 43.1659257],
     [21.0211137, 43.165897], [21.0210824, 43.1658763],
     [21.021052, 43.1658464], [21.021018400000003, 43.165800700000005],
     [21.020998300000002, 43.165767], [21.0209781, 43.165731400000006],
     [21.0209574, 43.1656837], [21.0209484, 43.165645600000005],
     [21.0209426, 43.1656129],
     [21.020942100000003, 43.165584100000004],
     [21.0209499, 43.1655402], [21.0209605, 43.165501600000006],
     [21.0209711, 43.165465000000005], [21.0209978, 43.1653907],
     [21.0210112, 43.1653517], [21.0210246, 43.1653067],
     [21.021026000000003, 43.1652774], [21.0210247, 43.165252],
     [21.0210128, 43.1652208], [21.0209969, 43.165189600000005],
     [21.0209805, 43.1651625], [21.0209614, 43.165137400000006],
     [21.020934, 43.1651125], [21.020892500000002, 43.165086300000006],
     [21.020810400000002, 43.1650517],
     [21.020696100000002, 43.165007200000005],
     [21.020629600000003, 43.164985400000006],
     [21.020560500000002, 43.164963500000006],
     [21.020486700000003, 43.1649472],
     [21.020440800000003, 43.1649381],
     [21.020396700000003, 43.164936700000005],
     [21.020339200000002, 43.1649432], [21.020275, 43.1649541],
     [21.020092, 43.164994400000005], [21.0199116, 43.1650335],
     [21.019849100000002, 43.165047200000004], [21.0197919, 43.165055],
     [21.019733900000002, 43.165058900000005],
     [21.019640900000002, 43.165055200000005],
     [21.019553400000003, 43.165051500000004],
     [21.019398300000002, 43.165048000000006],
     [21.0191284, 43.165044900000005], [21.0189641, 43.1650391],
     [21.0188293, 43.165030400000006],
     [21.018694800000002, 43.165017600000006],
     [21.0185335, 43.165002900000005], [21.0184496, 43.1650019],
     [21.0183959, 43.1650043], [21.0183302, 43.1650136],
     [21.018247000000002, 43.1650263],
     [21.018191700000003, 43.165030800000004],
     [21.0181444, 43.1650265], [21.0180846, 43.1650129],
     [21.0180359, 43.1649977], [21.0179939, 43.1649796],
     [21.0179581, 43.164957], [21.017924200000003, 43.1649274],
     [21.0178286, 43.1648343], [21.0177944, 43.164804800000006],
     [21.0177494, 43.164769400000004],
     [21.017667600000003, 43.1647084], [21.0175817, 43.164653],
     [21.017434400000003, 43.1645734],
     [21.017352300000002, 43.1645235], [21.0172779, 43.1644803]]}},
  {"type":"Feature",
   "properties":{},
   "geometry":
   {"type":"LineString",
    "coordinates":
    [[21.0261444, 43.165221], [21.0260313, 43.1652761]]}},
  {"type":"Feature",
   "properties":{},
   "geometry":
   {"type":"LineString",
    "coordinates":
    [[21.0275658, 43.164602800000004],
     [21.0275603, 43.164640000000006],
     [21.027545500000002, 43.1646839],
     [21.027527900000003, 43.1647199], [21.0275009, 43.1647588],
     [21.0274627, 43.1647989], [21.0274232, 43.164830200000004],
     [21.0273842, 43.164851500000005],
     [21.0273372, 43.164872900000006],
     [21.027278000000003, 43.164892200000004],
     [21.027199000000003, 43.1649116],
     [21.0271227, 43.164925200000006], [21.0270237, 43.1649406],
     [21.0269313, 43.1649551], [21.0268443, 43.1649735],
     [21.026691, 43.1650137], [21.0265311, 43.165060800000006],
     [21.0264503, 43.1650871], [21.0263682, 43.165117200000005],
     [21.0262764, 43.165156100000004], [21.0261444, 43.165221]]}},
  {"type":"Feature",
   "properties":{},
   "geometry":
   {"type":"LineString",
    "coordinates":
    [[21.034322000000003, 43.165724100000006],
     [21.0342787, 43.1657102], [21.034224700000003, 43.1656983],
     [21.0341476, 43.165688100000004], [21.034071, 43.1656824],
     [21.033998500000003, 43.1656812], [21.0339598, 43.165681],
     [21.0339193, 43.165680900000005], [21.033877, 43.1656782],
     [21.033850700000002, 43.165675500000006], [21.033745, 43.1656581],
     [21.0336716, 43.165640700000004], [21.0336064, 43.1656215],
     [21.033551300000003, 43.1656027],
     [21.0335162, 43.165587200000004],
     [21.033502000000002, 43.1655796], [21.0334873, 43.1655718],
     [21.0334618, 43.1655573],
     [21.033439400000002, 43.165542800000004], [21.0334106, 43.16552],
     [21.033346, 43.165455], [21.0332894, 43.165403600000005],
     [21.0332082, 43.1653381], [21.033132300000002, 43.1652805],
     [21.033062400000002, 43.1652338], [21.0329926, 43.1651892],
     [21.0329374, 43.1651533], [21.032885, 43.165123300000005],
     [21.0327938, 43.1650744], [21.032730800000003, 43.1650391],
     [21.032675700000002, 43.165004800000006],
     [21.0326327, 43.164977300000004],
     [21.032597600000003, 43.1649478],
     [21.032562900000002, 43.1649138],
     [21.0324959, 43.164843600000005], [21.0323996, 43.1647395],
     [21.032309, 43.1646519], [21.0322131, 43.1645545],
     [21.032151000000002, 43.1644887],
     [21.0320916, 43.164427700000005],
     [21.032051000000003, 43.164391300000005],
     [21.0320158, 43.164362600000004], [21.031917, 43.164292100000004],
     [21.0318329, 43.164236300000006], [21.0317614, 43.1641981],
     [21.0316939, 43.1641685], [21.0316291, 43.164146800000005],
     [21.0315586, 43.164126700000004], [21.031492, 43.164113300000004],
     [21.0314233, 43.164113], [21.0313228, 43.164109100000005],
     [21.0312468, 43.164102400000004], [21.031126, 43.1641138],
     [21.031023, 43.1641417], [21.030859200000002, 43.164192500000006],
     [21.0307371, 43.164216], [21.030577700000002, 43.1642658],
     [21.0304463, 43.164307400000006],
     [21.030310200000002, 43.1643532], [21.030179, 43.164382100000005],
     [21.0300772, 43.164425900000005],
     [21.030035100000003, 43.1644305],
     [21.0299376, 43.164441000000004],
     [21.0298653, 43.164450200000005], [21.029709, 43.1644518],
     [21.0295726, 43.1644553], [21.0293673, 43.1644674],
     [21.029132500000003, 43.1644488],
     [21.029018500000003, 43.1644361],
     [21.0289126, 43.164423400000004], [21.028831, 43.1644079],
     [21.0287587, 43.164392400000004],
     [21.028699500000002, 43.1643768], [21.028655, 43.1643612],
     [21.028595600000003, 43.1643358], [21.0284242, 43.1642535],
     [21.0283465, 43.1642153], [21.0282769, 43.164183],
     [21.028213, 43.1641606], [21.028146500000002, 43.1641461],
     [21.0281074, 43.164139500000005], [21.0280647, 43.1641428],
     [21.0280208, 43.164153000000006],
     [21.0279618, 43.164176000000005], [21.0278773, 43.1642175],
     [21.0277728, 43.16427], [21.0276763, 43.1643224],
     [21.027627600000002, 43.1643543],
     [21.0275883, 43.164386300000004], [21.0275688, 43.1644111],
     [21.0275579, 43.1644382], [21.0275523, 43.164475],
     [21.0275538, 43.1645027], [21.0275606, 43.164546],
     [21.0275658, 43.164602800000004]]}},
  {"type":"Feature",
   "properties":{},
   "geometry":
   {"type":"LineString",
    "coordinates":
    [[21.034567000000003, 43.1658093],
     [21.034322000000003, 43.165724100000006]]}},
  {"type":"Feature",
   "properties":{},
   "geometry":
   {"type":"LineString",
    "coordinates":
    [[21.0432233, 43.171989100000005], [21.0432141, 43.1718878],
     [21.043208200000002, 43.1718172], [21.0432022, 43.1717518],
     [21.043200300000002, 43.1716853], [21.043201, 43.1716363],
     [21.0432044, 43.1715687], [21.0432078, 43.171507000000005],
     [21.0432187, 43.1713092], [21.0432208, 43.171181000000004],
     [21.0432212, 43.1711571], [21.043222800000002, 43.1710508],
     [21.043224600000002, 43.1710118], [21.0432296, 43.1709826],
     [21.043240100000002, 43.170949400000005],
     [21.0432588, 43.1709083], [21.043274800000003, 43.170879],
     [21.043345000000002, 43.170784100000006],
     [21.0433828, 43.1707328], [21.0434017, 43.170708100000006],
     [21.0434206, 43.170679400000004], [21.0434321, 43.1706549],
     [21.0434437, 43.1706264],
     [21.043460600000003, 43.170582200000005],
     [21.043473000000002, 43.1705416],
     [21.0434793, 43.170516400000004], [21.0434828, 43.1704853],
     [21.0434884, 43.1703916], [21.0434939, 43.1702881],
     [21.043495500000002, 43.170199200000006],
     [21.043494900000002, 43.1701362],
     [21.043494300000003, 43.1700771], [21.0434926, 43.1700235],
     [21.043488200000002, 43.1699739],
     [21.043479400000002, 43.1699009], [21.0434652, 43.1697962],
     [21.0434483, 43.1696973],
     [21.043445700000003, 43.169658000000005],
     [21.0434451, 43.169634900000005],
     [21.043449000000003, 43.169601400000005],
     [21.043453900000003, 43.169565000000006],
     [21.0434619, 43.1695203], [21.0434732, 43.1694821],
     [21.0434968, 43.169416500000004],
     [21.043514300000002, 43.169369700000004],
     [21.043531700000003, 43.1693185], [21.0435443, 43.1692624],
     [21.0435486, 43.169229200000004],
     [21.0435528, 43.169192900000006],
     [21.043554500000003, 43.1691586],
     [21.0435522, 43.169116800000005],
     [21.043544500000003, 43.1690866], [21.0435325, 43.1690552],
     [21.0435205, 43.1690282], [21.0434965, 43.1689847],
     [21.0434714, 43.168951], [21.0434442, 43.1689158],
     [21.0433512, 43.1688173], [21.0432308, 43.168687000000006],
     [21.0431676, 43.1686173], [21.0431043, 43.1685462],
     [21.0430122, 43.1684323], [21.0429242, 43.1683213],
     [21.0428661, 43.168252300000006], [21.0428381, 43.1682185],
     [21.042810000000003, 43.168185400000006],
     [21.042779200000002, 43.1681533], [21.0427435, 43.1681254],
     [21.0427098, 43.1681019], [21.042642400000002, 43.1680579],
     [21.042525, 43.1679801], [21.0424623, 43.167936100000006],
     [21.0423975, 43.167886100000004], [21.0423446, 43.1678445],
     [21.042309000000003, 43.1678104],
     [21.0422891, 43.167788200000004], [21.042267300000002, 43.16776],
     [21.042249700000003, 43.1677337], [21.0422368, 43.1677095],
     [21.0422239, 43.167683800000006], [21.0422033, 43.1676379],
     [21.0421826, 43.167586], [21.042122300000003, 43.167432600000005],
     [21.0420516, 43.1672479], [21.0419784, 43.1670606],
     [21.0419433, 43.166981], [21.0419237, 43.1669435],
     [21.0419062, 43.1669178],
     [21.041886700000003, 43.166896900000005],
     [21.0418588, 43.166879900000005], [21.0418246, 43.1668639],
     [21.0417881, 43.1668504], [21.041756200000002, 43.1668414],
     [21.0417202, 43.1668352], [21.041683600000002, 43.1668328],
     [21.0416504, 43.1668338], [21.0416157, 43.1668384],
     [21.0415825, 43.1668448], [21.0415423, 43.166854],
     [21.0414742, 43.166871400000005], [21.0413533, 43.1669051],
     [21.041216900000002, 43.1669477],
     [21.041085000000002, 43.1669904],
     [21.041001100000003, 43.1670187],
     [21.0409219, 43.167047000000004], [21.0408267, 43.1670857],
     [21.0407729, 43.167108000000006],
     [21.0407209, 43.167129100000004],
     [21.0406346, 43.167159500000004],
     [21.040576100000003, 43.1671752],
     [21.040510400000002, 43.1671885], [21.0404352, 43.1671977],
     [21.0403592, 43.1672036],
     [21.040277800000002, 43.167205100000004],
     [21.040159300000003, 43.167203400000005],
     [21.040063800000002, 43.1672005],
     [21.0400026, 43.167194900000005],
     [21.039945900000003, 43.167186900000004],
     [21.0398891, 43.167176500000004],
     [21.0398199, 43.167160900000006],
     [21.0397295, 43.167137000000004],
     [21.039646100000002, 43.1671137], [21.0395787, 43.1670917],
     [21.039514500000003, 43.1670681], [21.0392228, 43.166944],
     [21.0391195, 43.1668974], [21.0390149, 43.1668518],
     [21.0389135, 43.1668086], [21.0388625, 43.166788800000006],
     [21.038813, 43.1667713], [21.0387643, 43.1667555],
     [21.038718600000003, 43.166741900000005],
     [21.0385823, 43.166706100000006],
     [21.038446800000003, 43.1666692], [21.0383767, 43.1666496],
     [21.0382989, 43.1666323], [21.038149800000003, 43.1665986],
     [21.0380737, 43.1665818],
     [21.037992900000003, 43.166565000000006],
     [21.037845500000003, 43.166536400000005],
     [21.0377027, 43.1665112], [21.0375757, 43.16649],
     [21.0374503, 43.1664687], [21.037123100000002, 43.1664121],
     [21.0369849, 43.1663846], [21.0369204, 43.1663708],
     [21.0368606, 43.166356], [21.0367977, 43.166337600000006],
     [21.0367424, 43.166319300000005],
     [21.036688700000003, 43.166300400000004],
     [21.036644300000003, 43.1662826],
     [21.0365024, 43.166222000000005], [21.0363627, 43.1661614],
     [21.0363286, 43.1661445], [21.0363066, 43.1661359],
     [21.036285200000002, 43.1661276],
     [21.036219300000003, 43.166102200000005],
     [21.0361204, 43.1660702], [21.0360143, 43.166034200000006],
     [21.0359531, 43.166015800000004], [21.0358895, 43.1659973],
     [21.035827700000002, 43.1659827], [21.0357577, 43.1659698],
     [21.0356901, 43.1659609], [21.0355947, 43.1659517],
     [21.0353327, 43.165932500000004], [21.0350439, 43.1659115],
     [21.034991700000003, 43.165907600000004],
     [21.034946400000003, 43.165902],
     [21.034883800000003, 43.165892500000005],
     [21.0348149, 43.165878500000005],
     [21.0347268, 43.165858300000004],
     [21.034567000000003, 43.1658093]]}},
  {"type":"Feature",
   "properties":{},
   "geometry":
   {"type":"LineString",
    "coordinates":
    [[21.0432233, 43.171989100000005],
     [21.043247400000002, 43.1719974],
     [21.0432622, 43.172007400000005],
     [21.043273000000003, 43.1720199],
     [21.0432789, 43.172034100000005], [21.0433251, 43.1721495],
     [21.0433434, 43.1721743],
     [21.043368100000002, 43.172195900000006],
     [21.0434069, 43.1722175], [21.0434519, 43.172231200000006],
     [21.0436121, 43.1722527], [21.0436853, 43.172261500000005],
     [21.043757000000003, 43.1722752],
     [21.043830200000002, 43.1722946],
     [21.043900500000003, 43.172319200000004],
     [21.0439905, 43.172354000000006],
     [21.0440855, 43.172380800000006], [21.0441787, 43.1723985],
     [21.044274, 43.172408700000005], [21.0445187, 43.1724229],
     [21.0445984, 43.1724291], [21.0446776, 43.172438],
     [21.044770800000002, 43.1724521],
     [21.044862700000003, 43.1724698],
     [21.0451316, 43.172533900000005],
     [21.045301300000002, 43.1725622], [21.0453702, 43.1725665],
     [21.045439400000003, 43.1725657],
     [21.045516000000003, 43.1725586], [21.0455909, 43.1725451],
     [21.045666500000003, 43.1725204],
     [21.045739100000002, 43.172491300000004],
     [21.0458268, 43.172448200000005],
     [21.045908100000002, 43.172398900000005],
     [21.0460737, 43.1722576], [21.046156200000002, 43.1721896],
     [21.046234700000003, 43.172119200000004],
     [21.046336800000002, 43.172017100000005],
     [21.0463856, 43.171964900000006], [21.0464305, 43.1719108],
     [21.0464783, 43.1718449], [21.0465203, 43.1717768],
     [21.0465974, 43.171657], [21.0466149, 43.1716372],
     [21.0466383, 43.1716208], [21.0466616, 43.1716105],
     [21.0466872, 43.171603700000006],
     [21.046714100000003, 43.1716008], [21.0467511, 43.1716015],
     [21.0467872, 43.1716076], [21.046841500000003, 43.1716208]]}},
  {"type":"Feature",
   "properties":{},
   "geometry":
   {"type":"LineString",
    "coordinates":
    [[21.046841500000003, 43.1716208], [21.0469501, 43.1716707]]}},
  {"type":"Feature",
   "properties":{},
   "geometry":
   {"type":"LineString",
    "coordinates":
    [[21.0469501, 43.1716707], [21.047088300000002, 43.1717138],
     [21.047306900000002, 43.171766600000005], [21.047563, 43.1718145],
     [21.047887600000003, 43.1718678],
     [21.048187300000002, 43.1719108], [21.0483176, 43.171937],
     [21.0484502, 43.1719558], [21.0485919, 43.171967800000004],
     [21.048734500000002, 43.171971500000005],
     [21.0490067, 43.1719656], [21.0496947, 43.1719744],
     [21.0505678, 43.1720008], [21.0512289, 43.1720155],
     [21.0513847, 43.172032400000006],
     [21.0515414, 43.172043900000006],
     [21.0516547, 43.172048700000005], [21.0517681, 43.1720507],
     [21.051870400000002, 43.1720434],
     [21.0519733, 43.172040900000006],
     [21.0520977, 43.172044500000005],
     [21.052221300000003, 43.172055300000004],
     [21.0523434, 43.1720732], [21.0524302, 43.1720914],
     [21.052513700000002, 43.172116200000005],
     [21.052584000000003, 43.172143500000004],
     [21.0526503, 43.1721756], [21.052712200000002, 43.1722121],
     [21.0528182, 43.1722534], [21.0529295, 43.172286400000004],
     [21.053019000000003, 43.1723062],
     [21.0530668, 43.172313700000004],
     [21.0531103, 43.172320500000005], [21.053203, 43.172329500000004],
     [21.05396, 43.1723482], [21.0548867, 43.1721141],
     [21.056001400000003, 43.171970200000004],
     [21.056400500000002, 43.1718933], [21.0565289, 43.1718765],
     [21.0565381, 43.1719602],
     [21.056097700000002, 43.172157600000006],
     [21.0555518, 43.1723817],
     [21.055074700000002, 43.172622600000004],
     [21.0548591, 43.1728066], [21.0547903, 43.1732013],
     [21.054749100000002, 43.173448900000004],
     [21.0542582, 43.1739139], [21.0538545, 43.1744458],
     [21.053675600000002, 43.1747603],
     [21.053478400000003, 43.1747737],
     [21.053368300000002, 43.1746934],
     [21.053317800000002, 43.1746666],
     [21.0532261, 43.174569600000005],
     [21.053157300000002, 43.1741983],
     [21.053010500000003, 43.1739541],
     [21.052799500000003, 43.1738537],
     [21.052441700000003, 43.1738403],
     [21.052345300000002, 43.1738604], [21.0523172, 43.1739017]]}},
  {"type":"Feature",
   "properties":{},
   "geometry":
   {"type":"LineString",
    "coordinates":
    [[21.063670000000002, 43.194681700000004],
     [21.0641776, 43.193947800000004], [21.0642126, 43.1936927],
     [21.0644458, 43.1929869], [21.0645975, 43.192663800000005],
     [21.0645275, 43.192204600000004],
     [21.0641426, 43.191541300000004], [21.063991, 43.190878100000006],
     [21.0638393, 43.190452900000004], [21.0637694, 43.1899427],
     [21.0640143, 43.1883525], [21.063851, 43.1876892],
     [21.063781000000002, 43.1864135], [21.0638277, 43.1855461],
     [21.0636294, 43.1851719], [21.063897700000002, 43.1846617],
     [21.0633611, 43.1842194], [21.0628479, 43.1838027],
     [21.0625797, 43.183428500000005],
     [21.0622298, 43.182790700000005], [21.06146, 43.1819062],
     [21.061098400000002, 43.1813449],
     [21.0606095, 43.180852900000005], [21.060282, 43.180656000000006],
     [21.059628800000002, 43.1804944], [21.058999, 43.1804093],
     [21.0585092, 43.1804774], [21.0581709, 43.1804859],
     [21.057926000000002, 43.1803923],
     [21.057739400000003, 43.1802647],
     [21.0574595, 43.180128700000004], [21.0567713, 43.1802392],
     [21.056526400000003, 43.1802562], [21.0559665, 43.1802647],
     [21.055602, 43.1802204], [21.055056800000003, 43.180154200000004],
     [21.0542404, 43.1797885], [21.0536688, 43.179482300000004],
     [21.0530623, 43.1788189], [21.0522107, 43.1781201],
     [21.0519848, 43.1781293], [21.051846700000002, 43.1784314],
     [21.0518718, 43.178944], [21.0517547, 43.1794291],
     [21.0516961, 43.179538900000004], [21.0515078, 43.1794566],
     [21.0505789, 43.1782483], [21.0503906, 43.1776167],
     [21.0502651, 43.176728700000005],
     [21.049976400000002, 43.1761795],
     [21.049988900000002, 43.1757859],
     [21.050076800000003, 43.1756028],
     [21.0501019, 43.175227500000005],
     [21.049976400000002, 43.175071800000005],
     [21.050189800000002, 43.174907100000006],
     [21.0508551, 43.174742300000005], [21.0514325, 43.1746965],
     [21.052160500000003, 43.1746324],
     [21.052574800000002, 43.1746965], [21.0522353, 43.174346],
     [21.0522454, 43.1741478], [21.0524971, 43.174140400000006],
     [21.0527488, 43.174213900000005], [21.052769, 43.1740523],
     [21.0525072, 43.173927500000005], [21.0523172, 43.1739017]]}},
  {"type":"Feature",
   "properties":{},
   "geometry":
   {"type":"LineString",
    "coordinates":
    [[21.0680604, 43.202761300000006],
     [21.0677252, 43.201717800000004],
     [21.067438900000003, 43.2012464], [21.0671427, 43.2008974],
     [21.066900800000003, 43.200566300000006],
     [21.066792200000002, 43.200400800000004],
     [21.066772500000003, 43.2002821],
     [21.066733000000003, 43.2000122], [21.0665553, 43.1994004],
     [21.066229500000002, 43.1986987],
     [21.066061700000002, 43.1982561],
     [21.0659481, 43.198015000000005],
     [21.0658691, 43.197842300000005], [21.065428700000002, 43.196959],
     [21.0651222, 43.1963614], [21.0649297, 43.1961224],
     [21.064715900000003, 43.19606], [21.0646232, 43.1958678],
     [21.0645163, 43.195556], [21.0642098, 43.195129900000005],
     [21.063946100000003, 43.194797400000006],
     [21.063670000000002, 43.194681700000004]]}},
  {"type":"Feature",
   "properties":{},
   "geometry":
   {"type":"LineString",
    "coordinates":
    [[21.1013105, 43.202517500000006],
     [21.101233500000003, 43.2023627],
     [21.101002700000002, 43.202147100000005],
     [21.1005131, 43.2017612], [21.1000973, 43.201543400000006],
     [21.099882100000002, 43.2013784], [21.0997233, 43.2012641],
     [21.099519400000002, 43.201027700000004],
     [21.0994727, 43.200880000000005],
     [21.099352900000003, 43.2008135],
     [21.099044300000003, 43.2007685], [21.0988396, 43.2006828],
     [21.0986854, 43.200623400000005],
     [21.098482800000003, 43.2006047],
     [21.0981145, 43.200639900000006], [21.0978704, 43.2007727],
     [21.0973821, 43.2010197], [21.0968684, 43.201203],
     [21.0966388, 43.201442], [21.0963874, 43.201590700000004],
     [21.0961214, 43.201678400000006],
     [21.095782500000002, 43.2019387], [21.095604, 43.2021352],
     [21.0954473, 43.2021831], [21.0953453, 43.202145900000005],
     [21.0952105, 43.202044900000004],
     [21.095101200000002, 43.2019493],
     [21.0948424, 43.201914800000004], [21.0944854, 43.2019121],
     [21.0941684, 43.2019174], [21.0938623, 43.2019467],
     [21.0934323, 43.2020927], [21.092747300000003, 43.2024009],
     [21.0926125, 43.202557600000006], [21.0924048, 43.2027116],
     [21.092240800000003, 43.202786], [21.0921534, 43.2028763],
     [21.091636, 43.2032667], [21.091548500000002, 43.20328],
     [21.0914173, 43.2032588], [21.091308, 43.2032083],
     [21.091253400000003, 43.2031074],
     [21.091235100000002, 43.2029693], [21.0911696, 43.2028179],
     [21.091053000000002, 43.2026983], [21.0908635, 43.2025522],
     [21.090674, 43.2023504], [21.0906594, 43.202207],
     [21.0910894, 43.2017103], [21.091078500000002, 43.2015243],
     [21.091005600000003, 43.201431400000004],
     [21.0908525, 43.2014234], [21.090091, 43.2016014],
     [21.089723000000003, 43.201447300000005],
     [21.0896064, 43.2012694], [21.0893513, 43.2012614],
     [21.0891473, 43.2011551], [21.0889287, 43.2010595],
     [21.0884003, 43.200921400000006],
     [21.0881052, 43.200833800000005],
     [21.0878064, 43.200690300000005],
     [21.087474800000003, 43.2006213],
     [21.086979200000002, 43.200703600000004],
     [21.0860464, 43.2008789], [21.0858606, 43.2009533],
     [21.0855983, 43.201086100000005],
     [21.0853541, 43.201099400000004], [21.0850881, 43.2009294],
     [21.0849023, 43.2007673], [21.0847748, 43.2005549],
     [21.084716500000003, 43.200446], [21.084435900000003, 43.2003849],
     [21.083718100000002, 43.200589400000005],
     [21.083433900000003, 43.200775300000004],
     [21.083240800000002, 43.200942700000006],
     [21.0830258, 43.201035600000004], [21.08284, 43.2009241],
     [21.082672300000002, 43.200762000000005],
     [21.082468300000002, 43.200703600000004],
     [21.082220500000002, 43.2007381],
     [21.081914400000002, 43.200791300000006],
     [21.081750500000002, 43.2007063], [21.0817869, 43.2005655],
     [21.0825047, 43.199736800000004], [21.0825667, 43.1996066],
     [21.082512, 43.1993968], [21.0823444, 43.1992507],
     [21.082147600000003, 43.1990435],
     [21.081965500000003, 43.1989399],
     [21.0817395, 43.198902700000005],
     [21.080697400000002, 43.1988921],
     [21.0803367, 43.198924000000005],
     [21.079742800000002, 43.198953200000005],
     [21.079407500000002, 43.1989877], [21.0792126, 43.1989828],
     [21.079144900000003, 43.1988939], [21.0791618, 43.1987656],
     [21.0793345, 43.1985534], [21.0795546, 43.198279400000004],
     [21.0796426, 43.198027700000004],
     [21.079490200000002, 43.1974625], [21.0793684, 43.197265],
     [21.0792058, 43.1970898], [21.079121200000003, 43.1968775],
     [21.079084, 43.1966899], [21.0790332, 43.1965665],
     [21.0788131, 43.196541800000006],
     [21.078549000000002, 43.1965172],
     [21.077682300000003, 43.1964703],
     [21.0772456, 43.196615900000005],
     [21.077079700000002, 43.1966899],
     [21.0768698, 43.196786200000005], [21.0765989, 43.1968997],
     [21.0762705, 43.1969713], [21.0754749, 43.197282300000005],
     [21.075221000000003, 43.197492100000005],
     [21.075193900000002, 43.197662400000006],
     [21.075000900000003, 43.1979388], [21.0747368, 43.1980203],
     [21.0744727, 43.1980227], [21.074157900000003, 43.1980203],
     [21.0739784, 43.1980894], [21.0736974, 43.1982646],
     [21.073633100000002, 43.198496600000006],
     [21.073504500000002, 43.1985978],
     [21.0732065, 43.198612600000004], [21.0730609, 43.1986348],
     [21.072837500000002, 43.1987557], [21.0727292, 43.1989729],
     [21.072515900000003, 43.199160500000005],
     [21.072390600000002, 43.1992691], [21.071358, 43.200169900000006],
     [21.071229300000002, 43.200377200000005],
     [21.071107400000002, 43.2005599], [21.0709889, 43.2007351],
     [21.0708163, 43.2008585], [21.070559000000003, 43.2010066],
     [21.070264400000003, 43.2011349], [21.069997, 43.2013052],
     [21.069512800000002, 43.2013842], [21.0694959, 43.2014804],
     [21.069743000000003, 43.201510000000006],
     [21.070108700000002, 43.201460700000005],
     [21.070504800000002, 43.2014409],
     [21.0709483, 43.201416300000005], [21.0712259, 43.2013472],
     [21.071520500000002, 43.201250900000005],
     [21.0717609, 43.201171900000006],
     [21.071997900000003, 43.2010263], [21.0721773, 43.200861],
     [21.072319500000003, 43.2006907],
     [21.0726818, 43.200542600000006], [21.0727867, 43.200592],
     [21.072526, 43.2008856], [21.0723127, 43.201167000000005],
     [21.072119700000002, 43.2014681],
     [21.0716728, 43.201759300000006], [21.0713952, 43.2018531],
     [21.0711447, 43.2020332], [21.0707723, 43.202341700000005],
     [21.0702983, 43.202665], [21.070061300000003, 43.2028649],
     [21.0698209, 43.203003100000004], [21.0692352, 43.2030204],
     [21.0690287, 43.2029587], [21.0686901, 43.2028995],
     [21.0682669, 43.202761300000006],
     [21.0680604, 43.202761300000006]]}},
  {"type":"Feature",
   "properties":{},
   "geometry":
   {"type":"LineString",
    "coordinates":
    [[21.1013105, 43.202517500000006],
     [21.101379100000003, 43.2027598], [21.1013285, 43.203121],
     [21.1011667, 43.2033446], [21.1009813, 43.203610000000005],
     [21.100886900000003, 43.2038778], [21.1009274, 43.2040498],
     [21.1008903, 43.2041088], [21.100836400000002, 43.2040449],
     [21.1007116, 43.2039933], [21.1005465, 43.2039442],
     [21.1004083, 43.2039589], [21.1003344, 43.2040524]]}},
  {"type":"Feature",
   "properties":{},
   "geometry":
   {"type":"LineString",
    "coordinates":
    [[21.101277600000003, 43.2059921],
     [21.101001200000002, 43.205784400000006],
     [21.1009084, 43.205673600000004],
     [21.1008071, 43.205479800000006],
     [21.100760700000002, 43.2052429], [21.1007733, 43.2049261],
     [21.100760700000002, 43.204535400000005],
     [21.100653, 43.204277600000005], [21.1005074, 43.204157],
     [21.1003344, 43.2040524]]}},
  {"type":"Feature",
   "properties":{},
   "geometry":
   {"type":"LineString",
    "coordinates":
    [[21.1028451, 43.2075581], [21.1026482, 43.207456400000005],
     [21.102219100000003, 43.2072364],
     [21.1019361, 43.207080000000005],
     [21.101876700000002, 43.207041700000005],
     [21.1018225, 43.2069996], [21.1017738, 43.2069539],
     [21.1017295, 43.206903100000005], [21.101692, 43.2068493],
     [21.101537800000003, 43.206504300000006],
     [21.101397000000002, 43.2062286],
     [21.101277600000003, 43.2059921]]}},
  {"type":"Feature",
   "properties":{},
   "geometry":
   {"type":"LineString",
    "coordinates":
    [[21.103996000000002, 43.208232800000005],
     [21.1039196, 43.208217100000006], [21.10387, 43.2081983],
     [21.1033496, 43.2077897], [21.1031981, 43.207697800000005],
     [21.1028451, 43.2075581]]}},
  {"type":"Feature",
   "properties":{},
   "geometry":
   {"type":"LineString",
    "coordinates":
    [[21.1040765, 43.208256500000005],
     [21.103996000000002, 43.208232800000005]]}},
  {"type":"Feature",
   "properties":{},
   "geometry":
   {"type":"LineString",
    "coordinates":
    [[21.104725300000002, 43.21099], [21.104618000000002, 43.2106616],
     [21.104618000000002, 43.2105169], [21.10472, 43.210165],
     [21.1047522, 43.209860000000006], [21.1044869, 43.208821],
     [21.104321900000002, 43.208515000000006],
     [21.1042388, 43.2083547], [21.104175700000003, 43.2082941],
     [21.1040765, 43.208256500000005]]}},
  {"type":"Feature",
   "properties":{},
   "geometry":
   {"type":"LineString",
    "coordinates":
    [[21.104725300000002, 43.21099], [21.1049259, 43.211091800000005],
     [21.10517, 43.2112618], [21.1053095, 43.211428000000005],
     [21.1055938, 43.211738800000006], [21.1059318, 43.2121845],
     [21.106100700000002, 43.2123311],
     [21.1063261, 43.212446500000006],
     [21.1067767, 43.212583300000006],
     [21.107962200000003, 43.212872600000004], [21.108968, 43.2129762],
     [21.1094857, 43.213009500000005],
     [21.1098773, 43.213081800000005], [21.1104379, 43.2132616],
     [21.1109261, 43.2134556]]}},
  {"type":"Feature",
   "properties":{},
   "geometry":
   {"type":"LineString",
    "coordinates":
    [[21.1109261, 43.2134556], [21.111596600000002, 43.2137146],
     [21.1119802, 43.2138603],
     [21.112375800000002, 43.214030300000005],
     [21.1125569, 43.214125100000004], [21.1126709, 43.2141965]]}},
  {"type":"Feature",
   "properties":{},
   "geometry":
   {"type":"LineString",
    "coordinates":
    [[21.1126709, 43.2141965], [21.113072600000002, 43.2141736],
     [21.1132294, 43.2140694], [21.1133616, 43.2138877],
     [21.1133637, 43.213806600000005],
     [21.1136836, 43.213519500000004],
     [21.114081000000002, 43.2133185],
     [21.1144152, 43.213087900000005],
     [21.115277000000003, 43.2125873], [21.1165214, 43.2117348],
     [21.116891000000003, 43.2114138], [21.1174062, 43.2112074],
     [21.1174927, 43.2111129], [21.117473, 43.2109724],
     [21.117496600000003, 43.2107747],
     [21.117681400000002, 43.210668600000005],
     [21.117988200000003, 43.210597],
     [21.118165100000002, 43.210496600000006],
     [21.118287000000002, 43.2103763], [21.1184994, 43.2102014],
     [21.119073500000002, 43.209797300000005],
     [21.119600400000003, 43.2093932],
     [21.120115600000002, 43.2088515], [21.1203869, 43.2085993],
     [21.120630700000003, 43.2081607],
     [21.1207841, 43.207753700000005], [21.120836, 43.2072767]]}},
  {"type":"Feature",
   "properties":{},
   "geometry":
   {"type":"LineString",
    "coordinates":
    [[21.120836, 43.2072767], [21.1207873, 43.206904400000006],
     [21.120763, 43.206718200000005], [21.1209819, 43.206611800000005],
     [21.121736000000002, 43.2066384],
     [21.122003600000003, 43.206567500000006],
     [21.1223198, 43.206230600000005], [21.1226725, 43.205947],
     [21.1229887, 43.2057785], [21.1233414, 43.2053973],
     [21.1236333, 43.205113600000004],
     [21.123961700000002, 43.204945200000004],
     [21.1244482, 43.2048566], [21.1249468, 43.204670400000005],
     [21.1253482, 43.2042803], [21.1256036, 43.2038105],
     [21.1256157, 43.2032697], [21.1255184, 43.202977100000005],
     [21.1254576, 43.202790900000004], [21.125786, 43.202684500000004],
     [21.126515700000002, 43.202728900000004],
     [21.1267955, 43.2028885], [21.127513, 43.202790900000004],
     [21.1279995, 43.202764300000005],
     [21.128595500000003, 43.2027377], [21.1290941, 43.2027732],
     [21.1294225, 43.2027732],
     [21.130042800000002, 43.202533800000005],
     [21.130590100000003, 43.2022324],
     [21.1308212, 43.201877800000005], [21.130955, 43.2015675],
     [21.1310158, 43.2013192], [21.131186, 43.201266100000005],
     [21.131636, 43.201496600000006], [21.1318671, 43.2017448],
     [21.132402300000003, 43.2021172], [21.132803600000003, 43.202064],
     [21.1332901, 43.2020196], [21.1339712, 43.201993]]}},
  {"type":"Feature",
   "properties":{},
   "geometry":
   {"type":"LineString",
    "coordinates":
    [[21.1339712, 43.201993], [21.1346132, 43.2018853],
     [21.1350413, 43.2016715], [21.135203100000002, 43.2014627],
     [21.1351626, 43.2013619], [21.134775, 43.2014774],
     [21.1344311, 43.201553600000004],
     [21.134114200000003, 43.201516700000006],
     [21.133800700000002, 43.2014135],
     [21.133615300000002, 43.2012784], [21.1339356, 43.2011948],
     [21.1346907, 43.200865500000006], [21.1352301, 43.200696],
     [21.1359852, 43.2002856], [21.1366762, 43.1999244],
     [21.136780700000003, 43.199848200000005],
     [21.136854900000003, 43.199661400000004],
     [21.1368212, 43.199373900000005],
     [21.1368246, 43.199194500000004],
     [21.136881900000002, 43.198958600000005],
     [21.1369763, 43.198784100000005], [21.1371347, 43.1986195],
     [21.1373538, 43.1984622], [21.137805500000002, 43.1974448],
     [21.1380415, 43.1971843], [21.1385067, 43.1968304],
     [21.1388269, 43.196668200000005], [21.1391877, 43.1966314],
     [21.1394708, 43.1967051], [21.139743900000003, 43.1968747],
     [21.140536100000002, 43.1976414],
     [21.141533900000002, 43.1985236],
     [21.1418912, 43.199012700000004],
     [21.1421204, 43.199083900000005], [21.1423126, 43.1990348],
     [21.1422384, 43.198786600000005], [21.1422789, 43.1986563],
     [21.1423092, 43.1984548], [21.1423497, 43.1981501],
     [21.142191200000003, 43.197904400000006],
     [21.1420834, 43.197666000000005],
     [21.1420092, 43.197194100000004], [21.1421508, 43.1968304],
     [21.1428115, 43.1966854], [21.1433812, 43.196429900000005],
     [21.1437487, 43.1960612], [21.1442105, 43.1957467],
     [21.1444599, 43.1957147],
     [21.144588000000002, 43.195840100000005],
     [21.1447229, 43.196085800000006], [21.1451645, 43.196506],
     [21.1455151, 43.1968673], [21.145957900000003, 43.1973155],
     [21.146369800000002, 43.1974395], [21.1468749, 43.1974582],
     [21.1474875, 43.197342500000005]]}},
  {"type":"Feature",
   "properties":{},
   "geometry":
   {"type":"LineString",
    "coordinates":
    [[21.158034500000003, 43.1941452], [21.1579956, 43.1942303],
     [21.157814600000002, 43.1946546], [21.1575329, 43.1954622],
     [21.157342500000002, 43.195972600000005],
     [21.1572688, 43.1960695], [21.1571883, 43.1961634],
     [21.157101100000002, 43.196254100000004],
     [21.1570228, 43.196327800000006],
     [21.1569402, 43.196398800000004], [21.156918, 43.1964173],
     [21.156890100000002, 43.1964312],
     [21.1568584, 43.196439600000005],
     [21.156824800000003, 43.1964418],
     [21.1567931, 43.196438300000004],
     [21.1567635, 43.196429300000005], [21.1567377, 43.1964155],
     [21.15672, 43.1963948], [21.156714400000002, 43.196370800000004],
     [21.1567216, 43.196347], [21.156867700000003, 43.1961603],
     [21.157085000000002, 43.195824], [21.1571079, 43.1957681],
     [21.1571199, 43.195710500000004],
     [21.1571205, 43.195651600000005],
     [21.157109700000003, 43.195593200000005],
     [21.1570877, 43.1955365], [21.156958900000003, 43.195075],
     [21.156849, 43.194760200000005], [21.1567846, 43.194468900000004],
     [21.156720200000002, 43.194163800000005],
     [21.156602200000002, 43.193811800000006],
     [21.1563608, 43.193367900000005],
     [21.156270900000003, 43.193253600000006],
     [21.156205200000002, 43.193211500000004],
     [21.1561689, 43.193204400000006], [21.1561315, 43.1932066],
     [21.1561042, 43.193214700000006],
     [21.156080900000003, 43.1932277], [21.1560631, 43.1932448],
     [21.156040700000002, 43.1932775],
     [21.1560296, 43.193313200000006], [21.1560309, 43.1934364],
     [21.156042300000003, 43.1934829],
     [21.156047700000002, 43.1935299], [21.156047, 43.1935772],
     [21.1560354, 43.1936442], [21.156011600000003, 43.1937094],
     [21.1559759, 43.1937717], [21.1559342, 43.1939034],
     [21.155904800000002, 43.194036700000005],
     [21.1558891, 43.1941567], [21.1558834, 43.1942772],
     [21.155904800000002, 43.1945295], [21.1558646, 43.1947798],
     [21.1558572, 43.194851], [21.1558384, 43.194921],
     [21.1558083, 43.194989], [21.155774400000002, 43.195044100000004],
     [21.155733100000003, 43.195096400000004],
     [21.1556849, 43.1951454], [21.1555995, 43.195202200000004],
     [21.155508100000002, 43.1952538], [21.1554113, 43.1952999],
     [21.1553046, 43.195342000000004],
     [21.1551934, 43.195377400000005],
     [21.155078500000002, 43.1954058], [21.1549607, 43.195427],
     [21.153574000000003, 43.195501300000004],
     [21.1533772, 43.1955194], [21.153179400000003, 43.1955303],
     [21.1529811, 43.1955341],
     [21.152782700000003, 43.195530600000005],
     [21.152559500000002, 43.1955182], [21.1523375, 43.1954967],
     [21.152117500000003, 43.195466100000004],
     [21.1512244, 43.195350700000006],
     [21.1511681, 43.195353100000005], [21.1511129, 43.1953611],
     [21.151059800000002, 43.1953748],
     [21.1510098, 43.195393800000005],
     [21.150962500000002, 43.1954186], [21.1509207, 43.1954481],
     [21.150885300000002, 43.1954818], [21.1508569, 43.1955189],
     [21.1507797, 43.1956481], [21.150692900000003, 43.195774],
     [21.1505967, 43.1958963], [21.150484900000002, 43.1960215],
     [21.1503634, 43.196141700000005],
     [21.1502324, 43.196256500000004],
     [21.150092500000003, 43.1963656], [21.1494997, 43.1966765],
     [21.149414500000002, 43.1966966], [21.1493331, 43.1967238],
     [21.1492566, 43.196757600000005],
     [21.149185900000003, 43.196797700000005],
     [21.1491247, 43.1968413], [21.1490706, 43.196889600000006],
     [21.149027800000002, 43.1969404], [21.148979, 43.196988100000006],
     [21.148924400000002, 43.197032400000005],
     [21.148847800000002, 43.197082900000005],
     [21.148763900000002, 43.1971268],
     [21.148673600000002, 43.1971634],
     [21.148107600000003, 43.1972924], [21.1477241, 43.1973785],
     [21.1475699, 43.1973794], [21.1475438, 43.197377200000005],
     [21.147519900000002, 43.1973695],
     [21.147500100000002, 43.197357000000004],
     [21.1474875, 43.197342500000005]]}}]}
