{"type":"FeatureCollection",
 "properties":{},
 "features":
 [{"type":"Feature",
   "properties":{},
   "geometry":
   {"type":"LineString",
    "coordinates":
    [[22.2263516, 42.896233], [22.2261053, 42.896240000000006],
     [22.2255991, 42.896329], [22.224149, 42.8966201],
     [22.223794700000003, 42.896722000000004],
     [22.2233062, 42.896913000000005], [22.223000000000003, 42.897243],
     [22.2228405, 42.897437700000005], [22.2221623, 42.8979346],
     [22.2220054, 42.8981459], [22.221043700000003, 42.8986205],
     [22.2207678, 42.8986521], [22.2204768, 42.8989172],
     [22.2203376, 42.899174900000006],
     [22.2200086, 42.899399200000005], [22.2197049, 42.8995568],
     [22.2194973, 42.8998052], [22.2192417, 42.899922000000004],
     [22.2188646, 42.9002149], [22.218323, 42.9006525],
     [22.217794100000003, 42.9009676],
     [22.2175309, 42.901247600000005], [22.2169893, 42.9013458],
     [22.216399600000003, 42.901672100000006],
     [22.216103500000003, 42.902013200000006],
     [22.215931400000002, 42.9023191], [22.2156176, 42.9022171],
     [22.2147647, 42.902224600000004],
     [22.214577400000003, 42.9021838],
     [22.214177600000003, 42.902237500000005],
     [22.2126768, 42.902675]]}},
  {"type":"Feature",
   "properties":{},
   "geometry":
   {"type":"LineString",
    "coordinates":
    [[22.2263516, 42.896233], [22.2269887, 42.896367600000005],
     [22.227852300000002, 42.896646600000004],
     [22.2282386, 42.896876500000005],
     [22.228638200000002, 42.8970258],
     [22.229134400000003, 42.897027800000004],
     [22.230126900000002, 42.8969924],
     [22.231392900000003, 42.896792000000005],
     [22.2320795, 42.8965405], [22.232734, 42.89612],
     [22.233133600000002, 42.8959805], [22.233485, 42.895896]]}},
  {"type":"Feature",
   "properties":{},
   "geometry":
   {"type":"LineString",
    "coordinates":
    [[22.233485, 42.895896], [22.2337934, 42.895771200000006],
     [22.234022200000002, 42.8955293], [22.2342814, 42.8952588],
     [22.234697800000003, 42.8950631],
     [22.2350278, 42.894786800000006],
     [22.235213400000003, 42.8946194],
     [22.235742700000003, 42.894142200000005], [22.2362848, 42.893676],
     [22.2368191, 42.8930658], [22.2372747, 42.892513300000005],
     [22.2372747, 42.892329100000005], [22.237164800000002, 42.892024],
     [22.2370626, 42.891649900000004], [22.2373376, 42.8911261],
     [22.2376204, 42.890821], [22.2383118, 42.8903145],
     [22.2389325, 42.889813700000005],
     [22.239600300000003, 42.8894165], [22.2400324, 42.8891172],
     [22.240998700000002, 42.887977400000004],
     [22.241352300000003, 42.887522700000005],
     [22.241548700000003, 42.8869989], [22.2421693, 42.8866074],
     [22.243049300000003, 42.8860375], [22.24312, 42.8858648],
     [22.2435364, 42.8855425],
     [22.244337700000003, 42.885047400000005],
     [22.2447856, 42.8848689],
     [22.246152600000002, 42.884828600000006],
     [22.2467811, 42.884972600000005], [22.2471818, 42.8850819],
     [22.247606, 42.885058900000004], [22.2480303, 42.8849323],
     [22.2487119, 42.8847332]]}},
  {"type":"Feature",
   "properties":{},
   "geometry":
   {"type":"LineString",
    "coordinates":
    [[22.2487119, 42.8847332], [22.2489652, 42.884748],
     [22.2497273, 42.8847596], [22.2500494, 42.8847826],
     [22.250245800000002, 42.8846962],
     [22.250293000000003, 42.884506300000005],
     [22.2503087, 42.8842184], [22.2502065, 42.8840975],
     [22.2498766, 42.883996800000006],
     [22.249688000000003, 42.8839795],
     [22.249585900000003, 42.8839306], [22.2495544, 42.8838097],
     [22.2495662, 42.8835823], [22.249680100000003, 42.8832571],
     [22.2500533, 42.8829203], [22.2506033, 42.882595],
     [22.250894000000002, 42.882482800000005],
     [22.251483200000003, 42.8822496], [22.2520253, 42.8819618],
     [22.252484900000002, 42.8819128], [22.2526499, 42.8820193],
     [22.2526695, 42.8822093], [22.2527638, 42.8823619],
     [22.252862, 42.882428100000006], [22.2530506, 42.8824108],
     [22.253243100000002, 42.8823705], [22.2532666, 42.8822093],
     [22.2532666, 42.882059600000005],
     [22.253647700000002, 42.881455200000005],
     [22.253789100000002, 42.881245], [22.2541505, 42.8806722],
     [22.2543194, 42.8803153], [22.2543705, 42.880122400000005],
     [22.2542526, 42.8798979], [22.2540091, 42.8795726],
     [22.2539069, 42.8793049], [22.2538677, 42.879005500000005],
     [22.2539187, 42.878734900000005],
     [22.254095500000002, 42.878343400000006],
     [22.254083700000002, 42.878139100000006]]}},
  {"type":"Feature",
   "properties":{},
   "geometry":
   {"type":"LineString",
    "coordinates":
    [[22.255748500000003, 42.871192400000005],
     [22.255975900000003, 42.871642300000005],
     [22.2561579, 42.8720267], [22.2563195, 42.8723177],
     [22.2566574, 42.872666800000005],
     [22.256705500000002, 42.8728339], [22.2567273, 42.8731275],
     [22.256684500000002, 42.8736429],
     [22.2566963, 42.873868900000005],
     [22.256729500000002, 42.8743021],
     [22.2567103, 42.874622900000006], [22.256651, 42.8748802],
     [22.2565566, 42.8750993], [22.256229100000002, 42.8753722],
     [22.2560362, 42.875519000000004], [22.2559027, 42.8756184],
     [22.2556233, 42.8757961], [22.255571, 42.8758405],
     [22.255415300000003, 42.8759753], [22.254895400000002, 42.876806],
     [22.2546532, 42.8771695], [22.2546061, 42.8772321],
     [22.2545143, 42.8773513], [22.254165200000003, 42.8776774],
     [22.254080300000002, 42.8778298],
     [22.2540635, 42.877962000000004],
     [22.254083700000002, 42.878139100000006]]}},
  {"type":"Feature",
   "properties":{},
   "geometry":
   {"type":"LineString",
    "coordinates":
    [[22.254454900000002, 42.858920700000006],
     [22.254484700000003, 42.8589536],
     [22.254652500000002, 42.8591348],
     [22.2547517, 42.859190600000005], [22.254871, 42.859252100000006],
     [22.255028900000003, 42.859363300000005], [22.255358, 42.8599248],
     [22.2556422, 42.860094100000005],
     [22.256113300000003, 42.860310000000005],
     [22.256252500000002, 42.860403000000005],
     [22.2561804, 42.860486300000005],
     [22.2560024, 42.860460100000005],
     [22.255716300000003, 42.860472800000004],
     [22.255545400000003, 42.8605517],
     [22.255509500000002, 42.8605697], [22.2551117, 42.8609395],
     [22.255021000000003, 42.860996300000004],
     [22.2549493, 42.8610695], [22.254905800000003, 42.8612041],
     [22.254838900000003, 42.8613268],
     [22.2547058, 42.861524100000004],
     [22.254678900000002, 42.8616678],
     [22.2546806, 42.861802700000005], [22.2545961, 42.8619415],
     [22.2545471, 42.862117700000006],
     [22.254466500000003, 42.862295200000005],
     [22.2543334, 42.862503200000006],
     [22.2542963, 42.862727400000004], [22.2542365, 42.8630323],
     [22.2541978, 42.863545300000006], [22.2541903, 42.863638],
     [22.2542942, 42.863905700000004], [22.2543314, 42.8640982],
     [22.2543155, 42.8647307], [22.2543937, 42.864868200000004],
     [22.2544453, 42.8651172], [22.254304, 42.865369900000005],
     [22.2540489, 42.865511500000004],
     [22.2539848, 42.865586400000005],
     [22.2539574, 42.865723100000004], [22.2540935, 42.8659042],
     [22.254374000000002, 42.8661617], [22.254514, 42.866323400000006],
     [22.2545624, 42.866402900000004],
     [22.2546612, 42.866555600000005], [22.2546973, 42.8667448],
     [22.254682900000002, 42.866850400000004],
     [22.254596600000003, 42.867185], [22.2545784, 42.8672454],
     [22.2544623, 42.867593], [22.254422100000003, 42.867868300000005],
     [22.254423900000003, 42.8680278],
     [22.2544833, 42.868107900000005], [22.254552, 42.8682006],
     [22.254673, 42.8683544], [22.2547757, 42.8685362],
     [22.254837900000002, 42.8687191],
     [22.2548497, 42.868986400000004], [22.2548537, 42.8692568],
     [22.2547858, 42.8694836], [22.2548104, 42.869619900000004],
     [22.2548548, 42.869846], [22.254961, 42.870122300000006],
     [22.255071, 42.8702916], [22.255171100000002, 42.8704963],
     [22.2553035, 42.870712600000004], [22.2553342, 42.8707642],
     [22.2554941, 42.871011700000004],
     [22.255748500000003, 42.871192400000005]]}},
  {"type":"Feature",
   "properties":{},
   "geometry":
   {"type":"LineString",
    "coordinates":
    [[22.254454900000002, 42.858920700000006],
     [22.254465200000002, 42.858809900000004],
     [22.2545886, 42.858499300000005], [22.2546101, 42.8581689],
     [22.2547871, 42.8578465], [22.2549856, 42.857421800000004],
     [22.255157200000003, 42.857170100000005],
     [22.2553664, 42.856599900000006], [22.2555166, 42.8563168],
     [22.255811700000002, 42.8556443], [22.2560745, 42.8550741],
     [22.2562891, 42.8546022], [22.256251600000002, 42.8541618],
     [22.255913600000003, 42.8536663],
     [22.255779500000003, 42.8533084],
     [22.255929700000003, 42.852864000000004],
     [22.256208700000002, 42.852419600000005], [22.2562247, 42.852223],
     [22.256112100000003, 42.851731400000006],
     [22.2559565, 42.8512909], [22.256010200000002, 42.8510038],
     [22.2561067, 42.850630200000005], [22.2563642, 42.8504572],
     [22.2570884, 42.850174], [22.257598, 42.849965600000004],
     [22.2578126, 42.8496706], [22.2580165, 42.849245800000006],
     [22.2581774, 42.849009900000006], [22.2582686, 42.8487346],
     [22.258365100000002, 42.8484435],
     [22.2585154, 42.848203600000005], [22.2587568, 42.8479322],
     [22.2590374, 42.8473849]]}},
  {"type":"Feature",
   "properties":{},
   "geometry":
   {"type":"LineString",
    "coordinates":
    [[22.261654800000002, 42.8396014], [22.2615523, 42.839781],
     [22.261435600000002, 42.839937000000006],
     [22.2613118, 42.840090100000005], [22.2611811, 42.84024],
     [22.260949500000002, 42.840623300000004],
     [22.260916100000003, 42.8407013], [22.2608891, 42.8407807],
     [22.2608627, 42.8408917],
     [22.260848900000003, 42.841003900000004],
     [22.260833100000003, 42.8410719], [22.2608086, 42.8411386],
     [22.260771300000002, 42.841211], [22.2607237, 42.841280100000006],
     [22.260666500000003, 42.841345100000005],
     [22.2606214, 42.841424100000005],
     [22.260580700000002, 42.841504400000005],
     [22.260522100000003, 42.8416413],
     [22.2604955, 42.841710400000004], [22.2604761, 42.8417807],
     [22.260464600000002, 42.8418456], [22.2604592, 42.841911],
     [22.260460000000002, 42.8419764], [22.2604547, 42.8420762],
     [22.2604417, 42.842175600000004],
     [22.260421100000002, 42.8422744],
     [22.2603973, 42.842397600000005],
     [22.260374300000002, 42.8425609], [22.2603714, 42.8426343],
     [22.260374600000002, 42.8427225],
     [22.260384900000002, 42.842810500000006],
     [22.260402300000003, 42.8428978], [22.2604103, 42.8431967],
     [22.2604209, 42.843268900000005], [22.2604432, 42.8433396],
     [22.260472, 42.843399600000005], [22.260509300000002, 42.8434571],
     [22.2605545, 42.843511400000004], [22.2608079, 42.8438522],
     [22.2608715, 42.843981500000005],
     [22.2608882, 42.844042200000004], [22.2608961, 42.8441039],
     [22.260894200000003, 42.8441751], [22.2608806, 42.8442457],
     [22.260855300000003, 42.8443145],
     [22.2608353, 42.844409500000005],
     [22.260808100000002, 42.8445034],
     [22.260773800000003, 42.844596100000004], [22.260731, 42.8446903],
     [22.2606809, 42.8447825], [22.2604466, 42.845210800000004],
     [22.2602276, 42.8456161], [22.2598862, 42.846060400000006],
     [22.2597145, 42.8462648],
     [22.259566600000003, 42.846399000000005],
     [22.2595087, 42.8464752], [22.259439500000003, 42.8465502],
     [22.2593821, 42.8465993], [22.2593409, 42.8466511],
     [22.259306300000002, 42.8467119],
     [22.259243700000003, 42.8468833], [22.2591275, 42.8471624],
     [22.2590374, 42.8473849]]}},
  {"type":"Feature",
   "properties":{},
   "geometry":
   {"type":"LineString",
    "coordinates":
    [[22.261654800000002, 42.8396014],
     [22.261369700000003, 42.8396628],
     [22.261164700000002, 42.839665800000006],
     [22.2608286, 42.839671800000005],
     [22.260353000000002, 42.839680800000004],
     [22.260090700000003, 42.839674800000004],
     [22.2598324, 42.8396297], [22.2589265, 42.8394253],
     [22.2584345, 42.839296100000006],
     [22.258311600000003, 42.839293100000006],
     [22.2580287, 42.8393351], [22.2574097, 42.8395455],
     [22.257176, 42.839680800000004], [22.2569629, 42.8398431],
     [22.256532500000002, 42.8402459], [22.256225, 42.8406547],
     [22.255950300000002, 42.8409643],
     [22.2553887, 42.841535400000005],
     [22.255228900000002, 42.8417158],
     [22.255118200000002, 42.8419412],
     [22.255085400000002, 42.842022300000004],
     [22.255019800000003, 42.8420434],
     [22.254941900000002, 42.842028400000004],
     [22.254905, 42.842007300000006], [22.2547533, 42.8413881],
     [22.254741000000003, 42.8412949], [22.2547123, 42.8412589],
     [22.2546509, 42.8412439], [22.2533186, 42.8411988],
     [22.2528881, 42.8411266], [22.2522978, 42.8409793],
     [22.2520601, 42.8409373],
     [22.251920700000003, 42.840952300000005],
     [22.251461600000003, 42.8410936], [22.2511951, 42.8411897],
     [22.2509246, 42.841213800000006],
     [22.250682700000002, 42.841210800000006],
     [22.250412100000002, 42.8412829],
     [22.2502236, 42.841382100000004],
     [22.250063700000002, 42.841478300000006],
     [22.249895600000002, 42.841538400000005],
     [22.2496128, 42.841583500000006],
     [22.249190600000002, 42.8416025], [22.2489446, 42.8416136],
     [22.2483256, 42.841646600000004],
     [22.2481985, 42.841649600000004], [22.2481206, 42.8416421],
     [22.248009900000003, 42.8416136], [22.247889, 42.841573000000004],
     [22.2478193, 42.841500800000006], [22.2475774, 42.8411221],
     [22.247475, 42.8408786], [22.2474278, 42.8407284],
     [22.247368400000003, 42.8406742],
     [22.2472987, 42.840630700000006],
     [22.246616200000002, 42.8403526], [22.2456631, 42.8399859],
     [22.2450236, 42.8398041], [22.244968200000002, 42.839756],
     [22.2449477, 42.839649200000004],
     [22.244986700000002, 42.8394884], [22.2451732, 42.8392976],
     [22.2453556, 42.8391217],
     [22.245622100000002, 42.838989500000004],
     [22.2458414, 42.8389534]]}},
  {"type":"Feature",
   "properties":{},
   "geometry":
   {"type":"LineString",
    "coordinates":
    [[22.2411025, 42.8370747], [22.241847, 42.8374195],
     [22.2421152, 42.8375903],
     [22.242765600000002, 42.837777700000004],
     [22.2436413, 42.8379076], [22.244349900000003, 42.837941],
     [22.2446309, 42.837898300000006], [22.245175, 42.8380765],
     [22.2455116, 42.8384031], [22.245736800000003, 42.8385775],
     [22.2458786, 42.8387223], [22.2459747, 42.8388726],
     [22.2458414, 42.8389534]]}},
  {"type":"Feature",
   "properties":{},
   "geometry":
   {"type":"LineString",
    "coordinates":
    [[22.2405286, 42.8366989],
     [22.240725400000002, 42.836837200000005],
     [22.2410369, 42.836993500000005], [22.2411025, 42.8370747]]}},
  {"type":"Feature",
   "properties":{},
   "geometry":
   {"type":"LineString",
    "coordinates":
    [[22.2390283, 42.8353672],
     [22.239220900000003, 42.835776100000004],
     [22.2393931, 42.8359384], [22.2397744, 42.8361308],
     [22.2400449, 42.8362811], [22.240266300000002, 42.8364163],
     [22.2403975, 42.836527600000004], [22.2405286, 42.8366989]]}},
  {"type":"Feature",
   "properties":{},
   "geometry":
   {"type":"LineString",
    "coordinates":
    [[22.2390283, 42.8353672],
     [22.238761800000002, 42.835493500000005],
     [22.2385896, 42.835607700000004], [22.2381104, 42.8361384],
     [22.2380526, 42.836174400000004], [22.2379864, 42.8361929],
     [22.2377402, 42.8362068], [22.237494, 42.836224200000004],
     [22.237224100000002, 42.8362416], [22.2369874, 42.8362172],
     [22.2367506, 42.836147800000006], [22.2364713, 42.836061],
     [22.236177700000002, 42.836019300000004],
     [22.2358936, 42.835995000000004], [22.2356427, 42.8360159],
     [22.235443800000002, 42.836068000000004],
     [22.2352402, 42.8361235], [22.235079300000002, 42.8361304],
     [22.2348046, 42.836102700000005],
     [22.2345206, 42.836078400000005], [22.234259, 42.836081300000004],
     [22.2340468, 42.8360174],
     [22.233834700000003, 42.835950800000006],
     [22.2337278, 42.835900800000005],
     [22.2336719, 42.835848000000006],
     [22.2336302, 42.835706300000005],
     [22.233626700000002, 42.8355412],
     [22.233643800000003, 42.8354536],
     [22.2336789, 42.835378600000006],
     [22.233758700000003, 42.835260000000005],
     [22.2337811, 42.8352267], [22.2337862, 42.835194400000006],
     [22.2337618, 42.835160200000004], [22.2337248, 42.835132],
     [22.2336639, 42.8351179], [22.233591500000003, 42.8351132],
     [22.233487, 42.8351121], [22.2334214, 42.8351267],
     [22.233370200000003, 42.8351478],
     [22.233296900000003, 42.8351953],
     [22.233240000000002, 42.8352397],
     [22.2332094, 42.835300800000006], [22.2331888, 42.8353717],
     [22.233175600000003, 42.8354258],
     [22.233168300000003, 42.8354536],
     [22.2331453, 42.835475800000005],
     [22.2331191, 42.835490500000006],
     [22.2330842, 42.835489700000004],
     [22.2330507, 42.835475800000005], [22.2330268, 42.8354499],
     [22.2330241, 42.835423000000006],
     [22.2330469, 42.835359100000005],
     [22.233065800000002, 42.8352943],
     [22.233058200000002, 42.8352591], [22.2329787, 42.8351258],
     [22.2328613, 42.8349564], [22.232709800000002, 42.8347258],
     [22.2326075, 42.8345397], [22.2325279, 42.8344036],
     [22.2324939, 42.8343782], [22.232456000000003, 42.8343624],
     [22.2323862, 42.8343477], [22.2323279, 42.8343196],
     [22.2322704, 42.8342675], [22.2322008, 42.8342204],
     [22.2320722, 42.834168000000005], [22.2318386, 42.8340897],
     [22.2317028, 42.834044500000005], [22.2315848, 42.8340231],
     [22.2314086, 42.834001900000004], [22.2313534, 42.8339823],
     [22.231318400000003, 42.8339543],
     [22.231280400000003, 42.8339104],
     [22.2312085, 42.833850000000005], [22.2310507, 42.8337675],
     [22.2308689, 42.833637], [22.2306719, 42.833512000000006],
     [22.230543100000002, 42.8334064],
     [22.230478700000003, 42.8332787],
     [22.2303916, 42.833170300000006], [22.230296900000003, 42.833137],
     [22.230243400000003, 42.833147200000006],
     [22.230198400000003, 42.833178700000005],
     [22.230179500000002, 42.833242500000004],
     [22.2301757, 42.8333481], [22.230206000000003, 42.8334259],
     [22.2302666, 42.8335287], [22.23035, 42.8336787],
     [22.2304371, 42.833789800000005],
     [22.230543100000002, 42.833912000000005], [22.2306454, 42.834012],
     [22.2307022, 42.8341147], [22.230740100000002, 42.8342259],
     [22.230781800000003, 42.834312000000004],
     [22.2307856, 42.8343981], [22.2307893, 42.8344925],
     [22.230774200000003, 42.834625800000005],
     [22.2307552, 42.8347369], [22.230724000000002, 42.834757],
     [22.2306795, 42.8347592], [22.2306369, 42.834735200000004],
     [22.2306151, 42.8347064], [22.2305734, 42.834620300000005],
     [22.2305469, 42.834464700000005], [22.2304825, 42.8343009],
     [22.2303651, 42.834170300000004],
     [22.230289300000003, 42.8341203], [22.2301606, 42.8340064],
     [22.229990100000002, 42.833878600000006],
     [22.2298462, 42.833795300000006], [22.2296303, 42.833762],
     [22.2294522, 42.833750900000005], [22.2293121, 42.8337481],
     [22.229175700000003, 42.833795300000006],
     [22.2290394, 42.833828600000004],
     [22.228891700000002, 42.833809200000005],
     [22.228736400000003, 42.833837], [22.2286076, 42.833873100000005],
     [22.2285015, 42.8338842], [22.2284295, 42.8338703],
     [22.228391700000003, 42.8338203], [22.2284106, 42.8337231],
     [22.2284371, 42.833612], [22.2285167, 42.833437],
     [22.228531800000003, 42.8332703],
     [22.228611400000002, 42.833062000000005],
     [22.2286991, 42.8328873], [22.228755900000003, 42.8327984],
     [22.228846800000003, 42.832679000000006],
     [22.228934000000002, 42.8325984],
     [22.2290628, 42.832487300000004],
     [22.2291385, 42.832312300000005],
     [22.2292218, 42.832165100000005], [22.2293658, 42.831954],
     [22.229445300000002, 42.8318651],
     [22.229521100000003, 42.8317818],
     [22.229634700000002, 42.8317179],
     [22.2297559, 42.831687300000006], [22.2298809, 42.8316734],
     [22.229983200000003, 42.8316679],
     [22.230058900000003, 42.831631800000004],
     [22.2300855, 42.8315762], [22.2300514, 42.8315095],
     [22.230074100000003, 42.831423400000006],
     [22.2301347, 42.8313317], [22.2301839, 42.8312401],
     [22.230229400000002, 42.8311817],
     [22.2302332, 42.831120600000006],
     [22.2301696, 42.831088400000006]]}},
  {"type":"Feature",
   "properties":{},
   "geometry":
   {"type":"LineString",
    "coordinates":
    [[22.2301696, 42.831088400000006],
     [22.230396900000002, 42.830897500000006],
     [22.2305619, 42.8307408], [22.230634400000003, 42.8306405],
     [22.2306764, 42.830524000000004],
     [22.230707300000002, 42.830114300000005], [22.2307191, 42.829838],
     [22.2307056, 42.829574900000004],
     [22.2306417, 42.829484900000004],
     [22.2305148, 42.829325700000005],
     [22.230387500000003, 42.829174200000004], [22.230181, 42.8289307],
     [22.230115, 42.828715200000005], [22.2301831, 42.8285357],
     [22.2302874, 42.8283764], [22.2303874, 42.8282237],
     [22.2304774, 42.828029300000004], [22.2306147, 42.8278696],
     [22.2307223, 42.8277732],
     [22.230869000000002, 42.827676000000004],
     [22.2310632, 42.8276065], [22.231214700000002, 42.827544],
     [22.231404100000002, 42.827457200000005],
     [22.231602900000002, 42.8273426],
     [22.231825500000003, 42.827158600000004],
     [22.2319959, 42.826978000000004],
     [22.232190000000003, 42.8267662],
     [22.232403100000003, 42.8265509], [22.232559400000003, 42.826405],
     [22.232734500000003, 42.8262626],
     [22.233013900000003, 42.826036900000005],
     [22.2332554, 42.8258494], [22.2334447, 42.825707],
     [22.2336294, 42.8255855], [22.233738300000002, 42.8254813],
     [22.233975, 42.8252764], [22.234150200000002, 42.8251167],
     [22.2343207, 42.8249847]]}},
  {"type":"Feature",
   "properties":{},
   "geometry":
   {"type":"LineString",
    "coordinates":
    [[22.244168700000003, 42.8159434],
     [22.2439669, 42.815921100000004], [22.2436991, 42.8158205],
     [22.243467900000002, 42.8158369],
     [22.243208000000003, 42.815922300000004],
     [22.2428637, 42.8160661], [22.242417800000002, 42.8163022],
     [22.2421773, 42.8165398], [22.2419496, 42.816835000000005],
     [22.241453500000002, 42.817119000000005],
     [22.241197900000003, 42.8173362],
     [22.240699300000003, 42.8180008],
     [22.2406867, 42.818258900000004], [22.240580400000002, 42.818541],
     [22.240433600000003, 42.8187471],
     [22.2402969, 42.818891900000004],
     [22.2398692, 42.819107200000005],
     [22.239661700000003, 42.8190627], [22.239401, 42.8187397],
     [22.2394871, 42.8186079], [22.239512400000002, 42.818528],
     [22.2394466, 42.8184965], [22.239388400000003, 42.8185317],
     [22.2392694, 42.8187731], [22.2391606, 42.8190571],
     [22.2392138, 42.8192966], [22.2389328, 42.8197811],
     [22.2388012, 42.8202804], [22.2386772, 42.820614600000006],
     [22.2383533, 42.820785300000004], [22.2381129, 42.8209673],
     [22.2378092, 42.8210434], [22.2376295, 42.8212995],
     [22.2375687, 42.8215501], [22.2368981, 42.822133],
     [22.2361565, 42.8223817], [22.2355112, 42.8225154],
     [22.2351493, 42.822680600000005],
     [22.235108800000003, 42.8229349], [22.2351771, 42.823386],
     [22.234936700000002, 42.824327100000005],
     [22.2344179, 42.824783700000005], [22.2343207, 42.8249847]]}},
  {"type":"Feature",
   "properties":{},
   "geometry":
   {"type":"LineString",
    "coordinates":
    [[22.2479528, 42.811275800000004], [22.247925600000002, 42.811261],
     [22.2478941, 42.811252100000004], [22.2478605, 42.8112495],
     [22.247827100000002, 42.8112535],
     [22.247750800000002, 42.8112678],
     [22.2476363, 42.811301400000005],
     [22.2475317, 42.811342700000004], [22.2474056, 42.8114391],
     [22.2473612, 42.8114782], [22.247311800000002, 42.8115139],
     [22.2472512, 42.8115493], [22.2471856, 42.8115796],
     [22.247116000000002, 42.8116044],
     [22.247033000000002, 42.811646200000006],
     [22.246955, 42.811692900000004], [22.2468869, 42.811741100000006],
     [22.246824200000002, 42.811793], [22.246767300000002, 42.8118484],
     [22.2467136, 42.8119251], [22.2466833, 42.811988400000004],
     [22.246645700000002, 42.8120496],
     [22.246601000000002, 42.8121081], [22.2465426, 42.8121705],
     [22.2464762, 42.8122284], [22.246402500000002, 42.8122813],
     [22.246300400000003, 42.8123297], [22.2461933, 42.8123718],
     [22.2460889, 42.8124053], [22.2459814, 42.8124328],
     [22.245896400000003, 42.812461600000006],
     [22.2458151, 42.8124957], [22.245738600000003, 42.8125548],
     [22.2456649, 42.8126158], [22.2455494, 42.812720600000006],
     [22.2454423, 42.8128302], [22.245360700000003, 42.8129215],
     [22.245284, 42.8130073], [22.2452304, 42.8131077],
     [22.2452036, 42.813202100000005], [22.2451711, 42.8132734],
     [22.2451285, 42.8133418], [22.245077100000003, 42.8134053],
     [22.245017, 42.8134646], [22.244948700000002, 42.813518900000005],
     [22.2445893, 42.813727400000005],
     [22.244526200000003, 42.8137625],
     [22.2444677, 42.813801600000005], [22.2444144, 42.8138445],
     [22.2443667, 42.8138908], [22.2443244, 42.813940800000005],
     [22.2442886, 42.8139936], [22.2442597, 42.814048500000006],
     [22.244238000000003, 42.8141052],
     [22.244146800000003, 42.814368900000005],
     [22.244127600000002, 42.8144652],
     [22.2441172, 42.814496000000005],
     [22.2440958, 42.814559700000004], [22.244051000000002, 42.814653],
     [22.243993900000003, 42.814742700000004], [22.2439, 42.814849],
     [22.243872500000002, 42.814887600000006],
     [22.243851900000003, 42.8149285],
     [22.2438383, 42.814970900000006],
     [22.243832400000002, 42.8150096],
     [22.243832400000002, 42.8150484],
     [22.2438383, 42.815087000000005], [22.2438946, 42.8153566],
     [22.2439232, 42.815438400000005], [22.2439617, 42.8155179],
     [22.243999000000002, 42.815579], [22.2440159, 42.8156103],
     [22.244042200000003, 42.815637900000006],
     [22.2440688, 42.8156564], [22.2440995, 42.815671],
     [22.244133400000003, 42.8156812], [22.244246, 42.815720600000006],
     [22.2442715, 42.815734500000005],
     [22.244290000000003, 42.815753400000006],
     [22.2442996, 42.8157757], [22.2443004, 42.8157942],
     [22.2442949, 42.8158122],
     [22.244283600000003, 42.815828800000006],
     [22.2442426, 42.815854900000005],
     [22.244208500000003, 42.815885800000004],
     [22.244180500000002, 42.815923600000005],
     [22.244168700000003, 42.8159434]]}},
  {"type":"Feature",
   "properties":{},
   "geometry":
   {"type":"LineString",
    "coordinates":
    [[22.2479528, 42.811275800000004],
     [22.248487700000002, 42.811025900000004],
     [22.2488861, 42.8108334], [22.249200100000003, 42.8106511],
     [22.2493032, 42.8104517], [22.2493313, 42.810207600000005],
     [22.2493032, 42.8101217],
     [22.249382800000003, 42.810080400000004],
     [22.2495797, 42.8101251], [22.2497578, 42.810128600000006],
     [22.2500436, 42.8100632], [22.2507419, 42.8097298],
     [22.2522135, 42.8092656], [22.2532165, 42.809069300000004],
     [22.254160300000002, 42.8090038],
     [22.2543325, 42.808947700000004], [22.2542623, 42.8088495],
     [22.254122000000002, 42.8088027], [22.2539179, 42.8088214],
     [22.2535481, 42.808667], [22.2532101, 42.8086062],
     [22.253012400000003, 42.808405], [22.2529422, 42.8082459],
     [22.2531846, 42.8082319], [22.253535300000003, 42.8082927],
     [22.254396200000002, 42.8080635],
     [22.2545365, 42.807890300000004],
     [22.2544855, 42.807768700000004],
     [22.2542432, 42.807567500000005],
     [22.253822300000003, 42.8074693], [22.253446, 42.8074272],
     [22.253248300000003, 42.8073336], [22.2532037, 42.8072073],
     [22.253305700000002, 42.8070576],
     [22.253280200000003, 42.806982700000006],
     [22.2532037, 42.8069312], [22.2531272, 42.8068143],
     [22.253183500000002, 42.8067076]]}},
  {"type":"Feature",
   "properties":{},
   "geometry":
   {"type":"LineString",
    "coordinates":
    [[22.2545192, 42.8040189], [22.254284900000002, 42.8040327],
     [22.2541583, 42.8041496], [22.254013, 42.8042527],
     [22.253722500000002, 42.8043077], [22.2536147, 42.804349],
     [22.253535000000003, 42.804393700000006],
     [22.2535257, 42.8045278], [22.2536194, 42.8047306],
     [22.2536381, 42.805132900000004],
     [22.2533569, 42.805610800000004],
     [22.2532679, 42.805648700000006],
     [22.2532773, 42.805800000000005],
     [22.2533569, 42.805968400000005],
     [22.253464700000002, 42.806136900000006],
     [22.2534226, 42.8063638], [22.253272600000003, 42.8066011],
     [22.253183500000002, 42.8067076]]}},
  {"type":"Feature",
   "properties":{},
   "geometry":
   {"type":"LineString",
    "coordinates":
    [[22.2608599, 42.8036923], [22.259454, 42.803926100000005],
     [22.2588729, 42.803933], [22.257663800000003, 42.8041186],
     [22.257157600000003, 42.804173600000006],
     [22.2562438, 42.8041496], [22.2558736, 42.804135800000005],
     [22.2551893, 42.8039914],
     [22.254987800000002, 42.803926100000005],
     [22.2547676, 42.803847000000005], [22.2545988, 42.8038779],
     [22.2545192, 42.8040189]]}},
  {"type":"Feature",
   "properties":{},
   "geometry":
   {"type":"LineString",
    "coordinates":
    [[22.264411900000002, 42.8013281],
     [22.264093600000002, 42.8013197],
     [22.263957700000002, 42.8013885],
     [22.2639764, 42.801601700000006],
     [22.2642014, 42.801804600000004], [22.2643279, 42.8021003],
     [22.2644357, 42.8022584], [22.2647309, 42.802292800000004],
     [22.2648575, 42.8023444], [22.2651714, 42.802681400000004],
     [22.265368300000002, 42.8028052],
     [22.265415100000002, 42.8029358],
     [22.265213600000003, 42.8030046],
     [22.2650121, 42.803107700000005],
     [22.264838700000002, 42.8032522],
     [22.264557500000002, 42.8033725],
     [22.264220100000003, 42.8035616], [22.2640092, 42.8038436],
     [22.263803000000003, 42.803957000000004],
     [22.2634656, 42.8040292], [22.2630813, 42.8040327],
     [22.262748600000002, 42.804005200000006],
     [22.2625752, 42.8040223], [22.2622143, 42.803994800000005],
     [22.26183, 42.803884800000006], [22.2613895, 42.8038539],
     [22.2608599, 42.8036923]]}},
  {"type":"Feature",
   "properties":{},
   "geometry":
   {"type":"LineString",
    "coordinates":
    [[22.2640686, 42.8003422], [22.2640461, 42.800399600000006],
     [22.2640633, 42.8004897], [22.2641598, 42.8008164],
     [22.2642886, 42.8011234], [22.264411900000002, 42.8013281]]}},
  {"type":"Feature",
   "properties":{},
   "geometry":
   {"type":"LineString",
    "coordinates":
    [[22.2640686, 42.8003422], [22.2640944, 42.800276600000004],
     [22.264122500000003, 42.8002559],
     [22.264209700000002, 42.8002362], [22.2644243, 42.8002048],
     [22.264604000000002, 42.8001615],
     [22.264751500000003, 42.8001024],
     [22.2649875, 42.799987300000005], [22.265245, 42.799821],
     [22.265380500000003, 42.799699000000004],
     [22.2655441, 42.7994786], [22.265660800000003, 42.7993132],
     [22.265713100000003, 42.7992542],
     [22.2657598, 42.799212700000005]]}},
  {"type":"Feature",
   "properties":{},
   "geometry":
   {"type":"LineString",
    "coordinates":
    [[22.2660248, 42.7963947],
     [22.266052100000003, 42.796486900000005],
     [22.2661701, 42.7969474], [22.2660628, 42.7973489],
     [22.265838900000002, 42.7978132],
     [22.265683300000003, 42.798391800000005],
     [22.2657691, 42.7987697], [22.2657707, 42.7989787],
     [22.2657598, 42.799212700000005]]}},
  {"type":"Feature",
   "properties":{},
   "geometry":
   {"type":"LineString",
    "coordinates":
    [[22.266783, 42.7957545], [22.266611400000002, 42.795825400000005],
     [22.266406200000002, 42.7959673],
     [22.266239900000002, 42.7961484], [22.2661219, 42.7961917],
     [22.266025300000003, 42.7962665], [22.2660248, 42.7963947]]}},
  {"type":"Feature",
   "properties":{},
   "geometry":
   {"type":"LineString",
    "coordinates":
    [[22.267298, 42.7950618], [22.2671518, 42.7953769],
     [22.2669265, 42.795680000000004], [22.266783, 42.7957545]]}},
  {"type":"Feature",
   "properties":{},
   "geometry":
   {"type":"LineString",
    "coordinates":
    [[22.269399500000002, 42.757679], [22.269363300000002, 42.7583877],
     [22.2694599, 42.7586753], [22.269594, 42.7589825],
     [22.269423800000002, 42.759476500000005],
     [22.269138100000003, 42.760040000000004], [22.268373, 42.7609561],
     [22.2681638, 42.7613051], [22.2679946, 42.7618316],
     [22.2678225, 42.762499000000005], [22.26764, 42.763586800000006],
     [22.2674951, 42.764236600000004], [22.2672269, 42.7646619],
     [22.2668594, 42.7651753], [22.266386, 42.7659766],
     [22.265870000000003, 42.766550900000006],
     [22.2653533, 42.7672454], [22.2652618, 42.767524300000005],
     [22.265253700000002, 42.7678403], [22.2654287, 42.7682184],
     [22.265651100000003, 42.7685369],
     [22.265782100000003, 42.7687292], [22.2658442, 42.7688204],
     [22.2661111, 42.7690451], [22.266359400000002, 42.769407],
     [22.2662841, 42.769804900000004],
     [22.266015300000003, 42.770650700000004],
     [22.266116500000003, 42.771033800000005],
     [22.266029200000002, 42.771677000000004],
     [22.266023800000003, 42.7721314], [22.2659829, 42.7727042],
     [22.265859900000002, 42.7731851],
     [22.265822800000002, 42.7736955], [22.265692, 42.774021700000006],
     [22.265525800000002, 42.7743114],
     [22.265193800000002, 42.7749243], [22.2644924, 42.7761368],
     [22.2638795, 42.777023], [22.263331, 42.777725700000005],
     [22.263279, 42.7778067], [22.2632358, 42.7779444],
     [22.2631982, 42.778452200000004],
     [22.2631298, 42.779042700000005], [22.2632197, 42.7794406],
     [22.2634128, 42.780165000000004], [22.2637843, 42.7810586],
     [22.2639117, 42.7814368], [22.264095400000002, 42.7822319],
     [22.264310000000002, 42.78285], [22.264496400000002, 42.7833935],
     [22.264496400000002, 42.7838463], [22.264251, 42.784747700000004],
     [22.2641102, 42.7854486],
     [22.264127600000002, 42.786149200000004],
     [22.2642121, 42.786712400000006],
     [22.2642124, 42.787080700000004], [22.2642443, 42.787734],
     [22.2642633, 42.7879133],
     [22.264294000000003, 42.787974000000006],
     [22.264401200000002, 42.7881255],
     [22.264587600000002, 42.7886414],
     [22.2647325, 42.789082300000004],
     [22.264721700000003, 42.789330400000004],
     [22.264770000000002, 42.789763400000005],
     [22.264904100000003, 42.7901925],
     [22.265136100000003, 42.7907749],
     [22.265340000000002, 42.7910899],
     [22.265656500000002, 42.7915307],
     [22.265859000000003, 42.791987400000004],
     [22.2660175, 42.792286000000004], [22.2662184, 42.7926371],
     [22.266327, 42.7930148], [22.266364600000003, 42.793266800000005],
     [22.266579200000002, 42.7937352],
     [22.266658300000003, 42.793881000000006],
     [22.2668621, 42.7939913], [22.2670137, 42.7941525],
     [22.2672014, 42.7946602], [22.2672108, 42.794814],
     [22.267298, 42.7950618]]}},
  {"type":"Feature",
   "properties":{},
   "geometry":
   {"type":"LineString",
    "coordinates":
    [[22.2692131, 42.7536848], [22.269243900000003, 42.7538228],
     [22.2694009, 42.7540354], [22.269458500000002, 42.754327],
     [22.269615400000003, 42.7545711],
     [22.269640900000002, 42.7548352], [22.2696691, 42.7556031],
     [22.2696423, 42.7560166], [22.2696462, 42.7563122],
     [22.2696155, 42.7565444], [22.269491300000002, 42.7576167],
     [22.269399500000002, 42.757679]]}},
  {"type":"Feature",
   "properties":{},
   "geometry":
   {"type":"LineString",
    "coordinates":
    [[22.267348000000002, 42.7495515],
     [22.267616200000003, 42.750583600000006],
     [22.267734200000003, 42.750764800000006],
     [22.267680600000002, 42.7510406],
     [22.267981000000002, 42.751749600000004],
     [22.2679703, 42.752293200000004],
     [22.268646200000003, 42.7530337],
     [22.2689144, 42.753372500000005], [22.2692131, 42.7536848]]}},
  {"type":"Feature",
   "properties":{},
   "geometry":
   {"type":"LineString",
    "coordinates":
    [[22.267940600000003, 42.747650400000005],
     [22.2675614, 42.748546100000006], [22.267388, 42.748941800000004],
     [22.267348000000002, 42.7495515]]}},
  {"type":"Feature",
   "properties":{},
   "geometry":
   {"type":"LineString",
    "coordinates":
    [[22.2710048, 42.742871300000004],
     [22.2706443, 42.743261800000006], [22.2702098, 42.7436006],
     [22.2699898, 42.743951200000005], [22.2699469, 42.7445855],
     [22.2696626, 42.7452394], [22.2696143, 42.7455231],
     [22.269533900000003, 42.745692500000004],
     [22.268976000000002, 42.7462991],
     [22.2685575, 42.746870400000006],
     [22.2681767, 42.747354900000005],
     [22.267940600000003, 42.747650400000005]]}},
  {"type":"Feature",
   "properties":{},
   "geometry":
   {"type":"LineString",
    "coordinates":
    [[22.2720659, 42.7375963], [22.271894, 42.737864],
     [22.2717934, 42.7381711], [22.271691500000003, 42.7386282],
     [22.271502400000003, 42.7389239], [22.2712341, 42.7392666],
     [22.2711979, 42.739617100000004], [22.2713468, 42.7401846],
     [22.2714755, 42.7406574],
     [22.271525200000003, 42.741177300000004],
     [22.2714286, 42.7416185], [22.2712341, 42.742308200000004],
     [22.2710048, 42.742871300000004]]}},
  {"type":"Feature",
   "properties":{},
   "geometry":
   {"type":"LineString",
    "coordinates":
    [[22.2720659, 42.7375963],
     [22.272440900000003, 42.737131000000005],
     [22.2725803, 42.736768500000004], [22.2726125, 42.7365872],
     [22.272752500000003, 42.7363197], [22.2727305, 42.736209],
     [22.272484300000002, 42.7362015], [22.2718728, 42.7363434],
     [22.2715718, 42.7362799], [22.2713787, 42.7360987],
     [22.271335800000003, 42.735728300000005],
     [22.271486000000003, 42.7354604],
     [22.2717762, 42.735271600000004],
     [22.272076100000003, 42.734963900000004],
     [22.272258500000003, 42.734514700000005]]}},
  {"type":"Feature",
   "properties":{},
   "geometry":
   {"type":"LineString",
    "coordinates":
    [[22.272258500000003, 42.734514700000005],
     [22.2723014, 42.734168000000004],
     [22.2722799, 42.733963100000004], [22.272108300000003, 42.73364],
     [22.2720653, 42.7331829], [22.272119, 42.7328598],
     [22.272269700000003, 42.732623800000006],
     [22.2725696, 42.7323633], [22.273739000000003, 42.7316226],
     [22.2739112, 42.731457500000005],
     [22.273964300000003, 42.731260000000006],
     [22.2740073, 42.7309606],
     [22.274104400000002, 42.730834900000005],
     [22.2743082, 42.730622100000005],
     [22.274479300000003, 42.7303778], [22.274769000000003, 42.730165],
     [22.274887800000002, 42.7300089], [22.275027, 42.729826100000004],
     [22.2753489, 42.7295582], [22.2763467, 42.728951300000006],
     [22.2769899, 42.7285411], [22.2774298, 42.728233700000004]]}},
  {"type":"Feature",
   "properties":{},
   "geometry":
   {"type":"LineString",
    "coordinates":
    [[22.2821594, 42.7248827], [22.2819681, 42.7250181],
     [22.2813458, 42.7253964], [22.2806162, 42.7256487],
     [22.279855, 42.7259801], [22.279146400000002, 42.7263816],
     [22.2786958, 42.7268782],
     [22.278202200000003, 42.727351000000006],
     [22.2777414, 42.7278243], [22.2774298, 42.728233700000004]]}},
  {"type":"Feature",
   "properties":{},
   "geometry":
   {"type":"LineString",
    "coordinates":
    [[22.284575200000003, 42.7194614],
     [22.2845972, 42.719643000000005], [22.284683, 42.7197928],
     [22.2847474, 42.7200135], [22.2848654, 42.720297300000006],
     [22.284950700000003, 42.7206989],
     [22.284994100000002, 42.721203700000004],
     [22.284779, 42.721676200000005],
     [22.284285500000003, 42.721920600000004], [22.2834492, 42.722189],
     [22.2830195, 42.7223856], [22.282269000000003, 42.7227643],
     [22.2819037, 42.722976800000005],
     [22.281850000000002, 42.723158000000005],
     [22.2819471, 42.7234028], [22.282247, 42.7236704],
     [22.2824192, 42.7240412],
     [22.282365000000002, 42.724411200000006],
     [22.282290500000002, 42.724790000000006],
     [22.2821594, 42.7248827]]}},
  {"type":"Feature",
   "properties":{},
   "geometry":
   {"type":"LineString",
    "coordinates":
    [[22.295629100000003, 42.7126737], [22.2954024, 42.7128117],
     [22.2948539, 42.7133605], [22.2945423, 42.7136124],
     [22.294446200000003, 42.7138256], [22.2937918, 42.7140858],
     [22.292482900000003, 42.7144405],
     [22.292139000000002, 42.7145584],
     [22.291849300000003, 42.7147318],
     [22.291581100000002, 42.7149367],
     [22.291120300000003, 42.7153549], [22.2908468, 42.7157478],
     [22.2904766, 42.7161747],
     [22.289457300000002, 42.716616200000004],
     [22.2890598, 42.717034000000005],
     [22.288405400000002, 42.7173966],
     [22.287997700000002, 42.7177986],
     [22.287493400000002, 42.7180666], [22.2872574, 42.7182163],
     [22.2868926, 42.718366100000004],
     [22.2864425, 42.718571000000004], [22.2861958, 42.7186656],
     [22.2859592, 42.7188229], [22.2855408, 42.7190436],
     [22.2850901, 42.719280100000006], [22.284779, 42.7193352],
     [22.284575200000003, 42.7194614]]}},
  {"type":"Feature",
   "properties":{},
   "geometry":
   {"type":"LineString",
    "coordinates":
    [[22.315604200000003, 42.686667500000006],
     [22.315519700000003, 42.686713600000004],
     [22.3154977, 42.686815100000004],
     [22.315575600000003, 42.6872215],
     [22.315636700000002, 42.687495500000004],
     [22.315692300000002, 42.687608700000006],
     [22.3157919, 42.687755800000005],
     [22.315815500000003, 42.687936300000004],
     [22.3157716, 42.6880505], [22.315835800000002, 42.6881076],
     [22.315963500000002, 42.6882097],
     [22.3160081, 42.688525000000006],
     [22.316087200000002, 42.6887417], [22.3161144, 42.688999],
     [22.316097000000003, 42.6892652],
     [22.315969600000003, 42.6895788],
     [22.3158503, 42.689872400000006],
     [22.3156679, 42.690416500000005], [22.3153884, 42.690976],
     [22.315228, 42.6915442], [22.3149592, 42.6921747],
     [22.314487200000002, 42.692774], [22.313974100000003, 42.6933042],
     [22.3138028, 42.6935036], [22.3130634, 42.693981400000006],
     [22.312640100000003, 42.694449000000006],
     [22.3123153, 42.6948598], [22.312050000000003, 42.6952322],
     [22.311758400000002, 42.695848500000004],
     [22.311541300000002, 42.6962363],
     [22.3113558, 42.696527100000004],
     [22.311173800000002, 42.6967367], [22.3111809, 42.696759],
     [22.311139800000003, 42.697183900000006],
     [22.3111943, 42.6975689], [22.3111849, 42.6978248],
     [22.311108100000002, 42.698341500000005],
     [22.3107004, 42.6989407], [22.310142000000003, 42.6995711],
     [22.309691400000002, 42.7000048], [22.3092735, 42.7008804],
     [22.308822300000003, 42.702062700000006],
     [22.308383000000003, 42.702938200000006],
     [22.308232800000003, 42.7031827],
     [22.308222100000002, 42.703442800000005],
     [22.3081362, 42.703639900000006], [22.3077495, 42.7039155],
     [22.3074061, 42.7047595], [22.3070419, 42.7052089],
     [22.306865900000002, 42.705348], [22.306344000000003, 42.7057608],
     [22.3053247, 42.7063757], [22.304058700000002, 42.706904],
     [22.3031468, 42.7071878], [22.3024923, 42.707298200000004],
     [22.3019022, 42.707455800000005],
     [22.301290700000003, 42.7077475],
     [22.300561100000003, 42.7083309], [22.3000247, 42.7088114],
     [22.2992415, 42.7092923], [22.298759200000003, 42.7097027],
     [22.298308600000002, 42.7101442],
     [22.2982267, 42.710319500000004], [22.2981579, 42.710467],
     [22.2977609, 42.710869], [22.297568300000002, 42.7112557],
     [22.297465300000002, 42.7113482], [22.2969668, 42.7117957],
     [22.296805900000003, 42.711912500000004],
     [22.2966409, 42.711997200000006], [22.2964679, 42.712049],
     [22.2963601, 42.7121033], [22.2962594, 42.712186900000006],
     [22.2960703, 42.7124254], [22.2958718, 42.7125653],
     [22.295629100000003, 42.7126737]]}},
  {"type":"Feature",
   "properties":{},
   "geometry":
   {"type":"LineString",
    "coordinates":
    [[22.3154751, 42.686438100000004],
     [22.315604200000003, 42.686667500000006]]}},
  {"type":"Feature",
   "properties":{},
   "geometry":
   {"type":"LineString",
    "coordinates":
    [[22.314443400000002, 42.684665900000006],
     [22.314854200000003, 42.685334100000006],
     [22.3154751, 42.686438100000004]]}},
  {"type":"Feature",
   "properties":{},
   "geometry":
   {"type":"LineString",
    "coordinates":
    [[22.3125274, 42.6770129], [22.3121827, 42.6774994],
     [22.311988000000003, 42.6779085], [22.311938, 42.678260800000004],
     [22.3118817, 42.678564800000004],
     [22.311890400000003, 42.6788807], [22.3119638, 42.6792716],
     [22.3120909, 42.679644200000006], [22.3122845, 42.6800147],
     [22.312383500000003, 42.6801535],
     [22.312493500000002, 42.680307600000006],
     [22.3127138, 42.6805338],
     [22.313417700000002, 42.681245700000005],
     [22.3138025, 42.6817287], [22.313946100000003, 42.6820344],
     [22.314009300000002, 42.6822455], [22.3140399, 42.6824566],
     [22.314064300000002, 42.682962800000006],
     [22.314080500000003, 42.6834749], [22.3141095, 42.683717],
     [22.3142222, 42.6841705], [22.3143268, 42.684426800000004],
     [22.314443400000002, 42.684665900000006]]}},
  {"type":"Feature",
   "properties":{},
   "geometry":
   {"type":"LineString",
    "coordinates":
    [[22.3139161, 42.6757124], [22.31389, 42.6757404],
     [22.3134859, 42.676081200000006], [22.3130862, 42.6764239],
     [22.3125274, 42.6770129]]}},
  {"type":"Feature",
   "properties":{},
   "geometry":
   {"type":"LineString",
    "coordinates":
    [[22.3151613, 42.6729045], [22.314954500000002, 42.6735003],
     [22.314811000000002, 42.6740562],
     [22.314671500000003, 42.674496100000006],
     [22.3144984, 42.674921700000006],
     [22.314237000000002, 42.675328300000004],
     [22.3139161, 42.6757124]]}},
  {"type":"Feature",
   "properties":{},
   "geometry":
   {"type":"LineString",
    "coordinates":
    [[22.316272100000003, 42.670755500000006],
     [22.316063500000002, 42.6709971], [22.3158517, 42.6713724],
     [22.315845000000003, 42.6713837],
     [22.315675000000002, 42.671825500000004],
     [22.315394700000002, 42.672360600000005],
     [22.3151613, 42.6729045]]}},
  {"type":"Feature",
   "properties":{},
   "geometry":
   {"type":"LineString",
    "coordinates":
    [[22.3190263, 42.66967], [22.3189077, 42.669699200000004],
     [22.3186743, 42.6697549], [22.3182008, 42.669860500000006],
     [22.317372000000002, 42.6700755], [22.3168839, 42.6702834],
     [22.3165288, 42.6705364], [22.316435400000003, 42.670603],
     [22.316272100000003, 42.670755500000006]]}},
  {"type":"Feature",
   "properties":{},
   "geometry":
   {"type":"LineString",
    "coordinates":
    [[22.3195149, 42.6692929], [22.3194336, 42.6693796],
     [22.319377300000003, 42.6694479], [22.3193355, 42.6694978],
     [22.319304900000002, 42.6695274],
     [22.3192665, 42.669565500000004], [22.3192179, 42.6695975],
     [22.3191372, 42.6696407], [22.3190263, 42.66967]]}},
  {"type":"Feature",
   "properties":{},
   "geometry":
   {"type":"LineString",
    "coordinates":
    [[22.3201861, 42.6694553], [22.320009600000002, 42.6694286],
     [22.3198447, 42.6694018], [22.3197592, 42.6693866],
     [22.319685200000002, 42.669368600000006],
     [22.3196027, 42.669338200000006], [22.3195149, 42.6692929]]}},
  {"type":"Feature",
   "properties":{},
   "geometry":
   {"type":"LineString",
    "coordinates":
    [[22.3204312, 42.668085000000005], [22.3202748, 42.6682554],
     [22.3201056, 42.6683894],
     [22.320012300000002, 42.668426100000005],
     [22.3199234, 42.6685171], [22.3197997, 42.6687851],
     [22.319821400000002, 42.6689908], [22.320149, 42.669214200000006],
     [22.3201861, 42.6694553]]}},
  {"type":"Feature",
   "properties":{},
   "geometry":
   {"type":"LineString",
    "coordinates":
    [[22.32297, 42.6668916], [22.322869400000002, 42.666886500000004],
     [22.322742700000003, 42.666907900000005],
     [22.322308600000003, 42.666986200000004],
     [22.3214493, 42.667247200000006],
     [22.321169100000002, 42.6674189], [22.3205527, 42.6678653],
     [22.3204312, 42.668085000000005]]}},
  {"type":"Feature",
   "properties":{},
   "geometry":
   {"type":"LineString",
    "coordinates":
    [[22.32297, 42.6668916], [22.323059200000003, 42.6668601],
     [22.3231405, 42.6668152], [22.3234919, 42.6667165],
     [22.323793700000003, 42.666648], [22.3239382, 42.666602600000004],
     [22.3239936, 42.666577100000005],
     [22.3243899, 42.666264500000004],
     [22.324623300000003, 42.665933200000005],
     [22.324701700000002, 42.6657846],
     [22.324727900000003, 42.6656354],
     [22.324674700000003, 42.6654129], [22.3246533, 42.6653281],
     [22.3246727, 42.6652295], [22.3249314, 42.6648635],
     [22.325190600000003, 42.6645127]]}},
  {"type":"Feature",
   "properties":{},
   "geometry":
   {"type":"LineString",
    "coordinates":
    [[22.325190600000003, 42.6645127],
     [22.325345300000002, 42.664190100000006],
     [22.3261821, 42.6631092], [22.326504, 42.6628015],
     [22.3269224, 42.662304500000005],
     [22.3271906, 42.661689100000004],
     [22.327404700000002, 42.6612078],
     [22.327705100000003, 42.6608291], [22.328499, 42.6598666],
     [22.3288429, 42.659306400000006],
     [22.3290575, 42.658967100000005],
     [22.3293149, 42.658683100000005], [22.3293788, 42.6585253],
     [22.329293500000002, 42.658383300000004],
     [22.3292627, 42.6583222], [22.3292179, 42.6582333],
     [22.3290784, 42.658114600000005],
     [22.329067600000002, 42.6579095],
     [22.3290784, 42.657499200000004],
     [22.329003800000002, 42.657270700000005],
     [22.328928700000002, 42.656947200000005],
     [22.3290247, 42.656741700000005],
     [22.3291755, 42.656608000000006], [22.3294646, 42.6564813],
     [22.329561700000003, 42.656387],
     [22.329561700000003, 42.656284500000005],
     [22.329443700000002, 42.6561582],
     [22.328757000000003, 42.6557637], [22.3281026, 42.6554639],
     [22.3276842, 42.655298200000004], [22.3273838, 42.6551088],
     [22.327211600000002, 42.6548954],
     [22.3271365, 42.654721800000004], [22.3270082, 42.6546748],
     [22.326343100000003, 42.6546985],
     [22.325753000000002, 42.6546669], [22.3254413, 42.6545876],
     [22.325162900000002, 42.6544381],
     [22.324465500000002, 42.654154000000005],
     [22.324271900000003, 42.654019500000004],
     [22.3238647, 42.6535701], [22.323768100000002, 42.6532229],
     [22.3239178, 42.6528517], [22.3240787, 42.652394],
     [22.3243255, 42.651896900000004],
     [22.324605000000002, 42.6515027], [22.3247976, 42.6513051],
     [22.3247761, 42.651170900000004],
     [22.324680100000002, 42.650997700000005],
     [22.324476200000003, 42.6507768],
     [22.324165100000002, 42.650248100000006],
     [22.3240793, 42.6500745], [22.3241002, 42.649900900000006],
     [22.3242295, 42.649522100000006], [22.3241544, 42.6493643],
     [22.324057800000002, 42.649143300000006],
     [22.3240358, 42.6489776],
     [22.324014400000003, 42.648811900000005],
     [22.3238534, 42.6486698],
     [22.323360400000002, 42.648401500000006],
     [22.322126100000002, 42.6479596], [22.321794, 42.6478018],
     [22.321654600000002, 42.647707100000005],
     [22.3216433, 42.6476124], [22.321815, 42.6475256],
     [22.322191, 42.647367800000005], [22.3227805, 42.647012600000004],
     [22.3233599, 42.6467443], [22.3242611, 42.6461209],
     [22.324841000000003, 42.6456474], [22.3252594, 42.6451897],
     [22.325377500000002, 42.645039700000005],
     [22.3253877, 42.644857800000004],
     [22.325376900000002, 42.644400100000006],
     [22.3254091, 42.6442738], [22.325527100000002, 42.6441949],
     [22.325709500000002, 42.644147600000004],
     [22.326009900000003, 42.644139700000004],
     [22.326643500000003, 42.6441006], [22.3268795, 42.6440375],
     [22.3270297, 42.643903300000005], [22.3271477, 42.6436587],
     [22.3273838, 42.643169400000005],
     [22.327630000000003, 42.6426007],
     [22.3277164, 42.642388000000004], [22.327888, 42.6422223],
     [22.3281348, 42.6421039], [22.328403, 42.642056600000004],
     [22.328703400000002, 42.642056600000004],
     [22.329046700000003, 42.642017100000004],
     [22.329186200000002, 42.641930300000006], [22.3293579, 42.641804],
     [22.3296154, 42.6414726], [22.329776300000002, 42.6413621],
     [22.3299801, 42.6413068], [22.33042, 42.6413305],
     [22.330806300000003, 42.6413226],
     [22.3311388, 42.641259500000004],
     [22.3312783, 42.641133200000006],
     [22.331320700000003, 42.6407619], [22.3313963, 42.6405018],
     [22.3315573, 42.640391300000005],
     [22.3321474, 42.639988800000005], [22.3322332, 42.6398941],
     [22.3322332, 42.6396968], [22.3321152, 42.63946],
     [22.3317504, 42.6390259], [22.3312241, 42.6385839],
     [22.3305595, 42.6381498], [22.3301303, 42.6378263],
     [22.3299372, 42.6374553], [22.329915200000002, 42.6369581],
     [22.3300547, 42.6365634], [22.3300552, 42.636208200000006],
     [22.3300123, 42.635916200000004], [22.3298621, 42.6357426],
     [22.329551000000002, 42.635482100000004],
     [22.329272000000003, 42.6353242],
     [22.329078900000003, 42.6352295],
     [22.328681900000003, 42.634976900000005],
     [22.328381, 42.634621700000004], [22.3283595, 42.634242900000004],
     [22.3283494, 42.6338403], [22.328306400000002, 42.6335641],
     [22.3282421, 42.633327300000005], [22.3280919, 42.6331773],
     [22.3275447, 42.6325932],
     [22.327072100000002, 42.632103400000005], [22.3266108, 42.631425],
     [22.326449800000002, 42.6309671], [22.3264284, 42.6305567],
     [22.3263962, 42.630288300000004], [22.326192900000002, 42.629862],
     [22.325860300000002, 42.6293726],
     [22.3252165, 42.628756900000006],
     [22.3247439, 42.628164500000004],
     [22.324508400000003, 42.628014900000004],
     [22.324089500000003, 42.627809600000006], [22.32306, 42.6274071],
     [22.322545100000003, 42.627186], [22.3222656, 42.6270992],
     [22.3220944, 42.627036000000004], [22.3220081, 42.6268229],
     [22.3220403, 42.6264124],
     [22.322179700000003, 42.625962400000006],
     [22.3222548, 42.6257493], [22.3225021, 42.6254572],
     [22.322588, 42.6253684], [22.3226027, 42.6252993],
     [22.3225987, 42.6252441], [22.3225558, 42.6251789],
     [22.3224699, 42.6251079], [22.3221494, 42.6249036],
     [22.321735, 42.624649000000005], [22.3215198, 42.6245114],
     [22.321316600000003, 42.624374700000004],
     [22.321163700000003, 42.624233600000004],
     [22.320868700000002, 42.6238941],
     [22.319476100000003, 42.6222596], [22.319026, 42.621778400000004],
     [22.318049700000003, 42.6205705], [22.31762, 42.6199859],
     [22.3172445, 42.619654700000005],
     [22.316933300000002, 42.6193468], [22.3159785, 42.6182336],
     [22.3156244, 42.6178467], [22.315228, 42.6173414],
     [22.315089500000003, 42.6171772]]}},
  {"type":"Feature",
   "properties":{},
   "geometry":
   {"type":"LineString",
    "coordinates":
    [[22.2911024, 42.6033902], [22.2920926, 42.603608],
     [22.2925995, 42.6036841], [22.2935799, 42.6038015],
     [22.294754700000002, 42.603890400000004],
     [22.2956237, 42.6040068], [22.295768000000002, 42.60403],
     [22.2959095, 42.604061], [22.2960475, 42.604099600000005],
     [22.296181500000003, 42.604145800000005],
     [22.2963105, 42.604199200000004],
     [22.2964337, 42.604259500000005],
     [22.296825300000002, 42.6045359], [22.2969261, 42.6045802],
     [22.297030900000003, 42.6046191],
     [22.2971392, 42.604652400000006], [22.2972445, 42.6046788],
     [22.297351900000002, 42.604699800000006],
     [22.297461000000002, 42.604715600000006],
     [22.29774, 42.604731400000006], [22.297885700000002, 42.604719],
     [22.2980297, 42.604697800000004],
     [22.298150500000002, 42.604673000000005],
     [22.2982687, 42.604642000000005], [22.298383700000002, 42.604605],
     [22.299400300000002, 42.604178600000004],
     [22.2999313, 42.604002900000005], [22.300626, 42.6038015],
     [22.3007762, 42.6037976], [22.300964, 42.603819300000005],
     [22.3012644, 42.6038608], [22.3012987, 42.6038707],
     [22.3013303, 42.6038846], [22.3013583, 42.6039022],
     [22.3013851, 42.603926400000006],
     [22.301405300000003, 42.6039539], [22.3014179, 42.6039837],
     [22.3014227, 42.6040147], [22.3014414, 42.60484],
     [22.3014772, 42.605044], [22.3015246, 42.6052467],
     [22.3015855, 42.605454], [22.3016587, 42.6056593],
     [22.3019645, 42.60652], [22.3019974, 42.6065666],
     [22.3020359, 42.606610800000006], [22.3020798, 42.6066523],
     [22.3021464, 42.606703], [22.302221000000003, 42.6067473],
     [22.302302400000002, 42.6067845],
     [22.3027745, 42.606946400000005], [22.3029662, 42.6070117],
     [22.303162200000003, 42.6070696],
     [22.303361900000002, 42.6071201], [22.3035676, 42.6071636],
     [22.3037761, 42.607199200000004],
     [22.3039868, 42.607226700000005],
     [22.304767400000003, 42.607297800000005],
     [22.3054513, 42.607345200000005], [22.3057035, 42.6073965],
     [22.3063955, 42.607607800000004],
     [22.307578300000003, 42.607994700000006],
     [22.307789600000003, 42.608060300000005],
     [22.3080043, 42.6081195], [22.308222100000002, 42.6081724],
     [22.3084533, 42.608220800000005], [22.3086871, 42.608262],
     [22.3089231, 42.6082959], [22.3091608, 42.608322400000006],
     [22.3095363, 42.608344100000004], [22.3100245, 42.6083599],
     [22.3101534, 42.608369800000006],
     [22.310281200000002, 42.6083857],
     [22.3104073, 42.608407400000004],
     [22.310531400000002, 42.608434900000006],
     [22.3106487, 42.6084668], [22.3107632, 42.6085038],
     [22.3108745, 42.6085459],
     [22.310982000000003, 42.608592800000004],
     [22.311668700000002, 42.6089501],
     [22.311793100000003, 42.609014200000004], [22.311923, 42.6090722],
     [22.312057600000003, 42.6091239],
     [22.312202300000003, 42.6091707],
     [22.312350900000002, 42.6092102],
     [22.312502900000002, 42.609242300000005],
     [22.3136267, 42.6094555], [22.314814900000002, 42.6097595],
     [22.316086300000002, 42.6101504], [22.316215, 42.6101839],
     [22.3162416, 42.6101988],
     [22.316263300000003, 42.610217500000005],
     [22.3162807, 42.6102422],
     [22.316289400000002, 42.610269300000006],
     [22.316289, 42.610297200000005], [22.316279400000003, 42.6103241],
     [22.3159549, 42.611305200000004],
     [22.315571300000002, 42.6120731],
     [22.3152468, 42.612692900000006], [22.3151823, 42.6128324],
     [22.3151304, 42.6129748], [22.3150912, 42.6131193],
     [22.315065200000003, 42.613262600000006],
     [22.315051800000003, 42.6134069], [22.315051, 42.6135516],
     [22.315083100000003, 42.6140174],
     [22.315079100000002, 42.6149501], [22.3150483, 42.6161235],
     [22.3150912, 42.617085800000005],
     [22.315099200000002, 42.617156400000006],
     [22.3150982, 42.617164700000004], [22.3150945, 42.6171731],
     [22.315089500000003, 42.6171772]]}},
  {"type":"Feature",
   "properties":{},
   "geometry":
   {"type":"LineString",
    "coordinates":
    [[22.2911289, 42.6039271], [22.2910973, 42.6037958],
     [22.291054900000002, 42.6035984],
     [22.291088700000003, 42.6034414], [22.2911024, 42.6033902]]}},
  {"type":"Feature",
   "properties":{},
   "geometry":
   {"type":"LineString",
    "coordinates":
    [[22.2911289, 42.6039271],
     [22.290744800000002, 42.603683100000005],
     [22.2901922, 42.6035291],
     [22.289759800000002, 42.603517200000006],
     [22.2893286, 42.603594300000005],
     [22.288987900000002, 42.603667400000006],
     [22.2886691, 42.6037673], [22.2883412, 42.603872],
     [22.288062, 42.6039966], [22.2876011, 42.604235100000004],
     [22.287212200000003, 42.604474200000006],
     [22.286603500000002, 42.604834000000004],
     [22.286313200000002, 42.605031100000005],
     [22.2861818, 42.605165400000004],
     [22.2860859, 42.605331500000005],
     [22.2855324, 42.606425200000004],
     [22.285380500000002, 42.6067702]]}},
  {"type":"Feature",
   "properties":{},
   "geometry":
   {"type":"LineString",
    "coordinates":
    [[22.285380500000002, 42.6067702],
     [22.285401800000002, 42.6070767]]}},
  {"type":"Feature",
   "properties":{},
   "geometry":
   {"type":"LineString",
    "coordinates":
    [[22.285401800000002, 42.6070767],
     [22.2848541, 42.608102900000006],
     [22.284511300000002, 42.608521800000005],
     [22.284017300000002, 42.609318900000005],
     [22.2836637, 42.6100852], [22.283212600000002, 42.610835],
     [22.2830195, 42.611103400000005],
     [22.282729800000002, 42.6114114],
     [22.2821719, 42.611711400000004], [22.2816033, 42.6119246],
     [22.2808844, 42.6121062], [22.280252, 42.6123277]]}},
  {"type":"Feature",
   "properties":{},
   "geometry":
   {"type":"LineString",
    "coordinates":
    [[22.269801, 42.6245649], [22.270345000000002, 42.6243398],
     [22.2710316, 42.624039800000006], [22.2720756, 42.6237603],
     [22.2729843, 42.623660900000004], [22.273628000000002, 42.623503],
     [22.2748436, 42.6233025], [22.2756021, 42.623187200000004],
     [22.276138600000003, 42.623171400000004],
     [22.2766965, 42.6232346],
     [22.277211400000002, 42.623187200000004],
     [22.2774904, 42.623060900000006],
     [22.277769300000003, 42.6227451], [22.2780054, 42.6224609],
     [22.27822, 42.622145100000004], [22.278348700000002, 42.6217504],
     [22.2784131, 42.6213556],
     [22.278391600000003, 42.620724100000004],
     [22.278348700000002, 42.6203293],
     [22.278241400000002, 42.6198556],
     [22.278148100000003, 42.619544600000005],
     [22.2781266, 42.6190866],
     [22.278134100000003, 42.618655600000004],
     [22.278134100000003, 42.6183871],
     [22.278026800000003, 42.618039800000005],
     [22.278026800000003, 42.6177082],
     [22.278091200000002, 42.617392300000006],
     [22.278198500000002, 42.6170765],
     [22.278434500000003, 42.6165712], [22.2787489, 42.6160549],
     [22.278906600000003, 42.6157185],
     [22.279078300000002, 42.6155132], [22.2793722, 42.6150675],
     [22.279699400000002, 42.6145306],
     [22.2798014, 42.614147700000004], [22.2798926, 42.6136463],
     [22.2800964, 42.613196300000006],
     [22.280182200000002, 42.6126633], [22.280252, 42.6123277]]}},
  {"type":"Feature",
   "properties":{},
   "geometry":
   {"type":"LineString",
    "coordinates":
    [[22.269801, 42.6245649], [22.269712000000002, 42.624782700000004],
     [22.2694337, 42.6251109], [22.2692316, 42.6255204],
     [22.269113400000002, 42.6257869],
     [22.2690944, 42.626443300000005],
     [22.269128700000003, 42.6268248], [22.2690868, 42.6274868],
     [22.2691325, 42.628017], [22.269041, 42.628261],
     [22.2689242, 42.628357900000005]]}},
  {"type":"Feature",
   "properties":{},
   "geometry":
   {"type":"LineString",
    "coordinates":
    [[22.2689242, 42.628357900000005],
     [22.2686713, 42.627923700000004], [22.2684138, 42.6275606],
     [22.2680061, 42.6271501], [22.2676628, 42.6268344],
     [22.2674983, 42.626575]]}},
  {"type":"Feature",
   "properties":{},
   "geometry":
   {"type":"LineString",
    "coordinates":
    [[22.267058600000002, 42.6262161], [22.267439800000002, 42.626261],
     [22.267512200000002, 42.6263816], [22.2674983, 42.626575]]}},
  {"type":"Feature",
   "properties":{},
   "geometry":
   {"type":"LineString",
    "coordinates":
    [[22.2570723, 42.6182415],
     [22.257772300000003, 42.618581500000005],
     [22.258148000000002, 42.618729300000005],
     [22.258756100000003, 42.618997500000006],
     [22.259386600000003, 42.6192781], [22.2602458, 42.6196585],
     [22.2613835, 42.620586700000004],
     [22.262854200000003, 42.6218409], [22.2633228, 42.6224617],
     [22.2644288, 42.6231513], [22.264977000000002, 42.6235736],
     [22.265891, 42.6245307], [22.267058600000002, 42.6262161]]}},
  {"type":"Feature",
   "properties":{},
   "geometry":
   {"type":"LineString",
    "coordinates":
    [[22.2713535, 42.601394500000005], [22.271335, 42.6014223],
     [22.271324200000002, 42.6014521],
     [22.2713216, 42.601484400000004], [22.271328, 42.6015165],
     [22.271343, 42.6015469], [22.2713731, 42.60159],
     [22.2713965, 42.601635200000004],
     [22.2714128, 42.601682100000005], [22.271422100000002, 42.601733],
     [22.2714232, 42.601784300000006],
     [22.2714161, 42.601835400000006], [22.2714007, 42.6018855],
     [22.2713828, 42.601941700000005], [22.2713591, 42.6019968],
     [22.2713296, 42.6020503],
     [22.271295000000002, 42.602101600000005],
     [22.2712551, 42.6021507], [22.2712103, 42.6021974],
     [22.270062300000003, 42.603331700000005],
     [22.2698155, 42.6035133], [22.2694346, 42.603824200000005],
     [22.2693638, 42.6039006], [22.269302800000002, 42.6039814],
     [22.2692522, 42.604066100000004],
     [22.269210700000002, 42.6041584], [22.2691814, 42.6042533],
     [22.2691649, 42.6043498], [22.269161, 42.6044471],
     [22.269174900000003, 42.604522], [22.269196100000002, 42.6045959],
     [22.2692246, 42.6046684],
     [22.269260300000003, 42.604739300000006],
     [22.2693033, 42.604808600000005],
     [22.2693531, 42.604875400000005],
     [22.269409500000002, 42.604939200000004],
     [22.269472200000003, 42.6049999],
     [22.2696381, 42.605109600000006], [22.2697967, 42.6052249],
     [22.269950400000003, 42.6053481],
     [22.2700958, 42.605476700000004],
     [22.2701318, 42.605518700000005], [22.2701591, 42.6055641],
     [22.270177200000003, 42.605612], [22.2701856, 42.6056612],
     [22.270184500000003, 42.6057089], [22.270174400000002, 42.605756],
     [22.2701554, 42.6058016], [22.270128, 42.6058448],
     [22.2700634, 42.605925600000006],
     [22.2700046, 42.606008700000004], [22.2699536, 42.6060906],
     [22.2699336, 42.6061173], [22.2699088, 42.6061418],
     [22.269879900000003, 42.6061637], [22.2698386, 42.6061866],
     [22.2697927, 42.6062041],
     [22.269583500000003, 42.606275200000006],
     [22.269514800000003, 42.606289200000006],
     [22.269445400000002, 42.6063009], [22.26933, 42.606314700000006],
     [22.2691932, 42.6063265], [22.269038000000002, 42.6063448],
     [22.268884500000002, 42.606369900000004],
     [22.2687332, 42.606401600000005],
     [22.268560700000002, 42.606446600000005],
     [22.2683928, 42.6065004], [22.268230300000003, 42.6065624],
     [22.2674565, 42.606981000000005],
     [22.267218500000002, 42.6071241],
     [22.266955600000003, 42.607230200000004], [22.2667283, 42.607283],
     [22.2666375, 42.6072981], [22.2665492, 42.6073195],
     [22.2664641, 42.6073472], [22.2663885, 42.6073782],
     [22.266317, 42.6074142], [22.2662502, 42.6074548],
     [22.266228100000003, 42.6074782],
     [22.2662136, 42.607504600000006], [22.2662073, 42.6075327],
     [22.2662103, 42.6075645], [22.2662237, 42.6075947],
     [22.2662468, 42.6076216], [22.2665459, 42.6078397],
     [22.266628, 42.6079181], [22.2667001, 42.6080016],
     [22.266748200000002, 42.6080685], [22.2667898, 42.6081377],
     [22.266824800000002, 42.6082089], [22.2671923, 42.6089363],
     [22.267294, 42.6090467], [22.2674042, 42.6091525],
     [22.2675211, 42.6092523], [22.2676456, 42.609346900000006],
     [22.267743000000003, 42.609389900000004],
     [22.267836000000003, 42.6094379],
     [22.267923900000003, 42.6094908], [22.2680064, 42.6095483],
     [22.2681012, 42.6096262], [22.2681861, 42.6097102],
     [22.2682509, 42.609776100000005],
     [22.268318800000003, 42.609840500000004],
     [22.268407200000002, 42.6099179],
     [22.268499900000002, 42.609992500000004],
     [22.268568300000002, 42.6100676],
     [22.268628600000003, 42.610146400000005],
     [22.2686831, 42.610232800000006],
     [22.268727900000002, 42.610322100000005],
     [22.268862000000002, 42.6106064], [22.268922200000002, 42.610678],
     [22.2689907, 42.6107455], [22.269066900000002, 42.6108083],
     [22.2691503, 42.610866], [22.2693461, 42.610980000000005],
     [22.269412000000003, 42.611011600000005],
     [22.2694829, 42.6110367],
     [22.269548200000003, 42.611052900000004],
     [22.2696155, 42.6110635], [22.269684100000003, 42.6110683],
     [22.269760700000003, 42.611061500000005],
     [22.2698356, 42.611048100000005], [22.2699186, 42.6110247],
     [22.269996600000002, 42.610993300000004],
     [22.2701204, 42.6109433], [22.270247, 42.610897200000004],
     [22.2703761, 42.6108551], [22.2705507, 42.610805600000006],
     [22.2707288, 42.610763500000004], [22.2708185, 42.6107438],
     [22.270909800000002, 42.610728800000004],
     [22.2710258, 42.6107165], [22.2711428, 42.6107115],
     [22.2712599, 42.610714], [22.2715348, 42.6107475],
     [22.271583500000002, 42.610761700000005],
     [22.2716275, 42.6107827], [22.2716649, 42.610809700000004],
     [22.2716917, 42.6108382], [22.2717111, 42.6108698],
     [22.2717226, 42.6109035], [22.271813700000003, 42.6111206],
     [22.2718656, 42.611147700000004],
     [22.2719229, 42.611167900000005], [22.2719841, 42.6111808],
     [22.272049000000003, 42.611186000000004],
     [22.2721142, 42.6111828], [22.2721777, 42.611171500000005],
     [22.272237500000003, 42.6111522],
     [22.272592900000003, 42.610998200000004],
     [22.2726387, 42.610984900000005], [22.272687, 42.6109778],
     [22.2727362, 42.6109773], [22.272784700000003, 42.6109834],
     [22.272830600000002, 42.610995700000004],
     [22.2728727, 42.6110139], [22.272909600000002, 42.6110374],
     [22.272940300000002, 42.6110653], [22.273014, 42.611169000000004],
     [22.273191100000002, 42.6115786],
     [22.273315800000002, 42.6118855], [22.2733917, 42.6119575],
     [22.2734767, 42.6120237], [22.273545900000002, 42.6120691],
     [22.2736193, 42.6121106],
     [22.273696700000002, 42.612148100000006],
     [22.274903700000003, 42.6125824],
     [22.2749516, 42.612617900000004], [22.2749919, 42.6126584],
     [22.2750235, 42.6127028], [22.2750458, 42.6127501],
     [22.2750583, 42.6127994], [22.2750606, 42.6128494],
     [22.2750528, 42.6128992], [22.2750351, 42.612947500000004],
     [22.2749466, 42.6130354], [22.2743149, 42.613568300000004],
     [22.2742855, 42.613607200000004],
     [22.274262500000003, 42.6136483],
     [22.2742463, 42.613691200000005], [22.2742371, 42.6137351],
     [22.2742356, 42.6137895], [22.2742448, 42.6138435],
     [22.2742645, 42.6138959], [22.274294400000002, 42.6139457],
     [22.2743337, 42.6139917], [22.2745992, 42.6143786],
     [22.2746117, 42.6144192], [22.274615500000003, 42.6144607],
     [22.274610600000003, 42.614502200000004], [22.274597, 42.6145426],
     [22.2745751, 42.614581], [22.2745424, 42.6146194],
     [22.274501400000002, 42.6146532], [22.2744533, 42.6146814],
     [22.2743994, 42.6147033], [22.274107, 42.614849400000004],
     [22.2740185, 42.6148722], [22.273926900000003, 42.6148867],
     [22.273833500000002, 42.6148928],
     [22.273754800000003, 42.614891400000005],
     [22.273676700000003, 42.614884], [22.273600100000003, 42.6148706],
     [22.273513100000002, 42.6148606], [22.2734251, 42.6148583],
     [22.2733603, 42.614861600000005], [22.2732962, 42.6148692],
     [22.2732333, 42.614881000000004], [22.2730064, 42.6149435],
     [22.272782600000003, 42.6150116],
     [22.272561900000003, 42.6150852],
     [22.272344800000003, 42.6151642],
     [22.272123200000003, 42.6152521],
     [22.271905800000003, 42.615345500000004],
     [22.271693000000003, 42.6154445],
     [22.2710547, 42.615787000000005],
     [22.271009900000003, 42.6158268], [22.2709741, 42.6158712],
     [22.270948100000002, 42.6159192],
     [22.270932600000002, 42.6159696], [22.270928, 42.6160141],
     [22.2709316, 42.6160587], [22.2709434, 42.616102600000005],
     [22.270963100000003, 42.6161448],
     [22.2709903, 42.616184700000005], [22.2713819, 42.6167591],
     [22.271459200000002, 42.6168543],
     [22.271546500000003, 42.616944700000005],
     [22.2716435, 42.6170296], [22.2717494, 42.6171085],
     [22.271856900000003, 42.617177000000005],
     [22.271971100000002, 42.6172393], [22.2720296, 42.617269],
     [22.2720914, 42.617295000000006],
     [22.272174200000002, 42.6173227],
     [22.272260600000003, 42.6173437],
     [22.272349600000002, 42.6173579], [22.2723951, 42.6173598],
     [22.272440000000003, 42.6173651],
     [22.2725033, 42.617378800000004], [22.272563, 42.6173993],
     [22.2726179, 42.6174261], [22.272666700000002, 42.6174587],
     [22.2727083, 42.6174963], [22.2727517, 42.6175427],
     [22.272786, 42.6175931], [22.2728086, 42.6176407],
     [22.2728229, 42.6176899], [22.272829, 42.617740100000006],
     [22.2728399, 42.617849400000004],
     [22.2728585, 42.617958200000004],
     [22.2728907, 42.618087700000004],
     [22.272933700000003, 42.618215500000005],
     [22.272987200000003, 42.6183411], [22.2730283, 42.6184615],
     [22.27306, 42.618583300000004], [22.2730824, 42.6187063],
     [22.2731777, 42.6192135],
     [22.273172900000002, 42.619239900000004],
     [22.273159200000002, 42.6192645],
     [22.273137600000002, 42.6192858], [22.2731093, 42.6193024],
     [22.2730767, 42.619313000000005],
     [22.273041600000003, 42.619317300000006], [22.2730061, 42.619315],
     [22.2729725, 42.619306300000005],
     [22.2720981, 42.619029000000005], [22.272014300000002, 42.619024],
     [22.2719305, 42.6190287], [22.271848600000002, 42.6190428],
     [22.2717767, 42.619064], [22.2717096, 42.6190924],
     [22.2716488, 42.6191277],
     [22.270636300000003, 42.619874700000004],
     [22.270603100000002, 42.6198896], [22.2705658, 42.6198977],
     [22.270527, 42.619898400000004], [22.270490000000002, 42.619892],
     [22.2704564, 42.6198789], [22.2704284, 42.6198599],
     [22.270381500000003, 42.619812100000004],
     [22.2703312, 42.6197662], [22.2702452, 42.619698400000004],
     [22.2701515, 42.619636400000005],
     [22.270120000000002, 42.619613900000004],
     [22.270091100000002, 42.619589500000004],
     [22.2700561, 42.6195539], [22.2700265, 42.6195158],
     [22.2700026, 42.6194756], [22.269882600000003, 42.6192683],
     [22.2698478, 42.6192237], [22.2698068, 42.6191821],
     [22.269759800000003, 42.619144000000006],
     [22.2697012, 42.6191061], [22.269636700000003, 42.6190737],
     [22.2695674, 42.619047300000005], [22.2683363, 42.6186244],
     [22.2680949, 42.6185138], [22.2677435, 42.6183737],
     [22.2675008, 42.618306600000004],
     [22.267452000000002, 42.618298700000004],
     [22.267402, 42.618298700000004], [22.267353200000002, 42.6183063],
     [22.267307600000002, 42.6183214], [22.2672655, 42.6183445],
     [22.2672314, 42.618374], [22.2672071, 42.618408200000005],
     [22.2670153, 42.6189125], [22.2669429, 42.6191395],
     [22.2667524, 42.6196113], [22.2666451, 42.6199172],
     [22.266560600000002, 42.620303], [22.266537900000003, 42.6203269],
     [22.266508, 42.620346000000005],
     [22.266472800000003, 42.620359300000004],
     [22.266434, 42.620366000000004], [22.266394100000003, 42.6203656],
     [22.266355500000003, 42.620358100000004], [22.2663206, 42.620344],
     [22.2661811, 42.620285300000006], [22.2659531, 42.6201037],
     [22.265818000000003, 42.6199972],
     [22.265675700000003, 42.6198959],
     [22.2655266, 42.619800100000006],
     [22.265371100000003, 42.619709900000004],
     [22.2652001, 42.6196211], [22.2650229, 42.619539200000006],
     [22.264840000000003, 42.619464300000004],
     [22.2646519, 42.619396900000005], [22.2644591, 42.6193369],
     [22.264236500000003, 42.6192658],
     [22.264105400000002, 42.6192452],
     [22.263976500000002, 42.6192178], [22.2638506, 42.6191838],
     [22.263728200000003, 42.6191435],
     [22.263605300000002, 42.6190949],
     [22.2634875, 42.619039900000004],
     [22.263375500000002, 42.6189787], [22.2632821, 42.6189382],
     [22.263186400000002, 42.618900700000005],
     [22.2630553, 42.618855100000005], [22.2629209, 42.6188148],
     [22.262873000000003, 42.6187975],
     [22.262831000000002, 42.6187734],
     [22.262801500000002, 42.6187485],
     [22.2627782, 42.618720200000006],
     [22.262762000000002, 42.6186894],
     [22.262753200000002, 42.618656900000005],
     [22.2627403, 42.618621100000006],
     [22.2627211, 42.618586900000004], [22.2626904, 42.6185488],
     [22.2626521, 42.618514600000005], [22.2626071, 42.6184852],
     [22.262517900000002, 42.618429600000006],
     [22.2624342, 42.6183697], [22.2623563, 42.6183056],
     [22.2622718, 42.618224600000005],
     [22.2621967, 42.618138800000004], [22.2621331, 42.618088],
     [22.2620612, 42.6180437], [22.2619821, 42.6180066],
     [22.261912000000002, 42.6179817],
     [22.261838700000002, 42.6179624], [22.261763000000002, 42.617949],
     [22.261685800000002, 42.6179417], [22.2616079, 42.6179405],
     [22.260405000000002, 42.618078600000004],
     [22.260342700000002, 42.6180822], [22.2602803, 42.6180826],
     [22.2602, 42.618078100000005], [22.2601207, 42.618068300000004],
     [22.260008000000003, 42.618050000000004],
     [22.259894000000003, 42.6180372],
     [22.259793700000003, 42.6180305], [22.259693000000002, 42.618028],
     [22.2595923, 42.6180298], [22.259299900000002, 42.6180332],
     [22.2591383, 42.6180305], [22.2589767, 42.6180322],
     [22.2587696, 42.6180412], [22.258563300000002, 42.6180577],
     [22.258358400000002, 42.618081600000004], [22.2576597, 42.618124],
     [22.2575106, 42.6181428], [22.2573633, 42.6181685],
     [22.2572185, 42.618201], [22.2570723, 42.6182415]]}},
  {"type":"Feature",
   "properties":{},
   "geometry":
   {"type":"LineString",
    "coordinates":
    [[22.2713535, 42.601394500000005],
     [22.2708762, 42.601075800000004],
     [22.270711000000002, 42.600879600000006],
     [22.270581, 42.600667900000005], [22.270111200000002, 42.6002311],
     [22.2698123, 42.5999378], [22.2696633, 42.5996967],
     [22.269636400000003, 42.5995562],
     [22.2696943, 42.599392900000005],
     [22.269855200000002, 42.5990375],
     [22.270130400000003, 42.598575100000005],
     [22.270389700000003, 42.5980311],
     [22.2705832, 42.597516600000006],
     [22.270684900000003, 42.596973000000006],
     [22.2706817, 42.5966256], [22.2706722, 42.5964194],
     [22.2705625, 42.5962923], [22.2703664, 42.596103400000004],
     [22.2701546, 42.5958841], [22.269660700000003, 42.5955292],
     [22.2691449, 42.595218200000005],
     [22.268666500000002, 42.595043600000004],
     [22.2682566, 42.5948122], [22.2675555, 42.5943813],
     [22.267137100000003, 42.594033800000005],
     [22.2664826, 42.5937021],
     [22.265688700000002, 42.593283500000005],
     [22.2654757, 42.593149600000004], [22.2652928, 42.5929798],
     [22.2647161, 42.59234], [22.2642725, 42.5918143]]}},
  {"type":"Feature",
   "properties":{},
   "geometry":
   {"type":"LineString",
    "coordinates":
    [[22.2642725, 42.5918143], [22.2637398, 42.5914791],
     [22.2632248, 42.5910762], [22.2628707, 42.5906734],
     [22.262548900000002, 42.5903811], [22.2623429, 42.5903021],
     [22.2622329, 42.590215300000004], [22.2620693, 42.5900533],
     [22.262017800000002, 42.589938800000006],
     [22.2619937, 42.5896525], [22.261873, 42.5889594],
     [22.261801100000003, 42.5888349],
     [22.261714700000002, 42.5887382], [22.2612807, 42.5884775],
     [22.2608323, 42.588246500000004],
     [22.260245400000002, 42.587896900000004],
     [22.2596816, 42.5876205], [22.2589386, 42.587363800000006],
     [22.2581232, 42.587014200000006],
     [22.257388300000002, 42.586621300000004],
     [22.257278900000003, 42.586591600000006],
     [22.257179100000002, 42.5865877],
     [22.257053600000003, 42.586607400000005],
     [22.256945700000003, 42.5866647], [22.2565193, 42.5868187],
     [22.256031200000002, 42.586941100000004], [22.255661, 42.5869293],
     [22.255382, 42.5869214], [22.2550762, 42.586941100000004],
     [22.2544647, 42.5867793],
     [22.253472300000002, 42.586455400000006],
     [22.2530946, 42.5863759], [22.2525631, 42.5863305],
     [22.252278, 42.5862981], [22.2521786, 42.5862612],
     [22.252112, 42.5861851], [22.2519691, 42.586054700000005],
     [22.251834900000002, 42.585852900000006],
     [22.251793300000003, 42.585698900000004],
     [22.251799700000003, 42.585557800000004],
     [22.251744900000002, 42.585420600000006],
     [22.2516676, 42.585317800000006], [22.2513703, 42.5852907],
     [22.251193500000003, 42.5852463],
     [22.250918300000002, 42.585161500000005],
     [22.2506163, 42.585036300000006],
     [22.250288100000002, 42.5848418],
     [22.2500244, 42.584625700000004], [22.2495777, 42.5840856],
     [22.2490804, 42.583552000000005], [22.2485968, 42.5832184],
     [22.2483253, 42.5830768], [22.2479577, 42.5829401],
     [22.2469813, 42.582734800000004],
     [22.2459728, 42.582505700000006], [22.2449429, 42.5821976],
     [22.2436504, 42.5818104], [22.243378800000002, 42.5817192],
     [22.2433111, 42.5816357], [22.2433033, 42.5815293],
     [22.243487000000002, 42.581011800000006],
     [22.243683800000003, 42.580139300000006],
     [22.2437386, 42.579221700000005],
     [22.2438162, 42.578809500000006],
     [22.2438636, 42.578405100000005], [22.2440095, 42.5781548],
     [22.2442417, 42.5778462], [22.2449337, 42.5776132],
     [22.245666, 42.5773643], [22.245809700000002, 42.577358800000006],
     [22.2459665, 42.577330200000006],
     [22.246033500000003, 42.5771846],
     [22.2463124, 42.576923900000004],
     [22.2469812, 42.576384600000004],
     [22.247614300000002, 42.575790600000005],
     [22.247831400000003, 42.5755901],
     [22.2479325, 42.575367500000006], [22.248006, 42.5749756],
     [22.2479577, 42.574637100000004], [22.247231000000003, 42.573771],
     [22.2470764, 42.5733697], [22.2470466, 42.572923200000005],
     [22.247115100000002, 42.5727319],
     [22.247331600000003, 42.5724205], [22.2473531, 42.5723178],
     [22.247351000000002, 42.5722309]]}},
  {"type":"Feature",
   "properties":{},
   "geometry":
   {"type":"LineString",
    "coordinates":
    [[22.247351000000002, 42.5722309], [22.2473424, 42.5718753],
     [22.2472244, 42.571535600000004],
     [22.246898400000003, 42.5711862],
     [22.2468234, 42.570745300000006], [22.2468621, 42.5704245],
     [22.2468165, 42.5699771], [22.2466975, 42.5696298],
     [22.246561, 42.569152200000005], [22.2462439, 42.5686258],
     [22.2460442, 42.568138000000005], [22.2457223, 42.5677588],
     [22.2455651, 42.5673601],
     [22.245393500000002, 42.566973000000004],
     [22.2452755, 42.566570000000006],
     [22.2451896, 42.566332900000006],
     [22.245153700000003, 42.5659493],
     [22.2450401, 42.565125900000005], [22.2449915, 42.5648945],
     [22.2449052, 42.564689900000005],
     [22.2447018, 42.564408500000006],
     [22.244640500000003, 42.5643243],
     [22.244358300000002, 42.5640416], [22.2442847, 42.5638189],
     [22.244152500000002, 42.5636449],
     [22.243731500000003, 42.5632907],
     [22.243335300000002, 42.5630475], [22.2428922, 42.5628575],
     [22.2421988, 42.5626253], [22.241943000000003, 42.5625708],
     [22.2416515, 42.5625617], [22.241099700000003, 42.5626027],
     [22.240507800000003, 42.562580600000004], [22.239909, 42.5624035],
     [22.239341500000002, 42.5621474],
     [22.238793700000002, 42.561898500000005],
     [22.238375400000002, 42.561658400000006],
     [22.238046800000003, 42.5615189], [22.2377363, 42.5614669],
     [22.237427500000003, 42.561340400000006],
     [22.237083600000002, 42.5610524], [22.2368379, 42.5608366],
     [22.2367189, 42.5606245], [22.2363751, 42.5595195],
     [22.236241800000002, 42.5587784], [22.2360916, 42.5583912],
     [22.2358985, 42.5580672], [22.235884000000002, 42.5579522],
     [22.2360234, 42.557335800000004],
     [22.236066400000002, 42.557138200000004],
     [22.235916200000002, 42.556893200000005],
     [22.2357528, 42.556732200000006],
     [22.235658700000002, 42.556505900000005],
     [22.235512200000002, 42.5562811], [22.2348578, 42.5557042],
     [22.2336631, 42.5547752], [22.2334378, 42.5545223],
     [22.233416300000002, 42.5543484], [22.2334378, 42.5538663],
     [22.233566500000002, 42.553234], [22.2336524, 42.552917900000004],
     [22.2335488, 42.5525795]]}},
  {"type":"Feature",
   "properties":{},
   "geometry":
   {"type":"LineString",
    "coordinates":
    [[22.232043, 42.5468003], [22.232128900000003, 42.5473536],
     [22.232086000000002, 42.5479385], [22.2321718, 42.5484602],
     [22.2323649, 42.5489502], [22.2325795, 42.5493929],
     [22.233073, 42.5498829], [22.2332876, 42.5503255],
     [22.2333734, 42.5506417], [22.2332661, 42.551005200000006],
     [22.2332232, 42.551447800000005],
     [22.2331803, 42.551653300000005],
     [22.233309100000003, 42.551985300000005],
     [22.2333305, 42.552254000000005], [22.2335488, 42.5525795]]}},
  {"type":"Feature",
   "properties":{},
   "geometry":
   {"type":"LineString",
    "coordinates":
    [[22.232043, 42.5468003], [22.2318928, 42.5462154],
     [22.2317137, 42.5456036], [22.2314776, 42.5449397],
     [22.231163300000002, 42.5443816], [22.2306837, 42.5438172],
     [22.2301687, 42.5432481], [22.229825400000003, 42.5429319],
     [22.229417700000003, 42.5426948],
     [22.229052900000003, 42.5423944],
     [22.228495000000002, 42.541967500000005],
     [22.227872700000002, 42.541493200000005],
     [22.2274865, 42.541192800000005],
     [22.227209300000002, 42.540804300000005],
     [22.2271851, 42.5407114], [22.2271985, 42.5406185],
     [22.227340700000003, 42.540480200000005],
     [22.227702800000003, 42.5401066],
     [22.2282236, 42.539512200000004], [22.228344800000002, 42.539011],
     [22.228194600000002, 42.5386158],
     [22.227937100000002, 42.5382363], [22.227508, 42.5378569],
     [22.2272076, 42.5375249], [22.2271217, 42.5370189],
     [22.227229, 42.5367027], [22.227622800000002, 42.5360971],
     [22.2277655, 42.535675000000005],
     [22.2278513, 42.535311300000004],
     [22.2277971, 42.535097900000004],
     [22.227626500000003, 42.534741700000005],
     [22.227615800000002, 42.534433400000005],
     [22.2276013, 42.5340416], [22.2276694, 42.5337377],
     [22.2277124, 42.5334531], [22.227572900000002, 42.5332712],
     [22.2273047, 42.5331684], [22.226510700000002, 42.5328443],
     [22.2260387, 42.5326071], [22.2257275, 42.5322672],
     [22.2255344, 42.532014200000006],
     [22.2253842, 42.531919300000006],
     [22.2250516, 42.531856000000005],
     [22.224483000000003, 42.531974600000005],
     [22.223882200000002, 42.5321407], [22.2235818, 42.5321407],
     [22.2231741, 42.532069500000006],
     [22.222859200000002, 42.531930800000005],
     [22.222712700000002, 42.531650500000005],
     [22.222347900000003, 42.531089200000004], [22.221436, 42.5303302],
     [22.2208137, 42.5299269],
     [22.219579900000003, 42.529231200000005],
     [22.2191937, 42.528938600000004], [22.2188611, 42.5287726],
     [22.218110000000003, 42.5282745], [22.2175951, 42.5279582],
     [22.2168977, 42.5276182], [22.2164755, 42.527329200000004],
     [22.2161359, 42.527033100000004], [22.215857, 42.526882900000004],
     [22.2155601, 42.526798], [22.215372300000002, 42.5266935],
     [22.215171700000003, 42.526616100000005], [22.214988, 42.5265666],
     [22.2149772, 42.5264955], [22.2150697, 42.5263634],
     [22.215266900000003, 42.5261871],
     [22.215519200000003, 42.525971000000006],
     [22.2155454, 42.5259048]]}},
  {"type":"Feature",
   "properties":{},
   "geometry":
   {"type":"LineString",
    "coordinates":
    [[22.2155454, 42.5259048], [22.2155372, 42.5258867],
     [22.2155205, 42.525847500000005],
     [22.2154662, 42.525807500000006],
     [22.215358700000003, 42.5257707], [22.2147934, 42.5255379],
     [22.214414400000003, 42.5253803], [22.2135068, 42.5248934],
     [22.2133056, 42.524786600000006], [22.2131018, 42.5246403],
     [22.2129274, 42.5244664], [22.212771800000002, 42.5242568],
     [22.2126994, 42.524069000000004],
     [22.2126565, 42.523744900000004],
     [22.2126887, 42.523596600000005], [22.2127021, 42.5234345],
     [22.2126994, 42.523232900000004],
     [22.212529800000002, 42.5222823],
     [22.212432200000002, 42.522174400000004],
     [22.2122777, 42.5220785], [22.212082600000002, 42.5219766],
     [22.2119931, 42.5218927], [22.211952500000002, 42.5218088],
     [22.2119931, 42.521748900000006], [22.212107000000003, 42.521653],
     [22.2123102, 42.5212395], [22.2123102, 42.521125700000006],
     [22.2123509, 42.5209039], [22.2124159, 42.520826],
     [22.212529800000002, 42.5207721], [22.212668, 42.520664200000006],
     [22.212968800000002, 42.520292700000006], [22.213473, 42.519202],
     [22.213538, 42.5190581], [22.213554300000002, 42.518926300000004],
     [22.2135868, 42.5188244], [22.213668100000003, 42.5187225],
     [22.214156000000003, 42.5181532],
     [22.214448700000002, 42.5176438], [22.2148633, 42.5166369],
     [22.2152211, 42.516079600000005], [22.2153512, 42.5158159],
     [22.2153512, 42.515612100000006], [22.2152862, 42.5154323],
     [22.2151479, 42.515240500000004],
     [22.215017800000002, 42.5151326], [22.2148471, 42.5150607],
     [22.2143999, 42.5149768],
     [22.214221000000002, 42.514910900000004],
     [22.2141316, 42.514827000000004],
     [22.214001500000002, 42.5145813], [22.213912, 42.5144554],
     [22.213773800000002, 42.514359500000005],
     [22.213611200000003, 42.5141737],
     [22.213220900000003, 42.513058900000004],
     [22.213066400000002, 42.5128192],
     [22.212879400000002, 42.5125675],
     [22.212659900000002, 42.512381700000006], [22.2123834, 42.512034],
     [22.2122452, 42.5118962],
     [22.211854900000002, 42.511584500000005],
     [22.211517500000003, 42.511251900000005],
     [22.2111394, 42.5109282], [22.210987900000003, 42.510821],
     [22.210728800000002, 42.5106375], [22.210619, 42.5105656],
     [22.2098815, 42.5101461], [22.2098336, 42.5101177],
     [22.2097908, 42.510085200000006], [22.2097538, 42.510049],
     [22.2097233, 42.510009600000004],
     [22.2097005, 42.509969600000005],
     [22.209684300000003, 42.5099279], [22.209675, 42.509885100000005],
     [22.2096808, 42.5098387], [22.209693400000003, 42.509793],
     [22.209712600000003, 42.5097486],
     [22.209741100000002, 42.5097018],
     [22.2097769, 42.509657700000005],
     [22.2106433, 42.508410100000006], [22.2114158, 42.5075677],
     [22.212118500000003, 42.5069231], [22.2121864, 42.5068646],
     [22.2122485, 42.5068027], [22.2123047, 42.5067377],
     [22.2123545, 42.50667], [22.212396700000003, 42.506602],
     [22.212454, 42.5065291], [22.212483300000002, 42.5064684],
     [22.212520100000003, 42.50639], [22.2125461, 42.506309300000005],
     [22.212561100000002, 42.506227100000004], [22.212565, 42.5061589],
     [22.212561400000002, 42.5060908],
     [22.212550200000003, 42.506023000000006],
     [22.212531600000002, 42.5059562], [22.2124779, 42.5055271],
     [22.212472100000003, 42.505427000000005],
     [22.212473000000003, 42.505326700000005],
     [22.212480600000003, 42.5052266],
     [22.212496700000003, 42.505116900000004],
     [22.2125209, 42.505008000000004], [22.212553, 42.5049003],
     [22.2125929, 42.5047999], [22.2126403, 42.5047014],
     [22.212695, 42.504604900000004],
     [22.212756900000002, 42.504510800000006],
     [22.212822300000003, 42.5044236],
     [22.2128939, 42.504339200000004],
     [22.2129714, 42.504257700000004],
     [22.213088300000003, 42.5041455],
     [22.213199300000003, 42.5040301], [22.213304, 42.5039116],
     [22.2134131, 42.5037764], [22.213514200000002, 42.5036379],
     [22.2136071, 42.5034964], [22.2136435, 42.5034496],
     [22.213668700000003, 42.503399], [22.2136822, 42.5033461],
     [22.213684100000002, 42.503299500000004],
     [22.213676900000003, 42.5032531],
     [22.213669000000003, 42.5032009], [22.21365, 42.5031503],
     [22.213627900000002, 42.503112900000005],
     [22.213599600000002, 42.5030778], [22.213562900000003, 42.50305],
     [22.2135274, 42.5030273], [22.213494400000002, 42.5030043],
     [22.213467700000002, 42.502977300000005],
     [22.2134474, 42.5029458], [22.2134357, 42.5029121],
     [22.2134328, 42.5028774],
     [22.213441900000003, 42.502825300000005],
     [22.213461000000002, 42.5027746],
     [22.2134861, 42.502731100000005],
     [22.2135186, 42.502690300000005], [22.2135578, 42.5026529],
     [22.2136031, 42.5026194], [22.2137208, 42.502529100000004],
     [22.2138458, 42.5024444], [22.213979900000002, 42.5023641],
     [22.214120400000002, 42.502290200000004],
     [22.214195200000002, 42.5022584],
     [22.214267000000003, 42.5022229],
     [22.214353300000003, 42.5021726],
     [22.214433500000002, 42.502117000000005],
     [22.214506800000002, 42.5020565], [22.2145727, 42.5019915],
     [22.2146313, 42.5019093], [22.2146806, 42.501823900000005],
     [22.2147201, 42.501735700000005], [22.2147498, 42.5016455],
     [22.21477, 42.5015486], [22.214778900000002, 42.5014507],
     [22.2147761, 42.501352700000005],
     [22.214761900000003, 42.5012552], [22.214736300000002, 42.501159],
     [22.214661200000002, 42.5008446],
     [22.214641200000003, 42.5007863], [22.2146313, 42.5007267],
     [22.2146317, 42.5006666], [22.2146411, 42.5006118],
     [22.214659100000002, 42.5005582],
     [22.2146854, 42.500506400000006], [22.214739, 42.5004597],
     [22.214797200000003, 42.5004161], [22.2148597, 42.5003759],
     [22.2149301, 42.500337300000005],
     [22.215004500000003, 42.5003029],
     [22.215082300000002, 42.5002731], [22.215203000000002, 42.500202],
     [22.2153211, 42.500128700000005],
     [22.2154734, 42.500028300000004], [22.2156209, 42.4999241],
     [22.215763600000002, 42.4998163],
     [22.215936000000003, 42.4996841],
     [22.216101600000002, 42.4995473], [22.2162365, 42.4994278],
     [22.216366200000003, 42.4993051],
     [22.216490500000003, 42.499179500000004],
     [22.216705100000002, 42.498938200000005],
     [22.2167247, 42.4989101], [22.2167439, 42.498881000000004],
     [22.216752, 42.4988492], [22.2167496, 42.4988216],
     [22.2167387, 42.4987951], [22.2167198, 42.498771100000006],
     [22.2166761, 42.4987067], [22.2166393, 42.4986399],
     [22.2166095, 42.4985713], [22.2165871, 42.4985012],
     [22.216568900000002, 42.498408100000006],
     [22.216563500000003, 42.4983142],
     [22.216571000000002, 42.4982204],
     [22.216575000000002, 42.4981512],
     [22.216570500000003, 42.498131900000004],
     [22.2165605, 42.498113800000006],
     [22.216545500000002, 42.498097800000004], [22.216517, 42.4980798],
     [22.2164825, 42.4980691], [22.2158495, 42.4977962],
     [22.2158039, 42.4977705], [22.2157714, 42.4977474],
     [22.2157422, 42.497722], [22.2155999, 42.497589100000006],
     [22.215463200000002, 42.4974531],
     [22.215296000000002, 42.497273500000006],
     [22.2151387, 42.497089200000005],
     [22.215100800000002, 42.497029100000006],
     [22.215069500000002, 42.496967000000005],
     [22.2150448, 42.4969033], [22.2150257, 42.496832500000004],
     [22.215014800000002, 42.496760800000004],
     [22.2150122, 42.496688600000006], [22.215018, 42.4966165],
     [22.215053, 42.4965187], [22.2150754, 42.4964189],
     [22.215085000000002, 42.4963179], [22.215083, 42.4962317],
     [22.2150716, 42.4961458], [22.2150447, 42.496068900000004],
     [22.2150079, 42.495994200000005],
     [22.214961600000002, 42.495922400000005],
     [22.2149086, 42.495856700000004], [22.2148477, 42.495795],
     [22.2147794, 42.495737600000005], [22.2147042, 42.4956851],
     [22.2145754, 42.4955664], [22.2144413, 42.4953449],
     [22.2143917, 42.4952757], [22.2143479, 42.4952205],
     [22.2142978, 42.495168400000004],
     [22.2142471, 42.495124100000005],
     [22.214191900000003, 42.495082800000006],
     [22.214152900000002, 42.49505], [22.2141205, 42.495013500000006],
     [22.2140953, 42.4949741], [22.214076300000002, 42.4949279],
     [22.2140671, 42.4948801], [22.2140577, 42.4947298],
     [22.2140282, 42.4945657], [22.2139464, 42.494364000000004],
     [22.213823, 42.494182], [22.2137868, 42.4941158],
     [22.2137587, 42.4940475],
     [22.213736400000002, 42.493965100000004],
     [22.213726100000002, 42.4938814],
     [22.2137278, 42.493797300000004], [22.2137198, 42.4934384],
     [22.2137144, 42.4929598], [22.2137359, 42.4927086],
     [22.213813700000003, 42.4923645],
     [22.213833400000002, 42.492252900000004],
     [22.2138442, 42.4921407], [22.2138458, 42.4920282],
     [22.213836200000003, 42.4918963],
     [22.2138142, 42.491765300000004], [22.2137798, 42.4916356],
     [22.2137332, 42.491508100000004],
     [22.213645500000002, 42.491342700000004],
     [22.2135685, 42.4911745], [22.2135025, 42.4910037],
     [22.213455800000002, 42.490859], [22.213416900000002, 42.4907131],
     [22.213386, 42.4905661], [22.213363, 42.4904183],
     [22.2132839, 42.4899318], [22.2132356, 42.489633100000006],
     [22.2132356, 42.489546000000004], [22.213241, 42.489459000000004],
     [22.2132569, 42.4893414], [22.213282600000003, 42.4892247],
     [22.2133657, 42.4889705], [22.2135146, 42.488674800000005],
     [22.2135383, 42.488632200000005],
     [22.213558900000002, 42.4885888],
     [22.2135897, 42.488502700000005],
     [22.2135871, 42.488449200000005], [22.2135937, 42.4883959],
     [22.2136131, 42.4883347], [22.2136447, 42.4882763],
     [22.213699700000003, 42.4881952],
     [22.213800300000003, 42.4881052],
     [22.213814900000003, 42.4880805], [22.2138257, 42.4880547],
     [22.2138323, 42.488029700000006], [22.2138351, 42.4880043],
     [22.213838600000003, 42.4879705], [22.2138458, 42.4879371],
     [22.2138597, 42.4878968], [22.213879000000002, 42.4878578],
     [22.2139035, 42.487820400000004],
     [22.214071200000003, 42.4876067], [22.2142079, 42.4874851],
     [22.2142552, 42.487435100000006], [22.2142938, 42.4873813],
     [22.214325900000002, 42.4873178], [22.2143461, 42.4872517],
     [22.2144923, 42.4869451], [22.2148168, 42.4864862],
     [22.215098400000002, 42.4861322], [22.2152433, 42.4859324],
     [22.215495400000002, 42.4854399],
     [22.215841400000002, 42.4849533],
     [22.216080100000003, 42.484745600000004],
     [22.216105300000002, 42.4847083],
     [22.216136000000002, 42.4846668], [22.2161569, 42.4846213],
     [22.216171300000003, 42.4845765], [22.2161763, 42.4845295],
     [22.216171300000003, 42.484482500000006], [22.21617, 42.4843421],
     [22.2162156, 42.484130400000005],
     [22.216258500000002, 42.483929700000004],
     [22.216273100000002, 42.4838383],
     [22.216278600000003, 42.4837463],
     [22.2162751, 42.483654300000005],
     [22.216262500000003, 42.4835627],
     [22.2162431, 42.483479700000004], [22.2162162, 42.4833979],
     [22.2161821, 42.483317500000005],
     [22.215916500000002, 42.4828388],
     [22.215866300000002, 42.482768300000004],
     [22.215806100000002, 42.482702100000004],
     [22.215736800000002, 42.482641], [22.215667, 42.482590800000004],
     [22.215590900000002, 42.4825457],
     [22.2155093, 42.482506300000004], [22.215423, 42.482472800000004],
     [22.2153411, 42.482446800000005],
     [22.2152567, 42.482425400000004],
     [22.2151412, 42.482404200000005],
     [22.215023300000002, 42.4823917], [22.214987, 42.4823898],
     [22.2149518, 42.4823831],
     [22.214918700000002, 42.482372000000005],
     [22.214879800000002, 42.482350600000004],
     [22.214848800000002, 42.482323], [22.214827500000002, 42.4822908],
     [22.2148131, 42.482253400000005],
     [22.214805000000002, 42.482215000000004],
     [22.2148034, 42.482176100000004],
     [22.2148095, 42.482131900000006],
     [22.214823900000003, 42.4820888], [22.2148463, 42.4820475],
     [22.214883200000003, 42.4819874], [22.2149299, 42.481931],
     [22.214245400000003, 42.481495100000004],
     [22.213570400000002, 42.480910900000005],
     [22.2122996, 42.4799432], [22.211672800000002, 42.479646],
     [22.210928900000003, 42.4789577],
     [22.210371000000002, 42.4785818], [22.2100438, 42.4782973],
     [22.2093861, 42.4780433], [22.2087489, 42.4776928],
     [22.206897400000003, 42.4774073],
     [22.206718900000002, 42.477383800000005],
     [22.2053924, 42.477026300000006], [22.2048439, 42.4767723],
     [22.204321, 42.4764149], [22.204034, 42.476033900000004],
     [22.203904400000003, 42.475818800000006],
     [22.2037789, 42.4756105],
     [22.203657800000002, 42.475229500000005],
     [22.203287900000003, 42.4742465],
     [22.2031667, 42.474086500000006],
     [22.202969000000003, 42.4738466], [22.2029308, 42.4734892],
     [22.203101200000003, 42.4731552], [22.2033008, 42.4729119],
     [22.2035872, 42.472591900000005],
     [22.2035872, 42.472361400000004], [22.2034743, 42.4720286],
     [22.203005700000002, 42.4714909], [22.2027541, 42.4711645],
     [22.2026673, 42.470908400000006], [22.2028061, 42.4706652],
     [22.202623900000003, 42.470444300000004],
     [22.202597800000003, 42.4702107],
     [22.202485000000003, 42.469596200000005],
     [22.201955700000003, 42.4690712], [22.2015131, 42.4684503],
     [22.2013222, 42.4680662], [22.2012961, 42.467560500000005],
     [22.2013308, 42.467259600000006],
     [22.201634600000002, 42.466990800000005],
     [22.2017214, 42.4667411], [22.2017127, 42.466529900000005],
     [22.2015131, 42.4659089], [22.2015044, 42.465659200000005],
     [22.2015478, 42.4655312], [22.2014697, 42.465403200000004],
     [22.2002895, 42.4649166], [22.2000031, 42.464871800000004],
     [22.1994043, 42.464545300000005], [22.1991093, 42.4642445],
     [22.1991006, 42.463886], [22.199360900000002, 42.463489],
     [22.199360900000002, 42.4631369], [22.1993262, 42.4628296],
     [22.199196, 42.4624967], [22.198770800000002, 42.4618053],
     [22.1984844, 42.4611139], [22.1982588, 42.460749],
     [22.1981807, 42.4604737], [22.198119900000002, 42.4601728],
     [22.197929000000002, 42.4599871],
     [22.197642700000003, 42.4599423],
     [22.1971133, 42.459910300000004],
     [22.196384300000002, 42.4600895],
     [22.1955859, 42.460249600000004], [22.1949958, 42.460192],
     [22.1945185, 42.4599807],
     [22.193728800000002, 42.460070300000005],
     [22.193364300000002, 42.4601856], [22.1922275, 42.4602944],
     [22.191845700000002, 42.460249600000004],
     [22.191611400000003, 42.459961500000006],
     [22.1910905, 42.458750800000004], [22.1908007, 42.4583999],
     [22.1897784, 42.4576134], [22.1890295, 42.457605300000004],
     [22.1883352, 42.4580974], [22.1877065, 42.4577061],
     [22.1866415, 42.457225400000006]]}},
  {"type":"Feature",
   "properties":{},
   "geometry":
   {"type":"LineString",
    "coordinates":
    [[22.177477500000002, 42.4504889],
     [22.177494900000003, 42.450520100000006],
     [22.177518000000003, 42.450549300000006],
     [22.177546600000003, 42.450576000000005],
     [22.1775799, 42.450599600000004], [22.1776173, 42.4506195],
     [22.1776741, 42.450646600000006], [22.177727, 42.4506777],
     [22.177775500000003, 42.4507125], [22.177831, 42.450762700000006],
     [22.177877300000002, 42.4508178], [22.1779136, 42.4508768],
     [22.1780224, 42.451040000000006], [22.1781396, 42.4512001],
     [22.178265, 42.451356700000005], [22.1783909, 42.451501400000005],
     [22.1785238, 42.4516427], [22.1787116, 42.451861400000006],
     [22.1789677, 42.452183000000005], [22.1790062, 42.4522586],
     [22.1790361, 42.4523364], [22.1790589, 42.4524234],
     [22.179071, 42.4525115], [22.179078500000003, 42.4526059],
     [22.1790804, 42.452700500000006], [22.1790749, 42.4527689],
     [22.1790637, 42.4528369], [22.179046900000003, 42.4529043],
     [22.1789449, 42.4533001], [22.1789135, 42.453363100000004],
     [22.1788779, 42.4534248],
     [22.178831000000002, 42.453495600000004],
     [22.1787786, 42.453564300000004],
     [22.178730400000003, 42.4536603],
     [22.1787069, 42.453712200000005], [22.1786767, 42.4537622],
     [22.178641300000002, 42.4538086],
     [22.178600300000003, 42.4538523],
     [22.1785399, 42.453919600000006], [22.1785144, 42.4539605],
     [22.178497, 42.4540037], [22.178488, 42.454051400000004],
     [22.178489000000003, 42.4540997],
     [22.1784876, 42.454201700000006],
     [22.178493000000003, 42.454303700000004],
     [22.178505100000002, 42.454405400000006],
     [22.1785225, 42.4545005], [22.1785457, 42.454594900000004],
     [22.1785748, 42.4546884], [22.1786579, 42.4548586],
     [22.178785400000002, 42.4550278],
     [22.178831300000002, 42.4550822],
     [22.1788725, 42.455138600000005],
     [22.178910000000002, 42.4551986],
     [22.178942300000003, 42.455260300000006],
     [22.179001300000003, 42.4554038],
     [22.1790677, 42.455533900000006],
     [22.179094000000003, 42.455603200000006],
     [22.1791267, 42.4556709], [22.1791638, 42.4557342],
     [22.179206500000003, 42.4557956], [22.179244, 42.4558777],
     [22.1792789, 42.455969800000005],
     [22.179310400000002, 42.4561508],
     [22.179333900000003, 42.456312100000005],
     [22.1793438, 42.456340100000006], [22.179358, 42.456367],
     [22.179384600000002, 42.4564023],
     [22.179418400000003, 42.4564341], [22.1794586, 42.4564615],
     [22.179641, 42.456583200000004], [22.1799374, 42.456745000000005],
     [22.1802807, 42.4569167], [22.1807279, 42.457117000000004],
     [22.180980700000003, 42.4572145],
     [22.181267700000003, 42.4573199], [22.1813185, 42.4573471],
     [22.1813663, 42.457377300000005],
     [22.181433100000003, 42.4574287], [22.181491, 42.457485600000005],
     [22.181531, 42.45752], [22.181577500000003, 42.457549400000005],
     [22.1816275, 42.457572500000005],
     [22.181653700000002, 42.4575825], [22.1816815, 42.45759],
     [22.181733400000002, 42.457597], [22.1817861, 42.4575954],
     [22.1818634, 42.457589500000005],
     [22.181941000000002, 42.457587000000004],
     [22.182069600000002, 42.4575903],
     [22.1821971, 42.457602900000005],
     [22.182444800000003, 42.4576392], [22.182694, 42.457669100000004],
     [22.1829019, 42.457689200000004], [22.1831104, 42.4577048],
     [22.183271100000002, 42.4577134], [22.1834323, 42.4577152],
     [22.183584800000002, 42.457710500000005],
     [22.1837367, 42.4576998], [22.1838291, 42.457683700000004],
     [22.1839198, 42.4576627], [22.184007100000002, 42.4576373],
     [22.1840917, 42.4576074], [22.1841732, 42.457573200000006],
     [22.184225, 42.4575479], [22.1842745, 42.457520200000005],
     [22.184332700000002, 42.4574827], [22.1843866, 42.4574419],
     [22.184436100000003, 42.457398000000005],
     [22.184496900000003, 42.4573574], [22.1845608, 42.4573194],
     [22.184636, 42.457280000000004], [22.1847144, 42.457244200000005],
     [22.184798500000003, 42.457217], [22.184885400000002, 42.4571952],
     [22.1849144, 42.4571885], [22.184979400000003, 42.4571781],
     [22.185075100000002, 42.4571672],
     [22.1851717, 42.457162600000004],
     [22.185502900000003, 42.457154100000004],
     [22.185582800000002, 42.4571423],
     [22.185661900000003, 42.4571279],
     [22.185744600000003, 42.457109800000005],
     [22.1858262, 42.4570888], [22.1858834, 42.4570809],
     [22.185941500000002, 42.457077000000005],
     [22.1860159, 42.4570779], [22.1860897, 42.457085400000004],
     [22.186362600000002, 42.4571393],
     [22.1866415, 42.457225400000006]]}},
  {"type":"Feature",
   "properties":{},
   "geometry":
   {"type":"LineString",
    "coordinates":
    [[22.1651376, 42.4455797],
     [22.165270800000002, 42.445590100000004],
     [22.165402500000003, 42.4456083],
     [22.1655121, 42.445629600000004], [22.1656197, 42.4456562],
     [22.1657245, 42.445688100000005], [22.165826300000003, 42.445725],
     [22.1659139, 42.4457633], [22.166005100000003, 42.4457966],
     [22.1660995, 42.445824800000004], [22.1661964, 42.4458477],
     [22.166308200000003, 42.4458671], [22.1664217, 42.4458794],
     [22.1666953, 42.445859600000006], [22.16692, 42.4458402],
     [22.1671459, 42.4458299], [22.1673431, 42.4458284],
     [22.1675402, 42.445833900000004], [22.1677265, 42.4458397],
     [22.167913000000002, 42.445841800000004],
     [22.168194900000003, 42.4458381],
     [22.168476300000002, 42.445826000000004],
     [22.1685696, 42.4458222], [22.1686629, 42.445825500000005],
     [22.1687552, 42.445835900000006],
     [22.1688493, 42.445854000000004], [22.1689402, 42.4458794],
     [22.169026900000002, 42.445911800000005],
     [22.1691085, 42.4459509], [22.1691839, 42.4459961],
     [22.1692524, 42.446047], [22.1693131, 42.4461031],
     [22.169731600000002, 42.446489], [22.1697829, 42.4465495],
     [22.169840500000003, 42.446606800000005],
     [22.169904000000002, 42.4466606],
     [22.169973000000002, 42.446710700000004],
     [22.170047200000003, 42.4467567], [22.170126, 42.446798400000006],
     [22.170209, 42.446835400000005], [22.170345400000002, 42.4468844],
     [22.1704799, 42.446936300000004], [22.1706302, 42.4469988],
     [22.1707776, 42.447065], [22.171496400000002, 42.447334100000006],
     [22.171939000000002, 42.4475004],
     [22.172051800000002, 42.447525600000006], [22.172167, 42.4475439],
     [22.172285300000002, 42.447555200000004],
     [22.172404500000003, 42.4475592],
     [22.172523700000003, 42.4475558], [22.1727893, 42.4475489],
     [22.1728831, 42.4475536],
     [22.172975700000002, 42.447565700000006],
     [22.173061, 42.447583800000004],
     [22.173143300000003, 42.447608300000006],
     [22.1732954, 42.4476596], [22.173451800000002, 42.4477033],
     [22.173605300000002, 42.447737700000005],
     [22.173761600000002, 42.4477646], [22.1739068, 42.4477904],
     [22.174048600000003, 42.447825],
     [22.174164400000002, 42.447860600000006],
     [22.174276600000002, 42.4479022], [22.1746199, 42.4480269],
     [22.1747079, 42.4480626], [22.1747917, 42.4481036],
     [22.174870700000003, 42.4481496],
     [22.1749447, 42.448200400000005],
     [22.1750128, 42.448255700000004],
     [22.1750745, 42.448314800000006],
     [22.175133300000002, 42.4484018], [22.175196600000003, 42.448487],
     [22.175280500000003, 42.448589500000004],
     [22.1753709, 42.4486889], [22.1754593, 42.4487645],
     [22.1755533, 42.4488363], [22.175683900000003, 42.4489241],
     [22.1758229, 42.4490046], [22.1759358, 42.449057800000006],
     [22.1760431, 42.4491171], [22.176144, 42.4491822],
     [22.1762209, 42.449238900000005], [22.1762929, 42.449299],
     [22.1763534, 42.4493583],
     [22.176419000000003, 42.449414700000005], [22.1764866, 42.449466],
     [22.1765584, 42.4495142], [22.1765894, 42.449533900000006],
     [22.176617500000003, 42.449555700000005],
     [22.1766489, 42.4495865], [22.176674700000003, 42.44962],
     [22.1766946, 42.4496557], [22.1767398, 42.449751400000004],
     [22.176796500000002, 42.4498437],
     [22.1768471, 42.449911400000005], [22.1769038, 42.4499763],
     [22.177192100000003, 42.4502761],
     [22.177272600000002, 42.4503543],
     [22.1772978, 42.450375300000005],
     [22.177333800000003, 42.450405100000005],
     [22.177402700000002, 42.4504503],
     [22.177477500000002, 42.4504889]]}},
  {"type":"Feature",
   "properties":{},
   "geometry":
   {"type":"LineString",
    "coordinates":
    [[22.1445553, 42.4459481],
     [22.145108200000003, 42.445528100000004],
     [22.145416800000003, 42.4452938], [22.1455147, 42.4451021],
     [22.145628600000002, 42.4450061],
     [22.145774900000003, 42.4448741], [22.1467262, 42.4441721],
     [22.147092, 42.4439659], [22.1473535, 42.4438832],
     [22.147734500000002, 42.4438781],
     [22.1483536, 42.443873700000005],
     [22.148941200000003, 42.4440244],
     [22.149175300000003, 42.4440873],
     [22.1493967, 42.444043300000004],
     [22.1496698, 42.443931400000004],
     [22.1501759, 42.443741700000004],
     [22.1508393, 42.443510200000006],
     [22.1511825, 42.443417100000005],
     [22.151589400000002, 42.443424400000005],
     [22.1519343, 42.443465200000006], [22.152556, 42.443440100000004],
     [22.153241100000002, 42.4433513], [22.1535976, 42.4433632],
     [22.1540044, 42.4434021], [22.154461, 42.443505300000005],
     [22.1547826, 42.4435881], [22.155136300000002, 42.4436234],
     [22.1559262, 42.4435894], [22.156663700000003, 42.4436283],
     [22.156813200000002, 42.4436489], [22.1569626, 42.4437317],
     [22.1571681, 42.443869500000005], [22.1573919, 42.4439219],
     [22.1575865, 42.4439338], [22.1578225, 42.443935800000006],
     [22.1581712, 42.443918000000004], [22.1584287, 42.4438922],
     [22.1586728, 42.443880300000004],
     [22.1588445, 42.443896200000005], [22.1590993, 42.4439496],
     [22.159405000000003, 42.4440426], [22.1597028, 42.4441574],
     [22.1599925, 42.4443039], [22.1601614, 42.444438500000004],
     [22.160330400000003, 42.444585000000004],
     [22.160604000000003, 42.4447235],
     [22.160770300000003, 42.4448324],
     [22.160907100000003, 42.444895700000004],
     [22.161119000000003, 42.4449947],
     [22.161271900000003, 42.445091700000006],
     [22.161406000000003, 42.4452045],
     [22.161666200000003, 42.445446000000004],
     [22.161862000000003, 42.4455608], [22.1620336, 42.4456459],
     [22.1622482, 42.445687400000004],
     [22.162481500000002, 42.4456815],
     [22.1626237, 42.445671600000004],
     [22.1627203, 42.445671600000004], [22.1628383, 42.4456914],
     [22.1629, 42.445695300000004], [22.162980400000002, 42.4456835],
     [22.163085000000002, 42.445649800000005],
     [22.163237900000002, 42.4455766],
     [22.163573200000002, 42.445479600000006],
     [22.1636966, 42.445455900000006], [22.163879, 42.4454301],
     [22.1639889, 42.4454341],
     [22.164128400000003, 42.445453900000004],
     [22.1643671, 42.4455271], [22.1645603, 42.4455845],
     [22.164731900000003, 42.4456162], [22.1649277, 42.4456201],
     [22.1651376, 42.4455797]]}},
  {"type":"Feature",
   "properties":{},
   "geometry":
   {"type":"LineString",
    "coordinates":
    [[22.1445553, 42.4459481], [22.1446447, 42.4461882],
     [22.1448509, 42.446461400000004], [22.1453476, 42.4468729],
     [22.145760000000003, 42.447256800000005]]}},
  {"type":"Feature",
   "properties":{},
   "geometry":
   {"type":"LineString",
    "coordinates":
    [[22.145760000000003, 42.447256800000005],
     [22.145985000000003, 42.447599100000005],
     [22.146266200000003, 42.4480279], [22.1462568, 42.4481386],
     [22.146177100000003, 42.448176600000004],
     [22.1461115, 42.4481593], [22.1459569, 42.4479726],
     [22.1454601, 42.4475369], [22.1450196, 42.4472913],
     [22.1445416, 42.4471599],
     [22.144166700000003, 42.447011200000006],
     [22.143815200000002, 42.4469421],
     [22.143444900000002, 42.446935100000005],
     [22.1431216, 42.4470735], [22.142831, 42.4472153],
     [22.142545100000003, 42.4474297],
     [22.142451400000002, 42.447543800000005],
     [22.1422874, 42.447554200000006],
     [22.141889000000003, 42.447478100000005],
     [22.1413689, 42.4472637], [22.1407409, 42.446935100000005],
     [22.140431600000003, 42.446779500000005],
     [22.140065200000002, 42.4467373], [22.139784300000002, 42.446784],
     [22.1395616, 42.4468456],
     [22.139400300000002, 42.446896100000004]]}},
  {"type":"Feature",
   "properties":{},
   "geometry":
   {"type":"LineString",
    "coordinates":
    [[22.1234392, 42.4509519], [22.123585600000002, 42.4511259],
     [22.123699400000003, 42.4513898],
     [22.1237645, 42.451461800000004],
     [22.123902700000002, 42.4514858],
     [22.124032800000002, 42.4514738], [22.1245125, 42.4514738],
     [22.1246751, 42.451497800000006], [22.1253581, 42.4516238],
     [22.1255858, 42.4516298],
     [22.125935400000003, 42.451635800000005],
     [22.126155, 42.451587800000006], [22.1264721, 42.4514918],
     [22.127163200000002, 42.4513118], [22.1273665, 42.4512938],
     [22.127577900000002, 42.4512938], [22.1277893, 42.4513298],
     [22.128716200000003, 42.4514738],
     [22.128887000000002, 42.4514858],
     [22.129008900000002, 42.4514678], [22.1291553, 42.4514378],
     [22.1300831, 42.451116400000004], [22.1304471, 42.4509903],
     [22.1304887, 42.4509759], [22.130708300000002, 42.4509459],
     [22.130895300000002, 42.4509519], [22.131066, 42.4509879],
     [22.131375000000002, 42.451107900000004],
     [22.1314889, 42.4511559], [22.1315864, 42.4511679],
     [22.131716500000003, 42.4511559],
     [22.131846600000003, 42.4511619], [22.132676, 42.451269800000006],
     [22.1328549, 42.451269800000006], [22.1330256, 42.4512638],
     [22.1332045, 42.4512038], [22.1333346, 42.4511319],
     [22.13392, 42.450783900000005], [22.1340501, 42.450687900000005],
     [22.134123300000002, 42.450603900000004],
     [22.1341883, 42.4504899], [22.1344892, 42.4500399],
     [22.1345949, 42.449938], [22.1347168, 42.449830000000006],
     [22.135408, 42.449392], [22.1355055, 42.44935],
     [22.1356682, 42.449302], [22.1378147, 42.448618],
     [22.138058700000002, 42.448516000000005],
     [22.1381969, 42.4484021], [22.138335100000003, 42.4482761],
     [22.1391889, 42.447076100000004],
     [22.139400300000002, 42.446896100000004]]}},
  {"type":"Feature",
   "properties":{},
   "geometry":
   {"type":"LineString",
    "coordinates":
    [[22.118732100000003, 42.454049000000005],
     [22.1187645, 42.4538985], [22.1188207, 42.4537652],
     [22.1191619, 42.4534157], [22.119202, 42.4533624],
     [22.119362600000002, 42.453243900000004],
     [22.119816200000002, 42.4529507],
     [22.119956700000003, 42.4528589], [22.1200732, 42.4527967],
     [22.120366200000003, 42.4526723], [22.1207567, 42.4524975],
     [22.121061, 42.452347100000004], [22.121264800000002, 42.4522259],
     [22.1214078, 42.452127100000006],
     [22.1222749, 42.451399800000004], [22.1224543, 42.4512719],
     [22.122646000000003, 42.4511417],
     [22.122874200000002, 42.451036200000004],
     [22.122989800000003, 42.450971100000004],
     [22.1231267, 42.450926200000005],
     [22.1232362, 42.450919400000004], [22.1234392, 42.4509519]]}},
  {"type":"Feature",
   "properties":{},
   "geometry":
   {"type":"LineString",
    "coordinates":
    [[22.118732100000003, 42.454049000000005],
     [22.1187508, 42.4543747], [22.1186952, 42.454510500000005],
     [22.1186705, 42.454726400000006], [22.1186335, 42.4550902],
     [22.118550300000003, 42.4552811], [22.1184271, 42.4554198],
     [22.118020400000002, 42.455738000000004],
     [22.1175521, 42.4561677],
     [22.117420900000003, 42.456241500000004],
     [22.117259400000002, 42.4563245],
     [22.117154600000003, 42.4563768], [22.1170934, 42.4564624]]}},
  {"type":"Feature",
   "properties":{},
   "geometry":
   {"type":"LineString",
    "coordinates":
    [[22.108719200000003, 42.4601346], [22.1091826, 42.4597946],
     [22.109630300000003, 42.459577200000005],
     [22.1099791, 42.459441500000004], [22.1102107, 42.4593922],
     [22.1105053, 42.459346200000006],
     [22.1107395, 42.459315800000006], [22.1109262, 42.4592388],
     [22.111007700000002, 42.4591833],
     [22.1117297, 42.458466900000005],
     [22.1121473, 42.458066200000005],
     [22.112654900000003, 42.4577593],
     [22.113090600000003, 42.4574833], [22.1134056, 42.4573477],
     [22.113605, 42.457253900000005], [22.1137276, 42.4571306],
     [22.113849700000003, 42.4568932],
     [22.113951200000002, 42.456878700000004],
     [22.1142755, 42.4568923], [22.114562300000003, 42.4568661],
     [22.115068800000003, 42.4567934], [22.1155031, 42.4566797],
     [22.1159594, 42.456625800000005], [22.1166494, 42.4564882],
     [22.116947200000002, 42.4564783], [22.1170934, 42.4564624]]}},
  {"type":"Feature",
   "properties":{},
   "geometry":
   {"type":"LineString",
    "coordinates":
    [[22.1080793, 42.4607794], [22.108719200000003, 42.4601346]]}},
  {"type":"Feature",
   "properties":{},
   "geometry":
   {"type":"LineString",
    "coordinates":
    [[22.1080793, 42.4607794], [22.1076504, 42.4611974],
     [22.107496700000002, 42.4614732]]}},
  {"type":"Feature",
   "properties":{},
   "geometry":
   {"type":"LineString",
    "coordinates":
    [[22.1069283, 42.461663300000005], [22.107316500000003, 42.46155],
     [22.107496700000002, 42.4614732]]}},
  {"type":"Feature",
   "properties":{},
   "geometry":
   {"type":"LineString",
    "coordinates":
    [[22.102808900000003, 42.4627792], [22.104809200000002, 42.46226],
     [22.1050195, 42.462087000000004], [22.105343, 42.461985500000004],
     [22.105561400000003, 42.4619378],
     [22.105857800000003, 42.4618783],
     [22.1069283, 42.461663300000005]]}},
  {"type":"Feature",
   "properties":{},
   "geometry":
   {"type":"LineString",
    "coordinates":
    [[22.102808900000003, 42.4627792],
     [22.1024716, 42.462801400000004], [22.1022181, 42.4627829],
     [22.1017966, 42.4629296], [22.1016112, 42.4629126]]}},
  {"type":"Feature",
   "properties":{},
   "geometry":
   {"type":"LineString",
    "coordinates":
    [[22.1007481, 42.4632809],
     [22.101121600000003, 42.463103800000006],
     [22.101479100000002, 42.4629306], [22.1016112, 42.4629126]]}},
  {"type":"Feature",
   "properties":{},
   "geometry":
   {"type":"LineString",
    "coordinates":
    [[22.100262500000003, 42.4633163], [22.1003425, 42.4633163],
     [22.1004653, 42.4632888], [22.1007481, 42.4632809]]}},
  {"type":"Feature",
   "properties":{},
   "geometry":
   {"type":"LineString",
    "coordinates":
    [[22.090263, 42.4676938], [22.090775200000003, 42.467542900000005],
     [22.090945100000003, 42.467443700000004],
     [22.091093700000002, 42.4673132], [22.0922687, 42.4668641],
     [22.092566, 42.4667545], [22.093245500000002, 42.466519500000004],
     [22.0934013, 42.4665143], [22.0936349, 42.466519500000004],
     [22.093946300000002, 42.466477700000006],
     [22.094328700000002, 42.4664565], [22.094874, 42.466503700000004],
     [22.095557000000003, 42.4665401], [22.0960499, 42.4664881],
     [22.096345600000003, 42.4663375],
     [22.0966413, 42.465958400000005], [22.0970568, 42.4652468],
     [22.0972529, 42.4650917], [22.0983255, 42.464505200000005],
     [22.0989818, 42.464064300000004],
     [22.099787600000003, 42.463599800000004],
     [22.0999637, 42.4635053], [22.100262500000003, 42.4633163]]}},
  {"type":"Feature",
   "properties":{},
   "geometry":
   {"type":"LineString",
    "coordinates":
    [[22.08163, 42.4712386], [22.0817707, 42.4711202],
     [22.0819981, 42.470932600000005],
     [22.082127500000002, 42.4707736],
     [22.082423300000002, 42.470433400000005],
     [22.082738000000003, 42.470181000000004], [22.083106, 42.4700505],
     [22.0837761, 42.4698762], [22.084325, 42.4697626],
     [22.0843728, 42.4697483], [22.0844974, 42.4697109],
     [22.0851384, 42.469618600000004],
     [22.085664100000002, 42.4694603], [22.0865331, 42.4690686],
     [22.0869284, 42.4688974],
     [22.087192700000003, 42.468810000000005],
     [22.087352300000003, 42.468744900000004],
     [22.0875798, 42.4686723], [22.0878756, 42.4685938],
     [22.088040300000003, 42.468509100000006],
     [22.0882548, 42.468381300000004],
     [22.088332700000002, 42.468255400000004],
     [22.088382000000003, 42.4680145], [22.0884313, 42.4678599],
     [22.088503600000003, 42.467802500000005],
     [22.088642200000002, 42.4677711], [22.0887762, 42.4677529],
     [22.088890300000003, 42.4677592],
     [22.089112800000002, 42.4677683], [22.0893386, 42.4677548],
     [22.089484600000002, 42.467721100000006],
     [22.089709300000003, 42.4676911], [22.089959, 42.467703500000006],
     [22.090263, 42.4676938]]}},
  {"type":"Feature",
   "properties":{},
   "geometry":
   {"type":"LineString",
    "coordinates":
    [[22.08163, 42.4712386], [22.0815096, 42.4713147],
     [22.0813589, 42.471373]]}},
  {"type":"Feature",
   "properties":{},
   "geometry":
   {"type":"LineString",
    "coordinates":
    [[22.0813589, 42.471373], [22.0811749, 42.471468300000005],
     [22.0809694, 42.4715441], [22.0805516, 42.471638500000005],
     [22.079841400000003, 42.471703500000004],
     [22.078143700000002, 42.4722756], [22.0779526, 42.4723363],
     [22.077112, 42.472549900000004],
     [22.076551600000002, 42.472722100000006],
     [22.076178000000002, 42.4728806],
     [22.075505500000002, 42.473168900000005],
     [22.0750852, 42.4733491], [22.0749265, 42.4733697],
     [22.0740672, 42.4736315],
     [22.073889700000002, 42.473652200000004],
     [22.0734134, 42.4736315],
     [22.073178000000002, 42.473613900000004],
     [22.072675500000003, 42.473576400000006],
     [22.072012400000002, 42.4734799],
     [22.0718168, 42.473421200000004], [22.0713632, 42.4733077],
     [22.0711531, 42.4732871], [22.070891600000003, 42.4733077],
     [22.070709200000003, 42.473332500000005],
     [22.0702991, 42.4733814], [22.0702845, 42.4733904],
     [22.0700417, 42.4733973], [22.0698922, 42.4733973],
     [22.0695373, 42.473466200000004],
     [22.069387300000002, 42.473477900000006],
     [22.0692291, 42.473476500000004],
     [22.068925500000002, 42.473452300000005],
     [22.0688181, 42.4734524], [22.0686949, 42.473492500000006],
     [22.0683349, 42.4737147], [22.067991300000003, 42.4738655],
     [22.067697300000003, 42.473989700000004],
     [22.0675546, 42.474029800000004], [22.0674104, 42.4740641],
     [22.067025100000002, 42.474146700000006]]}},
  {"type":"Feature",
   "properties":{},
   "geometry":
   {"type":"LineString",
    "coordinates":
    [[22.065920300000002, 42.474214100000005], [22.0660385, 42.47424],
     [22.0661847, 42.4742394], [22.0663175, 42.474228000000004],
     [22.0666076, 42.4741985], [22.0667389, 42.4741936],
     [22.066829700000003, 42.474186700000004],
     [22.067025100000002, 42.474146700000006]]}},
  {"type":"Feature",
   "properties":{},
   "geometry":
   {"type":"LineString",
    "coordinates":
    [[22.064791300000003, 42.474149600000004],
     [22.0651246, 42.474122300000005],
     [22.0653861, 42.474111900000004], [22.0656196, 42.4741257],
     [22.0656731, 42.474138200000006],
     [22.065920300000002, 42.474214100000005]]}},
  {"type":"Feature",
   "properties":{},
   "geometry":
   {"type":"LineString",
    "coordinates":
    [[22.0644101, 42.4741808], [22.064561, 42.4741684],
     [22.064791300000003, 42.474149600000004]]}},
  {"type":"Feature",
   "properties":{},
   "geometry":
   {"type":"LineString",
    "coordinates":
    [[22.062524500000002, 42.4745703],
     [22.062597500000003, 42.4745458],
     [22.062642500000003, 42.4745307],
     [22.0634096, 42.474291400000006],
     [22.063584000000002, 42.4742637],
     [22.063750300000002, 42.4742478],
     [22.0637973, 42.474243200000004],
     [22.064288700000002, 42.474194600000004],
     [22.0644101, 42.4741808]]}},
  {"type":"Feature",
   "properties":{},
   "geometry":
   {"type":"LineString",
    "coordinates":
    [[22.0610278, 42.4744101], [22.0612236, 42.474439700000005],
     [22.0618285, 42.4745341], [22.0621115, 42.4745782],
     [22.062234800000002, 42.474596000000005],
     [22.062398, 42.474592900000005],
     [22.062524500000002, 42.4745703]]}},
  {"type":"Feature",
   "properties":{},
   "geometry":
   {"type":"LineString",
    "coordinates":
    [[22.0606817, 42.474479900000006],
     [22.060813300000003, 42.4744338], [22.0610278, 42.4744101]]}},
  {"type":"Feature",
   "properties":{},
   "geometry":
   {"type":"LineString",
    "coordinates":
    [[22.0605987, 42.474509000000005],
     [22.0606817, 42.474479900000006]]}},
  {"type":"Feature",
   "properties":{},
   "geometry":
   {"type":"LineString",
    "coordinates":
    [[22.0604109, 42.4745683], [22.0604726, 42.4745545],
     [22.0605987, 42.474509000000005]]}},
  {"type":"Feature",
   "properties":{},
   "geometry":
   {"type":"LineString",
    "coordinates":
    [[22.059685, 42.474550900000004], [22.0598771, 42.4745841],
     [22.0599764, 42.474594], [22.0600381, 42.474596000000005],
     [22.0601132, 42.474596000000005],
     [22.0603036, 42.474580200000005], [22.0604109, 42.4745683]]}},
  {"type":"Feature",
   "properties":{},
   "geometry":
   {"type":"LineString",
    "coordinates":
    [[22.0569536, 42.474766200000005], [22.057085, 42.4747385],
     [22.057243200000002, 42.474718700000004],
     [22.0574337, 42.4747167], [22.0576376, 42.474699900000005],
     [22.0578802, 42.474680500000005],
     [22.058101100000002, 42.4746584],
     [22.0583242, 42.474603900000005], [22.0584181, 42.4745822],
     [22.0585361, 42.4745663], [22.059115400000003, 42.474507],
     [22.0591905, 42.474505], [22.059244200000002, 42.4744991],
     [22.0593246, 42.4744971], [22.059685, 42.474550900000004]]}},
  {"type":"Feature",
   "properties":{},
   "geometry":
   {"type":"LineString",
    "coordinates":
    [[22.0549687, 42.4750451], [22.0550143, 42.475053],
     [22.055137700000003, 42.4750807],
     [22.055277200000003, 42.475094600000006],
     [22.055395200000003, 42.4750965], [22.0555615, 42.4750649],
     [22.0558619, 42.475015400000004],
     [22.055971900000003, 42.4750135],
     [22.056157000000002, 42.475017400000006],
     [22.0562481, 42.4750055],
     [22.056366200000003, 42.474977800000005],
     [22.0568463, 42.4748018], [22.0569536, 42.474766200000005]]}},
  {"type":"Feature",
   "properties":{},
   "geometry":
   {"type":"LineString",
    "coordinates":
    [[22.046384800000002, 42.474478500000004],
     [22.046942100000003, 42.474285], [22.047160700000003, 42.4742474],
     [22.047434300000003, 42.4741999],
     [22.047632800000002, 42.4741841],
     [22.0478205, 42.474188000000005], [22.0479063, 42.4742157],
     [22.0480726, 42.474310700000004],
     [22.048265800000003, 42.4744175],
     [22.0483999, 42.474476900000006],
     [22.0485125, 42.474508500000006],
     [22.048614500000003, 42.4745204], [22.0487378, 42.4744808],
     [22.0488214, 42.4744602],
     [22.049075900000002, 42.474384300000004],
     [22.049161700000003, 42.4743626], [22.0492503, 42.4743547],
     [22.049529200000002, 42.4743586], [22.0496687, 42.4743586],
     [22.0503071, 42.474423900000005],
     [22.050433100000003, 42.4744516], [22.050594, 42.4744971],
     [22.050663800000002, 42.474516900000005],
     [22.050787200000002, 42.4745446],
     [22.0512753, 42.474596000000005], [22.0513531, 42.4746],
     [22.051481900000002, 42.474594], [22.0515301, 42.474594],
     [22.0518922, 42.474617800000004],
     [22.0520612, 42.474617800000004],
     [22.052144400000003, 42.4746237],
     [22.0522463, 42.474641500000004], [22.0528666, 42.4748089],
     [22.053236000000002, 42.4749086], [22.0533809, 42.4749363],
     [22.053458600000003, 42.4749403],
     [22.0535338, 42.474930400000005], [22.053780500000002, 42.474873],
     [22.0538583, 42.4748651], [22.053917300000002, 42.474871],
     [22.0540112, 42.474890800000004],
     [22.054083600000002, 42.474922400000004],
     [22.0541614, 42.4749581], [22.054220400000002, 42.4749719],
     [22.054705900000002, 42.475033200000006],
     [22.0549687, 42.4750451]]}},
  {"type":"Feature",
   "properties":{},
   "geometry":
   {"type":"LineString",
    "coordinates":
    [[22.046029500000003, 42.4746278],
     [22.046088700000002, 42.4745876], [22.0461743, 42.4745471],
     [22.046254700000002, 42.474517500000005],
     [22.046384800000002, 42.474478500000004]]}},
  {"type":"Feature",
   "properties":{},
   "geometry":
   {"type":"LineString",
    "coordinates":
    [[22.044963300000003, 42.474795400000005],
     [22.0451376, 42.4748004],
     [22.045372800000003, 42.474790500000005],
     [22.0455542, 42.4747708], [22.0457143, 42.474739],
     [22.0458086, 42.474718], [22.0459074, 42.474690100000004],
     [22.046029500000003, 42.4746278]]}},
  {"type":"Feature",
   "properties":{},
   "geometry":
   {"type":"LineString",
    "coordinates":
    [[22.044963300000003, 42.474795400000005],
     [22.0448653, 42.4748261], [22.0447603, 42.474850200000006]]}},
  {"type":"Feature",
   "properties":{},
   "geometry":
   {"type":"LineString",
    "coordinates":
    [[22.044229400000003, 42.4748104],
     [22.044387500000003, 42.474822700000004],
     [22.0447603, 42.474850200000006]]}},
  {"type":"Feature",
   "properties":{},
   "geometry":
   {"type":"LineString",
    "coordinates":
    [[22.044229400000003, 42.4748104], [22.0438863, 42.4747773],
     [22.0434303, 42.474709100000005],
     [22.043177500000002, 42.4746703],
     [22.042858600000002, 42.474569300000006],
     [22.042749500000003, 42.4745305]]}},
  {"type":"Feature",
   "properties":{},
   "geometry":
   {"type":"LineString",
    "coordinates":
    [[22.042749500000003, 42.4745305],
     [22.0425526, 42.474482200000004],
     [22.0424119, 42.474437200000004],
     [22.042225900000002, 42.474392200000004],
     [22.042075500000003, 42.4743627],
     [22.041907000000002, 42.474327100000004],
     [22.041765700000003, 42.474319], [22.0415905, 42.4743415],
     [22.041461100000003, 42.4743416],
     [22.0413262, 42.474320600000006],
     [22.041239700000002, 42.4742787],
     [22.0411462, 42.474206300000006],
     [22.040983400000002, 42.4740479],
     [22.040838100000002, 42.4739188], [22.0406334, 42.4738246],
     [22.040445100000003, 42.473747100000004]]}},
  {"type":"Feature",
   "properties":{},
   "geometry":
   {"type":"LineString",
    "coordinates":
    [[22.034136500000002, 42.4575004], [22.0340339, 42.4578019],
     [22.0340741, 42.458959500000006],
     [22.0340601, 42.459301200000006],
     [22.034003700000003, 42.459410000000005],
     [22.0338704, 42.459533400000005],
     [22.033767700000002, 42.4597405], [22.0338275, 42.4599489],
     [22.033942, 42.4604489], [22.0340554, 42.4609205],
     [22.034215600000003, 42.461657900000006],
     [22.0343354, 42.4623967],
     [22.034261500000003, 42.462633700000005], [22.0341625, 42.462864],
     [22.034282700000002, 42.463476400000005],
     [22.0343412, 42.463801100000005], [22.0344136, 42.4641504],
     [22.0344567, 42.4644818], [22.034425600000002, 42.4646728],
     [22.034282700000002, 42.465013500000005],
     [22.0342817, 42.4653122], [22.034290600000002, 42.4655545],
     [22.034312800000002, 42.465823], [22.0343544, 42.465971100000004],
     [22.0343841, 42.4660949],
     [22.034463600000002, 42.466426000000006],
     [22.0345547, 42.4666076], [22.0349483, 42.4672076],
     [22.0351064, 42.467532500000004],
     [22.035216100000003, 42.467779900000004],
     [22.035363200000003, 42.4680258],
     [22.0355852, 42.468327300000006],
     [22.035755400000003, 42.468521300000006],
     [22.0358822, 42.4686759], [22.0377812, 42.470830400000004],
     [22.0378736, 42.4709635], [22.0383318, 42.4718801],
     [22.0386907, 42.4724347], [22.0389376, 42.4727423],
     [22.0391195, 42.472929900000004],
     [22.0392668, 42.473061200000004],
     [22.0394262, 42.473175600000005], [22.0398891, 42.4735047],
     [22.0401986, 42.4736494],
     [22.040445100000003, 42.473747100000004]]}},
  {"type":"Feature",
   "properties":{},
   "geometry":
   {"type":"LineString",
    "coordinates":
    [[22.0372877, 42.431619000000005],
     [22.0373215, 42.431888400000005],
     [22.037297900000002, 42.4320405],
     [22.037277600000003, 42.4322226], [22.0372843, 42.4324321],
     [22.0371965, 42.432863600000005], [22.037171400000002, 42.433013],
     [22.0371178, 42.4330803],
     [22.037064100000002, 42.433131800000005],
     [22.0370615, 42.433177300000004],
     [22.0371017, 42.433246600000004],
     [22.0372519, 42.433331700000004], [22.0374611, 42.4334901],
     [22.037576400000003, 42.4336247], [22.0377204, 42.4337778],
     [22.038001400000002, 42.4339883], [22.0384229, 42.4342209],
     [22.0385379, 42.434324600000004],
     [22.038610300000002, 42.4344691],
     [22.038601800000002, 42.4346388],
     [22.038550700000002, 42.4348619],
     [22.0385634, 42.435056700000004],
     [22.0385975, 42.435116400000005],
     [22.038618800000002, 42.4353081],
     [22.0384357, 42.435763800000004],
     [22.0383761, 42.435914600000004], [22.0383548, 42.4360403],
     [22.0384016, 42.436367100000005],
     [22.0385336, 42.436719000000004],
     [22.038678400000002, 42.436810200000004],
     [22.038840200000003, 42.4369201],
     [22.038946600000003, 42.4371087], [22.0390871, 42.4374795],
     [22.0390786, 42.437671200000004],
     [22.0390233, 42.438233600000004], [22.038823200000003, 42.438972],
     [22.038631600000002, 42.4394402], [22.038457, 42.4396853],
     [22.0383293, 42.4400027], [22.0382143, 42.4403546],
     [22.0381079, 42.440615400000006],
     [22.037916300000003, 42.4408353],
     [22.0376608, 42.440989300000005], [22.0374607, 42.4411056],
     [22.0373798, 42.4411872], [22.037390900000002, 42.4412972],
     [22.0375745, 42.441478100000005],
     [22.037874900000002, 42.4416681],
     [22.038128500000003, 42.442007100000005],
     [22.038257100000003, 42.4425023], [22.0381164, 42.4429656],
     [22.037874900000002, 42.4434416], [22.037797, 42.4436223],
     [22.037648500000003, 42.443796400000004],
     [22.0376991, 42.4439554], [22.0379013, 42.4441037],
     [22.037982200000002, 42.4447242],
     [22.037969500000003, 42.4449209],
     [22.037754500000002, 42.445356700000005],
     [22.037446000000003, 42.4457662],
     [22.037213700000002, 42.4459442],
     [22.0370817, 42.446000700000006],
     [22.0369321, 42.446018800000004], [22.0363444, 42.4459874],
     [22.0349003, 42.445677800000006],
     [22.034460900000003, 42.445690000000006], [22.0343269, 42.445729],
     [22.0342419, 42.4457761], [22.034207600000002, 42.4458289],
     [22.03421, 42.4459485], [22.034168700000002, 42.446014000000005],
     [22.034119500000003, 42.4460545],
     [22.033901200000003, 42.446153900000006],
     [22.033669200000002, 42.4461968],
     [22.033294700000003, 42.446217600000004],
     [22.0332562, 42.4462227], [22.0332289, 42.44624],
     [22.0332307, 42.4462636], [22.033252, 42.4462856],
     [22.0339883, 42.4474852], [22.034013100000003, 42.4476426],
     [22.033993300000002, 42.4477935], [22.0338712, 42.448044],
     [22.033604800000003, 42.448286800000005],
     [22.0318606, 42.448929400000004], [22.0317809, 42.4489755],
     [22.0317721, 42.4490501], [22.0318533, 42.449806800000005],
     [22.0316461, 42.4500297], [22.0316188, 42.450085],
     [22.031638700000002, 42.4501275], [22.0322782, 42.4505743],
     [22.0323998, 42.450716500000006], [22.0324756, 42.4508993],
     [22.0325285, 42.4509758], [22.032767200000002, 42.4510846],
     [22.0330462, 42.4512014], [22.0331006, 42.4512773],
     [22.0331374, 42.4515101], [22.03313, 42.451740400000006],
     [22.033226600000003, 42.452229200000005],
     [22.033068800000002, 42.4531355], [22.0330748, 42.4531775],
     [22.033111400000003, 42.4532219], [22.0338187, 42.4537702],
     [22.0338542, 42.453822300000006],
     [22.033869600000003, 42.4539107], [22.0339481, 42.4541449],
     [22.0338964, 42.4542847], [22.033901800000002, 42.454445],
     [22.0339689, 42.4545182], [22.0341647, 42.454599300000005],
     [22.034393400000003, 42.4546871],
     [22.034430200000003, 42.4547557],
     [22.034414100000003, 42.454993200000004],
     [22.034430200000003, 42.4551079],
     [22.034491900000003, 42.455218800000004],
     [22.0344678, 42.455335500000004],
     [22.034352400000003, 42.4555394],
     [22.0343182, 42.455708300000005],
     [22.034298800000002, 42.4559846], [22.034360500000002, 42.456232],
     [22.034355100000003, 42.4563408],
     [22.034325600000003, 42.456455600000005],
     [22.034331, 42.456710900000004], [22.0343558, 42.456804600000005],
     [22.034136500000002, 42.4575004]]}},
  {"type":"Feature",
   "properties":{},
   "geometry":
   {"type":"LineString",
    "coordinates":
    [[22.0372877, 42.431619000000005], [22.0373069, 42.4315419],
     [22.0373182, 42.431464000000005],
     [22.037321600000002, 42.4313857],
     [22.037314600000002, 42.431286300000004],
     [22.0373081, 42.431236600000005],
     [22.0372948, 42.431187800000004], [22.0372677, 42.4311268],
     [22.03723, 42.4310691], [22.037182100000003, 42.4310155],
     [22.0370949, 42.430938700000006],
     [22.0370159, 42.430857100000004], [22.0369569, 42.4307864],
     [22.0369041, 42.430713000000004], [22.0368576, 42.4306374],
     [22.036828200000002, 42.4305858], [22.0368067, 42.4305321],
     [22.0367932, 42.430477], [22.036788, 42.4304147],
     [22.0367932, 42.4303523],
     [22.036823300000002, 42.430294700000005],
     [22.0368469, 42.4302355], [22.0368666, 42.4301618],
     [22.0368764, 42.430087], [22.0368932, 42.4299918],
     [22.036902100000002, 42.429896], [22.0369032, 42.4298],
     [22.036894, 42.4296841], [22.0368734, 42.4295691],
     [22.0368415, 42.4294555],
     [22.036807600000003, 42.429366900000005],
     [22.036766200000002, 42.4292801],
     [22.036717600000003, 42.4291953], [22.0366618, 42.429113],
     [22.0364419, 42.428839800000006], [22.0363988, 42.428789],
     [22.0363641, 42.4287348],
     [22.036335400000002, 42.428670600000004],
     [22.0363185, 42.4286042], [22.036309300000003, 42.4285152],
     [22.036294100000003, 42.4284267], [22.0362729, 42.4283389],
     [22.036239400000003, 42.428234100000005], [22.0361973, 42.428131],
     [22.0361468, 42.42803], [22.0359671, 42.4276915],
     [22.035889400000002, 42.427601700000004],
     [22.035822300000003, 42.4275074],
     [22.035773900000002, 42.4274244],
     [22.035733800000003, 42.427339100000005],
     [22.035629200000002, 42.4270599],
     [22.035607600000002, 42.427029100000006],
     [22.035578700000002, 42.427001700000005],
     [22.035543500000003, 42.4269787],
     [22.0355031, 42.426960900000005], [22.035458700000003, 42.426949],
     [22.035412100000002, 42.426943300000005],
     [22.0353649, 42.4269441], [22.0353187, 42.4269514],
     [22.0352751, 42.4269649], [22.035009600000002, 42.4271134],
     [22.0348647, 42.427246000000004],
     [22.034840300000003, 42.427263100000005],
     [22.0348104, 42.4272742], [22.034777400000003, 42.4272785],
     [22.034744, 42.4272757], [22.0347145, 42.4272666],
     [22.034689500000002, 42.4272518],
     [22.034670900000002, 42.4272325],
     [22.0346602, 42.427210200000005],
     [22.034658200000003, 42.427186600000006],
     [22.0346796, 42.4268402], [22.034749400000003, 42.4264779],
     [22.034765500000002, 42.426264], [22.034768800000002, 42.4261898],
     [22.034765500000002, 42.4261155],
     [22.034753700000003, 42.4260309],
     [22.034733300000003, 42.4259472],
     [22.0347259, 42.425907900000006],
     [22.0347124, 42.425869500000005],
     [22.034693100000002, 42.425832400000004], [22.0346595, 42.425787],
     [22.034617200000003, 42.4257458],
     [22.034567000000003, 42.425709700000006],
     [22.0343792, 42.4255731], [22.034266600000002, 42.4254721],
     [22.0342415, 42.425441500000005], [22.0342239, 42.4254082],
     [22.0342142, 42.4253732], [22.0342129, 42.425337400000004],
     [22.0342199, 42.425302200000004],
     [22.034235000000002, 42.4252684], [22.0342576, 42.425237],
     [22.0342872, 42.4252089],
     [22.034322900000003, 42.425185000000006],
     [22.0345294, 42.4250721],
     [22.034658200000003, 42.424975100000005],
     [22.0346808, 42.424952000000005],
     [22.034696200000003, 42.424925900000005],
     [22.034703800000003, 42.424897900000005],
     [22.0347034, 42.4248713], [22.034695900000003, 42.4248452],
     [22.0346815, 42.4248208],
     [22.034660900000002, 42.424798900000006],
     [22.0344838, 42.4247395], [22.0344608, 42.4247242],
     [22.034442300000002, 42.4247059], [22.034426, 42.4246787],
     [22.034419500000002, 42.4246494], [22.0344224, 42.4246281],
     [22.0344315, 42.424607800000004], [22.0344999, 42.4245296],
     [22.034694400000003, 42.424368300000005],
     [22.034866100000002, 42.4242198],
     [22.0349207, 42.424168800000004],
     [22.034968000000003, 42.4241139],
     [22.035006900000003, 42.424056300000004],
     [22.0350377, 42.423996100000004],
     [22.0350417, 42.423942200000006],
     [22.035055200000002, 42.423889100000004],
     [22.035073, 42.423847200000004], [22.0350967, 42.423807000000004],
     [22.0351438, 42.423750000000005],
     [22.035198700000002, 42.423697100000005],
     [22.0352566, 42.4236516], [22.035320300000002, 42.4236106],
     [22.0353557, 42.4235935],
     [22.035382400000003, 42.423571900000006],
     [22.035421300000003, 42.4235367],
     [22.035466900000003, 42.423494600000005],
     [22.035505800000003, 42.4234461],
     [22.035542000000003, 42.4233981],
     [22.0356479, 42.423215500000005],
     [22.035667500000002, 42.4231762],
     [22.035682100000002, 42.423135800000004], [22.035691, 42.4230979],
     [22.035695500000003, 42.4230595], [22.035715, 42.4228655],
     [22.035728000000002, 42.422777100000005],
     [22.0357358, 42.422688300000004], [22.0357384, 42.4226054],
     [22.0357364, 42.4225225], [22.0357264, 42.422438400000004],
     [22.0357217, 42.4223542], [22.0357224, 42.4222655],
     [22.0357291, 42.422177000000005], [22.0357407, 42.4221151],
     [22.035746300000003, 42.4220528],
     [22.0357458, 42.421990300000004], [22.0357352, 42.4219037],
     [22.035713, 42.421818300000005],
     [22.035679400000003, 42.421734900000004],
     [22.0356416, 42.4216439], [22.0356144, 42.421550800000006],
     [22.035602800000003, 42.421491100000004],
     [22.0355956, 42.421431000000005], [22.035578, 42.4213375],
     [22.0355527, 42.421244900000005], [22.0354841, 42.4211339],
     [22.0354119, 42.421024100000004],
     [22.035300900000003, 42.4208672],
     [22.035182600000002, 42.4207132],
     [22.035147700000003, 42.420647900000006],
     [22.035106000000003, 42.4205847], [22.0350578, 42.4205241],
     [22.0350047, 42.4204614], [22.0349289, 42.4203751],
     [22.0348459, 42.4202925],
     [22.034746600000002, 42.420205700000004],
     [22.034696800000003, 42.4201622],
     [22.0346394, 42.420124200000004], [22.0345707, 42.4200901],
     [22.034495900000003, 42.4200639], [22.034416800000002, 42.420046],
     [22.034145900000002, 42.419995500000006],
     [22.0341223, 42.4199841], [22.034103400000003, 42.4199688],
     [22.0340904, 42.419950400000005],
     [22.034084200000002, 42.4199301], [22.0340855, 42.4199077],
     [22.034095200000003, 42.4198863],
     [22.0341124, 42.419867800000006],
     [22.0342261, 42.419808700000004],
     [22.034335000000002, 42.419745000000006],
     [22.0344394, 42.419676300000006],
     [22.0345383, 42.419603300000006],
     [22.034631400000002, 42.4195262], [22.0347022, 42.4194559],
     [22.034769500000003, 42.4193836],
     [22.0348659, 42.419268800000005], [22.0349532, 42.41915],
     [22.0349921, 42.419105300000005],
     [22.0350404, 42.419065800000006],
     [22.035089600000003, 42.4190364], [22.0351441, 42.4190124],
     [22.035202700000003, 42.418994500000004],
     [22.0352716, 42.4189689], [22.0353375, 42.4189391],
     [22.0353998, 42.4189054], [22.035531300000002, 42.4188282],
     [22.035564, 42.418806100000005],
     [22.035589400000003, 42.418779300000004],
     [22.035606400000002, 42.418749000000005],
     [22.0356142, 42.4187135], [22.035610400000003, 42.4186777],
     [22.035599400000002, 42.418643], [22.035594, 42.4186075],
     [22.0355943, 42.4185718], [22.035605, 42.418519700000004],
     [22.0356278, 42.418469800000004],
     [22.035676600000002, 42.4184052],
     [22.035731100000003, 42.4183431], [22.035798500000002, 42.418277],
     [22.035872400000002, 42.4182149], [22.035952400000003, 42.418157],
     [22.0360133, 42.4181321], [22.0360702, 42.418102600000005],
     [22.0361227, 42.4180688], [22.0361562, 42.418043000000004],
     [22.036187100000003, 42.4180154], [22.0362081, 42.4179984],
     [22.036234, 42.4179857], [22.0362665, 42.417977400000005],
     [22.036300800000003, 42.4179757], [22.0363346, 42.4179807],
     [22.0364003, 42.4180154], [22.0364647, 42.418046100000005],
     [22.0364878, 42.4180494], [22.0365112, 42.4180477],
     [22.0365331, 42.4180411],
     [22.036552200000003, 42.418029600000004],
     [22.0365657, 42.418014400000004],
     [22.036572500000002, 42.417996900000006],
     [22.036571900000002, 42.417978700000006],
     [22.0365371, 42.417742100000005], [22.0365156, 42.4174669],
     [22.0365022, 42.4172134]]}},
  {"type":"Feature",
   "properties":{},
   "geometry":
   {"type":"LineString",
    "coordinates":
    [[22.0365022, 42.4172134], [22.0365024, 42.417170600000006],
     [22.0364942, 42.4171283], [22.0364782, 42.4170883],
     [22.0364548, 42.4170505], [22.0364244, 42.417015400000004],
     [22.0363858, 42.416993600000005],
     [22.036351200000002, 42.4169684], [22.0363212, 42.4169402],
     [22.0362873, 42.4168955], [22.0362648, 42.416847100000005],
     [22.036255800000003, 42.4168085],
     [22.036254000000003, 42.416769300000006],
     [22.0362595, 42.416730300000005],
     [22.0362593, 42.416687200000005],
     [22.0362525, 42.416644500000004],
     [22.036239400000003, 42.4166025],
     [22.0361844, 42.416434200000005],
     [22.0361549, 42.416312500000004]]}},
  {"type":"Feature",
   "properties":{},
   "geometry":
   {"type":"LineString",
    "coordinates":
    [[22.0361549, 42.416312500000004],
     [22.0363076, 42.416004400000006],
     [22.036464300000002, 42.4156959], [22.0363839, 42.4147498],
     [22.0364, 42.414545100000005], [22.0365205, 42.4138303],
     [22.036621, 42.413495100000006], [22.036785700000003, 42.4130769],
     [22.0370107, 42.412724000000004], [22.0371834, 42.412629],
     [22.037364200000003, 42.412551900000004],
     [22.0374486, 42.4124896], [22.0374164, 42.412258300000005],
     [22.037324, 42.4120536], [22.0370066, 42.4118104],
     [22.0369464, 42.411724400000004],
     [22.0369102, 42.411626500000004], [22.0369062, 42.4113388],
     [22.0369986, 42.411235000000005], [22.037091, 42.411157800000005],
     [22.0371874, 42.4110214], [22.0372196, 42.4108256],
     [22.0372075, 42.410576500000005],
     [22.0373361, 42.410327300000006],
     [22.037307900000002, 42.4101434],
     [22.037235600000002, 42.409968400000004],
     [22.0372276, 42.4098379], [22.037312, 42.4097044],
     [22.0374887, 42.409505700000004], [22.0376735, 42.4093603],
     [22.0376575, 42.409161600000004],
     [22.0376856, 42.409040000000005],
     [22.037757900000003, 42.4089777],
     [22.0378744, 42.408945100000004],
     [22.037937200000002, 42.408895300000005]]}},
  {"type":"Feature",
   "properties":{},
   "geometry":
   {"type":"LineString",
    "coordinates":
    [[22.0270343, 42.386328000000006], [22.0270039, 42.3863591],
     [22.026979, 42.3863928], [22.026960000000003, 42.386428200000005],
     [22.026947, 42.386465], [22.0269401, 42.3865027],
     [22.0269398, 42.3865378], [22.0269452, 42.3865726],
     [22.0269562, 42.3866067], [22.027058200000003, 42.3867939],
     [22.0271373, 42.386880100000006],
     [22.027201700000003, 42.386955400000005],
     [22.0272229, 42.3869983], [22.027237900000003, 42.3870426],
     [22.0272475, 42.387101300000005],
     [22.0272459, 42.387160400000006], [22.0272459, 42.3873833],
     [22.0272399, 42.387450400000006],
     [22.027241500000002, 42.387517700000004],
     [22.0272507, 42.387584600000004],
     [22.027267400000003, 42.3876508],
     [22.027294100000002, 42.3877217], [22.0273295, 42.3877906],
     [22.0273733, 42.3878568], [22.0274353, 42.3879199],
     [22.0275061, 42.3879776], [22.027563100000002, 42.3880162],
     [22.027624000000003, 42.3880512],
     [22.0276885, 42.388082600000004],
     [22.0277843, 42.388133700000004], [22.0278764, 42.3881882],
     [22.027964700000002, 42.3882461],
     [22.028064800000003, 42.3883042], [22.0281695, 42.3883578],
     [22.0282784, 42.3884065], [22.0283912, 42.3884501],
     [22.0285836, 42.3884595],
     [22.028771900000002, 42.388535100000006],
     [22.0288311, 42.388584900000005], [22.028885900000002, 42.38864],
     [22.028934000000003, 42.3886984], [22.0289748, 42.3887598],
     [22.0290082, 42.3888236], [22.0290423, 42.3888934],
     [22.0290679, 42.3889653], [22.0290846, 42.389038500000005],
     [22.0290921, 42.3891068], [22.0290919, 42.389175200000004],
     [22.029084, 42.389243400000005], [22.0290685, 42.389310900000005],
     [22.0290229, 42.389677400000004], [22.0290253, 42.3897678],
     [22.0290338, 42.389858000000004], [22.0290484, 42.3899478],
     [22.0290772, 42.3900659], [22.029116600000002, 42.3901823],
     [22.0291664, 42.390296500000005],
     [22.0293193, 42.391121500000004], [22.029499, 42.391463200000004],
     [22.029559000000003, 42.3915936],
     [22.0296156, 42.391724700000005],
     [22.029671800000003, 42.391864000000005],
     [22.0296956, 42.391934500000005], [22.0297243, 42.392004],
     [22.029763300000003, 42.392082900000005],
     [22.0298085, 42.3921599],
     [22.029859700000003, 42.392234800000004],
     [22.0299142, 42.392327900000005],
     [22.029960300000003, 42.3924235], [22.0299979, 42.3925211],
     [22.0300033, 42.392565600000005], [22.0300046, 42.3926102],
     [22.0300011, 42.3926594], [22.029992500000002, 42.3927083],
     [22.029990700000003, 42.3927618], [22.0299938, 42.3928152],
     [22.0300052, 42.3928846],
     [22.030024700000002, 42.392952900000004],
     [22.030072500000003, 42.393042300000005],
     [22.0301253, 42.3931302],
     [22.030208400000003, 42.393252000000004], [22.0302325, 42.39336],
     [22.030245, 42.3934465], [22.0302513, 42.3935333],
     [22.0302741, 42.3935967], [22.030305000000002, 42.3936581],
     [22.030352, 42.393728200000005],
     [22.030409600000002, 42.393793800000005],
     [22.030491100000003, 42.393901], [22.030563800000003, 42.3940117],
     [22.030617200000002, 42.394105700000004],
     [22.030664100000003, 42.3942015], [22.0307046, 42.3942989],
     [22.0307558, 42.394440800000005],
     [22.030798500000003, 42.394584200000004],
     [22.030813600000002, 42.3946503], [22.0308351, 42.3947154],
     [22.030862900000002, 42.3947793], [22.0309014, 42.3948489],
     [22.030947400000002, 42.394916], [22.0309899, 42.3949639],
     [22.031022500000002, 42.395016000000005],
     [22.031043800000003, 42.395069500000005],
     [22.0310546, 42.395124700000004], [22.0310546, 42.3951804],
     [22.0310697, 42.3952595], [22.0310944, 42.3953373],
     [22.0311284, 42.3954132], [22.031169000000002, 42.3954825],
     [22.031217400000003, 42.395549], [22.0312732, 42.3956122],
     [22.031325300000002, 42.395678200000006],
     [22.0313868, 42.395739500000005], [22.031457, 42.395795500000006],
     [22.0315268, 42.3958406],
     [22.031602300000003, 42.395880500000004],
     [22.0316827, 42.395914700000006],
     [22.031767300000002, 42.3959429], [22.0318553, 42.3959648],
     [22.0320179, 42.3960123], [22.0321758, 42.396067800000004],
     [22.0322888, 42.396099], [22.0323989, 42.396135400000006],
     [22.0325057, 42.3961768], [22.0326053, 42.3962213],
     [22.0327011, 42.396270200000004],
     [22.0327927, 42.396323300000006],
     [22.0328814, 42.396376700000005], [22.0329659, 42.3964335],
     [22.0330462, 42.3964937], [22.0331316, 42.3965656],
     [22.033210800000003, 42.396641300000006],
     [22.0332836, 42.3967205], [22.033405600000002, 42.396861],
     [22.033537000000003, 42.396996800000004],
     [22.0336669, 42.3971183], [22.0338043, 42.397235300000006],
     [22.0338791, 42.3972895], [22.0339487, 42.3973474],
     [22.0340104, 42.3974059], [22.0340668, 42.3974672],
     [22.034083300000002, 42.3975092],
     [22.034092700000002, 42.3975523], [22.034094900000003, 42.397596],
     [22.0340893, 42.3976428], [22.0340753, 42.3976886],
     [22.0340534, 42.397732700000006], [22.0340369, 42.397807],
     [22.0340284, 42.397882100000004],
     [22.0340279, 42.397957500000004],
     [22.0340373, 42.398044600000006],
     [22.034057500000003, 42.3981306], [22.034088200000003, 42.398215],
     [22.0341463, 42.3983669], [22.034207600000002, 42.398518],
     [22.034243800000002, 42.3986706],
     [22.0342446, 42.398720100000006],
     [22.0342388, 42.398769400000006], [22.0342264, 42.3988181],
     [22.034206400000002, 42.398868], [22.034179400000003, 42.398916],
     [22.034145900000002, 42.3989617],
     [22.034132300000003, 42.399007000000005],
     [22.0341269, 42.3990531],
     [22.034129800000002, 42.399099400000004], [22.034141, 42.3991454],
     [22.0341603, 42.3991899], [22.0341875, 42.399232100000006],
     [22.0342166, 42.399281], [22.034239900000003, 42.399331700000005],
     [22.034257200000003, 42.3993836], [22.0342689, 42.3994403],
     [22.0342734, 42.399497600000004],
     [22.034270600000003, 42.399554900000005],
     [22.034270600000003, 42.3997827],
     [22.0342905, 42.399850400000005],
     [22.034318300000002, 42.399916600000005],
     [22.0343538, 42.3999808], [22.0344027, 42.4000502],
     [22.0344605, 42.4001158],
     [22.034526800000002, 42.400176900000005],
     [22.034587400000003, 42.4002542],
     [22.034640800000002, 42.400334300000004],
     [22.0346902, 42.4004242], [22.0347306, 42.4005166],
     [22.034866100000002, 42.4009206], [22.0348845, 42.4009839],
     [22.034892900000003, 42.4010484],
     [22.034892000000003, 42.4011045],
     [22.034883500000003, 42.4011603], [22.0348989, 42.4012333],
     [22.0349237, 42.4013049], [22.0349635, 42.401384500000006],
     [22.0350149, 42.401460400000005],
     [22.035189300000003, 42.4017367],
     [22.0352339, 42.401815400000004],
     [22.035270200000003, 42.401896400000005],
     [22.0352979, 42.4019793], [22.0353141, 42.4020481],
     [22.0353244, 42.4021175], [22.0353287, 42.4021872],
     [22.0353438, 42.4022608], [22.0353694, 42.4023327],
     [22.035405200000003, 42.4024021], [22.0355004, 42.4026487],
     [22.035601, 42.4029636], [22.035733800000003, 42.403303300000005],
     [22.0357847, 42.403446900000006],
     [22.035798500000002, 42.4035066],
     [22.0358075, 42.403566700000006], [22.0358121, 42.4036569],
     [22.0358062, 42.403747], [22.0357913, 42.403859000000004],
     [22.035772700000003, 42.4039708],
     [22.0357558, 42.404021500000006],
     [22.035745000000002, 42.404073100000005],
     [22.035740500000003, 42.404125300000004], [22.0357427, 42.404183],
     [22.035752600000002, 42.404240300000005],
     [22.035770000000003, 42.4042966], [22.035807600000002, 42.404392],
     [22.035838400000003, 42.4044887],
     [22.035866300000002, 42.404607000000006],
     [22.035884000000003, 42.4047264],
     [22.035918900000002, 42.404813100000005],
     [22.035959100000003, 42.404898700000004],
     [22.036004700000003, 42.404983200000004],
     [22.0360556, 42.405066000000005], [22.0360711, 42.4051217],
     [22.0360824, 42.405177900000005],
     [22.0360918, 42.405262400000005], [22.0360918, 42.4053473],
     [22.0360744, 42.405700800000005],
     [22.036087700000003, 42.4057453],
     [22.036110700000002, 42.405787600000004],
     [22.0361428, 42.4058265], [22.036181300000003, 42.4058598],
     [22.0362264, 42.4058882], [22.036277100000003, 42.4059109],
     [22.0363319, 42.405927500000004],
     [22.0364235, 42.405954300000005], [22.0365116, 42.405987],
     [22.036606000000003, 42.4060306], [22.036694, 42.406081],
     [22.036752200000002, 42.4061091], [22.0368147, 42.4061315],
     [22.036881400000002, 42.406148300000005],
     [22.036950400000002, 42.4061588],
     [22.0370206, 42.406162800000004], [22.037091, 42.4061603],
     [22.037133400000002, 42.4061826],
     [22.037168700000002, 42.406210800000004],
     [22.037195500000003, 42.4062436],
     [22.037212800000002, 42.406279700000006],
     [22.0372197, 42.4063177], [22.037243800000002, 42.4066217],
     [22.037248400000003, 42.4066874],
     [22.037260500000002, 42.406752600000004],
     [22.0372801, 42.4068168], [22.037306, 42.406877800000004],
     [22.037338700000003, 42.406937], [22.037378, 42.406994000000005],
     [22.0375228, 42.4071663], [22.037536900000003, 42.4072024],
     [22.037542900000002, 42.407239600000004],
     [22.037541400000002, 42.407272000000006],
     [22.037533800000002, 42.4073039],
     [22.037520100000002, 42.4073347],
     [22.0375091, 42.407403300000006], [22.0375054, 42.4074723],
     [22.0375102, 42.4075531], [22.037525000000002, 42.4076332],
     [22.037549600000002, 42.407712000000004],
     [22.037658200000003, 42.4078724],
     [22.0377267, 42.407952800000004],
     [22.037784300000002, 42.4080377],
     [22.0378186, 42.408101200000004],
     [22.0378469, 42.408166400000006],
     [22.037868800000002, 42.4082328],
     [22.0378873, 42.408283700000005],
     [22.0379131, 42.408332800000004],
     [22.0379432, 42.408376600000004],
     [22.0379791, 42.408418000000005],
     [22.038020300000003, 42.4084566],
     [22.038041200000002, 42.4085192],
     [22.038049800000003, 42.408583300000004],
     [22.0380466, 42.4086447], [22.0380322, 42.408705100000006],
     [22.038006900000003, 42.4087636],
     [22.037937200000002, 42.408895300000005]]}},
  {"type":"Feature",
   "properties":{},
   "geometry":
   {"type":"LineString",
    "coordinates":
    [[22.0270343, 42.386328000000006],
     [22.0269991, 42.386191700000005], [22.0269294, 42.3858559],
     [22.0268784, 42.385615200000004], [22.026861, 42.385208000000006],
     [22.0268583, 42.385053500000005], [22.0268288, 42.3849673],
     [22.0267805, 42.3848901],
     [22.026677300000003, 42.384831600000005],
     [22.0264372, 42.3847801],
     [22.026187800000002, 42.384765300000005],
     [22.026021500000002, 42.3847662],
     [22.025872600000003, 42.384784100000005],
     [22.025715700000003, 42.3848178],
     [22.024971400000002, 42.3849849], [22.0247059, 42.3850446],
     [22.0245007, 42.385104000000005], [22.024338, 42.385157400000004],
     [22.0242271, 42.3852071], [22.0240796, 42.3852932],
     [22.0238583, 42.3854557], [22.0235619, 42.3856875],
     [22.0231233, 42.3860851], [22.022908, 42.3863034],
     [22.022717500000002, 42.386552200000004],
     [22.0225382, 42.3867046], [22.0221632, 42.386872800000006],
     [22.0210165, 42.387206600000006],
     [22.020705300000003, 42.3872549],
     [22.0204281, 42.387249100000005],
     [22.019322300000002, 42.3870468],
     [22.019077300000003, 42.387021600000004],
     [22.0188218, 42.387014300000004], [22.0186324, 42.3869768],
     [22.018129100000003, 42.3868305],
     [22.0179629, 42.386812000000006],
     [22.017787000000002, 42.386834500000006],
     [22.0172324, 42.3870043], [22.016973, 42.3871192],
     [22.0161345, 42.387644800000004],
     [22.015974500000002, 42.387853500000006],
     [22.0158983, 42.388002400000005], [22.0157442, 42.3883032],
     [22.0155551, 42.388413], [22.0153184, 42.388403000000004],
     [22.015120600000003, 42.388302800000005],
     [22.014660900000003, 42.387888600000004],
     [22.014331000000002, 42.3877186], [22.0140055, 42.3876478],
     [22.0131175, 42.3875169], [22.0129534, 42.3874737],
     [22.012832200000002, 42.3874306], [22.0127132, 42.387372],
     [22.012390800000002, 42.3871933],
     [22.0121059, 42.387042400000006],
     [22.011842100000003, 42.3869357], [22.0115354, 42.3868231],
     [22.011191200000003, 42.3867075], [22.0108442, 42.3865721],
     [22.010637300000003, 42.3864889],
     [22.010569800000003, 42.386451400000006],
     [22.01048, 42.386391800000006], [22.0104055, 42.386322400000005],
     [22.0103204, 42.386245], [22.010260000000002, 42.386157600000004],
     [22.010205600000003, 42.386106000000005],
     [22.0100896, 42.3859197], [22.0100169, 42.385801900000004],
     [22.0099737, 42.385735600000004],
     [22.0098686, 42.385620700000004],
     [22.0097457, 42.385473100000006], [22.0095944, 42.3853413],
     [22.0095114, 42.385259500000004], [22.0094618, 42.3851968],
     [22.009417600000003, 42.3851262],
     [22.009362000000003, 42.3850034],
     [22.009301100000002, 42.384844900000004],
     [22.0092481, 42.384728100000004], [22.009149200000003, 42.384517],
     [22.0091174, 42.3844428], [22.009085600000002, 42.3843935],
     [22.009048200000002, 42.384357], [22.0090027, 42.384328800000006],
     [22.008951900000003, 42.3843125], [22.0088683, 42.3842954],
     [22.0087526, 42.3842902], [22.008531700000002, 42.3843175],
     [22.0084112, 42.3843374]]}},
  {"type":"Feature",
   "properties":{},
   "geometry":
   {"type":"LineString",
    "coordinates":
    [[22.0084112, 42.3843374], [22.0080494, 42.384389500000005],
     [22.0078995, 42.3844055], [22.007787200000003, 42.3844294],
     [22.0076937, 42.3844494], [22.0076056, 42.3844773],
     [22.007471300000002, 42.3845304],
     [22.007305000000002, 42.3846184], [22.0071654, 42.3847024],
     [22.0070911, 42.384759800000005],
     [22.0070221, 42.384835100000004],
     [22.0069899, 42.384877100000004],
     [22.0069498, 42.384942900000006],
     [22.0067583, 42.385563700000006], [22.0067118, 42.3856441],
     [22.0066652, 42.3857006], [22.0065989, 42.3857781],
     [22.0065253, 42.385857800000004], [22.005986, 42.3863557],
     [22.0058271, 42.386514600000005], [22.0056948, 42.3866779],
     [22.005629000000003, 42.386774300000006],
     [22.005552100000003, 42.3869161],
     [22.005475200000003, 42.3870738],
     [22.005342900000002, 42.3873495],
     [22.005307100000003, 42.387416300000005]]}},
  {"type":"Feature",
   "properties":{},
   "geometry":
   {"type":"LineString",
    "coordinates":
    [[22.005307100000003, 42.387416300000005],
     [22.0052069, 42.3875028]]}},
  {"type":"Feature",
   "properties":{},
   "geometry":
   {"type":"LineString",
    "coordinates":
    [[22.0052069, 42.3875028], [22.0050762, 42.3876482],
     [22.0049958, 42.3877679], [22.0049476, 42.3878678],
     [22.0048995, 42.3880002], [22.0048856, 42.3880883],
     [22.0048797, 42.3881942],
     [22.004903300000002, 42.388560500000004],
     [22.004934600000002, 42.3890467], [22.004926, 42.3891171],
     [22.0049174, 42.389171700000006], [22.004884200000003, 42.389257],
     [22.0048499, 42.3893247], [22.0047919, 42.3894084],
     [22.004713600000002, 42.3895047],
     [22.004500800000002, 42.3897619],
     [22.0043013, 42.390005300000006], [22.0041733, 42.3901137],
     [22.004029900000003, 42.390223500000005],
     [22.003890300000002, 42.390329900000005],
     [22.0037668, 42.3904085], [22.0036431, 42.390482500000005],
     [22.0035011, 42.390557300000005],
     [22.003402100000002, 42.3906003], [22.0032254, 42.3906587],
     [22.0030116, 42.3907121], [22.0028386, 42.3907259],
     [22.002676400000002, 42.3907278],
     [22.0024537, 42.390719700000005], [22.002059900000003, 42.390684],
     [22.0017089, 42.390644300000005],
     [22.0010024, 42.390523900000005],
     [22.0007372, 42.390457000000005],
     [22.000647500000003, 42.390423500000004],
     [22.0005659, 42.390390000000004], [22.0005038, 42.3903491],
     [22.0002432, 42.3900902], [21.9999313, 42.389746900000006],
     [21.999665500000003, 42.3894552], [21.9995245, 42.3892509],
     [21.999434500000003, 42.389090200000005],
     [21.9993768, 42.3889556], [21.9993506, 42.3888387],
     [21.999340500000002, 42.388743600000005],
     [21.9993452, 42.3886472], [21.9993932, 42.388426700000004],
     [21.999454500000002, 42.3882101],
     [21.999471200000002, 42.3881084],
     [21.999477000000002, 42.3880345], [21.9994674, 42.3879262],
     [21.999442700000003, 42.3878524],
     [21.999398600000003, 42.387764100000005],
     [21.999342600000002, 42.3876787], [21.9992468, 42.3875733],
     [21.999108200000002, 42.387468600000005],
     [21.998996400000003, 42.387395600000005],
     [21.998783500000002, 42.387265500000005],
     [21.998593900000003, 42.387167600000005],
     [21.9984667, 42.3871224], [21.9983471, 42.387092900000006],
     [21.998238200000003, 42.3870793], [21.9980541, 42.3870835],
     [21.997956000000002, 42.3870957],
     [21.997597000000003, 42.3871484],
     [21.9974473, 42.387155500000006],
     [21.997290900000003, 42.3871442], [21.997156, 42.3871229],
     [21.9969292, 42.387084300000005], [21.9966908, 42.387027],
     [21.996243200000002, 42.3868944], [21.9957393, 42.3867381],
     [21.9956055, 42.386692700000005],
     [21.995528200000003, 42.3866591], [21.995401, 42.3865769],
     [21.9953296, 42.3865247], [21.9952583, 42.3864645],
     [21.995110200000003, 42.3863283],
     [21.994398500000003, 42.385353200000004],
     [21.9943744, 42.385284000000006], [21.994343500000003, 42.385176],
     [21.9943154, 42.3850305],
     [21.994293300000002, 42.384932400000004],
     [21.9942581, 42.384851700000006], [21.9941922, 42.3847697],
     [21.9941344, 42.3847274], [21.9940631, 42.384688100000005],
     [21.9939658, 42.3846545], [21.9938849, 42.3846378],
     [21.9938265, 42.3846276],
     [21.993757300000002, 42.384633300000004],
     [21.9936726, 42.3846487], [21.9935712, 42.384686900000005],
     [21.9934967, 42.384725], [21.9933744, 42.3848013],
     [21.993048, 42.3849839], [21.9929266, 42.385059500000004],
     [21.992503300000003, 42.385323], [21.992341, 42.385425000000005],
     [21.9922337, 42.385474200000004],
     [21.9921559, 42.385508200000004],
     [21.992027200000003, 42.3855379], [21.9919078, 42.3855458],
     [21.991783100000003, 42.3855458], [21.9915792, 42.3855389],
     [21.991167500000003, 42.3854993],
     [21.990546600000002, 42.3854478], [21.990293100000002, 42.38542],
     [21.9901389, 42.3854042],
     [21.990012800000002, 42.385379400000005], [21.989868, 42.3853408],
     [21.9892928, 42.385137300000004], [21.988885, 42.384949000000006],
     [21.9886811, 42.3848488],
     [21.988611300000002, 42.384820100000006],
     [21.9885567, 42.3848101], [21.9884865, 42.3848032],
     [21.9884138, 42.3848057],
     [21.988359900000003, 42.384820100000006],
     [21.988293900000002, 42.3848569], [21.9880992, 42.3850047],
     [21.9879782, 42.385091200000005], [21.987878600000002, 42.38515],
     [21.9877386, 42.3852161],
     [21.987605300000002, 42.385261500000006],
     [21.987498900000002, 42.385295], [21.9873344, 42.3853383],
     [21.987125900000002, 42.385364100000004],
     [21.9869604, 42.385374000000006],
     [21.986736500000003, 42.385374000000006],
     [21.986585100000003, 42.385366100000006],
     [21.9864712, 42.385358200000006], [21.9862782, 42.3853226],
     [21.9855637, 42.385054800000006],
     [21.984900200000002, 42.384828600000006],
     [21.984749800000003, 42.384793],
     [21.984620800000002, 42.384773200000005],
     [21.9832213, 42.3846816], [21.983091, 42.384666800000005],
     [21.9830486, 42.384661300000005]]}},
  {"type":"Feature",
   "properties":{},
   "geometry":
   {"type":"LineString",
    "coordinates":
    [[21.9830486, 42.384661300000005],
     [21.982976700000002, 42.384652]]}},
  {"type":"Feature",
   "properties":{},
   "geometry":
   {"type":"LineString",
    "coordinates":
    [[21.982976700000002, 42.384652], [21.9828303, 42.3846184],
     [21.982721400000003, 42.3845887], [21.9826547, 42.3845666],
     [21.9825504, 42.384516700000006],
     [21.982427700000002, 42.3844446],
     [21.981104900000002, 42.3835217]]}},
  {"type":"Feature",
   "properties":{},
   "geometry":
   {"type":"LineString",
    "coordinates":
    [[21.981104900000002, 42.3835217], [21.9802584, 42.3829354],
     [21.9800122, 42.3827651], [21.9798797, 42.38268],
     [21.979763300000002, 42.382606700000004],
     [21.979672500000003, 42.3825559],
     [21.979565700000002, 42.3825012],
     [21.979378800000003, 42.382419500000005],
     [21.9783763, 42.3820544], [21.9774114, 42.381727000000005],
     [21.977053100000003, 42.381635100000004],
     [21.976898600000002, 42.3816026],
     [21.9767289, 42.381580400000004], [21.9766692, 42.381566],
     [21.9762093, 42.3815137], [21.975883900000003, 42.3814693],
     [21.9756176, 42.381421], [21.9753486, 42.381370600000004],
     [21.975093100000002, 42.381320300000006],
     [21.9746957, 42.3812069], [21.9745104, 42.381162],
     [21.9743755, 42.381137], [21.9742944, 42.381131700000005],
     [21.974212400000003, 42.381137], [21.974127900000003, 42.3811491],
     [21.974075600000003, 42.3811612], [21.973987, 42.3811854],
     [21.973898000000002, 42.381201600000004],
     [21.973807700000002, 42.3812069]]}},
  {"type":"Feature",
   "properties":{},
   "geometry":
   {"type":"LineString",
    "coordinates":
    [[21.973807700000002, 42.3812069], [21.9737613, 42.3812067]]}},
  {"type":"Feature",
   "properties":{},
   "geometry":
   {"type":"LineString",
    "coordinates":
    [[21.9737613, 42.3812067], [21.9737222, 42.381206600000006]]}},
  {"type":"Feature",
   "properties":{},
   "geometry":
   {"type":"LineString",
    "coordinates":
    [[21.9737222, 42.381206600000006],
     [21.973634500000003, 42.3811921], [21.9732555, 42.381067],
     [21.9731261, 42.3810191], [21.972985700000002, 42.3809671],
     [21.972689000000003, 42.3808473],
     [21.9723897, 42.380747400000004],
     [21.972242700000002, 42.3807094]]}},
  {"type":"Feature",
   "properties":{},
   "geometry":
   {"type":"LineString",
    "coordinates":
    [[21.972242700000002, 42.3807094], [21.9719826, 42.3805374],
     [21.9713579, 42.380417], [21.969679000000003, 42.379434700000004],
     [21.969052700000002, 42.3788119],
     [21.968952100000003, 42.378624300000006],
     [21.9688093, 42.378393100000004],
     [21.9674604, 42.377367400000004],
     [21.9667882, 42.376931000000006]]}},
  {"type":"Feature",
   "properties":{},
   "geometry":
   {"type":"LineString",
    "coordinates":
    [[21.9667882, 42.376931000000006],
     [21.966571700000003, 42.3768222], [21.966231, 42.376612200000004],
     [21.9660486, 42.376491300000005], [21.9657254, 42.3762139],
     [21.965280200000002, 42.375790900000005],
     [21.9646016, 42.3750439], [21.964354800000002, 42.3747605],
     [21.9635475, 42.3735003], [21.9633678, 42.373256600000005],
     [21.963265800000002, 42.373044500000006],
     [21.9630593, 42.372483800000005],
     [21.962903700000002, 42.3720161],
     [21.9628577, 42.371882400000004], [21.962783, 42.371665400000005],
     [21.9626999, 42.3715148], [21.9625577, 42.3713642],
     [21.9623914, 42.3712433], [21.9621634, 42.3710867],
     [21.961602900000003, 42.370849], [21.9614285, 42.370741900000006],
     [21.9606882, 42.370030500000006],
     [21.960607800000002, 42.369915600000006], [21.960538, 42.3697828],
     [21.9604576, 42.3695431],
     [21.960213500000002, 42.369076400000004],
     [21.960165200000002, 42.3689654],
     [21.960153100000003, 42.3689119],
     [21.960146400000003, 42.3688287],
     [21.960119600000002, 42.3687752],
     [21.960076700000002, 42.3687345],
     [21.959339500000002, 42.368508600000006],
     [21.958985000000002, 42.3683719],
     [21.958802600000002, 42.3682688],
     [21.9585586, 42.368078600000004],
     [21.9584432, 42.367965600000005], [21.9582395, 42.3678413],
     [21.9575469, 42.367585500000004],
     [21.9569969, 42.367284500000004],
     [21.956358700000003, 42.3667627], [21.9558494, 42.3665219],
     [21.955530300000003, 42.3663213],
     [21.955184000000003, 42.3662159],
     [21.9550686, 42.365950000000005], [21.9551297, 42.3657142]]}},
  {"type":"Feature",
   "properties":{},
   "geometry":
   {"type":"LineString",
    "coordinates":
    [[21.9551297, 42.3657142], [21.9555031, 42.365358],
     [21.9552994, 42.365067], [21.9548445, 42.3647359],
     [21.9541112, 42.3641489], [21.952950100000002, 42.3633061],
     [21.952142000000002, 42.3627793],
     [21.9514834, 42.362197300000005],
     [21.950960600000002, 42.361675500000004],
     [21.950824800000003, 42.360943000000006],
     [21.9507501, 42.3602355],
     [21.950661800000002, 42.360039900000004],
     [21.950315500000002, 42.360039900000004], [21.9502117, 42.359723],
     [21.9498266, 42.3596385], [21.949690500000003, 42.3594986]]}},
  {"type":"Feature",
   "properties":{},
   "geometry":
   {"type":"LineString",
    "coordinates":
    [[21.949690500000003, 42.3594986], [21.9494532, 42.3592236],
     [21.949393, 42.359126800000006], [21.9493647, 42.359056200000005],
     [21.9493435, 42.3589307], [21.949290400000002, 42.3588104],
     [21.9491063, 42.3586613], [21.9490391, 42.358637800000004],
     [21.9489258, 42.3586194], [21.9488232, 42.358588100000006],
     [21.9486427, 42.358491300000004],
     [21.9482675, 42.358248100000004],
     [21.948154300000002, 42.3581304],
     [21.9477756, 42.357630900000004],
     [21.9476942, 42.357544600000004],
     [21.947602200000002, 42.3575001], [21.9475172, 42.3574792],
     [21.947442900000002, 42.3574818], [21.9473898, 42.3575053],
     [21.946947400000003, 42.357895], [21.9468979, 42.357929000000006],
     [21.9467457, 42.3579735], [21.9466395, 42.3580127],
     [21.9463818, 42.3581294],
     [21.946214400000002, 42.358226900000005],
     [21.946061800000003, 42.3583562],
     [21.945937100000002, 42.3584443], [21.9457586, 42.3586225],
     [21.945684500000002, 42.358753], [21.945635600000003, 42.3587902],
     [21.94556, 42.3588201], [21.9454259, 42.3589132],
     [21.944919000000002, 42.3590936],
     [21.9445488, 42.359188700000004], [21.9444228, 42.3592026],
     [21.9442726, 42.359188700000004],
     [21.944173300000003, 42.359151100000005],
     [21.9441063, 42.359113400000005],
     [21.944058000000002, 42.3591015],
     [21.943921200000002, 42.359113400000005],
     [21.9438622, 42.359121300000005],
     [21.943768300000002, 42.3591094],
     [21.943703900000003, 42.3590718],
     [21.943282800000002, 42.3588339],
     [21.943207700000002, 42.3587269],
     [21.9430978, 42.358655600000006],
     [21.9430039, 42.358570300000004], [21.9429717, 42.3585148],
     [21.942936800000002, 42.3584613], [21.9428242, 42.3584138],
     [21.9427249, 42.358364200000004], [21.9426981, 42.3583147],
     [21.9426123, 42.3579044], [21.942615, 42.3578271],
     [21.9425962, 42.3577736], [21.942564, 42.3577359],
     [21.9425023, 42.3577121], [21.9424272, 42.3576963],
     [21.9423333, 42.357708200000005], [21.9421375, 42.3577716],
     [21.9420812, 42.357769600000005], [21.9420463, 42.3577438],
     [21.9420544, 42.3577121], [21.9421992, 42.3575278],
     [21.9422287, 42.357472300000005], [21.9422555, 42.3573613],
     [21.9422958, 42.3572781], [21.9423548, 42.3571928],
     [21.9424353, 42.3571393], [21.9425184, 42.357068000000005],
     [21.942542500000002, 42.3570204], [21.9425506, 42.3569411],
     [21.9425479, 42.3568816], [21.9425345, 42.356735],
     [21.942513, 42.3566775], [21.9424567, 42.3566517],
     [21.9423977, 42.3566577], [21.9422207, 42.3567033]]}},
  {"type":"Feature",
   "properties":{},
   "geometry":
   {"type":"LineString",
    "coordinates":
    [[21.9422207, 42.3567033], [21.941714400000002, 42.3568754],
     [21.9415355, 42.356939100000005],
     [21.941196700000003, 42.3570597],
     [21.9409795, 42.357146900000004],
     [21.940893600000003, 42.3571984], [21.940494, 42.35747],
     [21.9404323, 42.357507600000005], [21.9403599, 42.3575156],
     [21.940260600000002, 42.3575275],
     [21.9401909, 42.357559200000004],
     [21.9401453, 42.357598800000005], [21.9400836, 42.3576107],
     [21.9399978, 42.357583000000005],
     [21.9398942, 42.357538600000005],
     [21.939820700000002, 42.3575314]]}},
  {"type":"Feature",
   "properties":{},
   "geometry":
   {"type":"LineString",
    "coordinates":
    [[21.939820700000002, 42.3575314],
     [21.939632500000002, 42.3574063],
     [21.9395929, 42.357344000000005],
     [21.9396112, 42.357306300000005], [21.9396919, 42.3571639],
     [21.9397336, 42.3569821]]}},
  {"type":"Feature",
   "properties":{},
   "geometry":
   {"type":"LineString",
    "coordinates":
    [[21.9397336, 42.3569821], [21.939722800000002, 42.3569424],
     [21.939738900000002, 42.3569028],
     [21.9397953, 42.356847300000005], [21.9398543, 42.3568294],
     [21.9400528, 42.3567799], [21.940117100000002, 42.3567521],
     [21.940144, 42.3567224], [21.9401493, 42.356663000000005],
     [21.9401359, 42.3564747], [21.940117100000002, 42.3564311],
     [21.9399994, 42.3562546]]}},
  {"type":"Feature",
   "properties":{},
   "geometry":
   {"type":"LineString",
    "coordinates":
    [[21.9399994, 42.3562546], [21.939843500000002, 42.3560208],
     [21.939814000000002, 42.3559415],
     [21.9398006, 42.355854300000004],
     [21.939797900000002, 42.3557294], [21.93984, 42.355372800000005],
     [21.9398543, 42.355251700000004], [21.9398704, 42.3551645],
     [21.939857, 42.3550297], [21.9398355, 42.354887000000005],
     [21.9398114, 42.3548394]]}},
  {"type":"Feature",
   "properties":{},
   "geometry":
   {"type":"LineString",
    "coordinates":
    [[21.9398114, 42.3548394], [21.9397711, 42.3547403],
     [21.9397711, 42.3546551], [21.939755, 42.3545936],
     [21.9397336, 42.3545302], [21.939677200000002, 42.3544965],
     [21.9396156, 42.3544311]]}},
  {"type":"Feature",
   "properties":{},
   "geometry":
   {"type":"LineString",
    "coordinates":
    [[21.9396156, 42.3544311], [21.9395539, 42.3543419]]}},
  {"type":"Feature",
   "properties":{},
   "geometry":
   {"type":"LineString",
    "coordinates":
    [[21.9395539, 42.3543419], [21.9395083, 42.3542349],
     [21.9394922, 42.3541338], [21.9394788, 42.3540882],
     [21.9394412, 42.354048600000006],
     [21.9392508, 42.353957400000006],
     [21.9390952, 42.353850300000005], [21.9390255, 42.3538067],
     [21.9389235, 42.353721500000006],
     [21.938861900000003, 42.3536323], [21.9388082, 42.3536006],
     [21.9387036, 42.3535392], [21.938298600000003, 42.3531923],
     [21.9382181, 42.3531229], [21.938043800000003, 42.3530099],
     [21.937984800000002, 42.352964300000004],
     [21.937939200000002, 42.3529148],
     [21.937912400000002, 42.352865200000004]]}},
  {"type":"Feature",
   "properties":{},
   "geometry":
   {"type":"LineString",
    "coordinates":
    [[21.937912400000002, 42.352865200000004],
     [21.9377745, 42.3527324], [21.937681, 42.3526303],
     [21.937652500000002, 42.3525852],
     [21.937578600000002, 42.3523628]]}},
  {"type":"Feature",
   "properties":{},
   "geometry":
   {"type":"LineString",
    "coordinates":
    [[21.937578600000002, 42.3523628],
     [21.9375629, 42.352401400000005], [21.9375074, 42.3526382],
     [21.9374889, 42.3526815], [21.937452, 42.352724800000004],
     [21.9373681, 42.3527624],
     [21.937305900000002, 42.352792900000004],
     [21.937146900000002, 42.352865900000005], [21.9370237, 42.352924],
     [21.936988200000002, 42.3529453],
     [21.9368851, 42.353008200000005],
     [21.9368404, 42.353062900000005], [21.9367749, 42.3531107],
     [21.9367024, 42.3531484], [21.936490600000003, 42.3531999],
     [21.9364542, 42.3532108], [21.936351100000003, 42.3532415],
     [21.9361687, 42.353305000000006],
     [21.935852200000003, 42.353374300000006],
     [21.934824900000002, 42.3536439],
     [21.934672000000003, 42.3536816],
     [21.933945100000003, 42.353838200000006], [21.9338137, 42.353858],
     [21.933626, 42.353856], [21.933266500000002, 42.3538501],
     [21.9328535, 42.353830200000004],
     [21.9327328, 42.353814400000005], [21.9326228, 42.3537886],
     [21.932494100000003, 42.353739100000006],
     [21.932389500000003, 42.353669700000005],
     [21.9320193, 42.3533387], [21.9319603, 42.3532633],
     [21.931887900000003, 42.3531959],
     [21.9315928, 42.352892700000005],
     [21.9314453, 42.352748000000005],
     [21.931088600000002, 42.352343600000005], [21.930972, 42.3521791],
     [21.9309136, 42.3520514], [21.9308342, 42.351916800000005],
     [21.930806200000003, 42.3518236], [21.9308109, 42.351765],
     [21.930829600000003, 42.3517115], [21.9308109, 42.3516459],
     [21.9307805, 42.3515924], [21.9307571, 42.351556200000005]]}},
  {"type":"Feature",
   "properties":{},
   "geometry":
   {"type":"LineString",
    "coordinates":
    [[21.9307571, 42.351556200000005], [21.9307315, 42.3515165],
     [21.9306921, 42.3513663]]}},
  {"type":"Feature",
   "properties":{},
   "geometry":
   {"type":"LineString",
    "coordinates":
    [[21.9306921, 42.3513663], [21.9305987, 42.3510098]]}},
  {"type":"Feature",
   "properties":{},
   "geometry":
   {"type":"LineString",
    "coordinates":
    [[21.9305987, 42.3510098], [21.9307413, 42.350795000000005],
     [21.930690700000003, 42.350475200000005],
     [21.9306565, 42.3503041], [21.930503400000003, 42.3500674],
     [21.9303895, 42.3497738], [21.9303111, 42.349467000000004],
     [21.930204800000002, 42.349270700000005], [21.9297745, 42.348601],
     [21.9297492, 42.348472], [21.929746700000003, 42.3483298],
     [21.929863100000002, 42.3482064],
     [21.930004800000003, 42.3482101], [21.9303338, 42.348154],
     [21.9306249, 42.348019300000004], [21.9310602, 42.3476378],
     [21.9311994, 42.3474937], [21.9314499, 42.3468533],
     [21.9314828, 42.3466071], [21.9315424, 42.3465088],
     [21.931601800000003, 42.3464107], [21.9316777, 42.3461002],
     [21.9316718, 42.345991600000005],
     [21.9316625, 42.345933800000005],
     [21.9315269, 42.345801900000005],
     [21.9314727, 42.345743000000006],
     [21.9310602, 42.345690600000005], [21.9306957, 42.3456831],
     [21.930293300000002, 42.3457785], [21.9299314, 42.3458964],
     [21.9293924, 42.3461956], [21.9290077, 42.3463079],
     [21.928478700000003, 42.346349000000004], [21.9280991, 42.346291],
     [21.927312, 42.3462012], [21.926681900000002, 42.3460553],
     [21.9259783, 42.3458253], [21.925593600000003, 42.3457486],
     [21.9249963, 42.345743000000006],
     [21.9245509, 42.345716800000005],
     [21.924518000000003, 42.345694300000005],
     [21.9244902, 42.3455166],
     [21.924525600000003, 42.345301500000005], [21.924599, 42.345049],
     [21.924571200000003, 42.344884400000005], [21.9245054, 42.344774],
     [21.924391500000002, 42.344471000000006],
     [21.924637, 42.344197900000005], [21.9246446, 42.3441362],
     [21.924804, 42.3440202], [21.9250976, 42.343885500000006],
     [21.9253937, 42.3437957], [21.9259884, 42.3436274],
     [21.9261808, 42.3434983],
     [21.926350300000003, 42.343249500000006],
     [21.9262871, 42.342907200000006],
     [21.926089700000002, 42.3427838],
     [21.925942900000003, 42.3426472], [21.9255329, 42.3423704],
     [21.925155800000002, 42.3422843], [21.9248091, 42.3421721],
     [21.9239764, 42.342121600000006], [21.923693, 42.342072900000005],
     [21.9234627, 42.3421141], [21.923093700000003, 42.3421066]]}},
  {"type":"Feature",
   "properties":{},
   "geometry":
   {"type":"LineString",
    "coordinates":
    [[21.9224056, 42.341877700000005], [21.9225083, 42.3419323],
     [21.922906700000002, 42.3420645],
     [21.923093700000003, 42.3421066]]}},
  {"type":"Feature",
   "properties":{},
   "geometry":
   {"type":"LineString",
    "coordinates":
    [[21.917958900000002, 42.3415443], [21.9181485, 42.3415754],
     [21.9182737, 42.341597400000005],
     [21.9183747, 42.341635200000006], [21.9184428, 42.3416769],
     [21.918544400000002, 42.3418031],
     [21.918577000000003, 42.3419413], [21.9185322, 42.3421907],
     [21.9184713, 42.342329], [21.9184875, 42.3423831],
     [21.9185485, 42.342395100000005],
     [21.9186054, 42.342380000000006], [21.9188087, 42.3421517],
     [21.9189063, 42.342034500000004], [21.9196665, 42.3415206],
     [21.919768100000002, 42.341457500000004],
     [21.9198413, 42.341352400000005], [21.919882, 42.3412832],
     [21.9199145, 42.341139000000005], [21.919947, 42.3410609],
     [21.9200161, 42.341048900000004],
     [21.920138100000003, 42.3410669], [21.9203617, 42.341154],
     [21.920569, 42.341202100000004], [21.9211382, 42.341415500000004],
     [21.921565100000002, 42.341514600000004],
     [21.9221505, 42.3416829],
     [21.922264300000002, 42.341770000000004],
     [21.9223782, 42.341863200000006],
     [21.9224056, 42.341877700000005]]}},
  {"type":"Feature",
   "properties":{},
   "geometry":
   {"type":"LineString",
    "coordinates":
    [[21.9176165, 42.3414246], [21.917665500000002, 42.3414579],
     [21.917782300000002, 42.341500800000006], [21.9178964, 42.341534],
     [21.917958900000002, 42.3415443]]}},
  {"type":"Feature",
   "properties":{},
   "geometry":
   {"type":"LineString",
    "coordinates":
    [[21.9129028, 42.336899], [21.9130238, 42.3369761],
     [21.9133396, 42.337102900000005],
     [21.913400900000003, 42.3371386], [21.9135309, 42.3372552],
     [21.913701600000003, 42.3374776],
     [21.913831700000003, 42.3377841],
     [21.9138805, 42.338006500000006], [21.9138792, 42.338248],
     [21.9138561, 42.3383551], [21.9138673, 42.338417500000006],
     [21.913926800000002, 42.3385405],
     [21.913961800000003, 42.338697700000004],
     [21.9139322, 42.339004800000005], [21.9139842, 42.339303],
     [21.914013800000003, 42.3393705], [21.914109, 42.3395354],
     [21.914141700000002, 42.339680300000005],
     [21.9142771, 42.339946100000006], [21.9144359, 42.3401325],
     [21.9145666, 42.3401981], [21.9148889, 42.3402465],
     [21.9152251, 42.34035], [21.915421300000002, 42.340453600000004],
     [21.9155847, 42.3404777], [21.9157668, 42.3405019],
     [21.915916300000003, 42.340577800000005],
     [21.916005000000002, 42.3406054],
     [21.916121800000003, 42.3406089], [21.9165794, 42.3405399],
     [21.916756900000003, 42.3405088],
     [21.916859600000002, 42.3404467],
     [21.916953000000003, 42.340367300000004],
     [21.9170091, 42.3403397],
     [21.917312600000002, 42.340291300000004],
     [21.91742, 42.340301700000005], [21.9174574, 42.34035],
     [21.9174294, 42.340426], [21.917378000000003, 42.3406193],
     [21.9173873, 42.340695200000006], [21.917448, 42.3407988],
     [21.917532100000003, 42.341036900000006],
     [21.917549100000002, 42.341267300000005],
     [21.9175647, 42.341350500000004],
     [21.917597500000003, 42.3414097], [21.9176165, 42.3414246]]}},
  {"type":"Feature",
   "properties":{},
   "geometry":
   {"type":"LineString",
    "coordinates":
    [[21.912618400000003, 42.336764900000006],
     [21.9127519, 42.336818900000004], [21.9128556, 42.336869],
     [21.9129028, 42.336899]]}},
  {"type":"Feature",
   "properties":{},
   "geometry":
   {"type":"LineString",
    "coordinates":
    [[21.9130144, 42.3356754], [21.9129697, 42.3357261],
     [21.912928800000003, 42.3357916],
     [21.912898700000003, 42.3359516], [21.9128523, 42.336018],
     [21.9127963, 42.3361728], [21.912723900000003, 42.3363092],
     [21.912607700000002, 42.336463800000004],
     [21.912548100000002, 42.3365207], [21.9125207, 42.3365817],
     [21.9125152, 42.3366525], [21.9125203, 42.336703],
     [21.9125535, 42.336738600000004],
     [21.912618400000003, 42.336764900000006]]}},
  {"type":"Feature",
   "properties":{},
   "geometry":
   {"type":"LineString",
    "coordinates":
    [[21.9131018, 42.335609000000005],
     [21.9130295, 42.335658200000005], [21.9130144, 42.3356754]]}},
  {"type":"Feature",
   "properties":{},
   "geometry":
   {"type":"LineString",
    "coordinates":
    [[21.9118613, 42.3341457], [21.912293100000003, 42.3343908],
     [21.912396100000002, 42.3344484], [21.912607, 42.3346067],
     [21.9128361, 42.334810100000006],
     [21.912897100000002, 42.3348656],
     [21.912947600000003, 42.3349934],
     [21.9129967, 42.335185700000004], [21.9130429, 42.335267],
     [21.913118200000003, 42.335331200000006],
     [21.9131702, 42.3354177],
     [21.913182600000003, 42.335457000000005],
     [21.9131809, 42.335504900000004], [21.9131712, 42.3355443],
     [21.9131018, 42.335609000000005]]}},
  {"type":"Feature",
   "properties":{},
   "geometry":
   {"type":"LineString",
    "coordinates":
    [[21.9114979, 42.333981200000004], [21.9118613, 42.3341457]]}},
  {"type":"Feature",
   "properties":{},
   "geometry":
   {"type":"LineString",
    "coordinates":
    [[21.911004400000003, 42.333677], [21.9110219, 42.333697900000004],
     [21.9112498, 42.333831], [21.911406000000003, 42.333918700000005],
     [21.9114979, 42.333981200000004]]}},
  {"type":"Feature",
   "properties":{},
   "geometry":
   {"type":"LineString",
    "coordinates":
    [[21.9109292, 42.3335877], [21.910975800000003, 42.3336431],
     [21.911004400000003, 42.333677]]}},
  {"type":"Feature",
   "properties":{},
   "geometry":
   {"type":"LineString",
    "coordinates":
    [[21.9103137, 42.3331144], [21.91037, 42.3331771],
     [21.9109048, 42.3335601], [21.9109292, 42.3335877]]}},
  {"type":"Feature",
   "properties":{},
   "geometry":
   {"type":"LineString",
    "coordinates":
    [[21.9102694, 42.333034700000006],
     [21.9102821, 42.333065700000006], [21.9103137, 42.3331144]]}},
  {"type":"Feature",
   "properties":{},
   "geometry":
   {"type":"LineString",
    "coordinates":
    [[21.910101, 42.3327188], [21.9101296, 42.332741500000004],
     [21.9101733, 42.332795100000006],
     [21.9102172, 42.332908100000004],
     [21.9102694, 42.333034700000006]]}},
  {"type":"Feature",
   "properties":{},
   "geometry":
   {"type":"LineString",
    "coordinates":
    [[21.909879800000002, 42.332543300000005],
     [21.910101, 42.3327188]]}},
  {"type":"Feature",
   "properties":{},
   "geometry":
   {"type":"LineString",
    "coordinates":
    [[21.9078631, 42.3322871], [21.907907700000003, 42.332273],
     [21.907977600000002, 42.3322403],
     [21.908090700000002, 42.3322221],
     [21.9081574, 42.332220500000005], [21.9082487, 42.3322343],
     [21.908328100000002, 42.3322529],
     [21.908409900000002, 42.3322542],
     [21.9084802, 42.332235700000005], [21.908543700000003, 42.332194],
     [21.908562200000002, 42.3321818],
     [21.9086132, 42.332131100000005],
     [21.9086693, 42.332109200000005],
     [21.908748600000003, 42.3321045], [21.9087928, 42.3321223],
     [21.9090022, 42.332273300000004], [21.9090774, 42.3323109],
     [21.909517, 42.332407800000006], [21.9097981, 42.3324895],
     [21.909879800000002, 42.332543300000005]]}},
  {"type":"Feature",
   "properties":{},
   "geometry":
   {"type":"LineString",
    "coordinates":
    [[21.907670500000002, 42.3323618], [21.907747, 42.3323237],
     [21.9078631, 42.3322871]]}},
  {"type":"Feature",
   "properties":{},
   "geometry":
   {"type":"LineString",
    "coordinates":
    [[21.905973200000002, 42.333277800000005],
     [21.9060713, 42.3332969], [21.9061413, 42.3332986],
     [21.9062318, 42.333295400000004],
     [21.9063145, 42.333273600000005], [21.9065237, 42.3332009],
     [21.9069521, 42.3330282], [21.9069885, 42.3330052],
     [21.9070511, 42.332937400000006],
     [21.9071633, 42.332860000000004], [21.9071916, 42.3328061],
     [21.9072211, 42.332737], [21.907223600000002, 42.3326794],
     [21.907237300000002, 42.3326349], [21.9072883, 42.3325942],
     [21.907420300000002, 42.332530600000005],
     [21.9074817, 42.332494700000005], [21.9075758, 42.3324312],
     [21.907639600000003, 42.3323772],
     [21.907670500000002, 42.3323618]]}},
  {"type":"Feature",
   "properties":{},
   "geometry":
   {"type":"LineString",
    "coordinates":
    [[21.905352200000003, 42.333072800000004],
     [21.9054112, 42.3331164], [21.905488400000003, 42.3331573],
     [21.905973200000002, 42.333277800000005]]}},
  {"type":"Feature",
   "properties":{},
   "geometry":
   {"type":"LineString",
    "coordinates":
    [[21.9052906, 42.333002400000005],
     [21.905352200000003, 42.333072800000004]]}},
  {"type":"Feature",
   "properties":{},
   "geometry":
   {"type":"LineString",
    "coordinates":
    [[21.9050863, 42.3328574], [21.9051912, 42.332927500000004],
     [21.9052906, 42.333002400000005]]}},
  {"type":"Feature",
   "properties":{},
   "geometry":
   {"type":"LineString",
    "coordinates":
    [[21.9049716, 42.3327388], [21.9049954, 42.3328215],
     [21.9050863, 42.3328574]]}},
  {"type":"Feature",
   "properties":{},
   "geometry":
   {"type":"LineString",
    "coordinates":
    [[21.903791100000003, 42.332165800000006],
     [21.903827, 42.332294100000006],
     [21.903911500000003, 42.332404100000005],
     [21.904044600000002, 42.3324835], [21.9043809, 42.3326319],
     [21.9045856, 42.3327005], [21.9046561, 42.3327198],
     [21.9047388, 42.3327259], [21.904892, 42.3327268],
     [21.9049716, 42.3327388]]}},
  {"type":"Feature",
   "properties":{},
   "geometry":
   {"type":"LineString",
    "coordinates":
    [[21.900138300000002, 42.332194300000005],
     [21.9002127, 42.3321575], [21.9002617, 42.332129900000005],
     [21.9003038, 42.332057400000004],
     [21.900364500000002, 42.331969400000006],
     [21.9004182, 42.331915800000004],
     [21.9005419, 42.331883000000005],
     [21.901123300000002, 42.3318105],
     [21.901504000000003, 42.331722500000005], [21.9017421, 42.33165],
     [21.9019476, 42.3316207], [21.902036300000002, 42.3316345],
     [21.9023726, 42.331743200000005], [21.9026271, 42.3318175],
     [21.9027625, 42.3318589], [21.90294, 42.3319607],
     [21.9032202, 42.3321385],
     [21.903791100000003, 42.332165800000006]]}},
  {"type":"Feature",
   "properties":{},
   "geometry":
   {"type":"LineString",
    "coordinates":
    [[21.9001123, 42.332297000000004],
     [21.900138300000002, 42.332194300000005]]}},
  {"type":"Feature",
   "properties":{},
   "geometry":
   {"type":"LineString",
    "coordinates":
    [[21.8999837, 42.332725200000006],
     [21.9000962, 42.332504300000004], [21.900119, 42.332380900000004],
     [21.9001123, 42.332297000000004]]}},
  {"type":"Feature",
   "properties":{},
   "geometry":
   {"type":"LineString",
    "coordinates":
    [[21.899582600000002, 42.3329699], [21.8996973, 42.3329601],
     [21.899765300000002, 42.3329393], [21.8998148, 42.3329168],
     [21.899859600000003, 42.332869],
     [21.8999837, 42.332725200000006]]}},
  {"type":"Feature",
   "properties":{},
   "geometry":
   {"type":"LineString",
    "coordinates":
    [[21.8963863, 42.3310942], [21.8965205, 42.3311967],
     [21.8966186, 42.331276100000004], [21.8968428, 42.3314211],
     [21.8969175, 42.3314936], [21.897097300000002, 42.3316869],
     [21.8974942, 42.332044200000006],
     [21.897629700000003, 42.3321599],
     [21.8977021, 42.332251400000004],
     [21.897783800000003, 42.3323843],
     [21.897849100000002, 42.3324519],
     [21.897941600000003, 42.3325193],
     [21.898007200000002, 42.3325526], [21.8981196, 42.3325687],
     [21.898194500000002, 42.3325685],
     [21.898277800000002, 42.3325509], [21.898353, 42.3325113],
     [21.898438600000002, 42.3324706], [21.8986282, 42.332372],
     [21.8987841, 42.3322528], [21.898975800000002, 42.3321368],
     [21.8992459, 42.3319856], [21.8993347, 42.3318895],
     [21.899383200000003, 42.331784500000005],
     [21.8995238, 42.3316263], [21.899581400000002, 42.3315757],
     [21.8997217, 42.331475600000005],
     [21.899834300000002, 42.331444700000006],
     [21.8998721, 42.3314466], [21.8999053, 42.3314674],
     [21.8998893, 42.3315167], [21.899877, 42.331566200000005],
     [21.8998658, 42.331618500000005],
     [21.8998196, 42.331706000000004],
     [21.899767500000003, 42.331761900000004],
     [21.899749, 42.331807500000004], [21.8997496, 42.331866500000004],
     [21.899794200000002, 42.331965200000006],
     [21.8997792, 42.332049000000005], [21.899752900000003, 42.332104],
     [21.899630000000002, 42.3322926],
     [21.899482300000003, 42.332463600000004],
     [21.899398700000003, 42.332588400000006],
     [21.8993247, 42.332700100000004],
     [21.899310800000002, 42.3327522], [21.899327500000002, 42.332796],
     [21.8993642, 42.332847900000004],
     [21.8994363, 42.332907000000006],
     [21.899512100000003, 42.332961700000006],
     [21.899582600000002, 42.3329699]]}},
  {"type":"Feature",
   "properties":{},
   "geometry":
   {"type":"LineString",
    "coordinates":
    [[21.8942972, 42.3298373], [21.894419600000003, 42.3298472],
     [21.8945054, 42.3298622],
     [21.894574300000002, 42.329883200000005],
     [21.894653400000003, 42.3299181], [21.8947463, 42.3299797],
     [21.894939800000003, 42.3301237],
     [21.895152000000003, 42.3303509], [21.895367, 42.330505800000005],
     [21.8954868, 42.3305762], [21.8957094, 42.3307159],
     [21.8959781, 42.3308685], [21.8961304, 42.3309526],
     [21.8963863, 42.3310942]]}},
  {"type":"Feature",
   "properties":{},
   "geometry":
   {"type":"LineString",
    "coordinates":
    [[21.893952600000002, 42.3298049], [21.8942972, 42.3298373]]}},
  {"type":"Feature",
   "properties":{},
   "geometry":
   {"type":"LineString",
    "coordinates":
    [[21.8938314, 42.329807300000006],
     [21.893952600000002, 42.3298049]]}},
  {"type":"Feature",
   "properties":{},
   "geometry":
   {"type":"LineString",
    "coordinates":
    [[21.894351200000003, 42.329214400000005],
     [21.8942653, 42.329258100000004],
     [21.894180300000002, 42.3293114],
     [21.8941185, 42.329358400000004], [21.8940465, 42.3294246],
     [21.8939872, 42.329492900000005], [21.893946, 42.3295517],
     [21.8939176, 42.3296013], [21.8938981, 42.3296422],
     [21.893842600000003, 42.3297554],
     [21.8938314, 42.329807300000006]]}},
  {"type":"Feature",
   "properties":{},
   "geometry":
   {"type":"LineString",
    "coordinates":
    [[21.894528, 42.329114700000005],
     [21.894351200000003, 42.329214400000005]]}},
  {"type":"Feature",
   "properties":{},
   "geometry":
   {"type":"LineString",
    "coordinates":
    [[21.896114400000002, 42.3281512], [21.8960443, 42.3282309],
     [21.8959754, 42.3282978],
     [21.895894600000002, 42.328360800000006],
     [21.895708600000003, 42.328496], [21.895451700000002, 42.3286333],
     [21.895045500000002, 42.328840500000005],
     [21.8948097, 42.3289702], [21.894528, 42.329114700000005]]}},
  {"type":"Feature",
   "properties":{},
   "geometry":
   {"type":"LineString",
    "coordinates":
    [[21.896523900000002, 42.327462100000005],
     [21.8965067, 42.3275184], [21.896463100000002, 42.3276291],
     [21.8964104, 42.3277313], [21.8963481, 42.327829],
     [21.896114400000002, 42.3281512]]}},
  {"type":"Feature",
   "properties":{},
   "geometry":
   {"type":"LineString",
    "coordinates":
    [[21.8965733, 42.3269704], [21.8965757, 42.3270381],
     [21.8965754, 42.3270828],
     [21.896571400000003, 42.327159200000004],
     [21.8965654, 42.3272175], [21.8965573, 42.327273600000005],
     [21.8965526, 42.3273231], [21.896545200000002, 42.3273693],
     [21.896523900000002, 42.327462100000005]]}},
  {"type":"Feature",
   "properties":{},
   "geometry":
   {"type":"LineString",
    "coordinates":
    [[21.8940872, 42.3165963], [21.8941103, 42.3166835],
     [21.894111900000002, 42.3167745], [21.8941029, 42.3168676],
     [21.894077000000003, 42.3169321],
     [21.894035300000002, 42.3169952], [21.893978, 42.3170517],
     [21.893911000000003, 42.3171006], [21.8938057, 42.3171577],
     [21.8934888, 42.3173365], [21.8933453, 42.317418800000006],
     [21.8931821, 42.317530600000005], [21.8930277, 42.3176532],
     [21.892947900000003, 42.3177238],
     [21.892856600000002, 42.3178047], [21.8927406, 42.3179078],
     [21.8925655, 42.3180823], [21.8922731, 42.3184313],
     [21.892053200000003, 42.3186614], [21.8919754, 42.3187724],
     [21.8918681, 42.3189113], [21.891771600000002, 42.3190521],
     [21.891693800000002, 42.319163100000004],
     [21.891624, 42.319270200000005], [21.891543600000002, 42.3193872],
     [21.891337, 42.319662900000004], [21.8910608, 42.3200536],
     [21.8909427, 42.320208300000004],
     [21.8907309, 42.320557300000004], [21.8905967, 42.3207755],
     [21.890529700000002, 42.3209044], [21.890476, 42.3210254],
     [21.8904439, 42.321118600000005], [21.8904144, 42.3212118],
     [21.8903849, 42.321369700000005], [21.8903803, 42.3214321],
     [21.8903742, 42.3214838], [21.8903725, 42.321546100000006],
     [21.890379600000003, 42.3216273],
     [21.8904023, 42.321724800000005],
     [21.8904403, 42.321819600000005],
     [21.8904995, 42.321920000000006], [21.8905722, 42.3220107],
     [21.890674, 42.3221227], [21.8907993, 42.3222375],
     [21.8909588, 42.3223372], [21.8911681, 42.3224612],
     [21.891468500000002, 42.3226218], [21.8917308, 42.3227424],
     [21.891842, 42.3227829], [21.891962000000003, 42.322832000000005],
     [21.892238300000002, 42.322923200000005],
     [21.892661200000003, 42.323061200000005],
     [21.8928312, 42.3231223], [21.893020500000002, 42.3232],
     [21.8931305, 42.3232531], [21.8932271, 42.323305100000006],
     [21.893323600000002, 42.323362800000005], [21.8933885, 42.323405],
     [21.8934676, 42.323461], [21.8935438, 42.3235198],
     [21.8936154, 42.323580400000004], [21.893709, 42.323668600000005],
     [21.893781, 42.323745], [21.893852300000002, 42.323836],
     [21.8940319, 42.324113100000005], [21.8941373, 42.3242817],
     [21.8943377, 42.3245869], [21.8944146, 42.324698700000006],
     [21.894497700000002, 42.324805100000006],
     [21.8945951, 42.3249122], [21.8946915, 42.3250043],
     [21.8948506, 42.3251337],
     [21.895085100000003, 42.325302900000004], [21.895268, 42.3254268],
     [21.8958009, 42.325754800000006], [21.895908300000002, 42.325826],
     [21.8960104, 42.3259039], [21.8960961, 42.3259789],
     [21.896181300000002, 42.326070400000006],
     [21.896254900000002, 42.3261595],
     [21.8963094, 42.326233800000004], [21.8963632, 42.3263169],
     [21.8964265, 42.3264317], [21.896489900000002, 42.3265784],
     [21.896521500000002, 42.3266742],
     [21.896544000000002, 42.326762300000006],
     [21.8965655, 42.3268865], [21.8965733, 42.3269704]]}},
  {"type":"Feature",
   "properties":{},
   "geometry":
   {"type":"LineString",
    "coordinates":
    [[21.893481400000002, 42.316234800000004],
     [21.8935943, 42.316247600000004],
     [21.893722200000003, 42.3162807],
     [21.8938311, 42.316327900000005],
     [21.893912200000003, 42.3163786],
     [21.8939968, 42.316453700000004],
     [21.894047500000003, 42.3165191], [21.8940872, 42.3165963]]}},
  {"type":"Feature",
   "properties":{},
   "geometry":
   {"type":"LineString",
    "coordinates":
    [[21.885184900000002, 42.314007600000004],
     [21.8853683, 42.3140304], [21.8858573, 42.314119000000005],
     [21.886021600000003, 42.3141468], [21.8861718, 42.3141691],
     [21.8867128, 42.3142305], [21.8868666, 42.3142512],
     [21.887023900000003, 42.31429], [21.8871687, 42.314343900000004],
     [21.887278600000002, 42.314399200000004],
     [21.887381, 42.314465000000006], [21.8874803, 42.3145472],
     [21.887707900000002, 42.3147673],
     [21.887802100000002, 42.314841900000005],
     [21.8879124, 42.3149138],
     [21.888021100000003, 42.314972000000004],
     [21.888151200000003, 42.3150282],
     [21.888283700000002, 42.315072900000004],
     [21.8884343, 42.3151103],
     [21.888576200000003, 42.315133800000005],
     [21.888723600000002, 42.3151469],
     [21.888874700000002, 42.315148900000004],
     [21.889034900000002, 42.3151383],
     [21.889392400000002, 42.3150983],
     [21.8895963, 42.315081400000004], [21.8897465, 42.3150751],
     [21.8899107, 42.3150811], [21.8900791, 42.315101500000004],
     [21.890264000000002, 42.315141600000004],
     [21.8904223, 42.315192200000006],
     [21.890560800000003, 42.3152508],
     [21.890685100000002, 42.315317300000004],
     [21.8908181, 42.315406700000004],
     [21.8912741, 42.315791100000006], [21.8915945, 42.3160375],
     [21.8917663, 42.3161464], [21.8918533, 42.3161937],
     [21.8919497, 42.316236], [21.8920654, 42.3162749],
     [21.892187500000002, 42.3163051],
     [21.8923326, 42.316326100000005],
     [21.8924816, 42.316332100000004],
     [21.892668800000003, 42.316317700000006],
     [21.8928739, 42.3162864], [21.893181700000003, 42.3162383],
     [21.8933447, 42.3162303],
     [21.893481400000002, 42.316234800000004]]}},
  {"type":"Feature",
   "properties":{},
   "geometry":
   {"type":"LineString",
    "coordinates":
    [[21.884130600000002, 42.314062], [21.884357100000003, 42.3140319],
     [21.8845826, 42.314004700000005],
     [21.8848051, 42.313993100000005],
     [21.884982100000002, 42.3139945],
     [21.885184900000002, 42.314007600000004]]}},
  {"type":"Feature",
   "properties":{},
   "geometry":
   {"type":"LineString",
    "coordinates":
    [[21.883845100000002, 42.3141109],
     [21.884130600000002, 42.314062]]}},
  {"type":"Feature",
   "properties":{},
   "geometry":
   {"type":"LineString",
    "coordinates":
    [[21.883146500000002, 42.3140871],
     [21.883224300000002, 42.314122600000005],
     [21.8832969, 42.3141411],
     [21.883386100000003, 42.314151300000006], [21.8834714, 42.314149],
     [21.883845100000002, 42.3141109]]}},
  {"type":"Feature",
   "properties":{},
   "geometry":
   {"type":"LineString",
    "coordinates":
    [[21.8829144, 42.3139103], [21.8830227, 42.3139928],
     [21.883146500000002, 42.3140871]]}},
  {"type":"Feature",
   "properties":{},
   "geometry":
   {"type":"LineString",
    "coordinates":
    [[21.8826022, 42.3135282], [21.8826708, 42.3135786],
     [21.8827426, 42.3136906], [21.882803600000003, 42.3137873],
     [21.8828678, 42.3138663], [21.8829144, 42.3139103]]}},
  {"type":"Feature",
   "properties":{},
   "geometry":
   {"type":"LineString",
    "coordinates":
    [[21.8825933, 42.3134339], [21.8826022, 42.3135282]]}},
  {"type":"Feature",
   "properties":{},
   "geometry":
   {"type":"LineString",
    "coordinates":
    [[22.1353693, 42.9636482], [22.1353204, 42.9636172],
     [22.1352657, 42.9635918], [22.1352334, 42.9635856],
     [22.1350593, 42.9635839], [22.1348583, 42.9635845],
     [22.134701900000003, 42.963611], [22.1345348, 42.9636025],
     [22.1343727, 42.9635667], [22.1343238, 42.963587100000005],
     [22.134285100000003, 42.9636408],
     [22.134244300000002, 42.9636274]]}},
  {"type":"Feature",
   "properties":{},
   "geometry":
   {"type":"LineString",
    "coordinates":
    [[22.133482100000002, 42.963411300000004],
     [22.1341241, 42.963591900000004],
     [22.134244300000002, 42.9636274]]}},
  {"type":"Feature",
   "properties":{},
   "geometry":
   {"type":"LineString",
    "coordinates":
    [[22.133482100000002, 42.963411300000004],
     [22.1334623, 42.963404600000004], [22.1333975, 42.9633898],
     [22.133344, 42.9633228], [22.1334325, 42.9631132],
     [22.1335778, 42.962803900000004],
     [22.133694900000002, 42.9627002], [22.1337781, 42.9625513],
     [22.133839700000003, 42.962416100000006],
     [22.1339076, 42.962239100000005]]}},
  {"type":"Feature",
   "properties":{},
   "geometry":
   {"type":"LineString",
    "coordinates":
    [[22.1339076, 42.962239100000005], [22.1339675, 42.962235],
     [22.134101400000002, 42.9622228], [22.1345327, 42.9621371],
     [22.1349425, 42.9619951], [22.1351859, 42.961830500000005],
     [22.135290700000002, 42.9617042],
     [22.135506300000003, 42.961627500000006],
     [22.1356943, 42.9615554], [22.1358299, 42.9614472],
     [22.1360455, 42.9613074], [22.136344400000002, 42.9612307],
     [22.1369945, 42.961109], [22.137398100000002, 42.9610436],
     [22.1381283, 42.9609759], [22.1386429, 42.960926300000004],
     [22.139092700000003, 42.960948900000005], [22.141123, 42.9609627],
     [22.141900800000002, 42.9609705],
     [22.142308500000002, 42.960888100000005],
     [22.142657200000002, 42.96079], [22.1435102, 42.9604092],
     [22.143934, 42.9602364]]}},
  {"type":"Feature",
   "properties":{},
   "geometry":
   {"type":"LineString",
    "coordinates":
    [[22.143934, 42.9602364], [22.1445289, 42.9600248],
     [22.1450356, 42.9599386], [22.1452163, 42.959858100000005],
     [22.145699500000003, 42.95947], [22.1460766, 42.9592486],
     [22.146748300000002, 42.9589726], [22.1469722, 42.9588806],
     [22.147156900000002, 42.9588778],
     [22.1475693, 42.959012900000005],
     [22.148142800000002, 42.9591336],
     [22.1487714, 42.959159500000005]]}},
  {"type":"Feature",
   "properties":{},
   "geometry":
   {"type":"LineString",
    "coordinates":
    [[22.1487714, 42.959159500000005], [22.1490268, 42.9591222],
     [22.149224800000002, 42.9590728], [22.14945, 42.959065100000004],
     [22.149636700000002, 42.9590187],
     [22.149837100000003, 42.9590187],
     [22.150086100000003, 42.958938800000006]]}},
  {"type":"Feature",
   "properties":{},
   "geometry":
   {"type":"LineString",
    "coordinates":
    [[22.150086100000003, 42.958938800000006],
     [22.1504547, 42.9589001], [22.1513318, 42.9589039],
     [22.1517839, 42.9588297], [22.1524651, 42.9585735],
     [22.1529044, 42.9584829], [22.1532917, 42.958450500000005],
     [22.1534185, 42.9583632],
     [22.153570000000002, 42.958137900000004]]}},
  {"type":"Feature",
   "properties":{},
   "geometry":
   {"type":"LineString",
    "coordinates":
    [[22.153570000000002, 42.958137900000004],
     [22.1541372, 42.957979200000004], [22.154703100000003, 42.957828],
     [22.154860000000003, 42.9577819], [22.1548976, 42.9577083],
     [22.154830500000003, 42.9576572],
     [22.154646800000002, 42.957656300000004],
     [22.154370500000002, 42.957594400000005],
     [22.154279300000002, 42.9575277], [22.1542633, 42.9574433],
     [22.154402700000002, 42.9573589],
     [22.154585100000002, 42.9572823],
     [22.154858700000002, 42.9572136], [22.1552852, 42.9572352],
     [22.155548000000003, 42.9571665], [22.155749200000002, 42.956982],
     [22.1559826, 42.956881900000006],
     [22.1564841, 42.956879900000004], [22.1572244, 42.9568701],
     [22.1575972, 42.9569388], [22.1579808, 42.9569879],
     [22.1582034, 42.95698], [22.1582705, 42.956905400000004],
     [22.158184600000002, 42.9568171],
     [22.157943200000002, 42.9567287], [22.157616, 42.956630600000004],
     [22.1574068, 42.956383300000006], [22.1571439, 42.9562341],
     [22.1565431, 42.9561634], [22.1558458, 42.956022100000006],
     [22.1547568, 42.9559396], [22.1544537, 42.9559416],
     [22.1541962, 42.9559003], [22.1541131, 42.955825700000005],
     [22.154105, 42.9557099], [22.1540165, 42.9554351],
     [22.1539521, 42.955170100000004], [22.1538502, 42.9549463],
     [22.1538636, 42.954838300000006],
     [22.1538314, 42.954706800000004],
     [22.1537134, 42.954579200000005],
     [22.153721400000002, 42.9543927],
     [22.153903800000002, 42.954166900000004],
     [22.1540004, 42.9539746]]}},
  {"type":"Feature",
   "properties":{},
   "geometry":
   {"type":"LineString",
    "coordinates":
    [[22.167615100000003, 42.930696000000005],
     [22.1673264, 42.930791500000005],
     [22.167158800000003, 42.9308068], [22.1669306, 42.9307796],
     [22.166735000000003, 42.9307676],
     [22.166441600000002, 42.930835800000004],
     [22.166278600000002, 42.930933], [22.1661599, 42.9309688],
     [22.166038800000003, 42.9310216],
     [22.165957300000002, 42.9310933],
     [22.1657081, 42.931069400000005], [22.1655894, 42.9310574],
     [22.1654357, 42.9310216], [22.165205200000003, 42.9310489],
     [22.1649956, 42.9310387], [22.164814, 42.931054],
     [22.164576500000003, 42.931103500000006],
     [22.164427500000002, 42.9311086],
     [22.164385600000003, 42.931096700000005],
     [22.164311100000003, 42.9310984],
     [22.164085200000002, 42.9311529],
     [22.1639339, 42.931209200000005],
     [22.163749900000003, 42.9312228],
     [22.1634379, 42.931202400000004], [22.1630863, 42.9311546],
     [22.1629909, 42.9311614], [22.162602, 42.9313268],
     [22.1623552, 42.931505800000004],
     [22.162262100000003, 42.9315518],
     [22.162078100000002, 42.931713800000004], [22.161985, 42.9317598],
     [22.1619035, 42.9318127], [22.1615007, 42.9322304],
     [22.1613563, 42.932293400000006],
     [22.161277100000003, 42.932303700000006],
     [22.1611002, 42.9324315], [22.1607726, 42.9325184],
     [22.1605227, 42.9326139],
     [22.160248000000003, 42.932799700000004],
     [22.1598428, 42.9330538], [22.159449300000002, 42.9333521],
     [22.159272400000003, 42.933451000000005],
     [22.1590977, 42.9335072], [22.158986000000002, 42.9335839],
     [22.1588789, 42.933756100000004], [22.158816, 42.933928300000005],
     [22.158823, 42.9340357], [22.158792700000003, 42.934074900000006],
     [22.1588137, 42.934195900000006],
     [22.158834600000002, 42.9342624], [22.1589347, 42.9343749],
     [22.1591303, 42.934502800000004],
     [22.1593026, 42.934642600000004], [22.1594656, 42.9349579],
     [22.1595425, 42.9352341], [22.1594726, 42.9354949],
     [22.159463300000002, 42.935612500000005],
     [22.159407400000003, 42.935864800000004],
     [22.159414400000003, 42.9359484], [22.1595122, 42.936083],
     [22.159537800000003, 42.9364069],
     [22.1596775, 42.936613200000004], [22.1596845, 42.9367803],
     [22.1596146, 42.9369371], [22.1595471, 42.937070000000006],
     [22.159526200000002, 42.9372252],
     [22.159530800000002, 42.9373087], [22.1594982, 42.9375201],
     [22.159414400000003, 42.9376258],
     [22.159367800000002, 42.937722900000004],
     [22.159325900000002, 42.937924100000004],
     [22.1592793, 42.9380826], [22.159305, 42.938161],
     [22.1593911, 42.938259900000006],
     [22.159402800000002, 42.938415000000006],
     [22.1593608, 42.938597400000006], [22.1592956, 42.9386997],
     [22.1592142, 42.9389571], [22.159188500000003, 42.9390968],
     [22.1591513, 42.939161600000006],
     [22.1588579, 42.939519600000004],
     [22.158534200000002, 42.9396849],
     [22.158417800000002, 42.9397548],
     [22.1581803, 42.940228700000006],
     [22.1578124, 42.940888300000005], [22.1578427, 42.9410588],
     [22.1579754, 42.9411611], [22.158033600000003, 42.9412241],
     [22.1580802, 42.9414287], [22.1581966, 42.941727],
     [22.158268800000002, 42.941798600000006],
     [22.158289800000002, 42.9419247], [22.1582036, 42.9422639],
     [22.1580918, 42.942509300000005], [22.1580197, 42.9426269],
     [22.1579289, 42.942683200000005],
     [22.157714600000002, 42.942708800000005],
     [22.157421300000003, 42.942787200000005],
     [22.1571302, 42.9428417], [22.1567344, 42.9429031],
     [22.1566878, 42.942942300000006], [22.1566529, 42.9429491],
     [22.156629600000002, 42.9429184],
     [22.156555100000002, 42.942959300000005],
     [22.1566063, 42.943030900000004], [22.1566878, 42.9430786],
     [22.1566599, 42.943133200000005],
     [22.1565923, 42.943184300000006],
     [22.1564736, 42.943211600000005],
     [22.1563805, 42.943245700000006],
     [22.156357200000002, 42.943271200000005],
     [22.1562966, 42.943281500000005],
     [22.156238400000003, 42.9433036],
     [22.1561336, 42.943375200000006],
     [22.156070800000002, 42.9433974], [22.1560312, 42.9434264],
     [22.1559986, 42.9434656], [22.1559543, 42.9434741],
     [22.1558566, 42.9434417], [22.1557052, 42.9434417],
     [22.155619100000003, 42.9434059], [22.1555445, 42.9433531],
     [22.155509600000002, 42.9433565],
     [22.155174300000002, 42.9435695], [22.1550137, 42.9436922],
     [22.154934500000003, 42.9437945],
     [22.154846000000003, 42.9439616], [22.1546993, 42.9443416],
     [22.1547203, 42.9444746], [22.1547389, 42.9445053],
     [22.1547878, 42.944537700000005],
     [22.1548227, 42.944580300000005], [22.1548157, 42.9446195],
     [22.1545922, 42.9450626], [22.154499100000002, 42.945216],
     [22.154436200000003, 42.9452706], [22.154385, 42.9454137],
     [22.1542736, 42.945582200000004],
     [22.154330700000003, 42.945654100000006],
     [22.154343400000002, 42.945719000000004], [22.154375, 42.9457631],
     [22.154308500000003, 42.945904600000006],
     [22.1542451, 42.9459278], [22.154127900000002, 42.9461272],
     [22.1541184, 42.9463267], [22.1540582, 42.946570200000004],
     [22.153918800000003, 42.946781300000005],
     [22.153392800000002, 42.9472405],
     [22.1533358, 42.947328600000006],
     [22.153288200000002, 42.947356500000005],
     [22.153288200000002, 42.9474284], [22.1533421, 42.9475235],
     [22.1533516, 42.947583800000004],
     [22.1532661, 42.947683500000004],
     [22.1531647, 42.948008200000004],
     [22.153015800000002, 42.9482888],
     [22.1529746, 42.948444200000004], [22.1528953, 42.9485996],
     [22.152790800000002, 42.948669200000005],
     [22.1527211, 42.9487782], [22.1526767, 42.9488756],
     [22.1526007, 42.9489776], [22.152531, 42.9489591],
     [22.1524518, 42.9488872], [22.152426400000003, 42.9488246],
     [22.152372500000002, 42.948643700000005],
     [22.152344000000003, 42.9485857], [22.1520113, 42.9484164],
     [22.1519353, 42.948421], [22.1518751, 42.9485138],
     [22.151846600000002, 42.9487109], [22.1517832, 42.9487248],
     [22.151704000000002, 42.948717900000005],
     [22.151681, 42.948724000000006],
     [22.151684000000003, 42.948752500000005],
     [22.1517316, 42.948800000000006],
     [22.151773600000002, 42.9488852],
     [22.151773600000002, 42.9489807], [22.1517386, 42.949071],
     [22.1517549, 42.9491017], [22.1517316, 42.9492823],
     [22.1517479, 42.9493437], [22.151838700000003, 42.9494562],
     [22.1519598, 42.9495653], [22.152071600000003, 42.9497578],
     [22.1520623, 42.9498158], [22.1520553, 42.9498431],
     [22.1520693, 42.9498618], [22.1521019, 42.949849900000004],
     [22.152127500000002, 42.949855], [22.152276500000003, 42.949976],
     [22.152330000000003, 42.949994700000005],
     [22.1524325, 42.950073100000004], [22.152441800000002, 42.950097],
     [22.1524535, 42.950161800000004],
     [22.152418500000003, 42.9502742], [22.1523836, 42.9502776],
     [22.1523231, 42.9503952], [22.152283500000003, 42.9503952],
     [22.152229900000002, 42.9503714], [22.1521927, 42.9503373],
     [22.1521554, 42.9503288], [22.1520739, 42.9503458],
     [22.1519459, 42.9504242], [22.1518783, 42.9504481],
     [22.1517829, 42.9504481], [22.151736300000003, 42.9504413],
     [22.1517014, 42.9504583], [22.1516036, 42.950673],
     [22.1515081, 42.950758300000004], [22.151394, 42.9507685],
     [22.1512683, 42.950746300000006],
     [22.151212400000002, 42.950748000000004],
     [22.151213300000002, 42.9507363],
     [22.151039800000003, 42.9506905],
     [22.150985900000002, 42.950703100000005],
     [22.1509633, 42.950726800000005],
     [22.150990200000003, 42.9507734],
     [22.151032200000003, 42.9508815], [22.1510657, 42.9509004],
     [22.151085100000003, 42.9509264],
     [22.151179900000002, 42.950980900000005],
     [22.1512123, 42.9509951], [22.1513297, 42.951003],
     [22.1513718, 42.951015600000005],
     [22.1514516, 42.951060500000004],
     [22.151466600000003, 42.951100800000006],
     [22.1514516, 42.951142600000004], [22.1514181, 42.9511631],
     [22.1513405, 42.951195500000004],
     [22.151279900000002, 42.9512019], [22.1512496, 42.9512104],
     [22.1512496, 42.951247900000006],
     [22.151300900000003, 42.951275200000005],
     [22.151410300000002, 42.9513826],
     [22.1514476, 42.951396200000005],
     [22.1514825, 42.951396200000005],
     [22.151580300000003, 42.9514269],
     [22.151615200000002, 42.951432000000004],
     [22.151633800000003, 42.9514269], [22.151713, 42.9514286],
     [22.1517479, 42.951525700000005],
     [22.1517285, 42.951593700000004],
     [22.151834400000002, 42.951639500000006],
     [22.151918600000002, 42.951615600000004],
     [22.1519702, 42.951587800000006], [22.1520191, 42.9515759],
     [22.152073400000003, 42.951639500000006],
     [22.152154900000003, 42.9516931], [22.1523152, 42.9517309],
     [22.1524727, 42.951726900000004], [22.1525134, 42.9517031],
     [22.152616700000003, 42.951748800000004], [22.1526846, 42.951721],
     [22.1527959, 42.9517448], [22.152929, 42.951683200000005],
     [22.153073000000003, 42.951683200000005],
     [22.1531246, 42.951661300000005],
     [22.1532522, 42.951726900000004],
     [22.153320200000003, 42.9518204],
     [22.1534723, 42.951890000000006],
     [22.153480400000003, 42.951919800000006],
     [22.1534587, 42.9521285], [22.1535999, 42.9523591],
     [22.1536379, 42.952458500000006],
     [22.1537058, 42.952546000000005], [22.1537547, 42.9526593],
     [22.153855200000002, 42.952888], [22.1538362, 42.952943600000005],
     [22.153858, 42.953009200000004], [22.153896000000003, 42.9530709],
     [22.153934000000003, 42.9532359], [22.1539313, 42.9534267],
     [22.1539557, 42.9535241], [22.1539639, 42.953601600000006],
     [22.153936700000003, 42.9536692],
     [22.153939400000002, 42.953732900000006],
     [22.153898700000003, 42.9537567],
     [22.1538878, 42.953836200000005],
     [22.153939400000002, 42.953903800000006],
     [22.1540004, 42.9539746]]}},
  {"type":"Feature",
   "properties":{},
   "geometry":
   {"type":"LineString",
    "coordinates":
    [[22.1683482, 42.930175600000005],
     [22.1680388, 42.930427800000004], [22.1677772, 42.9306156],
     [22.167615100000003, 42.930696000000005]]}},
  {"type":"Feature",
   "properties":{},
   "geometry":
   {"type":"LineString",
    "coordinates":
    [[22.1683482, 42.930175600000005], [22.168489, 42.930043000000005],
     [22.1686218, 42.9298535], [22.168767900000002, 42.9295373],
     [22.168804100000003, 42.929339000000006], [22.168835, 42.9291848],
     [22.168907400000002, 42.929056200000005],
     [22.168993200000003, 42.929000200000004],
     [22.169087100000002, 42.928989400000006],
     [22.169195700000003, 42.929013000000005], [22.1693071, 42.929067],
     [22.1694117, 42.9290837], [22.169588700000002, 42.9290523],
     [22.1697148, 42.928982500000004],
     [22.1697805, 42.928935900000006],
     [22.169829500000002, 42.928913800000004],
     [22.169897900000002, 42.928895600000004],
     [22.169953500000002, 42.9288873],
     [22.170018600000002, 42.928884800000006],
     [22.1700957, 42.9288858], [22.1702009, 42.9288971],
     [22.170349100000003, 42.9289295], [22.170485900000003, 42.928958],
     [22.1706636, 42.9289933], [22.1707736, 42.929007500000004],
     [22.1708916, 42.9290193], [22.1709882, 42.929025700000004],
     [22.1710928, 42.9290193], [22.1711779, 42.9290095],
     [22.1712624, 42.9289913], [22.171352300000002, 42.9289476],
     [22.171426, 42.9288946], [22.1714978, 42.928818500000006],
     [22.171613100000002, 42.928663400000005],
     [22.171711000000002, 42.9285372],
     [22.171773400000003, 42.9284252],
     [22.1718183, 42.928342300000004],
     [22.171825700000003, 42.9282995],
     [22.171815600000002, 42.928237200000005],
     [22.171792200000002, 42.928139], [22.1717492, 42.9279907],
     [22.171687600000002, 42.9278405],
     [22.1715923, 42.927632800000005],
     [22.171514600000002, 42.9274634],
     [22.1714448, 42.927291600000004],
     [22.1713878, 42.927127600000006], [22.1713469, 42.9269626],
     [22.171345600000002, 42.926850200000004],
     [22.1713476, 42.9267254], [22.1713597, 42.9266439],
     [22.1713731, 42.9265349], [22.171373000000003, 42.926495],
     [22.171363000000003, 42.926423500000006],
     [22.1713436, 42.926339500000005], [22.171308, 42.926262900000005],
     [22.171271100000002, 42.9261853],
     [22.171247700000002, 42.926125400000004],
     [22.1712282, 42.9260596],
     [22.171225500000002, 42.926012500000006],
     [22.1712302, 42.925964900000004], [22.1712577, 42.9259069],
     [22.1713214, 42.9258284], [22.171407900000002, 42.9257562],
     [22.171552100000003, 42.9256526], [22.1716969, 42.9255603],
     [22.172001400000003, 42.9253919], [22.1723387, 42.9252289],
     [22.172506300000002, 42.9251547],
     [22.172897900000002, 42.925005000000006],
     [22.1731051, 42.924941100000005],
     [22.1732365, 42.924924000000004], [22.1734404, 42.9249181],
     [22.1736073, 42.9249146], [22.1737448, 42.924897900000005],
     [22.1738575, 42.9248793],
     [22.174133100000002, 42.924819400000004],
     [22.1743564, 42.924765400000005], [22.1748888, 42.9246082],
     [22.175434600000003, 42.9244487],
     [22.1755204, 42.924419900000004],
     [22.175578100000003, 42.924400500000004],
     [22.175684, 42.924370100000004], [22.1757913, 42.924351400000006],
     [22.175838300000002, 42.924346500000006]]}},
  {"type":"Feature",
   "properties":{},
   "geometry":
   {"type":"LineString",
    "coordinates":
    [[22.175838300000002, 42.924346500000006], [22.1759784, 42.924294],
     [22.176148700000002, 42.924131], [22.1762252, 42.923898200000004],
     [22.176269400000002, 42.923708700000006],
     [22.176333800000002, 42.9235653],
     [22.1763942, 42.923430800000006],
     [22.176504100000002, 42.9231823],
     [22.176636900000002, 42.922947300000004]]}},
  {"type":"Feature",
   "properties":{},
   "geometry":
   {"type":"LineString",
    "coordinates":
    [[22.176636900000002, 42.922947300000004], [22.176608, 42.9229331],
     [22.176585600000003, 42.9229138], [22.1765711, 42.9228906],
     [22.176565800000002, 42.922864100000005],
     [22.1765711, 42.9228376], [22.1766587, 42.9226873],
     [22.1767335, 42.9225985], [22.176767700000003, 42.9225389],
     [22.176809900000002, 42.9224821], [22.176868900000002, 42.92242],
     [22.1769375, 42.9223635],
     [22.177014800000002, 42.922313200000005],
     [22.177099600000002, 42.922270000000005],
     [22.1773624, 42.9221482], [22.1773969, 42.9221281],
     [22.1774266, 42.9221044], [22.177451, 42.9220775],
     [22.1774683, 42.9220501], [22.177480000000003, 42.922021],
     [22.177485800000003, 42.9219911], [22.1774908, 42.9219245],
     [22.1775015, 42.921858300000004],
     [22.177518000000003, 42.921792700000005],
     [22.1775509, 42.921701600000006], [22.1775948, 42.9216129],
     [22.1776494, 42.9215275], [22.177754, 42.921313500000004],
     [22.1777644, 42.9212636],
     [22.177764800000002, 42.921213300000005],
     [22.177756600000002, 42.921168], [22.1777404, 42.921123900000005],
     [22.177716500000002, 42.9210817], [22.1776854, 42.921025],
     [22.177661200000003, 42.9209666],
     [22.177644100000002, 42.920906900000006],
     [22.177633, 42.920835000000004], [22.1776321, 42.920762800000006],
     [22.177641400000002, 42.9206908],
     [22.1775877, 42.920514000000004],
     [22.177504600000002, 42.9203039], [22.1772981, 42.9199817],
     [22.1770728, 42.9196832], [22.1770549, 42.9195715],
     [22.177045900000003, 42.9194593],
     [22.1770453, 42.919367400000006],
     [22.177050700000002, 42.9192757],
     [22.177062000000003, 42.919184300000005],
     [22.1772551, 42.918893600000004],
     [22.177501900000003, 42.918716800000006],
     [22.177566900000002, 42.9186783], [22.1776278, 42.9186363],
     [22.177684300000003, 42.9185911], [22.1777555, 42.9185226],
     [22.1778166, 42.918449], [22.177866700000003, 42.9183711],
     [22.1780544, 42.9180725], [22.1780866, 42.9178918],
     [22.1780592, 42.917836], [22.178041, 42.9177782],
     [22.1780322, 42.9177193],
     [22.178033000000003, 42.917660000000005],
     [22.1780449, 42.9175951], [22.1780683, 42.9175319],
     [22.1781027, 42.917471400000004], [22.1786499, 42.9169057],
     [22.1790093, 42.9166347], [22.1792668, 42.9165561],
     [22.179333, 42.916554100000006], [22.1793976, 42.9165433],
     [22.179458500000003, 42.916524100000004],
     [22.1795136, 42.9164972], [22.1795574, 42.916466400000004],
     [22.1795936, 42.9164307], [22.1796212, 42.916391100000006],
     [22.179639400000003, 42.9163487],
     [22.1796477, 42.916304700000005], [22.1800393, 42.9159039],
     [22.1802324, 42.915676100000006],
     [22.1802424, 42.915632900000006],
     [22.1802439, 42.915589100000005], [22.180237, 42.9155456],
     [22.1802217, 42.9155032], [22.1801931, 42.9154556],
     [22.1801539, 42.915412100000005], [22.1801053, 42.9153741],
     [22.1800487, 42.9153426],
     [22.179985600000002, 42.915318600000006],
     [22.179594, 42.915153600000004], [22.1794385, 42.914925700000005],
     [22.1791112, 42.914521], [22.178880600000003, 42.9142008],
     [22.178843, 42.914022100000004], [22.178852600000003, 42.9139769],
     [22.178850800000003, 42.9139312],
     [22.178837700000003, 42.913886500000004],
     [22.178814300000003, 42.9138454], [22.1787813, 42.913808],
     [22.178719100000002, 42.913780900000006],
     [22.1786633, 42.913747300000004], [22.178615, 42.913707800000005],
     [22.1785797, 42.9136687], [22.1785518, 42.9136266],
     [22.178531900000003, 42.9135821], [22.1785104, 42.9133306],
     [22.1785694, 42.9131027], [22.1785588, 42.9130655],
     [22.1785399, 42.9130301], [22.178512700000002, 42.9129967],
     [22.1784782, 42.912967200000004],
     [22.178234200000002, 42.9127865], [22.1780142, 42.9125979],
     [22.177794300000002, 42.912478500000006],
     [22.1777038, 42.9124319], [22.177685200000003, 42.9124155],
     [22.177671800000002, 42.9123965]]}},
  {"type":"Feature",
   "properties":{},
   "geometry":
   {"type":"LineString",
    "coordinates":
    [[22.1820644, 42.913036000000005], [22.1817798, 42.9131956],
     [22.1810891, 42.913369700000004],
     [22.180829300000003, 42.9133766],
     [22.1805124, 42.913253700000006], [22.1799389, 42.9128661],
     [22.179726600000002, 42.9124415],
     [22.179853400000002, 42.9123254],
     [22.179875600000003, 42.9122094],
     [22.179755200000002, 42.912167600000004],
     [22.1795714, 42.9121885], [22.1792292, 42.9124531],
     [22.1788521, 42.912594600000006], [22.1785606, 42.9126155],
     [22.1780568, 42.9124531], [22.177671800000002, 42.9123965]]}},
  {"type":"Feature",
   "properties":{},
   "geometry":
   {"type":"LineString",
    "coordinates":
    [[22.1820644, 42.913036000000005],
     [22.181986600000002, 42.9126215], [22.1820509, 42.9123504],
     [22.1820965, 42.912220700000006],
     [22.1821783, 42.912182400000006],
     [22.182343300000003, 42.9121814],
     [22.182623600000003, 42.9122404], [22.1829253, 42.9122757],
     [22.1831144, 42.912277700000004],
     [22.1832606, 42.912257100000005],
     [22.183405500000003, 42.9121716],
     [22.183464500000003, 42.912065500000004],
     [22.1834752, 42.9119064], [22.183571800000003, 42.9116962],
     [22.183797100000003, 42.9115115], [22.1839419, 42.9113338],
     [22.184194, 42.9111245], [22.1844864, 42.9110735],
     [22.1848619, 42.9110126], [22.185100600000002, 42.9109477],
     [22.1852535, 42.9107896], [22.185378200000002, 42.9106442],
     [22.1854587, 42.910522400000005], [22.1854614, 42.9104389],
     [22.1854131, 42.9103014]]}},
  {"type":"Feature",
   "properties":{},
   "geometry":
   {"type":"LineString",
    "coordinates":
    [[22.202360600000002, 42.906751500000006],
     [22.2024584, 42.906787200000004], [22.2028475, 42.9069743],
     [22.202858300000003, 42.9070374], [22.2028335, 42.907103],
     [22.2028076, 42.9071227], [22.2027624, 42.9071464],
     [22.202462800000003, 42.907203300000006],
     [22.2014804, 42.907359400000004], [22.2010784, 42.9074052],
     [22.2008122, 42.9074131], [22.2001087, 42.9075922],
     [22.1998941, 42.9076121], [22.199231400000002, 42.9077672],
     [22.198699, 42.907856800000005],
     [22.198283500000002, 42.907996000000004],
     [22.197938500000003, 42.9080856],
     [22.1975419, 42.908107400000006],
     [22.197069300000003, 42.9081035], [22.1968113, 42.9080199],
     [22.196575000000003, 42.907777200000005],
     [22.1964663, 42.9075265], [22.196281600000002, 42.9074091],
     [22.1958606, 42.9074171],
     [22.194755100000002, 42.907771200000006],
     [22.1945541, 42.9078667], [22.1943477, 42.907892600000004],
     [22.194209200000003, 42.9078826],
     [22.194010900000002, 42.9080318],
     [22.193674100000003, 42.908244700000004],
     [22.192463500000002, 42.908608400000006],
     [22.1919165, 42.908811400000005],
     [22.1914027, 42.909044200000004],
     [22.1906229, 42.909238800000004], [22.1900596, 42.9094673],
     [22.189561700000002, 42.9094709],
     [22.189249800000002, 42.9095667], [22.1888022, 42.9096257],
     [22.188545700000002, 42.9097067], [22.188344500000003, 42.909703],
     [22.1881081, 42.909795100000004],
     [22.187937100000003, 42.909802500000005],
     [22.187761000000002, 42.9096551],
     [22.187660400000002, 42.9095078], [22.1874492, 42.909342],
     [22.187243000000002, 42.9092867],
     [22.186830500000003, 42.909312500000006],
     [22.1866193, 42.9092757], [22.1863879, 42.909308800000005],
     [22.1860912, 42.9095225], [22.1857341, 42.909854100000004],
     [22.185497700000003, 42.9101267], [22.1854131, 42.9103014]]}},
  {"type":"Feature",
   "properties":{},
   "geometry":
   {"type":"LineString",
    "coordinates":
    [[22.202360600000002, 42.906751500000006],
     [22.2023982, 42.906700400000005],
     [22.2023982, 42.906665000000004], [22.2023848, 42.906612],
     [22.202344500000002, 42.906562900000004],
     [22.2022936, 42.906529500000005], [22.2019744, 42.9063743],
     [22.201800000000002, 42.906240700000005],
     [22.2017437, 42.906173900000006],
     [22.201711500000002, 42.906105100000005],
     [22.2017062, 42.9060226], [22.201682, 42.905775000000006],
     [22.201620300000002, 42.9056021], [22.201556, 42.9054882],
     [22.201483500000002, 42.905399800000005],
     [22.2013146, 42.9052348], [22.2011697, 42.9050403],
     [22.200847900000003, 42.904549100000004],
     [22.200668200000003, 42.9043094],
     [22.200574300000003, 42.904175800000004],
     [22.200560900000003, 42.904073600000004], [22.200585, 42.9039695],
     [22.2006628, 42.9038811], [22.2007084, 42.9038496],
     [22.2007808, 42.903828000000004], [22.2010195, 42.9037809],
     [22.2011778, 42.903761200000005],
     [22.2012663, 42.903743600000006],
     [22.2013092, 42.903718000000005]]}},
  {"type":"Feature",
   "properties":{},
   "geometry":
   {"type":"LineString",
    "coordinates":
    [[22.2126768, 42.902675], [22.212314900000003, 42.902884500000006],
     [22.2116392, 42.9032812], [22.211424, 42.9032738],
     [22.211246900000003, 42.903218200000005],
     [22.210662300000003, 42.9033573],
     [22.2100751, 42.903639000000005],
     [22.2099283, 42.903670500000004],
     [22.209675200000003, 42.9036576], [22.209202, 42.9033091],
     [22.2090451, 42.9031923], [22.208792000000003, 42.9028827],
     [22.208470600000002, 42.9026584],
     [22.2081011, 42.902543400000006],
     [22.207716400000002, 42.902571200000004],
     [22.207263400000002, 42.9025249],
     [22.206974900000002, 42.9023413],
     [22.2056006, 42.902122600000006],
     [22.2049097, 42.902052100000006],
     [22.2043757, 42.901935300000005],
     [22.2038265, 42.901889000000004],
     [22.203173600000003, 42.9019057], [22.203042, 42.9020373],
     [22.2030141, 42.9021782],
     [22.203148300000002, 42.902419200000004],
     [22.203302700000002, 42.902797400000004],
     [22.2032242, 42.9030884], [22.2030698, 42.903272],
     [22.202713000000003, 42.903553800000005],
     [22.2022498, 42.9038374], [22.202042300000002, 42.9038745],
     [22.201847400000002, 42.90388], [22.2016829, 42.903831800000006],
     [22.2013092, 42.903718000000005]]}}]}
