{"type":"FeatureCollection",
 "properties":{},
 "features":
 [{"type":"Feature",
   "properties":{},
   "geometry":
   {"type":"LineString",
    "coordinates":
    [[22.135433900000002, 42.9641947],
     [22.135406200000002, 42.964109400000005],
     [22.1353693, 42.9636482]]}},
  {"type":"Feature",
   "properties":{},
   "geometry":
   {"type":"LineString",
    "coordinates":
    [[22.1356334, 42.9654602], [22.1355627, 42.9648571],
     [22.135477400000003, 42.964313700000005],
     [22.135433900000002, 42.9641947]]}},
  {"type":"Feature",
   "properties":{},
   "geometry":
   {"type":"LineString",
    "coordinates":
    [[22.1356334, 42.9654602], [22.1352575, 42.965549200000005],
     [22.135026800000002, 42.9656174], [22.1349424, 42.9656448],
     [22.1348944, 42.965656700000004],
     [22.134835300000002, 42.9656734],
     [22.134729500000002, 42.9657026], [22.1346683, 42.9657221],
     [22.134612100000002, 42.965736], [22.1345385, 42.9657489],
     [22.1344621, 42.965756400000004], [22.1343901, 42.9657581],
     [22.1343301, 42.965756500000005],
     [22.134192000000002, 42.9657472],
     [22.1340314, 42.965734000000005],
     [22.1338158, 42.965717500000004],
     [22.133292700000002, 42.965687800000005],
     [22.1331838, 42.9656868], [22.133078, 42.9656895],
     [22.1329792, 42.9657007]]}},
  {"type":"Feature",
   "properties":{},
   "geometry":
   {"type":"LineString",
    "coordinates":
    [[22.1329792, 42.9657007], [22.1329075, 42.9657324],
     [22.1328315, 42.9657617], [22.132726100000003, 42.9657989],
     [22.132578900000002, 42.965838500000004],
     [22.1325116, 42.9658585], [22.1324636, 42.9658777],
     [22.1324052, 42.9659156]]}},
  {"type":"Feature",
   "properties":{},
   "geometry":
   {"type":"LineString",
    "coordinates":
    [[22.1324052, 42.9659156], [22.1323829, 42.9659477],
     [22.1322578, 42.9661282], [22.1321465, 42.9662887],
     [22.132032900000002, 42.9664525],
     [22.1320163, 42.966476400000005],
     [22.131979700000002, 42.966529200000004],
     [22.1319263, 42.9666124]]}},
  {"type":"Feature",
   "properties":{},
   "geometry":
   {"type":"LineString",
    "coordinates":
    [[22.1319263, 42.9666124], [22.13192, 42.9667747],
     [22.1319096, 42.967040700000005],
     [22.131886400000003, 42.967495500000005],
     [22.1317969, 42.9677549], [22.131761100000002, 42.9678136],
     [22.1316956, 42.967885900000006], [22.1315521, 42.9680091]]}},
  {"type":"Feature",
   "properties":{},
   "geometry":
   {"type":"LineString",
    "coordinates":
    [[22.1347047, 42.9698336],
     [22.134571400000002, 42.969769400000004],
     [22.134313600000002, 42.9696426], [22.1341211, 42.9695271],
     [22.1340027, 42.969447900000006], [22.1331443, 42.9687555],
     [22.1326396, 42.9684448], [22.132182200000003, 42.9682322],
     [22.1315521, 42.9680091]]}},
  {"type":"Feature",
   "properties":{},
   "geometry":
   {"type":"LineString",
    "coordinates":
    [[22.1347634, 42.970532600000006],
     [22.134819200000003, 42.970161700000006],
     [22.134783300000002, 42.9699657], [22.1347047, 42.9698336]]}},
  {"type":"Feature",
   "properties":{},
   "geometry":
   {"type":"LineString",
    "coordinates":
    [[22.1347634, 42.970532600000006], [22.134663, 42.9710811],
     [22.134671, 42.971417900000006], [22.1347579, 42.971727400000006],
     [22.1350066, 42.972461], [22.1352796, 42.9732494],
     [22.1355891, 42.973994600000005], [22.1356097, 42.9741092],
     [22.1356545, 42.974241], [22.135693200000002, 42.9744347],
     [22.135765600000003, 42.9747143],
     [22.1357839, 42.974760200000006], [22.1358353, 42.9748888],
     [22.1358579, 42.974970400000004],
     [22.1358472, 42.974999800000006]]}},
  {"type":"Feature",
   "properties":{},
   "geometry":
   {"type":"LineString",
    "coordinates":
    [[22.1358472, 42.974999800000006],
     [22.135825800000003, 42.975020400000005], [22.135811, 42.975045],
     [22.1358526, 42.975112700000004], [22.1359424, 42.9752785],
     [22.1359666, 42.9753403], [22.1359786, 42.9754208],
     [22.1360014, 42.9754895], [22.1361047, 42.9756523],
     [22.136117900000002, 42.975694000000004],
     [22.136115800000002, 42.9757283], [22.136054, 42.9759479],
     [22.136051900000002, 42.976046800000006],
     [22.1360572, 42.9761255],
     [22.136050800000003, 42.976173800000005],
     [22.1360391, 42.976220500000004],
     [22.1359867, 42.976318600000006],
     [22.135937100000003, 42.9764707], [22.1358579, 42.9766708],
     [22.135854700000003, 42.9766962], [22.1358941, 42.9768052],
     [22.1359344, 42.976928900000004],
     [22.1359625, 42.977050500000004],
     [22.1359679, 42.977152600000004], [22.1359666, 42.9772693],
     [22.1359478, 42.9773361], [22.1358687, 42.977578400000006],
     [22.1358566, 42.9776393], [22.1358201, 42.9780919],
     [22.1358336, 42.9784182], [22.135874100000002, 42.9787854],
     [22.1358861, 42.9788481], [22.1359248, 42.978964000000005],
     [22.1359789, 42.979071600000005],
     [22.1360177, 42.979122200000006],
     [22.136815300000002, 42.9796816]]}},
  {"type":"Feature",
   "properties":{},
   "geometry":
   {"type":"LineString",
    "coordinates":
    [[22.138668900000003, 42.9869872],
     [22.138682300000003, 42.986826300000004],
     [22.138717200000002, 42.986377000000005],
     [22.1387053, 42.9862562],
     [22.138700800000002, 42.986135100000006],
     [22.138703800000002, 42.986014000000004],
     [22.138711, 42.985921700000006], [22.1387225, 42.9858296],
     [22.1387435, 42.985795800000005], [22.1387579, 42.9857603],
     [22.1387655, 42.9857236], [22.1387661, 42.9856866],
     [22.138759800000003, 42.985649800000004],
     [22.138746700000002, 42.985614000000005],
     [22.138733300000002, 42.985503900000005], [22.1387253, 42.985396],
     [22.1387225, 42.985288000000004], [22.1387199, 42.9847642],
     [22.138724200000002, 42.9846797],
     [22.138733300000002, 42.9845954],
     [22.138742500000003, 42.9845367],
     [22.138741300000003, 42.9844777],
     [22.1387328, 42.984430200000006],
     [22.138717500000002, 42.9843836],
     [22.138695700000003, 42.984338400000006],
     [22.138662500000002, 42.9842972],
     [22.138623000000003, 42.9842591],
     [22.138577700000003, 42.984224600000005],
     [22.1385134, 42.984187000000006], [22.1384422, 42.9841567],
     [22.138365800000003, 42.9841343],
     [22.137960800000002, 42.983940100000005],
     [22.137778400000002, 42.983851800000004], [22.137761, 42.9838364],
     [22.1377491, 42.983818400000004],
     [22.137743500000003, 42.9837988],
     [22.1377442, 42.983780200000005], [22.1377506, 42.9837623],
     [22.137762300000002, 42.9837458], [22.1378331, 42.9836916],
     [22.137909800000003, 42.9836418], [22.1379789, 42.9836035],
     [22.138051400000002, 42.9835687],
     [22.138127100000002, 42.9835378], [22.138508, 42.9834279],
     [22.138625700000002, 42.9833976],
     [22.138746700000002, 42.983375300000006],
     [22.138870100000002, 42.983361200000004],
     [22.138969200000002, 42.9833559], [22.1390686, 42.9833559],
     [22.139167800000003, 42.983361200000004],
     [22.1392308, 42.9833507], [22.1392902, 42.983332100000005],
     [22.139344, 42.983305800000004], [22.1393904, 42.9832729],
     [22.139421300000002, 42.9832423],
     [22.1394458, 42.983208700000006], [22.1394634, 42.9831729],
     [22.139473600000002, 42.983135600000004],
     [22.139457500000002, 42.9828923],
     [22.1394518, 42.982826100000004],
     [22.139436800000002, 42.9827608], [22.1394127, 42.9826969],
     [22.139379700000003, 42.982635200000004],
     [22.1393358, 42.9825734], [22.1392831, 42.982515500000005],
     [22.139216, 42.982474200000006], [22.1391412, 42.982440600000004],
     [22.139060500000003, 42.9824154], [22.1390019, 42.9824032],
     [22.138941900000003, 42.9823955], [22.1389344, 42.9823801],
     [22.1389193, 42.982367], [22.138898700000002, 42.9823588],
     [22.1388754, 42.9823566], [22.138682300000003, 42.9823546],
     [22.138574600000002, 42.982354], [22.1384677, 42.9823448],
     [22.138387100000003, 42.982332],
     [22.138308300000002, 42.982314300000006],
     [22.138231700000002, 42.982291800000006],
     [22.138158100000002, 42.98227],
     [22.138087300000002, 42.982243800000006],
     [22.138019800000002, 42.982213300000005],
     [22.137941400000003, 42.982170100000005],
     [22.137869600000002, 42.9821211],
     [22.137846500000002, 42.9820842],
     [22.137834700000003, 42.9820446],
     [22.137834100000003, 42.982009700000006],
     [22.1378422, 42.9819753], [22.1378589, 42.9819426],
     [22.138076100000003, 42.981512800000004],
     [22.138084900000003, 42.9814669], [22.1380842, 42.9814206],
     [22.138074600000003, 42.981377],
     [22.138056600000002, 42.981334800000006],
     [22.138030500000003, 42.981295], [22.1379622, 42.981208300000006],
     [22.1379018, 42.9811184],
     [22.137840800000003, 42.981008100000004],
     [22.137791800000002, 42.9808947],
     [22.137748900000002, 42.980761300000005], [22.1377278, 42.980704],
     [22.137703300000002, 42.9806475], [22.1376543, 42.9805538],
     [22.137596000000002, 42.980463],
     [22.137542800000002, 42.980397200000006],
     [22.1374941, 42.980329600000005],
     [22.137448600000003, 42.980257800000004],
     [22.137420300000002, 42.980192], [22.137407900000003, 42.9801687],
     [22.137397500000002, 42.9801549],
     [22.137385000000002, 42.9801481],
     [22.137369900000003, 42.980144900000006],
     [22.137365300000003, 42.9801196],
     [22.1373506, 42.980093100000005], [22.1373268, 42.9800703],
     [22.1372956, 42.980052900000004],
     [22.1371995, 42.980002600000006], [22.137109000000002, 42.979947],
     [22.1370246, 42.9798865], [22.1369469, 42.979821400000006],
     [22.1368775, 42.979753300000006],
     [22.136815300000002, 42.9796816]]}},
  {"type":"Feature",
   "properties":{},
   "geometry":
   {"type":"LineString",
    "coordinates":
    [[22.138668900000003, 42.9869872], [22.138714, 42.9875168],
     [22.1386939, 42.9879473], [22.1387089, 42.9881478],
     [22.1389026, 42.9883042], [22.139149, 42.988405400000005],
     [22.139237100000003, 42.9884624],
     [22.139272300000002, 42.9885378], [22.1391239, 42.9888892],
     [22.138962900000003, 42.9893215], [22.1389101, 42.989522],
     [22.138887500000003, 42.989779500000004],
     [22.138867400000002, 42.9899708],
     [22.138905100000002, 42.9904031],
     [22.1390007, 42.990726900000006], [22.1390907, 42.9909084],
     [22.1391566, 42.9910414], [22.1392521, 42.991172000000006],
     [22.1394357, 42.9913376], [22.1395766, 42.9914222],
     [22.1399563, 42.991584100000004], [22.1401223, 42.9916448],
     [22.1401267, 42.9918412]]}},
  {"type":"Feature",
   "properties":{},
   "geometry":
   {"type":"LineString",
    "coordinates":
    [[22.14656, 42.992000100000006], [22.1465268, 42.9920051],
     [22.146492900000002, 42.9920069],
     [22.146462500000002, 42.9920058], [22.146432500000003, 42.992002],
     [22.146303800000002, 42.9919755],
     [22.146231200000003, 42.9919614],
     [22.146157300000002, 42.9919516],
     [22.146082500000002, 42.9919461],
     [22.145989800000002, 42.991945400000006],
     [22.145897400000003, 42.991951300000004],
     [22.1458063, 42.9919638], [22.1457136, 42.9919845],
     [22.145624700000003, 42.992012700000004],
     [22.1455407, 42.992048100000005],
     [22.1453047, 42.992157000000006],
     [22.145219100000002, 42.992198800000004],
     [22.14513, 42.992236500000004], [22.1450378, 42.9922698],
     [22.1449326, 42.992301600000005],
     [22.1448246, 42.992327700000004], [22.1447717, 42.992331],
     [22.1447186, 42.9923306], [22.1446474, 42.9923245],
     [22.1445778, 42.992312000000005],
     [22.144495300000003, 42.9923007], [22.1444115, 42.9922963],
     [22.1443382, 42.9922982], [22.1442656, 42.9923054],
     [22.1441942, 42.9923179], [22.144004000000002, 42.9923573],
     [22.1438174, 42.9924052], [22.1437563, 42.9924276],
     [22.143691500000003, 42.992443400000006],
     [22.143624300000003, 42.992452300000004],
     [22.1435509, 42.9924539], [22.1435141, 42.992453000000005],
     [22.143478100000003, 42.9924474], [22.1434336, 42.9924328],
     [22.1433949, 42.992411100000005],
     [22.143368900000002, 42.9923927],
     [22.143340000000002, 42.9923768],
     [22.143293500000002, 42.9923584],
     [22.143243400000003, 42.9923463], [22.1431843, 42.992337],
     [22.143124, 42.992332600000005], [22.143055, 42.992327],
     [22.1429872, 42.9923159], [22.1429161, 42.992297900000004],
     [22.142848200000003, 42.992274], [22.1427847, 42.9922443],
     [22.142535300000002, 42.9921148],
     [22.1424647, 42.992077800000004],
     [22.1423878, 42.992048100000005], [22.1423202, 42.9920296],
     [22.142250100000002, 42.9920168], [22.1421786, 42.9920099],
     [22.1420359, 42.9919929], [22.141894200000003, 42.9919716],
     [22.1417508, 42.991964800000005],
     [22.1416073, 42.991960500000005], [22.1414638, 42.9919589],
     [22.141318300000002, 42.991967],
     [22.141172400000002, 42.991969000000005],
     [22.1410266, 42.991964800000005], [22.1408996, 42.991956],
     [22.1407734, 42.9919426], [22.1406484, 42.9919245],
     [22.140466800000002, 42.9918956], [22.1402863, 42.9918637],
     [22.1402071, 42.991849900000005], [22.1401267, 42.9918412]]}},
  {"type":"Feature",
   "properties":{},
   "geometry":
   {"type":"LineString",
    "coordinates":
    [[22.14656, 42.992000100000006], [22.1465986, 42.9921706],
     [22.1466628, 42.992262000000004],
     [22.146711800000002, 42.9923214], [22.1468385, 42.9923893],
     [22.1474164, 42.9926365], [22.1474958, 42.992676100000004],
     [22.1479402, 42.9930159],
     [22.148099000000002, 42.993172900000005],
     [22.148338900000002, 42.993441100000005],
     [22.1483947, 42.9935696], [22.1484352, 42.993797],
     [22.148396100000003, 42.994630400000005],
     [22.1484707, 42.994966700000006], [22.1484855, 42.9950841],
     [22.148509800000003, 42.995200700000005],
     [22.148543500000002, 42.995316], [22.1485865, 42.9954296],
     [22.148638700000003, 42.995541200000005],
     [22.1487011, 42.995652500000006], [22.1487726, 42.9957608],
     [22.1488529, 42.9958657],
     [22.148941800000003, 42.995966900000006],
     [22.1491134, 42.996284700000004], [22.1493709, 42.9965142],
     [22.1496955, 42.9967673], [22.149971700000002, 42.9971381],
     [22.150058700000002, 42.9972214], [22.1501555, 42.9972988],
     [22.1502614, 42.997369600000006], [22.1503544, 42.9974222],
     [22.1504523, 42.997469800000005], [22.150554800000002, 42.997512],
     [22.150661200000002, 42.9975486],
     [22.150771000000002, 42.9975795],
     [22.150850300000002, 42.997615100000004],
     [22.150933700000003, 42.9976452], [22.1510205, 42.9976697],
     [22.1511274, 42.997691100000004],
     [22.1512369, 42.997703900000005],
     [22.151370500000002, 42.9977187],
     [22.151566300000002, 42.997756100000004],
     [22.151869400000002, 42.997818800000005],
     [22.1521671, 42.9978762], [22.1522571, 42.9978952],
     [22.1523013, 42.997904500000004],
     [22.152342700000002, 42.997919100000004],
     [22.1523803, 42.997938500000004],
     [22.152418800000003, 42.997967200000005], [22.1524487, 42.998001],
     [22.152472300000003, 42.9980385],
     [22.152623100000003, 42.9983151], [22.1527183, 42.9986015],
     [22.1527961, 42.999188000000004],
     [22.1528631, 42.999562700000006], [22.1530831, 42.999906],
     [22.1533352, 43.000306200000004], [22.1536276, 43.0007083],
     [22.1539387, 43.0010418], [22.154009900000002, 43.0010959],
     [22.1540889, 43.0011438], [22.154174700000002, 43.001185],
     [22.154264400000002, 43.001218400000006],
     [22.154358600000002, 43.001244400000004], [22.154456, 43.0012628],
     [22.154555600000002, 43.0012733], [22.1549419, 43.0012812],
     [22.1550352, 43.0012965], [22.1551806, 43.0013203],
     [22.1552744, 43.0013595], [22.155363, 43.0014047],
     [22.155435100000002, 43.0014485],
     [22.155502300000002, 43.0014964],
     [22.155564100000003, 43.001547900000006], [22.155835, 43.0018304],
     [22.1559025, 43.0018819], [22.1559764, 43.001928400000004],
     [22.1560561, 43.0019696], [22.156140800000003, 43.0020049],
     [22.156225600000003, 43.002033000000004],
     [22.156313500000003, 43.0020552],
     [22.1564039, 43.002071400000005],
     [22.156495900000003, 43.0020815],
     [22.1565887, 43.002085400000006],
     [22.1569696, 43.002123600000004], [22.157086, 43.002162600000005],
     [22.1571472, 43.002201500000005],
     [22.157200300000003, 43.0022462],
     [22.157243700000002, 43.0022953], [22.1572773, 43.0023483],
     [22.157300600000003, 43.0024042], [22.1573129, 43.002462],
     [22.157321000000003, 43.0029995], [22.1572968, 43.003484],
     [22.157052800000002, 43.003839], [22.156913300000003, 43.0042509],
     [22.156690700000002, 43.0045961],
     [22.156599500000002, 43.0047962], [22.1565914, 43.0048424],
     [22.156591000000002, 43.004889000000006],
     [22.1565982, 43.0049353], [22.156612900000002, 43.0049806],
     [22.156641, 43.0050341], [22.1566796, 43.005084100000005],
     [22.156727800000002, 43.0051293], [22.1567805, 43.0051787],
     [22.156991100000003, 43.0054062],
     [22.1571171, 43.005722000000006],
     [22.1571761, 43.006059400000005], [22.1572378, 43.0062457],
     [22.1572731, 43.006282500000005],
     [22.157314900000003, 43.006315400000005],
     [22.1573625, 43.006343900000005],
     [22.157414900000003, 43.0063673], [22.1574765, 43.0063868],
     [22.157541300000002, 43.006399300000005], [22.157608, 43.0064046],
     [22.157675, 43.0064026], [22.1578386, 43.006432100000005],
     [22.1580532, 43.006571300000004],
     [22.158200700000002, 43.0067655], [22.1582517, 43.0069656],
     [22.1582437, 43.0070989], [22.1582973, 43.007189200000006],
     [22.1583939, 43.0071813],
     [22.158443300000002, 43.007084600000006],
     [22.1584851, 43.0070014], [22.1584891, 43.006852800000004],
     [22.158528, 43.0065223], [22.158549400000002, 43.006328100000005],
     [22.158624500000002, 43.0062398],
     [22.158745200000002, 43.0062085], [22.1589518, 43.0062261],
     [22.159533800000002, 43.006281], [22.159957600000002, 43.0062889],
     [22.160362600000003, 43.006283], [22.160671, 43.006337900000005],
     [22.1609285, 43.006439900000004], [22.1609768, 43.0064968],
     [22.1609674, 43.006555600000006], [22.1609044, 43.0066037],
     [22.1607984, 43.0066488], [22.1605369, 43.006806700000006],
     [22.1604162, 43.0069597], [22.160378700000003, 43.0071245],
     [22.160424300000003, 43.0073383], [22.1606764, 43.0076638],
     [22.160927100000002, 43.007897500000006],
     [22.1610298, 43.008006200000004]]}},
  {"type":"Feature",
   "properties":{},
   "geometry":
   {"type":"LineString",
    "coordinates":
    [[22.1610298, 43.008006200000004], [22.1618953, 43.008491],
     [22.1624686, 43.0087466], [22.1626528, 43.008743900000006]]}},
  {"type":"Feature",
   "properties":{},
   "geometry":
   {"type":"LineString",
    "coordinates":
    [[22.165024300000002, 43.0125083], [22.1649739, 43.0123915],
     [22.1648922, 43.012224200000006], [22.1647684, 43.0121115],
     [22.164413500000002, 43.0118759], [22.164275, 43.0117941],
     [22.164129300000003, 43.011719500000005],
     [22.1639769, 43.0116523],
     [22.163862100000003, 43.011608200000005],
     [22.163736500000002, 43.0115448],
     [22.163651100000003, 43.0115111], [22.1635671, 43.0114718],
     [22.1634965, 43.0114389], [22.163432800000002, 43.0113992],
     [22.163377, 43.0113536], [22.1633302, 43.0113028],
     [22.1633031, 43.0112644], [22.1632812, 43.0112243],
     [22.1632806, 43.0111524], [22.1633067, 43.0110461],
     [22.1633393, 43.0109447], [22.1633791, 43.0108447],
     [22.1634268, 43.0107988],
     [22.163481800000003, 43.010757600000005],
     [22.1635375, 43.0107246], [22.1635978, 43.0106963],
     [22.163662000000002, 43.010673000000004],
     [22.1637294, 43.0106551], [22.1638321, 43.010598800000004],
     [22.1638747, 43.0105507], [22.1639091, 43.010499200000005],
     [22.1639348, 43.010445100000005], [22.1639506, 43.0103935],
     [22.163958400000002, 43.0103409], [22.1639582, 43.010288],
     [22.1639504, 43.0102245], [22.1639349, 43.010161700000005],
     [22.1639117, 43.010100200000004], [22.1638811, 43.0100405],
     [22.163831300000002, 43.009967200000006],
     [22.1637704, 43.0098986], [22.163699, 43.0098356],
     [22.163582400000003, 43.009734200000004],
     [22.163456200000002, 43.0096392],
     [22.163325800000003, 43.0095539],
     [22.1631876, 43.009475300000005], [22.163105, 43.009424800000005],
     [22.163030000000003, 43.009368200000004],
     [22.1629635, 43.009306300000006],
     [22.162910200000002, 43.0092447],
     [22.1628653, 43.009179700000004],
     [22.162829300000002, 43.009111700000005],
     [22.1628024, 43.0090416], [22.1627066, 43.008843500000005],
     [22.1626528, 43.008743900000006]]}},
  {"type":"Feature",
   "properties":{},
   "geometry":
   {"type":"LineString",
    "coordinates":
    [[22.164938300000003, 43.0130678],
     [22.164915800000003, 43.0129376],
     [22.164937000000002, 43.012792700000006],
     [22.1649534, 43.0127393], [22.165024300000002, 43.0125083]]}},
  {"type":"Feature",
   "properties":{},
   "geometry":
   {"type":"LineString",
    "coordinates":
    [[22.164938300000003, 43.0130678], [22.164971, 43.0130168],
     [22.165011500000002, 43.0129688],
     [22.165059300000003, 43.012924600000005],
     [22.1651138, 43.0128846], [22.165174200000003, 43.0128496],
     [22.1652409, 43.012819400000005], [22.165312, 43.012795100000005],
     [22.1653865, 43.0127771], [22.1654467, 43.0127657],
     [22.1655084, 43.0127596], [22.1655705, 43.012759],
     [22.1656464, 43.0127657], [22.1657201, 43.012780500000005],
     [22.16579, 43.012803000000005], [22.1658346, 43.012835900000006],
     [22.165873700000002, 43.012872300000005],
     [22.165906800000002, 43.012911700000004],
     [22.1659356, 43.0129578], [22.1659563, 43.013006100000005],
     [22.1659685, 43.013056000000006], [22.165972, 43.0131066],
     [22.165966700000002, 43.0131571],
     [22.165952800000003, 43.013206700000005],
     [22.165943600000002, 43.0132696], [22.1659435, 43.0133329],
     [22.165952500000003, 43.013395800000005],
     [22.1659705, 43.013457700000004], [22.1660034, 43.0135294],
     [22.1660483, 43.0135975], [22.1662678, 43.013944200000005],
     [22.166327300000003, 43.013993500000005],
     [22.1664023, 43.014055500000005],
     [22.166685400000002, 43.0141228], [22.1667342, 43.014133],
     [22.166779400000003, 43.0141501], [22.1668191, 43.0141732],
     [22.1668519, 43.0142016], [22.1668765, 43.0142341],
     [22.166892, 43.014269600000006],
     [22.166897600000002, 43.014306700000006],
     [22.1668932, 43.014343800000006],
     [22.1668789, 43.014379600000005], [22.1668553, 43.0144126],
     [22.166756200000002, 43.014542000000006],
     [22.16673, 43.014557800000006],
     [22.166711300000003, 43.014578500000006], [22.166702, 43.0146024],
     [22.166702800000003, 43.0146272],
     [22.166713700000003, 43.014650700000004],
     [22.166733, 43.014670300000006], [22.1667592, 43.014685],
     [22.1667902, 43.0146935], [22.166823100000002, 43.014695],
     [22.1668553, 43.0146895],
     [22.167209200000002, 43.014630000000004],
     [22.1672318, 43.014620400000005], [22.1672577, 43.0146176],
     [22.1672832, 43.0146218],
     [22.167304700000003, 43.014632600000006],
     [22.167319900000003, 43.0146492], [22.1673252, 43.0146688],
     [22.167319900000003, 43.014688400000004],
     [22.167304700000003, 43.0147051],
     [22.167209200000002, 43.0148991],
     [22.1671935, 43.014919400000004],
     [22.167185500000002, 43.014941900000004],
     [22.167185500000002, 43.014965100000005],
     [22.1671935, 43.014987600000005],
     [22.167209200000002, 43.0150078], [22.1672355, 43.0150268],
     [22.1672684, 43.015039300000005],
     [22.167304700000003, 43.015044100000004],
     [22.167573700000002, 43.015095800000005],
     [22.1676056, 43.015214900000004],
     [22.1677047, 43.015429600000004],
     [22.167817900000003, 43.015672900000006],
     [22.1679418, 43.0159317], [22.1679701, 43.0161232],
     [22.1680834, 43.016350900000006],
     [22.168224900000002, 43.0165967],
     [22.1683276, 43.016855500000005],
     [22.168373600000002, 43.0170418], [22.1684762, 43.017254],
     [22.1685187, 43.017417], [22.1685258, 43.0175593],
     [22.168539900000003, 43.0177223],
     [22.1685753, 43.017807700000006], [22.1686072, 43.017963],
     [22.1686036, 43.018069100000005], [22.1685966, 43.0181648],
     [22.168600100000003, 43.018258], [22.1686567, 43.018320100000004],
     [22.168759400000003, 43.0184055],
     [22.168925700000003, 43.018534900000006], [22.1690779, 43.018672],
     [22.169223600000002, 43.0188058],
     [22.1693263, 43.018952600000006],
     [22.1693263, 43.019147200000006],
     [22.169354400000003, 43.0193043],
     [22.169457100000002, 43.0194545],
     [22.169559800000002, 43.0196082],
     [22.169653200000003, 43.019744700000004],
     [22.1697607, 43.0199086], [22.1698634, 43.0201135],
     [22.170400400000002, 43.020400300000006],
     [22.170713300000003, 43.020577800000005],
     [22.171189700000003, 43.0206871], [22.171638, 43.0208578],
     [22.171899500000002, 43.0209295],
     [22.172403900000003, 43.0209841], [22.1728382, 43.0209841],
     [22.173151100000002, 43.0209944],
     [22.1733425, 43.020987500000004], [22.1735013, 43.0209636],
     [22.1738049, 43.0208646], [22.1743746, 43.020731500000004],
     [22.1745194, 43.020728000000005],
     [22.1746501, 43.020738300000005],
     [22.174757600000003, 43.020792900000004], [22.1748276, 43.020868],
     [22.1750237, 43.0210865], [22.175247900000002, 43.0214007],
     [22.1754907, 43.021615700000005],
     [22.1756962, 43.021813800000004], [22.175827, 43.0219128],
     [22.176105800000002, 43.0220147],
     [22.1762896, 43.022041200000004],
     [22.176461200000002, 43.0220421], [22.1766463, 43.0220696],
     [22.1768676, 43.022106900000004], [22.1770594, 43.022151],
     [22.1771961, 43.022182400000005],
     [22.177322200000003, 43.022248000000005], [22.1773987, 43.02235],
     [22.177445600000002, 43.0224726],
     [22.177488500000003, 43.0225383],
     [22.177536800000002, 43.0226294],
     [22.177634700000002, 43.0227657], [22.1778063, 43.0229334],
     [22.1779726, 43.023050100000006],
     [22.178045100000002, 43.0231197],
     [22.1780933, 43.023181400000006],
     [22.178113500000002, 43.0232158],
     [22.1781282, 43.023250100000006],
     [22.1781389, 43.023303000000006], [22.1781228, 43.0233756],
     [22.178120200000002, 43.023470700000004],
     [22.1781282, 43.0235217], [22.178156400000002, 43.0235805],
     [22.178325400000002, 43.0237837], [22.178661700000003, 43.023992],
     [22.1791847, 43.0241695], [22.1796517, 43.0242481],
     [22.1801794, 43.0243812], [22.180651100000002, 43.0245929],
     [22.181052700000002, 43.0247499],
     [22.1816925, 43.024917200000004],
     [22.182290300000002, 43.025139100000004],
     [22.182617200000003, 43.0253303],
     [22.1829347, 43.025511200000004], [22.1831402, 43.0256239],
     [22.1834345, 43.0256422], [22.1837738, 43.0255604],
     [22.184308700000003, 43.025309500000006]]}},
  {"type":"Feature",
   "properties":{},
   "geometry":
   {"type":"LineString",
    "coordinates":
    [[22.184308700000003, 43.025309500000006],
     [22.1847479, 43.0251694], [22.1850433, 43.025134400000006],
     [22.186193000000003, 43.025166500000005],
     [22.186556300000003, 43.024959300000006],
     [22.1876581, 43.0245711], [22.187889600000002, 43.0244719],
     [22.1881731, 43.024579900000006],
     [22.188432600000002, 43.0247229],
     [22.1885803, 43.024827900000005],
     [22.189203000000003, 43.024944700000006],
     [22.1893587, 43.0250001], [22.1894665, 43.0249563],
     [22.1897859, 43.024930100000006],
     [22.190049300000002, 43.0249272],
     [22.190205000000002, 43.0249096],
     [22.190444600000003, 43.0248542], [22.191215, 43.0248484],
     [22.1915064, 43.024830800000004], [22.1917739, 43.0247462],
     [22.191973500000003, 43.024652800000005],
     [22.192085300000002, 43.0244427], [22.192221, 43.0243814],
     [22.1924007, 43.0244048], [22.192632200000002, 43.0243989],
     [22.1928957, 43.0243668], [22.193091300000003, 43.024396],
     [22.1931911, 43.0245127], [22.1931552, 43.0246353],
     [22.1931312, 43.024798700000005],
     [22.1928518, 43.025178100000005],
     [22.192672100000003, 43.025367800000005],
     [22.192480500000002, 43.0255108],
     [22.192480500000002, 43.0255663], [22.1925923, 43.025578],
     [22.1930753, 43.0254525], [22.1930833, 43.0255634],
     [22.193063300000002, 43.025852300000004],
     [22.193183100000002, 43.026009900000005], [22.193722, 43.0259282],
     [22.1938977, 43.0259311], [22.1941372, 43.0258727],
     [22.1943488, 43.025864000000006],
     [22.1950594, 43.026199600000005],
     [22.196308900000002, 43.0263513],
     [22.196580400000002, 43.0263426],
     [22.1967161, 43.026255000000006], [22.196756, 43.0261821],
     [22.196823900000002, 43.026217100000004],
     [22.196895700000002, 43.0263251], [22.1970993, 43.0263834],
     [22.197247, 43.0263951], [22.1973708, 43.0264272],
     [22.197530500000003, 43.0266432], [22.197865800000002, 43.026865],
     [22.1982171, 43.0269904], [22.1984646, 43.0271831],
     [22.198768, 43.0273611], [22.199362800000003, 43.0276471],
     [22.200484600000003, 43.0280556], [22.2008, 43.028122700000004],
     [22.201067400000003, 43.0282628],
     [22.201522500000003, 43.0284233], [22.201698200000003, 43.028651],
     [22.2017022, 43.0286947],
     [22.201845900000002, 43.028939900000005],
     [22.201977600000003, 43.028998200000004],
     [22.2022172, 43.0289778], [22.2023848, 43.0289048],
     [22.202484600000002, 43.0289194],
     [22.202668300000003, 43.029112000000005],
     [22.2027481, 43.0291675], [22.202979600000003, 43.0288844],
     [22.2031673, 43.028805600000005],
     [22.203422800000002, 43.0287589],
     [22.203582400000002, 43.0286947], [22.2037102, 43.0285955],
     [22.2039936, 43.028543000000006],
     [22.204436700000002, 43.028674300000006],
     [22.2046803, 43.028691800000004], [22.2051354, 43.0286831],
     [22.2056144, 43.0287443], [22.2061773, 43.028791000000005],
     [22.206628400000003, 43.028823100000004],
     [22.2070675, 43.029100400000004],
     [22.207267100000003, 43.0293513],
     [22.207530600000002, 43.0295877], [22.207846, 43.0297453],
     [22.2081933, 43.0298883], [22.208333, 43.030075000000004],
     [22.2086124, 43.0302297], [22.2092272, 43.030798700000005],
     [22.2097701, 43.0313561], [22.2100256, 43.031688800000005],
     [22.2101215, 43.032074], [22.210057600000003, 43.0322636],
     [22.2104408, 43.032926], [22.210724300000003, 43.0332383],
     [22.210879900000002, 43.0333667],
     [22.211398900000002, 43.0335272], [22.2117782, 43.0336847],
     [22.212069600000003, 43.033912300000004],
     [22.2123211, 43.0340378], [22.2127003, 43.034128300000006],
     [22.213103500000003, 43.0341983], [22.213442800000003, 43.03435],
     [22.2137502, 43.0346447], [22.2140936, 43.0348928],
     [22.214436900000003, 43.0350387], [22.2147802, 43.0350854],
     [22.215135500000002, 43.035088300000005],
     [22.2155227, 43.0350182], [22.215902, 43.034971600000006],
     [22.2161335, 43.034974500000004], [22.2162493, 43.0350562],
     [22.216257300000002, 43.0351875],
     [22.215898000000003, 43.0355201], [22.2156784, 43.035739],
     [22.2152992, 43.036059900000005], [22.2152712, 43.0361096],
     [22.214836100000003, 43.036567700000006],
     [22.2146604, 43.037002400000006],
     [22.214620500000002, 43.037513000000004], [22.214852, 43.0380703],
     [22.2150636, 43.0383125], [22.215039700000002, 43.0386627],
     [22.2150916, 43.0389428], [22.215019700000003, 43.0391703],
     [22.214983800000002, 43.0393921],
     [22.214983800000002, 43.0395759],
     [22.2149399, 43.039643000000005], [22.2148241, 43.0397101],
     [22.2147802, 43.0398239], [22.214584600000002, 43.0397685],
     [22.2143091, 43.039788900000005],
     [22.2141175, 43.039818100000005],
     [22.214017700000003, 43.0399844], [22.2140816, 43.0401857],
     [22.2142732, 43.040384100000004],
     [22.2143331, 43.040643800000005],
     [22.214257200000002, 43.040874300000006],
     [22.213945900000002, 43.0411456],
     [22.2136904, 43.041279800000005], [22.2134708, 43.0413499],
     [22.213283200000003, 43.0414637],
     [22.213187400000002, 43.0416621], [22.2129997, 43.0419305],
     [22.212876, 43.042152200000004],
     [22.212856000000002, 43.042499400000004],
     [22.212676400000003, 43.042762], [22.212385, 43.043091700000005],
     [22.2122372, 43.0432405], [22.2120576, 43.043482600000004],
     [22.2119338, 43.0436781], [22.2118945, 43.0438792]]}},
  {"type":"Feature",
   "properties":{},
   "geometry":
   {"type":"LineString",
    "coordinates":
    [[22.2115888, 43.045554200000005],
     [22.211701400000003, 43.045299400000005],
     [22.211834200000002, 43.0450691],
     [22.211903900000003, 43.0449514],
     [22.2119696, 43.044819100000005],
     [22.2120059, 43.044708400000005],
     [22.2120126, 43.044584900000004],
     [22.2119831, 43.044445700000004],
     [22.211949500000003, 43.0443663],
     [22.211861000000003, 43.0443105],
     [22.211675900000003, 43.0442546],
     [22.211705400000003, 43.044187900000004],
     [22.2117846, 43.0441135], [22.2118624, 43.044043900000005],
     [22.2118892, 43.0439488], [22.2118945, 43.0438792]]}},
  {"type":"Feature",
   "properties":{},
   "geometry":
   {"type":"LineString",
    "coordinates":
    [[22.211818400000002, 43.0515358],
     [22.211775000000003, 43.051530500000005],
     [22.211733600000002, 43.0515198],
     [22.2114468, 43.051374200000005], [22.2114654, 43.0513551],
     [22.2114765, 43.0513355], [22.2114815, 43.051314600000005],
     [22.211480100000003, 43.051293400000006],
     [22.2114493, 43.0510023], [22.211450600000003, 43.0508406],
     [22.211439900000002, 43.050727900000005],
     [22.2114358, 43.0506711],
     [22.211437200000002, 43.050614200000005],
     [22.211444800000002, 43.0505532], [22.2114587, 43.0504927],
     [22.211645100000002, 43.0500625],
     [22.211698100000003, 43.049989000000004],
     [22.2117374, 43.0499443],
     [22.211769800000003, 43.049896800000006],
     [22.2117946, 43.049846900000006],
     [22.211811400000002, 43.0497967],
     [22.211820600000003, 43.0497456], [22.211822100000003, 43.049694],
     [22.211816000000002, 43.049637100000005], [22.2118016, 43.049581],
     [22.211779200000002, 43.049526400000005],
     [22.2116867, 43.0493716], [22.211652100000002, 43.049335],
     [22.211612900000002, 43.049301],
     [22.211563100000003, 43.049265600000005],
     [22.211508300000002, 43.0492344],
     [22.211441500000003, 43.0491875], [22.2113809, 43.0491364],
     [22.2113327, 43.0490877],
     [22.211290100000003, 43.049036300000004],
     [22.2112535, 43.0489825], [22.2111489, 43.048736500000004],
     [22.2111477, 43.0486899], [22.2111516, 43.0486434],
     [22.211160500000002, 43.048597], [22.2111744, 43.0485513],
     [22.211224, 43.048419], [22.2112763, 43.048153400000004],
     [22.211280300000002, 43.0478711],
     [22.211296400000002, 43.0477956], [22.2113246, 43.047728],
     [22.2113581, 43.0476624], [22.211387400000003, 43.0476025],
     [22.211421100000003, 43.047479100000004],
     [22.211430500000002, 43.0473615],
     [22.211410400000002, 43.0472017], [22.2113997, 43.0470959],
     [22.211414400000002, 43.047003800000006],
     [22.211457300000003, 43.0467705],
     [22.211473400000003, 43.046499000000004],
     [22.211469400000002, 43.0463706],
     [22.211464000000003, 43.046165800000004],
     [22.2114842, 43.0459796],
     [22.211519000000003, 43.045804100000005],
     [22.2115888, 43.045554200000005]]}},
  {"type":"Feature",
   "properties":{},
   "geometry":
   {"type":"LineString",
    "coordinates":
    [[22.211818400000002, 43.0515358], [22.2119578, 43.0520481],
     [22.2121289, 43.0523207],
     [22.212566900000002, 43.052683300000005],
     [22.213768100000003, 43.053461000000006],
     [22.214233500000002, 43.0538486],
     [22.214473100000003, 43.0542712],
     [22.215137000000002, 43.0546963], [22.2152362, 43.0548488],
     [22.215794000000002, 43.055186400000004],
     [22.215876100000003, 43.055366500000005],
     [22.216102000000003, 43.055454000000005], [22.2161705, 43.055669],
     [22.2161079, 43.0559311]]}},
  {"type":"Feature",
   "properties":{},
   "geometry":
   {"type":"LineString",
    "coordinates":
    [[22.2161079, 43.0559311], [22.2164007, 43.056003100000005],
     [22.2169384, 43.056149100000006], [22.217096700000003, 43.056201],
     [22.2172549, 43.0562618], [22.217370300000002, 43.0563323],
     [22.217591600000002, 43.0564783],
     [22.217875900000003, 43.056679200000005],
     [22.2181816, 43.0568576],
     [22.218511600000003, 43.057039800000005],
     [22.2187892, 43.0572466], [22.2190359, 43.0574534],
     [22.219176700000002, 43.0575945],
     [22.219251800000002, 43.0577228]]}},
  {"type":"Feature",
   "properties":{},
   "geometry":
   {"type":"LineString",
    "coordinates":
    [[22.219251800000002, 43.0577228], [22.2190279, 43.0578267],
     [22.2188482, 43.057898200000004],
     [22.218543500000003, 43.057993800000006],
     [22.2179946, 43.0581675]]}},
  {"type":"Feature",
   "properties":{},
   "geometry":
   {"type":"LineString",
    "coordinates":
    [[22.2179946, 43.0581675], [22.2178241, 43.0582195]]}},
  {"type":"Feature",
   "properties":{},
   "geometry":
   {"type":"LineString",
    "coordinates":
    [[22.2178241, 43.0582195],
     [22.217334100000002, 43.058361000000005],
     [22.217025300000003, 43.058434500000004],
     [22.2168499, 43.0584793],
     [22.216782000000002, 43.058522800000006],
     [22.2167505, 43.0585845],
     [22.216775400000003, 43.058663100000004],
     [22.216868100000003, 43.0587877],
     [22.216996400000003, 43.058977600000006],
     [22.217029200000002, 43.059117900000004],
     [22.216980000000003, 43.059277], [22.2168442, 43.059627600000006],
     [22.2168208, 43.0598757], [22.2168372, 43.060270800000005],
     [22.2168138, 43.060481200000005]]}},
  {"type":"Feature",
   "properties":{},
   "geometry":
   {"type":"LineString",
    "coordinates":
    [[22.2168138, 43.060481200000005],
     [22.2170369, 43.060480600000005],
     [22.2171795, 43.060468300000004], [22.21732, 43.0604467],
     [22.217417, 43.0604261], [22.217512000000003, 43.060401000000006],
     [22.217557600000003, 43.060385100000005],
     [22.217604700000003, 43.060371700000005], [22.217675, 43.0603568],
     [22.2177471, 43.060347500000006], [22.2178201, 43.0603439],
     [22.2178933, 43.060346], [22.2179834, 43.0603439],
     [22.218073, 43.0603367], [22.2181615, 43.060324400000006],
     [22.2182175, 43.060312], [22.2182749, 43.060304200000004],
     [22.2183332, 43.0603009], [22.218394, 43.060302400000005],
     [22.218454100000002, 43.060309000000004],
     [22.2185129, 43.0603205], [22.218574800000003, 43.0603452],
     [22.2186404, 43.0603643], [22.2187087, 43.060377300000006],
     [22.218782700000002, 43.060384400000004],
     [22.2188573, 43.060384400000004],
     [22.2189313, 43.060377300000006], [22.2190018, 43.0603789],
     [22.2190711, 43.0603884],
     [22.219137500000002, 43.060405700000004],
     [22.219199500000002, 43.060430200000006],
     [22.2193912, 43.0605173],
     [22.219576200000002, 43.060611800000004],
     [22.2197539, 43.0607136],
     [22.219923700000002, 43.060822200000004],
     [22.220068, 43.060924400000005], [22.2202053, 43.0610316],
     [22.2203355, 43.0611436], [22.2203905, 43.061216800000004],
     [22.220455100000002, 43.061285700000006],
     [22.2205286, 43.0613497], [22.2206104, 43.0614081],
     [22.220693400000002, 43.061457100000005],
     [22.2207821, 43.061500300000006],
     [22.220875900000003, 43.0615375],
     [22.2210219, 43.061612700000005],
     [22.221165600000003, 43.0616903],
     [22.221361100000003, 43.061801800000005],
     [22.2215518, 43.0619176], [22.221856300000002, 43.0621802],
     [22.2218965, 43.0622282], [22.2219166, 43.0622684],
     [22.2219206, 43.062301700000006],
     [22.221922000000003, 43.062327200000006]]}},
  {"type":"Feature",
   "properties":{},
   "geometry":
   {"type":"LineString",
    "coordinates":
    [[22.2181198, 43.0654741], [22.2182162, 43.065042500000004],
     [22.218316700000003, 43.064970800000005], [22.2184777, 43.064732],
     [22.218573300000003, 43.064645600000006],
     [22.218683900000002, 43.0646015], [22.2187594, 43.0646125],
     [22.2188173, 43.0646033], [22.218877600000003, 43.0644876],
     [22.2189279, 43.064044800000005],
     [22.219008300000002, 43.063778400000004],
     [22.218935400000003, 43.063370500000005],
     [22.218980700000003, 43.063271300000004],
     [22.2190486, 43.063188600000004], [22.2192422, 43.0630967],
     [22.2193252, 43.062938700000004],
     [22.219624500000002, 43.062795400000006],
     [22.2198156, 43.062688800000004],
     [22.219903600000002, 43.062604300000004],
     [22.2200619, 43.062383100000005],
     [22.220222800000002, 43.0623115],
     [22.220328700000003, 43.062259600000004],
     [22.220413200000003, 43.0622253],
     [22.220457500000002, 43.0622233],
     [22.220520500000003, 43.0622361], [22.2205997, 43.0622733],
     [22.2207136, 43.0623233], [22.2208022, 43.0623566],
     [22.220914800000003, 43.062368400000004],
     [22.2210234, 43.0623674], [22.2211307, 43.0623595],
     [22.221295700000002, 43.0623537], [22.221451300000002, 43.062336],
     [22.221628300000003, 43.0623145],
     [22.221728900000002, 43.0623086],
     [22.2218643, 43.062312500000004],
     [22.221922000000003, 43.062327200000006]]}},
  {"type":"Feature",
   "properties":{},
   "geometry":
   {"type":"LineString",
    "coordinates":
    [[22.2181198, 43.0654741], [22.2181226, 43.0655135],
     [22.218118800000003, 43.065564800000004],
     [22.2181065, 43.065615400000006],
     [22.218078400000003, 43.065734000000006],
     [22.2180441, 43.0658776]]}},
  {"type":"Feature",
   "properties":{},
   "geometry":
   {"type":"LineString",
    "coordinates":
    [[22.2180441, 43.0658776], [22.218071000000002, 43.0658942],
     [22.218107, 43.0659221], [22.2181472, 43.0659469],
     [22.218191, 43.0659681], [22.2182555, 43.0659909],
     [22.218324000000003, 43.066006], [22.2183949, 43.0660132],
     [22.2184288, 43.0660195], [22.218460500000003, 43.0660304],
     [22.218488800000003, 43.0660455],
     [22.218512800000003, 43.066064600000004],
     [22.2185314, 43.0660868], [22.2185437, 43.0661112],
     [22.2186054, 43.0663561], [22.2186141, 43.0663673],
     [22.218627400000003, 43.0663758], [22.2186436, 43.0663806],
     [22.2186609, 43.0663813],
     [22.218677600000003, 43.066377900000006],
     [22.218691900000003, 43.0663708],
     [22.218714600000002, 43.066356500000005],
     [22.2187409, 43.0663458], [22.2187689, 43.066339400000004],
     [22.218798200000002, 43.0663373],
     [22.218827400000002, 43.066339500000005],
     [22.2193256, 43.066377700000004], [22.2198728, 43.0663561],
     [22.221191100000002, 43.0664071],
     [22.221215800000003, 43.0664181],
     [22.221234000000003, 43.0664345], [22.2212417, 43.0664482],
     [22.2212447, 43.066462900000005],
     [22.2212339, 43.066511600000005],
     [22.2212362, 43.066560900000006],
     [22.2212514, 43.066608900000006], [22.2212722, 43.0666445],
     [22.2213001, 43.066677500000004],
     [22.221334600000002, 43.0667069], [22.2214104, 43.0667643],
     [22.221481100000002, 43.066825200000004],
     [22.221546500000002, 43.066889100000004],
     [22.2216166, 43.0669686], [22.221678400000002, 43.0670517],
     [22.2217315, 43.067138], [22.2217798, 43.067377],
     [22.2218576, 43.0678434], [22.2219488, 43.068409700000004],
     [22.221979400000002, 43.0685494], [22.222017, 43.068688300000005],
     [22.222061500000002, 43.0688261], [22.2221243, 43.0689908],
     [22.2221969, 43.0691533], [22.222280100000003, 43.06936],
     [22.222276200000003, 43.069419700000005],
     [22.222263100000003, 43.069478800000006],
     [22.222241200000003, 43.0695363],
     [22.222211100000003, 43.0695909], [22.2221729, 43.0696427],
     [22.222127200000003, 43.0696911],
     [22.221928700000003, 43.0698694], [22.221896100000002, 43.069918],
     [22.2218705, 43.069968800000005], [22.2218522, 43.0700213],
     [22.2218416, 43.070074500000004],
     [22.221838400000003, 43.0701283], [22.221842900000002, 43.070182],
     [22.221755700000003, 43.0707169],
     [22.2217476, 43.070836400000005], [22.221761, 43.070962800000004],
     [22.2217959, 43.071070600000006],
     [22.221833500000002, 43.0711391]]}},
  {"type":"Feature",
   "properties":{},
   "geometry":
   {"type":"LineString",
    "coordinates":
    [[22.221833500000002, 43.0711391], [22.2218066, 43.0711705],
     [22.2217959, 43.071204800000004],
     [22.2217999, 43.071282200000006],
     [22.221833500000002, 43.0715153],
     [22.221846900000003, 43.071700500000006],
     [22.221875, 43.071972800000005], [22.2219005, 43.0721335],
     [22.221905900000003, 43.0722687],
     [22.221883100000003, 43.072368600000004],
     [22.2218482, 43.072469500000004],
     [22.2218281, 43.072602800000006],
     [22.221801300000003, 43.0728036],
     [22.221778500000003, 43.072953500000004],
     [22.221751700000002, 43.073028900000004]]}},
  {"type":"Feature",
   "properties":{},
   "geometry":
   {"type":"LineString",
    "coordinates":
    [[22.221751700000002, 43.073028900000004],
     [22.221700700000003, 43.073122000000005],
     [22.221655100000003, 43.073202300000005],
     [22.221639, 43.073277700000006], [22.2216564, 43.0733522],
     [22.2216913, 43.0734384], [22.2217503, 43.073548100000004],
     [22.221808000000003, 43.0736549],
     [22.221849600000002, 43.073767600000004],
     [22.2218965, 43.0738665], [22.221974300000003, 43.0739596],
     [22.2220574, 43.0740703],
     [22.222147300000003, 43.074195700000004],
     [22.2222425, 43.074288700000004],
     [22.2223632, 43.074426900000006],
     [22.2225952, 43.074628700000005], [22.2227226, 43.0747306],
     [22.2228406, 43.0748187], [22.2229667, 43.0749167],
     [22.2231813, 43.0751871]]}},
  {"type":"Feature",
   "properties":{},
   "geometry":
   {"type":"LineString",
    "coordinates":
    [[22.2231813, 43.0751871], [22.2233623, 43.0754006],
     [22.2234361, 43.0755368],
     [22.223578200000002, 43.075820900000004],
     [22.2236815, 43.076016800000005],
     [22.223701600000002, 43.076135300000004],
     [22.2236775, 43.076260700000006], [22.2236051, 43.0766281],
     [22.223589, 43.0768161], [22.2236091, 43.076965],
     [22.2236802, 43.0771962], [22.2237137, 43.0773353],
     [22.223762, 43.0774783], [22.223884, 43.0777859],
     [22.2240007, 43.0780122], [22.2240812, 43.0781846],
     [22.2243038, 43.078507900000005], [22.224523700000002, 43.078884],
     [22.2245814, 43.079009400000004],
     [22.224608200000002, 43.0791515], [22.2245935, 43.0792465],
     [22.2245774, 43.079426700000006], [22.2245908, 43.0797049],
     [22.2246042, 43.0800125],
     [22.224647100000002, 43.080240700000004],
     [22.2246981, 43.080606100000004], [22.2248054, 43.0808696],
     [22.2248442, 43.0809969], [22.2248389, 43.0810733],
     [22.224842900000002, 43.0812212],
     [22.2248778, 43.081329000000004],
     [22.2249234, 43.081469000000006],
     [22.224920700000002, 43.0816454],
     [22.224927400000002, 43.0817306],
     [22.224959600000002, 43.081779600000004], [22.2250441, 43.081805],
     [22.225155400000002, 43.0818638],
     [22.225205000000003, 43.0819324],
     [22.225237200000002, 43.0820303], [22.2252452, 43.0821194],
     [22.225237200000002, 43.0822145],
     [22.225237200000002, 43.0823261],
     [22.225241200000003, 43.0824623], [22.2252385, 43.0825514],
     [22.225223800000002, 43.082620000000006],
     [22.225178200000002, 43.082690500000005],
     [22.225152700000002, 43.082768900000005],
     [22.225140600000003, 43.082858], [22.225166100000003, 43.0829765],
     [22.225230500000002, 43.0831499],
     [22.2252747, 43.083397700000006],
     [22.225292200000002, 43.0835358],
     [22.225316300000003, 43.0836112],
     [22.225371300000003, 43.0837288], [22.225430300000003, 43.08386],
     [22.225471900000002, 43.0839237], [22.2255296, 43.0839726],
     [22.225634200000002, 43.084037300000006],
     [22.2257669, 43.0841274], [22.225820600000002, 43.0841872],
     [22.2258648, 43.0842724], [22.2259104, 43.084357600000004],
     [22.225974800000003, 43.0844144],
     [22.2260566, 43.084463400000004], [22.2261706, 43.0845123],
     [22.2263558, 43.0845865], [22.2265677, 43.084642],
     [22.2266763, 43.084722400000004],
     [22.226708000000002, 43.0847965]]}},
  {"type":"Feature",
   "properties":{},
   "geometry":
   {"type":"LineString",
    "coordinates":
    [[22.213501400000002, 43.0937933],
     [22.213941300000002, 43.0935269], [22.2142525, 43.0933311],
     [22.2144885, 43.0931274], [22.2147031, 43.092861],
     [22.214799600000003, 43.0925789],
     [22.2148332, 43.092416400000005],
     [22.2149284, 43.092293000000005], [22.215028, 43.0922252],
     [22.2150797, 43.0921899], [22.2151125, 43.0921576],
     [22.215153700000002, 43.0920501],
     [22.2152181, 43.091893400000004],
     [22.215379000000002, 43.091681900000005],
     [22.215556000000003, 43.0914821], [22.2157813, 43.0913215],
     [22.2160388, 43.0912274], [22.216151500000002, 43.0912431],
     [22.216269500000003, 43.091160800000004],
     [22.216360700000003, 43.0910433],
     [22.216650400000002, 43.090929700000004],
     [22.2169722, 43.090823900000004],
     [22.217449600000002, 43.090667200000006],
     [22.217873400000002, 43.090534000000005],
     [22.2180773, 43.0904244], [22.2180719, 43.090287200000006],
     [22.2180719, 43.0900953], [22.2181202, 43.089907200000006],
     [22.2182543, 43.0897074],
     [22.218404500000002, 43.089515500000005], [22.2186191, 43.0893],
     [22.218828300000002, 43.0891041], [22.219051, 43.088925],
     [22.219203800000003, 43.0887946],
     [22.219413000000003, 43.0886105],
     [22.2196222, 43.088438100000005],
     [22.2198154, 43.088297100000005],
     [22.220008500000002, 43.0881835], [22.220233800000003, 43.08816],
     [22.2204537, 43.088179600000004],
     [22.220705900000002, 43.0882814],
     [22.220974100000003, 43.088383300000004],
     [22.2212262, 43.0884421], [22.2214461, 43.0884225],
     [22.2217305, 43.0882893], [22.2220148, 43.08816],
     [22.2222401, 43.0880072], [22.2224386, 43.0877604],
     [22.2226156, 43.087537100000006],
     [22.222803300000002, 43.087305900000004],
     [22.222953500000003, 43.0871727], [22.223178800000003, 43.086969],
     [22.223468500000003, 43.0868045],
     [22.223785000000003, 43.0866595],
     [22.2240372, 43.086600700000005], [22.2243429, 43.086542],
     [22.224638000000002, 43.086475400000005],
     [22.2249169, 43.0863657], [22.2251744, 43.0862051],
     [22.2254319, 43.086052300000006],
     [22.225694800000003, 43.085868100000006],
     [22.225936200000003, 43.0856252],
     [22.2261668, 43.085398000000005], [22.2263546, 43.0851551],
     [22.2264522, 43.0850177], [22.2266389, 43.084833800000006],
     [22.226708000000002, 43.0847965]]}},
  {"type":"Feature",
   "properties":{},
   "geometry":
   {"type":"LineString",
    "coordinates":
    [[22.212002100000003, 43.0956276], [22.2121603, 43.095368],
     [22.2123856, 43.095133000000004], [22.2126324, 43.0948353],
     [22.2129328, 43.0945376], [22.2131045, 43.094294700000006],
     [22.213319000000002, 43.0939892],
     [22.213501400000002, 43.0937933]]}},
  {"type":"Feature",
   "properties":{},
   "geometry":
   {"type":"LineString",
    "coordinates":
    [[22.2104679, 43.098252], [22.210484, 43.098087500000005],
     [22.210521500000002, 43.0978877],
     [22.210811200000002, 43.0976997], [22.2108756, 43.097496],
     [22.2109828, 43.0972218], [22.211154500000003, 43.0969907],
     [22.211326200000002, 43.0967635],
     [22.2115407, 43.096473700000004],
     [22.211701700000003, 43.096234700000004],
     [22.211825100000002, 43.0959566],
     [22.212002100000003, 43.0956276]]}},
  {"type":"Feature",
   "properties":{},
   "geometry":
   {"type":"LineString",
    "coordinates":
    [[22.209977000000002, 43.0987877], [22.210146, 43.098663300000005],
     [22.210215700000003, 43.098494900000006],
     [22.2103016, 43.0983656], [22.2104679, 43.098252]]}},
  {"type":"Feature",
   "properties":{},
   "geometry":
   {"type":"LineString",
    "coordinates":
    [[22.2098319, 43.0991615], [22.2098789, 43.099053700000006],
     [22.209923200000002, 43.098908],
     [22.209977000000002, 43.0987877]]}},
  {"type":"Feature",
   "properties":{},
   "geometry":
   {"type":"LineString",
    "coordinates":
    [[22.2098319, 43.0991615], [22.209807100000003, 43.0991896],
     [22.2097863, 43.0992193], [22.209766100000003, 43.0992587],
     [22.2097528, 43.0992996], [22.2097233, 43.0993897],
     [22.2096981, 43.0994614]]}},
  {"type":"Feature",
   "properties":{},
   "geometry":
   {"type":"LineString",
    "coordinates":
    [[22.208904800000003, 43.099459200000005],
     [22.2090812, 43.0994849], [22.2094889, 43.0994418],
     [22.2096981, 43.0994614]]}},
  {"type":"Feature",
   "properties":{},
   "geometry":
   {"type":"LineString",
    "coordinates":
    [[22.208904800000003, 43.099459200000005],
     [22.2088922, 43.0996886],
     [22.208890500000003, 43.099720000000005],
     [22.2088889, 43.099813100000006],
     [22.2089882, 43.100369400000005],
     [22.209004500000002, 43.1004379],
     [22.209001100000002, 43.1004996], [22.2089882, 43.1005449],
     [22.2089468, 43.1006122],
     [22.208871000000002, 43.100671000000006],
     [22.2088046, 43.100708700000006], [22.2087255, 43.1007484],
     [22.2086766, 43.100757200000004], [22.208635, 43.1007552],
     [22.208586, 43.1007459], [22.208217700000002, 43.100630900000006],
     [22.208132000000003, 43.1006031]]}},
  {"type":"Feature",
   "properties":{},
   "geometry":
   {"type":"LineString",
    "coordinates":
    [[22.208132000000003, 43.1006031],
     [22.208083400000003, 43.1007079]]}},
  {"type":"Feature",
   "properties":{},
   "geometry":
   {"type":"LineString",
    "coordinates":
    [[22.208083400000003, 43.1007079], [22.2079922, 43.1008489]]}},
  {"type":"Feature",
   "properties":{},
   "geometry":
   {"type":"LineString",
    "coordinates":
    [[22.2079922, 43.1008489], [22.20785, 43.100933100000006],
     [22.2077132, 43.1009704], [22.2075013, 43.1010604],
     [22.207302900000002, 43.101168200000004],
     [22.207131200000003, 43.1012876],
     [22.207026600000003, 43.101338500000004],
     [22.206844200000003, 43.1013699],
     [22.206629600000003, 43.1014658],
     [22.206447200000003, 43.1015814], [22.206326500000003, 43.10174],
     [22.20623, 43.1018575], [22.206069000000003, 43.1020357],
     [22.205934900000003, 43.102200200000006],
     [22.205816900000002, 43.102376500000005],
     [22.205709600000002, 43.1025429],
     [22.205634500000002, 43.1027368],
     [22.205570100000003, 43.102907200000004],
     [22.2054736, 43.1031148], [22.205369, 43.1033606],
     [22.2051383, 43.1036112],
     [22.204998800000002, 43.103756100000005],
     [22.204939800000002, 43.103959800000005]]}},
  {"type":"Feature",
   "properties":{},
   "geometry":
   {"type":"LineString",
    "coordinates":
    [[22.204939800000002, 43.103959800000005],
     [22.2046341, 43.104100800000005],
     [22.204499900000002, 43.1042105],
     [22.2041995, 43.104445500000004], [22.2039903, 43.10461],
     [22.203834800000003, 43.104892], [22.2037006, 43.1051505],
     [22.2035504, 43.1053894], [22.2033841, 43.1056674],
     [22.2032661, 43.105972900000005], [22.203132, 43.106301900000005],
     [22.2029925, 43.106627], [22.202938900000003, 43.1068228],
     [22.203003300000002, 43.1070304],
     [22.203137400000003, 43.1072967],
     [22.2031749, 43.107543400000004], [22.203153500000003, 43.107751],
     [22.2029979, 43.1077784], [22.2028423, 43.107704000000005],
     [22.2026009, 43.107731400000006],
     [22.202364900000003, 43.1080016], [22.202102, 43.1083541],
     [22.201790900000002, 43.1086243],
     [22.201485100000003, 43.108902400000005],
     [22.201243700000003, 43.1091648],
     [22.201018400000002, 43.109407600000004],
     [22.2008629, 43.1096622], [22.2006912, 43.1099794],
     [22.2005823, 43.1100614], [22.2004552, 43.1101478],
     [22.2004015, 43.110261400000006],
     [22.200444400000002, 43.1105159], [22.2004874, 43.1109154],
     [22.200420100000002, 43.1109573], [22.2003157, 43.1110054],
     [22.2002068, 43.1110209], [22.2000421, 43.111032900000005],
     [22.199915800000003, 43.1110199], [22.1997471, 43.1109741],
     [22.1996234, 43.1109396], [22.1994681, 43.1109115],
     [22.199367300000002, 43.110923], [22.1992519, 43.1109592],
     [22.1991447, 43.1110424], [22.1990604, 43.111158200000006],
     [22.1989424, 43.111424500000005], [22.1988351, 43.111679],
     [22.198774500000003, 43.1117963], [22.1986364, 43.1119294],
     [22.198530400000003, 43.1120205],
     [22.198480800000002, 43.1121331],
     [22.198468700000003, 43.1122476],
     [22.198460700000002, 43.112390600000005],
     [22.198438200000002, 43.112489700000005],
     [22.1983657, 43.1125993], [22.1983038, 43.112649000000005],
     [22.198252800000002, 43.1126926], [22.1982408, 43.1127185],
     [22.198243400000003, 43.112742000000004]]}},
  {"type":"Feature",
   "properties":{},
   "geometry":
   {"type":"LineString",
    "coordinates":
    [[22.1960255, 43.1128754], [22.1960829, 43.112977],
     [22.1961553, 43.1131356], [22.1962559, 43.1132952],
     [22.1963444, 43.1134557], [22.196453700000003, 43.1135935],
     [22.196583200000003, 43.1137357], [22.1967383, 43.1138716],
     [22.1968648, 43.1139541], [22.1969894, 43.114012100000004],
     [22.1970566, 43.1140373], [22.1971317, 43.114048800000006],
     [22.1971826, 43.1140363], [22.1972363, 43.1139816],
     [22.197261700000002, 43.113899200000006],
     [22.197274, 43.113783000000005], [22.197306, 43.113635900000006],
     [22.1973577, 43.1134836], [22.1973878, 43.113404800000005],
     [22.197441400000002, 43.113306300000005],
     [22.1975166, 43.113213900000005], [22.1975963, 43.1131322],
     [22.1976976, 43.1130397], [22.1978683, 43.112906100000004],
     [22.1980074, 43.112827200000005],
     [22.198243400000003, 43.112742000000004]]}},
  {"type":"Feature",
   "properties":{},
   "geometry":
   {"type":"LineString",
    "coordinates":
    [[22.1947103, 43.1142796], [22.1947304, 43.114241400000004],
     [22.1948018, 43.114191600000005],
     [22.195172300000003, 43.1140324], [22.1957044, 43.1138727],
     [22.195906100000002, 43.1138236],
     [22.1959756, 43.113789600000004], [22.1960239, 43.1137553],
     [22.1960453, 43.113714900000005],
     [22.1960213, 43.113494100000004],
     [22.1959109, 43.113178700000006],
     [22.195915300000003, 43.1131023],
     [22.195915300000003, 43.1130074], [22.1959367, 43.1129447],
     [22.195967600000003, 43.112905500000004],
     [22.1959944, 43.112885000000006], [22.1960255, 43.1128754]]}},
  {"type":"Feature",
   "properties":{},
   "geometry":
   {"type":"LineString",
    "coordinates":
    [[22.1906417, 43.115687], [22.1907675, 43.1156364],
     [22.1909156, 43.1155953], [22.1910075, 43.1155831],
     [22.191092700000002, 43.115585], [22.191243500000002, 43.1156017],
     [22.1913468, 43.115599700000004], [22.1914434, 43.115586],
     [22.1915185, 43.115559100000006], [22.1915775, 43.1155253],
     [22.1916385, 43.1154607], [22.1916948, 43.1153452],
     [22.191771300000003, 43.1152463], [22.1919161, 43.1150819],
     [22.1920475, 43.114890900000006], [22.1921079, 43.1148048],
     [22.1921414, 43.1147275], [22.1921736, 43.1146364],
     [22.1922098, 43.1145052], [22.192276900000003, 43.114375],
     [22.1923721, 43.1142296], [22.192407000000003, 43.1141822],
     [22.192451900000002, 43.1141445], [22.1925142, 43.1141092],
     [22.1925779, 43.1140838],
     [22.192944100000002, 43.113980500000004],
     [22.193267900000002, 43.1138738], [22.1933632, 43.1138562],
     [22.193436900000002, 43.113844400000005],
     [22.193504, 43.113854200000006], [22.1935912, 43.1138777],
     [22.1936421, 43.1139129], [22.1936971, 43.113987300000005],
     [22.1937977, 43.1141342], [22.1938253, 43.114158100000004],
     [22.193858000000002, 43.114178200000005],
     [22.1938903, 43.1141923], [22.1939251, 43.1142027],
     [22.1942081, 43.1142174], [22.1943972, 43.114248700000005],
     [22.194497100000003, 43.1142752],
     [22.1945386, 43.114279100000005], [22.1947103, 43.1142796]]}},
  {"type":"Feature",
   "properties":{},
   "geometry":
   {"type":"LineString",
    "coordinates":
    [[22.189142, 43.116240600000005], [22.1896014, 43.1160608],
     [22.1900064, 43.115915900000005],
     [22.190561600000002, 43.115747600000006],
     [22.1906417, 43.115687]]}},
  {"type":"Feature",
   "properties":{},
   "geometry":
   {"type":"LineString",
    "coordinates":
    [[22.1881342, 43.1143182], [22.1884641, 43.1146648],
     [22.188668, 43.1150309], [22.1888262, 43.115434300000004],
     [22.1889764, 43.1159571], [22.189142, 43.116240600000005]]}},
  {"type":"Feature",
   "properties":{},
   "geometry":
   {"type":"LineString",
    "coordinates":
    [[22.1881342, 43.1143182], [22.1876809, 43.1141361],
     [22.1875615, 43.1140813],
     [22.187440900000002, 43.114050000000006],
     [22.187128400000002, 43.113987300000005],
     [22.186873600000002, 43.1139364],
     [22.1866536, 43.113907100000006], [22.1862701, 43.1138424],
     [22.185967, 43.113801300000006], [22.1855365, 43.113746500000005],
     [22.185414400000003, 43.113719100000004],
     [22.185300400000003, 43.113703400000006],
     [22.185118000000003, 43.1136897]]}},
  {"type":"Feature",
   "properties":{},
   "geometry":
   {"type":"LineString",
    "coordinates":
    [[22.185118000000003, 43.1136897], [22.185114000000002, 43.113722],
     [22.185084500000002, 43.1137436], [22.184878, 43.113854200000006],
     [22.184768000000002, 43.1139717], [22.1847385, 43.1141048],
     [22.184781400000002, 43.1143809],
     [22.1848217, 43.114449400000005],
     [22.1849504, 43.114524800000005],
     [22.1850537, 43.114580600000004], [22.1851838, 43.1146952],
     [22.1852227, 43.114843]]}},
  {"type":"Feature",
   "properties":{},
   "geometry":
   {"type":"LineString",
    "coordinates":
    [[22.1852227, 43.114843], [22.185301900000002, 43.115351000000004],
     [22.1854368, 43.115483700000006],
     [22.185563000000002, 43.1155544],
     [22.185636300000002, 43.115663600000005],
     [22.185677400000003, 43.1159399],
     [22.185730200000002, 43.1161133], [22.1857331, 43.1162118],
     [22.1856598, 43.116331800000005],
     [22.185568800000002, 43.1164174], [22.1855718, 43.1165352],
     [22.1856803, 43.1167065], [22.185853400000003, 43.1168843],
     [22.1859238, 43.116989200000006],
     [22.185938500000002, 43.1170727], [22.1860646, 43.1171712],
     [22.1864548, 43.1175781], [22.186715900000003, 43.1179657],
     [22.186833200000002, 43.1182633],
     [22.1869124, 43.118413200000006], [22.1871236, 43.1185567],
     [22.1873642, 43.1186937], [22.187563700000002, 43.1188287],
     [22.188047700000002, 43.118933600000005],
     [22.188593400000002, 43.1191006],
     [22.1888574, 43.119286900000006],
     [22.189312100000002, 43.119516000000004],
     [22.1895586, 43.1197023], [22.1896407, 43.1198222],
     [22.1896759, 43.1199978], [22.189822600000003, 43.1202826],
     [22.189916500000002, 43.1204668],
     [22.1899839, 43.120612400000006],
     [22.190074900000003, 43.1207323], [22.1902362, 43.1208308],
     [22.1905472, 43.120997800000005],
     [22.1906205, 43.121141300000005],
     [22.190567700000003, 43.1212997],
     [22.1902274, 43.122006400000004],
     [22.189857800000002, 43.122479600000005],
     [22.189755100000003, 43.1225631],
     [22.189596700000003, 43.122655200000004],
     [22.189438300000003, 43.122676600000005],
     [22.189162500000002, 43.1229442], [22.1890217, 43.1231391],
     [22.1889718, 43.123289], [22.1887724, 43.1233768],
     [22.1886902, 43.123415300000005], [22.1885817, 43.1234453],
     [22.1882208, 43.123423900000006], [22.1878043, 43.1235566],
     [22.187622400000002, 43.123670100000005],
     [22.1874992, 43.1238414], [22.187235100000002, 43.1240727],
     [22.1870298, 43.124310300000005],
     [22.1870151, 43.124462300000005], [22.1871471, 43.1248092],
     [22.1871501, 43.1248585], [22.1870796, 43.1250233],
     [22.1865956, 43.1254944], [22.186498800000003, 43.1256464],
     [22.1864606, 43.1256678], [22.1863433, 43.125903300000004],
     [22.186205400000002, 43.1260532],
     [22.1860001, 43.126162400000005],
     [22.1858416, 43.126194500000004],
     [22.185695000000003, 43.126149600000005],
     [22.1854984, 43.126186000000004],
     [22.185225600000003, 43.126378700000004], [22.1848442, 43.126809],
     [22.1846125, 43.1270681], [22.183902500000002, 43.1276954],
     [22.182644, 43.127988800000004],
     [22.181789700000003, 43.1281862]]}},
  {"type":"Feature",
   "properties":{},
   "geometry":
   {"type":"LineString",
    "coordinates":
    [[22.181789700000003, 43.1281862],
     [22.181419100000003, 43.128280700000005],
     [22.1810897, 43.128439500000006], [22.1809014, 43.128534],
     [22.1804837, 43.1286155],
     [22.180236700000002, 43.128628400000004],
     [22.1799778, 43.128641300000005], [22.1795072, 43.1286714],
     [22.1791954, 43.1286671], [22.178948300000002, 43.1286585],
     [22.1786718, 43.1286885], [22.178406600000002, 43.1287667]]}},
  {"type":"Feature",
   "properties":{},
   "geometry":
   {"type":"LineString",
    "coordinates":
    [[22.178406600000002, 43.1287667],
     [22.177982800000002, 43.1287236],
     [22.177439600000003, 43.128677700000004],
     [22.177107000000003, 43.128709900000004],
     [22.176786500000002, 43.128750000000004],
     [22.176362700000002, 43.128790200000005],
     [22.1762681, 43.1288233], [22.1761756, 43.128859500000004],
     [22.175991800000002, 43.128944600000004],
     [22.1758752, 43.1289857]]}},
  {"type":"Feature",
   "properties":{},
   "geometry":
   {"type":"LineString",
    "coordinates":
    [[22.1758752, 43.1289857],
     [22.175995500000003, 43.129093700000006],
     [22.1761632, 43.1292248], [22.1764206, 43.129438900000004],
     [22.1767597, 43.1297555], [22.1768928, 43.129939],
     [22.1771053, 43.130017200000005],
     [22.1773308, 43.130086000000006],
     [22.177650500000002, 43.1304407], [22.1777725, 43.1305257],
     [22.177674500000002, 43.1305648], [22.1775325, 43.130583],
     [22.177205100000002, 43.130591800000005],
     [22.176322900000002, 43.1307928],
     [22.1762674, 43.130886700000005], [22.1762498, 43.1309917],
     [22.176138400000003, 43.13107],
     [22.176126200000002, 43.131176100000005],
     [22.1760895, 43.1312465], [22.176128900000002, 43.1314982],
     [22.175896400000003, 43.132057100000004],
     [22.1761106, 43.1323324],
     [22.176175800000003, 43.132461500000005],
     [22.176106, 43.132553300000005], [22.175691500000003, 43.1326246],
     [22.175283200000003, 43.1329021]]}},
  {"type":"Feature",
   "properties":{},
   "geometry":
   {"type":"LineString",
    "coordinates":
    [[22.173067500000002, 43.1345814], [22.1731407, 43.1345131],
     [22.173665200000002, 43.134023600000006], [22.173905, 43.1338397],
     [22.1742181, 43.133629000000006],
     [22.174303400000003, 43.133557800000005],
     [22.1744376, 43.133412400000005],
     [22.174705900000003, 43.1331781],
     [22.174832000000002, 43.1330742],
     [22.174953900000002, 43.133023800000004],
     [22.175149100000002, 43.132967400000005],
     [22.175283200000003, 43.1329021]]}},
  {"type":"Feature",
   "properties":{},
   "geometry":
   {"type":"LineString",
    "coordinates":
    [[22.1725469, 43.1347268], [22.1727098, 43.134738600000006],
     [22.172937400000002, 43.1346466],
     [22.173067500000002, 43.1345814]]}},
  {"type":"Feature",
   "properties":{},
   "geometry":
   {"type":"LineString",
    "coordinates":
    [[22.1725469, 43.1347268], [22.1724815, 43.134721500000005],
     [22.1722667, 43.1348385], [22.172097800000003, 43.134956],
     [22.171969, 43.135085200000006], [22.1718698, 43.1352398],
     [22.1717893, 43.135378800000005], [22.171682, 43.135486400000005],
     [22.1716203, 43.135566700000005], [22.1716552, 43.1356704],
     [22.171628400000003, 43.1357428], [22.1715506, 43.1358133],
     [22.1715103, 43.1359033], [22.1715774, 43.1359757],
     [22.1717008, 43.136128400000004],
     [22.1718027, 43.136198900000004],
     [22.171856400000003, 43.136300600000006],
     [22.1718671, 43.136425900000006], [22.1718134, 43.136606],
     [22.1716927, 43.1369994], [22.1715774, 43.1375748],
     [22.1715667, 43.137837100000006], [22.1715667, 43.1379839],
     [22.171539900000003, 43.1381072],
     [22.1714701, 43.138210900000004], [22.1713762, 43.1382853],
     [22.1711536, 43.1383675], [22.170887800000003, 43.1384528],
     [22.170742800000003, 43.1384849],
     [22.170428100000002, 43.1385294],
     [22.170163000000002, 43.138560000000005],
     [22.170031400000003, 43.138555800000006],
     [22.1699112, 43.1385197], [22.1697586, 43.1384528],
     [22.169411500000002, 43.1383415], [22.1689569, 43.1382579],
     [22.1686543, 43.1382288], [22.1685723, 43.138245500000004],
     [22.168518900000002, 43.138280300000005],
     [22.168492200000003, 43.1383262],
     [22.168490300000002, 43.1383749], [22.1685017, 43.1384167],
     [22.1685246, 43.138448700000005], [22.1685799, 43.1384835],
     [22.1687289, 43.1385476], [22.1689086, 43.138614100000005],
     [22.1690937, 43.1387335], [22.1692171, 43.138896],
     [22.169268000000002, 43.1390662],
     [22.169265300000003, 43.139273700000004],
     [22.169254600000002, 43.139400900000005],
     [22.169329700000002, 43.139536],
     [22.169391400000002, 43.139596600000004],
     [22.1694692, 43.139641600000004],
     [22.169571100000002, 43.1397199], [22.169775, 43.139802100000004],
     [22.169884900000003, 43.1398432], [22.170019, 43.1399156],
     [22.170174600000003, 43.140060500000004],
     [22.170359700000002, 43.1401623], [22.1704884, 43.1402092],
     [22.1706547, 43.140215100000006], [22.1707432, 43.1402249],
     [22.170815700000002, 43.140267900000005],
     [22.1709095, 43.1403345], [22.170904200000003, 43.1403912],
     [22.170872000000003, 43.1404676],
     [22.170780800000003, 43.140598700000005],
     [22.1707593, 43.1406761], [22.170765000000003, 43.1407266]]}},
  {"type":"Feature",
   "properties":{},
   "geometry":
   {"type":"LineString",
    "coordinates":
    [[22.170765000000003, 43.1407266],
     [22.170791100000002, 43.140796300000005],
     [22.1708374, 43.140859600000006],
     [22.170885400000003, 43.1409588], [22.170927000000002, 43.141041],
     [22.170982000000002, 43.1411213], [22.171049, 43.141180000000006],
     [22.1711192, 43.141217100000006], [22.1711965, 43.1412543],
     [22.1712448, 43.141332600000005],
     [22.1712877, 43.141483300000004],
     [22.1713306, 43.141653600000005],
     [22.1713816, 43.141751400000004],
     [22.1714728, 43.141843400000006],
     [22.171582800000003, 43.141894300000004],
     [22.1716918, 43.141930200000004], [22.1717504, 43.1419295],
     [22.1718872, 43.1419208], [22.1721018, 43.1418934],
     [22.172225100000002, 43.1418777],
     [22.1724409, 43.141904600000004], [22.1724733, 43.1419061],
     [22.1726154, 43.1419227], [22.172795100000002, 43.141952],
     [22.1729266, 43.1419481]]}},
  {"type":"Feature",
   "properties":{},
   "geometry":
   {"type":"LineString",
    "coordinates":
    [[22.1737354, 43.1424691],
     [22.173573700000002, 43.142407600000006],
     [22.1735589, 43.142399000000005],
     [22.1734657, 43.142344400000006],
     [22.173393800000003, 43.1422953],
     [22.173339600000002, 43.1422583],
     [22.1731975, 43.142146800000006],
     [22.173114400000003, 43.142082300000006],
     [22.1730714, 43.142048900000006], [22.1729266, 43.1419481]]}},
  {"type":"Feature",
   "properties":{},
   "geometry":
   {"type":"LineString",
    "coordinates":
    [[22.1737354, 43.1424691], [22.173691, 43.1426889],
     [22.1736186, 43.1428044], [22.1735703, 43.1429179],
     [22.1735225, 43.143036300000006],
     [22.1734656, 43.143157800000004],
     [22.173388900000003, 43.1432425], [22.1733319, 43.143324],
     [22.173283700000002, 43.1434104], [22.1732511, 43.1435304],
     [22.173202800000002, 43.1436244], [22.173141100000002, 43.143689],
     [22.1730714, 43.143765300000005]]}},
  {"type":"Feature",
   "properties":{},
   "geometry":
   {"type":"LineString",
    "coordinates":
    [[22.1730714, 43.143765300000005],
     [22.173007000000002, 43.1438025],
     [22.172867500000002, 43.143890500000005],
     [22.1727656, 43.143996200000004], [22.172712, 43.1440823],
     [22.1725859, 43.1443857], [22.172433, 43.1447184],
     [22.1723687, 43.1448103], [22.1722748, 43.1448416],
     [22.172188900000002, 43.144837700000004],
     [22.1720414, 43.1448162], [22.1719207, 43.1448416],
     [22.1718268, 43.1448945], [22.171819900000003, 43.1449091]]}},
  {"type":"Feature",
   "properties":{},
   "geometry":
   {"type":"LineString",
    "coordinates":
    [[22.171819900000003, 43.1449091],
     [22.171719600000003, 43.1449512], [22.1716418, 43.1448964],
     [22.1711643, 43.1450569], [22.1709095, 43.1451665],
     [22.1706252, 43.1452448],
     [22.170188000000003, 43.145323100000006],
     [22.170011000000002, 43.1453877], [22.1698796, 43.1454679],
     [22.1698179, 43.1455344], [22.1697428, 43.1455834],
     [22.1696569, 43.1456049], [22.169525500000002, 43.1456244],
     [22.169431600000003, 43.1456753],
     [22.1686565, 43.146244800000005], [22.1685054, 43.1462955],
     [22.1681889, 43.146499500000004],
     [22.1677766, 43.146876600000006], [22.1675283, 43.1470168]]}},
  {"type":"Feature",
   "properties":{},
   "geometry":
   {"type":"LineString",
    "coordinates":
    [[22.1647263, 43.1494257], [22.1647824, 43.1492792],
     [22.1648944, 43.149122500000004],
     [22.1649178, 43.148993000000004],
     [22.1649318, 43.148873800000004], [22.1650859, 43.1487545],
     [22.165230700000002, 43.1487136],
     [22.165338100000003, 43.1486591], [22.1654455, 43.148608],
     [22.1655669, 43.148570500000005],
     [22.165697700000003, 43.1485296],
     [22.1658331, 43.148495600000004], [22.1659125, 43.1484615],
     [22.1659919, 43.148383100000004],
     [22.166099300000003, 43.148294500000006],
     [22.1661694, 43.148219600000004],
     [22.166188000000002, 43.1480322], [22.1661553, 43.1479232],
     [22.166076, 43.1478039], [22.1660386, 43.1477051],
     [22.166071300000002, 43.147616500000005],
     [22.166370200000003, 43.147429100000004],
     [22.166603700000003, 43.1473542],
     [22.166888500000002, 43.147265600000004],
     [22.167108000000002, 43.1472281],
     [22.167350900000002, 43.1471736],
     [22.167509600000002, 43.1471327], [22.1676077, 43.1470782],
     [22.167603, 43.147040700000005], [22.1675283, 43.1470168]]}},
  {"type":"Feature",
   "properties":{},
   "geometry":
   {"type":"LineString",
    "coordinates":
    [[22.165697700000003, 43.1518038], [22.1655015, 43.1517118],
     [22.1653568, 43.1516505], [22.165193300000002, 43.1515142],
     [22.1650999, 43.1513848], [22.1650579, 43.1512553],
     [22.1650859, 43.1510952],
     [22.165118600000003, 43.150969100000005], [22.1651746, 43.150843],
     [22.1651326, 43.1507579], [22.164997200000002, 43.1506046],
     [22.1649505, 43.1504921], [22.1647964, 43.150332000000006],
     [22.164754300000002, 43.1502502],
     [22.1647497, 43.150076500000004], [22.1647217, 43.1497903],
     [22.164703000000003, 43.1496404], [22.1647263, 43.1494257]]}},
  {"type":"Feature",
   "properties":{},
   "geometry":
   {"type":"LineString",
    "coordinates":
    [[22.161999, 43.155071], [22.1621999, 43.154917700000006],
     [22.162382, 43.154737100000006], [22.1625641, 43.154560000000004],
     [22.162708900000002, 43.154396500000004],
     [22.162835, 43.154324900000006], [22.162998400000003, 43.1542909],
     [22.163241300000003, 43.154273800000006],
     [22.163605500000003, 43.154273800000006],
     [22.1641146, 43.154284000000004], [22.1643714, 43.1542772],
     [22.1645909, 43.154256800000006], [22.1647684, 43.1542398],
     [22.1649692, 43.1541614], [22.165067200000003, 43.1540728],
     [22.165216700000002, 43.1540047],
     [22.1653708, 43.153929700000006], [22.1654455, 43.1538514],
     [22.1654175, 43.153708300000005],
     [22.1653334, 43.153589000000004],
     [22.165361400000002, 43.1534357], [22.1653941, 43.1532995],
     [22.165440800000002, 43.153193800000004], [22.165679, 43.1524477],
     [22.165655700000002, 43.152366], [22.165674300000003, 43.1521854],
     [22.1656416, 43.1520219], [22.165679, 43.1518924],
     [22.165697700000003, 43.1518038]]}},
  {"type":"Feature",
   "properties":{},
   "geometry":
   {"type":"LineString",
    "coordinates":
    [[22.161999, 43.155071], [22.1620399, 43.1551362],
     [22.1620399, 43.155195500000005],
     [22.161983000000003, 43.1552786],
     [22.161926100000002, 43.155361600000006],
     [22.1619098, 43.1554506], [22.1618935, 43.155504],
     [22.161796000000002, 43.1555692], [22.1617228, 43.1555692],
     [22.161730900000002, 43.1556167],
     [22.1616496, 43.155681900000005], [22.1615439, 43.155759],
     [22.1614463, 43.155853900000004],
     [22.161413800000002, 43.1559607],
     [22.1614301, 43.156073400000004],
     [22.1613732, 43.156120900000005],
     [22.161340600000003, 43.156192000000004],
     [22.161340600000003, 43.1563759],
     [22.1613325, 43.156506400000005], [22.1612756, 43.1566132],
     [22.1611374, 43.1567555], [22.1610561, 43.1569572],
     [22.1609991, 43.157206300000006], [22.160926, 43.1573487],
     [22.160739000000003, 43.157663], [22.160706400000002, 43.1578825],
     [22.1606251, 43.1581672],
     [22.160543800000003, 43.158345100000005], [22.16043, 43.1584875],
     [22.1604056, 43.1586061], [22.1603324, 43.1587722],
     [22.159909600000002, 43.159217000000005],
     [22.1597307, 43.159335600000006],
     [22.159519300000003, 43.159483900000005],
     [22.1592266, 43.159845700000005],
     [22.1591372, 43.160088900000005],
     [22.1590233, 43.160284600000004], [22.1588607, 43.1604803],
     [22.1585924, 43.160711600000006],
     [22.158340300000003, 43.1609192], [22.158177700000003, 43.161026],
     [22.1581614, 43.1611327], [22.1575598, 43.1617733],
     [22.1574215, 43.161998700000005],
     [22.1573321, 43.162194400000004],
     [22.157193900000003, 43.1622952], [22.1567954, 43.1625206],
     [22.1566735, 43.162698500000005],
     [22.1565271, 43.162846800000004],
     [22.156397000000002, 43.1629239], [22.1563076, 43.1630188],
     [22.156145000000002, 43.1632441], [22.1560311, 43.163511],
     [22.1559661, 43.163736400000005],
     [22.155917300000002, 43.1638906],
     [22.155819700000002, 43.164003300000005], [22.155649, 43.1641515],
     [22.155527000000003, 43.164287900000005],
     [22.1550717, 43.1649759], [22.154966, 43.1651004],
     [22.1542342, 43.166001900000005],
     [22.1539903, 43.166286500000005],
     [22.153900800000002, 43.166405100000006],
     [22.153778900000002, 43.166529700000005],
     [22.153722000000002, 43.1666424], [22.1537301, 43.1667847],
     [22.1537301, 43.1669448], [22.1536894, 43.1670516],
     [22.1535756, 43.1673184], [22.153461800000002, 43.1675023],
     [22.1534374, 43.167662400000005],
     [22.153421100000003, 43.167923300000005],
     [22.153396700000002, 43.1681368], [22.1533479, 43.168291],
     [22.1533723, 43.1684986], [22.1534048, 43.168646800000005],
     [22.1534292, 43.168812900000006], [22.153494300000002, 43.168967],
     [22.153461800000002, 43.169056000000005],
     [22.153323500000003, 43.1689908],
     [22.153201600000003, 43.168937400000004],
     [22.1530308, 43.168884000000006], [22.1528682, 43.1688722],
     [22.152746200000003, 43.1689018], [22.152616100000003, 43.168967],
     [22.152486, 43.169079700000005], [22.1523153, 43.1692339],
     [22.1522177, 43.1693584], [22.152168900000003, 43.1694533],
     [22.152112000000002, 43.1695897],
     [22.152079500000003, 43.1697083],
     [22.151803100000002, 43.1701531], [22.151738, 43.170301300000006],
     [22.1517136, 43.1704081],
     [22.151664800000002, 43.170757900000005],
     [22.151697300000002, 43.1710367], [22.1516567, 43.1712501],
     [22.151607900000002, 43.171434000000005],
     [22.151542900000003, 43.1716059], [22.1514697, 43.1716652],
     [22.1512014, 43.1719914], [22.150900500000002, 43.1723116],
     [22.1507623, 43.1726259], [22.150640300000003, 43.1729757],
     [22.1505671, 43.173135800000004],
     [22.150485800000002, 43.173450100000004],
     [22.1504614, 43.1735746], [22.150518400000003, 43.1737941],
     [22.1504289, 43.1739601],
     [22.150420800000003, 43.174161700000006],
     [22.1503151, 43.174381100000005],
     [22.1501443, 43.174570800000005],
     [22.1497947, 43.174719100000004],
     [22.149591400000002, 43.1748495],
     [22.1494044, 43.175003700000005], [22.1491198, 43.175235],
     [22.1489572, 43.1754188], [22.148819000000003, 43.1756322],
     [22.148753900000003, 43.1757864],
     [22.148721400000003, 43.175910900000005],
     [22.148664500000002, 43.176035500000005],
     [22.1484287, 43.1763556], [22.1482905, 43.1764742],
     [22.148184800000003, 43.1765039], [22.148071, 43.1764683],
     [22.147940900000002, 43.176409], [22.147827000000003, 43.1763794],
     [22.1477213, 43.176391200000005], [22.1475912, 43.1764564],
     [22.1472985, 43.176652100000005],
     [22.1469895, 43.176729200000004], [22.1468269, 43.1767885],
     [22.1467212, 43.1768537],
     [22.146656200000002, 43.177013800000005],
     [22.146558600000002, 43.177209500000004],
     [22.1465423, 43.1773814],
     [22.146599300000002, 43.177565300000005],
     [22.1464983, 43.1779589], [22.146546500000003, 43.1781428],
     [22.146578700000003, 43.178444000000006],
     [22.1466163, 43.1787178], [22.1466968, 43.1788625],
     [22.1467558, 43.178976000000006],
     [22.146745000000003, 43.1792655], [22.1466485, 43.1794376],
     [22.1466914, 43.179590100000006],
     [22.1467826, 43.179750500000004],
     [22.146868400000002, 43.1798561], [22.1469542, 43.1799891],
     [22.146959600000002, 43.1801182],
     [22.146895200000003, 43.180255100000004],
     [22.146847, 43.180364700000005], [22.146728900000003, 43.1803881],
     [22.1467075, 43.180427300000005],
     [22.146627000000002, 43.1805603],
     [22.146562600000003, 43.1807206], [22.146535800000002, 43.180838],
     [22.1464393, 43.180986600000004], [22.146273, 43.1812565],
     [22.146069100000002, 43.1814404],
     [22.145945700000002, 43.1815421], [22.1457848, 43.1816594],
     [22.1456507, 43.181772900000006], [22.1455649, 43.1819098],
     [22.1454737, 43.1820389], [22.1454576, 43.182132800000005],
     [22.1455059, 43.182211], [22.1455434, 43.1822736],
     [22.145521900000002, 43.1823635],
     [22.1454844, 43.182602200000005], [22.1454308, 43.1827782],
     [22.1453878, 43.1828681], [22.1453127, 43.1829503],
     [22.1452269, 43.183091100000006],
     [22.145114300000003, 43.1832476],
     [22.145114300000003, 43.1832906], [22.1451196, 43.1833571],
     [22.1451196, 43.1834392], [22.1450767, 43.183521400000004],
     [22.1448943, 43.183693500000004], [22.1448299, 43.1838226],
     [22.1447924, 43.183936]]}},
  {"type":"Feature",
   "properties":{},
   "geometry":
   {"type":"LineString",
    "coordinates":
    [[22.143757100000002, 43.1852072],
     [22.143825500000002, 43.1850862],
     [22.143825500000002, 43.1849215], [22.1437776, 43.1848043],
     [22.1438118, 43.1847069], [22.143962400000003, 43.1845847],
     [22.1442157, 43.1844849], [22.1446229, 43.1842254],
     [22.1447392, 43.1840831], [22.1447924, 43.183936]]}},
  {"type":"Feature",
   "properties":{},
   "geometry":
   {"type":"LineString",
    "coordinates":
    [[22.143757100000002, 43.1852072],
     [22.1433976, 43.185340200000006],
     [22.1432903, 43.185465400000005], [22.1431992, 43.185571],
     [22.143150900000002, 43.1856257],
     [22.1429309, 43.185727400000005],
     [22.1428091, 43.186034400000004],
     [22.1425559, 43.186231500000005], [22.142419, 43.1863838],
     [22.1422513, 43.1867156], [22.1421624, 43.1869327],
     [22.142104200000002, 43.1871822], [22.1420323, 43.1873195],
     [22.1416319, 43.187434200000006], [22.1414642, 43.1875565],
     [22.1410741, 43.1876563], [22.140827700000003, 43.1877586],
     [22.140694200000002, 43.187840900000005],
     [22.140619, 43.188078000000004], [22.1404581, 43.1883624],
     [22.140348600000003, 43.188489700000005],
     [22.1402836, 43.1886394],
     [22.140201400000002, 43.188749200000004],
     [22.140109000000002, 43.1888215],
     [22.140122700000003, 43.1889563], [22.1400954, 43.1890511],
     [22.1396976, 43.1892671], [22.1394777, 43.1893845],
     [22.1391344, 43.1895096], [22.138984200000003, 43.1895996],
     [22.138817900000003, 43.1896817], [22.1386462, 43.1897717],
     [22.1384477, 43.189822500000005],
     [22.138231400000002, 43.1898902], [22.1380549, 43.1899188]]}},
  {"type":"Feature",
   "properties":{},
   "geometry":
   {"type":"LineString",
    "coordinates":
    [[22.1385471, 43.1909007],
     [22.138558800000002, 43.190778200000004],
     [22.1385471, 43.1906794], [22.1384852, 43.1905999],
     [22.138414400000002, 43.1905591], [22.1382406, 43.1904452],
     [22.1381905, 43.190380700000006], [22.1381669, 43.1902819],
     [22.138184600000002, 43.190226], [22.138211100000003, 43.1901616],
     [22.1381787, 43.1900606], [22.138155100000002, 43.1900069],
     [22.1380549, 43.1899188]]}},
  {"type":"Feature",
   "properties":{},
   "geometry":
   {"type":"LineString",
    "coordinates":
    [[22.1394182, 43.1913667], [22.139269300000002, 43.1913926],
     [22.139158600000002, 43.191430000000004],
     [22.1390202, 43.1914444], [22.138949, 43.1913781],
     [22.138885700000003, 43.1913003],
     [22.138794800000003, 43.1912772],
     [22.138786900000003, 43.1911994],
     [22.138719700000003, 43.191173400000004],
     [22.138632700000002, 43.1911706], [22.1385536, 43.191136],
     [22.1385536, 43.191087], [22.1386168, 43.1910091],
     [22.138624800000002, 43.190951500000004],
     [22.1385471, 43.1909007]]}},
  {"type":"Feature",
   "properties":{},
   "geometry":
   {"type":"LineString",
    "coordinates":
    [[22.1499501, 43.1935671],
     [22.149203800000002, 43.193582400000004],
     [22.1489642, 43.1936316], [22.1489347, 43.1934782],
     [22.1490291, 43.193206100000005], [22.1491425, 43.1930708],
     [22.149127800000002, 43.1928685], [22.1476794, 43.1930719],
     [22.146542200000003, 43.193189200000006],
     [22.145480000000003, 43.1932362],
     [22.145188400000002, 43.1932915],
     [22.145149500000002, 43.193245700000006],
     [22.145632600000003, 43.1928593],
     [22.145593100000003, 43.192802900000004],
     [22.144930300000002, 43.192780000000006], [22.1441497, 43.193111],
     [22.1438814, 43.1933457],
     [22.143751400000003, 43.193573300000004], [22.1431179, 43.193756],
     [22.142819300000003, 43.193940100000006],
     [22.1421326, 43.1943312],
     [22.141671300000002, 43.194518900000006],
     [22.1412958, 43.194581500000005],
     [22.1407808, 43.194464200000006],
     [22.1402444, 43.194401600000006],
     [22.1397616, 43.194534600000004], [22.1394719, 43.1946206],
     [22.139311000000003, 43.1947849],
     [22.139085700000003, 43.194886600000004],
     [22.138828200000003, 43.1948396], [22.1387745, 43.1946832],
     [22.1387101, 43.1945111],
     [22.138527800000002, 43.194354700000005],
     [22.138238100000002, 43.194190400000004],
     [22.137937700000002, 43.194002700000006],
     [22.137862600000002, 43.1937446], [22.1382273, 43.1933535],
     [22.1389998, 43.193079700000006], [22.1392466, 43.1928764],
     [22.1396328, 43.1926495], [22.1399332, 43.1925557],
     [22.139976100000002, 43.1922506],
     [22.139901000000002, 43.192047200000005],
     [22.1397079, 43.1918595], [22.1395363, 43.1916796],
     [22.1395041, 43.1915075], [22.1394182, 43.1913667]]}},
  {"type":"Feature",
   "properties":{},
   "geometry":
   {"type":"LineString",
    "coordinates":
    [[22.1434751, 43.197758400000005],
     [22.1445414, 43.197242700000004],
     [22.144864300000002, 43.197018500000006],
     [22.145025800000003, 43.196856000000004],
     [22.1453907, 43.1966398], [22.1456386, 43.19641],
     [22.1459788, 43.1961494], [22.146330600000002, 43.1959364],
     [22.1464651, 43.1958159], [22.146938000000002, 43.1955441],
     [22.1472224, 43.1953535], [22.1472993, 43.1952554],
     [22.1481289, 43.1947204], [22.1483627, 43.194518300000006],
     [22.1488574, 43.1942527], [22.1492325, 43.1939991],
     [22.149346700000002, 43.1938921], [22.1499501, 43.1935671]]}},
  {"type":"Feature",
   "properties":{},
   "geometry":
   {"type":"LineString",
    "coordinates":
    [[22.128097200000003, 43.210886], [22.1283068, 43.2107474],
     [22.1280731, 43.210746], [22.128198, 43.2105935],
     [22.1283324, 43.210589000000006],
     [22.1290158, 43.210647800000004],
     [22.1296696, 43.210845400000004],
     [22.1298762, 43.210837500000004],
     [22.130463300000002, 43.210599800000004],
     [22.131202700000003, 43.210171800000005],
     [22.1320622, 43.209945100000006],
     [22.1328919, 43.209622700000004],
     [22.133185700000002, 43.2094402],
     [22.133384000000003, 43.2091968], [22.133607, 43.2090412],
     [22.133824, 43.208929000000005], [22.134232700000002, 43.2087939],
     [22.1344625, 43.2086674], [22.1347659, 43.208339800000005],
     [22.1348878, 43.208106400000005], [22.1352362, 43.2077254],
     [22.1355124, 43.207225], [22.1356992, 43.2070287],
     [22.135657400000003, 43.206819],
     [22.135832800000003, 43.206379500000004],
     [22.135887200000003, 43.2061877],
     [22.135997800000002, 43.2060788], [22.1360531, 43.2059374],
     [22.1363668, 43.2056625],
     [22.136674600000003, 43.205487600000005],
     [22.1367653, 43.205352500000004],
     [22.136804700000003, 43.2052111],
     [22.136987100000002, 43.204869900000006],
     [22.1377047, 43.2040061], [22.137886, 43.203853200000005],
     [22.138358, 43.2036073], [22.138520200000002, 43.203483000000006],
     [22.138900800000002, 43.2029282], [22.1392677, 43.2025505],
     [22.1399465, 43.201958600000005],
     [22.140315400000002, 43.2015144], [22.1409048, 43.200992],
     [22.141172700000002, 43.20067], [22.1414525, 43.2005044],
     [22.141641, 43.200191200000006], [22.142032200000003, 43.1997737],
     [22.142592800000003, 43.199228100000006],
     [22.1429873, 43.198924000000005],
     [22.1431061, 43.198697100000004], [22.1432447, 43.1985642],
     [22.143242200000003, 43.1983705], [22.1435077, 43.197909],
     [22.1435186, 43.197849600000005],
     [22.1434751, 43.197758400000005]]}},
  {"type":"Feature",
   "properties":{},
   "geometry":
   {"type":"LineString",
    "coordinates":
    [[22.128097200000003, 43.210886], [22.127846, 43.210961000000005],
     [22.1275371, 43.2110166],
     [22.127282100000002, 43.211086300000005],
     [22.1269658, 43.211184700000004], [22.1268281, 43.2112758],
     [22.126013800000003, 43.2119859],
     [22.124446300000002, 43.2126571], [22.1238159, 43.2129916],
     [22.1236533, 43.213179600000004], [22.123625, 43.2134452],
     [22.1236029, 43.214415300000006], [22.1236567, 43.2145961],
     [22.1237816, 43.2147743], [22.1239889, 43.215168500000004],
     [22.124032900000003, 43.2153264], [22.1240372, 43.2154728],
     [22.123950400000002, 43.215626], [22.1237704, 43.2157945],
     [22.123493800000002, 43.2159044], [22.1231462, 43.2159366],
     [22.122967900000003, 43.215918300000006],
     [22.122805800000002, 43.215946900000006],
     [22.122722300000003, 43.216000400000006],
     [22.1226173, 43.216171200000005],
     [22.122395100000002, 43.2167849], [22.1219651, 43.2171955],
     [22.1218125, 43.2173962], [22.1216429, 43.217631000000004],
     [22.121584600000002, 43.2176838], [22.1207993, 43.2179487],
     [22.1203219, 43.2180507],
     [22.119840200000002, 43.218055400000004],
     [22.119530100000002, 43.217972800000005],
     [22.119456000000003, 43.217947], [22.119394500000002, 43.2179093],
     [22.119361700000002, 43.217847400000004],
     [22.119348900000002, 43.217754400000004],
     [22.1193297, 43.2176204], [22.1192724, 43.2175547],
     [22.1191068, 43.217480300000005],
     [22.118887500000003, 43.217460700000004],
     [22.118489500000003, 43.2174567],
     [22.117589000000002, 43.217659000000005],
     [22.117433300000002, 43.217797000000004],
     [22.1171869, 43.217991000000005],
     [22.116898900000002, 43.2181312],
     [22.116499100000002, 43.218287700000005],
     [22.116309700000002, 43.218428700000004],
     [22.1162651, 43.218571700000005],
     [22.1160526, 43.218733500000006], [22.116032, 43.2188274],
     [22.116040400000003, 43.219039], [22.1160219, 43.2191124],
     [22.115948600000003, 43.2193066], [22.1156876, 43.2196572],
     [22.115531200000003, 43.2198824]]}},
  {"type":"Feature",
   "properties":{},
   "geometry":
   {"type":"LineString",
    "coordinates":
    [[22.115531200000003, 43.2198824],
     [22.115384900000002, 43.2199675], [22.1150656, 43.2201856],
     [22.1150135, 43.220221200000005],
     [22.1149318, 43.220265000000005],
     [22.114840400000002, 43.220299600000004],
     [22.1146469, 43.2203201],
     [22.114390200000003, 43.220340900000004],
     [22.114144300000003, 43.2203925], [22.1138142, 43.2205141]]}},
  {"type":"Feature",
   "properties":{},
   "geometry":
   {"type":"LineString",
    "coordinates":
    [[22.1138142, 43.2205141], [22.1137568, 43.220561000000004],
     [22.113725000000002, 43.220591000000006],
     [22.1136339, 43.2206151], [22.1135343, 43.220657900000006],
     [22.1134346, 43.2207006]]}},
  {"type":"Feature",
   "properties":{},
   "geometry":
   {"type":"LineString",
    "coordinates":
    [[22.1134346, 43.2207006], [22.1133495, 43.2207285],
     [22.112439300000002, 43.221112700000006],
     [22.1121094, 43.2212789], [22.1120072, 43.221347300000005],
     [22.111788100000002, 43.2215281],
     [22.1117311, 43.221575200000004]]}},
  {"type":"Feature",
   "properties":{},
   "geometry":
   {"type":"LineString",
    "coordinates":
    [[22.1117311, 43.221575200000004], [22.1116391, 43.2216074],
     [22.1113457, 43.22171]]}},
  {"type":"Feature",
   "properties":{},
   "geometry":
   {"type":"LineString",
    "coordinates":
    [[22.1113457, 43.22171], [22.1112101, 43.2217611],
     [22.1110283, 43.2218297], [22.1109404, 43.2218377],
     [22.1107197, 43.221833600000004], [22.1106485, 43.2218232],
     [22.110437, 43.221763], [22.1102658, 43.221736],
     [22.110097, 43.2216919], [22.1100211, 43.2216655],
     [22.1099402, 43.2216536], [22.109837600000002, 43.2216548],
     [22.1097708, 43.2216681], [22.109293400000002, 43.2219398],
     [22.1092318, 43.2219968], [22.109186400000002, 43.2220657],
     [22.1091635, 43.222301300000005], [22.1092322, 43.2225672],
     [22.1092258, 43.2227058],
     [22.109180900000002, 43.222927500000004],
     [22.109022900000003, 43.223181100000005]]}},
  {"type":"Feature",
   "properties":{},
   "geometry":
   {"type":"LineString",
    "coordinates":
    [[22.104012800000003, 43.2242437],
     [22.1041063, 43.224344800000004],
     [22.104270500000002, 43.224538100000004],
     [22.1044726, 43.224667000000004],
     [22.1047568, 43.224749800000005],
     [22.104940000000003, 43.2247866],
     [22.105053700000003, 43.2248419], [22.1051295, 43.2249615],
     [22.105306300000002, 43.2249477], [22.1055274, 43.2248419],
     [22.105754700000002, 43.2247682], [22.1059063, 43.2246302],
     [22.1060579, 43.224524300000006],
     [22.106228400000003, 43.224409300000005],
     [22.1064179, 43.224312600000005], [22.1066073, 43.2242344],
     [22.106847300000002, 43.224151600000006],
     [22.107043100000002, 43.224077900000005],
     [22.107238900000002, 43.2240411], [22.1074094, 43.2239583],
     [22.1075799, 43.2239215],
     [22.107819900000003, 43.223834000000004], [22.108041, 43.2237512],
     [22.108299900000002, 43.2236269], [22.1085147, 43.2234889],
     [22.1087168, 43.223406000000004], [22.1088683, 43.223291],
     [22.109022900000003, 43.223181100000005]]}},
  {"type":"Feature",
   "properties":{},
   "geometry":
   {"type":"LineString",
    "coordinates":
    [[22.1008782, 43.2241963], [22.1013717, 43.2241608],
     [22.1018264, 43.224110100000004], [22.1021359, 43.2240273],
     [22.1024201, 43.2239122],
     [22.102754800000003, 43.223843200000005],
     [22.1031274, 43.223811000000005],
     [22.1034179, 43.223852400000006],
     [22.1037085, 43.223939900000005],
     [22.103910600000003, 43.224133200000004],
     [22.104012800000003, 43.2242437]]}},
  {"type":"Feature",
   "properties":{},
   "geometry":
   {"type":"LineString",
    "coordinates":
    [[22.089138400000003, 43.2299857],
     [22.089395800000002, 43.2299857],
     [22.0921376, 43.228652600000004], [22.0933226, 43.227578],
     [22.0956186, 43.2263584], [22.0965737, 43.225657500000004],
     [22.0977679, 43.2252093], [22.0989197, 43.2249968],
     [22.099468700000003, 43.2248448],
     [22.099910100000002, 43.224544800000004],
     [22.1008782, 43.2241963]]}},
  {"type":"Feature",
   "properties":{},
   "geometry":
   {"type":"LineString",
    "coordinates":
    [[22.089138400000003, 43.2299857], [22.0887223, 43.2302465],
     [22.088153700000003, 43.230911000000006],
     [22.087960600000002, 43.2311611], [22.0879069, 43.2313409],
     [22.0877969, 43.2317661]]}},
  {"type":"Feature",
   "properties":{},
   "geometry":
   {"type":"LineString",
    "coordinates":
    [[22.0877969, 43.2317661], [22.0879927, 43.231794300000004],
     [22.0883039, 43.2323102],
     [22.088411200000003, 43.232646300000006],
     [22.0882073, 43.2329043]]}},
  {"type":"Feature",
   "properties":{},
   "geometry":
   {"type":"LineString",
    "coordinates":
    [[22.084683400000003, 43.2369992], [22.0848477, 43.2368438],
     [22.0850462, 43.2366249], [22.0851803, 43.236363100000005],
     [22.0853466, 43.2360544], [22.0854646, 43.235804200000004],
     [22.085673800000002, 43.2356284],
     [22.0859367, 43.235468100000006],
     [22.086093400000003, 43.2354033], [22.0861673, 43.235132],
     [22.086221000000002, 43.2348663],
     [22.086387300000002, 43.2346044],
     [22.0866179, 43.234350400000004],
     [22.086977400000002, 43.2341628],
     [22.087245600000003, 43.2338736], [22.0874226, 43.2336156],
     [22.087723, 43.233342], [22.0880073, 43.233111400000006],
     [22.0882073, 43.2329043]]}},
  {"type":"Feature",
   "properties":{},
   "geometry":
   {"type":"LineString",
    "coordinates":
    [[22.076330000000002, 43.2504891],
     [22.076740700000002, 43.2504502], [22.0771391, 43.2502738],
     [22.0776797, 43.249733500000005], [22.0784795, 43.2489341],
     [22.0794064, 43.2482294],
     [22.080056900000002, 43.247299500000004],
     [22.080918800000003, 43.2455049],
     [22.081039800000003, 43.2449207],
     [22.081305200000003, 43.244601700000004],
     [22.0815911, 43.2442081], [22.0818155, 43.2438493],
     [22.0819921, 43.243455600000004], [22.0822441, 43.2432542],
     [22.082358000000003, 43.242857400000005],
     [22.082219700000003, 43.2426205],
     [22.082227900000003, 43.242099200000006],
     [22.0823824, 43.241625400000004],
     [22.082797000000003, 43.240932400000005],
     [22.082989400000002, 43.240805800000004],
     [22.0830583, 43.2406504],
     [22.083024700000003, 43.240500000000004],
     [22.0831981, 43.2402938], [22.083250600000003, 43.2401981],
     [22.083228000000002, 43.2400676],
     [22.083065400000002, 43.2395286], [22.083106, 43.239125800000004],
     [22.0832686, 43.2388829], [22.084341900000002, 43.2378048],
     [22.0843501, 43.2374554], [22.084683400000003, 43.2369992]]}},
  {"type":"Feature",
   "properties":{},
   "geometry":
   {"type":"LineString",
    "coordinates":
    [[22.072770900000002, 43.250265000000006],
     [22.073161900000002, 43.250195600000005],
     [22.073316400000003, 43.2501127],
     [22.0738124, 43.249467100000004], [22.0739668, 43.2493902],
     [22.074202600000003, 43.249348700000006], [22.074414, 43.2495264],
     [22.074340900000003, 43.2497337], [22.0744222, 43.2499528],
     [22.0746173, 43.250237000000006],
     [22.075324700000003, 43.250515400000005],
     [22.0757069, 43.2503614], [22.0760402, 43.250402900000005],
     [22.076330000000002, 43.2504891]]}},
  {"type":"Feature",
   "properties":{},
   "geometry":
   {"type":"LineString",
    "coordinates":
    [[22.0696087, 43.249490800000004],
     [22.0701304, 43.249543800000005], [22.0705284, 43.249651],
     [22.070795800000003, 43.249650700000004],
     [22.0710397, 43.249621100000006], [22.0713528, 43.2496244],
     [22.0716521, 43.2495581], [22.0720661, 43.249678700000004],
     [22.0722594, 43.249788200000005],
     [22.072329800000002, 43.2499176],
     [22.072600700000002, 43.2501441],
     [22.072770900000002, 43.250265000000006]]}},
  {"type":"Feature",
   "properties":{},
   "geometry":
   {"type":"LineString",
    "coordinates":
    [[22.052834500000003, 43.255359600000006],
     [22.0540948, 43.2548326], [22.054236000000003, 43.2547227],
     [22.0543464, 43.2545805], [22.054504400000003, 43.2544898],
     [22.054696500000002, 43.254424], [22.0550949, 43.2543115],
     [22.0552536, 43.2541802], [22.0553166, 43.254034000000004],
     [22.0553679, 43.253916000000004], [22.055467, 43.253788],
     [22.055663900000003, 43.253722200000006],
     [22.055841, 43.253741600000005], [22.0559975, 43.2537311],
     [22.056395900000002, 43.2537074],
     [22.0569488, 43.253405400000005], [22.0573391, 43.2533284],
     [22.0577375, 43.2531034], [22.057924500000002, 43.2529849],
     [22.0583473, 43.2528191], [22.058827, 43.252582200000006],
     [22.059168500000002, 43.2524164],
     [22.059518200000003, 43.252268400000005],
     [22.060038600000002, 43.2521499],
     [22.060607700000002, 43.2521677],
     [22.060863100000002, 43.2522697], [22.0612177, 43.2522529],
     [22.0616044, 43.252275000000004],
     [22.062591700000002, 43.2524875],
     [22.0632191, 43.252321300000006], [22.0635663, 43.2521811],
     [22.063852, 43.251996000000005],
     [22.063958200000002, 43.251801900000004],
     [22.0641122, 43.2516228], [22.0643779, 43.251448800000006],
     [22.0646163, 43.2513445], [22.0648458, 43.2512525],
     [22.0649966, 43.2511008], [22.0653553, 43.2508825],
     [22.0655824, 43.2508405], [22.0657481, 43.250699000000004],
     [22.0660023, 43.2504976],
     [22.066397300000002, 43.250302100000006],
     [22.066738400000002, 43.2501837],
     [22.066960100000003, 43.250157200000004],
     [22.067161300000002, 43.250100800000006],
     [22.0674946, 43.2499291], [22.0676005, 43.249853800000004],
     [22.0676859, 43.249753600000005], [22.067893, 43.249695900000006],
     [22.0682101, 43.249757300000006],
     [22.0683484, 43.249763200000004],
     [22.068689900000003, 43.2496626],
     [22.0696087, 43.249490800000004]]}},
  {"type":"Feature",
   "properties":{},
   "geometry":
   {"type":"LineString",
    "coordinates":
    [[22.0476876, 43.2591434], [22.0481309, 43.2589096],
     [22.0487159, 43.2588997],
     [22.048954000000002, 43.258993700000005],
     [22.0491648, 43.2591375], [22.0495322, 43.259523900000005],
     [22.049760000000003, 43.2597839],
     [22.049885900000003, 43.2598434], [22.050039, 43.259833300000004],
     [22.0506886, 43.259355400000004], [22.0510151, 43.2590285],
     [22.051423200000002, 43.257819700000006],
     [22.051409600000003, 43.257581900000005],
     [22.051191900000003, 43.2573838],
     [22.051096700000002, 43.257175700000005],
     [22.0513008, 43.2566506],
     [22.051967400000002, 43.256204700000005],
     [22.0521715, 43.255699400000005],
     [22.052834500000003, 43.255359600000006]]}},
  {"type":"Feature",
   "properties":{},
   "geometry":
   {"type":"LineString",
    "coordinates":
    [[22.045843, 43.2612001], [22.0462041, 43.2607906],
     [22.0468812, 43.2600143], [22.047197, 43.259593200000005],
     [22.0476876, 43.2591434]]}},
  {"type":"Feature",
   "properties":{},
   "geometry":
   {"type":"LineString",
    "coordinates":
    [[22.0413049, 43.2615713], [22.0415813, 43.261399600000004],
     [22.041857800000002, 43.261464700000005],
     [22.042142400000003, 43.261666000000005],
     [22.0425083, 43.261802200000005], [22.0427684, 43.2617489],
     [22.042801, 43.261624600000005], [22.042744000000003, 43.2613937],
     [22.042801, 43.261014700000004],
     [22.042939200000003, 43.260902200000004], [22.0434352, 43.260914],
     [22.0437198, 43.2610266], [22.0442076, 43.261168700000006],
     [22.044484100000002, 43.261251900000005],
     [22.044971, 43.261281600000004],
     [22.045300700000002, 43.261296400000006],
     [22.045570100000003, 43.2612515], [22.045843, 43.2612001]]}},
  {"type":"Feature",
   "properties":{},
   "geometry":
   {"type":"LineString",
    "coordinates":
    [[22.0337661, 43.2671876], [22.034048600000002, 43.267074],
     [22.034296, 43.2669179], [22.0346456, 43.266539],
     [22.0349302, 43.2658818], [22.0358246, 43.2648397],
     [22.036483200000003, 43.2642891],
     [22.037101200000002, 43.263839100000006],
     [22.038467200000003, 43.2631819],
     [22.039361600000003, 43.2626075],
     [22.039434800000002, 43.262370700000005],
     [22.0410447, 43.261825900000005], [22.0413049, 43.2615713]]}},
  {"type":"Feature",
   "properties":{},
   "geometry":
   {"type":"LineString",
    "coordinates":
    [[22.0107074, 43.282254300000005],
     [22.010801500000003, 43.282292600000005],
     [22.0108983, 43.2823034], [22.0110424, 43.2823049],
     [22.0111904, 43.2822576], [22.0114643, 43.2821263],
     [22.011814, 43.2820138], [22.012301800000003, 43.2817948],
     [22.012684, 43.2815876], [22.013228700000003, 43.281285800000006],
     [22.0135052, 43.2811141], [22.0138955, 43.2809247],
     [22.014302, 43.2807885], [22.014546000000003, 43.280729300000004],
     [22.0149525, 43.280682000000006],
     [22.0154648, 43.280545800000006], [22.0159038, 43.2804097],
     [22.0159479, 43.2803909], [22.0163754, 43.2802084],
     [22.016651900000003, 43.2799776],
     [22.0169365, 43.279657900000004],
     [22.0172861, 43.279474400000005], [22.0177577, 43.2792672],
     [22.0180423, 43.2791489], [22.0183268, 43.2789121],
     [22.0186196, 43.278823300000006],
     [22.018920400000003, 43.2786516],
     [22.019205000000003, 43.2783675],
     [22.019652200000003, 43.2779472], [22.0198961, 43.2776986],
     [22.0202376, 43.2775802], [22.020481500000002, 43.2774499],
     [22.020880000000002, 43.2772013], [22.0213353, 43.2768461],
     [22.0220346, 43.2760588],
     [22.022433000000003, 43.275774600000005],
     [22.0226362, 43.2755201], [22.0228608, 43.274846800000006],
     [22.022912700000003, 43.2746913], [22.0232932, 43.2741022],
     [22.023544, 43.273513200000004],
     [22.023717700000002, 43.273217200000005],
     [22.0239209, 43.2730988], [22.024319300000002, 43.2730515],
     [22.0245551, 43.273104700000005], [22.0248804, 43.273235],
     [22.025945500000002, 43.273158],
     [22.026490300000003, 43.273063300000004],
     [22.027384700000002, 43.272879800000005],
     [22.0278807, 43.2727495], [22.028189700000002, 43.2726963],
     [22.028693800000003, 43.2726193], [22.0291003, 43.2725482],
     [22.0296126, 43.272364700000004],
     [22.030002900000003, 43.2722108],
     [22.030133000000003, 43.2719918],
     [22.030324500000003, 43.2717079],
     [22.030584400000002, 43.2714639], [22.0307509, 43.2712695],
     [22.030817600000002, 43.271050100000004],
     [22.030776600000003, 43.2707897],
     [22.030988100000002, 43.270623900000004],
     [22.031119200000003, 43.270431900000005],
     [22.0311834, 43.270290200000005], [22.0311656, 43.2701683],
     [22.0310436, 43.2698072], [22.031019200000003, 43.2696118],
     [22.0312062, 43.269446], [22.0314583, 43.26915],
     [22.0319299, 43.268534300000006], [22.0323934, 43.2683507],
     [22.0326373, 43.2682323], [22.0337661, 43.2671876]]}},
  {"type":"Feature",
   "properties":{},
   "geometry":
   {"type":"LineString",
    "coordinates":
    [[22.0087732, 43.2848373], [22.0088851, 43.2847482],
     [22.008939700000003, 43.2847177], [22.009011, 43.284647400000004],
     [22.0090423, 43.2846113], [22.009092600000002, 43.2845796],
     [22.0091132, 43.284553], [22.0090994, 43.284511800000004],
     [22.0090881, 43.2844363], [22.0091132, 43.284416300000004],
     [22.009137300000003, 43.2843974], [22.0091384, 43.2843463],
     [22.009122400000003, 43.284294700000004],
     [22.009122400000003, 43.2842313], [22.0091155, 43.284193],
     [22.009106600000003, 43.2841546],
     [22.009106600000003, 43.284122700000005],
     [22.0090957, 43.2840749],
     [22.009082000000003, 43.284029100000005],
     [22.009082000000003, 43.2839973],
     [22.009082000000003, 43.283963500000006],
     [22.0091094, 43.2838918], [22.009142200000003, 43.2838579],
     [22.009218800000003, 43.2838082],
     [22.009251600000002, 43.2837763],
     [22.009273500000003, 43.283738500000005],
     [22.009284400000002, 43.283708600000004],
     [22.009322700000002, 43.283688700000006],
     [22.0093774, 43.2836688], [22.0094321, 43.283629000000005],
     [22.0094813, 43.2835812], [22.0095305, 43.283527500000005],
     [22.0095962, 43.2834956], [22.0096427, 43.2834677],
     [22.0096673, 43.2834379], [22.0096837, 43.2833941],
     [22.009742600000003, 43.2833659],
     [22.009773000000003, 43.283362200000006],
     [22.009816100000002, 43.2833346],
     [22.009833800000003, 43.2833069], [22.009892, 43.283279300000004],
     [22.009909800000003, 43.2832535],
     [22.009925000000003, 43.2832111],
     [22.0099376, 43.283165000000004], [22.0099477, 43.2831336],
     [22.0099908, 43.2830894], [22.0100212, 43.2830433],
     [22.010044, 43.283000900000005], [22.010044, 43.282964],
     [22.0100516, 43.282941900000004],
     [22.0100769, 43.282930900000004],
     [22.010117400000002, 43.2829014],
     [22.010119900000003, 43.282882900000004],
     [22.0101605, 43.2828387],
     [22.010208600000002, 43.282776000000005],
     [22.010246600000002, 43.2827539],
     [22.0103073, 43.282704100000004],
     [22.010332700000003, 43.282656200000005],
     [22.0103453, 43.2826138], [22.0103706, 43.282564],
     [22.0104061, 43.2825069], [22.0104162, 43.282468200000004],
     [22.0104466, 43.282433100000006], [22.0104466, 43.2824018],
     [22.010487100000002, 43.282357600000005],
     [22.0105276, 43.2823207], [22.0105884, 43.282300400000004],
     [22.010676, 43.2822711], [22.0107074, 43.282254300000005]]}},
  {"type":"Feature",
   "properties":{},
   "geometry":
   {"type":"LineString",
    "coordinates":
    [[22.0088212, 43.284996400000004], [22.0087732, 43.2848373]]}},
  {"type":"Feature",
   "properties":{},
   "geometry":
   {"type":"LineString",
    "coordinates":
    [[22.0088212, 43.284996400000004], [22.0087084, 43.2850538],
     [22.0083054, 43.2853038], [22.0078922, 43.285596500000004],
     [22.0075417, 43.285808700000004],
     [22.0073793, 43.285892000000004],
     [22.007235400000003, 43.285924200000004],
     [22.007043600000003, 43.285932300000006],
     [22.0069255, 43.285964500000006],
     [22.006766900000002, 43.2860263],
     [22.0064791, 43.286080000000005], [22.0061219, 43.2861198],
     [22.006027000000003, 43.2861464],
     [22.005899900000003, 43.2862316],
     [22.0057824, 43.286261200000006], [22.0055128, 43.2862893],
     [22.005469100000003, 43.286306], [22.0054389, 43.2863344],
     [22.005444200000003, 43.2863793],
     [22.005473700000003, 43.2864281],
     [22.005597100000003, 43.286578500000005],
     [22.005780700000003, 43.2866584], [22.00596, 43.286690300000004],
     [22.006237300000002, 43.2867441],
     [22.006397500000002, 43.286789000000006],
     [22.006607000000002, 43.286892200000004],
     [22.0068473, 43.2870312], [22.0069829, 43.287179200000004],
     [22.0071185, 43.287309300000004],
     [22.007272500000003, 43.2873273],
     [22.007408100000003, 43.2873766], [22.0076053, 43.2874215],
     [22.008005800000003, 43.287668200000006]]}},
  {"type":"Feature",
   "properties":{},
   "geometry":
   {"type":"LineString",
    "coordinates":
    [[22.008005800000003, 43.287668200000006],
     [22.008178400000002, 43.2877534], [22.0082831, 43.2877354],
     [22.008320100000002, 43.2878252], [22.0085358, 43.2878162],
     [22.008659, 43.287879000000004], [22.008548100000002, 43.2879463],
     [22.0083509, 43.2881122], [22.0085234, 43.288071900000006],
     [22.008640500000002, 43.288018], [22.008800700000002, 43.2881167],
     [22.0095217, 43.2882468], [22.0094724, 43.2882782],
     [22.0086775, 43.2885159], [22.0081968, 43.2886101],
     [22.008012, 43.2886953], [22.0074697, 43.2888658],
     [22.0070815, 43.2889959],
     [22.006674800000003, 43.289260500000005], [22.006681, 43.2893637],
     [22.006816500000003, 43.289426500000005],
     [22.0070322, 43.289426500000005], [22.007137, 43.2894085],
     [22.007272500000003, 43.2893412],
     [22.007408100000003, 43.2892874],
     [22.007777800000003, 43.289274000000006],
     [22.0087514, 43.2893368], [22.0096203, 43.2896238],
     [22.010748000000003, 43.289758400000004],
     [22.011142300000003, 43.2897808],
     [22.0114319, 43.289834600000006],
     [22.0114258, 43.289915400000005],
     [22.0111916, 43.289987100000005],
     [22.010020800000003, 43.2901396], [22.0091889, 43.2903011],
     [22.0089425, 43.290368400000006], [22.0084248, 43.2904088],
     [22.008235300000003, 43.2904963],
     [22.008144100000003, 43.2905705],
     [22.008117900000002, 43.290621300000005]]}},
  {"type":"Feature",
   "properties":{},
   "geometry":
   {"type":"LineString",
    "coordinates":
    [[22.008117900000002, 43.290621300000005],
     [22.007637900000002, 43.2908145], [22.007589600000003, 43.290877],
     [22.007576200000003, 43.2909141],
     [22.0075909, 43.290950200000005], [22.0076433, 43.2909785],
     [22.009215, 43.2911425], [22.0094189, 43.291158100000004],
     [22.0094779, 43.2911738], [22.0095154, 43.291205000000005],
     [22.0095263, 43.2912437], [22.0095101, 43.291279200000005],
     [22.0094564, 43.291316300000005], [22.009376, 43.29133],
     [22.007434, 43.2911972], [22.006838600000002, 43.291148400000004],
     [22.006624000000002, 43.2911591], [22.0063907, 43.2911796],
     [22.0063223, 43.2911962], [22.00627, 43.2912284],
     [22.006261900000002, 43.2912577], [22.0062849, 43.2912836],
     [22.006334300000002, 43.2913026], [22.0067235, 43.2913763],
     [22.0067528, 43.291381900000005],
     [22.0070827, 43.291409200000004],
     [22.007316000000003, 43.2914248]]}},
  {"type":"Feature",
   "properties":{},
   "geometry":
   {"type":"LineString",
    "coordinates":
    [[22.007316000000003, 43.2914248],
     [22.007318700000003, 43.2915452], [22.0073374, 43.291772]]}},
  {"type":"Feature",
   "properties":{},
   "geometry":
   {"type":"LineString",
    "coordinates":
    [[22.0073374, 43.291772], [22.007341800000003, 43.2918595]]}},
  {"type":"Feature",
   "properties":{},
   "geometry":
   {"type":"LineString",
    "coordinates":
    [[22.006617300000002, 43.2918692],
     [22.0066412, 43.291868900000004],
     [22.007289200000002, 43.2918614],
     [22.007341800000003, 43.2918595]]}},
  {"type":"Feature",
   "properties":{},
   "geometry":
   {"type":"LineString",
    "coordinates":
    [[22.006617300000002, 43.2918692], [22.0066187, 43.2918601],
     [22.0066089, 43.291851400000006],
     [22.0065794, 43.291849000000006],
     [22.006172900000003, 43.2918442],
     [22.005781300000002, 43.2918396], [22.0057386, 43.2918469],
     [22.0056972, 43.291863], [22.005670900000002, 43.2918852],
     [22.0056568, 43.291922], [22.0056519, 43.2921087],
     [22.0056501, 43.2922906], [22.0056198, 43.292306700000005]]}},
  {"type":"Feature",
   "properties":{},
   "geometry":
   {"type":"LineString",
    "coordinates":
    [[22.005671800000002, 43.292698200000004],
     [22.005678500000002, 43.292686200000006],
     [22.0056887, 43.2926051], [22.0056897, 43.292494000000005],
     [22.0056586, 43.2923829], [22.0056198, 43.292306700000005]]}},
  {"type":"Feature",
   "properties":{},
   "geometry":
   {"type":"LineString",
    "coordinates":
    [[22.0053772, 43.292757900000005], [22.0054295, 43.2927224],
     [22.005529900000003, 43.292696], [22.005603500000003, 43.2926969],
     [22.005671800000002, 43.292698200000004]]}},
  {"type":"Feature",
   "properties":{},
   "geometry":
   {"type":"LineString",
    "coordinates":
    [[21.9983353, 43.3003112], [21.9985752, 43.3003127],
     [21.9987256, 43.3002904], [21.9988618, 43.3002446],
     [21.998934000000002, 43.3001979], [21.9989715, 43.3001736],
     [21.999161700000002, 43.2999135], [21.9992561, 43.2997845],
     [22.0001888, 43.2987392],
     [22.000261300000002, 43.298602900000006],
     [22.0017748, 43.2968841],
     [22.001905700000002, 43.296794000000006], [22.0020804, 43.296596],
     [22.0038535, 43.2946158],
     [22.004752200000002, 43.293612200000005],
     [22.0049356, 43.2934513], [22.0053246, 43.2931096],
     [22.0053498, 43.292985], [22.0053518, 43.2929229],
     [22.0053376, 43.292860700000006],
     [22.005342300000002, 43.2928082],
     [22.005363300000003, 43.292772500000005],
     [22.0053772, 43.292757900000005]]}},
  {"type":"Feature",
   "properties":{},
   "geometry":
   {"type":"LineString",
    "coordinates":
    [[21.9983353, 43.3003112], [21.998328, 43.300358700000004],
     [21.9983143, 43.300442700000005], [21.998301, 43.3005385]]}},
  {"type":"Feature",
   "properties":{},
   "geometry":
   {"type":"LineString",
    "coordinates":
    [[21.998301, 43.3005385], [21.9984827, 43.3005743],
     [21.998538200000002, 43.300612400000006],
     [21.998575000000002, 43.300664000000005],
     [21.9985928, 43.3007227]]}},
  {"type":"Feature",
   "properties":{},
   "geometry":
   {"type":"LineString",
    "coordinates":
    [[22.0002634, 43.3006915], [21.9998849, 43.3006699],
     [21.9995565, 43.3006502], [21.9990975, 43.300614800000005],
     [21.999010300000002, 43.300629900000004],
     [21.9989397, 43.3006873], [21.9987736, 43.300720600000005],
     [21.998678100000003, 43.300732700000005],
     [21.9985928, 43.3007227]]}},
  {"type":"Feature",
   "properties":{},
   "geometry":
   {"type":"LineString",
    "coordinates":
    [[22.001376800000003, 43.3054597], [22.0010061, 43.3047486],
     [22.000889800000003, 43.304410000000004],
     [22.000680000000003, 43.3038236],
     [22.000556600000003, 43.3034279], [22.000493000000002, 43.303043],
     [22.0004667, 43.302749600000006],
     [22.000469000000002, 43.302474100000005],
     [22.0004515, 43.302212700000005],
     [22.000442500000002, 43.3019447],
     [22.0004032, 43.301645300000004], [22.0003287, 43.3012657],
     [22.0002634, 43.3006915]]}},
  {"type":"Feature",
   "properties":{},
   "geometry":
   {"type":"LineString",
    "coordinates":
    [[22.001376800000003, 43.3054597],
     [22.0013915, 43.305519600000004], [22.0013888, 43.3055557],
     [22.0013647, 43.3055928], [22.001315100000003, 43.3056221],
     [22.0012547, 43.3056416], [22.0011702, 43.3056543],
     [22.001028100000003, 43.3056533], [22.000902, 43.305637700000005],
     [22.0007853, 43.305616300000004],
     [22.0006914, 43.305613300000005], [22.000619, 43.305613300000005],
     [22.000534100000003, 43.305619]]}},
  {"type":"Feature",
   "properties":{},
   "geometry":
   {"type":"LineString",
    "coordinates":
    [[21.9848861, 43.3069961], [21.9853112, 43.3073679],
     [21.985442600000002, 43.3074284],
     [21.9855284, 43.307436200000005], [21.9856169, 43.3074226],
     [21.985751, 43.307307400000006], [21.986022000000002, 43.3071435],
     [21.9862338, 43.307092700000005],
     [21.9863867, 43.307034200000004],
     [21.986834700000003, 43.3068917], [21.9872289, 43.3067609],
     [21.9876635, 43.306645800000005],
     [21.9882053, 43.306552100000005],
     [21.988633200000002, 43.306563000000004],
     [21.989139400000003, 43.3065227], [21.98978, 43.306465100000004],
     [21.990254500000002, 43.3064018],
     [21.990697400000002, 43.3063213],
     [21.9911007, 43.306229200000004],
     [21.9916094, 43.306076100000006], [21.9920952, 43.3058994],
     [21.9923602, 43.305774], [21.9932611, 43.3053723],
     [21.993910200000002, 43.305128100000005],
     [21.9948376, 43.3049224], [21.9956104, 43.3048067],
     [21.9962331, 43.304755300000004],
     [21.996966200000003, 43.304745700000005],
     [21.9982557, 43.3048742], [21.9986664, 43.304948100000004],
     [21.999055000000002, 43.3050413],
     [21.9996909, 43.305275900000005],
     [22.000534100000003, 43.305619]]}},
  {"type":"Feature",
   "properties":{},
   "geometry":
   {"type":"LineString",
    "coordinates":
    [[21.9847989, 43.307126100000005], [21.9848861, 43.3069961]]}},
  {"type":"Feature",
   "properties":{},
   "geometry":
   {"type":"LineString",
    "coordinates":
    [[21.9847989, 43.307126100000005], [21.9847451, 43.3071093],
     [21.984694400000002, 43.307096900000005],
     [21.9846338, 43.307087800000005],
     [21.984561000000003, 43.3070832]]}},
  {"type":"Feature",
   "properties":{},
   "geometry":
   {"type":"LineString",
    "coordinates":
    [[21.984561000000003, 43.3070832],
     [21.984158500000003, 43.3071374]]}},
  {"type":"Feature",
   "properties":{},
   "geometry":
   {"type":"LineString",
    "coordinates":
    [[21.9587459, 43.318464000000006],
     [21.959060700000002, 43.318373400000006],
     [21.959831100000002, 43.31805], [21.960571700000003, 43.3176454],
     [21.961048100000003, 43.3173541],
     [21.961557600000003, 43.317156000000004],
     [21.9620712, 43.3169994], [21.962482, 43.3168294],
     [21.963160400000003, 43.3165057], [21.9632337, 43.3164707],
     [21.964988100000003, 43.3157842], [21.9662191, 43.3153293],
     [21.966326000000002, 43.3153297],
     [21.9664252, 43.315337400000004], [21.9675349, 43.3148119],
     [21.9679082, 43.314524000000006], [21.9684345, 43.3140876],
     [21.9687164, 43.313884900000005],
     [21.969014400000002, 43.313709700000004],
     [21.9695134, 43.3134869], [21.9700983, 43.3132875],
     [21.9711231, 43.3131076], [21.971383600000003, 43.3130619],
     [21.9725508, 43.312857], [21.975212900000002, 43.3125432],
     [21.9762667, 43.3125489], [21.9773545, 43.3126863],
     [21.977608500000002, 43.312734500000005],
     [21.978213800000002, 43.312849400000005],
     [21.9790917, 43.312998900000004],
     [21.979390600000002, 43.3130193], [21.9799417, 43.3130125],
     [21.9804834, 43.3129174], [21.980931700000003, 43.3127815],
     [21.9812493, 43.3125912], [21.981445400000002, 43.3124349],
     [21.9816416, 43.3121766], [21.982669, 43.310742600000005],
     [21.982995900000002, 43.3103077],
     [21.983229400000003, 43.3099611], [21.9835096, 43.3094514],
     [21.9836777, 43.3090708], [21.983864500000003, 43.3087649],
     [21.984165500000003, 43.3083686],
     [21.984309900000003, 43.3081163],
     [21.9843826, 43.307926900000005],
     [21.9843775, 43.307725100000006],
     [21.984300700000002, 43.307512900000006],
     [21.9842239, 43.3073008], [21.984158500000003, 43.3071374]]}},
  {"type":"Feature",
   "properties":{},
   "geometry":
   {"type":"LineString",
    "coordinates":
    [[21.9587459, 43.318464000000006],
     [21.958671300000002, 43.3185318],
     [21.9586045, 43.318606700000004],
     [21.958528700000002, 43.318692000000006],
     [21.9583976, 43.3187772], [21.958276100000003, 43.3188049],
     [21.957885700000002, 43.3188812],
     [21.957620300000002, 43.3189434], [21.9573052, 43.3189908],
     [21.9570104, 43.3190557], [21.9568982, 43.319091],
     [21.9566532, 43.319164300000004], [21.9564829, 43.3192168],
     [21.9564184, 43.319236700000005], [21.9555215, 43.3194753],
     [21.9548568, 43.3196953], [21.9544995, 43.3198002],
     [21.954198400000003, 43.319911600000005],
     [21.9540644, 43.3199431], [21.9539049, 43.319956100000006],
     [21.953685500000002, 43.3200081],
     [21.9534597, 43.320082400000004], [21.9533321, 43.3201139],
     [21.9530539, 43.320144600000006], [21.9529149, 43.3201678],
     [21.9524428, 43.320266200000006],
     [21.952284600000002, 43.3203024],
     [21.951922200000002, 43.3203432],
     [21.9516022, 43.320357300000005],
     [21.951288100000003, 43.3203711],
     [21.951196300000003, 43.320370100000005],
     [21.951119700000003, 43.3203692], [21.9509143, 43.3203534],
     [21.950618300000002, 43.3203163],
     [21.950132200000002, 43.3202161],
     [21.950044100000003, 43.3201863],
     [21.949726400000003, 43.3201158], [21.949547900000002, 43.320073],
     [21.949335, 43.3199903], [21.9491477, 43.319938400000005],
     [21.9489857, 43.3199029]]}},
  {"type":"Feature",
   "properties":{},
   "geometry":
   {"type":"LineString",
    "coordinates":
    [[21.9489857, 43.3199029], [21.9488768, 43.319909100000004],
     [21.9487399, 43.319928000000004], [21.9486025, 43.3199288]]}},
  {"type":"Feature",
   "properties":{},
   "geometry":
   {"type":"LineString",
    "coordinates":
    [[21.9486025, 43.3199288], [21.9485549, 43.3198589],
     [21.948547700000002, 43.319806400000004],
     [21.9485476, 43.3197709]]}},
  {"type":"Feature",
   "properties":{},
   "geometry":
   {"type":"LineString",
    "coordinates":
    [[21.944141000000002, 43.3196541],
     [21.944678500000002, 43.3196322],
     [21.945042100000002, 43.3196086],
     [21.945741700000003, 43.319555400000006],
     [21.945762300000002, 43.3195538],
     [21.946167600000003, 43.3195254],
     [21.9467198, 43.319490300000005],
     [21.947297600000002, 43.3195118], [21.9478303, 43.3195672],
     [21.9482092, 43.3196286], [21.9484475, 43.319689700000005],
     [21.9485078, 43.319749800000004], [21.9485476, 43.3197709]]}},
  {"type":"Feature",
   "properties":{},
   "geometry":
   {"type":"LineString",
    "coordinates":
    [[21.942431900000003, 43.3197233], [21.9427682, 43.3196973],
     [21.9432039, 43.319684], [21.943897800000002, 43.3196613],
     [21.944141000000002, 43.3196541]]}},
  {"type":"Feature",
   "properties":{},
   "geometry":
   {"type":"LineString",
    "coordinates":
    [[21.9217218, 43.324714900000004],
     [21.921754200000002, 43.3247877],
     [21.9219064, 43.324834100000004], [21.9227239, 43.3247723],
     [21.9240952, 43.3246856], [21.9246793, 43.3247002],
     [21.9251094, 43.324705300000005],
     [21.925199900000003, 43.324707200000006],
     [21.9252828, 43.324708900000005], [21.9258214, 43.3247829],
     [21.9259078, 43.324768500000005],
     [21.926173000000002, 43.324842000000004],
     [21.9265501, 43.3249444], [21.927037300000002, 43.3250625],
     [21.9273855, 43.3251557], [21.928331, 43.3253776],
     [21.9289463, 43.3254904], [21.929659, 43.325536400000004],
     [21.9300578, 43.3255154], [21.930202100000002, 43.3255272],
     [21.930766900000002, 43.3254813],
     [21.9311963, 43.325414300000006],
     [21.931645600000003, 43.3253119],
     [21.9318044, 43.325263400000004],
     [21.932260900000003, 43.3251111],
     [21.932681300000002, 43.3249404],
     [21.932897800000003, 43.3248381],
     [21.933460800000002, 43.324545300000004],
     [21.9337152, 43.3243839], [21.9343071, 43.324040000000004],
     [21.9345488, 43.3238982],
     [21.934907900000002, 43.323671100000006],
     [21.9353157, 43.3234755], [21.9355611, 43.3233193],
     [21.936158300000002, 43.3228914],
     [21.936221500000002, 43.322819200000005],
     [21.936243100000002, 43.3227654], [21.9362612, 43.3227102],
     [21.9363135, 43.3226591], [21.9363911, 43.322614400000006],
     [21.936508800000002, 43.322588700000004],
     [21.9369674, 43.322317500000004], [21.9369976, 43.3222996],
     [21.937551600000003, 43.3219701], [21.9381293, 43.3216264],
     [21.9383242, 43.3215164], [21.939282900000002, 43.3209749],
     [21.9397135, 43.3207317], [21.940141500000003, 43.3204775],
     [21.940306500000002, 43.320430300000005],
     [21.9406234, 43.3202548], [21.940903900000002, 43.3202201],
     [21.9410798, 43.320121500000006], [21.9412473, 43.3200452],
     [21.941495200000002, 43.319956700000006], [21.9417197, 43.319912],
     [21.9417757, 43.319912], [21.9421424, 43.3198717],
     [21.942306600000002, 43.319812000000006],
     [21.942431900000003, 43.3197233]]}},
  {"type":"Feature",
   "properties":{},
   "geometry":
   {"type":"LineString",
    "coordinates":
    [[21.921638700000003, 43.3246837],
     [21.9217218, 43.324714900000004]]}},
  {"type":"Feature",
   "properties":{},
   "geometry":
   {"type":"LineString",
    "coordinates":
    [[21.921535900000002, 43.3246265],
     [21.921593100000003, 43.3246641],
     [21.921638700000003, 43.3246837]]}},
  {"type":"Feature",
   "properties":{},
   "geometry":
   {"type":"LineString",
    "coordinates":
    [[21.919003, 43.3250619], [21.9193095, 43.3250213],
     [21.9202684, 43.3249201], [21.9208389, 43.324865900000006],
     [21.920998700000002, 43.3248334],
     [21.921114900000003, 43.324808700000006],
     [21.921241700000003, 43.3247723],
     [21.921335000000003, 43.3247342], [21.9214288, 43.3246872],
     [21.921535900000002, 43.3246265]]}},
  {"type":"Feature",
   "properties":{},
   "geometry":
   {"type":"LineString",
    "coordinates":
    [[21.912758200000003, 43.3261155], [21.9139497, 43.3262823],
     [21.9143422, 43.3263112], [21.914794200000003, 43.3263004],
     [21.9151917, 43.326264200000004], [21.9155494, 43.32621],
     [21.915891300000002, 43.326129900000005],
     [21.916274700000002, 43.326007600000004],
     [21.9172286, 43.3256245], [21.9178694, 43.3253824],
     [21.918460600000003, 43.3252017], [21.9189127, 43.3250824],
     [21.919003, 43.3250619]]}},
  {"type":"Feature",
   "properties":{},
   "geometry":
   {"type":"LineString",
    "coordinates":
    [[21.9094751, 43.326063700000006], [21.9095762, 43.3260598],
     [21.9100293, 43.326010700000005],
     [21.9103929, 43.325987700000006],
     [21.910661100000002, 43.3259843],
     [21.911275500000002, 43.3259764],
     [21.9116998, 43.326006500000005],
     [21.9119476, 43.326024100000005],
     [21.912758200000003, 43.3261155]]}},
  {"type":"Feature",
   "properties":{},
   "geometry":
   {"type":"LineString",
    "coordinates":
    [[21.908774, 43.3262585], [21.9091132, 43.326186500000006],
     [21.9094751, 43.326063700000006]]}},
  {"type":"Feature",
   "properties":{},
   "geometry":
   {"type":"LineString",
    "coordinates":
    [[21.9083469, 43.3261934], [21.908774, 43.3262585]]}},
  {"type":"Feature",
   "properties":{},
   "geometry":
   {"type":"LineString",
    "coordinates":
    [[21.9083469, 43.3261934], [21.9087688, 43.326111700000006]]}},
  {"type":"Feature",
   "properties":{},
   "geometry":
   {"type":"LineString",
    "coordinates":
    [[21.908749800000002, 43.3269545],
     [21.9087688, 43.326111700000006]]}},
  {"type":"Feature",
   "properties":{},
   "geometry":
   {"type":"LineString",
    "coordinates":
    [[21.9085414, 43.3271281], [21.908653100000002, 43.3270763],
     [21.908740100000003, 43.3269986],
     [21.908749800000002, 43.3269545]]}},
  {"type":"Feature",
   "properties":{},
   "geometry":
   {"type":"LineString",
    "coordinates":
    [[21.9085414, 43.3271281],
     [21.908547000000002, 43.327175600000004]]}},
  {"type":"Feature",
   "properties":{},
   "geometry":
   {"type":"LineString",
    "coordinates":
    [[21.9069717, 43.327332000000006], [21.9072494, 43.3273431],
     [21.9075433, 43.3273425], [21.9077364, 43.3273335],
     [21.9080006, 43.327296100000005],
     [21.9080914, 43.327283800000004], [21.9081756, 43.3272713],
     [21.9083171, 43.3272404], [21.9083849, 43.327223000000004],
     [21.908452800000003, 43.327205500000005],
     [21.908547000000002, 43.327175600000004]]}},
  {"type":"Feature",
   "properties":{},
   "geometry":
   {"type":"LineString",
    "coordinates":
    [[21.9069717, 43.327332000000006], [21.9067167, 43.3281256],
     [21.9067052, 43.3281591], [21.9066857, 43.3282122]]}},
  {"type":"Feature",
   "properties":{},
   "geometry":
   {"type":"LineString",
    "coordinates":
    [[21.9066857, 43.3282122], [21.906689, 43.3282253],
     [21.9066887, 43.328239800000006],
     [21.906685000000003, 43.3282571],
     [21.906685000000003, 43.3282858],
     [21.906650000000003, 43.328363800000005],
     [21.906632700000003, 43.328401400000004],
     [21.9066188, 43.328437400000006], [21.9066107, 43.3284748],
     [21.9066048, 43.328541], [21.9066042, 43.328645900000005]]}},
  {"type":"Feature",
   "properties":{},
   "geometry":
   {"type":"LineString",
    "coordinates":
    [[21.9069095, 43.329263700000006],
     [21.906747900000003, 43.3289192],
     [21.9066861, 43.328802700000004],
     [21.9066042, 43.328645900000005]]}},
  {"type":"Feature",
   "properties":{},
   "geometry":
   {"type":"LineString",
    "coordinates":
    [[21.9070772, 43.3296214], [21.9069588, 43.3293687],
     [21.9069095, 43.329263700000006]]}},
  {"type":"Feature",
   "properties":{},
   "geometry":
   {"type":"LineString",
    "coordinates":
    [[21.9083837, 43.3324116], [21.908219600000002, 43.3320621],
     [21.908092500000002, 43.331751100000005],
     [21.9080693, 43.331688500000006],
     [21.908029900000002, 43.3316011],
     [21.907954500000002, 43.331433000000004],
     [21.9078361, 43.331190500000005], [21.9075469, 43.330613],
     [21.9073423, 43.3301846], [21.907277, 43.330048000000005],
     [21.9072286, 43.329944700000006], [21.907178100000003, 43.32983],
     [21.9070772, 43.3296214]]}},
  {"type":"Feature",
   "properties":{},
   "geometry":
   {"type":"LineString",
    "coordinates":
    [[21.9095376, 43.334443500000006],
     [21.909512600000003, 43.3344153], [21.9094255, 43.3343338],
     [21.9093316, 43.334236600000004],
     [21.9091957, 43.334087600000004],
     [21.9090615, 43.333931400000004],
     [21.9090013, 43.333763600000005], [21.9089515, 43.3336616],
     [21.9086871, 43.3330506], [21.908651900000002, 43.3329857],
     [21.9086119, 43.3329095], [21.9084749, 43.3325997],
     [21.9083837, 43.3324116]]}},
  {"type":"Feature",
   "properties":{},
   "geometry":
   {"type":"LineString",
    "coordinates":
    [[21.9096318, 43.334515100000004],
     [21.9095376, 43.334443500000006]]}},
  {"type":"Feature",
   "properties":{},
   "geometry":
   {"type":"LineString",
    "coordinates":
    [[21.9096318, 43.334515100000004],
     [21.9094096, 43.334527900000005],
     [21.908626700000003, 43.334607500000004],
     [21.906370600000002, 43.334786300000005]]}},
  {"type":"Feature",
   "properties":{},
   "geometry":
   {"type":"LineString",
    "coordinates":
    [[21.9066663, 43.335792700000006],
     [21.906551500000003, 43.3354507],
     [21.906370600000002, 43.334786300000005]]}},
  {"type":"Feature",
   "properties":{},
   "geometry":
   {"type":"LineString",
    "coordinates":
    [[21.9068474, 43.336145300000005], [21.9067437, 43.3358143],
     [21.9066663, 43.335792700000006]]}},
  {"type":"Feature",
   "properties":{},
   "geometry":
   {"type":"LineString",
    "coordinates":
    [[21.9073986, 43.3386465],
     [21.907345000000003, 43.338266000000004],
     [21.9072672, 43.3376825], [21.907134000000003, 43.337127],
     [21.9070781, 43.336848], [21.906997800000003, 43.3365367],
     [21.9068474, 43.336145300000005]]}},
  {"type":"Feature",
   "properties":{},
   "geometry":
   {"type":"LineString",
    "coordinates":
    [[21.907779, 43.339588400000004], [21.907724100000003, 43.339446],
     [21.9074306, 43.338770700000005], [21.9073986, 43.3386465]]}},
  {"type":"Feature",
   "properties":{},
   "geometry":
   {"type":"LineString",
    "coordinates":
    [[21.907779, 43.339588400000004],
     [21.907802200000003, 43.339659100000006],
     [21.9078245, 43.3397647], [21.9078614, 43.3405482],
     [21.9078798, 43.3409394], [21.907890700000003, 43.3410383],
     [21.9078783, 43.341082400000005],
     [21.907844400000002, 43.3411187], [21.907795, 43.3411443],
     [21.907745700000003, 43.3411581], [21.906668, 43.3411855],
     [21.906623200000002, 43.341188700000004],
     [21.9065784, 43.3411987], [21.906533200000002, 43.341217],
     [21.906506800000002, 43.341236200000004], [21.9064918, 43.341264],
     [21.9064875, 43.3412917], [21.906485500000002, 43.3415498],
     [21.906496100000002, 43.3415764], [21.906514700000002, 43.341599],
     [21.906550000000003, 43.3416149], [21.9066043, 43.3416343],
     [21.9066908, 43.3416513], [21.9067811, 43.341655800000005],
     [21.907360200000003, 43.3416373],
     [21.907951200000003, 43.341611500000006],
     [21.9080762, 43.3416209], [21.908178200000002, 43.3416378],
     [21.908254200000002, 43.341667300000005],
     [21.908314100000002, 43.341706200000004],
     [21.908587100000002, 43.341906200000004],
     [21.9087622, 43.342036900000004],
     [21.9089721, 43.342189100000006],
     [21.909149900000003, 43.342321600000005],
     [21.9092646, 43.3424075], [21.909352400000003, 43.3425109],
     [21.909414100000003, 43.3426488],
     [21.909454500000002, 43.3428643],
     [21.909472400000002, 43.3434114],
     [21.909497400000003, 43.344090800000004],
     [21.909534500000003, 43.3443581],
     [21.9095763, 43.344460700000006],
     [21.909830900000003, 43.344692300000006],
     [21.910183800000002, 43.345013300000005],
     [21.910471400000002, 43.345302100000005],
     [21.910622800000002, 43.3455116], [21.9106971, 43.3457287],
     [21.910904900000002, 43.346355900000006],
     [21.9110473, 43.3465426], [21.911388900000002, 43.3469087],
     [21.911900300000003, 43.3473696], [21.912172, 43.347614500000006],
     [21.912306700000002, 43.347875800000004],
     [21.912315900000003, 43.347894200000006],
     [21.912447, 43.348154400000006], [21.9125826, 43.3485218],
     [21.9127745, 43.3487858], [21.912838, 43.348951500000005],
     [21.9129247, 43.349140000000006],
     [21.912979500000002, 43.3493341],
     [21.913111500000003, 43.349645800000005],
     [21.9131734, 43.3498067], [21.9132254, 43.349890800000004],
     [21.9132567, 43.3499211], [21.9132983, 43.3499459],
     [21.913416700000003, 43.349990600000005],
     [21.9134995, 43.3500245], [21.913561700000002, 43.3500505],
     [21.9135922, 43.350067800000005], [21.9140991, 43.3504747],
     [21.9141231, 43.3505136], [21.91413, 43.3505394],
     [21.9141255, 43.3505618]]}},
  {"type":"Feature",
   "properties":{},
   "geometry":
   {"type":"LineString",
    "coordinates":
    [[21.9141255, 43.3505618], [21.9142002, 43.3506622],
     [21.9143879, 43.35083], [21.9145542, 43.3510757],
     [21.9147313, 43.3513254], [21.9149727, 43.3515594],
     [21.915257, 43.3517974], [21.915375, 43.3519768],
     [21.9154179, 43.352253700000006],
     [21.9152945, 43.352429300000004],
     [21.9151336, 43.352515100000005], [21.914978, 43.35248],
     [21.9148546, 43.352402000000005],
     [21.9147313, 43.352355200000005], [21.914565, 43.3523474],
     [21.914473100000002, 43.3523951],
     [21.914365800000002, 43.352539400000005],
     [21.914365800000002, 43.3526759],
     [21.914381900000002, 43.352859300000006], [21.914355, 43.3530504],
     [21.914119000000003, 43.3533624], [21.9140546, 43.3535107],
     [21.914065400000002, 43.3537018],
     [21.9140869, 43.353767100000006], [21.9141751, 43.3538191],
     [21.914698400000002, 43.3538383], [21.9150846, 43.3538383],
     [21.916028700000002, 43.3539241], [21.9165008, 43.3538851],
     [21.917208900000002, 43.3536823],
     [21.917734600000003, 43.353666700000005],
     [21.9180081, 43.3538514], [21.918292400000002, 43.3540659],
     [21.918415800000002, 43.35414], [21.918549900000002, 43.3541712],
     [21.918726900000003, 43.3542453], [21.9187967, 43.3543858],
     [21.9188879, 43.3545808],
     [21.918941500000003, 43.354744600000004],
     [21.918941500000003, 43.354924000000004],
     [21.9191293, 43.3553219], [21.9192956, 43.355637800000004],
     [21.9196174, 43.3559616], [21.919939300000003, 43.3562151],
     [21.920078800000002, 43.3563282],
     [21.9201808, 43.356475100000004], [21.9202881, 43.3569977],
     [21.9203525, 43.357224], [21.9205134, 43.357395600000004],
     [21.9208031, 43.3576452], [21.921167800000003, 43.3579182],
     [21.921489700000002, 43.3580976],
     [21.9218008, 43.358253700000006], [21.9219295, 43.358272],
     [21.922294400000002, 43.3583239],
     [21.922476800000002, 43.3583629], [21.9225733, 43.3584331],
     [21.922637700000003, 43.3586125], [21.9226913, 43.3588777],
     [21.922745000000003, 43.3589713],
     [21.922863000000003, 43.3590493], [21.9236784, 43.3592053],
     [21.9249766, 43.3590025], [21.926253300000003, 43.3589635],
     [21.927025800000003, 43.358752900000006]]}},
  {"type":"Feature",
   "properties":{},
   "geometry":
   {"type":"LineString",
    "coordinates":
    [[21.927025800000003, 43.358752900000006],
     [21.9271801, 43.3587646], [21.9274214, 43.3588212],
     [21.9276045, 43.3588846], [21.9277868, 43.3589313],
     [21.927992800000002, 43.358947], [21.9281845, 43.3589245],
     [21.929160800000002, 43.3586359], [21.9296235, 43.3585647],
     [21.9298532, 43.3585653], [21.930064700000003, 43.3586047],
     [21.930194, 43.358660400000005], [21.930353, 43.358729000000004],
     [21.9305892, 43.358789], [21.9308774, 43.358799700000006],
     [21.931306600000003, 43.3587763], [21.9322601, 43.3587135]]}},
  {"type":"Feature",
   "properties":{},
   "geometry":
   {"type":"LineString",
    "coordinates":
    [[21.9322601, 43.3587135],
     [21.932300400000003, 43.358940000000004],
     [21.932587, 43.3605406]]}},
  {"type":"Feature",
   "properties":{},
   "geometry":
   {"type":"LineString",
    "coordinates":
    [[21.932587, 43.3605406], [21.9330348, 43.360396300000005],
     [21.9338222, 43.3603113], [21.9342188, 43.3602423],
     [21.934551000000003, 43.3602032], [21.9351303, 43.3601466],
     [21.9356894, 43.360100200000005],
     [21.9361861, 43.360083200000005], [21.936622, 43.3601898],
     [21.936825000000002, 43.3601844],
     [21.937003500000003, 43.3601797],
     [21.9375252, 43.360072100000004],
     [21.938017900000002, 43.3599532], [21.9382975, 43.3598276]]}},
  {"type":"Feature",
   "properties":{},
   "geometry":
   {"type":"LineString",
    "coordinates":
    [[21.938206100000002, 43.3600134], [21.9382975, 43.3598276]]}},
  {"type":"Feature",
   "properties":{},
   "geometry":
   {"type":"LineString",
    "coordinates":
    [[21.938206100000002, 43.3600134], [21.938188, 43.360166],
     [21.938302800000002, 43.3602519],
     [21.938799900000003, 43.3605072],
     [21.938838200000003, 43.360562800000004],
     [21.9388277, 43.360610900000005], [21.9386887, 43.360674],
     [21.938629600000002, 43.3607524],
     [21.939429200000003, 43.3612326],
     [21.939547400000002, 43.3612276], [21.9400829, 43.3616326]]}},
  {"type":"Feature",
   "properties":{},
   "geometry":
   {"type":"LineString",
    "coordinates":
    [[21.9397109, 43.3619124], [21.9399787, 43.3617043],
     [21.9400829, 43.3616326]]}},
  {"type":"Feature",
   "properties":{},
   "geometry":
   {"type":"LineString",
    "coordinates":
    [[21.9392467, 43.362346], [21.9397109, 43.3619124]]}},
  {"type":"Feature",
   "properties":{},
   "geometry":
   {"type":"LineString",
    "coordinates":
    [[21.9392467, 43.362346], [21.9394612, 43.362470800000004],
     [21.9396919, 43.3625722],
     [21.939649000000003, 43.362677500000004],
     [21.939804600000002, 43.362775], [21.940029900000003, 43.3628647],
     [21.9402176, 43.3629544], [21.9403882, 43.363098300000004]]}},
  {"type":"Feature",
   "properties":{},
   "geometry":
   {"type":"LineString",
    "coordinates":
    [[21.9399032, 43.363534300000005],
     [21.9403055, 43.363151800000004],
     [21.9403882, 43.363098300000004]]}},
  {"type":"Feature",
   "properties":{},
   "geometry":
   {"type":"LineString",
    "coordinates":
    [[21.9390076, 43.364521200000006], [21.9391809, 43.364324],
     [21.939395700000002, 43.364115500000004], [21.9395706, 43.363872],
     [21.9399032, 43.363534300000005]]}},
  {"type":"Feature",
   "properties":{},
   "geometry":
   {"type":"LineString",
    "coordinates":
    [[21.9390076, 43.364521200000006],
     [21.939658700000003, 43.364658600000006], [21.940162, 43.3648146],
     [21.940335700000002, 43.364929800000006],
     [21.941148100000003, 43.3652176],
     [21.941337200000003, 43.3653458],
     [21.941413800000003, 43.3655872], [21.941447, 43.365678300000006],
     [21.9417745, 43.3657819]]}},
  {"type":"Feature",
   "properties":{},
   "geometry":
   {"type":"LineString",
    "coordinates":
    [[21.9417745, 43.3657819], [21.9417906, 43.366039],
     [21.9418186, 43.366216200000004]]}},
  {"type":"Feature",
   "properties":{},
   "geometry":
   {"type":"LineString",
    "coordinates":
    [[21.9418186, 43.366216200000004],
     [21.941842100000002, 43.3663626],
     [21.9418317, 43.366440100000005], [21.9417797, 43.3665554],
     [21.941655, 43.3666914], [21.9412418, 43.3671051],
     [21.9410691, 43.367331300000004], [21.9409144, 43.3675963],
     [21.9407816, 43.367867700000005], [21.9404752, 43.3684937],
     [21.9402881, 43.3688129], [21.9401061, 43.3691247],
     [21.939924400000002, 43.3695145]]}},
  {"type":"Feature",
   "properties":{},
   "geometry":
   {"type":"LineString",
    "coordinates":
    [[21.939924400000002, 43.3695145],
     [21.939700700000003, 43.3700843],
     [21.939633200000003, 43.3704489], [21.9395312, 43.3708868],
     [21.939551700000003, 43.3710796],
     [21.9395682, 43.371506800000006], [21.9395214, 43.3718846],
     [21.9394253, 43.372600600000005],
     [21.939406700000003, 43.372689300000005],
     [21.9394019, 43.3727876], [21.9394305, 43.373114400000006],
     [21.939420400000003, 43.3734204], [21.9393692, 43.3739147],
     [21.939344000000002, 43.374006]]}},
  {"type":"Feature",
   "properties":{},
   "geometry":
   {"type":"LineString",
    "coordinates":
    [[21.939344000000002, 43.374006],
     [21.939533800000003, 43.374142500000005],
     [21.939665100000003, 43.3742607],
     [21.9399236, 43.374496300000004],
     [21.940289800000002, 43.374943200000004],
     [21.940549800000003, 43.375295900000005],
     [21.9406761, 43.3754372]]}},
  {"type":"Feature",
   "properties":{},
   "geometry":
   {"type":"LineString",
    "coordinates":
    [[21.9406761, 43.3754372], [21.940754700000003, 43.3755712],
     [21.9410373, 43.3758989],
     [21.941137700000002, 43.376001900000006]]}},
  {"type":"Feature",
   "properties":{},
   "geometry":
   {"type":"LineString",
    "coordinates":
    [[21.941137700000002, 43.376001900000006],
     [21.941557200000002, 43.376186100000005]]}},
  {"type":"Feature",
   "properties":{},
   "geometry":
   {"type":"LineString",
    "coordinates":
    [[21.941557200000002, 43.376186100000005],
     [21.942314800000002, 43.376745], [21.942417000000003, 43.3768204],
     [21.9425525, 43.376921800000005],
     [21.942752300000002, 43.3769861],
     [21.9429199, 43.377059300000006], [21.9429689, 43.377136],
     [21.9430027, 43.3771593], [21.9430598, 43.377174800000006],
     [21.9431343, 43.377194200000005], [21.9432511, 43.3772207],
     [21.943325100000003, 43.377264800000006],
     [21.943358800000002, 43.3773354],
     [21.9433623, 43.377385200000006], [21.9433563, 43.3774144],
     [21.943309600000003, 43.3774681], [21.9433098, 43.3775022],
     [21.9433349, 43.3775448], [21.9433814, 43.3775874],
     [21.9435247, 43.3776584], [21.9437174, 43.3776996],
     [21.943909, 43.3777058], [21.9440741, 43.3776838],
     [21.944157, 43.3776706], [21.9441858, 43.377676],
     [21.9442106, 43.3776912], [21.944235900000002, 43.377716],
     [21.9442735, 43.377769400000005]]}},
  {"type":"Feature",
   "properties":{},
   "geometry":
   {"type":"LineString",
    "coordinates":
    [[21.9442735, 43.377769400000005], [21.9443133, 43.3778507],
     [21.9444202, 43.3779516]]}},
  {"type":"Feature",
   "properties":{},
   "geometry":
   {"type":"LineString",
    "coordinates":
    [[21.943417, 43.3788545], [21.943714800000002, 43.3785261],
     [21.9440975, 43.3782414], [21.9443392, 43.378075700000004],
     [21.9444202, 43.3779516]]}},
  {"type":"Feature",
   "properties":{},
   "geometry":
   {"type":"LineString",
    "coordinates":
    [[21.9422783, 43.379658400000004],
     [21.942793400000003, 43.3792927],
     [21.943129300000003, 43.3791261], [21.943417, 43.3788545]]}},
  {"type":"Feature",
   "properties":{},
   "geometry":
   {"type":"LineString",
    "coordinates":
    [[21.9391642, 43.3825087], [21.9389711, 43.3824386],
     [21.938745800000003, 43.3822904], [21.9385526, 43.3821189],
     [21.938381, 43.381962900000005],
     [21.938695900000003, 43.381840000000004],
     [21.9390493, 43.3815959], [21.9395442, 43.3811849],
     [21.940074300000003, 43.3806968],
     [21.9406399, 43.380414300000005], [21.9412761, 43.3800803],
     [21.941947600000002, 43.3797592],
     [21.9422783, 43.379658400000004]]}},
  {"type":"Feature",
   "properties":{},
   "geometry":
   {"type":"LineString",
    "coordinates":
    [[21.9402049, 43.385682300000006], [21.9401298, 43.3854405],
     [21.940076100000002, 43.3851832], [21.940162, 43.384848000000005],
     [21.9403444, 43.3845283], [21.940376500000003, 43.3842008],
     [21.9404302, 43.3838889], [21.9404946, 43.3835302],
     [21.9405375, 43.383257300000004], [21.940566, 43.383049],
     [21.940541, 43.3828126], [21.9403516, 43.3827033],
     [21.9401645, 43.3826107], [21.9397923, 43.3825324],
     [21.9395273, 43.3825146], [21.9391642, 43.3825087]]}},
  {"type":"Feature",
   "properties":{},
   "geometry":
   {"type":"LineString",
    "coordinates":
    [[21.9402049, 43.385682300000006],
     [21.9402724, 43.385972800000005],
     [21.9402724, 43.386185000000005], [21.9402927, 43.386577],
     [21.9403489, 43.386792]]}},
  {"type":"Feature",
   "properties":{},
   "geometry":
   {"type":"LineString",
    "coordinates":
    [[21.940392600000003, 43.3886899], [21.9403256, 43.38861],
     [21.94028, 43.3884892], [21.940140500000002, 43.3883176],
     [21.9400924, 43.388199500000006], [21.9400547, 43.3881071],
     [21.940033200000002, 43.387881], [21.9400225, 43.3875146],
     [21.9402478, 43.3871559], [21.9403489, 43.386792]]}},
  {"type":"Feature",
   "properties":{},
   "geometry":
   {"type":"LineString",
    "coordinates":
    [[21.9436727, 43.389246400000005], [21.943445, 43.389214300000006],
     [21.942816500000003, 43.389150400000005],
     [21.942365300000002, 43.3890679], [21.9419419, 43.389085],
     [21.9415245, 43.388964800000004],
     [21.9410525, 43.388853600000004],
     [21.940685000000002, 43.388794700000005],
     [21.9406669, 43.388790400000005],
     [21.9404785, 43.388745500000006],
     [21.940392600000003, 43.3886899]]}},
  {"type":"Feature",
   "properties":{},
   "geometry":
   {"type":"LineString",
    "coordinates":
    [[21.9459555, 43.3904149],
     [21.945444400000003, 43.390178600000006],
     [21.945021200000003, 43.3899209], [21.9445444, 43.389752],
     [21.9436727, 43.389246400000005]]}},
  {"type":"Feature",
   "properties":{},
   "geometry":
   {"type":"LineString",
    "coordinates":
    [[21.946705400000003, 43.394314], [21.9468257, 43.394100300000005],
     [21.9467602, 43.393705000000004],
     [21.946749500000003, 43.3933775],
     [21.9468031, 43.393034500000006], [21.9468664, 43.3928619],
     [21.946769800000002, 43.392484], [21.9465027, 43.3921925],
     [21.946341800000003, 43.3919742], [21.9463121, 43.3917792],
     [21.946234500000003, 43.391639000000005], [21.9461808, 43.391257],
     [21.946172400000002, 43.3907606], [21.9459555, 43.3904149]]}},
  {"type":"Feature",
   "properties":{},
   "geometry":
   {"type":"LineString",
    "coordinates":
    [[21.9487251, 43.3958231],
     [21.948339200000003, 43.395503000000005],
     [21.947672100000002, 43.3950303], [21.9474182, 43.3947726],
     [21.947234400000003, 43.394572700000005],
     [21.947035900000003, 43.394495500000005],
     [21.9469597, 43.3944167], [21.946705400000003, 43.394314]]}},
  {"type":"Feature",
   "properties":{},
   "geometry":
   {"type":"LineString",
    "coordinates":
    [[21.951688200000003, 43.398451200000004],
     [21.951385000000002, 43.398120500000005],
     [21.9511243, 43.3977037], [21.9508218, 43.397355100000006],
     [21.950060500000003, 43.396733700000006],
     [21.949622400000003, 43.396516500000004],
     [21.9493791, 43.3962942], [21.94924, 43.3960896],
     [21.9492087, 43.3960517], [21.948847200000003, 43.3959683],
     [21.9487251, 43.3958231]]}},
  {"type":"Feature",
   "properties":{},
   "geometry":
   {"type":"LineString",
    "coordinates":
    [[21.951688200000003, 43.398451200000004],
     [21.9518384, 43.3984691], [21.952055, 43.3985196],
     [21.952223500000002, 43.398561300000004],
     [21.9523668, 43.3985695],
     [21.952931000000003, 43.398482300000005],
     [21.9531737, 43.398450100000005], [21.9532926, 43.398451],
     [21.9533954, 43.398459200000005],
     [21.9534746, 43.398495600000004]]}},
  {"type":"Feature",
   "properties":{},
   "geometry":
   {"type":"LineString",
    "coordinates":
    [[21.9534746, 43.398495600000004],
     [21.953564800000002, 43.3984457]]}},
  {"type":"Feature",
   "properties":{},
   "geometry":
   {"type":"LineString",
    "coordinates":
    [[21.953564800000002, 43.3984457],
     [21.953673400000003, 43.398549700000004],
     [21.953952400000002, 43.399034900000004], [21.953972, 43.3991223],
     [21.953949700000003, 43.399218100000006],
     [21.953756600000002, 43.3994208],
     [21.9530485, 43.399872900000005],
     [21.9529554, 43.399981700000005], [21.9528983, 43.4001224],
     [21.952769500000002, 43.4005121],
     [21.952719400000003, 43.4006443],
     [21.952726600000002, 43.400823900000006]]}},
  {"type":"Feature",
   "properties":{},
   "geometry":
   {"type":"LineString",
    "coordinates":
    [[21.952726600000002, 43.400823900000006],
     [21.9528339, 43.400964200000004], [21.9529788, 43.4010812],
     [21.9534209, 43.4012217], [21.953890700000002, 43.401432],
     [21.9541858, 43.401580100000004],
     [21.954435200000002, 43.4017847],
     [21.9546202, 43.402020500000006],
     [21.9545961, 43.402160800000004]]}},
  {"type":"Feature",
   "properties":{},
   "geometry":
   {"type":"LineString",
    "coordinates":
    [[21.9545961, 43.402160800000004],
     [21.9545755, 43.402377800000004],
     [21.954378900000002, 43.4029442], [21.9542287, 43.4034898],
     [21.9542287, 43.403786000000004],
     [21.954378900000002, 43.4040978],
     [21.954765100000003, 43.4045031],
     [21.955194300000002, 43.4046746], [21.955559, 43.4047058],
     [21.9558809, 43.4047682], [21.9562671, 43.4050176],
     [21.956674800000002, 43.405547600000006],
     [21.957189800000002, 43.4061868],
     [21.957640400000003, 43.406483]]}},
  {"type":"Feature",
   "properties":{},
   "geometry":
   {"type":"LineString",
    "coordinates":
    [[21.957640400000003, 43.406483], [21.9578022, 43.4066154],
     [21.957864800000003, 43.4067063], [21.9579273, 43.4067972],
     [21.957944, 43.4069609], [21.9578898, 43.407079100000004],
     [21.957773000000003, 43.4072973],
     [21.957656200000002, 43.4074156], [21.957593600000003, 43.407555],
     [21.957489300000002, 43.4078126],
     [21.957414200000002, 43.4080248],
     [21.957368300000002, 43.4081824],
     [21.957309900000002, 43.4083127],
     [21.957184700000003, 43.408446000000005],
     [21.957034500000002, 43.4086097], [21.9568343, 43.4088007],
     [21.9567467, 43.4089583], [21.9566424, 43.4093492],
     [21.9566424, 43.4095887], [21.9566549, 43.4097311],
     [21.9566924, 43.409858400000005],
     [21.9568927, 43.410082700000004],
     [21.9570304, 43.410267600000005],
     [21.957126300000002, 43.4105282], [21.957155500000002, 43.410704],
     [21.957201400000002, 43.410901], [21.957339100000002, 43.4111192],
     [21.957547700000003, 43.411461700000004],
     [21.9576645, 43.411667800000004],
     [21.957760500000003, 43.4119072],
     [21.9579023, 43.412243600000004], [21.9579983, 43.4125436],
     [21.9580358, 43.4126709], [21.9579983, 43.412810300000004],
     [21.9579774, 43.4130679], [21.9579732, 43.4133104],
     [21.957985800000003, 43.413537700000006],
     [21.9580316, 43.4136892], [21.9581276, 43.413910400000006],
     [21.9581401, 43.4141801], [21.958171500000002, 43.4144513],
     [21.958181800000002, 43.414540800000005],
     [21.958152600000002, 43.414734700000004],
     [21.9580567, 43.414874100000006], [21.9578147, 43.4150014],
     [21.957092900000003, 43.415319600000004],
     [21.9564421, 43.415498400000004],
     [21.956204300000003, 43.4155621],
     [21.9557204, 43.415701500000004],
     [21.955136300000003, 43.4157681], [21.9546749, 43.4160978],
     [21.954583300000003, 43.4164754],
     [21.9545725, 43.416736400000005]]}},
  {"type":"Feature",
   "properties":{},
   "geometry":
   {"type":"LineString",
    "coordinates":
    [[21.9545725, 43.416736400000005], [21.954638000000003, 43.417302],
     [21.954690000000003, 43.417875800000004],
     [21.9547421, 43.418308800000005], [21.9550638, 43.4191644],
     [21.955125300000002, 43.419494300000004],
     [21.954917100000003, 43.4197932],
     [21.954567100000002, 43.4198595],
     [21.9540088, 43.419996000000005],
     [21.9537108, 43.420477000000005],
     [21.953497900000002, 43.4211265], [21.9534506, 43.4214391],
     [21.952613200000002, 43.421906400000005],
     [21.952244200000003, 43.422013], [21.9521984, 43.4221578],
     [21.952114, 43.4224456]]}},
  {"type":"Feature",
   "properties":{},
   "geometry":
   {"type":"LineString",
    "coordinates":
    [[21.943931300000003, 43.429482400000005],
     [21.9440496, 43.4293806], [21.944213700000002, 43.4293102],
     [21.9444479, 43.4292348], [21.9446419, 43.4291531],
     [21.9449338, 43.429042], [21.945116300000002, 43.4289379],
     [21.9452979, 43.4287901], [21.945444400000003, 43.4286691],
     [21.9455454, 43.428490200000006],
     [21.945740400000002, 43.4282478], [21.9459389, 43.4280217],
     [21.9461355, 43.427848000000004], [21.9461872, 43.4278144],
     [21.946255200000003, 43.4277833], [21.946642, 43.4276217],
     [21.947081700000002, 43.4274676], [21.9475249, 43.4273893],
     [21.9478571, 43.4273034], [21.9481217, 43.427172500000005],
     [21.9483459, 43.4270184], [21.9483664, 43.4269109],
     [21.948376200000002, 43.4267036],
     [21.9484631, 43.426478800000005],
     [21.9485639, 43.426342500000004], [21.9489498, 43.4260875],
     [21.949148, 43.4259082], [21.949301000000002, 43.4256557],
     [21.9494887, 43.4254133],
     [21.949579200000002, 43.425343600000005],
     [21.949679900000003, 43.4252922], [21.9499824, 43.4252114],
     [21.9503378, 43.4250271],
     [21.950526500000002, 43.424843200000005],
     [21.950762400000002, 43.4243765], [21.9508194, 43.4238822],
     [21.950895900000003, 43.4235862],
     [21.9509429, 43.423246000000006],
     [21.951122400000003, 43.422992900000004],
     [21.951596900000002, 43.422679800000004],
     [21.952036200000002, 43.422475000000006],
     [21.952114, 43.4224456]]}},
  {"type":"Feature",
   "properties":{},
   "geometry":
   {"type":"LineString",
    "coordinates":
    [[21.9391225, 43.430560400000005],
     [21.939280200000002, 43.4305448], [21.9393987, 43.4305418],
     [21.9395174, 43.4305487], [21.9396559, 43.4305667],
     [21.939760500000002, 43.430590800000004],
     [21.940034800000003, 43.4306824],
     [21.9401209, 43.430700200000004], [21.940207, 43.4307078],
     [21.9403001, 43.430701400000004],
     [21.9404037, 43.430687400000004],
     [21.940554600000002, 43.430647900000004],
     [21.9406739, 43.4306135],
     [21.940859200000002, 43.430570100000004],
     [21.9410929, 43.4305219], [21.9412984, 43.4304934],
     [21.941471, 43.4304532], [21.941594600000002, 43.4304028],
     [21.9417839, 43.4303016], [21.9419419, 43.430224100000004],
     [21.942071900000002, 43.430181000000005],
     [21.9422864, 43.4301462], [21.9424856, 43.430090400000005],
     [21.943321700000002, 43.429731700000005],
     [21.9433867, 43.4296996],
     [21.943514200000003, 43.429640600000006],
     [21.943783800000002, 43.429537100000005],
     [21.943931300000003, 43.429482400000005]]}},
  {"type":"Feature",
   "properties":{},
   "geometry":
   {"type":"LineString",
    "coordinates":
    [[21.937596900000003, 43.4301654],
     [21.937679300000003, 43.4301425], [21.9377616, 43.4301426],
     [21.937835800000002, 43.430157400000006],
     [21.9378981, 43.430180500000006], [21.9380008, 43.4302298],
     [21.9382693, 43.4304262], [21.9383154, 43.4304543],
     [21.9383568, 43.430473600000006], [21.938414, 43.430497800000005],
     [21.938464, 43.4305115], [21.9385406, 43.4305286],
     [21.9386462, 43.4305431], [21.9388836, 43.4305685],
     [21.939003000000003, 43.4305682],
     [21.9391225, 43.430560400000005]]}},
  {"type":"Feature",
   "properties":{},
   "geometry":
   {"type":"LineString",
    "coordinates":
    [[21.917539100000003, 43.430032700000005],
     [21.917868600000002, 43.4299168],
     [21.9182622, 43.429769500000006],
     [21.9184805, 43.429715300000005],
     [21.918645100000003, 43.4296845],
     [21.9187872, 43.429659400000006],
     [21.918921400000002, 43.429655800000006],
     [21.9190781, 43.4296595],
     [21.919201100000002, 43.429683100000005],
     [21.9193441, 43.4297437],
     [21.919482000000002, 43.429818000000004],
     [21.9195816, 43.4298585], [21.9196946, 43.429906700000004],
     [21.9198136, 43.4299179], [21.919932600000003, 43.4298939],
     [21.9200263, 43.429865], [21.9201216, 43.429821600000004],
     [21.920203500000003, 43.4297489], [21.9202632, 43.4296888],
     [21.920339000000002, 43.4295879], [21.9204414, 43.4295046],
     [21.9205277, 43.429446600000006], [21.9206599, 43.4293923],
     [21.9207953, 43.4293442], [21.920946700000002, 43.4293118],
     [21.921224900000002, 43.429257], [21.9215032, 43.4291964],
     [21.9216094, 43.429193000000005], [21.9217181, 43.4292059],
     [21.9218349, 43.4292482], [21.9222325, 43.4294036],
     [21.9223189, 43.429428300000005],
     [21.9224296, 43.429437500000006], [21.922677200000003, 43.429422],
     [21.9228686, 43.4293968],
     [21.923695000000002, 43.429292700000005],
     [21.9238578, 43.429273200000004],
     [21.9240619, 43.429256900000006], [21.9242174, 43.4292395],
     [21.924342600000003, 43.429218000000006],
     [21.9244746, 43.4291897],
     [21.924721100000003, 43.429124300000005],
     [21.9249028, 43.4290749], [21.925052100000002, 43.4290411],
     [21.925198700000003, 43.429016100000005],
     [21.9257077, 43.428950300000004], [21.9261367, 43.4289195],
     [21.9264857, 43.4289112], [21.926649700000002, 43.4289282],
     [21.926891400000002, 43.428966],
     [21.926995400000003, 43.428973500000005],
     [21.9270855, 43.4289811], [21.9272522, 43.428989900000005],
     [21.927410700000003, 43.4289957],
     [21.9275965, 43.429008100000004],
     [21.927940900000003, 43.4290328],
     [21.9284225, 43.429081700000005],
     [21.9285983, 43.429084700000004],
     [21.928731000000003, 43.4290664],
     [21.9289963, 43.428997100000004], [21.929136, 43.428971600000004],
     [21.929262700000002, 43.428971600000004],
     [21.9294082, 43.4289891], [21.929520800000002, 43.429031],
     [21.9296173, 43.4290807], [21.9298086, 43.429194200000005],
     [21.9299284, 43.429257500000006], [21.9300642, 43.4293131],
     [21.9303718, 43.4293798], [21.930664500000002, 43.4294452],
     [21.930869400000002, 43.429491000000006],
     [21.930955700000002, 43.429516], [21.9310444, 43.429537100000005],
     [21.9311279, 43.4295466], [21.9312545, 43.4295479],
     [21.931526100000003, 43.4295364], [21.9317913, 43.4295315],
     [21.9319093, 43.4295397], [21.9319925, 43.429551700000005],
     [21.9321123, 43.429577900000005], [21.9323143, 43.4296303],
     [21.9324735, 43.429661200000005], [21.932621, 43.429675700000004],
     [21.9327684, 43.429674600000006], [21.9331506, 43.4296838],
     [21.9335872, 43.429696], [21.933880300000002, 43.4297096],
     [21.9339975, 43.4297167], [21.934104, 43.4297356],
     [21.9341939, 43.429761500000005], [21.9347615, 43.4299106],
     [21.935038000000002, 43.4300045],
     [21.935257500000002, 43.4300565], [21.9354762, 43.4301058],
     [21.935676800000003, 43.4301333],
     [21.935917500000002, 43.430161600000005],
     [21.9361803, 43.4301674], [21.9362195, 43.4301717],
     [21.936535000000003, 43.430142700000005],
     [21.936699500000003, 43.430129],
     [21.936779700000002, 43.430128100000005],
     [21.9368586, 43.430134800000005],
     [21.936999800000002, 43.4301638], [21.9371765, 43.4302034],
     [21.937303200000002, 43.430217000000006],
     [21.9373782, 43.4302141], [21.9374532, 43.430203500000005],
     [21.937596900000003, 43.4301654]]}},
  {"type":"Feature",
   "properties":{},
   "geometry":
   {"type":"LineString",
    "coordinates":
    [[21.9118861, 43.4297045],
     [21.912299700000002, 43.429800400000005],
     [21.9128897, 43.4299485], [21.9131475, 43.4300549],
     [21.9132575, 43.430106300000006], [21.9133014, 43.4301369],
     [21.9133347, 43.4301803], [21.913394, 43.4302441],
     [21.9134131, 43.430267], [21.9134385, 43.4302873],
     [21.913475100000003, 43.4302976],
     [21.913714000000002, 43.430319100000006],
     [21.9138443, 43.430320200000004], [21.9139951, 43.4303553],
     [21.9141601, 43.4303977], [21.9143009, 43.4304416],
     [21.914514500000003, 43.4304575],
     [21.914787500000003, 43.430480200000005],
     [21.914854300000002, 43.4304883], [21.9151667, 43.4304877],
     [21.9159186, 43.430453], [21.9165831, 43.4304335],
     [21.9167555, 43.430427200000004],
     [21.916949900000002, 43.4303765],
     [21.917112900000003, 43.430307400000004],
     [21.917490400000002, 43.430068000000006],
     [21.917539100000003, 43.430032700000005]]}},
  {"type":"Feature",
   "properties":{},
   "geometry":
   {"type":"LineString",
    "coordinates":
    [[21.910399700000003, 43.4293349],
     [21.9105238, 43.429363900000006],
     [21.9106984, 43.429371200000006], [21.9110339, 43.4293702],
     [21.911201400000003, 43.429359500000004],
     [21.9114036, 43.429383300000005],
     [21.911521800000003, 43.429422300000006],
     [21.911549800000003, 43.429445], [21.911609300000002, 43.429512],
     [21.911702100000003, 43.4295947], [21.9117879, 43.4296537],
     [21.911832800000003, 43.429678800000005],
     [21.9118861, 43.4297045]]}},
  {"type":"Feature",
   "properties":{},
   "geometry":
   {"type":"LineString",
    "coordinates":
    [[21.910399700000003, 43.4293349], [21.9103046, 43.429344],
     [21.9100983, 43.4293448], [21.9099091, 43.4293459],
     [21.909469, 43.4293059], [21.908936800000003, 43.429213000000004],
     [21.908730000000002, 43.429165600000005],
     [21.908540600000002, 43.429137700000005],
     [21.9083043, 43.4291039],
     [21.908181300000003, 43.429090900000006]]}},
  {"type":"Feature",
   "properties":{},
   "geometry":
   {"type":"LineString",
    "coordinates":
    [[21.908181300000003, 43.429090900000006],
     [21.907581200000003, 43.4290462],
     [21.907378700000002, 43.4290917],
     [21.907226400000003, 43.4291396], [21.9070971, 43.4291944],
     [21.906960700000003, 43.4292626], [21.906801, 43.429298900000006],
     [21.906609200000002, 43.429304], [21.906316500000003, 43.429262],
     [21.906103400000003, 43.4292579],
     [21.9059531, 43.429256300000006], [21.9058072, 43.429274],
     [21.905700600000003, 43.4293105],
     [21.9055643, 43.429391900000006], [21.9054785, 43.4294272],
     [21.905359, 43.429435000000005], [21.9052517, 43.429424700000006],
     [21.905078200000002, 43.4293983],
     [21.904984300000002, 43.4293883],
     [21.904890400000003, 43.4293829],
     [21.9047728, 43.429385800000006], [21.9046552, 43.4294024],
     [21.9045622, 43.4294426], [21.904494500000002, 43.4294827],
     [21.904114, 43.4297033], [21.9040314, 43.429750500000004],
     [21.903942500000003, 43.429793100000005], [21.903852, 43.4298335],
     [21.9037426, 43.4298693],
     [21.902985100000002, 43.430089100000004],
     [21.9026077, 43.430181100000006], [21.9022744, 43.4302416],
     [21.9020563, 43.430267900000004],
     [21.901846300000003, 43.4302676],
     [21.901590600000002, 43.4302897],
     [21.901368100000003, 43.4303292], [21.901149200000003, 43.430393],
     [21.900956500000003, 43.430458300000005], [21.9007015, 43.430553],
     [21.9004669, 43.4306385], [21.9001363, 43.4307305],
     [21.8999491, 43.4307838], [21.8998272, 43.430837000000004],
     [21.899672900000002, 43.430913700000005],
     [21.899475000000002, 43.4310337],
     [21.8993009, 43.431138000000004], [21.8992486, 43.431165],
     [21.899188600000002, 43.4311822], [21.8991286, 43.4311884],
     [21.8990854, 43.4311887], [21.899044500000002, 43.4311847],
     [21.8989932, 43.4311707], [21.8989292, 43.4311493],
     [21.8988939, 43.4311294], [21.898858500000003, 43.4311061],
     [21.8987561, 43.4310193], [21.8985723, 43.4308355],
     [21.8982566, 43.4305153],
     [21.898215500000003, 43.430473600000006],
     [21.898159200000002, 43.4304318], [21.898088, 43.4303989],
     [21.898011800000003, 43.4303734],
     [21.8978928, 43.430347700000006],
     [21.897669800000003, 43.430320200000004],
     [21.897318300000002, 43.4302926], [21.8971914, 43.4302864],
     [21.8970747, 43.4302912], [21.8968712, 43.4303219],
     [21.896538600000003, 43.430381100000005],
     [21.896206000000003, 43.4304551],
     [21.895852700000002, 43.4305522], [21.8955857, 43.430653],
     [21.895459600000002, 43.430689300000004],
     [21.8953436, 43.4307292], [21.895235500000002, 43.4307916],
     [21.895112700000002, 43.4308743],
     [21.8949819, 43.430966600000005],
     [21.8948921, 43.431005600000006], [21.8948195, 43.4310161],
     [21.894776500000003, 43.431002],
     [21.894736100000003, 43.430974000000006],
     [21.8947101, 43.4309269], [21.8946994, 43.430868700000005],
     [21.894696200000002, 43.430739800000005],
     [21.894705700000003, 43.4304599], [21.8947252, 43.4303092],
     [21.8947457, 43.430206600000005],
     [21.8947408, 43.430140800000004], [21.8947128, 43.4300864],
     [21.894679800000002, 43.430049800000006],
     [21.8946323, 43.4300149], [21.8945736, 43.429986400000004],
     [21.8945033, 43.4299625]]}},
  {"type":"Feature",
   "properties":{},
   "geometry":
   {"type":"LineString",
    "coordinates":
    [[21.8945033, 43.4299625], [21.8943939, 43.4299375],
     [21.8942778, 43.4299223], [21.8941257, 43.4299191],
     [21.8939305, 43.4299211], [21.8938434, 43.4299156],
     [21.893744400000003, 43.429899500000005],
     [21.8936293, 43.4298719], [21.8935108, 43.429828400000005],
     [21.893392300000002, 43.4297727],
     [21.892932000000002, 43.4295768],
     [21.892790400000003, 43.4295253], [21.8926443, 43.4295028],
     [21.892485, 43.4295221], [21.8923522, 43.4295598],
     [21.892234700000003, 43.429612600000006],
     [21.892106400000003, 43.4296888], [21.8919611, 43.4298188],
     [21.891838800000002, 43.429956100000005],
     [21.891657300000002, 43.4301746], [21.8913209, 43.4305314],
     [21.8911793, 43.430685700000005],
     [21.891037700000002, 43.4307789], [21.890657, 43.4310039],
     [21.8901569, 43.431216], [21.8899621, 43.431267500000004],
     [21.889537200000003, 43.4313318],
     [21.889271700000002, 43.431402500000004],
     [21.889097500000002, 43.431451900000006],
     [21.888917600000003, 43.4315343], [21.8887405, 43.4316435],
     [21.888554600000003, 43.4317817],
     [21.888275800000002, 43.4320067],
     [21.888112000000003, 43.4321192],
     [21.8879173, 43.432222100000004],
     [21.887324200000002, 43.4324511], [21.8870791, 43.4325356],
     [21.887, 43.432557800000005], [21.8869209, 43.43258],
     [21.886844200000002, 43.4325983],
     [21.886754200000002, 43.4326184], [21.8865553, 43.4326468],
     [21.886272700000003, 43.4326695],
     [21.8859388, 43.432707400000005],
     [21.885693200000002, 43.432731600000004],
     [21.8851863, 43.4327862], [21.8845613, 43.432858200000005],
     [21.8844455, 43.432867900000005],
     [21.884362900000003, 43.432868000000006],
     [21.8842757, 43.432856300000005],
     [21.8841885, 43.432837400000004],
     [21.883847300000003, 43.4327569], [21.8837198, 43.4327314],
     [21.8835924, 43.4327108], [21.8834674, 43.4326979],
     [21.883349000000003, 43.432694600000005],
     [21.882547000000002, 43.432694600000005],
     [21.882478300000002, 43.4326968],
     [21.882403800000002, 43.4327088],
     [21.882346100000003, 43.4327239],
     [21.882305600000002, 43.4327404],
     [21.882262100000002, 43.432759100000006],
     [21.8822225, 43.4327862], [21.882012900000003, 43.4329613],
     [21.881734100000003, 43.4331478],
     [21.881468400000003, 43.4332754], [21.8811739, 43.433418],
     [21.881093500000002, 43.433455800000004], [21.8810141, 43.433472],
     [21.880932, 43.4334804], [21.880848500000003, 43.4334767],
     [21.880732700000003, 43.4334573],
     [21.8805905, 43.433427900000005],
     [21.880429900000003, 43.433406600000005],
     [21.8802747, 43.4334008], [21.8800475, 43.433411500000005],
     [21.8795229, 43.4334253], [21.879302900000003, 43.4334426],
     [21.8787607, 43.4334945], [21.8781065, 43.433590900000006],
     [21.877246300000003, 43.433678300000004],
     [21.876942200000002, 43.433701600000006],
     [21.876838900000003, 43.4336974], [21.8767804, 43.4336831],
     [21.8767453, 43.4336642], [21.876719, 43.433631000000005],
     [21.8767204, 43.4335985], [21.876748000000003, 43.433562],
     [21.8767976, 43.4335377],
     [21.876878700000002, 43.433520800000004],
     [21.8772637, 43.4334724], [21.877329800000002, 43.4334489],
     [21.8773744, 43.433425500000006], [21.8774084, 43.4333918],
     [21.8774188, 43.433356700000004], [21.8774242, 43.4333206],
     [21.8774231, 43.433286], [21.8773877, 43.4332153],
     [21.877231000000002, 43.4329255], [21.8771655, 43.4328422],
     [21.8771111, 43.4327935], [21.8770324, 43.4327526],
     [21.876944100000003, 43.4327258],
     [21.876831900000003, 43.432710400000005],
     [21.8760684, 43.4326754],
     [21.875981000000003, 43.432680000000005],
     [21.875927100000002, 43.4326914], [21.8758813, 43.4327087],
     [21.875855700000002, 43.432732800000004],
     [21.875842000000002, 43.432766900000004], [21.875843, 43.4328039],
     [21.875927100000002, 43.4331285],
     [21.875930200000003, 43.4331745],
     [21.875922600000003, 43.4332185],
     [21.875899200000003, 43.4332584],
     [21.875865100000002, 43.433292400000006],
     [21.875813800000003, 43.4333216],
     [21.8757544, 43.433347000000005],
     [21.874892600000003, 43.433607800000004], [21.8747887, 43.433622],
     [21.8747462, 43.4336251], [21.874701700000003, 43.4336239],
     [21.874652, 43.4336185], [21.8746003, 43.433611600000006],
     [21.8745359, 43.433596400000006], [21.8744754, 43.4335754],
     [21.8738689, 43.4333599], [21.873656500000003, 43.4332763],
     [21.873457300000002, 43.4332185],
     [21.872983700000002, 43.4331149],
     [21.872928400000003, 43.4331006],
     [21.8728732, 43.433077600000004],
     [21.8728377, 43.433054600000006], [21.872807, 43.4330301],
     [21.872780300000002, 43.4330027],
     [21.872742600000002, 43.432945100000005],
     [21.8726077, 43.4327193], [21.872539, 43.4326439],
     [21.8724743, 43.4325899], [21.8723651, 43.4325284],
     [21.872222200000003, 43.432461100000005],
     [21.872042500000003, 43.4324067], [21.871924500000002, 43.432378],
     [21.8717769, 43.4323482], [21.871613500000002, 43.4323356],
     [21.8715066, 43.4323331], [21.8713996, 43.432336400000004],
     [21.8707081, 43.4323557], [21.8705658, 43.4323606],
     [21.8704986, 43.4323677], [21.870433900000002, 43.4323787],
     [21.870320000000003, 43.432402200000006],
     [21.8699474, 43.432482400000005],
     [21.869899800000002, 43.432492100000005],
     [21.869602200000003, 43.4325531],
     [21.8693278, 43.432594900000005],
     [21.869220600000002, 43.432604000000005],
     [21.8691658, 43.432603900000004],
     [21.869110900000003, 43.4325981], [21.8690655, 43.4325909],
     [21.8690201, 43.4325781], [21.868929400000003, 43.4325467],
     [21.868677700000003, 43.432451], [21.8684441, 43.4323496],
     [21.868332000000002, 43.432287900000006],
     [21.868238, 43.432222100000004], [21.868193700000003, 43.4321841],
     [21.868159900000002, 43.4321422],
     [21.868133800000003, 43.4320948],
     [21.868120700000002, 43.4320474],
     [21.868107100000003, 43.4319581],
     [21.868099500000003, 43.431915700000005],
     [21.868099700000002, 43.4318734], [21.8681084, 43.4317903],
     [21.8681032, 43.4317487], [21.8680747, 43.4317214],
     [21.8680342, 43.4317099], [21.8679935, 43.4317201],
     [21.867963300000003, 43.431746100000005],
     [21.867924900000002, 43.4318096],
     [21.867883000000003, 43.4319116],
     [21.867859600000003, 43.4321147],
     [21.867822500000003, 43.432452600000005],
     [21.867770200000002, 43.432721400000005],
     [21.867707600000003, 43.4329619],
     [21.867676300000003, 43.433078200000004],
     [21.867652600000003, 43.4331325],
     [21.867618200000003, 43.433194500000006],
     [21.867399900000002, 43.433393200000005],
     [21.8673213, 43.4334348]]}},
  {"type":"Feature",
   "properties":{},
   "geometry":
   {"type":"LineString",
    "coordinates":
    [[21.8673213, 43.4334348], [21.8672621, 43.4334538],
     [21.8672292, 43.4334597], [21.8671894, 43.433465000000005],
     [21.8669829, 43.433467400000005]]}},
  {"type":"Feature",
   "properties":{},
   "geometry":
   {"type":"LineString",
    "coordinates":
    [[21.8669829, 43.433467400000005], [21.8668935, 43.4334648]]}},
  {"type":"Feature",
   "properties":{},
   "geometry":
   {"type":"LineString",
    "coordinates":
    [[21.8668935, 43.4334648], [21.8667839, 43.4334598],
     [21.866703400000002, 43.4334575],
     [21.866622900000003, 43.4334513], [21.8665306, 43.4334325],
     [21.866438300000002, 43.433405900000004],
     [21.8659371, 43.4332439], [21.865840900000002, 43.4332179],
     [21.865733600000002, 43.4332013],
     [21.865261500000003, 43.433201700000005],
     [21.8651191, 43.4331976],
     [21.865038600000002, 43.433185200000004],
     [21.864979400000003, 43.433176], [21.863773100000003, 43.432915],
     [21.8636345, 43.432874600000005],
     [21.863530800000003, 43.4328341],
     [21.863429800000002, 43.4327881], [21.863339, 43.4327221],
     [21.863273300000003, 43.4326622], [21.8632183, 43.4325946],
     [21.8631633, 43.432523700000004],
     [21.8628767, 43.432026300000004], [21.8628141, 43.4319422],
     [21.8627296, 43.4318672], [21.8626451, 43.4317968],
     [21.862213200000003, 43.4315081], [21.862088, 43.4313809],
     [21.861944, 43.431215], [21.8618376, 43.4310945],
     [21.8616436, 43.430849], [21.861538600000003, 43.430733000000004],
     [21.861385900000002, 43.4305711],
     [21.8613091, 43.430489800000004],
     [21.861230000000003, 43.4304349], [21.8611672, 43.4304057],
     [21.8611013, 43.430386500000004],
     [21.861035400000002, 43.4303758],
     [21.8609803, 43.430375000000005], [21.860878, 43.4303809],
     [21.8607747, 43.430388900000004],
     [21.8606984, 43.430404700000004], [21.8606264, 43.4304314],
     [21.8605544, 43.4304581], [21.860438600000002, 43.4305127],
     [21.8603564, 43.4305554], [21.8602773, 43.4305905],
     [21.8602035, 43.4306138]]}},
  {"type":"Feature",
   "properties":{},
   "geometry":
   {"type":"LineString",
    "coordinates":
    [[21.8602035, 43.4306138], [21.8601116, 43.4306336],
     [21.860048300000003, 43.4306372],
     [21.860022400000002, 43.4306397],
     [21.8599409, 43.430641300000005], [21.8598377, 43.4306331],
     [21.8597413, 43.4306069],
     [21.859650300000002, 43.430568900000004],
     [21.8593996, 43.4304513], [21.859265, 43.4304013],
     [21.859114700000003, 43.430317200000005],
     [21.859014600000002, 43.4302263],
     [21.8586949, 43.429953700000006]]}},
  {"type":"Feature",
   "properties":{},
   "geometry":
   {"type":"LineString",
    "coordinates":
    [[21.8586949, 43.429953700000006],
     [21.8584797, 43.429752900000004],
     [21.8584304, 43.429706100000004],
     [21.8583153, 43.429598600000006],
     [21.8582275, 43.429500000000004],
     [21.858102600000002, 43.4293713],
     [21.8580124, 43.429239800000005],
     [21.857666000000002, 43.4289025],
     [21.857596700000002, 43.4288327],
     [21.8575237, 43.428767400000005],
     [21.8568664, 43.428431100000005], [21.8565758, 43.428306],
     [21.856515, 43.4282716], [21.856349400000003, 43.4281698],
     [21.8562285, 43.428071100000004], [21.8561686, 43.428009],
     [21.8560723, 43.4279072], [21.8560285, 43.4278569],
     [21.8558543, 43.4276986], [21.8557023, 43.427558700000006],
     [21.8554961, 43.4274519], [21.8552748, 43.4273685],
     [21.854989200000002, 43.4272507],
     [21.8547695, 43.427157400000006],
     [21.8547207, 43.427132400000005], [21.854575200000003, 43.427058],
     [21.8543099, 43.4269046], [21.8542491, 43.426880100000005],
     [21.8541342, 43.4268518], [21.854044700000003, 43.4268322],
     [21.8538825, 43.4268261], [21.8535918, 43.426806400000004],
     [21.8531458, 43.426805200000004],
     [21.853066300000002, 43.426812600000005],
     [21.8529036, 43.426849100000005]]}},
  {"type":"Feature",
   "properties":{},
   "geometry":
   {"type":"LineString",
    "coordinates":
    [[21.8526129, 43.426946], [21.8529036, 43.426849100000005]]}},
  {"type":"Feature",
   "properties":{},
   "geometry":
   {"type":"LineString",
    "coordinates":
    [[21.8526129, 43.426946], [21.852570800000002, 43.4270511],
     [21.8525293, 43.4271577], [21.8524895, 43.4272283],
     [21.852436100000002, 43.427291000000004], [21.852347, 43.4273727],
     [21.852223600000002, 43.4274463],
     [21.8519371, 43.427611600000006], [21.851748, 43.427719100000004],
     [21.8515944, 43.4277888], [21.8515026, 43.4278296],
     [21.8513504, 43.427863200000004],
     [21.8512339, 43.427886400000006],
     [21.851111900000003, 43.4279081],
     [21.8509612, 43.427930200000006],
     [21.850778700000003, 43.4279388],
     [21.850591100000003, 43.4279212]]}},
  {"type":"Feature",
   "properties":{},
   "geometry":
   {"type":"LineString",
    "coordinates":
    [[21.850591100000003, 43.4279212],
     [21.8504615, 43.427930100000005],
     [21.850286800000003, 43.4279224],
     [21.8499704, 43.427965500000006], [21.8497279, 43.428016],
     [21.849497900000003, 43.4280787], [21.8492637, 43.4281851],
     [21.849063100000002, 43.428267500000004],
     [21.8487779, 43.428341100000004], [21.848432300000002, 43.428429],
     [21.8481583, 43.4284886], [21.8481318, 43.428494400000005],
     [21.8478992, 43.428561], [21.8475319, 43.4286107],
     [21.847459, 43.428627600000006], [21.847162, 43.4287681],
     [21.846959100000003, 43.4288456], [21.8466159, 43.4289842],
     [21.846389000000002, 43.4290333], [21.8460952, 43.429096],
     [21.845840600000002, 43.429151700000006], [21.8455379, 43.429245],
     [21.8451945, 43.429369300000005], [21.8451664, 43.4293795],
     [21.845094000000003, 43.429405700000004],
     [21.8448183, 43.4295209], [21.844548800000002, 43.4296366],
     [21.8442355, 43.429723900000006], [21.8439666, 43.4297562],
     [21.843651100000002, 43.4298287], [21.843467, 43.429912200000004],
     [21.843224300000003, 43.430049700000005],
     [21.843059800000002, 43.4300743], [21.8428329, 43.4301496],
     [21.842558800000003, 43.4302383], [21.8422245, 43.4303387],
     [21.8417865, 43.430466900000006], [21.8415806, 43.4304396],
     [21.8411531, 43.430421800000005], [21.8407181, 43.4304409],
     [21.8403661, 43.430471000000004],
     [21.8401858, 43.430491200000006],
     [21.8401001, 43.430576300000006],
     [21.8400456, 43.430657800000006],
     [21.8400223, 43.430679100000006],
     [21.839865800000002, 43.430668000000004],
     [21.8395514, 43.430652800000004], [21.8392471, 43.4306137],
     [21.8390296, 43.430579300000005], [21.8389022, 43.4311841],
     [21.838676800000002, 43.4311668],
     [21.8384813, 43.431237700000004],
     [21.838415400000002, 43.431302900000006],
     [21.838429400000003, 43.431423200000005],
     [21.8382937, 43.431575300000006],
     [21.8380243, 43.431758200000004]]}},
  {"type":"Feature",
   "properties":{},
   "geometry":
   {"type":"LineString",
    "coordinates":
    [[21.826952900000002, 43.4297273],
     [21.827106800000003, 43.429705000000006],
     [21.827239300000002, 43.4296871],
     [21.827374900000002, 43.4296692], [21.8275381, 43.4296446],
     [21.8276521, 43.4296379], [21.827855500000002, 43.4296334],
     [21.8280558, 43.42962], [21.828151300000002, 43.42962],
     [21.8282868, 43.4296111], [21.828588800000002, 43.4295842],
     [21.8288538, 43.429559600000005],
     [21.8289893, 43.429517100000005],
     [21.8291095, 43.429503700000005], [21.8292605, 43.4294768],
     [21.8293806, 43.4294634], [21.8295408, 43.4294567],
     [21.829670200000002, 43.4294723], [21.8298181, 43.4294925],
     [21.8299783, 43.429517100000005],
     [21.8301355, 43.429559600000005],
     [21.830243300000003, 43.4295999],
     [21.830308000000002, 43.4296379],
     [21.8303754, 43.429667200000004], [21.8307004, 43.4296803],
     [21.830761000000003, 43.4296997], [21.8307593, 43.4297382],
     [21.830766800000003, 43.4298854],
     [21.830771300000002, 43.4299423], [21.8308617, 43.4299784],
     [21.8309891, 43.4299521], [21.8313831, 43.4298717],
     [21.831761200000003, 43.4298098], [21.8321048, 43.4298098],
     [21.8324439, 43.4298662], [21.832648900000002, 43.4299027],
     [21.833018000000003, 43.4299279], [21.8333364, 43.4299735],
     [21.8333929, 43.4300074], [21.8334231, 43.430065400000004],
     [21.8335407, 43.430101900000004],
     [21.833970100000002, 43.4302398],
     [21.834462900000002, 43.430404700000004],
     [21.8349097, 43.4305946], [21.8352536, 43.4307244],
     [21.8354882, 43.430827300000004],
     [21.835577500000003, 43.430945300000005],
     [21.835723700000003, 43.430989100000005],
     [21.836062700000003, 43.4310312],
     [21.8363853, 43.431097900000005],
     [21.836665200000002, 43.4312331], [21.8369575, 43.4313179],
     [21.8373794, 43.4314574], [21.837694300000003, 43.4315553],
     [21.8379708, 43.431642200000006], [21.8380258, 43.4316996],
     [21.8380243, 43.431758200000004]]}},
  {"type":"Feature",
   "properties":{},
   "geometry":
   {"type":"LineString",
    "coordinates":
    [[21.8245171, 43.430528100000004],
     [21.824600200000003, 43.4305035],
     [21.824820900000002, 43.4304119], [21.8251814, 43.4302646],
     [21.825373300000003, 43.430185900000005], [21.825827, 43.4300665],
     [21.826110800000002, 43.4299898],
     [21.826952900000002, 43.4297273]]}},
  {"type":"Feature",
   "properties":{},
   "geometry":
   {"type":"LineString",
    "coordinates":
    [[21.821444900000003, 43.4298243],
     [21.8215496, 43.429826500000004], [21.8216545, 43.4298256],
     [21.8217426, 43.429830800000005],
     [21.821810000000003, 43.4298395], [21.8224649, 43.4299729],
     [21.8229705, 43.4301735], [21.8231417, 43.4302456],
     [21.823233600000002, 43.430293400000004],
     [21.823322700000002, 43.4303502],
     [21.823393900000003, 43.4304089],
     [21.8234686, 43.430446700000005],
     [21.823517300000002, 43.4304696],
     [21.823646200000002, 43.4304995],
     [21.823852300000002, 43.430525100000004],
     [21.8240067, 43.4305393], [21.824171200000002, 43.4305473],
     [21.8243288, 43.430550200000006],
     [21.8244508, 43.430543300000004],
     [21.8245171, 43.430528100000004]]}}]}
