{"type":"FeatureCollection",
 "properties":{},
 "features":
 [{"type":"Feature",
   "properties":{},
   "geometry":
   {"type":"LineString",
    "coordinates":
    [[20.1875077, 43.899575000000006],
     [20.187308400000003, 43.8997225]]}},
  {"type":"Feature",
   "properties":{},
   "geometry":
   {"type":"LineString",
    "coordinates":
    [[20.1877575, 43.8993313], [20.1875077, 43.899575000000006]]}},
  {"type":"Feature",
   "properties":{},
   "geometry":
   {"type":"LineString",
    "coordinates":
    [[20.1877852, 43.8993036], [20.1877575, 43.8993313]]}},
  {"type":"Feature",
   "properties":{},
   "geometry":
   {"type":"LineString",
    "coordinates":
    [[20.1879445, 43.899034300000004],
     [20.187907600000003, 43.899083100000006],
     [20.1878892, 43.8991326], [20.1878618, 43.8991957],
     [20.1877852, 43.8993036]]}},
  {"type":"Feature",
   "properties":{},
   "geometry":
   {"type":"LineString",
    "coordinates":
    [[20.1879445, 43.899034300000004], [20.187248, 43.8981208]]}},
  {"type":"Feature",
   "properties":{},
   "geometry":
   {"type":"LineString",
    "coordinates":
    [[20.187248, 43.8981208], [20.1871198, 43.897972800000005],
     [20.187059700000002, 43.897903500000005]]}},
  {"type":"Feature",
   "properties":{},
   "geometry":
   {"type":"LineString",
    "coordinates":
    [[20.187059700000002, 43.897903500000005],
     [20.1866549, 43.8974489]]}},
  {"type":"Feature",
   "properties":{},
   "geometry":
   {"type":"LineString",
    "coordinates":
    [[20.186113900000002, 43.8966719],
     [20.186130000000002, 43.8969618],
     [20.186140700000003, 43.8970063], [20.1861836, 43.8970469],
     [20.1863178, 43.897131900000005], [20.1864761, 43.897215],
     [20.186586000000002, 43.897294200000005],
     [20.186612800000002, 43.8973542], [20.1866549, 43.8974489]]}},
  {"type":"Feature",
   "properties":{},
   "geometry":
   {"type":"LineString",
    "coordinates":
    [[20.1861032, 43.8963781], [20.186113900000002, 43.8966719]]}},
  {"type":"Feature",
   "properties":{},
   "geometry":
   {"type":"LineString",
    "coordinates":
    [[20.1860944, 43.8961125], [20.186097800000002, 43.8961617],
     [20.1861032, 43.8963781]]}},
  {"type":"Feature",
   "properties":{},
   "geometry":
   {"type":"LineString",
    "coordinates":
    [[20.1864803, 43.8959501], [20.1863767, 43.8960012],
     [20.186231900000003, 43.8960457], [20.1860944, 43.8961125]]}},
  {"type":"Feature",
   "properties":{},
   "geometry":
   {"type":"LineString",
    "coordinates":
    [[20.186567200000002, 43.8959162], [20.1864803, 43.8959501]]}},
  {"type":"Feature",
   "properties":{},
   "geometry":
   {"type":"LineString",
    "coordinates":
    [[20.1868026, 43.8956832], [20.1867737, 43.8957557],
     [20.1866986, 43.8958273], [20.186567200000002, 43.8959162]]}},
  {"type":"Feature",
   "properties":{},
   "geometry":
   {"type":"LineString",
    "coordinates":
    [[20.1858307, 43.8945178], [20.1859435, 43.894732600000005],
     [20.186022700000002, 43.8948164],
     [20.186305400000002, 43.895063900000004],
     [20.1865162, 43.8952266], [20.1866546, 43.895383],
     [20.1867036, 43.8954292], [20.1867614, 43.895516300000004],
     [20.1868026, 43.8956832]]}},
  {"type":"Feature",
   "properties":{},
   "geometry":
   {"type":"LineString",
    "coordinates":
    [[20.1861429, 43.893379100000004], [20.1861202, 43.8933887],
     [20.1860235, 43.8934097], [20.1859222, 43.8934409],
     [20.1857924, 43.8935222], [20.1857435, 43.8935674],
     [20.1857179, 43.893612700000006], [20.185689, 43.8936675],
     [20.1856787, 43.893734], [20.1856957, 43.893837100000006],
     [20.1857148, 43.893942700000004],
     [20.185749100000002, 43.894255900000005],
     [20.1858307, 43.8945178]]}},
  {"type":"Feature",
   "properties":{},
   "geometry":
   {"type":"LineString",
    "coordinates":
    [[20.186292100000003, 43.8933157],
     [20.1861429, 43.893379100000004]]}},
  {"type":"Feature",
   "properties":{},
   "geometry":
   {"type":"LineString",
    "coordinates":
    [[20.1873411, 43.8886358],
     [20.187129300000002, 43.888651100000004],
     [20.1869185, 43.888695600000005],
     [20.1867269, 43.888769200000006], [20.1865779, 43.8888368],
     [20.1865077, 43.888911900000004], [20.1865481, 43.8889994],
     [20.1866248, 43.8890684], [20.1869356, 43.8893983],
     [20.1870151, 43.889493200000004],
     [20.187082500000002, 43.8896284], [20.1870569, 43.8897818],
     [20.1870058, 43.889982800000006],
     [20.186929300000003, 43.8902432],
     [20.1869313, 43.890308100000006], [20.1869483, 43.8904155],
     [20.186977600000002, 43.8905292], [20.1869334, 43.8906165],
     [20.1868376, 43.8906962], [20.1866986, 43.890792100000006],
     [20.1866226, 43.890906400000006], [20.1866056, 43.8910476],
     [20.1868419, 43.8915201], [20.1868823, 43.891672],
     [20.1869164, 43.8918699], [20.1869228, 43.8920187],
     [20.1868823, 43.8922504], [20.186876, 43.892428300000006],
     [20.186893, 43.8926017], [20.1868525, 43.892788800000005],
     [20.1867567, 43.892940700000004],
     [20.1865886, 43.893120200000006],
     [20.186469300000002, 43.893219900000005],
     [20.186311800000002, 43.893307400000005],
     [20.186292100000003, 43.8933157]]}},
  {"type":"Feature",
   "properties":{},
   "geometry":
   {"type":"LineString",
    "coordinates":
    [[20.1876122, 43.8885902], [20.1873411, 43.8886358]]}},
  {"type":"Feature",
   "properties":{},
   "geometry":
   {"type":"LineString",
    "coordinates":
    [[20.1876122, 43.8885902], [20.1878473, 43.888536200000004],
     [20.188069900000002, 43.888472500000006], [20.188306, 43.888457],
     [20.188552700000002, 43.8884319], [20.188783400000002, 43.888399],
     [20.1889712, 43.888342900000005],
     [20.1890463, 43.888161200000006],
     [20.189231300000003, 43.887956300000006],
     [20.1893628, 43.887770800000006],
     [20.189491500000003, 43.887598700000005], [20.1896524, 43.887475],
     [20.189904600000002, 43.8872914],
     [20.1901647, 43.887100000000004],
     [20.190282800000002, 43.8869569], [20.1904115, 43.8867771],
     [20.1905027, 43.886636], [20.1906207, 43.8864621],
     [20.1907897, 43.886380900000006], [20.1910552, 43.8863325],
     [20.1913878, 43.8862687], [20.1916051, 43.8861934],
     [20.1918224, 43.8861586], [20.1919779, 43.8861798],
     [20.1922649, 43.8860754], [20.1925358, 43.8859208],
     [20.1927182, 43.8858319], [20.192914000000002, 43.8857197],
     [20.1931125, 43.885570900000005], [20.1932225, 43.8853718],
     [20.193412900000002, 43.885161100000005],
     [20.193576500000002, 43.885023800000006],
     [20.1937026, 43.884923300000004],
     [20.194182700000002, 43.884644900000005]]}},
  {"type":"Feature",
   "properties":{},
   "geometry":
   {"type":"LineString",
    "coordinates":
    [[20.194182700000002, 43.884644900000005],
     [20.1944965, 43.8845937], [20.1950061, 43.8844468],
     [20.195349500000003, 43.884284400000006],
     [20.195666000000003, 43.8840717]]}},
  {"type":"Feature",
   "properties":{},
   "geometry":
   {"type":"LineString",
    "coordinates":
    [[20.2042034, 43.871633300000006],
     [20.2041456, 43.871722500000004], [20.2039365, 43.872106],
     [20.2036985, 43.8720803], [20.2035422, 43.872050900000005],
     [20.203396, 43.8719247], [20.2032175, 43.8716686],
     [20.203178400000002, 43.8714553], [20.2032345, 43.8709848],
     [20.2032226, 43.870622100000006], [20.2031682, 43.8703966],
     [20.203023700000003, 43.870286300000004],
     [20.2029812, 43.870279000000004],
     [20.202813000000003, 43.8703366], [20.2027161, 43.8705596],
     [20.2022826, 43.871253200000005],
     [20.202143500000002, 43.871336500000005],
     [20.2019722, 43.8714693], [20.2018865, 43.871682400000005],
     [20.201873600000003, 43.8717842], [20.2021006, 43.8721517],
     [20.202049300000002, 43.8727754],
     [20.201663800000002, 43.873192200000005],
     [20.2015224, 43.873303400000005], [20.201471, 43.8734331],
     [20.2015224, 43.8735566], [20.201672300000002, 43.873711],
     [20.2017451, 43.8740413], [20.2016381, 43.8742667],
     [20.201239700000002, 43.8747144],
     [20.200695800000002, 43.874807000000004],
     [20.200366000000002, 43.874927500000005],
     [20.200143200000003, 43.8750571],
     [20.1998991, 43.875248600000006], [20.199796300000003, 43.875511],
     [20.1997106, 43.875616], [20.1995864, 43.8756592],
     [20.199273700000003, 43.875637600000005], [20.199051, 43.8757487],
     [20.1987726, 43.8759371], [20.1986141, 43.876193300000004],
     [20.198579900000002, 43.8764064],
     [20.198408500000003, 43.876869500000005],
     [20.1978817, 43.8772894], [20.197778900000003, 43.8774499],
     [20.197616200000002, 43.8775765],
     [20.1968238, 43.877582700000005], [20.1964511, 43.8776383],
     [20.1958986, 43.8775889], [20.1957658, 43.877700000000004],
     [20.1960057, 43.877943900000005], [20.1961213, 43.8782341],
     [20.1960057, 43.878370000000004],
     [20.1958686, 43.878453300000004], [20.1955302, 43.8787868],
     [20.195500300000003, 43.8790307], [20.1956202, 43.8792005],
     [20.195645900000002, 43.879521600000004],
     [20.1955217, 43.8800402], [20.195504500000002, 43.8803922],
     [20.1952347, 43.8806206], [20.1950034, 43.880725600000005],
     [20.194677900000002, 43.8807873],
     [20.1944723, 43.880886100000005], [20.1941639, 43.8811732],
     [20.1942239, 43.8814511], [20.1946693, 43.8816672],
     [20.1951448, 43.8820253], [20.195611600000003, 43.8824112],
     [20.195697300000003, 43.882581], [20.1954403, 43.8829885],
     [20.1956673, 43.8833867], [20.1957016, 43.883803500000006],
     [20.195666000000003, 43.8840717]]}},
  {"type":"Feature",
   "properties":{},
   "geometry":
   {"type":"LineString",
    "coordinates":
    [[20.2065148, 43.8714177], [20.206439, 43.8714621],
     [20.2063639, 43.8715144],
     [20.206280800000002, 43.871574300000006],
     [20.2062151, 43.8716236],
     [20.206144000000002, 43.871662300000004],
     [20.2060676, 43.871697100000006],
     [20.205954900000002, 43.8717193],
     [20.205824800000002, 43.8717425], [20.2057229, 43.871757],
     [20.205651800000002, 43.8717599],
     [20.2055982, 43.871756100000006], [20.2054949, 43.8717241],
     [20.2053823, 43.871692200000005], [20.2052763, 43.8716777],
     [20.2052052, 43.8716748], [20.2050591, 43.871642900000005],
     [20.204788100000002, 43.8715975],
     [20.2046487, 43.871579100000005], [20.2045159, 43.8715598],
     [20.2044435, 43.8715405], [20.2043737, 43.8715695],
     [20.2043134, 43.8715975], [20.2042034, 43.871633300000006]]}},
  {"type":"Feature",
   "properties":{},
   "geometry":
   {"type":"LineString",
    "coordinates":
    [[20.2117414, 43.8632184], [20.2116694, 43.8633473],
     [20.2115969, 43.8634884], [20.2115513, 43.8635832],
     [20.2115084, 43.8636634], [20.2114827, 43.863711300000006],
     [20.2114628, 43.8637485], [20.2114221, 43.8638175],
     [20.2113555, 43.8639323], [20.2113193, 43.8639864],
     [20.2112845, 43.8640251], [20.211253600000003, 43.8640522],
     [20.211214700000003, 43.864082100000005],
     [20.2111634, 43.864114900000004], [20.2111047, 43.8641537],
     [20.2110404, 43.8641943], [20.2109613, 43.864249400000006],
     [20.210868700000002, 43.864324800000006],
     [20.210813700000003, 43.8643799],
     [20.210750700000002, 43.8644544],
     [20.210666200000002, 43.8645501], [20.2106193, 43.864612],
     [20.2105536, 43.8646961], [20.2105026, 43.8647677],
     [20.210465000000003, 43.8648383],
     [20.2104396, 43.864910800000004], [20.210394, 43.8650461],
     [20.2103472, 43.8652029], [20.21017, 43.865664900000006],
     [20.2098465, 43.866315900000004], [20.2098225, 43.8666483],
     [20.2098103, 43.8668178], [20.2098082, 43.866925200000004],
     [20.209855, 43.8671738], [20.2098976, 43.8673657],
     [20.2098912, 43.8674839], [20.2098869, 43.867666500000006],
     [20.2098592, 43.8679136], [20.2098145, 43.868079400000006],
     [20.2097166, 43.8683848], [20.2096272, 43.8686012],
     [20.209525000000003, 43.868813],
     [20.209380300000003, 43.868998700000006],
     [20.209271700000002, 43.8691169], [20.2092142, 43.8691875],
     [20.2090056, 43.8692489], [20.208878900000002, 43.8692949],
     [20.208707500000003, 43.8693855], [20.208237, 43.869686300000005],
     [20.207968, 43.8698744], [20.2078852, 43.8699596],
     [20.2078108, 43.870076600000004], [20.2077703, 43.870185],
     [20.207743200000003, 43.8703446], [20.2077551, 43.8704164],
     [20.2077703, 43.870504100000005], [20.2077449, 43.8705736],
     [20.2076469, 43.8706698], [20.2075371, 43.8707587],
     [20.2074678, 43.870806200000004],
     [20.2073107, 43.870885400000006], [20.2072313, 43.8709288],
     [20.206870300000002, 43.8711258],
     [20.2067193, 43.871241100000006],
     [20.206585800000003, 43.8713519], [20.2065148, 43.8714177]]}},
  {"type":"Feature",
   "properties":{},
   "geometry":
   {"type":"LineString",
    "coordinates":
    [[20.2117414, 43.8632184], [20.211445400000002, 43.8629808],
     [20.2112965, 43.862861900000006],
     [20.2111732, 43.862755500000006], [20.2110846, 43.8626772],
     [20.2110068, 43.862609500000005], [20.2109519, 43.862566],
     [20.2108929, 43.862524400000005],
     [20.210793600000002, 43.8624712], [20.2106743, 43.862419],
     [20.210571100000003, 43.862376100000006],
     [20.210470400000002, 43.8623368],
     [20.210395300000002, 43.8623136],
     [20.2103055, 43.862293300000005], [20.210221, 43.862278800000006],
     [20.210112300000002, 43.8622633],
     [20.209913800000002, 43.8622382],
     [20.2096631, 43.862208200000005],
     [20.209450800000003, 43.862183900000005],
     [20.2091414, 43.8621512], [20.2088679, 43.862123600000004],
     [20.208735, 43.8621154], [20.2086639, 43.8621135],
     [20.208609000000003, 43.8621144], [20.2085258, 43.8621222],
     [20.2084373, 43.862132800000005], [20.2083166, 43.862155],
     [20.208206800000003, 43.862180300000006],
     [20.208103400000002, 43.8622072], [20.207986700000003, 43.862245],
     [20.2078056, 43.862301], [20.2076642, 43.8623508],
     [20.2074368, 43.862425800000004],
     [20.2073134, 43.862465400000005],
     [20.2072088, 43.862496400000005],
     [20.2070492, 43.862536000000006],
     [20.206933900000003, 43.8625611],
     [20.206841400000002, 43.862578600000006],
     [20.2067555, 43.862588200000005], [20.2066725, 43.8625933],
     [20.2065866, 43.8625989], [20.2064887, 43.862602700000004],
     [20.2063157, 43.862609500000005], [20.2062218, 43.8626153],
     [20.2061521, 43.8626201], [20.206063500000003, 43.8626279],
     [20.205912, 43.8626482], [20.205792000000002, 43.862662900000004],
     [20.2055271, 43.862699400000004],
     [20.205323200000002, 43.8627246],
     [20.2050564, 43.862745800000006], [20.2048311, 43.8627574],
     [20.2046956, 43.8627613], [20.204595, 43.8627623],
     [20.2045132, 43.8627613], [20.204418, 43.862755500000006],
     [20.2043414, 43.862746300000005], [20.2042222, 43.8627313],
     [20.204120800000002, 43.8627132],
     [20.203950000000003, 43.8626839], [20.2038145, 43.8626627],
     [20.2036321, 43.8626366], [20.2034838, 43.862618000000005],
     [20.2032566, 43.862596], [20.2030782, 43.8625776],
     [20.2029052, 43.8625563], [20.202757700000003, 43.862535],
     [20.202637000000003, 43.862512800000005],
     [20.202521700000002, 43.8624857],
     [20.2024383, 43.862459900000005],
     [20.202363400000003, 43.862434500000006],
     [20.202313800000002, 43.8624142], [20.2022508, 43.8623774],
     [20.202219900000003, 43.862359100000006],
     [20.202181500000002, 43.862329900000006]]}},
  {"type":"Feature",
   "properties":{},
   "geometry":
   {"type":"LineString",
    "coordinates":
    [[20.202181500000002, 43.862329900000006],
     [20.202197100000003, 43.8622991],
     [20.2022038, 43.862269100000006],
     [20.2022012, 43.862231400000006],
     [20.202183700000003, 43.862139600000006],
     [20.202174300000003, 43.8620661], [20.2021683, 43.8619555],
     [20.2021158, 43.861770400000005],
     [20.2020287, 43.861595300000005], [20.2018482, 43.8613627],
     [20.2017238, 43.8612831]]}},
  {"type":"Feature",
   "properties":{},
   "geometry":
   {"type":"LineString",
    "coordinates":
    [[20.2041153, 43.856680000000004], [20.2039872, 43.8567848],
     [20.203724100000002, 43.857019400000006],
     [20.203578200000003, 43.857189600000005],
     [20.203424100000003, 43.8574289],
     [20.2033674, 43.857577000000006], [20.2033297, 43.8577451],
     [20.2032554, 43.8580738], [20.2032053, 43.858147800000005],
     [20.2031499, 43.8582211], [20.203110600000002, 43.8583395],
     [20.2030153, 43.8587573], [20.2025696, 43.8592607],
     [20.202165400000002, 43.859594400000006],
     [20.202029600000003, 43.859785800000004],
     [20.2019878, 43.8598772], [20.201978, 43.8599672],
     [20.2020518, 43.8603487], [20.202039000000003, 43.8604581],
     [20.201876600000002, 43.8608047], [20.2017774, 43.8612437],
     [20.2017238, 43.8612831]]}},
  {"type":"Feature",
   "properties":{},
   "geometry":
   {"type":"LineString",
    "coordinates":
    [[20.2041153, 43.856680000000004], [20.2042568, 43.8565222],
     [20.204609700000002, 43.8561361],
     [20.204869300000002, 43.8558729],
     [20.204978800000003, 43.855817300000005],
     [20.2052222, 43.8557208], [20.2061673, 43.8551738]]}},
  {"type":"Feature",
   "properties":{},
   "geometry":
   {"type":"LineString",
    "coordinates":
    [[20.205654300000003, 43.852614800000005], [20.205544, 43.8526789],
     [20.2055125, 43.8527732], [20.205713300000003, 43.8528755],
     [20.206395200000003, 43.8533252],
     [20.206494300000003, 43.8535017], [20.2064069, 43.8537497],
     [20.2061679, 43.854022900000004],
     [20.205771600000002, 43.8545735],
     [20.206220400000003, 43.8547668], [20.2063253, 43.8548677],
     [20.2063428, 43.854981200000005], [20.2061673, 43.8551738]]}},
  {"type":"Feature",
   "properties":{},
   "geometry":
   {"type":"LineString",
    "coordinates":
    [[20.2062703, 43.8525052],
     [20.205654300000003, 43.852614800000005]]}},
  {"type":"Feature",
   "properties":{},
   "geometry":
   {"type":"LineString",
    "coordinates":
    [[20.206158600000002, 43.847937300000005],
     [20.206382, 43.848013800000004],
     [20.206766000000002, 43.848072800000004],
     [20.2067975, 43.848190800000005], [20.2067345, 43.8483815],
     [20.206677900000003, 43.8486107], [20.206788, 43.848880900000005],
     [20.2069139, 43.8490715], [20.2069926, 43.849253100000006],
     [20.2069926, 43.8494052], [20.207087, 43.8495233],
     [20.2071563, 43.8498728], [20.2069958, 43.8502315],
     [20.206731400000002, 43.850778500000004],
     [20.205975900000002, 43.8516569], [20.2059004, 43.8518272],
     [20.2057934, 43.8518953], [20.2057739, 43.8520855],
     [20.206317000000002, 43.852454800000004],
     [20.2062703, 43.8525052]]}},
  {"type":"Feature",
   "properties":{},
   "geometry":
   {"type":"LineString",
    "coordinates":
    [[20.206158600000002, 43.847937300000005],
     [20.205857400000003, 43.847713000000006],
     [20.2057715, 43.8476317], [20.2056535, 43.847349300000005],
     [20.205465800000002, 43.8471868],
     [20.204843500000003, 43.8468889],
     [20.204371400000003, 43.846699300000004],
     [20.204287, 43.846654300000004], [20.2040013, 43.846502],
     [20.2036741, 43.8462273], [20.203314600000002, 43.8458405],
     [20.203073200000002, 43.845538700000006],
     [20.2027299, 43.8453182], [20.2022923, 43.8450695],
     [20.2021988, 43.845016400000006], [20.2020012, 43.8447997],
     [20.201904600000002, 43.844652700000005],
     [20.201840200000003, 43.8444361],
     [20.201754400000002, 43.844331600000004],
     [20.2016141, 43.844246500000004], [20.2015283, 43.8441923],
     [20.2015184, 43.844014300000005],
     [20.2014862, 43.843820900000004],
     [20.2015345, 43.843650600000004]]}},
  {"type":"Feature",
   "properties":{},
   "geometry":
   {"type":"LineString",
    "coordinates":
    [[20.1992122, 43.8423565], [20.1992385, 43.8424512],
     [20.1992385, 43.8425596],
     [20.199141100000002, 43.842884600000005],
     [20.1990239, 43.843205700000006], [20.19904, 43.8433179],
     [20.1991634, 43.843406900000005],
     [20.1993565, 43.843437900000005], [20.1996945, 43.8434417],
     [20.2002631, 43.8434533],
     [20.200809500000002, 43.843503600000005],
     [20.201405700000002, 43.8436545],
     [20.2015345, 43.843650600000004]]}},
  {"type":"Feature",
   "properties":{},
   "geometry":
   {"type":"LineString",
    "coordinates":
    [[20.1992122, 43.8423565], [20.1995596, 43.8421212],
     [20.200072000000002, 43.8418135], [20.2004866, 43.8416645],
     [20.2010511, 43.8413849], [20.2016198, 43.841301],
     [20.2018475, 43.8412309], [20.202183400000003, 43.8409592],
     [20.2024264, 43.840674], [20.20287, 43.840408200000006],
     [20.203144700000003, 43.8403587],
     [20.2033877, 43.840389200000004],
     [20.203670900000002, 43.840494500000005], [20.203834, 43.8404388],
     [20.2040143, 43.8401726], [20.2039, 43.8399006],
     [20.2039113, 43.839565900000004],
     [20.203808300000002, 43.839293500000004],
     [20.2035653, 43.8389596], [20.2035145, 43.8388107],
     [20.203436500000002, 43.8385819],
     [20.203420100000002, 43.8383168], [20.2034537, 43.8380166],
     [20.2034765, 43.8379319], [20.2035336, 43.837875800000006],
     [20.203656000000002, 43.837813100000005]]}},
  {"type":"Feature",
   "properties":{},
   "geometry":
   {"type":"LineString",
    "coordinates":
    [[20.203656000000002, 43.837813100000005],
     [20.2034014, 43.8375682], [20.202446600000002, 43.8369027],
     [20.2019048, 43.8365312], [20.201776000000002, 43.8364306],
     [20.201684800000002, 43.8363029],
     [20.2016151, 43.836128800000004],
     [20.201577500000003, 43.8359663],
     [20.201491700000002, 43.8358502],
     [20.200944500000002, 43.835246500000004],
     [20.2008158, 43.835068500000006], [20.2006495, 43.834817],
     [20.2005637, 43.8347203], [20.1994693, 43.8340237],
     [20.1992362, 43.833847000000006],
     [20.1991574, 43.833762500000006], [20.1991255, 43.8336642],
     [20.199117, 43.8335275], [20.1991744, 43.8333248],
     [20.1993362, 43.8329547],
     [20.199391600000002, 43.832792000000005], [20.1994022, 43.832686],
     [20.1993809, 43.8325892], [20.1992809, 43.8323205],
     [20.199247800000002, 43.8322074], [20.1991425, 43.8318475],
     [20.1988846, 43.831191100000005], [20.198798, 43.8310061],
     [20.1987305, 43.8309086], [20.1986561, 43.830830600000006],
     [20.1986189, 43.830776900000004], [20.1985987, 43.8307209],
     [20.1985953, 43.8306355], [20.1986223, 43.8304259],
     [20.1986589, 43.830290500000004], [20.1986764, 43.830226],
     [20.1987507, 43.8301236], [20.1990549, 43.829767700000005],
     [20.1994171, 43.829368800000005],
     [20.199712100000003, 43.8290005]]}},
  {"type":"Feature",
   "properties":{},
   "geometry":
   {"type":"LineString",
    "coordinates":
    [[20.199712100000003, 43.8290005], [20.1998919, 43.8287883],
     [20.2000622, 43.8285502], [20.2001473, 43.828329100000005],
     [20.200172900000002, 43.8281202],
     [20.200155900000002, 43.828034200000005],
     [20.2000962, 43.8279543], [20.1998834, 43.8277823],
     [20.1997216, 43.8276533], [20.1995739, 43.8275118],
     [20.1994572, 43.827345400000006], [20.1994, 43.827292],
     [20.1993234, 43.827254800000006],
     [20.199217100000002, 43.827245700000006],
     [20.1990142, 43.827238300000005], [20.1984582, 43.8272095],
     [20.1982702, 43.8272137], [20.197870100000003, 43.8272433],
     [20.197772200000003, 43.8272356],
     [20.197684900000002, 43.827221800000004],
     [20.197638100000002, 43.8271942],
     [20.197589100000002, 43.8271512], [20.197517, 43.827080900000006],
     [20.197448, 43.8269591], [20.1974041, 43.826821900000006],
     [20.1973454, 43.826595000000005],
     [20.1973026, 43.826551200000004],
     [20.197265400000003, 43.826519700000006],
     [20.1972154, 43.8265128], [20.197143, 43.8265174],
     [20.197056800000002, 43.8265328], [20.196994, 43.8265412],
     [20.1969226, 43.8265389], [20.1968694, 43.826530500000004],
     [20.196815100000002, 43.8265005], [20.1966246, 43.8263623],
     [20.1965371, 43.8263187], [20.1964475, 43.8262979],
     [20.1962148, 43.826261], [20.195964500000002, 43.826275800000005],
     [20.1957008, 43.826342100000005], [20.195447, 43.826464300000005],
     [20.19525, 43.826616900000005], [20.1951684, 43.826739800000006],
     [20.1951314, 43.8269299], [20.195050300000002, 43.8270664],
     [20.1948881, 43.8271932], [20.1946853, 43.8272859],
     [20.1944623, 43.8273395], [20.194151400000003, 43.8273492],
     [20.1933539, 43.8273687], [20.1931173, 43.8273541],
     [20.192955100000002, 43.8273102], [20.1926712, 43.8271786],
     [20.1920967, 43.8268665], [20.191704700000003, 43.8266032],
     [20.191401900000002, 43.8264185],
     [20.1911422, 43.826258800000005], [20.1909123, 43.8261328],
     [20.1905979, 43.8259715], [20.1903726, 43.825841700000005]]}},
  {"type":"Feature",
   "properties":{},
   "geometry":
   {"type":"LineString",
    "coordinates":
    [[20.1903726, 43.825841700000005], [20.19061, 43.8256936],
     [20.1908025, 43.8254928], [20.1909326, 43.8253027],
     [20.191101, 43.8249678], [20.1912492, 43.824598200000004],
     [20.191313100000002, 43.8244753],
     [20.191415300000003, 43.8243954], [20.1915388, 43.8243402],
     [20.1918496, 43.824251100000005],
     [20.191973100000002, 43.8242142], [20.1920667, 43.8241589],
     [20.192147600000002, 43.824066800000004],
     [20.192198700000002, 43.8239439],
     [20.192292400000003, 43.8236398],
     [20.192339200000003, 43.823556800000006],
     [20.1924414, 43.823492300000005], [20.1926032, 43.8234043],
     [20.1927337, 43.8233082], [20.192836, 43.823233300000005],
     [20.1929225, 43.823123700000004], [20.1931009, 43.8228097],
     [20.1932836, 43.822392], [20.193466100000002, 43.822127900000005],
     [20.1937009, 43.8218547], [20.193917000000003, 43.8216425],
     [20.1942972, 43.821368400000004],
     [20.194471800000002, 43.8211656],
     [20.194591000000003, 43.821073500000004],
     [20.1947145, 43.821018200000005], [20.1949061, 43.8209998],
     [20.19517, 43.8210028], [20.195314800000002, 43.8210489],
     [20.195476600000003, 43.8211226], [20.1957063, 43.8212903],
     [20.1958385, 43.821386800000006], [20.1960322, 43.8215045],
     [20.196266700000002, 43.821613500000005],
     [20.1965717, 43.821683500000006], [20.1971542, 43.8218894],
     [20.1973908, 43.821979500000005], [20.1975796, 43.8220042],
     [20.1977487, 43.822037300000005],
     [20.1979316, 43.822076900000006], [20.1982071, 43.8220943],
     [20.198575, 43.8220508], [20.198908300000003, 43.8219842],
     [20.1991063, 43.821935100000005], [20.1992553, 43.8218644],
     [20.1994107, 43.8217968], [20.199549100000002, 43.8217492],
     [20.199713000000003, 43.821736900000005],
     [20.1999855, 43.8217323], [20.2002633, 43.821742900000004],
     [20.2005084, 43.821779500000005],
     [20.2007485, 43.821834100000004],
     [20.201201700000002, 43.821970500000006],
     [20.201283500000002, 43.821994800000006],
     [20.201354900000002, 43.8220122], [20.2014241, 43.8220168],
     [20.2014965, 43.8220183], [20.2015745, 43.8220157],
     [20.2017197, 43.8220016], [20.201876300000002, 43.8219768],
     [20.2022333, 43.8219252], [20.2034154, 43.8217512]]}},
  {"type":"Feature",
   "properties":{},
   "geometry":
   {"type":"LineString",
    "coordinates":
    [[20.2034154, 43.8217512],
     [20.203591600000003, 43.822097400000004]]}},
  {"type":"Feature",
   "properties":{},
   "geometry":
   {"type":"LineString",
    "coordinates":
    [[20.203591600000003, 43.822097400000004],
     [20.2036309, 43.8220812],
     [20.203667000000003, 43.822061500000004], [20.203702, 43.8220363],
     [20.203731700000002, 43.8220077],
     [20.2037555, 43.821976400000004],
     [20.203878900000003, 43.8218158],
     [20.204077400000003, 43.8215565],
     [20.2042544, 43.821341700000005],
     [20.2043053, 43.821279700000005],
     [20.204325700000002, 43.8212637],
     [20.2043514, 43.821252400000006],
     [20.2043804, 43.821246800000004]]}},
  {"type":"Feature",
   "properties":{},
   "geometry":
   {"type":"LineString",
    "coordinates":
    [[20.2069042, 43.817161500000005],
     [20.206760300000003, 43.8173479], [20.20637, 43.8179111],
     [20.206083600000003, 43.818313100000005],
     [20.205611400000002, 43.818894500000006],
     [20.205167600000003, 43.8192011],
     [20.204978800000003, 43.8194418], [20.2046074, 43.8200482],
     [20.2045476, 43.820908900000006],
     [20.2043804, 43.821246800000004]]}},
  {"type":"Feature",
   "properties":{},
   "geometry":
   {"type":"LineString",
    "coordinates":
    [[20.2069042, 43.817161500000005], [20.2070174, 43.8170754],
     [20.2071027, 43.8170105], [20.207386500000002, 43.8168547],
     [20.207789400000003, 43.8166699]]}},
  {"type":"Feature",
   "properties":{},
   "geometry":
   {"type":"LineString",
    "coordinates":
    [[20.207789400000003, 43.8166699],
     [20.207638600000003, 43.816576000000005],
     [20.2074241, 43.8164212],
     [20.207064600000002, 43.816165700000006],
     [20.2067272, 43.815818300000004],
     [20.206581800000002, 43.8155658], [20.206490600000002, 43.815229],
     [20.2063351, 43.814872900000005], [20.2061849, 43.8145709],
     [20.206182100000003, 43.8145359]]}},
  {"type":"Feature",
   "properties":{},
   "geometry":
   {"type":"LineString",
    "coordinates":
    [[20.206182100000003, 43.8145359],
     [20.206174700000002, 43.814444200000004],
     [20.206228300000003, 43.8141035],
     [20.206335600000003, 43.8137902],
     [20.2064102, 43.813371000000004],
     [20.206518000000003, 43.812899900000005],
     [20.206700400000003, 43.812489500000005],
     [20.207065200000002, 43.812141100000005],
     [20.207269, 43.811908900000006], [20.2073441, 43.8116379],
     [20.207472300000003, 43.811450900000004],
     [20.2079342, 43.810956600000004],
     [20.2084057, 43.810459900000005],
     [20.2085881, 43.810165700000006],
     [20.2089636, 43.809732200000006], [20.2092104, 43.8091979],
     [20.2093719, 43.8089049],
     [20.209789800000003, 43.808632700000004],
     [20.209919000000003, 43.8084171],
     [20.2103267, 43.807813200000005], [20.2105521, 43.8074415],
     [20.2110241, 43.807000200000004],
     [20.211527800000002, 43.806650600000005],
     [20.211678000000003, 43.806449300000004],
     [20.211924800000002, 43.805682700000006],
     [20.2121399, 43.805103200000005], [20.2121399, 43.8049406],
     [20.212118500000003, 43.8047702], [20.2123218, 43.8042813],
     [20.2124725, 43.8041276], [20.2127515, 43.803995900000004],
     [20.2129762, 43.803847600000005], [20.2130191, 43.803747],
     [20.2128957, 43.803625000000004], [20.212848, 43.8035778],
     [20.212676400000003, 43.8033997], [20.2124765, 43.8033494],
     [20.2122619, 43.8033164],
     [20.211967700000002, 43.803150800000004],
     [20.2116142, 43.802785300000004], [20.2115438, 43.8027133],
     [20.2115219, 43.8026842], [20.2115121, 43.802654000000004],
     [20.2114903, 43.802584]]}},
  {"type":"Feature",
   "properties":{},
   "geometry":
   {"type":"LineString",
    "coordinates":
    [[20.2114903, 43.802584], [20.2115438, 43.8025934],
     [20.211577700000003, 43.8026015], [20.2116261, 43.8026149],
     [20.2116782, 43.802632], [20.2117495, 43.802657800000006],
     [20.212059500000002, 43.8027863],
     [20.212130600000002, 43.802813300000004],
     [20.2121721, 43.802826800000005],
     [20.212218500000002, 43.8028403],
     [20.2122581, 43.802849900000005],
     [20.212309700000002, 43.8028594], [20.2123721, 43.8028635],
     [20.2124142, 43.8028648], [20.2124586, 43.802860800000005],
     [20.212493000000002, 43.8028567],
     [20.212529800000002, 43.802851000000004],
     [20.2125655, 43.8028435], [20.212608300000003, 43.8028343],
     [20.212655100000003, 43.8028197],
     [20.212711600000002, 43.802799900000004],
     [20.212777600000003, 43.802773200000004],
     [20.212850900000003, 43.802743], [20.2129409, 43.8027011],
     [20.212996, 43.802674], [20.2131063, 43.8026197],
     [20.213350900000002, 43.8025041], [20.2137479, 43.8023089],
     [20.213808800000002, 43.80228], [20.213865000000002, 43.8022519],
     [20.2139126, 43.8022246],
     [20.213967200000003, 43.802193900000006],
     [20.2140069, 43.802166500000006],
     [20.214047100000002, 43.8021332],
     [20.214063900000003, 43.802117100000004],
     [20.214082, 43.802097800000006]]}},
  {"type":"Feature",
   "properties":{},
   "geometry":
   {"type":"LineString",
    "coordinates":
    [[20.214082, 43.802097800000006], [20.2141232, 43.802041100000004],
     [20.2141549, 43.801980300000004], [20.2141859, 43.8019126],
     [20.2142075, 43.8018585], [20.2142944, 43.8015794],
     [20.2143416, 43.801434], [20.214375500000003, 43.801363900000005],
     [20.2144073, 43.8013023], [20.214463000000002, 43.8012284],
     [20.214487600000002, 43.801204500000004],
     [20.214520200000003, 43.801177800000005]]}},
  {"type":"Feature",
   "properties":{},
   "geometry":
   {"type":"LineString",
    "coordinates":
    [[20.214520200000003, 43.801177800000005],
     [20.214516200000002, 43.8011655], [20.2145185, 43.8011524],
     [20.2145252, 43.8011372], [20.2145443, 43.8011074],
     [20.2145687, 43.8010802], [20.2146168, 43.801039700000004],
     [20.214657000000003, 43.8010037], [20.214696, 43.800966700000004],
     [20.2147168, 43.800935], [20.2147288, 43.8009044],
     [20.214733900000002, 43.8008618],
     [20.2146811, 43.800808800000006], [20.2145704, 43.8007611],
     [20.214464, 43.800708900000004],
     [20.214378800000002, 43.800656700000005],
     [20.214312800000002, 43.800609], [20.214263900000002, 43.8005645],
     [20.214225600000002, 43.8005045], [20.2141936, 43.8004369],
     [20.2141574, 43.8003232], [20.2140872, 43.800117300000004],
     [20.2140191, 43.7999944], [20.2138977, 43.799834600000004],
     [20.213721, 43.7996087], [20.213601800000003, 43.799438200000004],
     [20.213529400000002, 43.7993721],
     [20.213420900000003, 43.7993091], [20.2133144, 43.7992646],
     [20.2131867, 43.7992246], [20.2130483, 43.7991954],
     [20.212927, 43.7991862], [20.212812, 43.799184700000005],
     [20.212654500000003, 43.7991923], [20.2123947, 43.7992062],
     [20.2123096, 43.799200000000006],
     [20.2122223, 43.799187700000004],
     [20.2121031, 43.799152400000004], [20.2119328, 43.7990817]]}},
  {"type":"Feature",
   "properties":{},
   "geometry":
   {"type":"LineString",
    "coordinates":
    [[20.2119328, 43.7990817], [20.211749700000002, 43.7990049]]}},
  {"type":"Feature",
   "properties":{},
   "geometry":
   {"type":"LineString",
    "coordinates":
    [[20.211749700000002, 43.7990049], [20.2115517, 43.7989327],
     [20.2113856, 43.798869700000004], [20.211292, 43.798819],
     [20.2112762, 43.7988093]]}},
  {"type":"Feature",
   "properties":{},
   "geometry":
   {"type":"LineString",
    "coordinates":
    [[20.2112762, 43.7988093], [20.211387900000002, 43.7986644],
     [20.2115738, 43.798418000000005],
     [20.211681900000002, 43.7982802],
     [20.211715700000003, 43.7982436],
     [20.2117681, 43.798204600000005],
     [20.211828200000003, 43.7981762],
     [20.2118661, 43.798158300000004],
     [20.2124929, 43.797975300000004],
     [20.212575700000002, 43.797942400000004],
     [20.2126704, 43.7978948], [20.2127413, 43.7978241],
     [20.212961, 43.7976046], [20.2130641, 43.797526500000004],
     [20.213180700000002, 43.7974655], [20.2135997, 43.7972972],
     [20.2139658, 43.797133300000006],
     [20.2141319, 43.797045700000005],
     [20.214293700000002, 43.7969366], [20.2144704, 43.7967814],
     [20.2148004, 43.796477200000005], [20.2149983, 43.796342],
     [20.215141000000003, 43.796237500000004],
     [20.215238900000003, 43.7961407], [20.2154497, 43.7958748],
     [20.215637, 43.7956305], [20.2156729, 43.7955995],
     [20.2157169, 43.795569], [20.2157422, 43.7955422]]}},
  {"type":"Feature",
   "properties":{},
   "geometry":
   {"type":"LineString",
    "coordinates":
    [[20.226798300000002, 43.786492100000004],
     [20.22689, 43.786929900000004], [20.226879200000003, 43.7872629],
     [20.2268252, 43.7875882], [20.2268522, 43.788231],
     [20.226927800000002, 43.788318700000005],
     [20.2270681, 43.788433600000005], [20.2271058, 43.7886265],
     [20.2270438, 43.7888388], [20.226693, 43.7892439],
     [20.2262451, 43.790060100000005],
     [20.226015800000003, 43.790617100000006],
     [20.2257846, 43.7907785], [20.225472, 43.7908899],
     [20.2249494, 43.791001200000004],
     [20.224593900000002, 43.7910568],
     [20.2242941, 43.791038300000004],
     [20.224050000000002, 43.790976400000005],
     [20.2230177, 43.791047500000005],
     [20.2221054, 43.791016600000006], [20.2216342, 43.7906672],
     [20.2210389, 43.790398200000006],
     [20.2208162, 43.790361100000005],
     [20.2206602, 43.790349000000006], [20.2206045, 43.7903473],
     [20.220289700000002, 43.7903887], [20.2200461, 43.790441],
     [20.219865000000002, 43.7905123],
     [20.219682600000002, 43.7907377],
     [20.2194778, 43.790876600000004], [20.2193603, 43.7909821],
     [20.2190048, 43.7911451], [20.218546800000002, 43.7914824],
     [20.218344700000003, 43.7916593],
     [20.2180877, 43.791937600000004], [20.217904100000002, 43.792245],
     [20.2176067, 43.7929527], [20.2174419, 43.7931444],
     [20.217257800000002, 43.793305200000006],
     [20.217022200000002, 43.7936144],
     [20.216838000000003, 43.7942544],
     [20.216439700000002, 43.7949933],
     [20.216298300000002, 43.7951757], [20.2161484, 43.7953303],
     [20.215968500000002, 43.7954354], [20.2157422, 43.7955422]]}},
  {"type":"Feature",
   "properties":{},
   "geometry":
   {"type":"LineString",
    "coordinates":
    [[20.2270763, 43.7852812], [20.226900200000003, 43.7855993],
     [20.226859400000002, 43.785707200000004],
     [20.226810200000003, 43.7863397],
     [20.226798300000002, 43.786492100000004]]}},
  {"type":"Feature",
   "properties":{},
   "geometry":
   {"type":"LineString",
    "coordinates":
    [[20.2276987, 43.7841448], [20.2276555, 43.7842113],
     [20.2276269, 43.7842525], [20.227458600000002, 43.7845324],
     [20.2270763, 43.7852812]]}},
  {"type":"Feature",
   "properties":{},
   "geometry":
   {"type":"LineString",
    "coordinates":
    [[20.2276987, 43.7841448], [20.2274594, 43.7840835],
     [20.227292600000002, 43.7840281], [20.2270945, 43.7839347],
     [20.2269168, 43.783849800000006],
     [20.226720800000002, 43.7837365], [20.2265564, 43.7836103],
     [20.226420700000002, 43.7834931],
     [20.2262856, 43.783353000000005], [20.2261639, 43.7832129],
     [20.2260552, 43.783059200000004],
     [20.225939800000003, 43.782869000000005],
     [20.2258244, 43.7826594], [20.2256961, 43.7823444],
     [20.2256217, 43.782116900000005],
     [20.225569200000002, 43.781938600000004],
     [20.2255211, 43.7816083], [20.22551, 43.7815117],
     [20.225499000000003, 43.781412],
     [20.225474000000002, 43.780902600000005],
     [20.2254492, 43.7805972], [20.2254307, 43.7803762],
     [20.2253449, 43.779966200000004], [20.2252578, 43.7796165],
     [20.2252346, 43.7794601],
     [20.225270100000003, 43.779336300000004],
     [20.2254012, 43.778912000000005], [20.2255657, 43.7783797],
     [20.225592900000002, 43.7782987]]}},
  {"type":"Feature",
   "properties":{},
   "geometry":
   {"type":"LineString",
    "coordinates":
    [[20.225592900000002, 43.7782987],
     [20.2256301, 43.778111900000006], [20.22568, 43.7778962],
     [20.2260624, 43.776639700000004], [20.2261186, 43.7765633]]}},
  {"type":"Feature",
   "properties":{},
   "geometry":
   {"type":"LineString",
    "coordinates":
    [[20.225799900000002, 43.776319300000004],
     [20.225952500000002, 43.776435400000004],
     [20.2261186, 43.7765633]]}},
  {"type":"Feature",
   "properties":{},
   "geometry":
   {"type":"LineString",
    "coordinates":
    [[20.224789100000002, 43.775523], [20.225327, 43.775966000000004],
     [20.2257292, 43.776266500000006],
     [20.225799900000002, 43.776319300000004]]}},
  {"type":"Feature",
   "properties":{},
   "geometry":
   {"type":"LineString",
    "coordinates":
    [[20.2229888, 43.7748123],
     [20.223377300000003, 43.774992000000005],
     [20.2236991, 43.7751857], [20.2238934, 43.7752563],
     [20.2241968, 43.7753236], [20.2245518, 43.775387900000005],
     [20.224612200000003, 43.7754045],
     [20.224676600000002, 43.775442000000005],
     [20.224789100000002, 43.775523]]}},
  {"type":"Feature",
   "properties":{},
   "geometry":
   {"type":"LineString",
    "coordinates":
    [[20.2228113, 43.774733000000005], [20.2229888, 43.7748123]]}},
  {"type":"Feature",
   "properties":{},
   "geometry":
   {"type":"LineString",
    "coordinates":
    [[20.2216349, 43.7739295], [20.2219139, 43.7741465],
     [20.222504, 43.774588], [20.2228113, 43.774733000000005]]}},
  {"type":"Feature",
   "properties":{},
   "geometry":
   {"type":"LineString",
    "coordinates":
    [[20.2168177, 43.772922400000006], [20.2171196, 43.7730161],
     [20.2172577, 43.773033500000004], [20.2175058, 43.7730394],
     [20.2177741, 43.7730413], [20.2181174, 43.773051900000006],
     [20.2184849, 43.773101800000006], [20.2188148, 43.7731681],
     [20.2190602, 43.773187500000006], [20.2193364, 43.7731895],
     [20.219713300000002, 43.773190400000004],
     [20.219911800000002, 43.7732011], [20.2200539, 43.7732195],
     [20.220257800000002, 43.773270800000006], [20.2205394, 43.773358],
     [20.2209483, 43.7735112], [20.221135, 43.7736983],
     [20.2212487, 43.773852100000006], [20.221356, 43.773921800000004],
     [20.2215276, 43.7739605], [20.2216349, 43.7739295]]}},
  {"type":"Feature",
   "properties":{},
   "geometry":
   {"type":"LineString",
    "coordinates":
    [[20.2131364, 43.771864300000004],
     [20.213191300000002, 43.7718611], [20.2133952, 43.7719308],
     [20.2135883, 43.772078], [20.213867200000003, 43.772116700000005],
     [20.2148909, 43.7721833], [20.2149663, 43.772208500000005],
     [20.215117900000003, 43.7722592],
     [20.2154165, 43.772389000000004],
     [20.2168177, 43.772922400000006]]}},
  {"type":"Feature",
   "properties":{},
   "geometry":
   {"type":"LineString",
    "coordinates":
    [[20.2131364, 43.771864300000004], [20.2130386, 43.7718104],
     [20.212860300000003, 43.771680700000005],
     [20.2127327, 43.7715936], [20.2126106, 43.771502500000004],
     [20.2124941, 43.7714076], [20.212405, 43.771328800000006],
     [20.2123198, 43.771247800000005],
     [20.212129400000002, 43.771002800000005],
     [20.2119657, 43.7708014], [20.2119094, 43.770738400000006],
     [20.2118891, 43.770719400000004],
     [20.2118605, 43.770707200000004],
     [20.211827600000003, 43.7707035],
     [20.2118006, 43.770707400000006],
     [20.2117766, 43.770717100000006],
     [20.211755200000002, 43.770743200000005],
     [20.2116814, 43.7709224]]}},
  {"type":"Feature",
   "properties":{},
   "geometry":
   {"type":"LineString",
    "coordinates":
    [[20.2069356, 43.7681916], [20.207015600000002, 43.7683054],
     [20.207529100000002, 43.7686762],
     [20.2079071, 43.768956700000004],
     [20.2082669, 43.769244300000004], [20.2085496, 43.7695474],
     [20.2088751, 43.769739200000004],
     [20.209093600000003, 43.769995900000005],
     [20.2095133, 43.770534100000006],
     [20.2096975, 43.770531000000005],
     [20.210151500000002, 43.7703764], [20.2106098, 43.7702496],
     [20.2107683, 43.7702279], [20.2110553, 43.770490800000005],
     [20.211475, 43.7708991], [20.2115805, 43.7709622],
     [20.2116814, 43.7709224]]}},
  {"type":"Feature",
   "properties":{},
   "geometry":
   {"type":"LineString",
    "coordinates":
    [[20.2060391, 43.7650141], [20.2059825, 43.7650633],
     [20.205818100000002, 43.7651881], [20.2057216, 43.7653237],
     [20.2055428, 43.7656944], [20.205409900000003, 43.7658429],
     [20.2052932, 43.7660197], [20.2052526, 43.766163600000006],
     [20.205289800000003, 43.766319800000005],
     [20.2055466, 43.766842100000005], [20.2058407, 43.7671227],
     [20.2060602, 43.767248300000006], [20.2068078, 43.7675241],
     [20.206955400000002, 43.767630600000004],
     [20.207089500000002, 43.767799200000006],
     [20.207159800000003, 43.767974200000005],
     [20.2071823, 43.768047700000004],
     [20.207155200000003, 43.768116000000006],
     [20.2070775, 43.7681648], [20.2069356, 43.7681916]]}},
  {"type":"Feature",
   "properties":{},
   "geometry":
   {"type":"LineString",
    "coordinates":
    [[20.2060391, 43.7650141], [20.2059868, 43.7650142],
     [20.205929400000002, 43.7650311], [20.2058655, 43.7650711],
     [20.2057356, 43.7651726], [20.205676, 43.7652233],
     [20.2055398, 43.7653878], [20.2053949, 43.7655503]]}},
  {"type":"Feature",
   "properties":{},
   "geometry":
   {"type":"LineString",
    "coordinates":
    [[20.1956746, 43.764430000000004],
     [20.195683900000002, 43.7645348], [20.1961736, 43.7646899],
     [20.1967782, 43.764744], [20.197048000000002, 43.7646358],
     [20.1972229, 43.7643976], [20.1972828, 43.764267700000005],
     [20.1975027, 43.7641703],
     [20.197587600000002, 43.764166700000004],
     [20.197797400000002, 43.764220800000004],
     [20.1979274, 43.764314600000006], [20.1979823, 43.7644049],
     [20.1982271, 43.764444600000004],
     [20.1985919, 43.764386800000004],
     [20.199151500000003, 43.7642389], [20.199711100000002, 43.764127],
     [20.2002472, 43.7640181], [20.2004755, 43.7639719],
     [20.2007304, 43.763946600000004], [20.2010052, 43.7639827],
     [20.2016497, 43.7642028], [20.2017946, 43.7642244],
     [20.202354200000002, 43.764217200000004],
     [20.202733900000002, 43.7642894], [20.2029538, 43.7643507],
     [20.203158600000002, 43.7645239], [20.2035284, 43.7647332],
     [20.203983100000002, 43.764931700000005],
     [20.204287800000003, 43.765032700000006],
     [20.205151800000003, 43.765359600000004],
     [20.2053949, 43.7655503]]}},
  {"type":"Feature",
   "properties":{},
   "geometry":
   {"type":"LineString",
    "coordinates":
    [[20.1956746, 43.764430000000004],
     [20.1957194, 43.764339400000004],
     [20.195822500000002, 43.764194100000005],
     [20.1958969, 43.7641295],
     [20.196089500000003, 43.764019600000005],
     [20.1961689, 43.7639611], [20.1961875, 43.7638891],
     [20.196160600000002, 43.763837300000006],
     [20.1960188, 43.7636775], [20.1955648, 43.763362],
     [20.195344300000002, 43.7632265],
     [20.1951906, 43.763176400000006], [20.1950825, 43.7631694],
     [20.194776, 43.763161200000006], [20.194182700000002, 43.7630951],
     [20.1938074, 43.763036]]}},
  {"type":"Feature",
   "properties":{},
   "geometry":
   {"type":"LineString",
    "coordinates":
    [[20.1938074, 43.763036], [20.1937456, 43.7628733],
     [20.193509600000002, 43.762439300000004],
     [20.193219900000003, 43.762086800000006],
     [20.1930772, 43.7619525], [20.192977300000003, 43.7618808],
     [20.1926367, 43.761478000000004], [20.1924579, 43.7612904],
     [20.192164100000003, 43.7608753], [20.192122100000002, 43.760798],
     [20.192106900000002, 43.760710100000004], [20.1921289, 43.760632],
     [20.1922083, 43.760536900000005], [20.1922488, 43.7604856],
     [20.192267400000002, 43.7604282],
     [20.1922421, 43.760368400000004],
     [20.192098400000003, 43.7602611], [20.1916845, 43.7598864],
     [20.191322900000003, 43.759482500000004],
     [20.190944400000003, 43.7590883],
     [20.1908782, 43.759033800000005],
     [20.190644900000002, 43.7588652],
     [20.1904276, 43.758689000000004],
     [20.1902693, 43.758516500000006],
     [20.190022600000002, 43.758191100000005]]}},
  {"type":"Feature",
   "properties":{},
   "geometry":
   {"type":"LineString",
    "coordinates":
    [[20.182021600000002, 43.741867400000004],
     [20.1821889, 43.7421524],
     [20.182346300000003, 43.742475500000005],
     [20.1824437, 43.742820200000004],
     [20.1823188, 43.742997100000004],
     [20.1822938, 43.743155900000005],
     [20.182393700000002, 43.7434266], [20.1826835, 43.7437587],
     [20.182828400000002, 43.7438598], [20.1832032, 43.7439103],
     [20.183468, 43.743953600000005], [20.1837778, 43.7441486],
     [20.1841925, 43.7444915], [20.184297400000002, 43.7446503],
     [20.184332400000002, 43.7447875],
     [20.184667100000002, 43.7448524], [20.184797, 43.744863300000006],
     [20.185116800000003, 43.744989600000004],
     [20.1853067, 43.7451268], [20.1855015, 43.7453397],
     [20.1856814, 43.745603200000005],
     [20.185746400000003, 43.745837800000004],
     [20.185721400000002, 43.746397300000005],
     [20.185571500000002, 43.7470939],
     [20.185596500000003, 43.7473358], [20.1850269, 43.7487398],
     [20.1849469, 43.7489022], [20.1849619, 43.749230700000005],
     [20.186920500000003, 43.7493173], [20.1868456, 43.7494184],
     [20.1863309, 43.7497143], [20.1852567, 43.750194400000005],
     [20.184852000000003, 43.7503351], [20.184857, 43.750421700000004],
     [20.1854516, 43.750757400000005], [20.1864209, 43.7511364],
     [20.1868056, 43.7511869],
     [20.187045400000002, 43.751493700000005],
     [20.1871054, 43.751656100000005],
     [20.186965500000003, 43.7516994], [20.186221, 43.7515695],
     [20.186031200000002, 43.751601900000004],
     [20.1859712, 43.7516417], [20.185976200000002, 43.7518149],
     [20.1863509, 43.752154100000006],
     [20.186665700000002, 43.752446500000005],
     [20.187310200000002, 43.7526991],
     [20.1875751, 43.752785700000004], [20.187625, 43.7529048],
     [20.1874901, 43.752962600000004], [20.1869155, 43.7530384],
     [20.1865908, 43.7531394], [20.1865658, 43.753226100000006],
     [20.186745600000002, 43.753294600000004],
     [20.1872103, 43.753291000000004],
     [20.187410200000002, 43.753345200000005],
     [20.1874501, 43.7534823], [20.187250300000002, 43.7535509],
     [20.186950500000002, 43.7536086], [20.1869255, 43.75367],
     [20.187135400000003, 43.753796300000005],
     [20.187250300000002, 43.753792700000005],
     [20.1879095, 43.754260800000004],
     [20.188069300000002, 43.754307700000005],
     [20.1881393, 43.7544521], [20.1882242, 43.7545207],
     [20.188424100000002, 43.7545748],
     [20.1884841, 43.754773300000004],
     [20.188584000000002, 43.755603300000004],
     [20.1886689, 43.7559173], [20.1888088, 43.7561952],
     [20.188988700000003, 43.756787100000004],
     [20.188973700000002, 43.757173200000004],
     [20.1892035, 43.757620700000004],
     [20.189633200000003, 43.7579708],
     [20.190022600000002, 43.758191100000005]]}},
  {"type":"Feature",
   "properties":{},
   "geometry":
   {"type":"LineString",
    "coordinates":
    [[20.1832697, 43.740139500000005],
     [20.183039700000002, 43.740607100000005],
     [20.182895000000002, 43.7408439],
     [20.1825544, 43.741173100000005],
     [20.182205200000002, 43.7414776],
     [20.182142300000002, 43.741557300000004],
     [20.1820859, 43.7416562], [20.182051100000002, 43.7417899],
     [20.182021600000002, 43.741867400000004]]}},
  {"type":"Feature",
   "properties":{},
   "geometry":
   {"type":"LineString",
    "coordinates":
    [[20.1787573, 43.7422278], [20.1789548, 43.741984900000006],
     [20.179200700000003, 43.741337300000005],
     [20.179827200000002, 43.7414233], [20.180556000000003, 43.741421],
     [20.180820200000003, 43.7412884], [20.1810982, 43.740915],
     [20.181428, 43.740336400000004],
     [20.181689300000002, 43.740166200000004],
     [20.1818263, 43.740135200000005],
     [20.182336000000003, 43.7402311], [20.1829143, 43.740228],
     [20.1832697, 43.740139500000005]]}},
  {"type":"Feature",
   "properties":{},
   "geometry":
   {"type":"LineString",
    "coordinates":
    [[20.1787573, 43.7422278], [20.178642, 43.742233600000006],
     [20.1785105, 43.742270500000004],
     [20.177963400000003, 43.7424623],
     [20.177874900000003, 43.742491400000006],
     [20.1777005, 43.7425282], [20.1775074, 43.7425398],
     [20.1772309, 43.742527800000005],
     [20.1771633, 43.742518100000005],
     [20.1771025, 43.742493700000004], [20.1770484, 43.7424302],
     [20.1768389, 43.7421543], [20.1767375, 43.742056600000005],
     [20.1766395, 43.742012700000004], [20.1765618, 43.7420029],
     [20.1764672, 43.7419663], [20.176423200000002, 43.7419199],
     [20.1761495, 43.741717300000005],
     [20.175811600000003, 43.741443800000006],
     [20.1756831, 43.7413657], [20.1755716, 43.7413315],
     [20.175439800000003, 43.7413169], [20.1752945, 43.7413193],
     [20.174581500000002, 43.7413218], [20.1744057, 43.7413071],
     [20.174317900000002, 43.741285100000006],
     [20.1742199, 43.741280200000006], [20.1741084, 43.741312],
     [20.173888700000003, 43.7413559],
     [20.173709600000002, 43.7413852],
     [20.173415600000002, 43.7413852], [20.1728749, 43.7413413],
     [20.172577500000003, 43.7412725],
     [20.172320000000003, 43.741175600000005],
     [20.172242200000003, 43.7411407], [20.17221, 43.7411058],
     [20.172202000000002, 43.741072900000006],
     [20.172196600000003, 43.7410283],
     [20.172185900000002, 43.740989600000006],
     [20.172143000000002, 43.740945], [20.171939100000003, 43.7407357],
     [20.171880100000003, 43.740698900000005],
     [20.1718131, 43.740669800000006], [20.1717541, 43.7406543],
     [20.1716629, 43.7406601], [20.1715448, 43.7406853],
     [20.1714483, 43.7407028], [20.171390600000002, 43.7407455],
     [20.171216, 43.7408932], [20.1710968, 43.740957800000004],
     [20.1709776, 43.7409947], [20.1708626, 43.74101],
     [20.170654000000003, 43.7410039]]}},
  {"type":"Feature",
   "properties":{},
   "geometry":
   {"type":"LineString",
    "coordinates":
    [[20.170654000000003, 43.7410039],
     [20.1704666, 43.740973100000005], [20.1703133, 43.7409085],
     [20.1701516, 43.7408439],
     [20.169994000000003, 43.740810100000004],
     [20.169755600000002, 43.7407793],
     [20.1695001, 43.740751700000004], [20.1693937, 43.7407301],
     [20.1692915, 43.7406871], [20.1692106, 43.740607100000005],
     [20.169159500000003, 43.7405209], [20.169116900000002, 43.740198],
     [20.169078600000002, 43.7399119],
     [20.169036000000002, 43.739822700000005],
     [20.1689551, 43.739767300000004],
     [20.1688104, 43.739724200000005], [20.1687167, 43.7396812],
     [20.168606, 43.7395889], [20.168393100000003, 43.739305900000005],
     [20.168112100000002, 43.738890600000005],
     [20.1679248, 43.7385645], [20.1678268, 43.7382015],
     [20.1677842, 43.738101500000006], [20.1677289, 43.7380446],
     [20.1676608, 43.7379985], [20.167599000000003, 43.7379892],
     [20.167509600000002, 43.738007700000004],
     [20.167435100000002, 43.7380508],
     [20.167239300000002, 43.7383107], [20.1670775, 43.7384907],
     [20.1670008, 43.7386106], [20.1669753, 43.738736800000005],
     [20.1670093, 43.738826], [20.1670604, 43.738936700000004],
     [20.1670945, 43.7390752], [20.1671584, 43.7394381],
     [20.1671584, 43.7395981], [20.1671286, 43.7396965],
     [20.1670945, 43.739770400000005], [20.1670008, 43.7399026],
     [20.166660200000003, 43.740597900000004],
     [20.1665069, 43.7408501], [20.1664558, 43.740928700000005],
     [20.166445600000003, 43.7409885],
     [20.166460800000003, 43.7410617], [20.166476000000003, 43.741124],
     [20.166474400000002, 43.7411557], [20.1664427, 43.7411845]]}},
  {"type":"Feature",
   "properties":{},
   "geometry":
   {"type":"LineString",
    "coordinates":
    [[20.1664427, 43.7411845], [20.166454, 43.7411988],
     [20.1664688, 43.7412444], [20.1664567, 43.7412938],
     [20.1664111, 43.741330600000005], [20.1663561, 43.741351],
     [20.1662864, 43.741351], [20.165861500000002, 43.741301400000005],
     [20.1655503, 43.7412665],
     [20.164882600000002, 43.741143900000004],
     [20.1645505, 43.7410531], [20.1642461, 43.741005400000006],
     [20.164088500000002, 43.7410024],
     [20.163997000000002, 43.7410039],
     [20.1639076, 43.741022400000006],
     [20.1638182, 43.741065400000004], [20.163782, 43.7411146]]}},
  {"type":"Feature",
   "properties":{},
   "geometry":
   {"type":"LineString",
    "coordinates":
    [[20.163305100000002, 43.7408578], [20.16346, 43.7409145],
     [20.163555900000002, 43.740966300000004],
     [20.1636095, 43.741004600000004], [20.1637014, 43.741084],
     [20.163732200000002, 43.7411015], [20.163782, 43.7411146]]}},
  {"type":"Feature",
   "properties":{},
   "geometry":
   {"type":"LineString",
    "coordinates":
    [[20.1588697, 43.740708100000006],
     [20.159106400000002, 43.7406786],
     [20.159470900000002, 43.7406931],
     [20.159776700000002, 43.740720200000005],
     [20.160364100000002, 43.740708600000005], [20.1614101, 43.740665],
     [20.161673, 43.740663000000005], [20.1619171, 43.740669800000006],
     [20.1622027, 43.740687300000005], [20.1624696, 43.7407115],
     [20.162731100000002, 43.7407435],
     [20.1631241, 43.740813200000005],
     [20.163305100000002, 43.7408578]]}},
  {"type":"Feature",
   "properties":{},
   "geometry":
   {"type":"LineString",
    "coordinates":
    [[20.155597800000002, 43.7413126],
     [20.1560202, 43.741169500000005], [20.1564449, 43.7411286],
     [20.156685600000003, 43.7410264], [20.1569404, 43.7409854],
     [20.1573226, 43.7409241], [20.1575916, 43.7409036],
     [20.158002200000002, 43.740821800000006],
     [20.158356100000002, 43.7407604], [20.1586958, 43.7407297],
     [20.1588697, 43.740708100000006]]}},
  {"type":"Feature",
   "properties":{},
   "geometry":
   {"type":"LineString",
    "coordinates":
    [[20.152687500000003, 43.7430894], [20.1528055, 43.7429919],
     [20.152926, 43.7428794], [20.1530492, 43.742723000000005],
     [20.1531428, 43.7426283], [20.153257, 43.7425307],
     [20.1533787, 43.742442700000005],
     [20.153497700000003, 43.7423693], [20.153678000000003, 43.742277],
     [20.1538651, 43.7422011],
     [20.154403300000002, 43.741991000000006],
     [20.1548027, 43.7418344], [20.1552139, 43.741590900000006],
     [20.15549, 43.741419900000004],
     [20.155597800000002, 43.7413126]]}},
  {"type":"Feature",
   "properties":{},
   "geometry":
   {"type":"LineString",
    "coordinates":
    [[20.145140400000003, 43.745242700000006],
     [20.145193300000003, 43.7453328],
     [20.145246800000002, 43.7453882], [20.1453147, 43.7454447],
     [20.1454488, 43.745541700000004],
     [20.1455083, 43.745573400000005],
     [20.145569000000002, 43.745595300000005],
     [20.145632900000003, 43.7456109],
     [20.145704000000002, 43.745612300000005],
     [20.145901600000002, 43.745586100000004],
     [20.1460917, 43.745551500000005],
     [20.146228500000003, 43.745527100000004],
     [20.1463711, 43.745520600000006],
     [20.146458900000003, 43.745528400000005],
     [20.1465508, 43.7455419],
     [20.146635800000002, 43.745562500000005],
     [20.146708500000003, 43.7455976], [20.1467795, 43.7456417],
     [20.146837400000003, 43.7456905], [20.146943, 43.7458031],
     [20.1469732, 43.7458216], [20.1470081, 43.7458356],
     [20.1470509, 43.745845200000005], [20.1470983, 43.7458479],
     [20.1471537, 43.7458408], [20.1472281, 43.745828200000005],
     [20.147507400000002, 43.7457614], [20.147576, 43.7457354],
     [20.1476367, 43.7457062], [20.1477037, 43.7456656],
     [20.1477541, 43.745627400000004], [20.1478019, 43.7455828],
     [20.1479122, 43.745443], [20.148007200000002, 43.7453415],
     [20.148084400000002, 43.7452795],
     [20.148199100000003, 43.7452131],
     [20.148317900000002, 43.7451662], [20.1484995, 43.7451169],
     [20.1486786, 43.745073000000005], [20.148834, 43.7450229],
     [20.1490554, 43.744928900000005], [20.1493173, 43.7447886],
     [20.149467700000002, 43.7446995], [20.1496147, 43.7446348],
     [20.149903600000002, 43.7445237], [20.1500533, 43.7444551],
     [20.150182400000002, 43.7443784], [20.1503108, 43.7443406],
     [20.150533900000003, 43.744307600000006],
     [20.150685900000003, 43.744278300000005],
     [20.1507873, 43.744245400000004],
     [20.1510171, 43.744096400000004],
     [20.1512047, 43.743942600000004],
     [20.151424300000002, 43.7438206], [20.1517825, 43.7436823],
     [20.1518628, 43.7436513], [20.15194, 43.7436145],
     [20.152011400000003, 43.7435732], [20.1520863, 43.7435203],
     [20.152687500000003, 43.7430894]]}},
  {"type":"Feature",
   "properties":{},
   "geometry":
   {"type":"LineString",
    "coordinates":
    [[20.145140400000003, 43.745242700000006],
     [20.145096900000002, 43.7453457],
     [20.145073500000002, 43.7454041],
     [20.145073500000002, 43.7455179],
     [20.145103300000002, 43.7455948],
     [20.145141600000002, 43.7456332],
     [20.145231000000003, 43.7456948],
     [20.145335300000003, 43.7457732],
     [20.145411900000003, 43.7458716], [20.1454737, 43.7459916],
     [20.1454971, 43.746076200000005], [20.1454801, 43.7461469],
     [20.1454396, 43.746242300000006],
     [20.145373600000003, 43.7464053],
     [20.145343800000003, 43.7465053],
     [20.145335300000003, 43.746566800000004],
     [20.145297000000003, 43.7466621],
     [20.145211800000002, 43.746791300000005],
     [20.145152200000002, 43.746879], [20.145133100000002, 43.7469236],
     [20.145137300000002, 43.7469605],
     [20.145165000000002, 43.7470112],
     [20.145190500000002, 43.7470712],
     [20.145220300000002, 43.7472342],
     [20.145220300000002, 43.7474203]]}},
  {"type":"Feature",
   "properties":{},
   "geometry":
   {"type":"LineString",
    "coordinates":
    [[20.145220300000002, 43.7474203], [20.1453335, 43.7475181],
     [20.145438900000002, 43.7477883], [20.1455783, 43.7480241],
     [20.145639600000003, 43.7482084], [20.1456974, 43.7484393],
     [20.145785800000002, 43.7486923],
     [20.145843600000003, 43.748915800000006],
     [20.145935400000003, 43.7491344], [20.146017, 43.749213000000005],
     [20.146214200000003, 43.7495495],
     [20.1463298, 43.749832000000005],
     [20.146248200000002, 43.750080100000005], [20.146017, 43.7502324],
     [20.145673600000002, 43.7503429],
     [20.1452689, 43.750455900000006],
     [20.1447316, 43.750517300000006],
     [20.1442216, 43.750571400000005], [20.1437047, 43.7506451],
     [20.143106200000002, 43.75079], [20.142589400000002, 43.7510209],
     [20.1422765, 43.7513893], [20.141841300000003, 43.7517872],
     [20.141548800000002, 43.752028], [20.1412462, 43.752082],
     [20.140647700000002, 43.7517529],
     [20.140127500000002, 43.7515121], [20.1399268, 43.7515735],
     [20.1396854, 43.7518757],
     [20.139563000000003, 43.752172900000005],
     [20.1393726, 43.7523743], [20.139069900000003, 43.7524504],
     [20.1388217, 43.7523915], [20.1384273, 43.7521459],
     [20.138043, 43.7519641], [20.1376826, 43.7518388],
     [20.137539800000003, 43.7519125], [20.1374207, 43.7522564],
     [20.1370501, 43.7522588], [20.136822300000002, 43.7523792],
     [20.1364856, 43.7527133], [20.1361966, 43.7525659],
     [20.135910900000002, 43.7525634],
     [20.135815700000002, 43.752850800000004],
     [20.1357885, 43.7531971], [20.1355675, 43.7535582],
     [20.1352309, 43.753720300000005], [20.135054, 43.7537621]]}},
  {"type":"Feature",
   "properties":{},
   "geometry":
   {"type":"LineString",
    "coordinates":
    [[20.135054, 43.7537621], [20.1346868, 43.7538357],
     [20.134180100000002, 43.7538308], [20.133625900000002, 43.753794],
     [20.133262000000002, 43.753715400000004],
     [20.1329458, 43.7536957], [20.1326091, 43.753725200000005],
     [20.132323500000002, 43.7538677],
     [20.132102500000002, 43.7539315], [20.1316162, 43.7539389],
     [20.131317000000003, 43.7539389],
     [20.1310483, 43.753789100000006], [20.130728700000002, 43.753708],
     [20.1303479, 43.753715400000004], [20.1300044, 43.753821],
     [20.1295794, 43.7538112], [20.1289605, 43.753833300000004],
     [20.128396000000002, 43.753855400000006],
     [20.128062800000002, 43.7538357],
     [20.127290900000002, 43.753845600000005],
     [20.126818200000002, 43.753911900000006],
     [20.1263218, 43.7541649], [20.1259647, 43.754412900000005],
     [20.125528900000003, 43.7546729]]}},
  {"type":"Feature",
   "properties":{},
   "geometry":
   {"type":"LineString",
    "coordinates":
    [[20.123188600000002, 43.756717800000004],
     [20.123517200000002, 43.756505600000004],
     [20.1237801, 43.756319700000006], [20.1240402, 43.7560775],
     [20.124362100000003, 43.7557636],
     [20.1246411, 43.755362600000005],
     [20.1248878, 43.755091400000005], [20.1251104, 43.754919],
     [20.125528900000003, 43.7546729]]}},
  {"type":"Feature",
   "properties":{},
   "geometry":
   {"type":"LineString",
    "coordinates":
    [[20.123188600000002, 43.756717800000004],
     [20.123184600000002, 43.7567478], [20.1231484, 43.7567972],
     [20.1229137, 43.756984200000005], [20.122712500000002, 43.757143],
     [20.1224537, 43.7573154], [20.1223531, 43.757391000000005],
     [20.122245600000003, 43.7575025], [20.1220889, 43.7577155],
     [20.122029, 43.7578121], [20.1219481, 43.757964400000006],
     [20.1219159, 43.758042], [20.1218837, 43.758160100000005],
     [20.121836700000003, 43.758439900000006],
     [20.1218019, 43.758519400000004],
     [20.1217496, 43.758586300000005], [20.1216972, 43.7586256],
     [20.1216371, 43.7586661], [20.1215531, 43.758706600000004],
     [20.1211494, 43.758849600000005]]}},
  {"type":"Feature",
   "properties":{},
   "geometry":
   {"type":"LineString",
    "coordinates":
    [[20.1211494, 43.758849600000005],
     [20.1210226, 43.758897700000006],
     [20.1204702, 43.759107400000005],
     [20.120051800000002, 43.7594348],
     [20.1200134, 43.759502700000006], [20.119985, 43.759574],
     [20.119979400000002, 43.7596264],
     [20.119987100000003, 43.759676500000005]]}},
  {"type":"Feature",
   "properties":{},
   "geometry":
   {"type":"LineString",
    "coordinates":
    [[20.119987100000003, 43.759676500000005],
     [20.120167000000002, 43.7596861], [20.120456, 43.759664]]}},
  {"type":"Feature",
   "properties":{},
   "geometry":
   {"type":"LineString",
    "coordinates":
    [[20.119987100000003, 43.759676500000005],
     [20.120167000000002, 43.7596861], [20.120456, 43.759664]]}},
  {"type":"Feature",
   "properties":{},
   "geometry":
   {"type":"LineString",
    "coordinates":
    [[20.1211494, 43.758849600000005],
     [20.1210226, 43.758897700000006],
     [20.1204702, 43.759107400000005],
     [20.120051800000002, 43.7594348],
     [20.1200134, 43.759502700000006], [20.119985, 43.759574],
     [20.119979400000002, 43.7596264],
     [20.119987100000003, 43.759676500000005]]}},
  {"type":"Feature",
   "properties":{},
   "geometry":
   {"type":"LineString",
    "coordinates":
    [[20.123188600000002, 43.756717800000004],
     [20.123184600000002, 43.7567478], [20.1231484, 43.7567972],
     [20.1229137, 43.756984200000005], [20.122712500000002, 43.757143],
     [20.1224537, 43.7573154], [20.1223531, 43.757391000000005],
     [20.122245600000003, 43.7575025], [20.1220889, 43.7577155],
     [20.122029, 43.7578121], [20.1219481, 43.757964400000006],
     [20.1219159, 43.758042], [20.1218837, 43.758160100000005],
     [20.121836700000003, 43.758439900000006],
     [20.1218019, 43.758519400000004],
     [20.1217496, 43.758586300000005], [20.1216972, 43.7586256],
     [20.1216371, 43.7586661], [20.1215531, 43.758706600000004],
     [20.1211494, 43.758849600000005]]}},
  {"type":"Feature",
   "properties":{},
   "geometry":
   {"type":"LineString",
    "coordinates":
    [[20.1228729, 43.7539668],
     [20.122976400000002, 43.754065700000005],
     [20.123044, 43.754158200000006], [20.1230933, 43.754260800000004],
     [20.123116800000002, 43.7543464],
     [20.123125400000003, 43.7544504], [20.1231002, 43.7546265],
     [20.123040500000002, 43.7549598], [20.1229373, 43.7553703],
     [20.1229322, 43.7554579],
     [20.122940500000002, 43.755553600000006],
     [20.122960900000002, 43.7556403], [20.123117, 43.7560378],
     [20.1231386, 43.756107500000006], [20.1231483, 43.7561716],
     [20.123145400000002, 43.7562395], [20.1231329, 43.7562951],
     [20.1231112, 43.756349500000006], [20.1230586, 43.7564921],
     [20.123061200000002, 43.7565715],
     [20.123077300000002, 43.756626700000005],
     [20.123102900000003, 43.7566587],
     [20.123188600000002, 43.756717800000004]]}},
  {"type":"Feature",
   "properties":{},
   "geometry":
   {"type":"LineString",
    "coordinates":
    [[20.1228729, 43.7539668], [20.122537100000002, 43.7539414],
     [20.121925, 43.753965900000004],
     [20.121469400000002, 43.754101000000006],
     [20.1209253, 43.754290100000006],
     [20.1201976, 43.754398200000004], [20.1193169, 43.7547543],
     [20.1187082, 43.7550614], [20.1181437, 43.755336400000004],
     [20.117650700000002, 43.755348700000006],
     [20.1173174, 43.755257900000004],
     [20.117028400000002, 43.7550638],
     [20.1166102, 43.754972900000006],
     [20.1162871, 43.754953300000004], [20.1163041, 43.7546733],
     [20.1162701, 43.7545038], [20.1159199, 43.754471900000006],
     [20.1155356, 43.7545038], [20.1149235, 43.7543859],
     [20.1148861, 43.7542631],
     [20.114733100000002, 43.754221400000006],
     [20.114454300000002, 43.7543147], [20.1140493, 43.7543006]]}},
  {"type":"Feature",
   "properties":{},
   "geometry":
   {"type":"LineString",
    "coordinates":
    [[20.1123003, 43.7539135],
     [20.113095700000002, 43.754098400000004],
     [20.113736300000003, 43.754218800000004],
     [20.1139948, 43.754272500000006], [20.1140493, 43.7543006]]}},
  {"type":"Feature",
   "properties":{},
   "geometry":
   {"type":"LineString",
    "coordinates":
    [[20.114928300000003, 43.747480100000004],
     [20.1150147, 43.7477813], [20.1150093, 43.7479693],
     [20.1148296, 43.748765600000006],
     [20.1146774, 43.749331100000006], [20.1146594, 43.7493866],
     [20.114622200000003, 43.7494224], [20.1145698, 43.7494463],
     [20.1145102, 43.7494479], [20.114425500000003, 43.7494439],
     [20.1143521, 43.7494358], [20.1138748, 43.7493264],
     [20.113791600000003, 43.7493198], [20.1137269, 43.7493319],
     [20.1136667, 43.749360700000004],
     [20.113624100000003, 43.749402200000006],
     [20.113590900000002, 43.7494524], [20.1134106, 43.7499223],
     [20.113367800000002, 43.7500173],
     [20.113276600000003, 43.7502769],
     [20.1132578, 43.750341000000006],
     [20.1132494, 43.750416900000005], [20.1132569, 43.750489],
     [20.1132738, 43.7505454], [20.11335, 43.750768300000004],
     [20.113361700000002, 43.750843800000006],
     [20.1133659, 43.7509237],
     [20.113359600000003, 43.751022400000004],
     [20.1133142, 43.7515324], [20.113244400000003, 43.7519993],
     [20.1132236, 43.7520686], [20.1130888, 43.7525186],
     [20.1130041, 43.752823], [20.112989600000002, 43.752875100000004],
     [20.112640900000002, 43.753495], [20.112575, 43.753576],
     [20.1123003, 43.7539135]]}},
  {"type":"Feature",
   "properties":{},
   "geometry":
   {"type":"LineString",
    "coordinates":
    [[20.114928300000003, 43.747480100000004],
     [20.114143000000002, 43.747473], [20.1136689, 43.747477200000006],
     [20.113521000000002, 43.7474855],
     [20.113379600000002, 43.747499100000006], [20.1132673, 43.747514],
     [20.1131916, 43.7475261], [20.1130874, 43.747545300000006],
     [20.1129989, 43.7475676],
     [20.112785000000002, 43.747624300000005],
     [20.1125973, 43.7476756], [20.112490700000002, 43.7477013],
     [20.1123847, 43.7477212],
     [20.112279400000002, 43.747733800000006]]}},
  {"type":"Feature",
   "properties":{},
   "geometry":
   {"type":"LineString",
    "coordinates":
    [[20.112279400000002, 43.747733800000006],
     [20.111858100000003, 43.747765]]}},
  {"type":"Feature",
   "properties":{},
   "geometry":
   {"type":"LineString",
    "coordinates":
    [[20.111858100000003, 43.747765], [20.10688, 43.7481365]]}},
  {"type":"Feature",
   "properties":{},
   "geometry":
   {"type":"LineString",
    "coordinates":
    [[20.10688, 43.7481365], [20.1058579, 43.748212800000005],
     [20.1057199, 43.748223100000004]]}},
  {"type":"Feature",
   "properties":{},
   "geometry":
   {"type":"LineString",
    "coordinates":
    [[20.1057199, 43.748223100000004],
     [20.1054913, 43.748240900000006], [20.1051991, 43.7482637],
     [20.1049909, 43.7482793], [20.1049027, 43.7482838],
     [20.104833300000003, 43.7482826]]}},
  {"type":"Feature",
   "properties":{},
   "geometry":
   {"type":"LineString",
    "coordinates":
    [[20.104833300000003, 43.7482826], [20.104837, 43.748344100000004],
     [20.1048423, 43.7483761], [20.1048544, 43.748408100000006],
     [20.1048866, 43.7484807], [20.1049174, 43.748536900000005],
     [20.104963, 43.748627000000006], [20.1049885, 43.7486861],
     [20.1050173, 43.7487672], [20.1050314, 43.7488304],
     [20.1050408, 43.7488934], [20.1050422, 43.7489506],
     [20.1050422, 43.7490048], [20.1050355, 43.7490533],
     [20.105016300000003, 43.7491241],
     [20.104983100000002, 43.749206300000004],
     [20.1049577, 43.749256700000004],
     [20.1049161, 43.749327400000006], [20.1048665, 43.7494001],
     [20.1048155, 43.7494621], [20.104748400000002, 43.7495228],
     [20.1043582, 43.749795400000004], [20.1036925, 43.7502508],
     [20.102471, 43.751083300000005], [20.1017686, 43.7515646],
     [20.101659, 43.7516346], [20.101636900000003, 43.7516491],
     [20.1002495, 43.752556500000004], [20.1001513, 43.7526207],
     [20.1000842, 43.7526662], [20.0994996, 43.7530627],
     [20.099209600000002, 43.753256900000004],
     [20.0991892, 43.7532705],
     [20.099102300000002, 43.753328700000004]]}},
  {"type":"Feature",
   "properties":{},
   "geometry":
   {"type":"LineString",
    "coordinates":
    [[20.099102300000002, 43.753328700000004], [20.0990168, 43.753293],
     [20.0989989, 43.753285600000005], [20.0982878, 43.752989],
     [20.098005800000003, 43.752870400000006],
     [20.097689900000002, 43.75273], [20.097580400000002, 43.7526847],
     [20.0973234, 43.752578400000004],
     [20.097300200000003, 43.752568800000006],
     [20.0972496, 43.7525479]]}},
  {"type":"Feature",
   "properties":{},
   "geometry":
   {"type":"LineString",
    "coordinates":
    [[20.0972496, 43.7525479], [20.0972374, 43.752543800000005],
     [20.0971435, 43.752505500000005],
     [20.097102800000002, 43.7524868],
     [20.097049600000002, 43.7524594], [20.0969215, 43.7523665],
     [20.0967214, 43.7521937],
     [20.096375600000002, 43.751892700000006],
     [20.096202100000003, 43.7517489],
     [20.096066800000003, 43.7516301],
     [20.096041200000002, 43.7516021], [20.0959936, 43.75155]]}},
  {"type":"Feature",
   "properties":{},
   "geometry":
   {"type":"LineString",
    "coordinates":
    [[20.0947602, 43.7526175], [20.094847700000003, 43.7525417],
     [20.0955045, 43.7519726], [20.0955184, 43.751960700000005],
     [20.095645, 43.751852], [20.0958967, 43.751634],
     [20.0959177, 43.7516157], [20.0959936, 43.75155]]}},
  {"type":"Feature",
   "properties":{},
   "geometry":
   {"type":"LineString",
    "coordinates":
    [[20.0947602, 43.7526175],
     [20.094599000000002, 43.752599100000005],
     [20.093214, 43.7524412]]}},
  {"type":"Feature",
   "properties":{},
   "geometry":
   {"type":"LineString",
    "coordinates":
    [[20.093214, 43.7524412], [20.0930937, 43.7523737],
     [20.0926088, 43.7520205], [20.0920774, 43.751584300000005]]}},
  {"type":"Feature",
   "properties":{},
   "geometry":
   {"type":"LineString",
    "coordinates":
    [[20.0920774, 43.751584300000005],
     [20.0910167, 43.750727000000005],
     [20.090714000000002, 43.750488600000004],
     [20.0904761, 43.7502949], [20.0903725, 43.7502148],
     [20.0903192, 43.7501714], [20.0902987, 43.750140800000004],
     [20.090272000000002, 43.750094700000005]]}},
  {"type":"Feature",
   "properties":{},
   "geometry":
   {"type":"LineString",
    "coordinates":
    [[20.090272000000002, 43.750094700000005],
     [20.0902181, 43.7500731], [20.0901581, 43.750040500000004],
     [20.090087200000003, 43.749997400000005],
     [20.0899702, 43.749913500000005],
     [20.089792900000003, 43.749777800000004]]}},
  {"type":"Feature",
   "properties":{},
   "geometry":
   {"type":"LineString",
    "coordinates":
    [[20.089792900000003, 43.749777800000004],
     [20.0897654, 43.7497568], [20.0896282, 43.7496564],
     [20.089489500000003, 43.7495549],
     [20.0893456, 43.749472600000004], [20.0892649, 43.7494315],
     [20.089194900000003, 43.749407000000005],
     [20.0891249, 43.7493915], [20.0890163, 43.7493762],
     [20.088898500000003, 43.7493654], [20.0887521, 43.7493484],
     [20.0886582, 43.749331500000004], [20.0885511, 43.7493057],
     [20.0884594, 43.749279800000004],
     [20.0882854, 43.749225900000006], [20.088162, 43.7491877],
     [20.088006200000002, 43.749145000000006],
     [20.0879242, 43.7491263],
     [20.087841700000002, 43.749114000000006], [20.0877453, 43.749104],
     [20.0876604, 43.7490995], [20.087607000000002, 43.749099],
     [20.0875336, 43.7491064], [20.0874823, 43.749118800000005],
     [20.087422800000002, 43.749137000000005],
     [20.0873525, 43.7491709], [20.0872829, 43.7492096],
     [20.087202100000003, 43.749264700000005],
     [20.087100900000003, 43.7493436], [20.0869608, 43.749456],
     [20.086830000000003, 43.749559600000005],
     [20.086719900000002, 43.7496364],
     [20.086637500000002, 43.7496865], [20.086556, 43.749731000000004],
     [20.086484300000002, 43.7497647],
     [20.086418700000003, 43.7497917], [20.0863477, 43.7498146],
     [20.0862598, 43.7498354], [20.0861811, 43.7498519],
     [20.086082400000002, 43.7498714],
     [20.0859498, 43.749891000000005],
     [20.085620000000002, 43.7499217], [20.085217800000002, 43.749957],
     [20.084820200000003, 43.749994400000006],
     [20.0845798, 43.7500109], [20.084338000000002, 43.7500262],
     [20.0842174, 43.750029100000006], [20.0841169, 43.7500287],
     [20.0840551, 43.7500262], [20.0840056, 43.750021600000004],
     [20.083931200000002, 43.7500122],
     [20.083867100000003, 43.750000500000006],
     [20.0837401, 43.7499697]]}},
  {"type":"Feature",
   "properties":{},
   "geometry":
   {"type":"LineString",
    "coordinates":
    [[20.0837401, 43.7499697], [20.0836915, 43.7499564],
     [20.083509600000003, 43.7499058], [20.0833432, 43.749862],
     [20.0832748, 43.749844800000005], [20.0832199, 43.749831],
     [20.0831328, 43.7498145], [20.0830518, 43.7498001],
     [20.0829749, 43.7497928], [20.0829165, 43.7497899],
     [20.082836500000003, 43.7497909],
     [20.0827661, 43.749795000000006]]}},
  {"type":"Feature",
   "properties":{},
   "geometry":
   {"type":"LineString",
    "coordinates":
    [[20.0827661, 43.749795000000006],
     [20.082707900000003, 43.7497628],
     [20.082652900000003, 43.749739500000004],
     [20.0825983, 43.749719500000005], [20.0825199, 43.7496974],
     [20.0824275, 43.749675800000006], [20.082329, 43.7496542],
     [20.0822444, 43.749633700000004],
     [20.082162800000003, 43.749613200000006],
     [20.0815842, 43.749431400000006], [20.0802085, 43.7492966],
     [20.0796519, 43.749166800000005], [20.0792484, 43.748953],
     [20.079184700000003, 43.748919300000004],
     [20.077707500000002, 43.748937100000006],
     [20.0771404, 43.749011800000005], [20.07683, 43.7490347],
     [20.076583900000003, 43.748972300000005],
     [20.0760788, 43.748729700000005], [20.0754649, 43.7485027],
     [20.074812700000003, 43.7483218], [20.0743946, 43.7483152]]}},
  {"type":"Feature",
   "properties":{},
   "geometry":
   {"type":"LineString",
    "coordinates":
    [[20.061272300000002, 43.7442313],
     [20.0614566, 43.744294200000006],
     [20.0615898, 43.744356700000004], [20.0620893, 43.7445828],
     [20.0623223, 43.7446983], [20.0625621, 43.744784900000006],
     [20.062741900000002, 43.7448234],
     [20.062881700000002, 43.7448234], [20.0630349, 43.7448282],
     [20.063234700000002, 43.744861900000004],
     [20.0633945, 43.7449388], [20.0635477, 43.745015800000004],
     [20.0636276, 43.7450832], [20.0636875, 43.7452035],
     [20.0637475, 43.7453189], [20.063894, 43.7454151],
     [20.064067100000003, 43.7454921],
     [20.064227000000002, 43.7455402], [20.0644867, 43.7455835],
     [20.0646798, 43.7456076], [20.064813, 43.7456413],
     [20.0649662, 43.7457086], [20.065106, 43.7458],
     [20.0652326, 43.7459347], [20.065419000000002, 43.7460935],
     [20.0655855, 43.7462138], [20.065705400000002, 43.7463004],
     [20.065838600000003, 43.7462667], [20.0659318, 43.7462138],
     [20.066071700000002, 43.746170500000005],
     [20.0662781, 43.7461464], [20.0665112, 43.746165600000005],
     [20.0667443, 43.7461945],
     [20.066964000000002, 43.746285900000004],
     [20.0672304, 43.7463629], [20.0674768, 43.7464254],
     [20.0676433, 43.746488], [20.0678431, 43.7465072],
     [20.0680029, 43.7465072], [20.0681561, 43.7465217],
     [20.068322600000002, 43.7465698],
     [20.068522400000003, 43.746661200000005],
     [20.0687488, 43.746767000000006], [20.068842, 43.7468151],
     [20.0690618, 43.746877700000006], [20.0692083, 43.746921],
     [20.0694014, 43.747022], [20.0695613, 43.7471423],
     [20.0697344, 43.7473395], [20.069927500000002, 43.7475223],
     [20.070074, 43.747652200000005], [20.0702405, 43.7477869],
     [20.070360400000002, 43.747868700000005],
     [20.070460500000003, 43.747898400000004],
     [20.070560200000003, 43.7478831], [20.070766600000002, 43.747835],
     [20.0708954, 43.7477664], [20.0710523, 43.747746],
     [20.0712204, 43.7477364],
     [20.071383100000002, 43.747733600000004],
     [20.0715578, 43.747731900000005],
     [20.0717432, 43.747742200000005], [20.0718178, 43.7477828],
     [20.071943400000002, 43.7478485], [20.0719986, 43.7479505],
     [20.072105200000003, 43.7480515],
     [20.0722717, 43.748138100000006], [20.0724182, 43.7481718],
     [20.0725714, 43.748210300000004],
     [20.0727112, 43.748210300000004], [20.0730109, 43.7482295],
     [20.0731974, 43.7482199], [20.0733971, 43.7482391],
     [20.0735104, 43.7482728], [20.0737168, 43.7482872],
     [20.0738966, 43.748301700000006],
     [20.074089700000002, 43.748316100000004],
     [20.0743946, 43.7483152]]}},
  {"type":"Feature",
   "properties":{},
   "geometry":
   {"type":"LineString",
    "coordinates":
    [[20.0561897, 43.7438255],
     [20.056309900000002, 43.743823600000006],
     [20.056462800000002, 43.7438714],
     [20.056645800000002, 43.7440014], [20.0567546, 43.7441796],
     [20.056800300000003, 43.744410200000004],
     [20.0567949, 43.7445059], [20.056748300000002, 43.7446069],
     [20.056684800000003, 43.7447658],
     [20.0567029, 43.744850500000005],
     [20.0567655, 43.744903400000005], [20.0568658, 43.7449157],
     [20.057159600000002, 43.744923500000006],
     [20.057343600000003, 43.744945200000004],
     [20.057547900000003, 43.7450015],
     [20.057705000000002, 43.7450066],
     [20.057854600000002, 43.7449778], [20.0579691, 43.7449213],
     [20.0581442, 43.744812100000004], [20.058326, 43.744734300000005],
     [20.0584998, 43.744679100000006], [20.0586929, 43.744655],
     [20.058872700000002, 43.744679100000006],
     [20.0590167, 43.744723300000004], [20.059248, 43.744847400000005],
     [20.059392000000003, 43.744908200000005],
     [20.0596894, 43.7449827], [20.059853500000003, 43.7449923],
     [20.0599774, 43.744970800000004],
     [20.0600862, 43.744910000000004], [20.0602579, 43.7448234],
     [20.0605683, 43.744700300000005], [20.060724, 43.7446069],
     [20.060830600000003, 43.7445299],
     [20.0609039, 43.744419300000004],
     [20.061000200000002, 43.7443449],
     [20.061154700000003, 43.7442727],
     [20.061272300000002, 43.7442313]]}},
  {"type":"Feature",
   "properties":{},
   "geometry":
   {"type":"LineString",
    "coordinates":
    [[20.0561897, 43.7438255], [20.0559052, 43.7436462],
     [20.055567, 43.743475200000006], [20.0553817, 43.7433853],
     [20.055181700000002, 43.7433253], [20.0550761, 43.7433029],
     [20.0549715, 43.743298], [20.0548219, 43.743287200000005],
     [20.0547189, 43.7432601], [20.054626900000002, 43.7432249],
     [20.0545498, 43.7431689], [20.0544599, 43.7430682],
     [20.0541293, 43.7426553], [20.054058, 43.7425512],
     [20.0540202, 43.742440900000005], [20.0540153, 43.7423328],
     [20.054024400000003, 43.7422143], [20.0540962, 43.7419511],
     [20.054111300000002, 43.741857700000004],
     [20.0541136, 43.741728300000005], [20.0540592, 43.7414764],
     [20.054046500000002, 43.741381600000004]]}},
  {"type":"Feature",
   "properties":{},
   "geometry":
   {"type":"LineString",
    "coordinates":
    [[20.054046500000002, 43.741381600000004],
     [20.054046, 43.7410682]]}},
  {"type":"Feature",
   "properties":{},
   "geometry":
   {"type":"LineString",
    "coordinates":
    [[20.054046, 43.7410682], [20.0540519, 43.7410373],
     [20.0540656, 43.7410038], [20.0541038, 43.7409599]]}},
  {"type":"Feature",
   "properties":{},
   "geometry":
   {"type":"LineString",
    "coordinates":
    [[20.0500952, 43.7421513], [20.050397800000002, 43.7421026],
     [20.050720600000002, 43.742045000000005],
     [20.051121300000002, 43.7419796],
     [20.0513491, 43.741936700000004],
     [20.0514976, 43.741907100000006],
     [20.051619600000002, 43.7418819],
     [20.0517377, 43.741852400000006],
     [20.051825400000002, 43.7418229],
     [20.051927300000003, 43.7417845], [20.0520536, 43.7417315],
     [20.0521813, 43.741668000000004], [20.0523089, 43.7416016],
     [20.052590600000002, 43.7414525],
     [20.052843900000003, 43.741317800000004],
     [20.0531013, 43.7411771], [20.0533611, 43.7410349],
     [20.0534134, 43.741010200000005], [20.0534903, 43.7409766],
     [20.053582900000002, 43.7409407],
     [20.053660700000002, 43.740917700000004],
     [20.0537385, 43.7409048], [20.0538184, 43.740903700000004],
     [20.053902700000002, 43.740909900000005],
     [20.0539846, 43.7409231], [20.054046500000002, 43.7409382],
     [20.0541038, 43.7409599]]}},
  {"type":"Feature",
   "properties":{},
   "geometry":
   {"type":"LineString",
    "coordinates":
    [[20.049667000000003, 43.742210500000006],
     [20.0500952, 43.7421513]]}},
  {"type":"Feature",
   "properties":{},
   "geometry":
   {"type":"LineString",
    "coordinates":
    [[20.048923300000002, 43.7423141],
     [20.049667000000003, 43.742210500000006]]}},
  {"type":"Feature",
   "properties":{},
   "geometry":
   {"type":"LineString",
    "coordinates":
    [[20.0488609, 43.7423121], [20.048923300000002, 43.7423141]]}},
  {"type":"Feature",
   "properties":{},
   "geometry":
   {"type":"LineString",
    "coordinates":
    [[20.052662, 43.7456496], [20.0525057, 43.745651800000005],
     [20.0524427, 43.7456508], [20.052399100000002, 43.7456382],
     [20.0523689, 43.745614], [20.052307900000002, 43.745549100000005],
     [20.052259000000003, 43.7455103], [20.0521973, 43.7454759],
     [20.0521195, 43.745436700000006], [20.0520766, 43.7454033],
     [20.052047100000003, 43.7453577],
     [20.0520216, 43.745296700000004], [20.0519411, 43.7451364],
     [20.0518821, 43.745072400000005], [20.0518244, 43.7450211],
     [20.0517128, 43.744951900000004],
     [20.051622300000002, 43.7449102],
     [20.0515461, 43.744860300000006],
     [20.051467900000002, 43.744785500000006],
     [20.051400700000002, 43.7446946],
     [20.051304100000003, 43.744533700000005],
     [20.0512102, 43.7444058], [20.051001000000003, 43.7441278],
     [20.0504071, 43.743596200000006], [20.0503323, 43.7435382],
     [20.050286800000002, 43.7434917], [20.0502474, 43.7434396],
     [20.0502164, 43.7433842], [20.0501273, 43.7431192],
     [20.0500924, 43.743080400000004], [20.0500428, 43.7430407],
     [20.049885200000002, 43.7429409],
     [20.049768500000003, 43.7428508],
     [20.0494889, 43.742619700000006],
     [20.049419200000003, 43.7425708],
     [20.049288400000002, 43.742484600000004],
     [20.0492321, 43.7424492], [20.049174400000002, 43.7424192],
     [20.0490946, 43.742386200000006],
     [20.0489022, 43.742338800000006],
     [20.0488834, 43.742333900000006], [20.048869, 43.7423262],
     [20.0488609, 43.7423121]]}},
  {"type":"Feature",
   "properties":{},
   "geometry":
   {"type":"LineString",
    "coordinates":
    [[20.052662, 43.7456496], [20.052735300000002, 43.7456703],
     [20.0527748, 43.7456994], [20.0528079, 43.745731500000005],
     [20.0528389, 43.7457727], [20.0528578, 43.7458095],
     [20.0529389, 43.745975400000006], [20.0529812, 43.7460253],
     [20.0530341, 43.7460674], [20.0531863, 43.7461343],
     [20.053248500000002, 43.7461539], [20.0532851, 43.746183],
     [20.0533025, 43.7462202], [20.053299300000003, 43.7462553],
     [20.0532715, 43.7463009], [20.053179, 43.7464317],
     [20.0531648, 43.7464728], [20.0531688, 43.746513],
     [20.0531884, 43.7465489],
     [20.053293500000002, 43.746628900000005],
     [20.053333900000002, 43.746665300000004],
     [20.0533647, 43.7467046],
     [20.053386800000002, 43.746747500000005],
     [20.053478000000002, 43.747041100000004],
     [20.0535062, 43.7471283], [20.053540400000003, 43.747213],
     [20.053595400000003, 43.7472823],
     [20.053719400000002, 43.747417000000006], [20.053753, 43.7474659],
     [20.053778400000002, 43.7475235], [20.05393, 43.747945900000005],
     [20.053990300000002, 43.7482279],
     [20.0540074, 43.748268700000004],
     [20.0540425, 43.748311300000005], [20.0540826, 43.748341],
     [20.054122500000002, 43.748360600000005],
     [20.054335000000002, 43.7484686], [20.0544416, 43.7485214],
     [20.054521400000002, 43.7485723],
     [20.054638800000003, 43.748670600000004],
     [20.0547086, 43.7487134], [20.054793, 43.7487471],
     [20.0548919, 43.7487687],
     [20.055000800000002, 43.748774100000006],
     [20.055259, 43.748787300000004], [20.0554823, 43.748801400000005],
     [20.0555668, 43.7488149], [20.0556573, 43.7488435],
     [20.055933600000003, 43.748946200000006],
     [20.056431800000002, 43.749120600000005],
     [20.056536400000002, 43.7491531],
     [20.0566263, 43.749172900000005], [20.0567262, 43.7491889],
     [20.0569448, 43.7492049], [20.057028600000002, 43.749217],
     [20.057113100000002, 43.7492364],
     [20.0571869, 43.749256700000004], [20.0575574, 43.7493829],
     [20.0576469, 43.749428900000005], [20.0577282, 43.7494778],
     [20.0578134, 43.749538], [20.0578815, 43.749594300000005],
     [20.057949, 43.7496597], [20.0580094, 43.749729]]}},
  {"type":"Feature",
   "properties":{},
   "geometry":
   {"type":"LineString",
    "coordinates":
    [[20.059274900000002, 43.7511182], [20.0592872, 43.7511031],
     [20.0592915, 43.751080900000005],
     [20.0592903, 43.751059100000006], [20.0592817, 43.7510333],
     [20.0592677, 43.7510117], [20.059249400000002, 43.7509935],
     [20.0591328, 43.750928800000004], [20.0589343, 43.7508465],
     [20.058841100000002, 43.7508135],
     [20.0587325, 43.750783500000004], [20.058360800000003, 43.750686],
     [20.0582968, 43.7506624], [20.058254100000003, 43.7506288],
     [20.058230400000003, 43.750590200000005],
     [20.0582244, 43.7505442], [20.0583028, 43.7502553],
     [20.0580427, 43.7497923], [20.0580094, 43.749729]]}},
  {"type":"Feature",
   "properties":{},
   "geometry":
   {"type":"LineString",
    "coordinates":
    [[20.0641801, 43.7526104], [20.064177400000002, 43.7526011],
     [20.064166, 43.752589], [20.0641499, 43.75258],
     [20.0637811, 43.752464700000004],
     [20.063685800000002, 43.752447000000004],
     [20.063594700000003, 43.7524369], [20.0635088, 43.7524333],
     [20.063423, 43.7524352], [20.0629576, 43.752501900000006],
     [20.062847700000003, 43.7525118],
     [20.062749800000002, 43.752512200000005],
     [20.0626579, 43.752505400000004],
     [20.0622294, 43.752450200000006], [20.0618304, 43.7524188],
     [20.0617625, 43.7524116],
     [20.061706100000002, 43.752400900000005],
     [20.061663600000003, 43.7523897], [20.0616229, 43.7523763],
     [20.061275900000002, 43.752234200000004],
     [20.061169900000003, 43.752200300000005],
     [20.0607542, 43.752097600000006],
     [20.060612000000003, 43.752059300000006],
     [20.0601896, 43.751933900000004],
     [20.059926100000002, 43.7518176],
     [20.0598607, 43.751780600000004],
     [20.0598123, 43.751741300000006], [20.0597719, 43.7516946],
     [20.0596967, 43.751574000000005],
     [20.0596478, 43.751490700000005],
     [20.059593500000002, 43.751429200000004],
     [20.0595271, 43.7513676], [20.0594171, 43.751271300000006],
     [20.059274900000002, 43.7511182]]}},
  {"type":"Feature",
   "properties":{},
   "geometry":
   {"type":"LineString",
    "coordinates":
    [[20.0641801, 43.7526104],
     [20.063763100000003, 43.752650700000004],
     [20.0636695, 43.7526663], [20.0635279, 43.7527014],
     [20.063409800000002, 43.752742700000006], [20.063302, 43.7527915],
     [20.0631981, 43.7528511],
     [20.063014000000003, 43.752971900000006],
     [20.062948900000002, 43.753008200000004], [20.0628651, 43.753044],
     [20.0625989, 43.753143800000004], [20.0621067, 43.7533133],
     [20.0618418, 43.753408300000004], [20.0617366, 43.7534417],
     [20.0616185, 43.753467400000005], [20.0613496, 43.7534964],
     [20.0612464, 43.753500300000006], [20.0611532, 43.7534969],
     [20.0610445, 43.753479000000006], [20.0607542, 43.7534107],
     [20.0606724, 43.7533947], [20.0605799, 43.753387000000004],
     [20.0604739, 43.753386000000006],
     [20.060366600000002, 43.753390800000005],
     [20.0600448, 43.7534257], [20.0599408, 43.753432100000005],
     [20.0598476, 43.753428500000005],
     [20.059786600000002, 43.7534213],
     [20.0596324, 43.753384000000004], [20.0594185, 43.753338],
     [20.0593152, 43.753325000000004], [20.0592173, 43.7533201],
     [20.0589255, 43.753320200000005], [20.058826, 43.7533158],
     [20.0587629, 43.7532968], [20.058698800000002, 43.7532578],
     [20.0586403, 43.753205400000006], [20.058599400000002, 43.753149],
     [20.0584904, 43.752955400000005], [20.0584341, 43.7529021],
     [20.0583677, 43.7528571], [20.058194, 43.752769900000004],
     [20.0581195, 43.752745000000004],
     [20.0580278, 43.752725700000006], [20.0579305, 43.7527173],
     [20.0578299, 43.7527211], [20.057681000000002, 43.7527321],
     [20.0575531, 43.752749900000005], [20.0574175, 43.7527776],
     [20.0570813, 43.752865400000005], [20.0569533, 43.7528985],
     [20.056829, 43.7529148], [20.0567031, 43.7529142],
     [20.056585700000003, 43.752898200000004],
     [20.056482900000002, 43.7528707], [20.0564001, 43.7528377],
     [20.0562608, 43.752748100000005], [20.056169, 43.752705000000006],
     [20.056044200000002, 43.752669600000004],
     [20.0559443, 43.7526488], [20.055815600000003, 43.7526309],
     [20.0554495, 43.752602800000005],
     [20.055314000000003, 43.7525982], [20.0552119, 43.7525867],
     [20.0551505, 43.752572400000005], [20.0550786, 43.7525476],
     [20.0549553, 43.7524783], [20.0548366, 43.752417300000005],
     [20.0546575, 43.7523068],
     [20.054594100000003, 43.752261100000005],
     [20.0545465, 43.7522101], [20.0545107, 43.7521484],
     [20.054341700000002, 43.7517396],
     [20.054197600000002, 43.7513323], [20.0541592, 43.751255],
     [20.0541188, 43.751201200000004],
     [20.054060200000002, 43.751144200000006],
     [20.053992700000002, 43.7510957], [20.0537959, 43.7509971],
     [20.0535733, 43.7508909], [20.0534545, 43.750859500000004],
     [20.0533679, 43.750844], [20.0532602, 43.7508325],
     [20.053152100000002, 43.7508295],
     [20.0530523, 43.750834000000005],
     [20.052630500000003, 43.750876500000004],
     [20.0525151, 43.750880800000004],
     [20.052395800000003, 43.7508794],
     [20.052169000000003, 43.7508623], [20.052071, 43.7508532],
     [20.0519445, 43.7508483], [20.051816900000002, 43.7508512],
     [20.0516742, 43.750863800000005], [20.0515404, 43.7508854],
     [20.0514239, 43.750914900000005],
     [20.0513263, 43.750947700000005], [20.050885, 43.751108],
     [20.0507415, 43.751154], [20.0506201, 43.7511875],
     [20.050549, 43.7512071]]}},
  {"type":"Feature",
   "properties":{},
   "geometry":
   {"type":"LineString",
    "coordinates":
    [[20.050549, 43.7512071], [20.050498100000002, 43.751216],
     [20.0504304, 43.7512216], [20.050237300000003, 43.7512228],
     [20.0501454, 43.751217000000004],
     [20.0500656, 43.751207300000004], [20.050000800000003, 43.751181],
     [20.0498155, 43.7510775], [20.049749300000002, 43.7510343],
     [20.049704600000002, 43.750985500000006],
     [20.049679400000002, 43.7509365],
     [20.049670600000002, 43.7508721],
     [20.0496626, 43.750811600000006],
     [20.0496351, 43.750759800000004],
     [20.0495781, 43.750685600000004], [20.0494132, 43.7504731],
     [20.049367500000002, 43.750402],
     [20.049302700000002, 43.750347600000005],
     [20.0492284, 43.7503102], [20.049126, 43.750283200000005],
     [20.0490104, 43.7502768], [20.0488794, 43.7502987],
     [20.048759500000003, 43.750327600000006],
     [20.048654600000003, 43.7503684], [20.048567000000002, 43.750416],
     [20.048499, 43.7504646], [20.0483707, 43.7506184],
     [20.0483382, 43.7506931], [20.0483204, 43.750768300000004],
     [20.0483163, 43.750840200000006],
     [20.0483222, 43.750921000000005],
     [20.048363600000002, 43.751119200000005],
     [20.048363600000002, 43.7511845],
     [20.048350000000003, 43.7512549],
     [20.048318700000003, 43.751331300000004],
     [20.0481887, 43.7515725], [20.0481465, 43.751657300000005],
     [20.0481096, 43.751744], [20.048075400000002, 43.751845200000005],
     [20.0480123, 43.7520266], [20.0479837, 43.752056],
     [20.047947500000003, 43.752076900000006],
     [20.047901600000003, 43.7520906], [20.0478555, 43.7520942],
     [20.047726700000002, 43.752078700000006],
     [20.047464700000003, 43.752031200000005],
     [20.0473542, 43.7520085], [20.047262500000002, 43.7519732],
     [20.0472082, 43.751943000000004],
     [20.047141200000002, 43.751891300000004],
     [20.0470763, 43.751819600000005],
     [20.047019300000002, 43.751741100000004],
     [20.0469066, 43.7515464], [20.0468537, 43.751499900000006],
     [20.0467884, 43.751479800000006],
     [20.0467218, 43.751476600000004],
     [20.0466562, 43.751489400000004],
     [20.0465345, 43.751523600000006], [20.0464224, 43.751548],
     [20.046334, 43.751556300000004], [20.0462451, 43.751553200000004],
     [20.046155600000002, 43.751538100000005],
     [20.0460897, 43.7515185], [20.0460236, 43.7514899],
     [20.0459611, 43.751452], [20.0458143, 43.7513274],
     [20.0457325, 43.7512897], [20.0456386, 43.7512659],
     [20.045438800000003, 43.7512393],
     [20.045275800000002, 43.7512218], [20.0451444, 43.751201],
     [20.0448185, 43.7511473], [20.044681100000002, 43.7511371],
     [20.044545600000003, 43.751138000000005],
     [20.044384700000002, 43.7511419], [20.0441714, 43.7511506],
     [20.0440253, 43.7511637], [20.0438744, 43.751183100000006],
     [20.043723500000002, 43.751201], [20.0435726, 43.7512155],
     [20.043410400000003, 43.7512252], [20.0430758, 43.7512296],
     [20.042849800000003, 43.7512228],
     [20.0424086, 43.751202400000004], [20.0422824, 43.7511935],
     [20.0421479, 43.7511762], [20.0420284, 43.751153900000006],
     [20.041905, 43.751121100000006], [20.0417011, 43.751072400000005],
     [20.041646800000002, 43.7510679],
     [20.0415952, 43.751069400000006], [20.0415549, 43.7510746]]}},
  {"type":"Feature",
   "properties":{},
   "geometry":
   {"type":"LineString",
    "coordinates":
    [[20.0415549, 43.7510746], [20.0414919, 43.751088200000005],
     [20.041434300000002, 43.7511128],
     [20.0413807, 43.751148300000004],
     [20.041343700000002, 43.7511853],
     [20.0413174, 43.751225700000006], [20.0412727, 43.7512953],
     [20.0412232, 43.751346000000005],
     [20.041150000000002, 43.751398200000004],
     [20.040985900000003, 43.751485200000005],
     [20.0407268, 43.751652500000006],
     [20.0404808, 43.751804400000005], [20.0403892, 43.7518995],
     [20.0403205, 43.751999600000005], [20.0402847, 43.7520733],
     [20.04024, 43.752262800000004], [20.0402393, 43.752314500000004],
     [20.040248700000003, 43.752377700000004],
     [20.0402694, 43.752439200000005],
     [20.0403078, 43.752508500000005], [20.0404372, 43.7527278],
     [20.0404492, 43.7528067], [20.0404419, 43.752881],
     [20.040417400000003, 43.752952300000004],
     [20.0403816, 43.7530124],
     [20.040202400000002, 43.753262500000005],
     [20.0400469, 43.753476600000006],
     [20.0399892, 43.753586000000006],
     [20.039916100000003, 43.7538156], [20.0398846, 43.7538616],
     [20.0398263, 43.7539226], [20.0397243, 43.7539798],
     [20.039608100000002, 43.754006600000004],
     [20.039488300000002, 43.754015200000005],
     [20.0393845, 43.754008000000006], [20.039304, 43.753992700000005],
     [20.0389425, 43.753885800000006], [20.0387744, 43.7538375],
     [20.0386424, 43.753785], [20.0385397, 43.7537333],
     [20.0383195, 43.7535918], [20.038200200000002, 43.7535235],
     [20.0381009, 43.7534775],
     [20.037776400000002, 43.753338500000005],
     [20.037646300000002, 43.753272200000005],
     [20.037304300000002, 43.7530639],
     [20.0372339, 43.753036300000005], [20.0371434, 43.7530121],
     [20.037049500000002, 43.7529963], [20.036963, 43.753007800000006],
     [20.0368813, 43.753031500000006],
     [20.0368205, 43.753059300000004], [20.0365164, 43.7532329],
     [20.0363575, 43.753350100000006], [20.036265, 43.7534068],
     [20.0361671, 43.753441200000005],
     [20.035902200000002, 43.753500800000005],
     [20.0355659, 43.7535631], [20.0354522, 43.7535947],
     [20.035351000000002, 43.753641300000005],
     [20.0352685, 43.7536983], [20.0351949, 43.753775000000005],
     [20.035147000000002, 43.753857700000005],
     [20.035125700000002, 43.7539311],
     [20.035098100000003, 43.7540551],
     [20.0350651, 43.754138700000006],
     [20.0350144, 43.754225600000005],
     [20.0349569, 43.754298500000004], [20.0348708, 43.7543816],
     [20.0347535, 43.754465200000006], [20.0343231, 43.7547621],
     [20.034195200000003, 43.754860400000005],
     [20.0340725, 43.754989200000004],
     [20.0339798, 43.755132100000004],
     [20.033821500000002, 43.755426500000006], [20.033735, 43.7556116],
     [20.033686000000003, 43.7556467],
     [20.0336207, 43.755663500000004], [20.0335594, 43.7556603],
     [20.0335043, 43.7556403], [20.033465, 43.7556081],
     [20.033389, 43.7555375], [20.033159, 43.755319],
     [20.0331024, 43.755286600000005],
     [20.033025600000002, 43.755253100000004],
     [20.032944800000003, 43.755228], [20.032863900000002, 43.7552115],
     [20.0326185, 43.755215400000004], [20.0323181, 43.7552212],
     [20.0315456, 43.755211], [20.0314055, 43.755196000000005],
     [20.0312787, 43.7551737], [20.0310601, 43.7551379],
     [20.0309676, 43.7551422], [20.030871700000002, 43.7551572],
     [20.0308026, 43.755184400000005],
     [20.030635200000003, 43.755282900000005],
     [20.030532400000002, 43.7553173],
     [20.030460700000003, 43.7553318], [20.0303554, 43.755341],
     [20.030264900000002, 43.755337700000005],
     [20.0299678, 43.7552972],
     [20.029848400000002, 43.755293800000004],
     [20.029731100000003, 43.7552996], [20.0296211, 43.7553147],
     [20.029257700000002, 43.755425100000004],
     [20.0290693, 43.7554895], [20.0289237, 43.755558300000004],
     [20.028769500000003, 43.7556396],
     [20.0278384, 43.756165900000006], [20.0273301, 43.7564744],
     [20.0272383, 43.756534], [20.0271724, 43.756588900000004],
     [20.0271201, 43.7566432], [20.0269751, 43.756841800000004],
     [20.026869100000003, 43.7569986],
     [20.026839900000002, 43.757026200000006],
     [20.026797000000002, 43.7570519],
     [20.026749300000002, 43.757068700000005],
     [20.0266975, 43.757077100000004],
     [20.026489700000003, 43.757091800000005],
     [20.0263765, 43.757107700000006],
     [20.026288700000002, 43.7571267], [20.0261974, 43.7571529],
     [20.0258895, 43.7572491], [20.025740600000002, 43.7572873],
     [20.0254213, 43.757355800000006],
     [20.0250106, 43.757449400000006],
     [20.023728300000002, 43.757862700000004],
     [20.0230792, 43.7580516], [20.0226769, 43.7581611],
     [20.0224885, 43.7582226], [20.0217569, 43.7585209],
     [20.021638900000003, 43.7585606],
     [20.0215202, 43.758588200000005],
     [20.0211836, 43.758645400000006],
     [20.020941500000003, 43.758700600000004],
     [20.020913200000003, 43.7587186], [20.0209006, 43.7587406],
     [20.020902600000003, 43.758766800000004],
     [20.0209157, 43.758785100000004],
     [20.0209391, 43.758799700000004], [20.020978, 43.7588069],
     [20.0212365, 43.7587926], [20.0217274, 43.7587514],
     [20.0218506, 43.7587508], [20.0218986, 43.758751100000005],
     [20.0219315, 43.758766800000004], [20.0219486, 43.7587902],
     [20.0219495, 43.758814300000004], [20.0219317, 43.7588403],
     [20.0219002, 43.7588559], [20.0216788, 43.758910900000004],
     [20.0214424, 43.7589616], [20.0210723, 43.7591132],
     [20.020689400000002, 43.7592779], [20.0202546, 43.7594872],
     [20.019957100000003, 43.759604800000005],
     [20.019842500000003, 43.7596305], [20.0197338, 43.759644],
     [20.019532, 43.7596519], [20.0194204, 43.7596481],
     [20.0193055, 43.759623000000005], [20.0192142, 43.7595894],
     [20.0191181, 43.7595408], [20.0190315, 43.7594811],
     [20.0182539, 43.758950500000005],
     [20.017932100000003, 43.7587509],
     [20.0177644, 43.758692700000005]]}},
  {"type":"Feature",
   "properties":{},
   "geometry":
   {"type":"LineString",
    "coordinates":
    [[20.0177644, 43.758692700000005], [20.0175686, 43.7587253],
     [20.017449900000003, 43.758765000000004],
     [20.017327, 43.758827100000005], [20.016785300000002, 43.7591217],
     [20.016696900000003, 43.7591723],
     [20.016597700000002, 43.7592493], [20.0164414, 43.7594227],
     [20.0163462, 43.7595108], [20.0162476, 43.7595772],
     [20.0160947, 43.7596605], [20.015711900000003, 43.7598392],
     [20.0154676, 43.7599402], [20.0153684, 43.7599704],
     [20.0152733, 43.7599816], [20.0151903, 43.7599789],
     [20.0151037, 43.7599632],
     [20.014945100000002, 43.759917400000006],
     [20.0148271, 43.7598889], [20.0147443, 43.759876000000006]]}},
  {"type":"Feature",
   "properties":{},
   "geometry":
   {"type":"LineString",
    "coordinates":
    [[20.0147443, 43.759876000000006], [20.0147453, 43.759891],
     [20.014750300000003, 43.759908700000004],
     [20.0147617, 43.7599285], [20.014932, 43.760149600000005],
     [20.015042, 43.7603056], [20.0150587, 43.7603482],
     [20.0150614, 43.760388400000004],
     [20.015052700000002, 43.760437800000005],
     [20.014936900000002, 43.760667700000006],
     [20.014925400000003, 43.760697500000006],
     [20.014925400000003, 43.7607243], [20.0149338, 43.7607422]]}},
  {"type":"Feature",
   "properties":{},
   "geometry":
   {"type":"LineString",
    "coordinates":
    [[20.0149338, 43.7607422],
     [20.014872200000003, 43.760857800000004],
     [20.0147149, 43.760994800000006],
     [20.0145345, 43.761100000000006], [20.0141135, 43.7612103],
     [20.0136648, 43.7618919], [20.013336300000002, 43.7623429],
     [20.0129361, 43.7627255], [20.0119924, 43.7631214],
     [20.0117014, 43.7633238], [20.011479700000002, 43.7633926]]}},
  {"type":"Feature",
   "properties":{},
   "geometry":
   {"type":"LineString",
    "coordinates":
    [[20.011479700000002, 43.7633926], [20.0114243, 43.7635111],
     [20.0113741, 43.763606], [20.0113044, 43.763707200000006],
     [20.011242600000003, 43.763784], [20.0111563, 43.7638771],
     [20.011062600000002, 43.763964200000004],
     [20.010857700000003, 43.7641256], [20.0107974, 43.7641818],
     [20.010739700000002, 43.764251], [20.0106474, 43.7644077]]}},
  {"type":"Feature",
   "properties":{},
   "geometry":
   {"type":"LineString",
    "coordinates":
    [[20.0106474, 43.7644077], [20.0099991, 43.764648300000005],
     [20.0094014, 43.7647017], [20.0085695, 43.7646973]]}},
  {"type":"Feature",
   "properties":{},
   "geometry":
   {"type":"LineString",
    "coordinates":
    [[20.0085695, 43.7646973],
     [20.008156500000002, 43.764731700000006],
     [20.0075742, 43.764863600000005], [20.0072374, 43.7651136],
     [20.007026500000002, 43.7653091], [20.006837700000002, 43.76545],
     [20.006705500000002, 43.7654909], [20.0063152, 43.7655046],
     [20.0051506, 43.765611400000004], [20.0049019, 43.7656432],
     [20.004461300000003, 43.765791], [20.0042535, 43.765968300000004],
     [20.0038318, 43.7664684], [20.003472900000002, 43.7668934],
     [20.0030606, 43.767045700000004],
     [20.001977800000002, 43.767218500000006],
     [20.001379800000002, 43.767270800000006],
     [20.0011091, 43.767304800000005], [20.0006968, 43.7674071],
     [20.0004481, 43.7675094], [20.0002341, 43.767645800000004],
     [19.9999319, 43.767898100000004],
     [19.999475500000003, 43.768225400000006]]}},
  {"type":"Feature",
   "properties":{},
   "geometry":
   {"type":"LineString",
    "coordinates":
    [[19.9851885, 43.7729413], [19.9857175, 43.7728576],
     [19.9863155, 43.7726872], [19.986989100000002, 43.7725917],
     [19.9875997, 43.772353], [19.988065600000002, 43.772046200000005],
     [19.9887014, 43.7717553], [19.9890161, 43.771682600000005],
     [19.9894851, 43.7716371], [19.9901304, 43.771482500000005],
     [19.9907536, 43.7713393], [19.9918049, 43.7709871],
     [19.992349400000002, 43.770812], [19.9927995, 43.7707734],
     [19.993649400000002, 43.770639300000006],
     [19.994014500000002, 43.770659800000004],
     [19.9945244, 43.7706961],
     [19.995377400000002, 43.770564300000004],
     [19.995742500000002, 43.770432500000005],
     [19.9962965, 43.7701324], [19.9969386, 43.769893800000006],
     [19.997026700000003, 43.7699506],
     [19.997587000000003, 43.770268800000004],
     [19.9979993, 43.770364300000004], [19.998591, 43.7703688],
     [19.998754700000003, 43.770302900000004],
     [19.9989499, 43.7698642], [19.9991293, 43.769446],
     [19.9991576, 43.7691369],
     [19.999475500000003, 43.768225400000006]]}},
  {"type":"Feature",
   "properties":{},
   "geometry":
   {"type":"LineString",
    "coordinates":
    [[19.9851885, 43.7729413], [19.9851269, 43.772957000000005],
     [19.985054, 43.7729695], [19.984965000000003, 43.772976500000006],
     [19.9847873, 43.7729687], [19.984517800000003, 43.7729566],
     [19.9844259, 43.7729653], [19.9843474, 43.772983200000006],
     [19.984267000000003, 43.7730079], [19.9839525, 43.7730929],
     [19.983925000000003, 43.773094500000006],
     [19.9838995, 43.7730936], [19.9838801, 43.7730897]]}},
  {"type":"Feature",
   "properties":{},
   "geometry":
   {"type":"LineString",
    "coordinates":
    [[19.9838801, 43.7730897], [19.9837741, 43.773197200000006],
     [19.9836843, 43.7733076], [19.9835166, 43.773537100000006],
     [19.983416000000002, 43.7736959], [19.9833249, 43.7738334],
     [19.9832095, 43.773981600000006],
     [19.982923900000003, 43.774252700000005],
     [19.982809900000003, 43.7743777],
     [19.9825477, 43.774750700000006], [19.9825048, 43.7748207],
     [19.9824679, 43.774910600000005],
     [19.9824476, 43.775018800000005], [19.9824196, 43.7751436],
     [19.9823887, 43.7753736], [19.9823704, 43.775449200000004],
     [19.9823352, 43.775521100000006],
     [19.982284500000002, 43.775587200000004],
     [19.982219800000003, 43.775646200000004],
     [19.9820803, 43.775747900000006], [19.9818213, 43.7759671]]}},
  {"type":"Feature",
   "properties":{},
   "geometry":
   {"type":"LineString",
    "coordinates":
    [[19.9815848, 43.775971600000005], [19.9817208, 43.7759597],
     [19.9818213, 43.7759671]]}},
  {"type":"Feature",
   "properties":{},
   "geometry":
   {"type":"LineString",
    "coordinates":
    [[19.9813687, 43.7757045],
     [19.981365200000003, 43.775739300000005], [19.981379, 43.7757701],
     [19.981493200000003, 43.775894400000006],
     [19.98157, 43.775954600000006],
     [19.9815848, 43.775971600000005]]}},
  {"type":"Feature",
   "properties":{},
   "geometry":
   {"type":"LineString",
    "coordinates":
    [[19.9813687, 43.7757045], [19.981294400000003, 43.7756782],
     [19.981252100000003, 43.775666400000006],
     [19.9812079, 43.7756593], [19.9811579, 43.775657],
     [19.981108000000003, 43.7756607],
     [19.980991900000003, 43.775675500000006],
     [19.9808747, 43.7756849], [19.9807738, 43.775688800000005],
     [19.9806728, 43.775688800000005],
     [19.9806007, 43.775684000000005], [19.9805293, 43.7756753],
     [19.9802933, 43.7756113], [19.9799064, 43.7754574],
     [19.9793203, 43.7751649], [19.979208500000002, 43.7751128],
     [19.979090600000003, 43.775068100000006],
     [19.9789676, 43.7750313], [19.978877100000002, 43.7750099],
     [19.9787849, 43.7749928], [19.9786913, 43.77498],
     [19.9781026, 43.7749432], [19.9779082, 43.774926400000005],
     [19.977715, 43.7749035], [19.9775493, 43.7748787],
     [19.977385100000003, 43.774849200000006],
     [19.977301100000002, 43.7748257], [19.9772196, 43.7747979],
     [19.977141, 43.774766], [19.977043600000002, 43.774718500000006],
     [19.9769526, 43.774664800000004],
     [19.976868800000002, 43.7746052],
     [19.9768188, 43.774575500000005],
     [19.976774600000002, 43.7745413], [19.976737, 43.774503200000005],
     [19.976706500000002, 43.774461900000006],
     [19.976679400000002, 43.774407000000004],
     [19.9766702, 43.774378500000005],
     [19.976664900000003, 43.7743496],
     [19.976664200000002, 43.774309300000006],
     [19.976670900000002, 43.7742694], [19.976685, 43.7742305],
     [19.9768125, 43.774036800000005],
     [19.9768364, 43.773994200000004], [19.9768526, 43.7739497],
     [19.9768607, 43.7739041], [19.9768605, 43.7738566],
     [19.976851500000002, 43.773809500000006],
     [19.9768444, 43.773786300000005],
     [19.976833900000003, 43.7737637], [19.9768092, 43.7737281],
     [19.9767762, 43.7736961], [19.976736000000002, 43.7736688]]}},
  {"type":"Feature",
   "properties":{},
   "geometry":
   {"type":"LineString",
    "coordinates":
    [[19.976736000000002, 43.7736688],
     [19.9764844, 43.773473800000005], [19.9763388, 43.7733253],
     [19.976073200000002, 43.7727439], [19.975722, 43.772403700000005],
     [19.9755164, 43.772193300000005],
     [19.9754393, 43.771983000000006], [19.975465, 43.7716026],
     [19.9755164, 43.771330400000004],
     [19.975443600000002, 43.771058200000006],
     [19.9752765, 43.7706809],
     [19.974724000000002, 43.770155100000004], [19.974557, 43.7699355],
     [19.974445600000003, 43.7696138], [19.974437, 43.7694932],
     [19.974308500000003, 43.7693571],
     [19.974145800000002, 43.7693571],
     [19.973995900000002, 43.7694035],
     [19.973961600000003, 43.7697221], [19.974145800000002, 43.770152],
     [19.9743813, 43.7707953], [19.9744028, 43.771045900000004],
     [19.974107200000002, 43.7714572], [19.9737945, 43.771717],
     [19.9734133, 43.772224300000005],
     [19.9733448, 43.772440800000005],
     [19.972997900000003, 43.7726449],
     [19.972423900000003, 43.7730006],
     [19.972128400000003, 43.773647000000004],
     [19.972171200000002, 43.7739099], [19.9720513, 43.7740243],
     [19.9718114, 43.774083100000006],
     [19.9716063, 43.774034400000005]]}},
  {"type":"Feature",
   "properties":{},
   "geometry":
   {"type":"LineString",
    "coordinates":
    [[19.9710065, 43.768973700000004], [19.9710837, 43.7692246],
     [19.9711383, 43.7692928], [19.9712104, 43.7693616],
     [19.9713111, 43.769433400000004],
     [19.971440400000002, 43.7694993],
     [19.971686700000003, 43.7695706],
     [19.9717944, 43.769609800000005],
     [19.9718762, 43.769666400000006], [19.9719228, 43.7697215],
     [19.971952400000003, 43.769787400000006],
     [19.971956900000002, 43.7698562],
     [19.971941400000002, 43.7699237],
     [19.9719078, 43.769984900000004],
     [19.9718088, 43.770108900000004], [19.9717214, 43.770353],
     [19.971723700000002, 43.770468300000005],
     [19.9717476, 43.770573600000006],
     [19.9717957, 43.770682900000004], [19.9718661, 43.7707854],
     [19.9722581, 43.771368900000006],
     [19.9722219, 43.771711700000004],
     [19.972197700000002, 43.7718715], [19.9721568, 43.7719576],
     [19.9719765, 43.772115], [19.9719388, 43.772183600000005],
     [19.971921100000003, 43.772249200000005],
     [19.9719191, 43.772310100000006], [19.9719348, 43.7723828],
     [19.971992500000002, 43.772559], [19.9720005, 43.7726215],
     [19.9719859, 43.7726806],
     [19.971959000000002, 43.772724600000004],
     [19.9719067, 43.7727851], [19.9718002, 43.7729609],
     [19.9717792, 43.7730267], [19.971771200000003, 43.7730892],
     [19.9717753, 43.773156], [19.9717826, 43.7733429],
     [19.971760500000002, 43.7733952], [19.9716971, 43.7734705],
     [19.9716518, 43.7735135], [19.9716226, 43.773562600000005],
     [19.9716106, 43.7736189],
     [19.971610300000002, 43.773732700000004],
     [19.9716264, 43.7738218], [19.971627100000003, 43.7739278],
     [19.9716224, 43.773982100000005],
     [19.9716063, 43.774034400000005]]}},
  {"type":"Feature",
   "properties":{},
   "geometry":
   {"type":"LineString",
    "coordinates":
    [[19.9710065, 43.768973700000004], [19.9708626, 43.7690238],
     [19.9708462, 43.769043700000005], [19.970825, 43.769061],
     [19.970799600000003, 43.7690751],
     [19.970759700000002, 43.7690884], [19.9707165, 43.769094],
     [19.9706802, 43.769091700000004],
     [19.970645100000002, 43.769084500000005],
     [19.9706125, 43.7690727], [19.970583, 43.7690563],
     [19.9705583, 43.7690362], [19.9705394, 43.7690131],
     [19.9702692, 43.768579700000004],
     [19.9701002, 43.768419900000005], [19.9699607, 43.7682999],
     [19.9699299, 43.768263100000006], [19.9699044, 43.7682243],
     [19.969881700000002, 43.768177200000004],
     [19.9698669, 43.7681284], [19.9698052, 43.7679841],
     [19.9697815, 43.7679528], [19.9697502, 43.7679251],
     [19.9697053, 43.7678985], [19.9696536, 43.7678795],
     [19.9695399, 43.767855100000006],
     [19.969429700000003, 43.767823400000005],
     [19.969328, 43.767786300000004], [19.969231200000003, 43.767743],
     [19.968399700000003, 43.767214200000005],
     [19.968315500000003, 43.767178], [19.9682254, 43.767150300000004],
     [19.9681457, 43.767133900000005],
     [19.968064000000002, 43.767124200000005],
     [19.9679813, 43.767121200000005], [19.9678597, 43.7671215],
     [19.9677384, 43.767127300000006],
     [19.967617800000003, 43.7671386],
     [19.9667247, 43.767259700000004], [19.96658, 43.767283500000005],
     [19.9664381, 43.767314500000005], [19.9662995, 43.7673527],
     [19.9661522, 43.7674025], [19.9660107, 43.767460400000004],
     [19.9658757, 43.767526000000004],
     [19.9657774, 43.767569200000004],
     [19.9656843, 43.767618000000006], [19.9655971, 43.7676722],
     [19.9655163, 43.7677314], [19.9654436, 43.767794200000004],
     [19.9653782, 43.767861100000005], [19.9652494, 43.7679832]]}},
  {"type":"Feature",
   "properties":{},
   "geometry":
   {"type":"LineString",
    "coordinates":
    [[19.9652494, 43.7679832], [19.9650007, 43.7681472],
     [19.9647559, 43.7681941], [19.9645611, 43.7682735],
     [19.964431100000002, 43.7683781],
     [19.9643962, 43.768457500000004],
     [19.964371200000002, 43.768558500000005],
     [19.964626000000003, 43.7689699],
     [19.9650007, 43.769222400000004], [19.9653755, 43.769226],
     [19.965951500000003, 43.769549500000004]]}},
  {"type":"Feature",
   "properties":{},
   "geometry":
   {"type":"LineString",
    "coordinates":
    [[19.965951500000003, 43.769549500000004],
     [19.965911900000002, 43.7696017], [19.9658859, 43.7696562],
     [19.965791300000003, 43.769963700000005], [19.9657054, 43.770229],
     [19.9655661, 43.7705848], [19.965523400000002, 43.7706553],
     [19.9654771, 43.7707064],
     [19.965417000000002, 43.770754800000006],
     [19.9653178, 43.770816800000006], [19.9651381, 43.7709331],
     [19.9649289, 43.771014400000006],
     [19.9645239, 43.771169400000005],
     [19.964369700000002, 43.7712488],
     [19.964269100000003, 43.7713088],
     [19.964125600000003, 43.7714057],
     [19.9640103, 43.771504400000005],
     [19.963893600000002, 43.771628400000004],
     [19.963782300000002, 43.7717746],
     [19.963685700000003, 43.7719402], [19.9636576, 43.7720148],
     [19.9636509, 43.7720903], [19.963669600000003, 43.7721804],
     [19.9637327, 43.7723547],
     [19.963827900000002, 43.772531900000004],
     [19.9638902, 43.7726612], [19.9639096, 43.772682800000005],
     [19.963937400000002, 43.772702200000005],
     [19.9639683, 43.7727133], [19.9640063, 43.7727176],
     [19.964049900000003, 43.772711400000006],
     [19.964138300000002, 43.7726762],
     [19.964275100000002, 43.7726016],
     [19.9643556, 43.772569700000005],
     [19.9644367, 43.772550300000006], [19.9646848, 43.7724903],
     [19.9648377, 43.7724375], [19.9649557, 43.772403100000005],
     [19.9650396, 43.772372100000005],
     [19.965096600000003, 43.7723571], [19.9651643, 43.7723528],
     [19.965301800000002, 43.7723542],
     [19.965370800000002, 43.7723503], [19.9656115, 43.7722947],
     [19.9658288, 43.7722375], [19.9660206, 43.772172600000005],
     [19.9662271, 43.7721281], [19.9664068, 43.7720932],
     [19.9665275, 43.7720603], [19.9666348, 43.7720429],
     [19.9667555, 43.7720312]]}},
  {"type":"Feature",
   "properties":{},
   "geometry":
   {"type":"LineString",
    "coordinates":
    [[19.9667555, 43.7720312], [19.9671342, 43.7720295],
     [19.9669643, 43.772181], [19.967119200000003, 43.772231500000004],
     [19.9672392, 43.7721918], [19.9675589, 43.772271200000006],
     [19.9673091, 43.7723397], [19.9672641, 43.7724011],
     [19.9673841, 43.7724588], [19.967608900000002, 43.7724768],
     [19.9676289, 43.772545400000006],
     [19.9672841, 43.772660800000004], [19.9667995, 43.7728845],
     [19.9663548, 43.7731876], [19.966085, 43.773523100000006],
     [19.9658501, 43.7739489], [19.9653929, 43.7743205]]}},
  {"type":"Feature",
   "properties":{},
   "geometry":
   {"type":"LineString",
    "coordinates":
    [[19.9607688, 43.7772507], [19.960882100000003, 43.7771253],
     [19.960913, 43.7770856], [19.9610317, 43.7769709],
     [19.961078, 43.7769313], [19.9611296, 43.7768954],
     [19.9611811, 43.776865900000004], [19.9612363, 43.77684],
     [19.9612945, 43.776817900000005], [19.9614482, 43.7767603],
     [19.961599, 43.776698800000005],
     [19.961710500000002, 43.776650000000004],
     [19.961820200000002, 43.776599100000006],
     [19.9619992, 43.776502300000004],
     [19.9621837, 43.776411200000005],
     [19.9623494, 43.776336300000004], [19.962519, 43.776265900000006],
     [19.9628301, 43.7761207],
     [19.962911400000003, 43.776087100000005],
     [19.9629865, 43.7760465], [19.9630541, 43.7759997],
     [19.9631045, 43.775955800000006],
     [19.963148500000003, 43.775908400000006],
     [19.9631854, 43.775857900000005], [19.963215, 43.775805000000005],
     [19.9632775, 43.7757078], [19.9633478, 43.7756133],
     [19.963439400000002, 43.7755068], [19.9635409, 43.7754051],
     [19.963772900000002, 43.775167800000006],
     [19.963828300000003, 43.7751175], [19.9638883, 43.77507],
     [19.963952600000002, 43.775025500000005],
     [19.964035900000002, 43.774976], [19.964124700000003, 43.7749317],
     [19.9642181, 43.7748928], [19.964875300000003, 43.7746391],
     [19.964969200000002, 43.774596700000004],
     [19.9650596, 43.774550500000004], [19.9651462, 43.7745006],
     [19.965233400000002, 43.774444200000005],
     [19.9653157, 43.774384100000006], [19.9653929, 43.7743205]]}},
  {"type":"Feature",
   "properties":{},
   "geometry":
   {"type":"LineString",
    "coordinates":
    [[19.9607688, 43.7772507], [19.9606622, 43.777271600000006],
     [19.960555600000003, 43.7772987], [19.9604, 43.7773466],
     [19.960227, 43.7773752], [19.9600233, 43.7774012],
     [19.9599079, 43.7774243], [19.9597965, 43.7774537],
     [19.9596975, 43.7774863], [19.959596400000002, 43.7775267],
     [19.9594679, 43.777580500000006],
     [19.959325800000002, 43.777663700000005],
     [19.9592125, 43.7777426], [19.9590971, 43.7778446],
     [19.959061600000002, 43.777860800000006], [19.9590247, 43.77787],
     [19.9589134, 43.7778816], [19.9586988, 43.777906300000005],
     [19.9584702, 43.7779581], [19.958400100000002, 43.7779644],
     [19.958319600000003, 43.777963400000004],
     [19.9582573, 43.7779581], [19.9581875, 43.7779438],
     [19.9581242, 43.7779218],
     [19.957986700000003, 43.777868000000005],
     [19.9578908, 43.777832700000005],
     [19.957709100000002, 43.777768300000005],
     [19.9576159, 43.7777656], [19.9575569, 43.777770700000005],
     [19.957506600000002, 43.7777796]]}},
  {"type":"Feature",
   "properties":{},
   "geometry":
   {"type":"LineString",
    "coordinates":
    [[19.9549488, 43.779278600000005], [19.9550507, 43.779231],
     [19.955275500000003, 43.7791663], [19.9557469, 43.7790041],
     [19.9560612, 43.778929600000005],
     [19.9562724, 43.778905200000004], [19.956465, 43.7788479],
     [19.956689700000002, 43.7787601], [19.9570134, 43.778607],
     [19.957070400000003, 43.778576400000006],
     [19.9571219, 43.7785402], [19.9571745, 43.7784902],
     [19.957214800000003, 43.778435200000004],
     [19.9572618, 43.7783159], [19.957298700000003, 43.7782404],
     [19.9573812, 43.778106300000005],
     [19.9574684, 43.777977500000006],
     [19.9575052, 43.777906800000004], [19.9575155, 43.777833],
     [19.957513600000002, 43.7778026],
     [19.957506600000002, 43.7777796]]}},
  {"type":"Feature",
   "properties":{},
   "geometry":
   {"type":"LineString",
    "coordinates":
    [[19.9471758, 43.780531], [19.9475611, 43.780371200000005],
     [19.9477186, 43.780322000000005],
     [19.947805900000002, 43.7803235], [19.9480337, 43.7803343],
     [19.9483424, 43.7803558],
     [19.948521200000002, 43.780342000000005],
     [19.948734100000003, 43.7803051], [19.9491237, 43.7802774],
     [19.949394, 43.780263600000005],
     [19.949532400000002, 43.780254400000004],
     [19.9497772, 43.780208300000005], [19.9500412, 43.7801452],
     [19.950262600000002, 43.7801222],
     [19.9505798, 43.780100700000006],
     [19.9508459, 43.780071500000005],
     [19.951107800000003, 43.7800254], [19.9513216, 43.7799666],
     [19.9514703, 43.7799385], [19.951686600000002, 43.7799385],
     [19.9518741, 43.7799495], [19.952060000000003, 43.7799837],
     [19.952240800000002, 43.780021500000004],
     [19.9523489, 43.780031300000005], [19.9525973, 43.7800056],
     [19.9530603, 43.7799568], [19.9536246, 43.779870200000005],
     [19.9538139, 43.7798263], [19.9541146, 43.779690900000006],
     [19.9545979, 43.779476200000005],
     [19.954881800000003, 43.779313900000005],
     [19.9549488, 43.779278600000005]]}},
  {"type":"Feature",
   "properties":{},
   "geometry":
   {"type":"LineString",
    "coordinates":
    [[19.9471758, 43.780531], [19.9468302, 43.780531700000004],
     [19.945990700000003, 43.7802834], [19.94574, 43.7802792],
     [19.9452737, 43.7802834], [19.9449997, 43.780325500000004],
     [19.9447781, 43.780430700000004],
     [19.9440786, 43.780906300000005],
     [19.943728800000002, 43.7811168], [19.9435073, 43.7812557],
     [19.943092200000002, 43.781394600000006],
     [19.9427249, 43.7815966], [19.9424567, 43.7817523],
     [19.9421944, 43.7818618], [19.9419249, 43.7819523],
     [19.9410817, 43.7822271], [19.940941000000002, 43.782265],
     [19.9408257, 43.782296800000005], [19.9407399, 43.7822484]]}},
  {"type":"Feature",
   "properties":{},
   "geometry":
   {"type":"LineString",
    "coordinates":
    [[19.9407399, 43.7822484], [19.9405915, 43.7822997],
     [19.940390800000003, 43.7822303],
     [19.940160900000002, 43.782287700000005],
     [19.9400941, 43.7822575], [19.9400063, 43.7822394],
     [19.9399185, 43.7823269], [19.9397848, 43.7823269],
     [19.9396886, 43.7823329], [19.9395214, 43.782366100000004],
     [19.9391453, 43.7824748], [19.9389864, 43.7824899],
     [19.9387858, 43.782517000000006],
     [19.9386186, 43.782619600000004],
     [19.938273000000002, 43.782813000000004],
     [19.9381472, 43.7829148], [19.9380928, 43.7829575],
     [19.9377827, 43.7831266], [19.9376322, 43.783250300000006],
     [19.9374608, 43.783416300000006],
     [19.937285300000003, 43.783594300000004],
     [19.937256, 43.783672800000005], [19.937118100000003, 43.7837935],
     [19.936967600000003, 43.7838961],
     [19.936867300000003, 43.783929300000004]]}},
  {"type":"Feature",
   "properties":{},
   "geometry":
   {"type":"LineString",
    "coordinates":
    [[19.936867300000003, 43.783929300000004],
     [19.936803, 43.783939000000004], [19.936630400000002, 43.7840238],
     [19.936571700000002, 43.784037100000006],
     [19.9364211, 43.784042400000004], [19.936333, 43.784042400000004],
     [19.936255900000003, 43.7839788], [19.9361898, 43.7837826],
     [19.9361201, 43.7837667], [19.9360576, 43.783777300000004],
     [19.9359071, 43.7838939], [19.935562, 43.7839973],
     [19.9353674, 43.7841219], [19.9353196, 43.784167000000004],
     [19.9351838, 43.784190800000005], [19.9350589, 43.7841564],
     [19.934882700000003, 43.784153700000005],
     [19.9348423, 43.7841882], [19.9346514, 43.7844373],
     [19.934453100000002, 43.7845937],
     [19.9343025, 43.784705100000004],
     [19.934225400000003, 43.7848058], [19.9340492, 43.7848721],
     [19.933839900000002, 43.784888],
     [19.933748100000003, 43.784816400000004], [19.933693, 43.7847899],
     [19.9336196, 43.7848058],
     [19.933513100000003, 43.784885300000006],
     [19.933322200000003, 43.785105300000005],
     [19.9332892, 43.785245800000006],
     [19.933223100000003, 43.785282900000006],
     [19.933076200000002, 43.785237900000006],
     [19.9330028, 43.785163700000005],
     [19.932885300000002, 43.785009900000006],
     [19.932793500000002, 43.7849224],
     [19.9326943, 43.784956900000005], [19.9326209, 43.7850179],
     [19.9323932, 43.7854128], [19.9322537, 43.7858449],
     [19.9322023, 43.7859774], [19.9320261, 43.7860967],
     [19.931706600000002, 43.7860543], [19.9315891, 43.785988],
     [19.9315304, 43.7859642], [19.931464300000002, 43.785988],
     [19.9312697, 43.7862637], [19.9311595, 43.7864042],
     [19.931181600000002, 43.786459900000004], [19.931222, 43.7865765],
     [19.931192600000003, 43.786778000000005],
     [19.9310641, 43.786926400000006],
     [19.9308474, 43.787043000000004],
     [19.930711600000002, 43.787080100000004],
     [19.930619800000002, 43.7871278]]}},
  {"type":"Feature",
   "properties":{},
   "geometry":
   {"type":"LineString",
    "coordinates":
    [[19.9272697, 43.786568700000004],
     [19.927339500000002, 43.786480700000006],
     [19.927502500000003, 43.786390100000006],
     [19.927770000000002, 43.786320700000005],
     [19.928137900000003, 43.786314700000005],
     [19.928367700000003, 43.7863449], [19.9285976, 43.7864475],
     [19.9286812, 43.786574200000004],
     [19.928534300000003, 43.786799200000004],
     [19.928493900000003, 43.7871782], [19.9285783, 43.787491],
     [19.9286628, 43.7875997], [19.9291988, 43.7876235],
     [19.929253900000003, 43.787589100000005],
     [19.929522000000002, 43.7874618], [19.9297386, 43.7874433],
     [19.9300544, 43.787374400000004], [19.9302196, 43.7873558],
     [19.9303922, 43.7874247], [19.930579400000003, 43.7873585],
     [19.930579400000003, 43.787218],
     [19.930619800000002, 43.7871278]]}},
  {"type":"Feature",
   "properties":{},
   "geometry":
   {"type":"LineString",
    "coordinates":
    [[19.9272697, 43.786568700000004], [19.927166, 43.786551800000005],
     [19.926897800000003, 43.7866099],
     [19.926474000000002, 43.7867648], [19.926061, 43.7868578],
     [19.925824900000002, 43.786908100000005],
     [19.925686900000002, 43.7869061],
     [19.925551300000002, 43.7869042], [19.9251758, 43.7867958],
     [19.9250364, 43.786637000000006], [19.9249237, 43.7864337],
     [19.9249237, 43.786259400000006], [19.9250203, 43.785907],
     [19.9251168, 43.7854365]]}},
  {"type":"Feature",
   "properties":{},
   "geometry":
   {"type":"LineString",
    "coordinates":
    [[19.9251168, 43.7854365], [19.9252089, 43.7851018],
     [19.9251018, 43.7847987], [19.924943300000002, 43.7845792],
     [19.9244208, 43.7843133], [19.9237398, 43.784189600000005],
     [19.922836, 43.784186500000004], [19.9215039, 43.7841463],
     [19.9202704, 43.7839236], [19.9191548, 43.783668600000006]]}},
  {"type":"Feature",
   "properties":{},
   "geometry":
   {"type":"LineString",
    "coordinates":
    [[19.9191548, 43.783668600000006],
     [19.919151600000003, 43.7836221],
     [19.9190282, 43.783604600000004], [19.9184971, 43.7836085],
     [19.918287900000003, 43.783627900000006],
     [19.917864100000003, 43.7837169], [19.9176018, 43.7837401],
     [19.9173352, 43.7837401], [19.9170166, 43.783705700000006],
     [19.9166582, 43.783638700000004], [19.9164265, 43.7835799],
     [19.916087400000002, 43.7834106],
     [19.915659400000003, 43.783173600000005],
     [19.915615900000002, 43.783136600000006],
     [19.915596100000002, 43.783081], [19.9156046, 43.783024100000006],
     [19.9156733, 43.782833200000006],
     [19.915795600000003, 43.782655000000005],
     [19.915813800000002, 43.782616600000004],
     [19.915801000000002, 43.7825837],
     [19.915759700000002, 43.782561300000005],
     [19.9157023, 43.7825481], [19.915290300000002, 43.7824977],
     [19.9150762, 43.7824486], [19.9149214, 43.782397100000004],
     [19.914737600000002, 43.7823038], [19.9146575, 43.7822468],
     [19.914609300000002, 43.782187], [19.914572, 43.782117500000005],
     [19.9145562, 43.7820477], [19.9145609, 43.781980600000004],
     [19.914606900000003, 43.7818491], [19.9147344, 43.7816059],
     [19.9147533, 43.7815322], [19.9147493, 43.781460700000004],
     [19.9147353, 43.7814123], [19.914441800000002, 43.7811559],
     [19.9143778, 43.7810774], [19.914349, 43.781004200000005],
     [19.9143593, 43.7809262],
     [19.914368800000002, 43.780832000000004],
     [19.9143343, 43.780699000000006],
     [19.9143487, 43.780556700000005],
     [19.9143908, 43.780462500000006], [19.9144967, 43.7803531],
     [19.914752800000002, 43.780179000000004],
     [19.914811800000003, 43.7800086], [19.9148064, 43.7796851],
     [19.9147849, 43.7795244], [19.914693800000002, 43.7794102],
     [19.914495300000002, 43.779247500000004],
     [19.9142861, 43.779049900000004],
     [19.9140178, 43.778724600000004],
     [19.9139749, 43.778527100000005], [19.9139427, 43.7784051],
     [19.913690600000002, 43.7781475], [19.9135543, 43.7779851],
     [19.9134743, 43.7779292], [19.9133749, 43.777861800000004]]}},
  {"type":"Feature",
   "properties":{},
   "geometry":
   {"type":"LineString",
    "coordinates":
    [[19.9133749, 43.777861800000004],
     [19.912949400000002, 43.7778721], [19.9127653, 43.7778871],
     [19.9124675, 43.777950000000004],
     [19.911936400000002, 43.7781359], [19.9114858, 43.7782405],
     [19.9108957, 43.778275400000005],
     [19.910300300000003, 43.778410900000004]]}},
  {"type":"Feature",
   "properties":{},
   "geometry":
   {"type":"LineString",
    "coordinates":
    [[19.910300300000003, 43.778410900000004],
     [19.9102098, 43.7783862], [19.910086500000002, 43.7783784],
     [19.909727, 43.7783862], [19.909137, 43.7783784],
     [19.908691700000002, 43.778320300000004],
     [19.908069400000002, 43.778215700000004],
     [19.9074633, 43.7781576],
     [19.906771300000003, 43.778142100000004],
     [19.9064762, 43.778103400000006],
     [19.9059879, 43.777941000000006]]}},
  {"type":"Feature",
   "properties":{},
   "geometry":
   {"type":"LineString",
    "coordinates":
    [[19.9059879, 43.777941000000006], [19.905929, 43.777921400000004],
     [19.9051136, 43.777611500000006],
     [19.904909800000002, 43.777464300000005],
     [19.904652300000002, 43.7773442], [19.9044324, 43.7772823],
     [19.904164100000003, 43.7771893],
     [19.903987100000002, 43.777127300000004],
     [19.903804700000002, 43.7770809], [19.9036653, 43.7770692],
     [19.9032468, 43.7771235], [19.9028338, 43.7770692],
     [19.9024851, 43.7769685], [19.90219, 43.7768485],
     [19.9020271, 43.776776600000005],
     [19.9019969, 43.776763300000006],
     [19.901825300000002, 43.7767439], [19.9015768, 43.7767439],
     [19.9014229, 43.7767439], [19.9010474, 43.776732300000006],
     [19.900937900000002, 43.7767436],
     [19.900897200000003, 43.7767478], [19.9006183, 43.7768059],
     [19.900146200000002, 43.7770073], [19.9000439, 43.7770613]]}},
  {"type":"Feature",
   "properties":{},
   "geometry":
   {"type":"LineString",
    "coordinates":
    [[19.897409800000002, 43.773347900000005],
     [19.8974055, 43.7736144], [19.8974741, 43.7739677],
     [19.8975943, 43.774249700000006], [19.8977231, 43.7744542],
     [19.8978475, 43.7746432], [19.8979505, 43.774822900000004],
     [19.8980792, 43.7750677], [19.898229500000003, 43.7752227],
     [19.898448300000002, 43.775436500000005],
     [19.8986543, 43.7756441], [19.899074900000002, 43.7760903],
     [19.899306600000003, 43.7763599],
     [19.899589900000002, 43.7766822], [19.8999332, 43.7769889],
     [19.9000439, 43.7770613]]}},
  {"type":"Feature",
   "properties":{},
   "geometry":
   {"type":"LineString",
    "coordinates":
    [[19.897409800000002, 43.773347900000005],
     [19.8974155, 43.773264000000005],
     [19.8974879, 43.773097500000006],
     [19.897589800000002, 43.772981300000005],
     [19.8976998, 43.7728224],
     [19.897804400000002, 43.772721700000005],
     [19.898024300000003, 43.772690700000005],
     [19.8982308, 43.772531900000004],
     [19.898359600000003, 43.772241400000006],
     [19.8985071, 43.7722356], [19.8986412, 43.772092300000004],
     [19.898831700000002, 43.7719005],
     [19.898829000000003, 43.7718075],
     [19.898904100000003, 43.7717862],
     [19.898965800000003, 43.7716468],
     [19.898995300000003, 43.7714202],
     [19.8990382, 43.771302000000006],
     [19.8990355, 43.771193600000004], [19.8990221, 43.7710444],
     [19.899006, 43.7708992], [19.899065, 43.7707946],
     [19.899132100000003, 43.770622200000005],
     [19.8990516, 43.7705525], [19.8989416, 43.770494400000004],
     [19.8988933, 43.770337500000004],
     [19.898783400000003, 43.7702813],
     [19.8986707, 43.770393600000006],
     [19.898646600000003, 43.770569900000005],
     [19.898515200000002, 43.7707442], [19.898432, 43.770936000000006],
     [19.8983247, 43.771048300000004],
     [19.898107500000002, 43.7711606],
     [19.8978231, 43.771350500000004],
     [19.897600500000003, 43.7714027],
     [19.8972465, 43.771373700000005],
     [19.897010400000003, 43.771321400000005],
     [19.896586600000003, 43.771224600000004],
     [19.8962621, 43.7711277], [19.8958705, 43.7710561],
     [19.8954682, 43.770955300000004], [19.8951946, 43.7708469],
     [19.895039, 43.770719], [19.8948861, 43.7705021],
     [19.894730600000003, 43.770327800000004], [19.8945133, 43.770138],
     [19.8943309, 43.7699269],
     [19.894215600000003, 43.769851300000006],
     [19.894017100000003, 43.7698048],
     [19.893899100000002, 43.769671200000005],
     [19.893837400000002, 43.769522], [19.8937703, 43.769371],
     [19.893719400000002, 43.7691463],
     [19.893657700000002, 43.7689061], [19.8935289, 43.7686853],
     [19.893427000000003, 43.768472200000005],
     [19.893319700000003, 43.768241700000004],
     [19.8932875, 43.7680209], [19.8932822, 43.7677962],
     [19.893365300000003, 43.767542500000005],
     [19.893354600000002, 43.7673527],
     [19.8934243, 43.767145400000004],
     [19.8934672, 43.767009800000004],
     [19.893317, 43.766854900000006]]}},
  {"type":"Feature",
   "properties":{},
   "geometry":
   {"type":"LineString",
    "coordinates":
    [[19.893317, 43.766854900000006], [19.893140000000002, 43.7669304],
     [19.892912000000003, 43.767040800000004],
     [19.892432600000003, 43.7671204],
     [19.8913447, 43.767346200000006],
     [19.890981800000002, 43.767384400000005]]}},
  {"type":"Feature",
   "properties":{},
   "geometry":
   {"type":"LineString",
    "coordinates":
    [[19.890981800000002, 43.767384400000005],
     [19.8907375, 43.7676516], [19.8905889, 43.7679166],
     [19.8905157, 43.7680546], [19.8904222, 43.768245400000005],
     [19.8903165, 43.7684744], [19.890284, 43.7686476],
     [19.890125400000002, 43.7689089],
     [19.890048200000003, 43.7690557],
     [19.8900441, 43.769322800000005],
     [19.889995300000002, 43.769804300000004], [19.8899872, 43.770001],
     [19.889995300000002, 43.770109600000005],
     [19.8900156, 43.7703915], [19.8900441, 43.7705999],
     [19.8900441, 43.7709081], [19.889983, 43.7713387],
     [19.889875800000002, 43.7715556],
     [19.889618300000002, 43.7718779], [19.8894251, 43.772101],
     [19.8891934, 43.7724388], [19.889000300000003, 43.7726898],
     [19.8890311, 43.772875000000006], [19.8890998, 43.7730082],
     [19.88922, 43.7731817], [19.8892932, 43.7732134]]}},
  {"type":"Feature",
   "properties":{},
   "geometry":
   {"type":"LineString",
    "coordinates":
    [[19.8892932, 43.7732134],
     [19.889258400000003, 43.773332800000006],
     [19.8891512, 43.7735051], [19.8890305, 43.7736427],
     [19.8889527, 43.773751100000005], [19.8888776, 43.7738596],
     [19.888641500000002, 43.773937000000004],
     [19.8882258, 43.774031900000004], [19.888089, 43.7740784],
     [19.8875686, 43.7742372], [19.8873085, 43.774336000000005],
     [19.887220000000003, 43.774409600000006],
     [19.8871851, 43.7745607], [19.8870349, 43.7746343],
     [19.886536, 43.7747234], [19.886042500000002, 43.7748338],
     [19.885704500000003, 43.7748919],
     [19.885557000000002, 43.774932500000006],
     [19.8854551, 43.7749558], [19.8852727, 43.774984800000006],
     [19.8847416, 43.774940300000004],
     [19.884210500000002, 43.774973200000005],
     [19.8835051, 43.775035200000005], [19.8829016, 43.7750952]]}},
  {"type":"Feature",
   "properties":{},
   "geometry":
   {"type":"LineString",
    "coordinates":
    [[19.8829016, 43.7750952], [19.882305300000002, 43.7758163],
     [19.8818574, 43.7762137],
     [19.881566000000003, 43.776478700000006],
     [19.8814445, 43.7765527], [19.881266500000002, 43.7765878],
     [19.8806836, 43.7764417], [19.8805136, 43.7764748],
     [19.8799254, 43.776375400000006],
     [19.8796448, 43.776278000000005], [19.879491, 43.7761514],
     [19.8794209, 43.7759215], [19.8790188, 43.775543500000005],
     [19.878708500000002, 43.7754539], [19.8784333, 43.7754812],
     [19.8779881, 43.7755669], [19.877494300000002, 43.775941],
     [19.877321600000002, 43.7762605],
     [19.8771624, 43.776381300000004],
     [19.876560700000002, 43.776669600000005], [19.87621, 43.7767436],
     [19.875915900000003, 43.7767592], [19.8755165, 43.7769716],
     [19.8749742, 43.777174200000005], [19.8744939, 43.7772482],
     [19.873924600000002, 43.7773515],
     [19.8732122, 43.777624200000005],
     [19.872745400000003, 43.7777509], [19.8725619, 43.7778483],
     [19.8723461, 43.778082100000006],
     [19.872168000000002, 43.7781834],
     [19.871906300000003, 43.7782749], [19.8717714, 43.7784951],
     [19.8717066, 43.778723], [19.8715258, 43.7789568],
     [19.871210100000003, 43.7793094],
     [19.871021300000002, 43.779389300000005],
     [19.870824300000002, 43.7794438], [19.8705949, 43.779586],
     [19.870392600000002, 43.7799094],
     [19.870147000000003, 43.7800692],
     [19.8697342, 43.780180200000004],
     [19.868741200000002, 43.7803556], [19.8685335, 43.7803419],
     [19.8683392, 43.7802504], [19.8681962, 43.780094500000004],
     [19.8680667, 43.779837400000005],
     [19.8679588, 43.779543200000006],
     [19.868002500000003, 43.7793417], [19.8680559, 43.7790951],
     [19.8681018, 43.7788204], [19.8680173, 43.7787428]]}},
  {"type":"Feature",
   "properties":{},
   "geometry":
   {"type":"LineString",
    "coordinates":
    [[19.8680173, 43.7787428], [19.8677341, 43.7788388],
     [19.8672577, 43.779136300000005],
     [19.866900700000002, 43.779513900000005],
     [19.866832900000002, 43.779585600000004],
     [19.866575400000002, 43.779917100000006],
     [19.866287800000002, 43.7802146],
     [19.8661248, 43.780400500000006], [19.8658734, 43.7805697],
     [19.865761900000003, 43.7807928],
     [19.865652700000002, 43.781076000000006],
     [19.865620200000002, 43.7813784], [19.8656717, 43.7815798],
     [19.8656098, 43.781810300000004], [19.8655282, 43.7820272],
     [19.8654553, 43.7821573], [19.8651506, 43.7824052],
     [19.864813400000003, 43.7825651],
     [19.8646675, 43.782521700000004], [19.8644339, 43.7823494],
     [19.8643386, 43.7823125]]}},
  {"type":"Feature",
   "properties":{},
   "geometry":
   {"type":"LineString",
    "coordinates":
    [[19.8616204, 43.781216], [19.8617321, 43.7812204],
     [19.8621698, 43.781235900000006],
     [19.862405900000002, 43.781263800000005],
     [19.862635700000002, 43.7813548],
     [19.8629791, 43.781500400000006],
     [19.863412500000003, 43.7816709],
     [19.864002300000003, 43.7820229],
     [19.864289900000003, 43.7822181], [19.8643386, 43.7823125]]}},
  {"type":"Feature",
   "properties":{},
   "geometry":
   {"type":"LineString",
    "coordinates":
    [[19.8616204, 43.781216], [19.8609906, 43.7812963],
     [19.860237, 43.781291800000005], [19.860025, 43.7813001],
     [19.8597112, 43.7813693], [19.858576600000003, 43.7818838],
     [19.858378300000002, 43.781995800000004],
     [19.8578954, 43.7822684], [19.857268, 43.7827519]]}},
  {"type":"Feature",
   "properties":{},
   "geometry":
   {"type":"LineString",
    "coordinates":
    [[19.857268, 43.7827519], [19.8556236, 43.783964100000006],
     [19.855444300000002, 43.784598300000006]]}},
  {"type":"Feature",
   "properties":{},
   "geometry":
   {"type":"LineString",
    "coordinates":
    [[19.855444300000002, 43.784598300000006], [19.855409, 43.7847232],
     [19.8553997, 43.7849336]]}},
  {"type":"Feature",
   "properties":{},
   "geometry":
   {"type":"LineString",
    "coordinates":
    [[19.8553997, 43.7849336], [19.854490300000002, 43.7850951],
     [19.854099100000003, 43.785254900000005],
     [19.8538994, 43.7854107], [19.853516300000003, 43.7855432],
     [19.853103400000002, 43.785570400000005],
     [19.8526312, 43.7855354], [19.8524558, 43.785406800000004],
     [19.8522643, 43.7852782], [19.8520511, 43.7852782],
     [19.851738100000002, 43.785418500000006],
     [19.8514197, 43.785494500000006],
     [19.851044700000003, 43.7855276], [19.8506696, 43.7854983],
     [19.8502109, 43.7853737],
     [19.849989700000002, 43.785215900000004], [19.8498655, 43.785175],
     [19.849684800000002, 43.7851555], [19.8494473, 43.7852607],
     [19.849226100000003, 43.785321100000004],
     [19.8491052, 43.785309700000006]]}},
  {"type":"Feature",
   "properties":{},
   "geometry":
   {"type":"LineString",
    "coordinates":
    [[19.8475074, 43.7814027], [19.8477035, 43.781486400000006],
     [19.8478375, 43.781541700000005],
     [19.847923700000003, 43.781666200000004],
     [19.8480195, 43.781839000000005],
     [19.848211000000003, 43.782005000000005],
     [19.8483546, 43.7821778], [19.848421700000003, 43.7823092],
     [19.8486228, 43.782488900000004], [19.8487185, 43.7826894],
     [19.8488334, 43.782862300000005],
     [19.849015400000003, 43.7830558], [19.849226, 43.783270200000004],
     [19.849341000000003, 43.783401500000004],
     [19.8495516, 43.783629700000006], [19.8495995, 43.7837679],
     [19.8496282, 43.783892400000006],
     [19.849532500000002, 43.784023700000006],
     [19.849398400000002, 43.784168900000004],
     [19.8493026, 43.7843348], [19.849226, 43.7846044],
     [19.8491399, 43.7849847], [19.8491052, 43.785309700000006]]}},
  {"type":"Feature",
   "properties":{},
   "geometry":
   {"type":"LineString",
    "coordinates":
    [[19.846565700000003, 43.7814552], [19.8466974, 43.7814221],
     [19.846898300000003, 43.781478500000006],
     [19.8470944, 43.781499600000004],
     [19.8472714, 43.781499600000004],
     [19.8474079, 43.781466800000004], [19.8475074, 43.7814027]]}},
  {"type":"Feature",
   "properties":{},
   "geometry":
   {"type":"LineString",
    "coordinates":
    [[19.8378419, 43.778663], [19.8381833, 43.7786582],
     [19.838638800000002, 43.778570900000005],
     [19.8389805, 43.7784193], [19.8394716, 43.7782831],
     [19.8400019, 43.7782317], [19.840229700000002, 43.778224],
     [19.8403044, 43.778229100000004], [19.8404859, 43.7782574],
     [19.840699400000002, 43.778229100000004], [19.8408382, 43.778188],
     [19.8412249, 43.777959900000006],
     [19.841391700000003, 43.777968900000005],
     [19.8415018, 43.778046200000006], [19.8418953, 43.7784871],
     [19.842188, 43.7788484], [19.842584600000002, 43.779278000000005],
     [19.8428301, 43.779478000000005],
     [19.8430253, 43.779521100000004], [19.8433148, 43.7795143],
     [19.843702, 43.7795348], [19.8439349, 43.7796461],
     [19.844196200000003, 43.7799075],
     [19.844463700000002, 43.7803052],
     [19.8449831, 43.780723300000005], [19.8455842, 43.7810028],
     [19.8461539, 43.7812642], [19.846565700000003, 43.7814552]]}},
  {"type":"Feature",
   "properties":{},
   "geometry":
   {"type":"LineString",
    "coordinates":
    [[19.837630100000002, 43.7783913],
     [19.8377358, 43.778509500000006], [19.8377555, 43.7785316],
     [19.8378419, 43.778663]]}},
  {"type":"Feature",
   "properties":{},
   "geometry":
   {"type":"LineString",
    "coordinates":
    [[19.838448, 43.778072800000004], [19.838165500000002, 43.7781832],
     [19.8380359, 43.778234700000006], [19.8378558, 43.7783099],
     [19.837700400000003, 43.778368500000006],
     [19.837630100000002, 43.7783913]]}},
  {"type":"Feature",
   "properties":{},
   "geometry":
   {"type":"LineString",
    "coordinates":
    [[19.8387652, 43.7769728],
     [19.838753800000003, 43.777033800000005],
     [19.838718200000002, 43.7772091],
     [19.8387028, 43.777264300000006], [19.8386646, 43.7773752],
     [19.8386304, 43.7774919], [19.8386143, 43.777571300000005],
     [19.8385898, 43.7777061], [19.838578100000003, 43.777754],
     [19.8385406, 43.777868500000004],
     [19.8384888, 43.777982900000005],
     [19.838448, 43.778072800000004]]}},
  {"type":"Feature",
   "properties":{},
   "geometry":
   {"type":"LineString",
    "coordinates":
    [[19.8387652, 43.7769728],
     [19.838285000000003, 43.777066700000006],
     [19.837696400000002, 43.7772735], [19.8371362, 43.7773076],
     [19.836645100000002, 43.777278100000004],
     [19.8362328, 43.777103100000005],
     [19.835807900000002, 43.7768985], [19.8354742, 43.7768144],
     [19.8346307, 43.776505400000005], [19.8343631, 43.7764304],
     [19.8336581, 43.776305400000005], [19.8327925, 43.7760599],
     [19.832175600000003, 43.7759622],
     [19.831727700000002, 43.7759653]]}},
  {"type":"Feature",
   "properties":{},
   "geometry":
   {"type":"LineString",
    "coordinates":
    [[19.8258188, 43.776541900000005], [19.825849, 43.7765574],
     [19.8259167, 43.7765768], [19.8260012, 43.7765932],
     [19.8260656, 43.776599100000006],
     [19.8261568, 43.776601500000005],
     [19.826233900000002, 43.776597100000004],
     [19.8263888, 43.7765889], [19.826502100000003, 43.7765811],
     [19.8265645, 43.7765719], [19.8266074, 43.776558900000005],
     [19.826634900000002, 43.776539], [19.8266724, 43.7765177],
     [19.8267482, 43.7764785], [19.8268555, 43.776432500000006],
     [19.8269574, 43.7763957], [19.8270459, 43.7763604],
     [19.827121, 43.776335700000004], [19.8271734, 43.776321100000004],
     [19.827218900000002, 43.7763153],
     [19.827254500000002, 43.7763153], [19.8272947, 43.7763192],
     [19.8273417, 43.776326000000005],
     [19.827395000000003, 43.7763361], [19.8274496, 43.776342],
     [19.8275013, 43.776343600000004], [19.8275529, 43.7763415],
     [19.827634200000002, 43.776332000000004],
     [19.8277131, 43.7763153], [19.8277775, 43.7763075],
     [19.8278426, 43.776304700000004],
     [19.827942500000002, 43.7763013],
     [19.8280296, 43.776304700000004],
     [19.828099400000003, 43.7763153],
     [19.828170500000002, 43.776327900000005],
     [19.8282268, 43.7763299], [19.8282972, 43.7763207],
     [19.8283817, 43.7763076], [19.8284662, 43.7762984],
     [19.828558700000002, 43.776294], [19.8286298, 43.7762955],
     [19.828718300000002, 43.7763032], [19.8288236, 43.7763153],
     [19.8289268, 43.7763226], [19.8290006, 43.776326000000005],
     [19.829063, 43.7763226], [19.829135400000002, 43.776307100000004],
     [19.8292091, 43.776294], [19.8292809, 43.776285800000004],
     [19.8293614, 43.7762843], [19.8294573, 43.7762868],
     [19.829576600000003, 43.7762795],
     [19.8296919, 43.776268900000005], [19.8298998, 43.7762529],
     [19.830054, 43.7762359], [19.8301768, 43.776223800000004],
     [19.830326300000003, 43.7762108],
     [19.830433600000003, 43.7761967], [19.8305395, 43.776173],
     [19.8306602, 43.7761464], [19.8310894, 43.776066500000006],
     [19.8314045, 43.7760185], [19.831727700000002, 43.7759653]]}},
  {"type":"Feature",
   "properties":{},
   "geometry":
   {"type":"LineString",
    "coordinates":
    [[19.8248643, 43.7773319],
     [19.824952500000002, 43.777290400000005],
     [19.825004800000002, 43.7772507], [19.8250879, 43.7771762],
     [19.8251604, 43.7770929],
     [19.825226100000002, 43.777017400000005], [19.8253013, 43.776932],
     [19.825387000000003, 43.7768518], [19.8254531, 43.7767989],
     [19.825523800000003, 43.7767491],
     [19.825653900000002, 43.776665900000005],
     [19.8257464, 43.7765908], [19.8258188, 43.776541900000005]]}},
  {"type":"Feature",
   "properties":{},
   "geometry":
   {"type":"LineString",
    "coordinates":
    [[19.8248643, 43.7773319], [19.824802100000003, 43.7772566],
     [19.824727000000003, 43.7770862],
     [19.824651900000003, 43.7768809],
     [19.824609000000002, 43.7766059],
     [19.8245982, 43.776276700000004], [19.8245714, 43.77599],
     [19.8244373, 43.775618200000004], [19.824260300000002, 43.775258],
     [19.824136900000003, 43.7749481],
     [19.8239813, 43.774824100000004],
     [19.8234503, 43.774510400000004], [19.822828, 43.7741618],
     [19.822627100000002, 43.77407], [19.8222409, 43.7739576],
     [19.8218463, 43.7737822], [19.8215405, 43.7735846],
     [19.8213367, 43.7732941], [19.820918300000002, 43.7728254],
     [19.820658400000003, 43.7726794],
     [19.820494500000002, 43.7725426], [19.8202745, 43.7723722],
     [19.820027800000002, 43.7721359],
     [19.819732700000003, 43.7718338],
     [19.819491300000003, 43.7715316],
     [19.819387000000003, 43.7714902],
     [19.8192285, 43.771481300000005],
     [19.818936400000002, 43.7715289], [19.8186974, 43.7715432],
     [19.818622100000002, 43.771542700000005],
     [19.8185417, 43.771542200000006],
     [19.818514200000003, 43.7715248]]}},
  {"type":"Feature",
   "properties":{},
   "geometry":
   {"type":"LineString",
    "coordinates":
    [[19.8073495, 43.7689431], [19.807413200000003, 43.7689607],
     [19.807477000000002, 43.768967100000005],
     [19.8075344, 43.7689542], [19.8076174, 43.7689376],
     [19.8077131, 43.768931200000004],
     [19.8079529, 43.768931200000004], [19.8083153, 43.7689413],
     [19.8087044, 43.7690021],
     [19.808851200000003, 43.769018700000004],
     [19.8090476, 43.769024200000004],
     [19.8091791, 43.769037100000006], [19.8093411, 43.7690786],
     [19.809535, 43.7691109], [19.8098017, 43.769132000000006],
     [19.809965000000002, 43.7691606],
     [19.8106884, 43.769390900000005], [19.8107535, 43.7694084],
     [19.8109079, 43.7694361], [19.8110623, 43.7694978],
     [19.812247600000003, 43.769989800000005],
     [19.8126558, 43.770130800000004], [19.8128485, 43.7701805],
     [19.8130424, 43.770204500000006], [19.813381800000002, 43.770245],
     [19.813744200000002, 43.7703049], [19.8141652, 43.7703878],
     [19.815179500000003, 43.770797800000004],
     [19.815267600000002, 43.7707932],
     [19.8153314, 43.770778500000006], [19.8154806, 43.7707306],
     [19.8155648, 43.770708500000005],
     [19.815670700000002, 43.7707057], [19.8157715, 43.7707416],
     [19.8171648, 43.7714243],
     [19.817291100000002, 43.771464900000005], [19.8175016, 43.771487],
     [19.8176433, 43.771487900000004],
     [19.8178704, 43.771459300000004],
     [19.818083400000003, 43.7714529],
     [19.818308000000002, 43.7714851], [19.818390400000002, 43.771501],
     [19.818514200000003, 43.7715248]]}},
  {"type":"Feature",
   "properties":{},
   "geometry":
   {"type":"LineString",
    "coordinates":
    [[19.8073495, 43.7689431], [19.8072573, 43.768969500000004],
     [19.807158700000002, 43.7689772],
     [19.8066321, 43.769023600000004],
     [19.8065202, 43.769029100000004], [19.8063343, 43.7690484],
     [19.8061411, 43.76906], [19.8058999, 43.769065100000006],
     [19.8056659, 43.7690885], [19.805014800000002, 43.7692375],
     [19.804884100000002, 43.7692642],
     [19.804742400000002, 43.769282800000006],
     [19.804591600000002, 43.769296100000005],
     [19.803366800000003, 43.7693506],
     [19.803084700000003, 43.769375700000005],
     [19.8028206, 43.7694373], [19.8026184, 43.769496600000004],
     [19.8024378, 43.769572800000006], [19.8023391, 43.7696419],
     [19.8022548, 43.769716100000004],
     [19.8019581, 43.770008000000004], [19.8018226, 43.7700989],
     [19.8016912, 43.7701657], [19.801126800000002, 43.7704749],
     [19.800618800000002, 43.770814200000004],
     [19.800386500000002, 43.770944300000004],
     [19.8002819, 43.7710164], [19.8001484, 43.771131800000006],
     [19.8000735, 43.771213100000004], [19.800018, 43.771309900000006],
     [19.7998598, 43.7717199], [19.7996371, 43.7720533],
     [19.7995649, 43.772144100000006]]}},
  {"type":"Feature",
   "properties":{},
   "geometry":
   {"type":"LineString",
    "coordinates":
    [[19.795736, 43.768720200000004], [19.7957538, 43.768754200000004],
     [19.7963385, 43.769226800000006], [19.797414, 43.7700881],
     [19.7977867, 43.770428900000006],
     [19.797980900000002, 43.770609400000005], [19.7981139, 43.770722],
     [19.798259700000003, 43.7708383],
     [19.798384600000002, 43.7709326],
     [19.798532100000003, 43.771038000000004],
     [19.798663700000002, 43.7711194],
     [19.7988077, 43.771196800000006], [19.7990518, 43.7713065],
     [19.799139200000003, 43.7713571], [19.7992166, 43.7714149],
     [19.7992807, 43.771476400000005], [19.7993419, 43.7715546],
     [19.7994269, 43.771674600000004], [19.7994603, 43.7717503],
     [19.7994829, 43.771833300000004],
     [19.7994917, 43.771910600000005], [19.7995218, 43.7720952],
     [19.799530700000002, 43.772117300000005],
     [19.7995486, 43.772136700000004],
     [19.7995649, 43.772144100000006]]}},
  {"type":"Feature",
   "properties":{},
   "geometry":
   {"type":"LineString",
    "coordinates":
    [[19.7919249, 43.767520100000006],
     [19.792245400000002, 43.7680142],
     [19.7923635, 43.768254400000004],
     [19.793350500000003, 43.7693081],
     [19.7934363, 43.769404900000005],
     [19.7935222, 43.769466900000005],
     [19.7935558, 43.769460300000006], [19.793653900000002, 43.769441],
     [19.794348300000003, 43.7691609],
     [19.7950754, 43.768968400000006],
     [19.7953973, 43.768832800000006], [19.7954727, 43.7688077],
     [19.795736, 43.768720200000004]]}},
  {"type":"Feature",
   "properties":{},
   "geometry":
   {"type":"LineString",
    "coordinates":
    [[19.7906504, 43.7679783],
     [19.790809300000003, 43.767882400000005],
     [19.7909501, 43.767825300000005], [19.7910842, 43.7677837],
     [19.791304200000003, 43.7677217],
     [19.791626100000002, 43.7676202],
     [19.7919249, 43.767520100000006]]}},
  {"type":"Feature",
   "properties":{},
   "geometry":
   {"type":"LineString",
    "coordinates":
    [[19.7906504, 43.7679783], [19.790642300000002, 43.7679691],
     [19.7906276, 43.767965000000004],
     [19.790593400000002, 43.767960200000005],
     [19.7905605, 43.767953600000006],
     [19.790528000000002, 43.767943200000005],
     [19.790499500000003, 43.767928000000005],
     [19.790463300000003, 43.767894500000004], [19.7904291, 43.767865],
     [19.7903889, 43.7678403], [19.7903044, 43.7678103],
     [19.7902306, 43.7677929], [19.7901421, 43.767771100000004],
     [19.7900469, 43.7677527], [19.7899745, 43.767742500000004],
     [19.789922800000003, 43.767744900000004], [19.7898833, 43.767758],
     [19.7898484, 43.7677817], [19.789808800000003, 43.7678214],
     [19.7896298, 43.767689100000005],
     [19.789278300000003, 43.7675521],
     [19.788783300000002, 43.7674018], [19.7884248, 43.7672715],
     [19.7883369, 43.767234800000004],
     [19.7881541, 43.767380100000004],
     [19.7880709, 43.767617300000005],
     [19.788057000000002, 43.767919600000006],
     [19.7877887, 43.768404000000004],
     [19.787582800000003, 43.7685059], [19.787185, 43.768956900000006],
     [19.7870022, 43.7691223], [19.7869615, 43.7692732],
     [19.7866557, 43.7693081], [19.7864143, 43.7692655],
     [19.786189, 43.7692422], [19.785792, 43.7692539],
     [19.785593600000002, 43.769246100000004],
     [19.7853844, 43.7692848],
     [19.785089300000003, 43.769373900000005],
     [19.784939100000003, 43.769494], [19.7843573, 43.7698046]]}},
  {"type":"Feature",
   "properties":{},
   "geometry":
   {"type":"LineString",
    "coordinates":
    [[19.7843573, 43.7698046], [19.7843321, 43.7697981],
     [19.7842969, 43.769798400000006],
     [19.7842673, 43.769806200000005], [19.7839968, 43.7699082],
     [19.7837403, 43.769989300000006], [19.7836463, 43.7700247],
     [19.783444600000003, 43.7701147],
     [19.7830684, 43.770262900000006],
     [19.7828954, 43.770306500000004], [19.7828035, 43.7703563],
     [19.782680300000003, 43.7704358], [19.7825864, 43.7705089],
     [19.782503900000002, 43.7705849],
     [19.782377800000003, 43.7707118], [19.7823101, 43.7707891],
     [19.782265900000002, 43.7708523],
     [19.782225200000003, 43.7709264], [19.7821819, 43.7710352],
     [19.782153100000002, 43.7710967], [19.7821216, 43.7711417],
     [19.7820706, 43.771188200000005],
     [19.7819265, 43.771278800000005],
     [19.7818867, 43.771306200000005]]}},
  {"type":"Feature",
   "properties":{},
   "geometry":
   {"type":"LineString",
    "coordinates":
    [[19.7818867, 43.771306200000005], [19.781836000000002, 43.771334],
     [19.7817843, 43.7713553], [19.7817294, 43.7713747],
     [19.7816952, 43.7713848], [19.7816636, 43.771387700000005],
     [19.7816301, 43.7713819], [19.781608000000002, 43.7713747],
     [19.7815704, 43.7713538], [19.781516800000002, 43.7713258],
     [19.7814678, 43.7712972],
     [19.781406800000003, 43.771240500000005], [19.781331, 43.7711776],
     [19.781245900000002, 43.7711296],
     [19.7811723, 43.771098300000006],
     [19.781080900000003, 43.7710798], [19.7809911, 43.7710744],
     [19.7808818, 43.7710711], [19.780777800000003, 43.7710783],
     [19.780679900000003, 43.771088500000005],
     [19.7805955, 43.7711059], [19.7805405, 43.7711277],
     [19.780462, 43.7711665], [19.780382200000002, 43.7712231],
     [19.7803131, 43.7712773], [19.7802568, 43.7713291],
     [19.7802052, 43.7713848], [19.780160900000002, 43.7714173],
     [19.780122000000002, 43.771428400000005],
     [19.780078500000002, 43.771430300000006],
     [19.779977300000002, 43.7714231], [19.7796957, 43.7714166],
     [19.7796349, 43.771431], [19.779537400000002, 43.7714541],
     [19.7794087, 43.771554900000005],
     [19.779355000000002, 43.7717059],
     [19.779322800000003, 43.7719035],
     [19.779285100000003, 43.771988300000004]]}},
  {"type":"Feature",
   "properties":{},
   "geometry":
   {"type":"LineString",
    "coordinates":
    [[19.773572100000003, 43.768874100000005],
     [19.7737303, 43.7689618], [19.7738504, 43.769041200000004],
     [19.7740073, 43.769152600000005],
     [19.774146100000003, 43.769266900000005],
     [19.774532200000003, 43.769618], [19.7749278, 43.769904600000004],
     [19.7753744, 43.7700751], [19.7756855, 43.7700983],
     [19.775835700000002, 43.770113800000004],
     [19.776093200000002, 43.7701952],
     [19.7763561, 43.770206800000004],
     [19.776484800000002, 43.770206800000004],
     [19.776859, 43.770323000000005],
     [19.777192900000003, 43.770447000000004],
     [19.7777455, 43.770822700000004], [19.7783346, 43.7712182],
     [19.778587400000003, 43.771389600000006],
     [19.7787663, 43.7715248],
     [19.779285100000003, 43.771988300000004]]}},
  {"type":"Feature",
   "properties":{},
   "geometry":
   {"type":"LineString",
    "coordinates":
    [[19.773572100000003, 43.768874100000005],
     [19.7735302, 43.7689255], [19.7735218, 43.7689521],
     [19.7735251, 43.7689729],
     [19.773531900000002, 43.768995700000005],
     [19.7735372, 43.769021800000004],
     [19.773536500000002, 43.7690494],
     [19.773529200000002, 43.7690683], [19.773501, 43.7690964],
     [19.773464800000003, 43.7691201],
     [19.773369600000002, 43.7691773], [19.7732975, 43.7692313],
     [19.773242800000002, 43.7692983],
     [19.7731909, 43.769355000000004],
     [19.773122800000003, 43.769404900000005],
     [19.773014200000002, 43.769466800000004],
     [19.772939100000002, 43.7695148],
     [19.7728673, 43.769566100000006],
     [19.772802300000002, 43.769597100000006],
     [19.7727225, 43.769631000000004], [19.772634, 43.7696765],
     [19.7725461, 43.7697094],
     [19.772457600000003, 43.769739900000005],
     [19.7724067, 43.7697632], [19.772345, 43.7697942],
     [19.772314100000003, 43.769829], [19.7723061, 43.769863900000004],
     [19.772316800000002, 43.7699036],
     [19.7723316, 43.769949100000005], [19.772341, 43.7699927],
     [19.7723289, 43.7700314], [19.7723021, 43.7700702],
     [19.772259100000003, 43.7701196]]}},
  {"type":"Feature",
   "properties":{},
   "geometry":
   {"type":"LineString",
    "coordinates":
    [[19.772259100000003, 43.7701196],
     [19.772068400000002, 43.7702212], [19.7718962, 43.7703026]]}},
  {"type":"Feature",
   "properties":{},
   "geometry":
   {"type":"LineString",
    "coordinates":
    [[19.755250500000002, 43.7735665], [19.7555379, 43.7736444],
     [19.7559027, 43.773648], [19.7561925, 43.773557800000006],
     [19.756382300000002, 43.7734857],
     [19.757116800000002, 43.7734857], [19.7580461, 43.7733269],
     [19.7585458, 43.7732584], [19.7590304, 43.7731502],
     [19.759160400000003, 43.7730636],
     [19.7595601, 43.773078000000005],
     [19.759839900000003, 43.7729626],
     [19.7602496, 43.773236700000005], [19.7607043, 43.7734388],
     [19.761194800000002, 43.773588800000006],
     [19.7613588, 43.773619200000006],
     [19.761630200000003, 43.7735931], [19.7617616, 43.7734777],
     [19.762061600000003, 43.7729993], [19.7622342, 43.7728283],
     [19.762591500000003, 43.7726969],
     [19.763117700000002, 43.7723415],
     [19.763893200000002, 43.7722343], [19.7644966, 43.7722229],
     [19.7647164, 43.7721832], [19.7647614, 43.7720209],
     [19.764826300000003, 43.771937900000005],
     [19.765426400000003, 43.7716312], [19.765728600000003, 43.771113],
     [19.7660716, 43.770665300000005], [19.7664966, 43.7704971],
     [19.7667669, 43.770654400000005], [19.7672877, 43.7707745],
     [19.7678234, 43.7706693], [19.7685079, 43.770776600000005],
     [19.768958, 43.7707494], [19.769279, 43.770558400000006],
     [19.7695151, 43.7700675], [19.769987200000003, 43.7698084],
     [19.7704908, 43.7697743], [19.7712116, 43.769892500000005],
     [19.7718962, 43.7703026]]}},
  {"type":"Feature",
   "properties":{},
   "geometry":
   {"type":"LineString",
    "coordinates":
    [[19.755489, 43.772972200000005],
     [19.755425300000002, 43.773106500000004],
     [19.7553369, 43.7732587], [19.7553096, 43.773326100000006],
     [19.7552856, 43.7734855], [19.7552749, 43.7735293],
     [19.755250500000002, 43.7735665]]}},
  {"type":"Feature",
   "properties":{},
   "geometry":
   {"type":"LineString",
    "coordinates":
    [[19.7551318, 43.7728502], [19.755489, 43.772972200000005]]}},
  {"type":"Feature",
   "properties":{},
   "geometry":
   {"type":"LineString",
    "coordinates":
    [[19.7491895, 43.769708300000005], [19.749329, 43.769778],
     [19.7497809, 43.7699706],
     [19.749957900000002, 43.769997700000005],
     [19.7501779, 43.769997700000005], [19.7505802, 43.7700984],
     [19.7507516, 43.770141], [19.751043600000003, 43.770310800000004],
     [19.7513426, 43.7706676], [19.751575600000002, 43.770954],
     [19.7515158, 43.7712359], [19.751478000000002, 43.7716063],
     [19.751563, 43.772088200000006], [19.7517298, 43.7722836],
     [19.7519816, 43.7724927], [19.752428600000002, 43.7726996],
     [19.7526331, 43.772745], [19.752743300000002, 43.7726928],
     [19.753473500000002, 43.772533700000004],
     [19.753917400000002, 43.772374600000006],
     [19.7539835, 43.7723859], [19.7540684, 43.7724996],
     [19.7543297, 43.772635900000004], [19.7547137, 43.7727609],
     [19.7551318, 43.7728502]]}},
  {"type":"Feature",
   "properties":{},
   "geometry":
   {"type":"LineString",
    "coordinates":
    [[19.7491895, 43.769708300000005],
     [19.749094300000003, 43.7695948], [19.7490285, 43.7695463],
     [19.7488958, 43.7695464]]}},
  {"type":"Feature",
   "properties":{},
   "geometry":
   {"type":"LineString",
    "coordinates":
    [[19.7488958, 43.7695464], [19.7487013, 43.7694331],
     [19.7485433, 43.7690636], [19.7484515, 43.7689175],
     [19.7484158, 43.768645], [19.7484158, 43.7685186],
     [19.7485858, 43.768227700000004], [19.7486639, 43.7681307],
     [19.748677500000003, 43.7680055],
     [19.748509300000002, 43.767529200000006],
     [19.748256, 43.767249400000004], [19.7479772, 43.7670444],
     [19.747883700000003, 43.7668946],
     [19.747888800000002, 43.7667154], [19.747792, 43.766557000000006],
     [19.7475336, 43.7664453], [19.7471868, 43.7663226],
     [19.746891100000003, 43.765953100000004], [19.7465426, 43.765656],
     [19.7463675, 43.765316000000006],
     [19.745706300000002, 43.7644886], [19.7449601, 43.7636637],
     [19.7449108, 43.763509000000006],
     [19.744713700000002, 43.7630867],
     [19.744688200000002, 43.7628879], [19.743773700000002, 43.761923],
     [19.743095500000003, 43.761557100000005],
     [19.742420600000003, 43.7612502],
     [19.742026300000003, 43.760971600000005], [19.741547, 43.7606659],
     [19.740737900000003, 43.7601932],
     [19.740484600000002, 43.7599735],
     [19.7401412, 43.759694800000005],
     [19.739927100000003, 43.7594468], [19.7396432, 43.7592086],
     [19.7393632, 43.7589689]]}},
  {"type":"Feature",
   "properties":{},
   "geometry":
   {"type":"LineString",
    "coordinates":
    [[19.7393632, 43.7589689], [19.73939, 43.758941300000004],
     [19.739420900000002, 43.7589229], [19.7394839, 43.7588996],
     [19.7395327, 43.7588783], [19.7395737, 43.758849700000006],
     [19.7395974, 43.758825300000005], [19.7396153, 43.7587984],
     [19.7396244, 43.7587653],
     [19.739626700000002, 43.758731600000004],
     [19.7396204, 43.758691600000006],
     [19.7396046, 43.758653100000004], [19.739551600000002, 43.75858],
     [19.739453400000002, 43.7584729], [19.7393645, 43.7583616],
     [19.7393044, 43.7582759], [19.7392498, 43.7581883],
     [19.7392009, 43.7580991],
     [19.739137500000002, 43.757997200000005],
     [19.739068200000002, 43.757897400000004], [19.738993, 43.7577998],
     [19.7389158, 43.7577086], [19.738833500000002, 43.7576197],
     [19.738746300000003, 43.7575334],
     [19.738582700000002, 43.7573881],
     [19.738394900000003, 43.7571905],
     [19.7381683, 43.756955100000006],
     [19.737875900000002, 43.7567042], [19.737703, 43.756553600000004],
     [19.737536600000002, 43.7563991], [19.737405600000002, 43.75627],
     [19.737279100000002, 43.756138500000006],
     [19.737164800000002, 43.7560287], [19.7370565, 43.7559157],
     [19.7369519, 43.755796600000004], [19.736854, 43.755674500000005],
     [19.7367977, 43.7556024], [19.736733700000002, 43.7555338],
     [19.7366622, 43.7554692], [19.7365934, 43.7554157],
     [19.7365195, 43.7553659], [19.7364409, 43.755320000000005]]}},
  {"type":"Feature",
   "properties":{},
   "geometry":
   {"type":"LineString",
    "coordinates":
    [[19.7364409, 43.755320000000005],
     [19.736191100000003, 43.755351100000006],
     [19.7356892, 43.755310200000004],
     [19.735190000000003, 43.7551835], [19.7348231, 43.7550724],
     [19.734655800000002, 43.7550042], [19.7344885, 43.7549633],
     [19.734259100000003, 43.7549633],
     [19.734086400000002, 43.7550061],
     [19.7338868, 43.755206900000005], [19.7336898, 43.7552478],
     [19.7330584, 43.7552595], [19.7329505, 43.7552244],
     [19.732899200000002, 43.755125], [19.7329586, 43.7550237],
     [19.732726500000002, 43.754733300000005],
     [19.7323542, 43.754335700000006], [19.7313639, 43.7535152],
     [19.7307017, 43.7527771]]}},
  {"type":"Feature",
   "properties":{},
   "geometry":
   {"type":"LineString",
    "coordinates":
    [[19.7307017, 43.7527771], [19.7306822, 43.7527786],
     [19.730667500000003, 43.7527738],
     [19.7306266, 43.752752900000004],
     [19.730547400000003, 43.752700100000006],
     [19.7304207, 43.752628900000005],
     [19.7301511, 43.752500100000006], [19.7300791, 43.7524667],
     [19.7300115, 43.752428800000004],
     [19.7299486, 43.752386800000004],
     [19.729877600000002, 43.7523288], [19.7298483, 43.7522965],
     [19.729815900000002, 43.7522657],
     [19.729767000000002, 43.7522262],
     [19.729713200000003, 43.7521903], [19.7296549, 43.7521581]]}},
  {"type":"Feature",
   "properties":{},
   "geometry":
   {"type":"LineString",
    "coordinates":
    [[19.7296549, 43.7521581],
     [19.729390000000002, 43.751938800000005],
     [19.7284532, 43.751400100000005], [19.727871, 43.7510029],
     [19.727649, 43.7509127], [19.7273946, 43.7508859],
     [19.7271864, 43.750882600000004],
     [19.7269881, 43.750937500000006]]}},
  {"type":"Feature",
   "properties":{},
   "geometry":
   {"type":"LineString",
    "coordinates":
    [[19.7269881, 43.750937500000006],
     [19.7269367, 43.750955700000006],
     [19.726882200000002, 43.750968500000006],
     [19.7268165, 43.7509821], [19.7267487, 43.750999500000006],
     [19.726683700000002, 43.7510247], [19.72663, 43.7510509],
     [19.726526800000002, 43.751106500000006],
     [19.726449000000002, 43.7511637],
     [19.7263364, 43.751238300000004],
     [19.7262123, 43.751309500000005], [19.7260977, 43.7513889],
     [19.7259864, 43.7514805], [19.725945600000003, 43.7515201],
     [19.725907900000003, 43.7515614], [19.7258576, 43.7516258],
     [19.7258342, 43.7516606], [19.7258208, 43.7516678],
     [19.7258047, 43.7516708], [19.7257934, 43.751670100000005],
     [19.725783500000002, 43.751668], [19.7257736, 43.7516644],
     [19.725768600000002, 43.751660400000006],
     [19.725764100000003, 43.751651300000006],
     [19.725763800000003, 43.751635], [19.725764100000003, 43.7516169],
     [19.7257691, 43.7515991], [19.725802, 43.7515371],
     [19.7258543, 43.7514562], [19.7260098, 43.7512799],
     [19.7260631, 43.7512084], [19.7261238, 43.751139900000005],
     [19.726193600000002, 43.751099800000006],
     [19.726292100000002, 43.7510204],
     [19.7263111, 43.751003600000004], [19.7263236, 43.750984],
     [19.726329, 43.7509627], [19.7263285, 43.750949000000006],
     [19.726325000000003, 43.750935600000005],
     [19.726308900000003, 43.7509157], [19.7262868, 43.7509041],
     [19.726249900000003, 43.750900200000004],
     [19.7262083, 43.7509012],
     [19.726119800000003, 43.750909400000005],
     [19.7260071, 43.7509061],
     [19.725917900000002, 43.750897300000005],
     [19.7258013, 43.750892]]}},
  {"type":"Feature",
   "properties":{},
   "geometry":
   {"type":"LineString",
    "coordinates":
    [[19.7258013, 43.750892], [19.725689300000003, 43.7508842],
     [19.7255499, 43.7508659], [19.725372800000002, 43.7508378]]}},
  {"type":"Feature",
   "properties":{},
   "geometry":
   {"type":"LineString",
    "coordinates":
    [[19.725372800000002, 43.7508378], [19.7252629, 43.7508107],
     [19.7251596, 43.7507825], [19.7250511, 43.7507518],
     [19.724971800000002, 43.750711800000005],
     [19.724906100000002, 43.750661400000006],
     [19.724844400000002, 43.7506149], [19.724795, 43.750559],
     [19.7247522, 43.750484400000005], [19.7247178, 43.7504658],
     [19.724673300000003, 43.750448500000005],
     [19.7246087, 43.750433900000004],
     [19.724551400000003, 43.750429600000004],
     [19.724466800000002, 43.7504374],
     [19.724407900000003, 43.7504536], [19.724300600000003, 43.750489],
     [19.7241618, 43.7505302], [19.7239901, 43.750571300000004],
     [19.7238936, 43.750590200000005], [19.7237997, 43.7506028],
     [19.7236957, 43.7506057],
     [19.723505300000003, 43.750597500000005],
     [19.7232773, 43.750587800000005], [19.7230433, 43.750582],
     [19.7227925, 43.750587800000005],
     [19.722708700000002, 43.750597500000005],
     [19.7225545, 43.7506222], [19.722416300000003, 43.7506348],
     [19.722148800000003, 43.7506677], [19.722071, 43.750687600000006],
     [19.7219945, 43.750713700000006], [19.7218987, 43.7507571],
     [19.7218279, 43.750798800000005]]}},
  {"type":"Feature",
   "properties":{},
   "geometry":
   {"type":"LineString",
    "coordinates":
    [[19.7218279, 43.750798800000005],
     [19.721635600000003, 43.7509444]]}},
  {"type":"Feature",
   "properties":{},
   "geometry":
   {"type":"LineString",
    "coordinates":
    [[19.721635600000003, 43.7509444], [19.7213147, 43.7511929],
     [19.721121200000002, 43.7512771]]}},
  {"type":"Feature",
   "properties":{},
   "geometry":
   {"type":"LineString",
    "coordinates":
    [[19.721121200000002, 43.7512771],
     [19.721020300000003, 43.7512843],
     [19.720959500000003, 43.7512886],
     [19.720680100000003, 43.7512599],
     [19.7204233, 43.751264000000006],
     [19.7200808, 43.751273700000006],
     [19.719713300000002, 43.7512698], [19.7196409, 43.7512679],
     [19.719556400000002, 43.7512582],
     [19.7193043, 43.751211700000006],
     [19.718792800000003, 43.751094900000005],
     [19.7187179, 43.751077800000004],
     [19.7186726, 43.751069300000005], [19.718627, 43.751061500000006],
     [19.7185922, 43.751061500000006], [19.7185586, 43.7510654],
     [19.718507600000002, 43.7510801]]}},
  {"type":"Feature",
   "properties":{},
   "geometry":
   {"type":"LineString",
    "coordinates":
    [[19.718507600000002, 43.7510801],
     [19.7184782, 43.751040200000006], [19.7183953, 43.7509567]]}},
  {"type":"Feature",
   "properties":{},
   "geometry":
   {"type":"LineString",
    "coordinates":
    [[19.7164882, 43.750536200000006], [19.7165915, 43.7505715],
     [19.7167377, 43.7505923], [19.7173054, 43.750630900000004],
     [19.7175555, 43.7506527], [19.7177882, 43.7506793],
     [19.717874700000003, 43.7506944], [19.7179773, 43.7507181],
     [19.7180779, 43.750754400000005],
     [19.718165000000003, 43.7507941],
     [19.7182086, 43.750816900000004], [19.7183005, 43.7508755],
     [19.7183548, 43.750919100000004], [19.7183953, 43.7509567]]}},
  {"type":"Feature",
   "properties":{},
   "geometry":
   {"type":"LineString",
    "coordinates":
    [[19.7164882, 43.750536200000006], [19.7163568, 43.7505608],
     [19.7159766, 43.7505508], [19.7157135, 43.750551900000005],
     [19.7153922, 43.750573],
     [19.715047600000002, 43.750595700000005]]}},
  {"type":"Feature",
   "properties":{},
   "geometry":
   {"type":"LineString",
    "coordinates":
    [[19.7137911, 43.7506901], [19.7139926, 43.750675],
     [19.715047600000002, 43.750595700000005]]}},
  {"type":"Feature",
   "properties":{},
   "geometry":
   {"type":"LineString",
    "coordinates":
    [[19.714056300000003, 43.752495700000004],
     [19.7140586, 43.7524254], [19.7140555, 43.7522941],
     [19.714024000000002, 43.7521968], [19.7138852, 43.7519167],
     [19.713829500000003, 43.751792300000005],
     [19.7138123, 43.751712600000005], [19.713798, 43.7515634],
     [19.7138178, 43.7514223], [19.7138299, 43.7513596],
     [19.7138488, 43.751105700000004], [19.7137911, 43.7506901]]}},
  {"type":"Feature",
   "properties":{},
   "geometry":
   {"type":"LineString",
    "coordinates":
    [[19.7139095, 43.7527406], [19.713961700000002, 43.7526498],
     [19.714004300000003, 43.7525873],
     [19.714056300000003, 43.752495700000004]]}},
  {"type":"Feature",
   "properties":{},
   "geometry":
   {"type":"LineString",
    "coordinates":
    [[19.713952600000002, 43.7534141],
     [19.7138655, 43.753403500000005],
     [19.7138329, 43.753393700000004],
     [19.7138013, 43.753377400000005],
     [19.7137695, 43.753353100000005], [19.7137412, 43.7533266],
     [19.7137117, 43.7532962], [19.713692100000003, 43.7532561],
     [19.7136789, 43.7532221], [19.7136752, 43.7531862],
     [19.713681400000002, 43.7531503],
     [19.713704500000002, 43.7530954],
     [19.7137184, 43.753066600000004], [19.713735, 43.753034],
     [19.7138499, 43.752843000000006], [19.7139095, 43.7527406]]}},
  {"type":"Feature",
   "properties":{},
   "geometry":
   {"type":"LineString",
    "coordinates":
    [[19.714487600000002, 43.7541323],
     [19.7146526, 43.753941100000006], [19.7146662, 43.7538853],
     [19.714643900000002, 43.753833900000004],
     [19.714461500000002, 43.753706], [19.7141978, 43.7535321],
     [19.713952600000002, 43.7534141]]}},
  {"type":"Feature",
   "properties":{},
   "geometry":
   {"type":"LineString",
    "coordinates":
    [[19.714487600000002, 43.7541323], [19.714503, 43.7542563],
     [19.7144599, 43.7543743], [19.714334100000002, 43.754514],
     [19.7140637, 43.7546252],
     [19.713917300000002, 43.754652300000004],
     [19.7137633, 43.7546903], [19.7135925, 43.7547757],
     [19.7135399, 43.754819100000006]]}},
  {"type":"Feature",
   "properties":{},
   "geometry":
   {"type":"LineString",
    "coordinates":
    [[19.7135399, 43.754819100000006],
     [19.7134892, 43.754918100000005],
     [19.713290200000003, 43.755059100000004], [19.713125, 43.7550876],
     [19.712593700000003, 43.7550632],
     [19.711987500000003, 43.755062800000005],
     [19.711632700000003, 43.7551039], [19.7109187, 43.755009],
     [19.7107698, 43.754963100000005], [19.7106077, 43.7549014],
     [19.7105289, 43.754884000000004],
     [19.7104894, 43.754879300000006], [19.7104128, 43.7549062],
     [19.7103186, 43.755165600000005], [19.710336100000003, 43.755327],
     [19.7106734, 43.7557193], [19.7110673, 43.7561181],
     [19.711794700000002, 43.7566858],
     [19.711945800000002, 43.756893000000005],
     [19.712055300000003, 43.757190400000006]]}},
  {"type":"Feature",
   "properties":{},
   "geometry":
   {"type":"LineString",
    "coordinates":
    [[19.712055300000003, 43.757190400000006],
     [19.712005, 43.757298000000006],
     [19.711926100000003, 43.757408700000006],
     [19.7117794, 43.757513100000004],
     [19.7113808, 43.757687100000005],
     [19.711109200000003, 43.7577804],
     [19.710213500000002, 43.757944900000005],
     [19.7098324, 43.758092000000005],
     [19.709514900000002, 43.7583356], [19.709298, 43.758615600000006],
     [19.7091469, 43.758739000000006],
     [19.709122800000003, 43.7591076], [19.7090922, 43.7593638],
     [19.7090111, 43.760032900000006], [19.7088819, 43.7605391],
     [19.7088775, 43.760863300000004],
     [19.7090615, 43.761200200000005],
     [19.709206100000003, 43.7616036], [19.709228, 43.7619278],
     [19.709136, 43.762092300000006], [19.7090418, 43.762152400000005],
     [19.709009000000002, 43.762203], [19.7090944, 43.7623454],
     [19.709225800000002, 43.7625447], [19.7092192, 43.7626111],
     [19.7092345, 43.7627867], [19.709368100000002, 43.7629749],
     [19.7097623, 43.7632659], [19.7098806, 43.7634399],
     [19.7100295, 43.763890700000005],
     [19.710097400000002, 43.7641137], [19.7101215, 43.7645123],
     [19.7096725, 43.7650991], [19.709602500000003, 43.7652841],
     [19.709615600000003, 43.7655815], [19.7100602, 43.7661856],
     [19.7103602, 43.7664751], [19.7107742, 43.766774000000005],
     [19.7114553, 43.7670856], [19.711976500000002, 43.7673956],
     [19.712460500000002, 43.767694500000005],
     [19.7130847, 43.767968100000004], [19.7138928, 43.7681832],
     [19.714736000000002, 43.768467900000005],
     [19.715090800000002, 43.768641800000005],
     [19.715434600000002, 43.768962900000005],
     [19.715833200000002, 43.7690926],
     [19.716093800000003, 43.7692222],
     [19.7167071, 43.769457900000006], [19.7176838, 43.7698659],
     [19.7180277, 43.7700351], [19.7186606, 43.7704978],
     [19.7192805, 43.771061800000005]]}},
  {"type":"Feature",
   "properties":{},
   "geometry":
   {"type":"LineString",
    "coordinates":
    [[19.7192805, 43.771061800000005],
     [19.718976400000003, 43.771284300000005],
     [19.7185211, 43.771435000000004], [19.7183512, 43.7716605],
     [19.7181593, 43.7718222], [19.7178623, 43.771863800000006],
     [19.7175219, 43.7719831], [19.7171831, 43.772175700000005],
     [19.7166164, 43.772403000000004],
     [19.716556200000003, 43.7724314]]}},
  {"type":"Feature",
   "properties":{},
   "geometry":
   {"type":"LineString",
    "coordinates":
    [[19.716556200000003, 43.7724314],
     [19.716354900000002, 43.772529600000006]]}},
  {"type":"Feature",
   "properties":{},
   "geometry":
   {"type":"LineString",
    "coordinates":
    [[19.716354900000002, 43.772529600000006],
     [19.716258800000002, 43.7725961], [19.7161847, 43.7726783],
     [19.716088900000003, 43.7727227],
     [19.715875500000003, 43.772754400000004], [19.7154443, 43.772897],
     [19.714976200000002, 43.773128500000006], [19.714751, 43.773291],
     [19.714585800000002, 43.773380700000004]]}},
  {"type":"Feature",
   "properties":{},
   "geometry":
   {"type":"LineString",
    "coordinates":
    [[19.714585800000002, 43.773380700000004],
     [19.7144488, 43.773486500000004], [19.7138405, 43.7743182],
     [19.713503900000003, 43.7748277],
     [19.7132788, 43.775235900000006], [19.7131587, 43.7753724],
     [19.712900700000002, 43.7753189],
     [19.712844500000003, 43.7753595], [19.7128164, 43.7754296]]}},
  {"type":"Feature",
   "properties":{},
   "geometry":
   {"type":"LineString",
    "coordinates":
    [[19.7128164, 43.7754296], [19.712780600000002, 43.7755255]]}},
  {"type":"Feature",
   "properties":{},
   "geometry":
   {"type":"LineString",
    "coordinates":
    [[19.712780600000002, 43.7755255],
     [19.712700700000003, 43.7759298],
     [19.7125843, 43.776276800000005],
     [19.712387200000002, 43.7766022], [19.7118371, 43.7773435],
     [19.711520800000002, 43.777888100000006], [19.7114762, 43.778137],
     [19.7114519, 43.7782307], [19.7114073, 43.7782952],
     [19.7101744, 43.779355100000004],
     [19.709728300000002, 43.7797153],
     [19.710089200000002, 43.7800286], [19.7107706, 43.7807401],
     [19.7109814, 43.7810183], [19.7109084, 43.781112],
     [19.7107746, 43.7812349], [19.7107503, 43.781319800000006],
     [19.7109774, 43.7815658], [19.711241, 43.7818059],
     [19.7108071, 43.782046], [19.710365, 43.7823329],
     [19.7097689, 43.7828804],
     [19.709764800000002, 43.783193700000005],
     [19.7097486, 43.783290400000006],
     [19.709667500000002, 43.7833284],
     [19.7093187, 43.783319600000006],
     [19.7092412, 43.783324900000004]]}},
  {"type":"Feature",
   "properties":{},
   "geometry":
   {"type":"LineString",
    "coordinates":
    [[19.707959900000002, 43.7848042], [19.7079974, 43.7847577],
     [19.7080685, 43.784703500000006],
     [19.708162400000003, 43.7846434],
     [19.708256300000002, 43.7845534], [19.7083729, 43.7844392],
     [19.708559400000002, 43.7842852], [19.7087444, 43.7841371],
     [19.7089335, 43.783982200000004], [19.7089977, 43.7839175],
     [19.7090216, 43.7838379], [19.709043100000002, 43.7837447],
     [19.7090618, 43.7836463], [19.709063, 43.7835144],
     [19.709144000000002, 43.7833904],
     [19.7092412, 43.783324900000004]]}},
  {"type":"Feature",
   "properties":{},
   "geometry":
   {"type":"LineString",
    "coordinates":
    [[19.705997200000002, 43.7877135], [19.7062245, 43.787517],
     [19.7064753, 43.7872982],
     [19.706884300000002, 43.786962200000005],
     [19.7072048, 43.7866921], [19.7074369, 43.786499500000005],
     [19.707615200000003, 43.7863697],
     [19.7077426, 43.786247700000004],
     [19.707816400000002, 43.7861635],
     [19.707864700000002, 43.786076400000006],
     [19.707913, 43.785940800000006],
     [19.707989400000002, 43.785689100000006],
     [19.708032300000003, 43.785485800000004],
     [19.7080564, 43.7852728], [19.708057800000002, 43.785144],
     [19.708044400000002, 43.785067500000004],
     [19.7080229, 43.785015200000004],
     [19.707986700000003, 43.7849562],
     [19.707950500000003, 43.7848836], [19.7079492, 43.7848419],
     [19.707959900000002, 43.7848042]]}},
  {"type":"Feature",
   "properties":{},
   "geometry":
   {"type":"LineString",
    "coordinates":
    [[19.705411700000003, 43.7898098], [19.7054909, 43.7896518],
     [19.7055116, 43.7896054], [19.7055255, 43.789557800000004],
     [19.7055325, 43.7895094], [19.7055325, 43.7894603],
     [19.7055253, 43.789411300000005], [19.705511, 43.789363300000005],
     [19.7054265, 43.789111500000004], [19.7054054, 43.7890351],
     [19.7053902, 43.7889579], [19.7053809, 43.7888802],
     [19.705377600000002, 43.788802000000004],
     [19.7053803, 43.7887238], [19.705389, 43.788645900000006],
     [19.705414700000002, 43.7885432], [19.705448, 43.788441600000006],
     [19.705484000000002, 43.7883523], [19.7055258, 43.7882644],
     [19.7055829, 43.7881713], [19.7056465, 43.7880805],
     [19.705725700000002, 43.787981], [19.7058128, 43.7878849],
     [19.705997200000002, 43.7877135]]}},
  {"type":"Feature",
   "properties":{},
   "geometry":
   {"type":"LineString",
    "coordinates":
    [[19.704453, 43.7896042], [19.7050516, 43.789734900000006],
     [19.705208000000002, 43.7897674],
     [19.705411700000003, 43.7898098]]}},
  {"type":"Feature",
   "properties":{},
   "geometry":
   {"type":"LineString",
    "coordinates":
    [[19.704453, 43.7896042], [19.7042128, 43.789593700000005],
     [19.703947300000003, 43.789560800000004],
     [19.7035664, 43.7895182], [19.7033384, 43.789511000000005]]}},
  {"type":"Feature",
   "properties":{},
   "geometry":
   {"type":"LineString",
    "coordinates":
    [[19.7033384, 43.789511000000005],
     [19.703284800000002, 43.7896634],
     [19.703317000000002, 43.7897602],
     [19.703373300000003, 43.7898609],
     [19.703987100000003, 43.7908257]]}},
  {"type":"Feature",
   "properties":{},
   "geometry":
   {"type":"LineString",
    "coordinates":
    [[19.703987100000003, 43.7908257],
     [19.7040787, 43.790968400000004]]}},
  {"type":"Feature",
   "properties":{},
   "geometry":
   {"type":"LineString",
    "coordinates":
    [[19.7040787, 43.790968400000004],
     [19.704196500000002, 43.7911408]]}},
  {"type":"Feature",
   "properties":{},
   "geometry":
   {"type":"LineString",
    "coordinates":
    [[19.704196500000002, 43.7911408], [19.7041331, 43.7911921],
     [19.703669700000003, 43.791215300000005],
     [19.703366600000003, 43.791259800000006],
     [19.7029509, 43.791364300000005],
     [19.702708100000002, 43.7914079], [19.7025566, 43.7914234],
     [19.702401000000002, 43.7914253], [19.7020954, 43.7914144],
     [19.7016335, 43.791398], [19.7015001, 43.791380800000006],
     [19.701009300000003, 43.791273800000006],
     [19.700885600000003, 43.791228800000006],
     [19.700676400000003, 43.791120400000004],
     [19.7005999, 43.791105900000005],
     [19.700507400000003, 43.791107800000006],
     [19.700304900000003, 43.791122300000005],
     [19.7001949, 43.7911136], [19.699698700000003, 43.7909742],
     [19.6996021, 43.790955800000006], [19.6994948, 43.7909548]]}},
  {"type":"Feature",
   "properties":{},
   "geometry":
   {"type":"LineString",
    "coordinates":
    [[19.6994948, 43.7909548], [19.6993192, 43.7909577],
     [19.6992099, 43.7909573], [19.698951, 43.7909461],
     [19.6988625, 43.7909511], [19.698786000000002, 43.7909712],
     [19.6987317, 43.7909969], [19.698461400000003, 43.791173],
     [19.698384100000002, 43.7912053],
     [19.6983152, 43.791222000000005], [19.6982302, 43.7912298],
     [19.6978379, 43.7912322], [19.6977379, 43.7912381],
     [19.6976429, 43.7912532], [19.697565700000002, 43.7912729],
     [19.6970138, 43.7914486], [19.696653700000002, 43.7915957],
     [19.6965653, 43.7916201], [19.6964954, 43.7916314],
     [19.6964264, 43.7916363], [19.6962487, 43.7916345],
     [19.696168800000002, 43.79164],
     [19.696103400000002, 43.791653800000006],
     [19.696043900000003, 43.7916747],
     [19.695977000000003, 43.791710900000005], [19.695929, 43.7917507],
     [19.6958986, 43.791795400000005], [19.6958933, 43.7918377],
     [19.6959, 43.7918828], [19.695916800000003, 43.791922],
     [19.6959476, 43.7919476], [19.696001900000002, 43.7919646],
     [19.6960583, 43.791971800000006], [19.696311, 43.7919804],
     [19.6964584, 43.7919919],
     [19.696621200000003, 43.792011200000005],
     [19.6967697, 43.792034900000004], [19.6971989, 43.792102],
     [19.697339, 43.7921248], [19.697553900000003, 43.792181400000004],
     [19.697611000000002, 43.7922086], [19.697641, 43.792244800000006],
     [19.6976431, 43.792284900000006],
     [19.697625600000002, 43.7923148],
     [19.6975878, 43.792340200000005], [19.6975167, 43.7923586],
     [19.6972887, 43.7923905]]}},
  {"type":"Feature",
   "properties":{},
   "geometry":
   {"type":"LineString",
    "coordinates":
    [[19.695854500000003, 43.793352600000006],
     [19.6958169, 43.793319700000005],
     [19.695815500000002, 43.7932791], [19.695857, 43.7932422],
     [19.6960227, 43.793159200000005], [19.6963271, 43.7929704],
     [19.69648, 43.792891000000004], [19.6965913, 43.7928252],
     [19.6966758, 43.792745800000006],
     [19.6967563, 43.792653800000004], [19.6968073, 43.792589],
     [19.6968663, 43.7925212], [19.6969226, 43.7924912],
     [19.6970674, 43.7924467], [19.6972887, 43.7923905]]}},
  {"type":"Feature",
   "properties":{},
   "geometry":
   {"type":"LineString",
    "coordinates":
    [[19.695854500000003, 43.793352600000006],
     [19.6957279, 43.793547800000006], [19.6955163, 43.7937245],
     [19.6949219, 43.7938841], [19.6947341, 43.7939682],
     [19.6946295, 43.794100400000005],
     [19.694532000000002, 43.794340600000005],
     [19.694334700000002, 43.7944848],
     [19.6941992, 43.794642700000004],
     [19.694111200000002, 43.7948211],
     [19.694025, 43.795238700000006]]}},
  {"type":"Feature",
   "properties":{},
   "geometry":
   {"type":"LineString",
    "coordinates":
    [[19.6923874, 43.796244900000005], [19.6924573, 43.7962404],
     [19.692518500000002, 43.7962317], [19.6925707, 43.7962189],
     [19.6926275, 43.796198600000004], [19.6926767, 43.7961742],
     [19.6927306, 43.796137900000005],
     [19.692763900000003, 43.7961079],
     [19.693111400000003, 43.7957303], [19.6932508, 43.7956079],
     [19.693310800000003, 43.795559700000005],
     [19.693377100000003, 43.795514600000004],
     [19.693556700000002, 43.7954081], [19.6936839, 43.795357],
     [19.6937985, 43.795315200000005],
     [19.694025, 43.795238700000006]]}},
  {"type":"Feature",
   "properties":{},
   "geometry":
   {"type":"LineString",
    "coordinates":
    [[19.6923874, 43.796244900000005],
     [19.692103300000003, 43.796178000000005],
     [19.6914707, 43.796016200000004], [19.6909089, 43.7960093],
     [19.6905524, 43.796055700000004],
     [19.6902094, 43.796141000000006],
     [19.6897919, 43.796327600000005], [19.689692700000002, 43.796345],
     [19.689569300000002, 43.796334300000005], [19.688371, 43.7962447],
     [19.6881452, 43.796220600000005], [19.687970500000002, 43.796202],
     [19.6875211, 43.796104500000006],
     [19.687201700000003, 43.7960252], [19.6868993, 43.7960166],
     [19.686632300000003, 43.796013],
     [19.686423100000003, 43.796021700000004],
     [19.6862152, 43.7960178], [19.6859846, 43.7959994],
     [19.6857177, 43.7959888], [19.685566100000003, 43.7959994],
     [19.685457500000002, 43.7960197], [19.685343500000002, 43.795996],
     [19.6842411, 43.7959413], [19.6839501, 43.7959316],
     [19.683661800000003, 43.7959394],
     [19.683240700000002, 43.7959655],
     [19.682732400000003, 43.7959984]]}},
  {"type":"Feature",
   "properties":{},
   "geometry":
   {"type":"LineString",
    "coordinates":
    [[19.682732400000003, 43.7959984], [19.6827337, 43.7959249],
     [19.6827404, 43.795876500000006], [19.6827672, 43.79583],
     [19.682810200000002, 43.7957893], [19.682843700000003, 43.795738],
     [19.6828504, 43.7956741], [19.6828289, 43.7956306],
     [19.6827954, 43.7956044], [19.6827364, 43.7955783],
     [19.6826492, 43.795557], [19.6824333, 43.7955115],
     [19.682272400000002, 43.7954689],
     [19.6821181, 43.795410800000006],
     [19.681950500000003, 43.7953392],
     [19.681786900000002, 43.7952821], [19.6815696, 43.7952327],
     [19.681086800000003, 43.795104],
     [19.680907100000002, 43.795045900000005],
     [19.6808267, 43.7950207], [19.680747500000003, 43.795014],
     [19.680691200000002, 43.795022700000004],
     [19.680640200000003, 43.795034300000005],
     [19.680574500000002, 43.7950585], [19.6804981, 43.7950895],
     [19.6803278, 43.7952008], [19.6798544, 43.7955551],
     [19.679805400000003, 43.7955769],
     [19.679781900000002, 43.795582700000004],
     [19.6797565, 43.7955817], [19.6797323, 43.7955764]]}},
  {"type":"Feature",
   "properties":{},
   "geometry":
   {"type":"LineString",
    "coordinates":
    [[19.6797323, 43.7955764], [19.6796733, 43.7956596],
     [19.6795955, 43.7957332], [19.6794748, 43.7958164],
     [19.679269400000003, 43.795942600000004]]}},
  {"type":"Feature",
   "properties":{},
   "geometry":
   {"type":"LineString",
    "coordinates":
    [[19.679269400000003, 43.795942600000004],
     [19.6791406, 43.796058300000006],
     [19.6790148, 43.796097200000006],
     [19.678823100000002, 43.796092800000004],
     [19.6780757, 43.7959393], [19.677699200000003, 43.7959365]]}},
  {"type":"Feature",
   "properties":{},
   "geometry":
   {"type":"LineString",
    "coordinates":
    [[19.6751095, 43.7959307], [19.6751484, 43.7959607],
     [19.6752021, 43.79598], [19.6754864, 43.7960507],
     [19.6755575, 43.796059400000004], [19.6756594, 43.7960575],
     [19.6757586, 43.7960439], [19.6758941, 43.796047800000004],
     [19.676016100000002, 43.796042], [19.6761784, 43.7960343],
     [19.676382200000003, 43.796042], [19.6765861, 43.796069100000004],
     [19.676697400000002, 43.796077800000006],
     [19.6767779, 43.796071000000005], [19.6768785, 43.7960488],
     [19.6769804, 43.796013900000005],
     [19.677115800000003, 43.7959684],
     [19.677251300000002, 43.795935500000006],
     [19.677378700000002, 43.795917100000004],
     [19.677528900000002, 43.7959162],
     [19.677699200000003, 43.7959365]]}},
  {"type":"Feature",
   "properties":{},
   "geometry":
   {"type":"LineString",
    "coordinates":
    [[19.6751095, 43.7959307], [19.674687900000002, 43.7962464],
     [19.6744048, 43.796433400000005], [19.6742266, 43.7965966],
     [19.6741996, 43.796729600000006],
     [19.674217600000002, 43.7968247],
     [19.6740768, 43.796964200000005],
     [19.673629000000002, 43.7972636],
     [19.6734313, 43.797392300000006],
     [19.673121300000002, 43.7976474], [19.6728337, 43.7978474],
     [19.6725926, 43.798044100000006], [19.6724967, 43.798202],
     [19.6724353, 43.798323], [19.6724293, 43.7985392],
     [19.672384400000002, 43.7987868], [19.672311, 43.798979200000005],
     [19.6721717, 43.7991424],
     [19.671969500000003, 43.799305700000005],
     [19.671833200000002, 43.7995424],
     [19.671815300000002, 43.7997791],
     [19.671813800000002, 43.800157500000005],
     [19.671855700000002, 43.8005293],
     [19.671853600000002, 43.8008856], [19.6719025, 43.8015665],
     [19.6720143, 43.8020508], [19.672024800000003, 43.8022087],
     [19.6720224, 43.802334], [19.671922600000002, 43.802436900000004],
     [19.6717966, 43.8024781], [19.6716872, 43.802483200000005],
     [19.6713472, 43.802267], [19.6711142, 43.802145200000005],
     [19.670993000000003, 43.8021538],
     [19.6710001, 43.802270500000006], [19.6710239, 43.8026205],
     [19.6708931, 43.802956800000004],
     [19.6707766, 43.803226200000005],
     [19.6707766, 43.803658600000006], [19.6707433, 43.804194],
     [19.6705317, 43.804921500000006], [19.6704343, 43.8052938],
     [19.670415300000002, 43.8055838],
     [19.670515100000003, 43.806146500000004],
     [19.670595900000002, 43.806357600000005],
     [19.6708693, 43.8069204], [19.671128500000002, 43.8072584],
     [19.6713044, 43.807495100000004],
     [19.671537400000002, 43.8077988],
     [19.6717966, 43.808215700000005], [19.6720486, 43.8086001],
     [19.6721888, 43.808902], [19.672196, 43.8091783],
     [19.6720367, 43.8095111],
     [19.671798900000002, 43.809950300000004],
     [19.671549300000002, 43.810236800000006],
     [19.6710928, 43.8107927], [19.6708052, 43.8113966],
     [19.670595900000002, 43.8119576],
     [19.669975400000002, 43.812892600000005],
     [19.6697995, 43.813036700000005],
     [19.6695071, 43.813122500000006], [19.6688675, 43.8132632],
     [19.6684348, 43.8133421],
     [19.668014000000003, 43.813491400000004],
     [19.6677596, 43.8135411], [19.667296, 43.8137161],
     [19.6670725, 43.8138585], [19.6670583, 43.8139168],
     [19.6666066, 43.814191300000005],
     [19.665779200000003, 43.8144178],
     [19.665291800000002, 43.814373200000006],
     [19.6648235, 43.8144178], [19.664405000000002, 43.8145018],
     [19.6641055, 43.8143577], [19.6638035, 43.814364600000005],
     [19.663572900000002, 43.8142548], [19.663413600000002, 43.814217],
     [19.6632757, 43.814266800000006],
     [19.663109300000002, 43.814249600000004],
     [19.663042700000002, 43.8141827],
     [19.662854900000003, 43.8141193], [19.6625768, 43.8142754],
     [19.662429300000003, 43.814371400000006],
     [19.6623604, 43.8143697]]}},
  {"type":"Feature",
   "properties":{},
   "geometry":
   {"type":"LineString",
    "coordinates":
    [[19.6623604, 43.8143697], [19.662232, 43.814172400000004],
     [19.6620727, 43.8140884], [19.6617232, 43.8140506],
     [19.6614712, 43.8140232], [19.6611027, 43.813836200000004],
     [19.6603895, 43.8134673], [19.6601535, 43.813301200000005]]}},
  {"type":"Feature",
   "properties":{},
   "geometry":
   {"type":"LineString",
    "coordinates":
    [[19.6581623, 43.816267100000005],
     [19.6583551, 43.816157000000004],
     [19.658450300000002, 43.8161028], [19.6585268, 43.8160583],
     [19.658593800000002, 43.815995400000006],
     [19.6586488, 43.8159209], [19.658673, 43.8158541],
     [19.6586797, 43.8157805], [19.6586609, 43.815609300000006],
     [19.658630000000002, 43.8154709],
     [19.6585791, 43.815287000000005],
     [19.6585174, 43.815059600000005],
     [19.658495900000002, 43.8149522], [19.6584946, 43.8148264],
     [19.658508, 43.8146822], [19.6585308, 43.8145709],
     [19.658567, 43.814457700000006], [19.6586314, 43.814341500000005],
     [19.65874, 43.8141886], [19.658846, 43.814074500000004],
     [19.6589975, 43.8139399], [19.6591276, 43.8138461],
     [19.659269700000003, 43.8137619],
     [19.659399800000003, 43.813697000000005],
     [19.659591600000002, 43.813611900000005],
     [19.6598142, 43.8134996],
     [19.659989900000003, 43.813402800000006],
     [19.6601535, 43.813301200000005]]}},
  {"type":"Feature",
   "properties":{},
   "geometry":
   {"type":"LineString",
    "coordinates":
    [[19.649722500000003, 43.8185951], [19.6499504, 43.8186265],
     [19.6500497, 43.8186362], [19.6501221, 43.818639100000006],
     [19.650182400000002, 43.818634200000005],
     [19.650241400000002, 43.8186216], [19.6503045, 43.8186023],
     [19.6503434, 43.818580000000004],
     [19.6503836, 43.818542300000004],
     [19.6504198, 43.818478400000004],
     [19.6504426, 43.818378800000005], [19.6504641, 43.8182162],
     [19.650537800000002, 43.8179694], [19.650619600000002, 43.817773],
     [19.6506545, 43.817660700000005], [19.650676, 43.8175243],
     [19.650690700000002, 43.8174372], [19.6507122, 43.8173763],
     [19.650739, 43.817326900000005], [19.6507685, 43.8172853],
     [19.650811400000002, 43.8172495],
     [19.6508718, 43.817220500000005],
     [19.650949500000003, 43.8171982],
     [19.6510421, 43.817181700000006], [19.65114, 43.8171788],
     [19.6512835, 43.8171837], [19.6516603, 43.817225300000004],
     [19.651848100000002, 43.817238800000005],
     [19.6520425, 43.817248500000005], [19.6521726, 43.8172524],
     [19.6523322, 43.817271700000006], [19.6524274, 43.817293],
     [19.6525146, 43.817336600000004],
     [19.6526125, 43.817381100000006], [19.65276, 43.8174256],
     [19.652944100000003, 43.8174623], [19.6530913, 43.8174798],
     [19.653253600000003, 43.8175127], [19.6533796, 43.8175485],
     [19.6534561, 43.817562], [19.6535338, 43.8175698],
     [19.653617, 43.817563], [19.653739, 43.8175388],
     [19.653964300000002, 43.8174895],
     [19.654146700000002, 43.817459500000005],
     [19.654313000000002, 43.817440100000006],
     [19.6544485, 43.8174179], [19.6546215, 43.8173801],
     [19.6548173, 43.8173298], [19.655062700000002, 43.8172659],
     [19.655203500000002, 43.817220500000005],
     [19.655274600000002, 43.817184700000006],
     [19.6553296, 43.8171498], [19.6553913, 43.817101400000006],
     [19.6554422, 43.8170482], [19.655520000000003, 43.8169321],
     [19.6555924, 43.816829500000004],
     [19.6556421, 43.816777300000005], [19.6556944, 43.8167318],
     [19.6557587, 43.8166911],
     [19.655816400000003, 43.816666000000005],
     [19.6558835, 43.8166486], [19.655962600000002, 43.8166418],
     [19.656063200000002, 43.816649500000004],
     [19.656197300000002, 43.8166786],
     [19.656338100000003, 43.8167066], [19.656516500000002, 43.816724],
     [19.656755200000003, 43.816729800000005], [19.6569027, 43.816724],
     [19.6570086, 43.8167095],
     [19.657110600000003, 43.816690200000004],
     [19.6572192, 43.816659200000004],
     [19.6574096, 43.816585700000005],
     [19.6581623, 43.816267100000005]]}},
  {"type":"Feature",
   "properties":{},
   "geometry":
   {"type":"LineString",
    "coordinates":
    [[19.6483746, 43.819658000000004],
     [19.6484898, 43.819326800000006], [19.6492504, 43.8188389],
     [19.649722500000003, 43.8185951]]}},
  {"type":"Feature",
   "properties":{},
   "geometry":
   {"type":"LineString",
    "coordinates":
    [[19.647932100000002, 43.8199309], [19.6479535, 43.8199333],
     [19.647977, 43.8199309], [19.6480098, 43.819920700000004],
     [19.648053400000002, 43.819892200000005],
     [19.6483746, 43.819658000000004]]}},
  {"type":"Feature",
   "properties":{},
   "geometry":
   {"type":"LineString",
    "coordinates":
    [[19.646373, 43.820649800000005], [19.646436, 43.820674000000004],
     [19.6465098, 43.8206774],
     [19.646599000000002, 43.820669200000005],
     [19.6467177, 43.820638200000005],
     [19.646835000000003, 43.8206034], [19.6469557, 43.8205666],
     [19.647084500000002, 43.8205259],
     [19.647198500000002, 43.8204824],
     [19.6473218, 43.820434000000006],
     [19.6474425, 43.820389500000005],
     [19.6475364, 43.820342100000005],
     [19.647682500000002, 43.8202322], [19.6477606, 43.8201618],
     [19.647815, 43.8201071], [19.647863100000002, 43.820053400000006],
     [19.6479052, 43.819996700000004],
     [19.647932100000002, 43.8199309]]}},
  {"type":"Feature",
   "properties":{},
   "geometry":
   {"type":"LineString",
    "coordinates":
    [[19.6457573, 43.8216738],
     [19.645798000000003, 43.821563600000005],
     [19.645842000000002, 43.821443900000006],
     [19.6458882, 43.821337400000004], [19.64594, 43.8212333],
     [19.6459879, 43.8211473], [19.6460519, 43.8210442],
     [19.646107800000003, 43.8209625],
     [19.646165200000002, 43.8208852],
     [19.6462343, 43.820799400000006],
     [19.6463034, 43.820720300000005],
     [19.646373, 43.820649800000005]]}},
  {"type":"Feature",
   "properties":{},
   "geometry":
   {"type":"LineString",
    "coordinates":
    [[19.6455401, 43.8222747], [19.6456448, 43.8219714],
     [19.6457573, 43.8216738]]}},
  {"type":"Feature",
   "properties":{},
   "geometry":
   {"type":"LineString",
    "coordinates":
    [[19.6455401, 43.8222747], [19.6452671, 43.822254300000004],
     [19.6449621, 43.822322400000004],
     [19.644792900000002, 43.822316400000005],
     [19.644523900000003, 43.822240300000004],
     [19.6443131, 43.8222443], [19.643861, 43.822198300000004],
     [19.6435643, 43.8222023], [19.6432453, 43.822152300000006],
     [19.6430207, 43.8222023],
     [19.642959700000002, 43.822248300000005],
     [19.6428598, 43.8222583], [19.6426574, 43.8222783],
     [19.642557500000002, 43.8223104], [19.6423995, 43.8223044],
     [19.642293900000002, 43.8223138], [19.642109, 43.8223165],
     [19.6419165, 43.8223628], [19.641659800000003, 43.8223873],
     [19.6413504, 43.822422700000004],
     [19.6411504, 43.822433600000004], [19.6407314, 43.8224608],
     [19.6404484, 43.822509800000006], [19.6402559, 43.8225507],
     [19.6399842, 43.822567], [19.6395993, 43.8225343],
     [19.63932, 43.822452600000005], [19.6391351, 43.8223846],
     [19.6388973, 43.8223573], [19.6384218, 43.8224554],
     [19.6379953, 43.822501700000004], [19.6377123, 43.8225507],
     [19.637625500000002, 43.8225752],
     [19.6374254, 43.822588800000005],
     [19.6370858, 43.822621500000004], [19.6366857, 43.8226487],
     [19.6363914, 43.8227004], [19.6362178, 43.8227794],
     [19.636063, 43.822891000000006], [19.6360026, 43.823016300000006],
     [19.6358856, 43.8230816], [19.6355347, 43.822989],
     [19.6352856, 43.8229428], [19.635002500000002, 43.8229373],
     [19.634545900000003, 43.8231905], [19.6342666, 43.8234356],
     [19.6338213, 43.8237542], [19.633659, 43.8238903],
     [19.6334212, 43.824029200000005],
     [19.633051400000003, 43.824143500000005],
     [19.6328816, 43.824222500000005],
     [19.632485300000003, 43.824598200000004],
     [19.6322324, 43.8247997], [19.6318437, 43.824952200000006],
     [19.631564400000002, 43.8249658],
     [19.631190800000002, 43.8251319], [19.6306398, 43.8254913],
     [19.630295500000003, 43.825673900000005],
     [19.6300417, 43.825769300000005]]}},
  {"type":"Feature",
   "properties":{},
   "geometry":
   {"type":"LineString",
    "coordinates":
    [[19.6300417, 43.825769300000005],
     [19.629878100000003, 43.825842800000004],
     [19.629422100000003, 43.8260112],
     [19.6286309, 43.826235600000004],
     [19.6283922, 43.826322700000006], [19.6282795, 43.8263904],
     [19.6281776, 43.8264736], [19.6281266, 43.8265394],
     [19.6281159, 43.8266033], [19.628132, 43.8266633],
     [19.6281347, 43.826694200000006], [19.6281025, 43.8267291],
     [19.6278718, 43.826839400000004], [19.6275365, 43.827029],
     [19.6272415, 43.827139300000006],
     [19.626930400000003, 43.8272689], [19.6265629, 43.8274063],
     [19.6262705, 43.827505], [19.626050600000003, 43.827572700000005],
     [19.625610700000003, 43.8276501], [19.6252084, 43.8276966],
     [19.625039400000002, 43.827721700000005],
     [19.6247873, 43.827532100000006],
     [19.624690700000002, 43.8274837], [19.6246237, 43.8274702],
     [19.6245593, 43.827468200000006],
     [19.624358100000002, 43.8274915],
     [19.624097900000002, 43.827530200000005],
     [19.623810900000002, 43.8275534], [19.6232691, 43.8275747],
     [19.6227515, 43.8275882], [19.622502, 43.8276192],
     [19.622317000000002, 43.8276501],
     [19.6221855, 43.827688800000004], [19.621979, 43.8277817],
     [19.621740300000003, 43.8279365],
     [19.6216866, 43.827994600000004], [19.6216464, 43.8280739],
     [19.6215391, 43.828230600000005],
     [19.621496200000003, 43.8282577],
     [19.621380900000002, 43.8283003], [19.6202808, 43.8285768]]}},
  {"type":"Feature",
   "properties":{},
   "geometry":
   {"type":"LineString",
    "coordinates":
    [[19.6202808, 43.8285768], [19.6203656, 43.827243800000005],
     [19.620357600000002, 43.827199300000004],
     [19.6203375, 43.827163500000005],
     [19.620305300000002, 43.827122800000005],
     [19.6202691, 43.827089900000004], [19.620194, 43.8270454],
     [19.6200666, 43.826957400000005],
     [19.620008900000002, 43.826900300000005],
     [19.6199714, 43.8268336], [19.6199392, 43.826759100000004],
     [19.619908300000002, 43.826702000000004],
     [19.619885500000002, 43.8266671], [19.619856000000002, 43.826641],
     [19.619813100000002, 43.826613900000005],
     [19.6197729, 43.8266013], [19.6197045, 43.8265868],
     [19.6196133, 43.826587800000006],
     [19.6194966, 43.826604200000006], [19.6193357, 43.8266294],
     [19.619184100000002, 43.8266584],
     [19.6190889, 43.826666200000005],
     [19.6189924, 43.826672900000005],
     [19.618933300000002, 43.8266633], [19.6187899, 43.8266323],
     [19.6186678, 43.826611], [19.6185659, 43.826607200000005],
     [19.6185002, 43.8265965], [19.6183982, 43.826571400000006],
     [19.6182789, 43.826533600000005],
     [19.618147500000003, 43.826472700000004],
     [19.618073000000003, 43.8264355],
     [19.618017400000003, 43.826407800000005],
     [19.6179342, 43.8263788],
     [19.617778700000002, 43.826346900000004],
     [19.6177317, 43.826335300000004],
     [19.617625800000003, 43.8263082],
     [19.617550700000002, 43.8262927],
     [19.6175064, 43.826294600000004],
     [19.617459500000002, 43.8263101],
     [19.617008900000002, 43.8265588], [19.6168345, 43.8266459],
     [19.6167701, 43.826680700000004],
     [19.6167272, 43.826708700000005], [19.616624, 43.8267919],
     [19.616396, 43.8270367], [19.6163692, 43.827052200000004],
     [19.6163397, 43.827052200000004],
     [19.616306100000003, 43.8270464],
     [19.616259200000002, 43.827021300000006],
     [19.6161278, 43.8269351], [19.615839400000002, 43.8267474],
     [19.615728100000002, 43.8266933],
     [19.6155927, 43.826625500000006], [19.6152467, 43.8265162],
     [19.6150643, 43.8264669], [19.6146391, 43.826365300000006]]}},
  {"type":"Feature",
   "properties":{},
   "geometry":
   {"type":"LineString",
    "coordinates":
    [[19.6146391, 43.826365300000006],
     [19.6144117, 43.826376200000006],
     [19.614196500000002, 43.826449700000005],
     [19.614004100000002, 43.8264851],
     [19.613788900000003, 43.8264824],
     [19.6135927, 43.826460600000004], [19.6128907, 43.8262755],
     [19.6125398, 43.826188300000005], [19.6122039, 43.8261203],
     [19.611981200000002, 43.8260359],
     [19.6111547, 43.826016800000005],
     [19.610569700000003, 43.8258888], [19.610264, 43.8258317],
     [19.610064, 43.8256547], [19.6098564, 43.8254396],
     [19.6096225, 43.825347], [19.6093446, 43.825334000000005],
     [19.60923, 43.8253606], [19.608094, 43.8256955],
     [19.6082827, 43.8264307], [19.6079204, 43.8262918],
     [19.6068146, 43.82575], [19.605123900000002, 43.824979400000004],
     [19.603893600000003, 43.8245889], [19.603286, 43.8243602],
     [19.603199200000002, 43.8246624],
     [19.603172800000003, 43.8252941],
     [19.6030067, 43.825934000000004], [19.6029652, 43.8263042],
     [19.6033577, 43.8262961], [19.6033049, 43.8265711],
     [19.602999200000003, 43.8272354], [19.6028784, 43.8276819],
     [19.602634000000002, 43.8280892], [19.6026142, 43.8281829],
     [19.6025892, 43.8284928]]}},
  {"type":"Feature",
   "properties":{},
   "geometry":
   {"type":"LineString",
    "coordinates":
    [[19.6025892, 43.8284928], [19.6025871, 43.8285208],
     [19.602576300000003, 43.8285506],
     [19.6025622, 43.828571800000006],
     [19.6025391, 43.828594800000005], [19.6025077, 43.8286144],
     [19.6024707, 43.8286274], [19.6024278, 43.828636700000004],
     [19.6023757, 43.828639300000006], [19.60098, 43.8286461],
     [19.6008937, 43.8286479], [19.6008089, 43.828656],
     [19.600739700000002, 43.8286675],
     [19.600676800000002, 43.8286819],
     [19.6006155, 43.828699900000004],
     [19.6005611, 43.828719500000005], [19.6001616, 43.8289236],
     [19.600094000000002, 43.8289532], [19.6000216, 43.8289812],
     [19.5999433, 43.8290075], [19.5993405, 43.8291763],
     [19.5992532, 43.829202200000005], [19.5991474, 43.8292288],
     [19.5990505, 43.8292488],
     [19.598945200000003, 43.829266100000005],
     [19.5987812, 43.8292889], [19.5985894, 43.829314100000005],
     [19.598266900000002, 43.829359200000006],
     [19.5981576, 43.8293686], [19.5980604, 43.8293678],
     [19.597969900000002, 43.829359200000006],
     [19.5978512, 43.829340800000004],
     [19.597664100000003, 43.8293041],
     [19.5974924, 43.829277000000005], [19.597021, 43.829215500000004],
     [19.5968722, 43.8291957], [19.5963284, 43.829099],
     [19.596189600000002, 43.8290743],
     [19.596047300000002, 43.8290432],
     [19.5952534, 43.828814900000005], [19.5949403, 43.8287652],
     [19.594778100000003, 43.8287441], [19.594656, 43.828737800000006],
     [19.594526600000002, 43.82874], [19.594379, 43.8287452],
     [19.594015600000002, 43.8287792],
     [19.593758100000002, 43.8287981]]}},
  {"type":"Feature",
   "properties":{},
   "geometry":
   {"type":"LineString",
    "coordinates":
    [[19.5921729, 43.832002800000005], [19.592067, 43.831817],
     [19.5920281, 43.831709700000005], [19.5920227, 43.8315907],
     [19.5920616, 43.831436800000006], [19.5922145, 43.831017],
     [19.5924666, 43.8303707], [19.5926021, 43.8300611],
     [19.5926611, 43.8299692], [19.5927161, 43.8299073],
     [19.5927724, 43.8298628], [19.5928864, 43.829799900000005],
     [19.593070100000002, 43.8297283],
     [19.5932879, 43.829617000000006],
     [19.593469000000002, 43.829441900000006],
     [19.5936793, 43.829096500000006],
     [19.593758100000002, 43.8287981]]}},
  {"type":"Feature",
   "properties":{},
   "geometry":
   {"type":"LineString",
    "coordinates":
    [[19.589539900000002, 43.8330421],
     [19.5900609, 43.832945900000006], [19.590623, 43.832658],
     [19.5911504, 43.8324559], [19.5919569, 43.832098200000004],
     [19.5921729, 43.832002800000005]]}},
  {"type":"Feature",
   "properties":{},
   "geometry":
   {"type":"LineString",
    "coordinates":
    [[19.589539900000002, 43.8330421],
     [19.5890783, 43.833115500000005], [19.5872511, 43.8332278],
     [19.5869995, 43.833201900000006],
     [19.586825700000002, 43.8332278], [19.5867338, 43.8333486],
     [19.5864783, 43.8337378], [19.586136800000002, 43.8341094],
     [19.585322, 43.8347058], [19.5849985, 43.8348181],
     [19.5849146, 43.8349564], [19.585094400000003, 43.8353972],
     [19.5850405, 43.835734300000006], [19.5850285, 43.835946],
     [19.585358000000003, 43.836015200000006],
     [19.5862865, 43.835946]]}},
  {"type":"Feature",
   "properties":{},
   "geometry":
   {"type":"LineString",
    "coordinates":
    [[19.5862865, 43.835946], [19.5863938, 43.8360775],
     [19.5865055, 43.8365096], [19.5868384, 43.8372985],
     [19.586881100000003, 43.837629400000004],
     [19.5869715, 43.8377941], [19.587002400000003, 43.8382828],
     [19.587095100000003, 43.8384714], [19.5872283, 43.8387115],
     [19.5873162, 43.8388161], [19.587561100000002, 43.8388367],
     [19.587810700000002, 43.838697800000006],
     [19.5884456, 43.838820000000005]]}},
  {"type":"Feature",
   "properties":{},
   "geometry":
   {"type":"LineString",
    "coordinates":
    [[19.5884456, 43.838820000000005], [19.5885634, 43.8389472],
     [19.5888411, 43.8391213], [19.589406200000003, 43.8394215],
     [19.5898782, 43.8396885], [19.5902114, 43.839884500000004],
     [19.5905112, 43.8400909], [19.5911657, 43.8404198],
     [19.591610900000003, 43.8406365], [19.5918309, 43.8407835],
     [19.592206400000002, 43.841046600000006],
     [19.592490700000003, 43.84136], [19.592640900000003, 43.8414683],
     [19.592882300000003, 43.8415225], [19.5930991, 43.8415028]]}},
  {"type":"Feature",
   "properties":{},
   "geometry":
   {"type":"LineString",
    "coordinates":
    [[19.5930991, 43.8415028],
     [19.593055500000002, 43.841629100000006],
     [19.5927599, 43.842212100000005],
     [19.592735400000002, 43.8422892], [19.5927374, 43.8425535],
     [19.5927252, 43.8426537], [19.5926958, 43.842768400000004],
     [19.5925935, 43.842954600000006], [19.592485, 43.843101000000004],
     [19.5923947, 43.843187300000004],
     [19.592317100000002, 43.8432444], [19.5920679, 43.8433598]]}},
  {"type":"Feature",
   "properties":{},
   "geometry":
   {"type":"LineString",
    "coordinates":
    [[19.5920679, 43.8433598], [19.5917165, 43.8435384],
     [19.5913255, 43.8438462], [19.5904236, 43.8444724],
     [19.5903975, 43.8444973]]}},
  {"type":"Feature",
   "properties":{},
   "geometry":
   {"type":"LineString",
    "coordinates":
    [[19.5903975, 43.8444973], [19.590371400000002, 43.8445222],
     [19.5903375, 43.844572], [19.5902195, 43.8448032],
     [19.5901915, 43.8450688], [19.5901715, 43.8453066],
     [19.590082600000002, 43.845773200000004],
     [19.5899919, 43.846081500000004]]}},
  {"type":"Feature",
   "properties":{},
   "geometry":
   {"type":"LineString",
    "coordinates":
    [[19.582320000000003, 43.8484111],
     [19.582595700000002, 43.8483365],
     [19.582718200000002, 43.848288000000004], [19.5829534, 43.848153],
     [19.5831182, 43.8480135], [19.5838544, 43.847390000000004],
     [19.583940000000002, 43.8473352], [19.5840234, 43.8472948],
     [19.5840983, 43.847271400000004],
     [19.584172600000002, 43.8472578], [19.5843019, 43.8472443],
     [19.5844318, 43.847238100000006],
     [19.584751100000002, 43.8472122],
     [19.584826500000002, 43.8472002], [19.5849003, 43.8471811],
     [19.5849759, 43.8471508], [19.5850858, 43.847092],
     [19.5854968, 43.8468296], [19.585616700000003, 43.8467677],
     [19.5857165, 43.8467244], [19.5858116, 43.846689000000005],
     [19.585909, 43.8466612], [19.5860598, 43.846627700000006],
     [19.5873382, 43.846411800000006],
     [19.5875784, 43.846369800000005], [19.587764, 43.846327800000005],
     [19.587916800000002, 43.8462754],
     [19.588255200000003, 43.846120500000005],
     [19.5884262, 43.846062800000006],
     [19.588608100000002, 43.846012900000005],
     [19.588801, 43.845986700000005], [19.5889938, 43.845978800000005],
     [19.589183000000002, 43.845978800000005],
     [19.5895069, 43.8460051], [19.5899919, 43.846081500000004]]}},
  {"type":"Feature",
   "properties":{},
   "geometry":
   {"type":"LineString",
    "coordinates":
    [[19.5814542, 43.849034], [19.581540200000003, 43.8489365],
     [19.5816801, 43.848843], [19.5822605, 43.848533],
     [19.582313600000003, 43.848501000000006],
     [19.5823356, 43.8484588], [19.582320000000003, 43.8484111]]}},
  {"type":"Feature",
   "properties":{},
   "geometry":
   {"type":"LineString",
    "coordinates":
    [[19.5811905, 43.849275000000006], [19.5812767, 43.8492152],
     [19.581310900000002, 43.8491797], [19.5813484, 43.8491319],
     [19.5813777, 43.8490945], [19.5814084, 43.849065800000005],
     [19.5814542, 43.849034]]}},
  {"type":"Feature",
   "properties":{},
   "geometry":
   {"type":"LineString",
    "coordinates":
    [[19.5809827, 43.8493312], [19.581073200000002, 43.8493105],
     [19.581136700000002, 43.8492947],
     [19.5811905, 43.849275000000006]]}},
  {"type":"Feature",
   "properties":{},
   "geometry":
   {"type":"LineString",
    "coordinates":
    [[19.5802356, 43.8494126], [19.580470400000003, 43.8493918],
     [19.5807222, 43.8493694], [19.5808365, 43.849355700000004],
     [19.580947600000002, 43.849339300000004],
     [19.5809827, 43.8493312]]}},
  {"type":"Feature",
   "properties":{},
   "geometry":
   {"type":"LineString",
    "coordinates":
    [[19.5803717, 43.8499538], [19.580230200000003, 43.8499585],
     [19.5801263, 43.8499526], [19.580074200000002, 43.849941],
     [19.5800163, 43.849921], [19.5799442, 43.8498831],
     [19.579908200000002, 43.8498503], [19.579875, 43.849810100000006],
     [19.579855300000002, 43.8497634],
     [19.579845000000002, 43.849716300000004],
     [19.579849900000003, 43.849661000000005],
     [19.5798649, 43.8496078],
     [19.579887900000003, 43.849565500000004],
     [19.5799272, 43.8495192], [19.579989700000002, 43.849477],
     [19.580067500000002, 43.8494448],
     [19.5801442, 43.849424500000005], [19.5802356, 43.8494126]]}},
  {"type":"Feature",
   "properties":{},
   "geometry":
   {"type":"LineString",
    "coordinates":
    [[19.5825971, 43.8499193], [19.5825111, 43.8499022],
     [19.5823816, 43.849888400000005],
     [19.582275600000003, 43.849884100000004],
     [19.582158200000002, 43.849883000000005], [19.581987, 43.8498858],
     [19.581591600000003, 43.84989], [19.5810412, 43.8499076],
     [19.5805887, 43.8499392], [19.5803717, 43.8499538]]}},
  {"type":"Feature",
   "properties":{},
   "geometry":
   {"type":"LineString",
    "coordinates":
    [[19.583320800000003, 43.8502579],
     [19.582997000000002, 43.8500767],
     [19.5828867, 43.850021500000004],
     [19.582788700000002, 43.849979100000006],
     [19.5826672, 43.849936400000004], [19.5825971, 43.8499193]]}},
  {"type":"Feature",
   "properties":{},
   "geometry":
   {"type":"LineString",
    "coordinates":
    [[19.5848787, 43.8511791],
     [19.584340400000002, 43.850854600000005],
     [19.5841183, 43.8507246], [19.584082900000002, 43.8507039],
     [19.583320800000003, 43.8502579]]}},
  {"type":"Feature",
   "properties":{},
   "geometry":
   {"type":"LineString",
    "coordinates":
    [[19.585573, 43.851624400000006], [19.5854223, 43.851518000000006],
     [19.585252, 43.8514041], [19.5848787, 43.8511791]]}},
  {"type":"Feature",
   "properties":{},
   "geometry":
   {"type":"LineString",
    "coordinates":
    [[19.5853921, 43.853825], [19.5855859, 43.853720800000005],
     [19.5857061, 43.853653], [19.5858133, 43.8535872],
     [19.5859145, 43.853512900000005], [19.585997900000002, 43.853439],
     [19.5860522, 43.853371300000006], [19.586082, 43.8533081],
     [19.586098800000002, 43.8532449], [19.586106, 43.853171100000004],
     [19.5861002, 43.8530863], [19.5860871, 43.8530141],
     [19.586058100000002, 43.852902300000004],
     [19.585929200000002, 43.852464000000005],
     [19.5857974, 43.852083400000005],
     [19.5857062, 43.851820100000005],
     [19.585693300000003, 43.8517874], [19.5856751, 43.8517433],
     [19.5856566, 43.8517135], [19.5856381, 43.851687500000004],
     [19.585609100000003, 43.851655300000004],
     [19.585573, 43.851624400000006]]}},
  {"type":"Feature",
   "properties":{},
   "geometry":
   {"type":"LineString",
    "coordinates":
    [[19.585025100000003, 43.8540122], [19.5853921, 43.853825]]}},
  {"type":"Feature",
   "properties":{},
   "geometry":
   {"type":"LineString",
    "coordinates":
    [[19.584624100000003, 43.8543005], [19.5847279, 43.8542046],
     [19.5848318, 43.8541243], [19.585025100000003, 43.8540122]]}},
  {"type":"Feature",
   "properties":{},
   "geometry":
   {"type":"LineString",
    "coordinates":
    [[19.584279000000002, 43.854936800000004],
     [19.5843527, 43.854748400000005],
     [19.584449900000003, 43.854545200000004],
     [19.584529800000002, 43.8544159],
     [19.584624100000003, 43.8543005]]}},
  {"type":"Feature",
   "properties":{},
   "geometry":
   {"type":"LineString",
    "coordinates":
    [[19.583377300000002, 43.8571207], [19.5834465, 43.8569465],
     [19.584202700000002, 43.8551317],
     [19.584279000000002, 43.854936800000004]]}},
  {"type":"Feature",
   "properties":{},
   "geometry":
   {"type":"LineString",
    "coordinates":
    [[19.5833139, 43.8572823], [19.583377300000002, 43.8571207]]}},
  {"type":"Feature",
   "properties":{},
   "geometry":
   {"type":"LineString",
    "coordinates":
    [[19.5830631, 43.8579486], [19.5831307, 43.857779900000004],
     [19.5832, 43.8576029], [19.5833139, 43.8572823]]}},
  {"type":"Feature",
   "properties":{},
   "geometry":
   {"type":"LineString",
    "coordinates":
    [[19.5828861, 43.8583365], [19.5829375, 43.8582345],
     [19.583000300000002, 43.8580939], [19.5830631, 43.8579486]]}},
  {"type":"Feature",
   "properties":{},
   "geometry":
   {"type":"LineString",
    "coordinates":
    [[19.5822964, 43.8591172], [19.5824196, 43.8589922],
     [19.5825329, 43.8588639], [19.5826211, 43.8587526],
     [19.5826847, 43.858668800000004],
     [19.5827451, 43.858585000000005],
     [19.5828375, 43.858433000000005], [19.5828861, 43.8583365]]}}]}
