{"type":"FeatureCollection",
 "properties":{},
 "features":
 [{"type":"Feature",
   "properties":{},
   "geometry":
   {"type":"LineString",
    "coordinates":
    [[21.158034500000003, 43.1941452],
     [21.1580932, 43.194064700000006],
     [21.158176400000002, 43.1940953], [21.1581966, 43.1941721],
     [21.1581824, 43.1944208], [21.1582206, 43.194554000000004],
     [21.1585158, 43.194972], [21.1586687, 43.195263000000004],
     [21.158989400000003, 43.195648500000004]]}},
  {"type":"Feature",
   "properties":{},
   "geometry":
   {"type":"LineString",
    "coordinates":
    [[21.158989400000003, 43.195648500000004],
     [21.159121000000003, 43.1955649],
     [21.159278200000003, 43.195614500000005],
     [21.1594544, 43.195781700000005], [21.1596301, 43.1958898],
     [21.159835700000002, 43.195948800000004],
     [21.160260400000002, 43.1958922],
     [21.160725600000003, 43.1957104], [21.1616156, 43.1953],
     [21.1621786, 43.1950026], [21.1625865, 43.1948257],
     [21.1628629, 43.1945848], [21.163041500000002, 43.1941744],
     [21.1631798, 43.193864700000006],
     [21.163493300000003, 43.193449400000006],
     [21.1637056, 43.1932429], [21.163796700000002, 43.1929996],
     [21.163911300000002, 43.192894], [21.1640596, 43.192749],
     [21.164437200000002, 43.1922623],
     [21.164754000000002, 43.192041100000004],
     [21.1649125, 43.191928100000005], [21.165081, 43.1917339],
     [21.165087800000002, 43.1915521], [21.1650069, 43.1913776],
     [21.165060800000003, 43.191163700000004],
     [21.1651889, 43.1908369], [21.1654316, 43.1902003],
     [21.1654383, 43.189647300000004],
     [21.165360800000002, 43.1895047],
     [21.165364200000003, 43.189367100000005],
     [21.1653507, 43.1889321], [21.1653743, 43.1887477],
     [21.1653102, 43.1885659], [21.1652732, 43.1884135],
     [21.165290000000002, 43.188207000000006],
     [21.165286700000003, 43.1880006], [21.165354100000002, 43.187772],
     [21.1655631, 43.1875483], [21.1656474, 43.187393500000006],
     [21.1657148, 43.187103400000005],
     [21.1656474, 43.186798700000004],
     [21.165596800000003, 43.1866241],
     [21.165505800000002, 43.1865357],
     [21.165512500000002, 43.1864349],
     [21.165952400000002, 43.186291700000005]]}},
  {"type":"Feature",
   "properties":{},
   "geometry":
   {"type":"LineString",
    "coordinates":
    [[21.165952400000002, 43.186291700000005],
     [21.166065800000002, 43.1862536],
     [21.166175000000003, 43.186209600000005],
     [21.1662626, 43.1861684], [21.166346700000002, 43.1861235],
     [21.1664399, 43.1860766], [21.166483500000002, 43.1860617],
     [21.1665297, 43.186051600000006],
     [21.166561700000003, 43.186047800000004],
     [21.1665941, 43.1860463],
     [21.166636800000003, 43.186050300000005],
     [21.1666773, 43.1860609], [21.1667311, 43.1860815],
     [21.166787900000003, 43.186097100000005],
     [21.1668615, 43.1861095], [21.166936800000002, 43.1861137],
     [21.167, 43.186112400000006], [21.1670628, 43.1861067],
     [21.1671245, 43.186096600000006],
     [21.167192200000002, 43.186088500000004],
     [21.167260600000002, 43.186084400000006],
     [21.1673069, 43.1860829], [21.1673532, 43.1860854],
     [21.167409300000003, 43.1860938],
     [21.167463100000003, 43.1861079],
     [21.167627200000002, 43.1861454]]}},
  {"type":"Feature",
   "properties":{},
   "geometry":
   {"type":"LineString",
    "coordinates":
    [[21.167627200000002, 43.1861454],
     [21.1676167, 43.186047200000004], [21.1675684, 43.1858311],
     [21.1674128, 43.1853696]]}},
  {"type":"Feature",
   "properties":{},
   "geometry":
   {"type":"LineString",
    "coordinates":
    [[21.1674128, 43.1853696], [21.1675891, 43.1851813],
     [21.1679059, 43.1850928],
     [21.167916100000003, 43.184950300000004],
     [21.167841900000003, 43.184793000000006],
     [21.1677913, 43.1845988],
     [21.168037400000003, 43.184267000000006],
     [21.1682363, 43.1840605], [21.1684723, 43.183733600000004],
     [21.1688768, 43.1833796], [21.169257700000003, 43.1830969],
     [21.169864500000003, 43.1824382],
     [21.1700567, 43.182317700000006],
     [21.170279100000002, 43.1822686],
     [21.170471300000003, 43.1822169], [21.1706837, 43.1821112],
     [21.1707949, 43.1821039],
     [21.171044400000003, 43.181912100000005], [21.171277, 43.1818851],
     [21.171322, 43.181775900000005]]}},
  {"type":"Feature",
   "properties":{},
   "geometry":
   {"type":"LineString",
    "coordinates":
    [[21.1710032, 43.181316200000005],
     [21.171032500000003, 43.181373900000004],
     [21.171173500000002, 43.1815763],
     [21.171322, 43.181775900000005]]}},
  {"type":"Feature",
   "properties":{},
   "geometry":
   {"type":"LineString",
    "coordinates":
    [[21.1710032, 43.181316200000005], [21.171068, 43.181214000000004],
     [21.1709399, 43.1807912], [21.1709196, 43.180597000000006],
     [21.170805, 43.180452], [21.1707275, 43.1796261],
     [21.1707275, 43.1789943], [21.1707612, 43.1787903],
     [21.1706533, 43.1784854], [21.1706702, 43.1779176],
     [21.170774700000003, 43.177689], [21.1708724, 43.1774677],
     [21.170801700000002, 43.177217000000006],
     [21.1706702, 43.1770474], [21.170508400000003, 43.1769023],
     [21.1704477, 43.1766688], [21.1704544, 43.1761378],
     [21.170478000000003, 43.1759706], [21.1703769, 43.1755379],
     [21.170393800000003, 43.175338800000006],
     [21.170585900000003, 43.174798], [21.1706533, 43.174483300000006],
     [21.170660100000003, 43.1740604],
     [21.170542100000002, 43.1738318],
     [21.170508400000003, 43.1736573], [21.170596, 43.173460600000006],
     [21.1706466, 43.1732959], [21.1706028, 43.1731877],
     [21.1706432, 43.172843500000006], [21.170741, 43.172592800000004],
     [21.1709466, 43.172273100000005],
     [21.1710005, 43.172049400000006],
     [21.1709837, 43.171870000000006],
     [21.1712601, 43.171427400000006],
     [21.171452300000002, 43.1707734], [21.1714422, 43.1703899],
     [21.1713141, 43.1701957], [21.1712062, 43.169888400000005],
     [21.1711725, 43.1695737], [21.171041000000002, 43.169254],
     [21.170997200000002, 43.168705800000005],
     [21.1709871, 43.168474700000004],
     [21.171078100000003, 43.1681747], [21.1715062, 43.1674396],
     [21.171725300000002, 43.167196100000005],
     [21.171843300000003, 43.1669331], [21.172038800000003, 43.166697],
     [21.1722512, 43.1662471], [21.172527600000002, 43.1660971],
     [21.172871500000003, 43.165846300000005],
     [21.1729288, 43.165725800000004],
     [21.172938900000002, 43.165605400000004],
     [21.172868100000002, 43.1654898],
     [21.172841100000003, 43.1654013], [21.1728546, 43.1652513],
     [21.1729187, 43.165052100000004],
     [21.173056900000002, 43.1647079],
     [21.173174900000003, 43.1645161], [21.1734176, 43.164312],
     [21.1735288, 43.164157100000004], [21.1736401, 43.1639555],
     [21.1737816, 43.1638006], [21.174048000000003, 43.1636383],
     [21.174196300000002, 43.163493200000005],
     [21.174769400000002, 43.1627285],
     [21.1749177, 43.162590800000004], [21.1750997, 43.1624728],
     [21.175318800000003, 43.1622835],
     [21.175389600000003, 43.1621802], [21.1755514, 43.1620007],
     [21.1756829, 43.161934300000006],
     [21.175959300000002, 43.1618384],
     [21.176842500000003, 43.1616638], [21.1772235, 43.1616147],
     [21.177483000000002, 43.1616343],
     [21.1776786, 43.161646600000005],
     [21.178005600000002, 43.1617401],
     [21.178164000000002, 43.161821200000006],
     [21.1783022, 43.1622392], [21.1784505, 43.162258900000005],
     [21.1785281, 43.1621114], [21.1786865, 43.1619687],
     [21.1787135, 43.162145800000005],
     [21.178774100000002, 43.1621187],
     [21.178821300000003, 43.1620499],
     [21.178973000000003, 43.1619638],
     [21.1794517, 43.161808900000004],
     [21.179768600000003, 43.161811400000005], [21.17989, 43.1616909],
     [21.1800383, 43.161481900000005],
     [21.180260800000003, 43.161363800000004],
     [21.1805069, 43.1613319],
     [21.180837200000003, 43.161314700000005],
     [21.1810934, 43.1613245], [21.181211400000002, 43.1613515],
     [21.1814541, 43.161172], [21.181980000000003, 43.1609653],
     [21.182509200000002, 43.1608202],
     [21.182778900000002, 43.1607563],
     [21.182964300000002, 43.1607415], [21.183025, 43.160685],
     [21.183085700000003, 43.160675100000006],
     [21.1832138, 43.160716900000004],
     [21.183352000000003, 43.160716900000004],
     [21.183385700000002, 43.1607022], [21.183534, 43.160448900000006],
     [21.183655400000003, 43.1603014], [21.1840498, 43.1600948],
     [21.1845487, 43.159893200000006], [21.1853139, 43.1598071],
     [21.1858533, 43.1595342], [21.1859679, 43.1594579],
     [21.1859982, 43.159362], [21.1856712, 43.1590891],
     [21.185624, 43.158988300000004], [21.1858128, 43.158769400000004],
     [21.1858836, 43.1586415],
     [21.185863400000002, 43.158543200000004],
     [21.1857285, 43.158447300000006],
     [21.185101500000002, 43.157894000000006],
     [21.1849566, 43.1578694], [21.1848184, 43.1577883],
     [21.1845015, 43.157662800000004],
     [21.184302600000002, 43.1575251],
     [21.184194700000003, 43.157323500000004],
     [21.1842116, 43.157109500000004], [21.1844341, 43.1563521],
     [21.1845992, 43.1561874], [21.1846903, 43.1558505],
     [21.184575600000002, 43.155402900000006],
     [21.184268900000003, 43.1550414], [21.183891300000003, 43.154766],
     [21.18347, 43.1545889], [21.1833351, 43.1544807],
     [21.183234000000002, 43.154229900000004],
     [21.1832205, 43.1540799], [21.1827755, 43.1537061],
     [21.182691700000003, 43.153741000000004]]}},
  {"type":"Feature",
   "properties":{},
   "geometry":
   {"type":"LineString",
    "coordinates":
    [[21.182973, 43.1519635], [21.1833247, 43.152065400000005],
     [21.183276300000003, 43.1521963], [21.1830587, 43.1524427],
     [21.182584600000002, 43.152817000000006],
     [21.1823832, 43.153027900000005],
     [21.182357200000002, 43.1533169],
     [21.182532600000002, 43.1535681],
     [21.182691700000003, 43.153741000000004]]}},
  {"type":"Feature",
   "properties":{},
   "geometry":
   {"type":"LineString",
    "coordinates":
    [[21.182973, 43.1519635], [21.183007200000002, 43.1519422],
     [21.1830716, 43.1518815], [21.183114800000002, 43.1518552],
     [21.183164100000003, 43.151835500000004],
     [21.183196900000002, 43.151827000000004],
     [21.1832308, 43.1518214], [21.1832996, 43.151815],
     [21.1833671, 43.151816200000006],
     [21.183433700000002, 43.1518248],
     [21.183754200000003, 43.151925500000004],
     [21.1839207, 43.151984000000006],
     [21.1840821, 43.152049600000005],
     [21.184237800000002, 43.1521222], [21.1843872, 43.1522014],
     [21.184515700000002, 43.152278100000004],
     [21.1846383, 43.152359700000005],
     [21.184754700000003, 43.152446000000005],
     [21.1848001, 43.1524735], [21.1848505, 43.152495800000004],
     [21.184904900000003, 43.1525126],
     [21.184968400000002, 43.1525242],
     [21.1850336, 43.152528200000006], [21.1851048, 43.1525236],
     [21.185174200000002, 43.152511100000005],
     [21.1852401, 43.152491000000005],
     [21.185293400000003, 43.152467800000004],
     [21.185342000000002, 43.1524396], [21.185385, 43.1524069],
     [21.1854744, 43.152334], [21.185559400000002, 43.1522583],
     [21.1856398, 43.1521799],
     [21.185730600000003, 43.152081800000005],
     [21.1858141, 43.151980300000005], [21.1858571, 43.1519138],
     [21.185889200000002, 43.151835500000004],
     [21.1858839, 43.1517436], [21.1859053, 43.1516535],
     [21.186195, 43.151011700000005], [21.1862996, 43.1508278],
     [21.1864564, 43.150624400000005], [21.1866027, 43.1504168],
     [21.1867237, 43.150229100000004], [21.1868361, 43.1500386],
     [21.1869398, 43.149845400000004],
     [21.187034500000003, 43.1496499],
     [21.1871204, 43.149452100000005],
     [21.187157900000003, 43.1493479],
     [21.187190100000002, 43.1492427],
     [21.187222300000002, 43.1491136], [21.1872089, 43.1487496],
     [21.1871961, 43.1486965], [21.1871955, 43.1486426],
     [21.187207, 43.148589400000006],
     [21.187230300000003, 43.148538200000004],
     [21.1872632, 43.1484925], [21.187305600000002, 43.148451],
     [21.187356400000002, 43.148415], [21.187447300000002, 43.1483551],
     [21.187529100000003, 43.1482887], [21.187601, 43.1482164],
     [21.187662200000002, 43.148139], [21.1877119, 43.1480575],
     [21.187749800000002, 43.1479726],
     [21.187775300000002, 43.147885300000006],
     [21.1877882, 43.1477966], [21.1878286, 43.1477145],
     [21.1878788, 43.147635400000006], [21.1879384, 43.1475598],
     [21.188004300000003, 43.1474911],
     [21.1880779, 43.147426700000004],
     [21.188170300000003, 43.1473864], [21.1882667, 43.1473516],
     [21.1883667, 43.1473226], [21.1884695, 43.1472995],
     [21.1885605, 43.147284400000004], [21.1886528, 43.147274],
     [21.188745800000003, 43.1472682],
     [21.188843000000002, 43.1472654],
     [21.188939100000002, 43.147254200000006],
     [21.1890328, 43.1472349], [21.189106900000002, 43.1472132],
     [21.189177700000002, 43.1471864],
     [21.1892527, 43.147145900000005], [21.1893868, 43.1470295],
     [21.1894448, 43.146965300000005], [21.1895023, 43.1469096],
     [21.189550500000003, 43.1468494], [21.1895865, 43.1467897],
     [21.1896135, 43.146727500000004], [21.1896309, 43.1466635],
     [21.189694000000003, 43.146134200000006],
     [21.1896965, 43.1460712], [21.189711300000003, 43.1460091],
     [21.1897382, 43.145949200000004],
     [21.189770900000003, 43.1458999], [21.1898117, 43.145854],
     [21.1898601, 43.1458122], [21.1899152, 43.145775],
     [21.1899845, 43.1457245], [21.1900473, 43.145669600000005],
     [21.190103, 43.1456108], [21.190151200000003, 43.145548600000005],
     [21.1901915, 43.145483500000005],
     [21.190223900000003, 43.1454153],
     [21.190247600000003, 43.1453453],
     [21.190262500000003, 43.1452741],
     [21.1902684, 43.145202100000006], [21.1903337, 43.1449629],
     [21.190443600000002, 43.1447652], [21.1906582, 43.1446106],
     [21.190862000000003, 43.144418800000004],
     [21.190889000000002, 43.1443749],
     [21.190919700000002, 43.1443249],
     [21.1909774, 43.144213400000005], [21.1910391, 43.1440059],
     [21.1911169, 43.1438944], [21.1911464, 43.143829800000006],
     [21.191136200000003, 43.1437706],
     [21.191010900000002, 43.1436106],
     [21.1908634, 43.143458900000006], [21.190854, 43.1434276],
     [21.1908755, 43.143397300000004],
     [21.190926400000002, 43.1433875], [21.191076600000002, 43.143411],
     [21.1913556, 43.1434599], [21.191538, 43.143466700000005],
     [21.1917177, 43.1434462],
     [21.191910800000002, 43.143381600000005],
     [21.192047600000002, 43.1433033],
     [21.192154900000002, 43.1432094],
     [21.192220600000002, 43.1431174],
     [21.192275600000002, 43.1429471],
     [21.192302400000003, 43.1428649],
     [21.192337300000002, 43.1427886],
     [21.192425800000002, 43.142692700000005],
     [21.192527700000003, 43.1426144],
     [21.193195600000003, 43.142181900000004],
     [21.1935188, 43.1419246], [21.1935872, 43.14186],
     [21.193665000000003, 43.141778800000004],
     [21.1939466, 43.1412738], [21.194023, 43.141175000000004],
     [21.1940807, 43.141129500000005],
     [21.1941376, 43.141111800000004],
     [21.194182700000002, 43.1411068],
     [21.1942282, 43.141104500000004], [21.1942753, 43.141105],
     [21.1943221, 43.1411084], [21.1943829, 43.1411278],
     [21.1944415, 43.1411505], [21.1945193, 43.1411877],
     [21.194564800000002, 43.141205400000004],
     [21.1946128, 43.1412192], [21.194662700000002, 43.1412288],
     [21.1947256, 43.141234700000005], [21.1947863, 43.141236],
     [21.1948516, 43.141231700000006], [21.1949149, 43.1412215],
     [21.195160400000002, 43.1411734],
     [21.195405700000002, 43.141125100000004],
     [21.1956352, 43.1410713], [21.195861100000002, 43.1410099],
     [21.196083, 43.1409411], [21.196237500000002, 43.140894700000004],
     [21.1963888, 43.1408428], [21.1965363, 43.1407855],
     [21.196710600000003, 43.1407085],
     [21.1968783, 43.140624100000004], [21.1969658, 43.1405916],
     [21.197056200000002, 43.140563900000004],
     [21.197149200000002, 43.140540900000005],
     [21.1972489, 43.140522000000004],
     [21.1973503, 43.140508600000004], [21.197763400000003, 43.14049],
     [21.1978735, 43.140483], [21.1979833, 43.140473400000005],
     [21.198118400000002, 43.140457700000006],
     [21.198254900000002, 43.1404513],
     [21.198345200000002, 43.140452200000006],
     [21.1984353, 43.1404572], [21.1984999, 43.1404622],
     [21.1985649, 43.1404596], [21.1986284, 43.1404494],
     [21.198678700000002, 43.1404354], [21.1987257, 43.1404164],
     [21.1987685, 43.140392600000006],
     [21.198804000000003, 43.140366500000006],
     [21.198834400000003, 43.1403371],
     [21.1988591, 43.140305000000005], [21.1988959, 43.1402477],
     [21.1989409, 43.1401935], [21.1989921, 43.1401442],
     [21.199049900000002, 43.140099], [21.1991139, 43.1400584],
     [21.1992124, 43.1400191], [21.1993155, 43.1399867],
     [21.199422300000002, 43.1399616], [21.1995071, 43.1399472],
     [21.1995931, 43.1399374],
     [21.199679800000002, 43.139932200000004],
     [21.2000728, 43.1399762], [21.2005261, 43.1400056],
     [21.2008654, 43.1399899], [21.201290500000002, 43.139941],
     [21.2015533, 43.139927300000004], [21.2017022, 43.1399071],
     [21.2018492, 43.139880500000004], [21.2019938, 43.1398475],
     [21.2021313, 43.139809500000005],
     [21.202265500000003, 43.1397658],
     [21.2023961, 43.139716400000005], [21.2029776, 43.1394869],
     [21.2033397, 43.1393538], [21.2039727, 43.1392462],
     [21.204303900000003, 43.139102300000005],
     [21.204636500000003, 43.1389976],
     [21.204894000000003, 43.1390084], [21.2051649, 43.1389986],
     [21.205375500000002, 43.138889000000006],
     [21.205560600000002, 43.138731500000006],
     [21.205645, 43.138636500000004]]}},
  {"type":"Feature",
   "properties":{},
   "geometry":
   {"type":"LineString",
    "coordinates":
    [[21.205645, 43.138636500000004], [21.205965600000003, 43.1384927],
     [21.2061895, 43.138461400000004],
     [21.2065503, 43.138453500000004],
     [21.2067528, 43.138445700000005], [21.2069459, 43.1383987],
     [21.2072745, 43.1382813], [21.2076983, 43.1381874],
     [21.2080108, 43.138147200000006], [21.2083219, 43.1381668],
     [21.2087712, 43.138245100000006], [21.2091292, 43.1383674],
     [21.2093259, 43.138491200000004],
     [21.209421600000002, 43.138551400000004],
     [21.209675100000002, 43.1387148],
     [21.209832000000002, 43.138914500000006],
     [21.210027800000002, 43.1391836],
     [21.210144500000002, 43.1392922], [21.210249100000002, 43.139346],
     [21.2104368, 43.139400800000004], [21.2107962, 43.1394341],
     [21.2110376, 43.1394302], [21.211260300000003, 43.1393666],
     [21.2114896, 43.139212], [21.2117028, 43.1390436],
     [21.2118678, 43.1389301], [21.2120247, 43.1388636],
     [21.2122178, 43.138819500000004],
     [21.2124029, 43.138804900000004], [21.212543, 43.138820300000006],
     [21.2126392, 43.1388462], [21.2127938, 43.1389125],
     [21.2129279, 43.1390089],
     [21.213125700000003, 43.139190400000004],
     [21.213328200000003, 43.139471300000004],
     [21.213691700000002, 43.1399801],
     [21.213835200000002, 43.1401401], [21.2139364, 43.1402038],
     [21.2140317, 43.140222300000005],
     [21.2141188, 43.140222800000004],
     [21.2141933, 43.140200300000004], [21.2143106, 43.1401005],
     [21.214465500000003, 43.1400056],
     [21.214723000000003, 43.139904800000004],
     [21.2151709, 43.1397825],
     [21.215534400000003, 43.139731600000005],
     [21.2160198, 43.139701200000005], [21.2164356, 43.1397326],
     [21.216786900000002, 43.1397874],
     [21.217175700000002, 43.1398705],
     [21.2172509, 43.139904200000004],
     [21.2175413, 43.140034500000006],
     [21.217937600000003, 43.1402815],
     [21.218175000000002, 43.1404264],
     [21.218350700000002, 43.140500800000005],
     [21.218541100000003, 43.140537900000005],
     [21.218859000000002, 43.1405673], [21.2191057, 43.140582],
     [21.2194839, 43.140646600000004], [21.2196569, 43.1406896],
     [21.2198514, 43.140719000000004],
     [21.2199828, 43.140701400000005], [21.220129, 43.140623100000006],
     [21.2202081, 43.140533000000005], [21.220306, 43.1404225],
     [21.220412, 43.1403491], [21.2205581, 43.140274700000006],
     [21.2206909, 43.140262], [21.220881300000002, 43.1402962],
     [21.2211992, 43.1403794], [21.221366800000002, 43.1404068],
     [21.2215841, 43.1403735], [21.2225255, 43.1401788],
     [21.2231679, 43.139987000000005], [21.2233054, 43.1399576],
     [21.2234616, 43.139949800000004], [21.223583, 43.1399576],
     [21.223701000000002, 43.1399811],
     [21.223788900000002, 43.1400115],
     [21.2239444, 43.140117100000005],
     [21.2240651, 43.140208200000004],
     [21.2241892, 43.140365700000004],
     [21.2244178, 43.140748300000006],
     [21.2247746, 43.141217100000006], [21.22502, 43.1414891],
     [21.225252, 43.1417641], [21.225425, 43.1418844],
     [21.225663700000002, 43.141952], [21.225875600000002, 43.1419441],
     [21.226025800000002, 43.1418884],
     [21.226155900000002, 43.1418071],
     [21.2262488, 43.141736200000004],
     [21.2263799, 43.141600700000005], [21.2264644, 43.1414764],
     [21.2265649, 43.141310000000004]]}},
  {"type":"Feature",
   "properties":{},
   "geometry":
   {"type":"LineString",
    "coordinates":
    [[21.2265649, 43.141310000000004],
     [21.226695000000003, 43.141192600000004], [21.2268627, 43.141084],
     [21.227066500000003, 43.1410125], [21.2273549, 43.1409656],
     [21.227619100000002, 43.1409382], [21.227784, 43.140901],
     [21.2280817, 43.1407806],
     [21.228850700000002, 43.140532500000006],
     [21.2293491, 43.1404645], [21.22951, 43.1404597],
     [21.229775500000002, 43.1404714], [21.2300773, 43.1404812],
     [21.2304059, 43.140528200000006],
     [21.230590900000003, 43.1405947],
     [21.230680800000002, 43.140630900000005],
     [21.2307539, 43.1406505], [21.2308035, 43.140648500000005],
     [21.230915500000002, 43.140638700000004],
     [21.2311133, 43.1405825], [21.2312581, 43.1405443],
     [21.231460000000002, 43.1405042],
     [21.2318442, 43.140402900000005],
     [21.231975600000002, 43.1403647], [21.2320849, 43.140351],
     [21.232165400000003, 43.140350500000004],
     [21.2322284, 43.140368200000005],
     [21.232334400000003, 43.140420000000006],
     [21.2323773, 43.1404836], [21.2323941, 43.1405472],
     [21.2323941, 43.140647], [21.2323847, 43.140821700000004],
     [21.2323753, 43.140936200000006],
     [21.232387300000003, 43.1409984],
     [21.2324236, 43.141041900000005],
     [21.232478500000003, 43.1410683],
     [21.2325516, 43.141074200000006],
     [21.232631400000002, 43.1410615], [21.2327407, 43.1410272],
     [21.232809800000002, 43.1409832],
     [21.2329204, 43.140871100000005],
     [21.2329949, 43.140736100000005],
     [21.2330478, 43.140693500000005], [21.2331048, 43.1406803],
     [21.23319, 43.1406833], [21.2333275, 43.1407126],
     [21.233473, 43.1407581], [21.233591, 43.140785],
     [21.2336902, 43.1407929], [21.2337707, 43.1407831],
     [21.2338129, 43.1407679], [21.2338552, 43.1407292],
     [21.233869300000002, 43.140681300000004],
     [21.233853800000002, 43.1406307],
     [21.2338223, 43.140573200000006], [21.2337667, 43.1404768],
     [21.2337452, 43.1404039], [21.2337425, 43.1403261],
     [21.2337539, 43.1402404], [21.2337962, 43.1401612],
     [21.2338874, 43.1400858], [21.2340403, 43.140002700000004],
     [21.234161, 43.139966400000006], [21.2342796, 43.1399532],
     [21.234454000000003, 43.1399434], [21.2346739, 43.1399537],
     [21.234861000000002, 43.1399684],
     [21.235129200000003, 43.139964500000005],
     [21.235363300000003, 43.1399361], [21.2356301, 43.1398784],
     [21.235822600000002, 43.1398329],
     [21.236093500000003, 43.139748700000005],
     [21.2363195, 43.1396523], [21.2369337, 43.1394062],
     [21.237228100000003, 43.139278000000004],
     [21.237341400000002, 43.1392164],
     [21.237379400000002, 43.1391883], [21.2374493, 43.1391366],
     [21.2377122, 43.138887100000005], [21.2379442, 43.1387099],
     [21.2381829, 43.1385798], [21.2386416, 43.138317],
     [21.2389319, 43.1381658], [21.2397512, 43.1373697],
     [21.240083300000002, 43.1371461],
     [21.240279100000002, 43.137130400000004],
     [21.2405741, 43.1372342], [21.2409523, 43.1373164],
     [21.2411749, 43.137365300000006], [21.2413385, 43.1374221],
     [21.2415987, 43.137676500000005], [21.2417006, 43.1377979],
     [21.2418026, 43.137827200000004],
     [21.241901600000002, 43.137798100000005],
     [21.2419635, 43.137764600000004],
     [21.242357000000002, 43.137518400000005],
     [21.2426412, 43.1373405],
     [21.242975700000002, 43.137224100000005]]}},
  {"type":"Feature",
   "properties":{},
   "geometry":
   {"type":"LineString",
    "coordinates":
    [[21.242975700000002, 43.137224100000005],
     [21.243352700000003, 43.137259],
     [21.243812400000003, 43.137293500000006],
     [21.243978300000002, 43.1372847],
     [21.2446573, 43.137213800000005],
     [21.245050900000003, 43.137168700000004],
     [21.2451812, 43.1371559],
     [21.245352200000003, 43.137156600000004],
     [21.2455052, 43.137180900000004],
     [21.245592600000002, 43.137207100000005],
     [21.2457119, 43.137242400000005],
     [21.2459947, 43.137336600000005], [21.2462398, 43.1374341],
     [21.246677700000003, 43.137640600000005],
     [21.2468581, 43.1377078], [21.246972200000002, 43.1377333],
     [21.247126400000003, 43.1377484],
     [21.247265600000002, 43.137759700000004],
     [21.2473698, 43.1377615], [21.247551700000002, 43.1377753],
     [21.247689100000002, 43.1377923],
     [21.248037200000002, 43.137875300000005],
     [21.248346400000003, 43.137977400000004],
     [21.2485584, 43.138075300000004],
     [21.2487445, 43.138173300000005], [21.2490121, 43.1383262],
     [21.2495158, 43.138541700000005],
     [21.2497858, 43.138593300000004],
     [21.250092000000002, 43.138648700000005],
     [21.250287500000002, 43.1386765],
     [21.250507600000002, 43.138707100000005],
     [21.250770600000003, 43.1387413], [21.2509626, 43.1387817],
     [21.251311400000002, 43.1388436], [21.251593500000002, 43.138863],
     [21.2520352, 43.138857400000006]]}},
  {"type":"Feature",
   "properties":{},
   "geometry":
   {"type":"LineString",
    "coordinates":
    [[21.252741500000003, 43.1388988],
     [21.2525441, 43.138883400000005],
     [21.2520352, 43.138857400000006]]}},
  {"type":"Feature",
   "properties":{},
   "geometry":
   {"type":"LineString",
    "coordinates":
    [[21.2560571, 43.1393295], [21.2556656, 43.1393071],
     [21.255507100000003, 43.139290300000006],
     [21.2551568, 43.139273700000004], [21.2547657, 43.1392487],
     [21.254503, 43.1392225], [21.254277100000003, 43.139185700000006],
     [21.2538717, 43.1391247],
     [21.253501800000002, 43.139055400000004], [21.253086, 43.1389658],
     [21.252741500000003, 43.1388988]]}},
  {"type":"Feature",
   "properties":{},
   "geometry":
   {"type":"LineString",
    "coordinates":
    [[21.257761000000002, 43.139585000000004],
     [21.2576146, 43.1395689], [21.257336300000002, 43.1395245],
     [21.2569275, 43.139454400000005], [21.2565393, 43.1393927],
     [21.2560571, 43.1393295]]}},
  {"type":"Feature",
   "properties":{},
   "geometry":
   {"type":"LineString",
    "coordinates":
    [[21.2629372, 43.1392472], [21.2629164, 43.139245700000004],
     [21.262465000000002, 43.1392126],
     [21.262231800000002, 43.1392314],
     [21.261980700000002, 43.139249400000004],
     [21.2616462, 43.1392711], [21.261338600000002, 43.1392875],
     [21.260934000000002, 43.1393064], [21.260743, 43.1393215],
     [21.2607059, 43.139325], [21.260355500000003, 43.1393636],
     [21.259942000000002, 43.139413600000005],
     [21.2596931, 43.139445800000004], [21.2588867, 43.1395422],
     [21.2586201, 43.1395732], [21.2585428, 43.139575],
     [21.2583786, 43.139571800000006], [21.2581174, 43.1395744],
     [21.2579192, 43.1395889],
     [21.257761000000002, 43.139585000000004]]}},
  {"type":"Feature",
   "properties":{},
   "geometry":
   {"type":"LineString",
    "coordinates":
    [[21.2629372, 43.1392472], [21.2629465, 43.139281700000005],
     [21.2629683, 43.1393113], [21.263008900000003, 43.1393341],
     [21.263068200000003, 43.1393454], [21.2631865, 43.1393494]]}},
  {"type":"Feature",
   "properties":{},
   "geometry":
   {"type":"LineString",
    "coordinates":
    [[21.264392100000002, 43.140290300000004],
     [21.264258700000003, 43.140244900000006],
     [21.2641196, 43.1401817], [21.263715100000002, 43.1398482],
     [21.2631865, 43.1393494]]}},
  {"type":"Feature",
   "properties":{},
   "geometry":
   {"type":"LineString",
    "coordinates":
    [[21.266164500000002, 43.1397308], [21.2655241, 43.1399331],
     [21.265175300000003, 43.140009500000005], [21.2649866, 43.140054],
     [21.2648857, 43.1400839],
     [21.264596700000002, 43.140177800000004],
     [21.264392100000002, 43.140290300000004]]}},
  {"type":"Feature",
   "properties":{},
   "geometry":
   {"type":"LineString",
    "coordinates":
    [[21.2672357, 43.1393642], [21.2664194, 43.1396431],
     [21.266326900000003, 43.1396747],
     [21.266164500000002, 43.1397308]]}},
  {"type":"Feature",
   "properties":{},
   "geometry":
   {"type":"LineString",
    "coordinates":
    [[21.2690027, 43.138690100000005],
     [21.268907000000002, 43.1387213],
     [21.268879300000002, 43.138730800000005],
     [21.268591400000002, 43.138834800000005],
     [21.268515200000003, 43.1388637],
     [21.268342500000003, 43.1389252],
     [21.268194100000002, 43.1389841],
     [21.268136000000002, 43.1390071], [21.2678631, 43.1391153],
     [21.2672357, 43.1393642]]}},
  {"type":"Feature",
   "properties":{},
   "geometry":
   {"type":"LineString",
    "coordinates":
    [[21.270111200000002, 43.138272300000004],
     [21.2700421, 43.1382959], [21.2700211, 43.138303900000004],
     [21.2691026, 43.1386485], [21.2690904, 43.1386532],
     [21.269075100000002, 43.138659000000004],
     [21.2690027, 43.138690100000005]]}},
  {"type":"Feature",
   "properties":{},
   "geometry":
   {"type":"LineString",
    "coordinates":
    [[21.2712378, 43.137863], [21.2710849, 43.1379129],
     [21.2710663, 43.137919700000005], [21.2708069, 43.1380147],
     [21.2702041, 43.138238300000005],
     [21.270178400000002, 43.1382478],
     [21.270111200000002, 43.138272300000004]]}},
  {"type":"Feature",
   "properties":{},
   "geometry":
   {"type":"LineString",
    "coordinates":
    [[21.271631300000003, 43.138424], [21.2715472, 43.1383145],
     [21.271338800000002, 43.138003000000005],
     [21.2713146, 43.137967800000006], [21.2712378, 43.137863]]}},
  {"type":"Feature",
   "properties":{},
   "geometry":
   {"type":"LineString",
    "coordinates":
    [[21.2725656, 43.1380497], [21.272082100000002, 43.1382452],
     [21.271631300000003, 43.138424]]}},
  {"type":"Feature",
   "properties":{},
   "geometry":
   {"type":"LineString",
    "coordinates":
    [[21.2725656, 43.1380497], [21.2730612, 43.1387683]]}},
  {"type":"Feature",
   "properties":{},
   "geometry":
   {"type":"LineString",
    "coordinates":
    [[21.273883100000003, 43.1384325],
     [21.2737796, 43.138474800000004], [21.2737652, 43.1384807],
     [21.2730612, 43.1387683]]}},
  {"type":"Feature",
   "properties":{},
   "geometry":
   {"type":"LineString",
    "coordinates":
    [[21.2746926, 43.1381], [21.2746657, 43.138114200000004],
     [21.274614500000002, 43.1381412],
     [21.2745642, 43.138162400000006], [21.2739109, 43.1384215],
     [21.273883100000003, 43.1384325]]}},
  {"type":"Feature",
   "properties":{},
   "geometry":
   {"type":"LineString",
    "coordinates":
    [[21.2761113, 43.1380503],
     [21.275790500000003, 43.138043800000005],
     [21.2757302, 43.1380491], [21.2756122, 43.1380582],
     [21.2754958, 43.138077700000004],
     [21.2753437, 43.138107000000005],
     [21.2752239, 43.138130600000004],
     [21.275102200000003, 43.1381419],
     [21.2749661, 43.138141000000005], [21.2748306, 43.1381257],
     [21.2746926, 43.1381]]}},
  {"type":"Feature",
   "properties":{},
   "geometry":
   {"type":"LineString",
    "coordinates":
    [[21.2765434, 43.1380898], [21.2761113, 43.1380503]]}},
  {"type":"Feature",
   "properties":{},
   "geometry":
   {"type":"LineString",
    "coordinates":
    [[21.2785109, 43.138254700000005],
     [21.277814000000003, 43.1381935], [21.2776807, 43.1381819],
     [21.2774138, 43.1381613], [21.277373700000002, 43.1381582],
     [21.2773265, 43.138153900000006], [21.2772213, 43.1381462],
     [21.2767793, 43.1381138], [21.2765434, 43.1380898]]}},
  {"type":"Feature",
   "properties":{},
   "geometry":
   {"type":"LineString",
    "coordinates":
    [[21.2785109, 43.138254700000005],
     [21.278666100000002, 43.1382731], [21.278915, 43.1383175],
     [21.2790725, 43.1383518]]}},
  {"type":"Feature",
   "properties":{},
   "geometry":
   {"type":"LineString",
    "coordinates":
    [[21.2790725, 43.1383518], [21.279229700000002, 43.1384008],
     [21.279374100000002, 43.138454700000004], [21.279519, 43.1385185],
     [21.2796394, 43.1385796],
     [21.279731700000003, 43.138632300000005], [21.279888, 43.1387348],
     [21.279999500000002, 43.1388278],
     [21.2800388, 43.138860400000006],
     [21.2800601, 43.138884700000006], [21.2801191, 43.1389519]]}},
  {"type":"Feature",
   "properties":{},
   "geometry":
   {"type":"LineString",
    "coordinates":
    [[21.2801191, 43.1389519], [21.2801818, 43.139031],
     [21.280245100000002, 43.1391147],
     [21.280330000000003, 43.139216600000005],
     [21.2804195, 43.139315800000006],
     [21.280472800000002, 43.139381300000004],
     [21.280559200000003, 43.139484800000005],
     [21.2806497, 43.1396061], [21.280714, 43.1396973]]}},
  {"type":"Feature",
   "properties":{},
   "geometry":
   {"type":"LineString",
    "coordinates":
    [[21.280714, 43.1396973], [21.280798500000003, 43.1398402],
     [21.280862900000002, 43.1399674],
     [21.2809175, 43.140086700000005],
     [21.2810206, 43.140338400000005],
     [21.281097900000002, 43.140472900000006],
     [21.281191, 43.140636400000005], [21.2812312, 43.1407046],
     [21.2812792, 43.140777400000005], [21.2813646, 43.1409144],
     [21.2814772, 43.14107], [21.2814957, 43.1410956],
     [21.281662500000003, 43.1413458],
     [21.281734200000002, 43.1414641],
     [21.281752700000002, 43.1414953],
     [21.281777700000003, 43.141536800000004],
     [21.2817955, 43.141581800000004],
     [21.281806500000002, 43.141615800000004],
     [21.281822000000002, 43.141661500000005],
     [21.2818313, 43.141709600000006], [21.2818355, 43.1417924],
     [21.2818231, 43.1418842], [21.281803800000002, 43.1419462],
     [21.2817678, 43.142054300000005], [21.2817249, 43.142155],
     [21.2816727, 43.142274900000004],
     [21.281624800000003, 43.1423974],
     [21.2816133, 43.142479300000005],
     [21.281603800000003, 43.1425636],
     [21.281609300000003, 43.1426208],
     [21.281614100000002, 43.1426559],
     [21.281638700000002, 43.142711000000006],
     [21.2816793, 43.1427597], [21.2817201, 43.1427933],
     [21.2817744, 43.1428242], [21.281829700000003, 43.1428524],
     [21.2819107, 43.1428694], [21.281991700000003, 43.1428755],
     [21.2820584, 43.142873300000005], [21.282088, 43.1428701],
     [21.282212, 43.142847700000004],
     [21.282307300000003, 43.142819700000004],
     [21.2823637, 43.142798000000006],
     [21.282420600000002, 43.142765700000005],
     [21.2824776, 43.142731100000006],
     [21.282540700000002, 43.1426875],
     [21.2826039, 43.142641700000006], [21.2828379, 43.1424742],
     [21.2828622, 43.1424591], [21.283021100000003, 43.1423701],
     [21.283092, 43.142336300000004], [21.2831748, 43.1422995],
     [21.283246000000002, 43.1422745],
     [21.2833785, 43.142229500000006],
     [21.2835664, 43.142171000000005], [21.2838306, 43.1420922],
     [21.283943800000003, 43.1420517],
     [21.284028900000003, 43.1420192],
     [21.284079600000002, 43.141997]]}},
  {"type":"Feature",
   "properties":{},
   "geometry":
   {"type":"LineString",
    "coordinates":
    [[21.284079600000002, 43.141997],
     [21.284398200000002, 43.141839000000004],
     [21.2846288, 43.141723500000005],
     [21.284864600000002, 43.141624500000006],
     [21.284930300000003, 43.141597000000004],
     [21.2849991, 43.141577000000005], [21.2850669, 43.1415604],
     [21.285214, 43.1415349], [21.28537, 43.1415145],
     [21.2856251, 43.1414826], [21.2859421, 43.1414441],
     [21.2861419, 43.1414187],
     [21.286263100000003, 43.141400700000005],
     [21.2863736, 43.1413802], [21.2865717, 43.141339300000006],
     [21.2866317, 43.141326], [21.2867353, 43.1413026],
     [21.286948000000002, 43.141252],
     [21.287160800000002, 43.141198800000005]]}},
  {"type":"Feature",
   "properties":{},
   "geometry":
   {"type":"LineString",
    "coordinates":
    [[21.287160800000002, 43.141198800000005],
     [21.287742400000003, 43.1410594], [21.2879784, 43.1410083],
     [21.2881052, 43.1409815], [21.288239100000002, 43.1409547],
     [21.2883794, 43.1409298], [21.2888404, 43.140850900000004],
     [21.2892213, 43.140794500000005], [21.2892692, 43.1407861],
     [21.2894031, 43.1407625], [21.289517200000002, 43.1407387],
     [21.289553700000003, 43.1407311]]}},
  {"type":"Feature",
   "properties":{},
   "geometry":
   {"type":"LineString",
    "coordinates":
    [[21.289553700000003, 43.1407311], [21.2896545, 43.1407028],
     [21.289762500000002, 43.140670500000006], [21.289833, 43.1406451],
     [21.289968700000003, 43.1405964],
     [21.290050500000003, 43.1405674], [21.2900797, 43.1405578],
     [21.290199400000002, 43.140508100000005],
     [21.2905196, 43.1403802],
     [21.290680000000002, 43.140312200000004],
     [21.2907568, 43.1402816], [21.290949, 43.140199100000004],
     [21.2910247, 43.1401711], [21.2910957, 43.1401477],
     [21.2911222, 43.140138900000004], [21.2912497, 43.1401072],
     [21.2913375, 43.1400931], [21.2913578, 43.140089800000005],
     [21.291475300000002, 43.140079300000004],
     [21.291576900000003, 43.1400791],
     [21.291695200000003, 43.1400872], [21.2918163, 43.1401041],
     [21.2919516, 43.140134], [21.2921096, 43.14018],
     [21.2921841, 43.140202800000004], [21.2922568, 43.1402282],
     [21.2923365, 43.140257500000004], [21.2924234, 43.1402945],
     [21.2926259, 43.140388300000005],
     [21.292835500000002, 43.1404847], [21.2932405, 43.1406749],
     [21.2935018, 43.1407977], [21.293794600000002, 43.1409353],
     [21.293912300000002, 43.1409906],
     [21.293996800000002, 43.141034700000006],
     [21.2940812, 43.141081400000004],
     [21.294171000000002, 43.141131400000006],
     [21.2942608, 43.141187800000004],
     [21.294396600000002, 43.1412879], [21.2945214, 43.1413919],
     [21.2945555, 43.1414203], [21.29467, 43.1415166],
     [21.2948112, 43.14164], [21.2951795, 43.141959400000005],
     [21.2952932, 43.1420601]]}},
  {"type":"Feature",
   "properties":{},
   "geometry":
   {"type":"LineString",
    "coordinates":
    [[21.2952932, 43.1420601], [21.2953745, 43.1420765]]}},
  {"type":"Feature",
   "properties":{},
   "geometry":
   {"type":"LineString",
    "coordinates":
    [[21.2953745, 43.1420765], [21.295440900000003, 43.1420657],
     [21.295489200000002, 43.142052], [21.295545500000003, 43.1420246],
     [21.2955831, 43.141995300000005],
     [21.2956273, 43.141945400000004],
     [21.295641800000002, 43.1419311],
     [21.295671600000002, 43.141863300000004]]}},
  {"type":"Feature",
   "properties":{},
   "geometry":
   {"type":"LineString",
    "coordinates":
    [[21.295671600000002, 43.141863300000004],
     [21.2956609, 43.1418191]]}},
  {"type":"Feature",
   "properties":{},
   "geometry":
   {"type":"LineString",
    "coordinates":
    [[21.2956609, 43.1418191], [21.2956353, 43.141645600000004],
     [21.2956138, 43.1415116], [21.295596200000002, 43.14139],
     [21.295574700000003, 43.141255400000006], [21.2955264, 43.140974],
     [21.295482500000002, 43.140706300000005]]}},
  {"type":"Feature",
   "properties":{},
   "geometry":
   {"type":"LineString",
    "coordinates":
    [[21.295482500000002, 43.140706300000005],
     [21.295453700000003, 43.1405976],
     [21.295440300000003, 43.1405486],
     [21.295439000000002, 43.1405437]]}},
  {"type":"Feature",
   "properties":{},
   "geometry":
   {"type":"LineString",
    "coordinates":
    [[21.295439000000002, 43.1405437],
     [21.2954249, 43.140492200000004],
     [21.295404400000002, 43.140422900000004],
     [21.2953839, 43.140359600000004],
     [21.295343000000003, 43.1402506],
     [21.295291900000002, 43.140140200000005],
     [21.295244800000003, 43.140044700000004],
     [21.295203400000002, 43.139969900000004], [21.2951619, 43.139901],
     [21.295077000000003, 43.139779600000004],
     [21.295007700000003, 43.139697600000005],
     [21.2949385, 43.139621500000004],
     [21.2948652, 43.139543200000006],
     [21.2947919, 43.139473800000005], [21.294701, 43.139389200000004],
     [21.2946102, 43.139309100000006], [21.2944448, 43.1391651],
     [21.294177, 43.1389366], [21.2940976, 43.1388648],
     [21.2940924, 43.1388601]]}},
  {"type":"Feature",
   "properties":{},
   "geometry":
   {"type":"LineString",
    "coordinates":
    [[21.2940924, 43.1388601], [21.2939954, 43.1387724],
     [21.2938097, 43.1386023], [21.2937313, 43.1385317],
     [21.2936447, 43.138446300000005], [21.293602800000002, 43.138398],
     [21.293560900000003, 43.1383467],
     [21.293522000000003, 43.138296100000005],
     [21.293479100000003, 43.1382382],
     [21.293436200000002, 43.1381728], [21.2933974, 43.1381059]]}},
  {"type":"Feature",
   "properties":{},
   "geometry":
   {"type":"LineString",
    "coordinates":
    [[21.2933974, 43.1381059], [21.2933397, 43.137994400000004],
     [21.2932926, 43.1378919],
     [21.293265100000003, 43.137828000000006],
     [21.2932376, 43.137752600000006], [21.2932101, 43.1376733],
     [21.2931826, 43.137582300000005], [21.293136, 43.137409600000005],
     [21.293089400000003, 43.1372202],
     [21.293021000000003, 43.1369291]]}},
  {"type":"Feature",
   "properties":{},
   "geometry":
   {"type":"LineString",
    "coordinates":
    [[21.293021000000003, 43.1369291], [21.2929086, 43.1364913]]}},
  {"type":"Feature",
   "properties":{},
   "geometry":
   {"type":"LineString",
    "coordinates":
    [[21.2929086, 43.1364913], [21.2929953, 43.1365221],
     [21.293089000000002, 43.136554200000006], [21.293745, 43.1367503],
     [21.294092900000003, 43.1368114],
     [21.294375600000002, 43.1369185], [21.2947521, 43.1372068],
     [21.2951598, 43.137559100000004], [21.2953663, 43.1377029],
     [21.2956037, 43.1378507], [21.295771300000002, 43.1379202],
     [21.295987200000003, 43.1379456]]}},
  {"type":"Feature",
   "properties":{},
   "geometry":
   {"type":"LineString",
    "coordinates":
    [[21.295987200000003, 43.1379456], [21.2960932, 43.137881],
     [21.2961803, 43.137824300000005], [21.2962142, 43.1377913],
     [21.296240700000002, 43.1377548],
     [21.2962591, 43.137715500000006],
     [21.2962688, 43.137674600000004],
     [21.296274200000003, 43.1375571],
     [21.2962835, 43.137515400000005],
     [21.296303700000003, 43.137475900000005],
     [21.296324900000002, 43.1374494], [21.296351, 43.137425500000006],
     [21.296381500000003, 43.1374045],
     [21.296498200000002, 43.1373477],
     [21.296782500000003, 43.137233200000004],
     [21.2968511, 43.1372141],
     [21.296922000000002, 43.137199900000006],
     [21.296998600000002, 43.1371903],
     [21.297076200000003, 43.137186400000004],
     [21.297154000000003, 43.137188200000004],
     [21.2974061, 43.137220500000005],
     [21.297552300000003, 43.137233200000004],
     [21.2976008, 43.1372305], [21.2976475, 43.137220500000005],
     [21.297687200000002, 43.137205], [21.2977221, 43.1371842],
     [21.297750800000003, 43.1371588],
     [21.2979667, 43.136949400000006], [21.2980136, 43.1369075],
     [21.2980646, 43.1368682], [21.2981336, 43.1368232],
     [21.2982081, 43.136783], [21.2982854, 43.1367349],
     [21.2983569, 43.1366822], [21.2984219, 43.136625800000004],
     [21.2984803, 43.1365658], [21.2986574, 43.136411100000004],
     [21.298732700000002, 43.1363633], [21.2988143, 43.1363211],
     [21.2989095, 43.136282], [21.2990101, 43.136250600000004],
     [21.299132800000002, 43.136225200000005],
     [21.299256800000002, 43.1362037], [21.299424400000003, 43.136181],
     [21.299593400000003, 43.136165500000004],
     [21.2997921, 43.1361421], [21.2999891, 43.1361117],
     [21.300157000000002, 43.13608], [21.300323000000002, 43.1360432],
     [21.300635500000002, 43.135977600000004],
     [21.300783000000003, 43.135959], [21.3008253, 43.135955900000006],
     [21.300867500000003, 43.135959], [21.3009074, 43.135968000000005],
     [21.300944100000002, 43.135982600000006],
     [21.3009761, 43.136002100000006], [21.301004300000002, 43.136034],
     [21.3010257, 43.1360686], [21.301041, 43.136108500000006],
     [21.3010473, 43.1361496], [21.3010445, 43.1361909],
     [21.301037, 43.1362618], [21.3010378, 43.1363329],
     [21.3010507, 43.1364217],
     [21.301076700000003, 43.136509000000004],
     [21.301101000000003, 43.136540700000005],
     [21.3011331, 43.1365685], [21.3011719, 43.136591200000005],
     [21.301213100000002, 43.1366073],
     [21.301257500000002, 43.1366177],
     [21.301303700000002, 43.136622200000005],
     [21.301350300000003, 43.1366206],
     [21.301590400000002, 43.1365716],
     [21.3019994, 43.136446400000004], [21.3021429, 43.1363994],
     [21.3021728, 43.136388600000004], [21.3022026, 43.1363793],
     [21.302226, 43.1363758], [21.3023211, 43.136367500000006],
     [21.3024165, 43.1363617],
     [21.302556900000003, 43.136357800000006],
     [21.3026974, 43.1363592], [21.3028912, 43.1363593],
     [21.3031568, 43.1363818], [21.303234, 43.1363998],
     [21.303307, 43.136425800000005], [21.303355800000002, 43.1364491],
     [21.3034012, 43.1364759], [21.3034424, 43.136506100000005],
     [21.3034764, 43.1365411],
     [21.303501800000003, 43.136579700000006],
     [21.303517900000003, 43.136621000000005],
     [21.303524200000002, 43.136663600000006],
     [21.3035792, 43.137007100000005], [21.3035749, 43.1370621],
     [21.3035785, 43.137117100000005],
     [21.303589900000002, 43.1371715], [21.303615, 43.137237600000006],
     [21.303651600000002, 43.137300700000004],
     [21.3038126, 43.1375102],
     [21.304062000000002, 43.137899600000004],
     [21.304125000000003, 43.1379703], [21.3041805, 43.1380441],
     [21.304228300000002, 43.1381208],
     [21.304266100000003, 43.1381955], [21.3042966, 43.138272],
     [21.304319500000002, 43.1383498],
     [21.304346300000002, 43.138586600000004],
     [21.304348400000002, 43.138651200000005],
     [21.304359100000003, 43.1387154],
     [21.304378500000002, 43.1387784],
     [21.304403200000003, 43.1388339], [21.3044346, 43.1388875],
     [21.3044724, 43.1389389],
     [21.304649400000002, 43.139072000000006],
     [21.304699900000003, 43.1390888],
     [21.3047529, 43.139100600000006],
     [21.3048077, 43.139107200000005],
     [21.304864000000002, 43.139108500000006],
     [21.3049202, 43.1391044], [21.304975000000002, 43.1390947],
     [21.305027600000003, 43.139079800000005],
     [21.30508, 43.139060900000004], [21.3054138, 43.1389409],
     [21.305743800000002, 43.1387647],
     [21.306194400000003, 43.1385847], [21.3064089, 43.1384868],
     [21.3065779, 43.138365500000006], [21.3066877, 43.1383038],
     [21.3068032, 43.138248000000004],
     [21.306912200000003, 43.1382029], [21.3070251, 43.1381631],
     [21.3071412, 43.1381286], [21.3076374, 43.137987700000004],
     [21.3078064, 43.1379427], [21.3081014, 43.1378957],
     [21.308320000000002, 43.137839], [21.308394800000002, 43.1378092],
     [21.308463500000002, 43.1377724],
     [21.308517300000002, 43.137735400000004],
     [21.3085649, 43.137694100000004],
     [21.3086057, 43.137649100000004], [21.3086351, 43.1375984],
     [21.308671, 43.137550000000005], [21.308713, 43.1375043],
     [21.3087628, 43.1374599], [21.3088184, 43.137419300000005],
     [21.3088793, 43.137382900000006],
     [21.3091341, 43.137212600000005],
     [21.309209600000003, 43.1371568],
     [21.309276200000003, 43.137095200000005],
     [21.309329, 43.137033900000006], [21.309372800000002, 43.136969],
     [21.3094033, 43.136897100000006],
     [21.309422400000003, 43.1368232], [21.3094292, 43.1367661],
     [21.3094292, 43.1367089],
     [21.309422400000003, 43.136651900000004],
     [21.3093755, 43.136406300000004], [21.3093775, 43.1363603],
     [21.3093861, 43.1363148], [21.3094009, 43.136270200000006],
     [21.3094255, 43.136220900000005],
     [21.3094579, 43.136174000000004],
     [21.309497500000003, 43.136130300000005],
     [21.309748300000003, 43.1359208],
     [21.3098502, 43.135809300000005], [21.309944100000003, 43.135686],
     [21.309986300000002, 43.135646],
     [21.310032600000003, 43.135608700000006],
     [21.310103700000003, 43.135561100000004],
     [21.310181500000002, 43.1355196], [21.3103732, 43.1354247],
     [21.3104324, 43.1353762], [21.3104832, 43.135322900000006],
     [21.310522600000002, 43.135269400000006],
     [21.310553600000002, 43.1352131],
     [21.310575800000002, 43.1351546],
     [21.310594100000003, 43.135085000000004],
     [21.3106061, 43.1350148],
     [21.310612000000003, 43.134944100000006],
     [21.3106103, 43.1348544], [21.310598600000002, 43.134765],
     [21.310491300000002, 43.1345116], [21.3103303, 43.134126],
     [21.310240500000003, 43.133869600000004],
     [21.3101942, 43.133721300000005], [21.3101905, 43.1336832],
     [21.310190900000002, 43.133645], [21.310198, 43.1335928],
     [21.310212800000002, 43.1335416], [21.3102351, 43.1334918],
     [21.3103732, 43.1332794], [21.3104765, 43.1331776],
     [21.310504, 43.133157600000004], [21.3105355, 43.133141200000004],
     [21.3105704, 43.1331287], [21.3106204, 43.133118800000005],
     [21.310672200000003, 43.1331172],
     [21.310723300000003, 43.1331238], [21.3111833, 43.1332001],
     [21.311237600000002, 43.1332049],
     [21.311292400000003, 43.133205200000006],
     [21.3113469, 43.1332011], [21.3114011, 43.133192400000006],
     [21.3114536, 43.1331793], [21.3115038, 43.133162000000006],
     [21.311553200000002, 43.1331354],
     [21.3115972, 43.133104200000005],
     [21.3116352, 43.133069000000006],
     [21.3116658, 43.133031300000006],
     [21.3116895, 43.132991100000005], [21.3117057, 43.1329489],
     [21.311714300000002, 43.1329056],
     [21.311759900000002, 43.132656000000004], [21.311775, 43.1326048],
     [21.3118015, 43.1325562], [21.31184, 43.1325103],
     [21.3118887, 43.132470000000005],
     [21.311965200000003, 43.132426900000006],
     [21.3120483, 43.1323908], [21.312114400000002, 43.1323686],
     [21.312183, 43.132350900000006], [21.3122535, 43.1323379],
     [21.312441200000002, 43.132307600000004],
     [21.312534000000003, 43.1322847], [21.3126223, 43.1322537],
     [21.312702, 43.132216400000004], [21.3127752, 43.1321725],
     [21.3129522, 43.1319973], [21.313317, 43.131640100000006],
     [21.3133892, 43.131558000000005], [21.3134564, 43.1314737],
     [21.3134754, 43.1314471], [21.313524700000002, 43.1313784],
     [21.313586500000003, 43.1312809],
     [21.3137314, 43.131068500000005],
     [21.3138118, 43.130980400000006], [21.313849, 43.1309611]]}},
  {"type":"Feature",
   "properties":{},
   "geometry":
   {"type":"LineString",
    "coordinates":
    [[21.313849, 43.1309611], [21.3138903, 43.1309471],
     [21.313927900000003, 43.1309398], [21.3139667, 43.1309368],
     [21.3140056, 43.130938300000004],
     [21.3140438, 43.130931700000005], [21.3140807, 43.1309222],
     [21.3141359, 43.130901200000004],
     [21.314185300000002, 43.1308737], [21.3142886, 43.1308145],
     [21.3144241, 43.1307695], [21.3144847, 43.1307672],
     [21.3145454, 43.1307685], [21.3146233, 43.1307758],
     [21.3146996, 43.1307891], [21.3150148, 43.1309011],
     [21.3151516, 43.1309638], [21.3151976, 43.130995000000006]]}},
  {"type":"Feature",
   "properties":{},
   "geometry":
   {"type":"LineString",
    "coordinates":
    [[21.3151976, 43.130995000000006], [21.3152736, 43.1309227],
     [21.3153271, 43.1308723], [21.3153742, 43.130818700000006],
     [21.315414500000003, 43.1307622], [21.3154477, 43.1307029],
     [21.315473500000003, 43.1306418],
     [21.315504800000003, 43.130549200000004],
     [21.3155311, 43.1304558], [21.315549, 43.1303782],
     [21.3155633, 43.1303002], [21.3155767, 43.1301113],
     [21.3155825, 43.1300438], [21.3155995, 43.129977200000006],
     [21.3156201, 43.1299275], [21.315647000000002, 43.1298794],
     [21.31568, 43.1298333], [21.3158476, 43.129528],
     [21.3159308, 43.129325400000006],
     [21.3159533, 43.129240700000004],
     [21.3159871, 43.129158000000004],
     [21.316021900000003, 43.129094300000006],
     [21.3160636, 43.1290327], [21.3162272, 43.1288282],
     [21.316376, 43.128615800000006], [21.316396700000002, 43.1285891],
     [21.3164228, 43.128565], [21.3164538, 43.1285443],
     [21.3165003, 43.128523], [21.3165517, 43.1285091],
     [21.316598300000003, 43.128503200000004],
     [21.3166456, 43.1285042],
     [21.316688300000003, 43.128511100000004],
     [21.3167285, 43.1285237], [21.316764900000003, 43.1285414],
     [21.3168627, 43.1285918], [21.3169554, 43.1286471],
     [21.3170392, 43.128704500000005],
     [21.3171176, 43.128766000000006], [21.3171901, 43.1288311],
     [21.3172459, 43.128881400000004],
     [21.317307300000003, 43.128928200000004],
     [21.317373800000002, 43.1289711], [21.3174645, 43.1290192],
     [21.3175616, 43.129060100000004], [21.3177533, 43.129112],
     [21.3178047, 43.1291239], [21.3178579, 43.129129600000006],
     [21.3179115, 43.1291292], [21.317964200000002, 43.1291226],
     [21.3180149, 43.129110000000004], [21.3182268, 43.1290435],
     [21.318285900000003, 43.1290211],
     [21.3183411, 43.128993900000005],
     [21.318391700000003, 43.128962300000005],
     [21.3184408, 43.1289232], [21.3184828, 43.1288801],
     [21.318517, 43.128833400000005]]}},
  {"type":"Feature",
   "properties":{},
   "geometry":
   {"type":"LineString",
    "coordinates":
    [[21.318517, 43.128833400000005],
     [21.318491100000003, 43.128728900000006],
     [21.3184574, 43.1286256], [21.3184192, 43.128530600000005],
     [21.3183745, 43.1284373], [21.318323300000003, 43.1283456],
     [21.318162700000002, 43.1281854],
     [21.318092200000002, 43.1281422],
     [21.318010400000002, 43.1280872], [21.317937, 43.128038700000005],
     [21.317878, 43.1279862], [21.317808600000003, 43.1279235],
     [21.317755000000002, 43.1278452], [21.3177425, 43.1277964],
     [21.3177367, 43.127716400000004],
     [21.317714000000002, 43.1276178], [21.3176911, 43.127589]]}},
  {"type":"Feature",
   "properties":{},
   "geometry":
   {"type":"LineString",
    "coordinates":
    [[21.3176911, 43.127589], [21.317690000000002, 43.1275094],
     [21.317671500000003, 43.1274412],
     [21.317493000000002, 43.127115700000004],
     [21.3173537, 43.1268618], [21.317057300000002, 43.1262197],
     [21.3169848, 43.1260053], [21.316901700000003, 43.1257929],
     [21.316813200000002, 43.125593300000006],
     [21.316526200000002, 43.1251411], [21.3161427, 43.1246438],
     [21.3158208, 43.1241975], [21.3156237, 43.123952700000004],
     [21.315598100000003, 43.123917000000006],
     [21.3155821, 43.1238784], [21.315576200000002, 43.1238389]]}},
  {"type":"Feature",
   "properties":{},
   "geometry":
   {"type":"LineString",
    "coordinates":
    [[21.315576200000002, 43.1238389], [21.3154086, 43.1236383],
     [21.3151592, 43.123466900000004],
     [21.3148534, 43.123353900000005], [21.3146567, 43.1232702],
     [21.314488700000002, 43.1232053],
     [21.3146258, 43.123073600000005],
     [21.3148206, 43.122620500000004],
     [21.314898900000003, 43.1221991],
     [21.3150261, 43.121804700000006],
     [21.3152255, 43.121490400000006],
     [21.315355500000003, 43.1208576], [21.31537, 43.120724700000004],
     [21.315479800000002, 43.120433600000005],
     [21.3154711, 43.120307100000005], [21.3150492, 43.1193558],
     [21.315005900000003, 43.1190499],
     [21.314823800000003, 43.1186449],
     [21.3148614, 43.118391800000005], [21.3148874, 43.1179994],
     [21.315003, 43.117425700000005], [21.3150087, 43.1172253],
     [21.3149394, 43.116738000000005],
     [21.3148874, 43.116305600000004], [21.3147978, 43.1159976],
     [21.3147804, 43.1158816],
     [21.315040500000002, 43.115438600000004],
     [21.315237, 43.114841600000005], [21.315274600000002, 43.1146137],
     [21.3151648, 43.114215], [21.315211, 43.114063200000004],
     [21.3152139, 43.1139176], [21.3152255, 43.113740400000005],
     [21.3154769, 43.113194], [21.315560700000002, 43.1127637],
     [21.3156792, 43.1126329], [21.315829400000002, 43.1125422],
     [21.315921900000003, 43.1124072], [21.3160433, 43.1121245],
     [21.316098200000003, 43.111947300000004], [21.316234, 43.1117405],
     [21.316424700000002, 43.1112131], [21.3165288, 43.1110127],
     [21.3166964, 43.110833400000004], [21.3168149, 43.1106287],
     [21.3169247, 43.110343900000004],
     [21.3170605, 43.110276400000004],
     [21.3173292, 43.110192000000005],
     [21.317476600000003, 43.1101182],
     [21.317600900000002, 43.109877700000006],
     [21.3178696, 43.1095866],
     [21.317927400000002, 43.109432600000005],
     [21.3179708, 43.109301800000004], [21.3179506, 43.1091372],
     [21.3179795, 43.1086942], [21.317965, 43.1084326],
     [21.3179361, 43.108268], [21.3178494, 43.108040100000004],
     [21.3178147, 43.107869300000004],
     [21.317956300000002, 43.1073524],
     [21.3179827, 43.107248500000004]]}},
  {"type":"Feature",
   "properties":{},
   "geometry":
   {"type":"LineString",
    "coordinates":
    [[21.3179827, 43.107248500000004], [21.3180829, 43.1072288],
     [21.318179800000003, 43.1072015], [21.3183253, 43.1071467],
     [21.318446, 43.1070949], [21.318560700000003, 43.107036400000005],
     [21.318668600000002, 43.106971400000006],
     [21.318774700000002, 43.1068962], [21.3188718, 43.1068148],
     [21.318926700000002, 43.106779700000004],
     [21.3189871, 43.106749900000004],
     [21.3190521, 43.106725700000005],
     [21.3191206, 43.106707500000006], [21.319189, 43.106696],
     [21.319258700000002, 43.106690400000005],
     [21.319381500000002, 43.1066992], [21.3195048, 43.1067012],
     [21.3196334, 43.106695900000005], [21.319761, 43.106683100000005],
     [21.3198249, 43.1066688], [21.319887700000002, 43.1066522],
     [21.319993200000003, 43.106618100000006],
     [21.3200942, 43.106577300000005], [21.3203698, 43.1064603],
     [21.3204813, 43.1064207], [21.3205965, 43.1063874],
     [21.320687600000003, 43.1063661],
     [21.3207802, 43.106348700000005], [21.3211577, 43.1063139],
     [21.3215514, 43.1062841], [21.3219014, 43.1062792],
     [21.322037100000003, 43.1062591],
     [21.3221709, 43.106233200000005], [21.3223011, 43.1062019],
     [21.3224284, 43.106165100000005],
     [21.3228294, 43.106067700000004], [21.3232076, 43.1059854],
     [21.323780300000003, 43.105865], [21.3241169, 43.105785700000006],
     [21.3241695, 43.1057696], [21.3242194, 43.1057493],
     [21.3242657, 43.105725], [21.3243177, 43.1056898],
     [21.3243623, 43.1056496], [21.3244119, 43.105569300000006],
     [21.3244668, 43.1054954], [21.3245286, 43.105424400000004],
     [21.324581600000002, 43.1053732], [21.324652, 43.105273600000004],
     [21.3246739, 43.105229300000005],
     [21.3247031, 43.105187300000004], [21.3247392, 43.1051483],
     [21.324790800000002, 43.1051061],
     [21.3248505, 43.105070000000005], [21.3250697, 43.1049902],
     [21.3251363, 43.104964700000004],
     [21.3251965, 43.104931900000004], [21.3252376, 43.1049019],
     [21.325273300000003, 43.1048685], [21.325303100000003, 43.104832],
     [21.325358700000002, 43.1046783],
     [21.3254036, 43.104576800000004], [21.3254607, 43.1044786],
     [21.3255075, 43.1044123],
     [21.325559900000002, 43.104348200000004],
     [21.3256176, 43.1042866], [21.3258268, 43.104054600000005],
     [21.3258668, 43.104025500000006], [21.325911, 43.104],
     [21.3259589, 43.1039782], [21.3260101, 43.103960400000005],
     [21.3260638, 43.103947000000005], [21.3261192, 43.1039381],
     [21.3263813, 43.1038651], [21.3264409, 43.1038525],
     [21.326502, 43.1038445], [21.3265566, 43.1038415],
     [21.3266113, 43.1038421],
     [21.326691200000003, 43.103850900000005],
     [21.3267703, 43.103863100000005], [21.3268749, 43.1038851],
     [21.3269768, 43.1039131], [21.327226900000003, 43.1039904],
     [21.328011500000002, 43.104232800000005],
     [21.328089000000002, 43.1042295], [21.3281657, 43.1042201],
     [21.3282338, 43.1042063], [21.3282998, 43.104187700000004],
     [21.3285103, 43.1041104], [21.3285667, 43.1040955],
     [21.3286251, 43.104085700000006], [21.3286847, 43.104081],
     [21.328745, 43.1040816], [21.328804700000003, 43.104087500000006],
     [21.328863100000003, 43.1040986],
     [21.3292278, 43.104168200000004],
     [21.329310300000003, 43.1041747], [21.329393200000002, 43.104176],
     [21.329475900000002, 43.1041721], [21.3295505, 43.1041639],
     [21.329624000000003, 43.1041515],
     [21.3296959, 43.104134900000005],
     [21.329782700000003, 43.1041024],
     [21.329865100000003, 43.1040645],
     [21.329942600000003, 43.1040213],
     [21.330014700000003, 43.103973100000005],
     [21.330080600000002, 43.1039204],
     [21.3301398, 43.103863600000004],
     [21.330366400000003, 43.103730500000005],
     [21.3304528, 43.1036732], [21.3305456, 43.1036215],
     [21.330644000000003, 43.1035758], [21.330731, 43.103542100000006],
     [21.3308211, 43.1035131], [21.3308724, 43.1035094],
     [21.3309257, 43.1035114]]}},
  {"type":"Feature",
   "properties":{},
   "geometry":
   {"type":"LineString",
    "coordinates":
    [[21.3309257, 43.1035114], [21.3309588, 43.103473300000005],
     [21.3309994, 43.1034394], [21.331044300000002, 43.1034117],
     [21.3310926, 43.1033873], [21.3311439, 43.103366300000005],
     [21.331197600000003, 43.1033491], [21.3312303, 43.1033387],
     [21.3312643, 43.1033307], [21.3313105, 43.103323800000005],
     [21.331357500000003, 43.1033212], [21.3316157, 43.1033217],
     [21.3321045, 43.1033143], [21.3324257, 43.1033075],
     [21.332513000000002, 43.103297600000005],
     [21.332598700000002, 43.103282],
     [21.332686900000002, 43.103259400000006],
     [21.332771700000002, 43.1032306], [21.332844700000003, 43.103188],
     [21.3329118, 43.1031405], [21.332967, 43.1030937],
     [21.333016500000003, 43.1030436], [21.3331701, 43.1028505],
     [21.3332646, 43.1027317], [21.3334389, 43.1024546],
     [21.333493200000003, 43.1024073], [21.3335502, 43.1023616],
     [21.3336171, 43.102312500000004], [21.333687, 43.1022656],
     [21.3339727, 43.102091300000005], [21.3340813, 43.1020022],
     [21.3341014, 43.1019699], [21.3341205, 43.101940000000006],
     [21.3341363, 43.10192], [21.334175400000003, 43.1018899],
     [21.3342215, 43.101865800000006], [21.3342865, 43.1018343],
     [21.3344783, 43.1017564], [21.3346172, 43.1016781],
     [21.334751800000003, 43.1015959],
     [21.334885800000002, 43.1015072],
     [21.335014700000002, 43.1014147], [21.335077000000002, 43.101376],
     [21.3351344, 43.1013335], [21.3351864, 43.101287400000004],
     [21.335246100000003, 43.1012217],
     [21.335295000000002, 43.101151300000005],
     [21.335523000000002, 43.1009163],
     [21.335925300000003, 43.1005638],
     [21.336253900000003, 43.1003209],
     [21.3363045, 43.100295300000006],
     [21.336433600000003, 43.1002299],
     [21.337026400000003, 43.0999968],
     [21.337297300000003, 43.0998803], [21.3374703, 43.0997843],
     [21.337743800000002, 43.0996609],
     [21.3380201, 43.099567900000004], [21.3381246, 43.0995477],
     [21.3382307, 43.099532700000005],
     [21.3383334, 43.099523000000005],
     [21.3384368, 43.099518100000004], [21.3385405, 43.099518],
     [21.3390407, 43.0995238], [21.339153, 43.0995068],
     [21.339263300000002, 43.0994837],
     [21.339363300000002, 43.099456800000006],
     [21.3394605, 43.0994249], [21.3397837, 43.099311300000004],
     [21.3398612, 43.0992959], [21.339940600000002, 43.0992869],
     [21.3400171, 43.0992844], [21.3400554, 43.0992848],
     [21.340093500000002, 43.099287800000006],
     [21.3401508, 43.099297500000006],
     [21.340205700000002, 43.0993129],
     [21.340257100000002, 43.099333900000005],
     [21.340345900000003, 43.0993933], [21.3404397, 43.0994485],
     [21.3405381, 43.099499200000004],
     [21.3406406, 43.099545400000004], [21.340769, 43.0995945],
     [21.3409021, 43.0996365], [21.3410216, 43.099661000000005],
     [21.3411435, 43.0996776], [21.3412654, 43.099685900000004],
     [21.3413878, 43.0996862], [21.3415097, 43.099678600000004],
     [21.3419536, 43.099662900000006], [21.3424887, 43.0996159],
     [21.3426756, 43.0996042], [21.3427718, 43.099600900000006],
     [21.3429138, 43.099600200000005],
     [21.343094500000003, 43.0996059], [21.3432746, 43.0996188],
     [21.3436796, 43.0996492], [21.344095300000003, 43.0996394],
     [21.3441775, 43.099634900000005],
     [21.344375600000003, 43.0996242],
     [21.3445526, 43.099615400000005],
     [21.3445766, 43.099617800000004],
     [21.344600200000002, 43.0996139], [21.3446204, 43.0996041],
     [21.3446308, 43.099594700000004],
     [21.344952300000003, 43.099693200000004],
     [21.345010300000002, 43.0997013]]}},
  {"type":"Feature",
   "properties":{},
   "geometry":
   {"type":"LineString",
    "coordinates":
    [[21.345010300000002, 43.0997013], [21.3454191, 43.0999525],
     [21.3456495, 43.1000357], [21.3464274, 43.100200300000004],
     [21.3468708, 43.100408300000005],
     [21.347475300000003, 43.1005692], [21.3475326, 43.1006069]]}},
  {"type":"Feature",
   "properties":{},
   "geometry":
   {"type":"LineString",
    "coordinates":
    [[21.3589759, 43.100244100000005],
     [21.358878100000002, 43.1002853],
     [21.3587838, 43.100330500000005],
     [21.3586932, 43.100379700000005], [21.3586108, 43.10043],
     [21.3585695, 43.100455100000005], [21.3585323, 43.1004835],
     [21.358494500000003, 43.100520800000005],
     [21.3584639, 43.100561500000005], [21.3584411, 43.1006049],
     [21.358280200000003, 43.100859500000006],
     [21.3582554, 43.1009084], [21.3582249, 43.100955500000005],
     [21.358189000000003, 43.101000500000005],
     [21.358141200000002, 43.1010494],
     [21.358087100000002, 43.1010945], [21.3580164, 43.1011521],
     [21.357939400000003, 43.1012051],
     [21.357856400000003, 43.1012531], [21.3577765, 43.1012921],
     [21.357692800000002, 43.101326400000005],
     [21.3576057, 43.1013559], [21.3575157, 43.101380400000004],
     [21.357429200000002, 43.101412700000004],
     [21.357348400000003, 43.101452], [21.3572744, 43.101497900000005],
     [21.356858600000002, 43.1018465],
     [21.356768300000002, 43.1019318],
     [21.3566682, 43.102011000000005], [21.3565709, 43.1020763],
     [21.356467000000002, 43.1021358],
     [21.356357000000003, 43.1021893], [21.3559011, 43.1024047],
     [21.355844, 43.102446300000004], [21.3557911, 43.102490800000005],
     [21.3557214, 43.102561300000005],
     [21.3553405, 43.102931500000004],
     [21.3551232, 43.103084200000005],
     [21.3550854, 43.103109800000006], [21.3550425, 43.1031307],
     [21.3549958, 43.1031464], [21.3549462, 43.1031567],
     [21.354892300000003, 43.1031612], [21.3548382, 43.1031592],
     [21.3547853, 43.1031508],
     [21.354725300000002, 43.103131700000006],
     [21.3546672, 43.103109700000005],
     [21.354594300000002, 43.103076300000005],
     [21.3545258, 43.1030382], [21.3544623, 43.1029956],
     [21.3544044, 43.102949100000004], [21.3540128, 43.1027258],
     [21.353931000000003, 43.1027092],
     [21.353847700000003, 43.102697400000004],
     [21.3537633, 43.1026906], [21.353667, 43.1026888],
     [21.3535709, 43.1026935], [21.353475800000002, 43.1027046],
     [21.353382500000002, 43.102721900000006],
     [21.3532525, 43.102736300000004],
     [21.353124400000002, 43.1027579],
     [21.352998900000003, 43.1027866],
     [21.352891200000002, 43.1028176],
     [21.3527866, 43.102853800000005],
     [21.3526855, 43.102895100000005],
     [21.352588500000003, 43.102941300000005],
     [21.352121800000003, 43.103141], [21.3519453, 43.103211],
     [21.3517651, 43.103275800000006],
     [21.351581600000003, 43.1033355],
     [21.351394900000003, 43.1033897], [21.3512209, 43.1034349],
     [21.351044700000003, 43.1034753],
     [21.3508666, 43.103511100000006], [21.350763, 43.103517800000006],
     [21.350659, 43.103517800000006], [21.3505554, 43.103511100000006],
     [21.3504606, 43.1034991], [21.3503674, 43.1034814],
     [21.3502765, 43.1034583],
     [21.350139900000002, 43.103435100000006],
     [21.350005600000003, 43.1034057], [21.3498741, 43.1033701],
     [21.349732300000003, 43.103323700000004],
     [21.3495953, 43.1032701], [21.349463800000002, 43.1032096],
     [21.3493834, 43.103147], [21.3493108, 43.1030796],
     [21.3492465, 43.1030078],
     [21.349201100000002, 43.102947300000004],
     [21.3491617, 43.1028845],
     [21.349128500000003, 43.102819800000006],
     [21.349096300000003, 43.102691400000005],
     [21.3490533, 43.1025646], [21.3489997, 43.1024399],
     [21.3489328, 43.1023129], [21.348854900000003, 43.1021893],
     [21.348584000000002, 43.1018191],
     [21.347784700000002, 43.1007146],
     [21.347730900000002, 43.1006774], [21.34767, 43.1006465],
     [21.3476034, 43.100622900000005], [21.3475326, 43.1006069]]}},
  {"type":"Feature",
   "properties":{},
   "geometry":
   {"type":"LineString",
    "coordinates":
    [[21.3589759, 43.100244100000005],
     [21.3590138, 43.100263600000005], [21.3590537, 43.1002762],
     [21.3590962, 43.1002827], [21.3592149, 43.1002847],
     [21.359261800000002, 43.1002827],
     [21.3593081, 43.100276900000004], [21.359362400000002, 43.100265],
     [21.359414100000002, 43.100248], [21.3595408, 43.1001726],
     [21.3596924, 43.1000536], [21.3597247, 43.100020900000004],
     [21.3597514, 43.0999855], [21.3597737, 43.0999441],
     [21.3597883, 43.0999008], [21.3597956, 43.099819600000004],
     [21.3597943, 43.099758], [21.3597869, 43.0996967],
     [21.3597591, 43.0995981]]}},
  {"type":"Feature",
   "properties":{},
   "geometry":
   {"type":"LineString",
    "coordinates":
    [[21.3597591, 43.0995981],
     [21.359828800000003, 43.099343600000005],
     [21.3600917, 43.099053100000006], [21.3603378, 43.0987233],
     [21.3604154, 43.0986002],
     [21.360513100000002, 43.098317200000004],
     [21.3606817, 43.0980415], [21.360859100000003, 43.0978322],
     [21.360921, 43.0976082], [21.3610592, 43.0974999],
     [21.3611806, 43.097197200000004],
     [21.361430000000002, 43.0969658], [21.3615447, 43.0967196],
     [21.361666, 43.0966261], [21.362114400000003, 43.096503000000006],
     [21.3625998, 43.0963307], [21.3631189, 43.096247000000005],
     [21.363563900000003, 43.0960599],
     [21.3640055, 43.095939300000005],
     [21.3644842, 43.095885200000005], [21.3648685, 43.0957153],
     [21.365357300000003, 43.095577500000005],
     [21.365802300000002, 43.095476600000005],
     [21.366152500000002, 43.095534400000005]]}},
  {"type":"Feature",
   "properties":{},
   "geometry":
   {"type":"LineString",
    "coordinates":
    [[21.366152500000002, 43.095534400000005],
     [21.3661931, 43.0954818], [21.3664077, 43.0953486],
     [21.3670192, 43.0950666], [21.367137200000002, 43.0949412],
     [21.367212300000002, 43.094776700000004],
     [21.3673411, 43.0945417], [21.367502, 43.0944085],
     [21.367695100000002, 43.094291000000005],
     [21.3682959, 43.094079400000005],
     [21.369100600000003, 43.0936642],
     [21.369315200000003, 43.093460500000006],
     [21.369390300000003, 43.093209800000004],
     [21.3692186, 43.092653500000004],
     [21.368692900000003, 43.0921521],
     [21.368317400000002, 43.091627200000005],
     [21.3683067, 43.091415600000005],
     [21.368435400000003, 43.0911179],
     [21.3691435, 43.090263900000004], [21.3698194, 43.0898094],
     [21.3703559, 43.0897389], [21.371310700000002, 43.089261],
     [21.373038100000002, 43.0885401],
     [21.3748405, 43.087341300000006],
     [21.374913000000003, 43.087316900000005], [21.37498, 43.0872943],
     [21.375098, 43.0871925], [21.375291100000002, 43.086644],
     [21.375548600000002, 43.086040600000004],
     [21.3770399, 43.0846146],
     [21.377243800000002, 43.084246300000004],
     [21.377200900000002, 43.084066],
     [21.377769500000003, 43.082976900000006],
     [21.3789711, 43.0816055], [21.3795827, 43.0809943],
     [21.3798402, 43.080876800000006],
     [21.380280000000003, 43.080547700000004],
     [21.381084700000002, 43.0797405],
     [21.381739200000002, 43.0785415], [21.3821039, 43.0781889],
     [21.3823507, 43.077444400000005],
     [21.382479500000002, 43.0772798],
     [21.3826189, 43.077232800000004],
     [21.382779900000003, 43.0772642],
     [21.382930100000003, 43.0772172], [21.3831017, 43.0770447],
     [21.383262700000003, 43.0763551], [21.3836704, 43.075783],
     [21.383724, 43.075352], [21.3836811, 43.0749288],
     [21.3835523, 43.0745134], [21.3834772, 43.072977300000005],
     [21.3835738, 43.072710900000004], [21.3839922, 43.0720055],
     [21.384292600000002, 43.0710337],
     [21.385215300000002, 43.0698032],
     [21.386030700000003, 43.0690508],
     [21.386577900000002, 43.0686745],
     [21.3872645, 43.067757500000006],
     [21.3875113, 43.067561600000005], [21.3876615, 43.0675067],
     [21.3878546, 43.0675224], [21.3880155, 43.0676399],
     [21.388155, 43.0679378], [21.3884447, 43.0681808],
     [21.388490700000002, 43.0686453],
     [21.3899253, 43.069481800000005], [21.3905153, 43.0703048],
     [21.390740700000002, 43.071018], [21.3917277, 43.0723269],
     [21.3919637, 43.0727266], [21.3919637, 43.073118400000006],
     [21.3922105, 43.0739492], [21.3923285, 43.0740746],
     [21.3929401, 43.0743175], [21.3931225, 43.0743097],
     [21.3933107, 43.074431600000004], [21.393495400000003, 43.074444],
     [21.3938607, 43.0743804], [21.3942026, 43.0742005],
     [21.394599900000003, 43.0738105], [21.3947146, 43.0734888],
     [21.394911800000003, 43.0732207], [21.395778800000002, 43.072889],
     [21.3964807, 43.072550500000006], [21.3969302, 43.0723931],
     [21.397425700000003, 43.0722925], [21.3978064, 43.0722825],
     [21.3981871, 43.0722959], [21.3983339, 43.0722188],
     [21.398517400000003, 43.071877], [21.3987835, 43.0716022],
     [21.3989578, 43.0714983],
     [21.399577100000002, 43.071495000000006],
     [21.3998844, 43.071344200000006], [21.4000404, 43.0711565],
     [21.4001321, 43.0709387], [21.4003753, 43.070851600000005],
     [21.4008386, 43.070761100000006], [21.4011092, 43.0707243],
     [21.401283600000003, 43.070674000000004],
     [21.401439500000002, 43.0703255], [21.4014625, 43.0698061],
     [21.401568, 43.069333500000006],
     [21.401691800000002, 43.068827500000005],
     [21.4016689, 43.068448800000006],
     [21.4016322, 43.068107000000005], [21.4016826, 43.0678289],
     [21.401779, 43.067584200000006],
     [21.401866100000003, 43.067339600000004],
     [21.4018982, 43.0670212], [21.401852400000003, 43.0667297],
     [21.4017193, 43.066515200000005], [21.401256, 43.066042700000004],
     [21.4009533, 43.065741], [21.4007828, 43.065484500000004],
     [21.4009652, 43.0652728], [21.4023171, 43.0656491],
     [21.402896400000003, 43.066268300000004],
     [21.4046023, 43.066260500000006],
     [21.406243800000002, 43.0662134],
     [21.406501300000002, 43.066119400000005],
     [21.406662200000003, 43.0658921],
     [21.406715900000002, 43.064543900000004],
     [21.406769500000003, 43.0643685],
     [21.407072300000003, 43.064038100000005],
     [21.4076425, 43.063839900000005], [21.40802, 43.0638054],
     [21.408244200000002, 43.063923200000005],
     [21.4087357, 43.0639577], [21.4089481, 43.0640008],
     [21.4088616, 43.064176], [21.408055400000002, 43.0644116],
     [21.4078942, 43.064520800000004],
     [21.407878500000002, 43.0647535],
     [21.407971200000002, 43.0648731], [21.4083252, 43.0648574],
     [21.4095376, 43.0646928], [21.4105461, 43.064379300000006],
     [21.4108787, 43.0641833], [21.411222000000002, 43.0636268],
     [21.411619, 43.062568600000006], [21.4119086, 43.0622629],
     [21.4120481, 43.062215900000005],
     [21.4121995, 43.062083400000006], [21.4124778, 43.0615479],
     [21.4127553, 43.061120700000004],
     [21.4131417, 43.060722500000004],
     [21.4135083, 43.060411200000004],
     [21.414271300000003, 43.060186800000004],
     [21.4143803, 43.060092600000004],
     [21.414350600000002, 43.059933400000006],
     [21.4146281, 43.059687200000006], [21.414856, 43.0594266],
     [21.415074, 43.0592166], [21.415450500000002, 43.0590501],
     [21.4160352, 43.058384000000004],
     [21.4162234, 43.057985800000004],
     [21.4165108, 43.057739600000005],
     [21.416867500000002, 43.0572111],
     [21.417065700000002, 43.0565884], [21.417363, 43.0560454],
     [21.417600800000002, 43.0553213],
     [21.417680100000002, 43.0551259], [21.4177593, 43.055039],
     [21.418017000000003, 43.0549231], [21.4183737, 43.0548073],
     [21.4187106, 43.054814500000006],
     [21.4199096, 43.054684200000004],
     [21.4200285, 43.054669700000005],
     [21.4200285, 43.054517600000004],
     [21.4199892, 43.054377800000005],
     [21.4198072, 43.054101100000004],
     [21.419727100000003, 43.053797800000005],
     [21.4196397, 43.053648800000005],
     [21.419530400000003, 43.053026300000006],
     [21.4193997, 43.0527291]]}},
  {"type":"Feature",
   "properties":{},
   "geometry":
   {"type":"LineString",
    "coordinates":
    [[21.4193997, 43.0527291], [21.4193098, 43.0526144],
     [21.4192791, 43.052550700000005], [21.4192548, 43.0524855],
     [21.419239400000002, 43.052429700000005],
     [21.4192287, 43.0523733], [21.419232700000002, 43.0522709],
     [21.4192548, 43.052076400000004],
     [21.419281700000003, 43.0519764], [21.4192925, 43.0519314],
     [21.4192971, 43.0518858], [21.4192956, 43.051842],
     [21.419288400000003, 43.051798600000005],
     [21.4192702, 43.0517546],
     [21.419255500000002, 43.051709900000006],
     [21.419243, 43.051657000000006], [21.4192354, 43.051603500000006],
     [21.4192441, 43.0514913], [21.4192506, 43.0514449],
     [21.4192515, 43.0513982], [21.4192465, 43.0513495],
     [21.4192354, 43.051301200000005],
     [21.419199900000002, 43.051177700000004],
     [21.4191825, 43.0511301],
     [21.419158300000003, 43.051084100000004],
     [21.4191258, 43.0510383],
     [21.419086500000002, 43.050995500000006],
     [21.4189678, 43.0509082], [21.4189323, 43.050872500000004],
     [21.418924500000003, 43.0508553],
     [21.4189216, 43.050837400000006],
     [21.418923900000003, 43.0508183], [21.4189316, 43.0507999],
     [21.4189438, 43.0507846], [21.4189611, 43.050772300000006],
     [21.4189799, 43.050764400000006],
     [21.4190007, 43.050760000000004], [21.4190237, 43.0507585],
     [21.4190466, 43.0507602],
     [21.419073700000002, 43.050766800000005],
     [21.4190979, 43.0507779], [21.4192877, 43.0509337],
     [21.419339700000002, 43.050968000000005], [21.419395, 43.0509994],
     [21.4194773, 43.0510381], [21.4195646, 43.0510704],
     [21.4196552, 43.051094400000004],
     [21.419724900000002, 43.051094400000004],
     [21.419748000000002, 43.051087100000004],
     [21.4197685, 43.051076300000005], [21.4197881, 43.0510597],
     [21.4198013, 43.05104], [21.419814000000002, 43.051009],
     [21.4198181, 43.0509768], [21.419862400000003, 43.0508225],
     [21.4198686, 43.0507873], [21.4198711, 43.0507519],
     [21.419867800000002, 43.050700400000004],
     [21.419856300000003, 43.050649500000006],
     [21.4198215, 43.0505319], [21.4197403, 43.050338800000006],
     [21.419702100000002, 43.0502114],
     [21.4196558, 43.050117400000005], [21.4196022, 43.0500149],
     [21.4195767, 43.049928200000004],
     [21.4195651, 43.049872300000004], [21.4195573, 43.049816],
     [21.419549200000002, 43.049670500000005],
     [21.419545000000003, 43.049623100000005],
     [21.419537100000003, 43.0495759],
     [21.419513700000003, 43.0494921], [21.4194661, 43.0494083],
     [21.4194144, 43.0493681], [21.4193682, 43.0493407],
     [21.419335, 43.0493134], [21.419307800000002, 43.0492829],
     [21.419224, 43.049147600000005],
     [21.419198100000003, 43.049112400000006], [21.419165, 43.0490805],
     [21.419127300000003, 43.0490538],
     [21.4190845, 43.049031500000005], [21.419024, 43.0490125],
     [21.4189611, 43.0489982], [21.4189019, 43.0489892],
     [21.418841800000003, 43.0489844],
     [21.418479700000002, 43.048995700000006],
     [21.4182631, 43.048993800000005],
     [21.4181229, 43.048988900000005],
     [21.418083900000003, 43.0489933],
     [21.4180458, 43.049001100000005], [21.417999100000003, 43.049016],
     [21.417956, 43.0490359], [21.4179087, 43.049055800000005],
     [21.4178587, 43.049071700000006],
     [21.4177891, 43.049086300000006], [21.4177173, 43.0490932],
     [21.4175127, 43.049097100000004],
     [21.4174337, 43.049095200000004],
     [21.417355800000003, 43.0490854],
     [21.417302300000003, 43.0490738],
     [21.417250600000003, 43.0490584],
     [21.4171711, 43.049028500000006],
     [21.417094300000002, 43.0489952],
     [21.417012200000002, 43.048954300000005],
     [21.416934100000002, 43.0489095], [21.4167476, 43.0487948],
     [21.4165679, 43.0486978], [21.4165062, 43.0486713],
     [21.4164745, 43.048665500000006],
     [21.416441900000002, 43.0486659],
     [21.4164157, 43.048671000000006],
     [21.4163916, 43.048680100000006], [21.4163673, 43.0486969],
     [21.4163473, 43.0487164], [21.4163304, 43.048741400000004],
     [21.4163205, 43.048768300000006], [21.4163114, 43.0488166],
     [21.4163104, 43.048865400000004], [21.416318, 43.0489149],
     [21.4163244, 43.0489394], [21.4163339, 43.048963400000005],
     [21.416354000000002, 43.0489979],
     [21.416380500000002, 43.0490299],
     [21.416413000000002, 43.049058900000006],
     [21.416498200000003, 43.049132400000005], [21.416568, 43.0492034],
     [21.4166303, 43.049278], [21.416765100000003, 43.0494603],
     [21.4168737, 43.0496489], [21.4169166, 43.049746400000004],
     [21.416922300000003, 43.0497759], [21.416922, 43.0498057],
     [21.416913700000002, 43.049840800000005],
     [21.4168972, 43.049874300000006], [21.4167798, 43.0501031],
     [21.416698, 43.0502036], [21.4166698, 43.050227],
     [21.4166357, 43.050245700000005],
     [21.4165943, 43.050259700000005],
     [21.416549800000002, 43.0502668],
     [21.416505700000002, 43.0502696],
     [21.4164613, 43.050269300000004], [21.4164114, 43.050265],
     [21.4163625, 43.050256600000004],
     [21.416315100000002, 43.0502443],
     [21.4161059, 43.050182500000005],
     [21.416043300000002, 43.0501753], [21.4159799, 43.0501767],
     [21.415929900000002, 43.050184], [21.415882, 43.0501967],
     [21.4157338, 43.0502551], [21.4156848, 43.0502812],
     [21.4156406, 43.050311400000005],
     [21.4156085, 43.050338700000005], [21.4155802, 43.0503682],
     [21.4155476, 43.050406800000005], [21.4155179, 43.0504466],
     [21.415490100000003, 43.0504892], [21.4154655, 43.0505329],
     [21.415373000000002, 43.0506843], [21.4153147, 43.0507338],
     [21.4152637, 43.0507519], [21.4152348, 43.050756],
     [21.4152054, 43.0507549], [21.4151798, 43.0507495],
     [21.4151564, 43.0507402],
     [21.415089400000003, 43.050692600000005],
     [21.4149445, 43.050581400000006],
     [21.414747400000003, 43.050435900000004], [21.414628, 43.0503766],
     [21.414582300000003, 43.050363600000004],
     [21.414534800000002, 43.050354500000005],
     [21.4144693, 43.0503486], [21.4144034, 43.0503501],
     [21.4142136, 43.0503712], [21.4136484, 43.050475600000006],
     [21.4135761, 43.0504806], [21.4135035, 43.050479],
     [21.413433100000002, 43.0504709],
     [21.413364700000002, 43.0504564],
     [21.4132943, 43.050440800000004], [21.4132226, 43.0504285],
     [21.413125800000003, 43.0504176],
     [21.413028100000002, 43.050412800000004],
     [21.4128705, 43.0504016],
     [21.412841500000003, 43.050395900000005],
     [21.4128155, 43.050384900000005],
     [21.4127976, 43.050372200000005],
     [21.412784000000002, 43.050357000000005],
     [21.412699500000002, 43.0501713],
     [21.412615000000002, 43.0499772], [21.4126033, 43.0499354],
     [21.4125963, 43.0498929],
     [21.412594300000002, 43.049833500000005],
     [21.412601600000002, 43.049774400000004],
     [21.4126459, 43.0496342], [21.4127009, 43.049443100000005],
     [21.4127304, 43.0492481], [21.4127307, 43.0491966],
     [21.4127203, 43.049145700000004], [21.4127067, 43.049111],
     [21.4126881, 43.0490775],
     [21.412663000000002, 43.049049800000006],
     [21.412631100000002, 43.049026100000006],
     [21.4125845, 43.048996200000005],
     [21.412533200000002, 43.048970700000005],
     [21.412473000000002, 43.0489483], [21.412409200000003, 43.048932],
     [21.412125500000002, 43.048867800000004],
     [21.4120369, 43.048847300000006],
     [21.411951900000002, 43.048819800000004],
     [21.4118849, 43.048791900000005],
     [21.411821800000002, 43.0487595], [21.411675600000002, 43.048665],
     [21.411569, 43.048600300000004],
     [21.411510200000002, 43.048571200000005],
     [21.4114469, 43.0485478], [21.4113821, 43.0485309],
     [21.411314800000003, 43.0485199], [21.411098900000002, 43.04849],
     [21.411058800000003, 43.048487], [21.4110197, 43.048479900000004],
     [21.410982200000003, 43.0484689],
     [21.410946000000003, 43.0484536],
     [21.410913200000003, 43.0484346],
     [21.4108963, 43.048416800000005],
     [21.410884300000003, 43.0483969], [21.4108771, 43.0483727],
     [21.410877000000003, 43.0483479],
     [21.4108838, 43.048323800000006],
     [21.4108991, 43.048301800000004], [21.410921100000003, 43.048284],
     [21.410948700000002, 43.048271], [21.4109862, 43.048257500000005],
     [21.4110257, 43.048247800000006],
     [21.411066700000003, 43.0482421], [21.4112002, 43.0482278],
     [21.4113034, 43.0482117], [21.4113626, 43.0482062],
     [21.411422100000003, 43.048203300000004],
     [21.4114808, 43.048210600000004],
     [21.411538800000002, 43.0482205],
     [21.411610900000003, 43.048236800000005], [21.411681, 43.0482573],
     [21.4117186, 43.0482602], [21.4117561, 43.048256300000006],
     [21.4117901, 43.048245900000005], [21.4118198, 43.0482298],
     [21.411835800000002, 43.048203900000004],
     [21.411845900000003, 43.0481764],
     [21.4118497, 43.048144300000004],
     [21.411845200000002, 43.048112200000006],
     [21.4118326, 43.048075700000005],
     [21.411812400000002, 43.048041100000006],
     [21.4116535, 43.047889700000006],
     [21.411536100000003, 43.0477775],
     [21.411496800000002, 43.0477506], [21.4114536, 43.047727],
     [21.4113928, 43.0477021], [21.4113276, 43.0476839],
     [21.411248800000003, 43.0476619],
     [21.4111666, 43.047647700000006], [21.4111189, 43.0476431],
     [21.4110707, 43.0476413], [21.4110307, 43.0476444],
     [21.410991600000003, 43.0476516],
     [21.410946300000003, 43.0476631], [21.4108991, 43.0476692],
     [21.4108468, 43.047669600000006],
     [21.410795200000003, 43.0476633], [21.410547, 43.047624600000006],
     [21.410493300000002, 43.047618400000005],
     [21.410439, 43.047616500000004], [21.410384800000003, 43.0476187],
     [21.410321500000002, 43.047626900000004],
     [21.410260100000002, 43.0476408],
     [21.410085000000002, 43.0477099],
     [21.409833600000002, 43.047837300000005],
     [21.4096452, 43.0479667], [21.4095479, 43.0480171],
     [21.409493, 43.0480418], [21.4094339, 43.0480607],
     [21.4093863, 43.0480712], [21.409337400000002, 43.0480779],
     [21.409231400000003, 43.048092600000004],
     [21.4091853, 43.048103700000006], [21.4091416, 43.0481191],
     [21.409090000000003, 43.0481448],
     [21.409045000000003, 43.0481764], [21.408933, 43.0482577],
     [21.408885400000003, 43.048276900000005],
     [21.4088351, 43.048292000000004], [21.4087818, 43.0483033],
     [21.4087272, 43.0483102], [21.408602100000003, 43.0483136],
     [21.408477100000002, 43.048309700000004],
     [21.408354600000003, 43.048298700000004],
     [21.408233600000003, 43.0482808], [21.4079835, 43.0482352],
     [21.407776300000002, 43.0481896], [21.4076382, 43.0481588],
     [21.4076191, 43.0481478], [21.4076027, 43.048134700000006],
     [21.4075853, 43.0481143], [21.4075744, 43.048091500000005],
     [21.407570500000002, 43.0480676], [21.4075738, 43.0480436],
     [21.407639500000002, 43.0477623], [21.4076865, 43.0475232],
     [21.4076919, 43.0474389], [21.4076865, 43.047354600000006],
     [21.4076726, 43.0472801], [21.4076503, 43.0472066],
     [21.4075202, 43.0470332], [21.4074865, 43.046983100000006],
     [21.4074451, 43.0469361],
     [21.407399700000003, 43.046895500000005],
     [21.4073485, 43.0468587], [21.4069878, 43.046649900000006],
     [21.406700100000002, 43.046524500000004],
     [21.4065251, 43.0464593], [21.4064084, 43.046426000000004],
     [21.4063559, 43.0464136], [21.4063011, 43.0464093],
     [21.406260800000002, 43.046411500000005],
     [21.406221300000002, 43.046418200000005],
     [21.4061774, 43.0464283], [21.4061355, 43.0464422],
     [21.406082100000003, 43.046466900000006],
     [21.4060349, 43.0464975],
     [21.405869300000003, 43.046638200000004],
     [21.4058022, 43.0466781], [21.4057311, 43.0467141],
     [21.4056721, 43.04674], [21.405640700000003, 43.0467503],
     [21.4056111, 43.0467631], [21.4055764, 43.0467832],
     [21.405546100000002, 43.046806800000006],
     [21.4054475, 43.046892500000006],
     [21.4052155, 43.047119900000006], [21.4051663, 43.0471641],
     [21.405110200000003, 43.047203700000004],
     [21.4050547, 43.0472349],
     [21.404994900000002, 43.047261500000005],
     [21.4049055, 43.0472884], [21.404813800000003, 43.047311],
     [21.4046935, 43.0473335], [21.404571, 43.0473486],
     [21.4044472, 43.0473562]]}},
  {"type":"Feature",
   "properties":{},
   "geometry":
   {"type":"LineString",
    "coordinates":
    [[21.4029586, 43.0477434], [21.4031625, 43.047670100000005],
     [21.4031905, 43.047660400000005], [21.4033985, 43.0475773],
     [21.403487000000002, 43.0475444], [21.4037659, 43.0474483],
     [21.4041119, 43.047375800000005], [21.4044472, 43.0473562]]}},
  {"type":"Feature",
   "properties":{},
   "geometry":
   {"type":"LineString",
    "coordinates":
    [[21.400521700000002, 43.046761200000006],
     [21.4007887, 43.0469505], [21.4008879, 43.0469936],
     [21.4009684, 43.0470014], [21.4010408, 43.046981800000005],
     [21.4010971, 43.046928900000005], [21.4011669, 43.0467584],
     [21.4013814, 43.0464604], [21.4014539, 43.0464075],
     [21.4015129, 43.0464016], [21.4015746, 43.046421200000005],
     [21.401638900000002, 43.0464859], [21.4016707, 43.0465504],
     [21.401711300000002, 43.046632900000006],
     [21.4017757, 43.0469603], [21.4019206, 43.0471857],
     [21.402103, 43.0474483], [21.40217, 43.047646300000004],
     [21.402239700000003, 43.0477149],
     [21.402347000000002, 43.0477561],
     [21.402526700000003, 43.047760000000004],
     [21.402634000000003, 43.0477502],
     [21.4027199, 43.047769800000005], [21.4029586, 43.0477434]]}},
  {"type":"Feature",
   "properties":{},
   "geometry":
   {"type":"LineString",
    "coordinates":
    [[21.398906800000002, 43.0442015], [21.3989783, 43.0441747],
     [21.399034200000003, 43.0441535], [21.3990927, 43.0441245],
     [21.399197700000002, 43.044066400000006],
     [21.399308100000002, 43.044004400000006],
     [21.3997308, 43.0437779],
     [21.399865000000002, 43.043711900000005],
     [21.3999482, 43.0436848], [21.400020700000002, 43.0436695],
     [21.400107600000002, 43.0436612],
     [21.4001784, 43.043660800000005],
     [21.4002653, 43.043668200000006], [21.4003549, 43.0436854],
     [21.4005131, 43.043738600000005], [21.4006042, 43.0437838],
     [21.400679200000003, 43.043829], [21.400782900000003, 43.0439157],
     [21.4008785, 43.0440082],
     [21.401048300000003, 43.044184400000006],
     [21.401320100000003, 43.0444362],
     [21.4013433, 43.044473100000005],
     [21.401388500000003, 43.0445446], [21.4014002, 43.0446089],
     [21.401398500000003, 43.0446733],
     [21.401384800000002, 43.044740600000004],
     [21.4013522, 43.0448059], [21.401297800000002, 43.0448813],
     [21.401235200000002, 43.0449567], [21.4010238, 43.045087],
     [21.4009103, 43.0451368], [21.4006998, 43.045229000000006],
     [21.400654000000003, 43.0452565],
     [21.4006136, 43.045287900000005],
     [21.4005678, 43.045348700000005],
     [21.400539600000002, 43.0454555],
     [21.4005328, 43.045621100000005], [21.4005128, 43.0464104],
     [21.400521700000002, 43.046761200000006]]}},
  {"type":"Feature",
   "properties":{},
   "geometry":
   {"type":"LineString",
    "coordinates":
    [[21.3984592, 43.0442954], [21.398667, 43.0442581],
     [21.3987173, 43.044242700000005],
     [21.398775500000003, 43.0442273],
     [21.398834500000003, 43.0442144],
     [21.398906800000002, 43.0442015]]}},
  {"type":"Feature",
   "properties":{},
   "geometry":
   {"type":"LineString",
    "coordinates":
    [[21.398393900000002, 43.0442862], [21.3984592, 43.0442954]]}},
  {"type":"Feature",
   "properties":{},
   "geometry":
   {"type":"LineString",
    "coordinates":
    [[21.398393900000002, 43.0442862], [21.3982294, 43.0442778],
     [21.398132, 43.0442618], [21.398027000000003, 43.0442082],
     [21.3979719, 43.0441809], [21.3978718, 43.044164],
     [21.3977323, 43.0442033], [21.3975177, 43.0442425],
     [21.3972307, 43.0442425], [21.3964636, 43.044034700000005],
     [21.3960586, 43.043819], [21.3958708, 43.0437681],
     [21.3956911, 43.043774000000006],
     [21.395457800000003, 43.043826900000006],
     [21.394803300000003, 43.044077800000004],
     [21.394674600000002, 43.0441013], [21.3945753, 43.0440856],
     [21.394502900000003, 43.044044500000005],
     [21.394460000000002, 43.0439935],
     [21.394427800000003, 43.0438994],
     [21.3944493, 43.043721000000005], [21.394553900000002, 43.043474],
     [21.394596800000002, 43.0433505], [21.3945887, 43.0432094],
     [21.3946048, 43.043021200000005],
     [21.394720200000002, 43.0425253],
     [21.394897200000003, 43.0421313],
     [21.394944000000002, 43.0420486],
     [21.395015500000003, 43.041994100000004],
     [21.395099300000002, 43.0419805], [21.3951894, 43.0420213],
     [21.395326100000002, 43.0420804],
     [21.3954038, 43.042087200000005],
     [21.3954908, 43.042078100000005], [21.3955716, 43.0420054],
     [21.395639900000003, 43.041941900000005],
     [21.3960469, 43.0411267], [21.3961277, 43.0410313],
     [21.3962395, 43.040915500000004], [21.3964415, 43.0407997],
     [21.3966558, 43.0406703], [21.396829800000003, 43.0405772],
     [21.3969603, 43.0404932], [21.397348700000002, 43.0401072],
     [21.3976593, 43.0398052], [21.3978644, 43.039650800000004],
     [21.397948300000003, 43.0394737],
     [21.397979300000003, 43.0392784],
     [21.3980819, 43.039039900000006],
     [21.3981533, 43.038921900000005], [21.3982838, 43.0388333],
     [21.398457800000003, 43.038772], [21.3988057, 43.0386925],
     [21.3991288, 43.038663], [21.399392900000002, 43.038649400000004],
     [21.3996353, 43.0386108],
     [21.399989400000003, 43.038560800000006],
     [21.4002318, 43.0384972], [21.4005797, 43.038361],
     [21.4008562, 43.038245200000006],
     [21.401061300000002, 43.038170300000004],
     [21.401204200000002, 43.0381294], [21.4013253, 43.0381135],
     [21.4014154, 43.0381135], [21.4015521, 43.0381317],
     [21.40181, 43.038124800000006],
     [21.402071000000003, 43.038093100000005],
     [21.4023754, 43.0380272], [21.4026426, 43.0378751],
     [21.4028446, 43.0376684], [21.4030714, 43.0374232],
     [21.403264, 43.037262000000005], [21.403360300000003, 43.0372483],
     [21.4034814, 43.0372234], [21.4036244, 43.037218800000005],
     [21.4038884, 43.0372642], [21.4041991, 43.0372483],
     [21.4044321, 43.0371916], [21.4048702, 43.0370508],
     [21.4052212, 43.0369145], [21.405653100000002, 43.0366943],
     [21.4059333, 43.0365176],
     [21.406304600000002, 43.036328100000006],
     [21.4065912, 43.0362043], [21.406748, 43.036123],
     [21.4068055, 43.0360932], [21.4070836, 43.036026500000006],
     [21.407109600000002, 43.036020300000004],
     [21.4073937, 43.035967500000005],
     [21.407603100000003, 43.035993000000005],
     [21.4081663, 43.036115]]}},
  {"type":"Feature",
   "properties":{},
   "geometry":
   {"type":"LineString",
    "coordinates":
    [[21.4081663, 43.036115], [21.4084207, 43.036219],
     [21.4087143, 43.036276], [21.4092051, 43.0362425],
     [21.409576700000002, 43.0361017], [21.4098061, 43.0360548],
     [21.4099942, 43.0359743], [21.4102235, 43.0357563],
     [21.410372900000002, 43.0356133]]}},
  {"type":"Feature",
   "properties":{},
   "geometry":
   {"type":"LineString",
    "coordinates":
    [[21.410372900000002, 43.0356133], [21.4104154, 43.0356709],
     [21.4106461, 43.0357768], [21.4111289, 43.0359807],
     [21.411488300000002, 43.0360944], [21.4116117, 43.0360826],
     [21.411879900000002, 43.036010100000006],
     [21.4120838, 43.035941400000006],
     [21.4122527, 43.035772800000004],
     [21.412381500000002, 43.035678700000005],
     [21.4123734, 43.035492500000004],
     [21.412378800000003, 43.0353043], [21.4124056, 43.0349808],
     [21.4124738, 43.034768400000004]]}},
  {"type":"Feature",
   "properties":{},
   "geometry":
   {"type":"LineString",
    "coordinates":
    [[21.4124738, 43.034768400000004], [21.4124179, 43.0346938],
     [21.412380300000002, 43.0345919],
     [21.412353500000002, 43.0344585],
     [21.4122945, 43.034317400000006], [21.4122409, 43.0342429],
     [21.412257, 43.0339723], [21.412337400000002, 43.033854700000006],
     [21.4124179, 43.0337959], [21.4125735, 43.033686100000004],
     [21.4126432, 43.0336194], [21.4129168, 43.0336312],
     [21.413286900000003, 43.033599800000005],
     [21.413464, 43.033529200000004], [21.413641000000002, 43.0334194],
     [21.4138448, 43.0332979],
     [21.413973600000002, 43.033066500000004],
     [21.414048700000002, 43.0329058],
     [21.4141291, 43.032752800000004], [21.414231100000002, 43.032694],
     [21.414413500000002, 43.032717600000005],
     [21.4148426, 43.0327921], [21.415121600000003, 43.0328705],
     [21.4153093, 43.032945000000005], [21.4154541, 43.0329332],
     [21.4156312, 43.032831300000005], [21.415835, 43.0325921],
     [21.415936900000002, 43.0324078], [21.4161354, 43.0321647],
     [21.4163178, 43.0320784], [21.4165324, 43.0320235],
     [21.4166542, 43.0319659]]}},
  {"type":"Feature",
   "properties":{},
   "geometry":
   {"type":"LineString",
    "coordinates":
    [[21.4166542, 43.0319659], [21.416752300000002, 43.0318157],
     [21.4167953, 43.0316941], [21.416800600000002, 43.0315961],
     [21.416777800000002, 43.0315261],
     [21.416602100000002, 43.031392200000006],
     [21.4164037, 43.031215700000004], [21.4162052, 43.0310393],
     [21.4160979, 43.030823600000005],
     [21.416012000000002, 43.0306432],
     [21.4159262, 43.030482400000004],
     [21.4158243, 43.030388300000006], [21.4157224, 43.0302628],
     [21.4155668, 43.030133400000004], [21.4153522, 43.029957],
     [21.4151484, 43.029776600000005], [21.4150679, 43.0296001],
     [21.4150196, 43.0294158], [21.414966, 43.0293021],
     [21.4147782, 43.0292041], [21.4145851, 43.029094300000004],
     [21.4143705, 43.0289139], [21.4141613, 43.0287256],
     [21.414032600000002, 43.0285766],
     [21.414000400000003, 43.0284629],
     [21.414048700000002, 43.0283296], [21.414091600000003, 43.028208],
     [21.414113, 43.0280198], [21.4140272, 43.027839400000005],
     [21.413952100000003, 43.027690400000004],
     [21.4138877, 43.0275453], [21.4137965, 43.027411900000004],
     [21.4136571, 43.027290400000005],
     [21.413632800000002, 43.027211300000005],
     [21.413608800000002, 43.027133500000005],
     [21.4135873, 43.027035500000004],
     [21.413592700000002, 43.0268943], [21.4135873, 43.0267296],
     [21.413608800000002, 43.026592300000004],
     [21.413565900000002, 43.0264159],
     [21.4135069, 43.026262900000006],
     [21.413549800000002, 43.026078600000005],
     [21.413603400000003, 43.025808000000005],
     [21.4136893, 43.025537400000005], [21.4136893, 43.0253688],
     [21.4136302, 43.0251492], [21.413582, 43.0248943],
     [21.413565900000002, 43.0246786],
     [21.413533700000002, 43.0243923],
     [21.413458600000002, 43.0241138], [21.41348, 43.0237727],
     [21.413485400000003, 43.0236511],
     [21.413426400000002, 43.0234315], [21.4133567, 43.0232589],
     [21.4132494, 43.0230079], [21.4132386, 43.0227451],
     [21.4132494, 43.0225608], [21.4132065, 43.0223961],
     [21.413136700000003, 43.022207800000004],
     [21.413152800000002, 43.0220039],
     [21.413136700000003, 43.021851000000005],
     [21.4131904, 43.0216274], [21.413227900000003, 43.0214705],
     [21.4132386, 43.0213137], [21.4132333, 43.021137200000005],
     [21.4133137, 43.0209999], [21.4133298, 43.0208705],
     [21.413319100000002, 43.020745000000005],
     [21.4132977, 43.0206038],
     [21.413244000000002, 43.020439100000004],
     [21.413211800000003, 43.020274300000004],
     [21.4131904, 43.020125300000004],
     [21.413104500000003, 43.0199645], [21.4129758, 43.0197919],
     [21.4129329, 43.0196115], [21.412895300000002, 43.0194625],
     [21.412879200000003, 43.019333],
     [21.412830900000003, 43.019140900000004],
     [21.412777300000002, 43.0189801],
     [21.412745100000002, 43.0188271],
     [21.412777300000002, 43.018611400000005],
     [21.4127934, 43.018403500000005],
     [21.412852400000002, 43.0182584],
     [21.412959700000002, 43.0181054], [21.413067, 43.0179211],
     [21.413201100000002, 43.017760300000006],
     [21.413453200000003, 43.017619100000005],
     [21.4136624, 43.017489700000006],
     [21.413952100000003, 43.017348500000004],
     [21.414182800000003, 43.0171523],
     [21.414456400000002, 43.017046400000005],
     [21.414622700000002, 43.016917], [21.414746, 43.016724800000006],
     [21.4148426, 43.0165287], [21.414923100000003, 43.0163718],
     [21.4149338, 43.0161561], [21.4149338, 43.015983500000004],
     [21.414971400000002, 43.0158659],
     [21.414998200000003, 43.015767800000006],
     [21.414998200000003, 43.0156894], [21.414923100000003, 43.015607],
     [21.414805100000002, 43.0155442], [21.4147514, 43.0154383],
     [21.414740700000003, 43.0152854],
     [21.414805100000002, 43.0151795],
     [21.414880200000002, 43.015053900000005], [21.4149445, 43.01485],
     [21.4149767, 43.0146225], [21.4150947, 43.014469500000004],
     [21.4151913, 43.014340100000005],
     [21.4152761, 43.014208100000005], [21.4153254, 43.0140341],
     [21.4154059, 43.013904700000005],
     [21.4154917, 43.013790900000004],
     [21.4155303, 43.013712500000004], [21.4156955, 43.0137007],
     [21.4159316, 43.013669300000004],
     [21.4161247, 43.013661500000005], [21.416419700000002, 43.013685],
     [21.416811300000003, 43.0137007],
     [21.417074200000002, 43.013677200000004],
     [21.417315600000002, 43.0136419], [21.4175034, 43.0136027],
     [21.4177018, 43.013532100000006],
     [21.417873500000002, 43.013461500000005],
     [21.4181525, 43.0133242], [21.418286600000002, 43.0132143],
     [21.418528000000002, 43.0131437],
     [21.418871300000003, 43.0131163], [21.4191824, 43.0130574],
     [21.4194882, 43.0129515], [21.4196545, 43.0128574],
     [21.4198261, 43.0127633], [21.4200123, 43.0127254],
     [21.4200568, 43.012590700000004], [21.4201266, 43.0123906],
     [21.4201856, 43.012218000000004], [21.4202499, 43.0120337],
     [21.4203411, 43.0118336], [21.4204806, 43.0116571],
     [21.4207381, 43.0115551], [21.421049200000002, 43.011512],
     [21.4213175, 43.011437400000005],
     [21.4215267, 43.011366800000005], [21.4217091, 43.0113002],
     [21.4219183, 43.011158900000005], [21.4220685, 43.0109903],
     [21.422170400000002, 43.0109079],
     [21.422234800000002, 43.0108216], [21.422267, 43.010751000000006],
     [21.422363500000003, 43.010680400000005],
     [21.422492300000002, 43.0105784],
     [21.422535200000002, 43.0104686],
     [21.422545900000003, 43.010366600000005],
     [21.4225996, 43.0102646], [21.4226317, 43.0101548],
     [21.4227068, 43.010052800000004],
     [21.422749800000002, 43.009966500000004],
     [21.422792700000002, 43.0098331],
     [21.422835600000003, 43.0096919],
     [21.422878500000003, 43.009566400000004],
     [21.4229214, 43.0094879],
     [21.422985800000003, 43.009385900000005],
     [21.4231467, 43.0092682], [21.423243300000003, 43.0092055],
     [21.423457900000002, 43.0091035], [21.4236188, 43.0090407],
     [21.4237797, 43.0090329], [21.4239192, 43.009001500000004],
     [21.4241123, 43.009001500000004],
     [21.4244342, 43.008915200000004], [21.4245522, 43.0088524],
     [21.4246488, 43.008758300000004],
     [21.424685800000002, 43.0086724], [21.4246488, 43.0086014],
     [21.4246488, 43.0084602], [21.4246488, 43.008350300000004],
     [21.4246166, 43.0082169], [21.424638, 43.0080522],
     [21.424638, 43.007958], [21.4246273, 43.007848200000005],
     [21.4246166, 43.0077305], [21.4245951, 43.007612800000004],
     [21.4245415, 43.007510800000006],
     [21.4244664, 43.007353900000005], [21.4243805, 43.0072284],
     [21.4242947, 43.0070715], [21.424273300000003, 43.006946],
     [21.424198200000003, 43.0068126],
     [21.424198200000003, 43.0066949], [21.4241338, 43.0065772],
     [21.4240479, 43.006483100000004],
     [21.4239728, 43.006396800000005], [21.424005, 43.0063418]]}},
  {"type":"Feature",
   "properties":{},
   "geometry":
   {"type":"LineString",
    "coordinates":
    [[21.424005, 43.0063418], [21.4238977, 43.006267300000005],
     [21.4237797, 43.0062085], [21.423683200000003, 43.0061339],
     [21.423533000000003, 43.0060437],
     [21.423350600000003, 43.0058907],
     [21.423216500000002, 43.0058005],
     [21.423125300000002, 43.0057181],
     [21.423044800000003, 43.0056828],
     [21.422959000000002, 43.0055769], [21.4228624, 43.0054984],
     [21.4226907, 43.0054278],
     [21.422583500000002, 43.005372900000005],
     [21.4225405, 43.005314000000006],
     [21.422454700000003, 43.005208100000004],
     [21.422320600000003, 43.005086500000004],
     [21.422272300000003, 43.0049963], [21.422218700000002, 43.00491],
     [21.422181100000003, 43.004804],
     [21.422122100000003, 43.004721700000005],
     [21.4220738, 43.004643200000004],
     [21.422030900000003, 43.004576500000006],
     [21.422004100000002, 43.0044981],
     [21.421939700000003, 43.0043804], [21.4219075, 43.0042823],
     [21.421832400000003, 43.0041371],
     [21.421794900000002, 43.004011600000005],
     [21.421762700000002, 43.003933100000005],
     [21.421714400000003, 43.003870400000004],
     [21.4216327, 43.0037772], [21.4215589, 43.003689900000005],
     [21.421440800000003, 43.0035801],
     [21.421274500000003, 43.0035095],
     [21.421183300000003, 43.0034271], [21.4210761, 43.0033447],
     [21.4209044, 43.0032074], [21.4207542, 43.003125000000004],
     [21.420663, 43.0030112], [21.4205557, 43.0029328],
     [21.4204538, 43.0028072], [21.420308900000002, 43.0027327],
     [21.4201748, 43.0026189], [21.4200997, 43.0025561],
     [21.42003, 43.002509100000005], [21.4199227, 43.0023757],
     [21.4198369, 43.0022776], [21.4196491, 43.0021599],
     [21.4195204, 43.0020461], [21.4194131, 43.0019598],
     [21.419279000000003, 43.001885300000005],
     [21.4191341, 43.001791100000005], [21.4189893, 43.0016813],
     [21.4188981, 43.0015714], [21.4188337, 43.0014655],
     [21.418764000000003, 43.0013086],
     [21.418721100000003, 43.001167300000006],
     [21.4187264, 43.001053600000006], [21.4187157, 43.0009359],
     [21.418710400000002, 43.0008339],
     [21.418678200000002, 43.0007201], [21.4186674, 43.0006416],
     [21.418613800000003, 43.0005789],
     [21.418538700000003, 43.000516100000006],
     [21.418436800000002, 43.000480800000005],
     [21.418270500000002, 43.000437600000005],
     [21.418120300000002, 43.0003709],
     [21.4179862, 43.000257100000006],
     [21.417900300000003, 43.0001787], [21.417793, 43.0000767],
     [21.4176857, 42.999994300000004],
     [21.4175785, 42.999884400000006],
     [21.4174712, 42.999727500000006], [21.4173049, 42.9995588],
     [21.417149300000002, 42.999346900000006],
     [21.416993700000003, 42.999256700000004],
     [21.4167309, 42.999170400000004],
     [21.4165002, 42.999040900000004], [21.4162964, 42.9989428],
     [21.4161247, 42.998817300000006],
     [21.4159638, 42.998703500000005], [21.415835, 42.998609300000005],
     [21.4156902, 42.998523000000006],
     [21.4155668, 42.998460300000005],
     [21.4154595, 42.998425000000005], [21.4152664, 42.9983975],
     [21.4150625, 42.9983896], [21.414880200000002, 42.9983857],
     [21.4146709, 42.9983975], [21.4144939, 42.9984367],
     [21.4142793, 42.9984916], [21.414064800000002, 42.9985544],
     [21.4139038, 42.9985544], [21.4137697, 42.9985152],
     [21.413592700000002, 42.9984642], [21.4134049, 42.9984132],
     [21.413185000000002, 42.998381800000004],
     [21.412959700000002, 42.9983543],
     [21.412777300000002, 42.9982994],
     [21.4126164, 42.998271900000006], [21.412439300000003, 42.998268],
     [21.412257, 42.998260200000004], [21.412037, 42.9982484],
     [21.4118707, 42.9982406], [21.4116454, 42.9982288],
     [21.4115113, 42.9981699], [21.4113933, 42.998095400000004],
     [21.411227, 42.998052200000004], [21.4109963, 42.9980483],
     [21.4107817, 42.9980405], [21.410567200000003, 42.9980679],
     [21.410309700000003, 42.998036500000005], [21.410138, 42.9980326],
     [21.409934200000002, 42.9980051],
     [21.409703500000003, 42.9979895],
     [21.409510400000002, 42.997965900000004]]}},
  {"type":"Feature",
   "properties":{},
   "geometry":
   {"type":"LineString",
    "coordinates":
    [[21.409510400000002, 42.997965900000004],
     [21.4093494, 42.9979895],
     [21.409161700000002, 42.998052200000004],
     [21.4090168, 42.9981111], [21.408920300000002, 42.9982131],
     [21.408839800000003, 42.9982641], [21.4086789, 42.9983112],
     [21.408475000000003, 42.9983896],
     [21.408298000000002, 42.9984995],
     [21.4081264, 42.998625000000004], [21.408003, 42.9986996],
     [21.4078313, 42.9987663], [21.407675700000002, 42.9988408],
     [21.4075148, 42.998903600000006],
     [21.407343100000002, 42.998919300000004],
     [21.4071769, 42.998911400000004], [21.4069891, 42.9988408],
     [21.4067799, 42.9988016], [21.4065814, 42.998703500000005],
     [21.4064687, 42.998617200000005],
     [21.406286400000003, 42.9984916],
     [21.406195200000003, 42.9984053],
     [21.406045000000002, 42.9983426], [21.405884, 42.9982209],
     [21.4056855, 42.9981621], [21.4054763, 42.9981189],
     [21.405251, 42.998044400000005], [21.4050794, 42.998036500000005],
     [21.404907700000003, 42.997950200000005],
     [21.404757500000002, 42.99786],
     [21.404607300000002, 42.997722700000004],
     [21.404457100000002, 42.9975657],
     [21.404317600000002, 42.9974794], [21.404199600000002, 42.997397],
     [21.4040763, 42.9973107], [21.403909900000002, 42.9971459],
     [21.403759700000002, 42.997047800000004],
     [21.4036149, 42.996961500000005], [21.4034432, 42.9969223],
     [21.4031804, 42.996887], [21.4029282, 42.9969497],
     [21.4027351, 42.997004700000005],
     [21.402547400000003, 42.9970792], [21.4024508, 42.9970596],
     [21.4023542, 42.9969929], [21.4021933, 42.996934],
     [21.4020002, 42.996969400000005], [21.4019197, 42.9971028]]}},
  {"type":"Feature",
   "properties":{},
   "geometry":
   {"type":"LineString",
    "coordinates":
    [[21.4019197, 42.9971028], [21.4017534, 42.9972872],
     [21.401597900000002, 42.997428400000004],
     [21.4014691, 42.997534300000005],
     [21.401206300000002, 42.9976599], [21.4010561, 42.9977776],
     [21.400900500000002, 42.997907100000006],
     [21.4007717, 42.998009100000004],
     [21.4007127, 42.998130700000004],
     [21.400659100000002, 42.998295500000005],
     [21.4006215, 42.998476000000004],
     [21.4005303, 42.998660400000006],
     [21.400444500000003, 42.9987584],
     [21.400337200000003, 42.9987702],
     [21.400278200000002, 42.9987074],
     [21.400176300000002, 42.9985701], [21.4001065, 42.9984485],
     [21.399988500000003, 42.998319], [21.3998437, 42.998115000000006],
     [21.3997096, 42.997930600000004],
     [21.399613000000002, 42.9977737], [21.3995272, 42.997656],
     [21.399430600000002, 42.9975736], [21.3993137, 42.997501],
     [21.3991249, 42.997377400000005],
     [21.399022900000002, 42.9973146], [21.3989532, 42.9971577],
     [21.3989049, 42.9970361], [21.3987601, 42.9969419],
     [21.3985831, 42.996887], [21.398357700000002, 42.996839900000005],
     [21.3981432, 42.9967771], [21.3979125, 42.9967222],
     [21.3976443, 42.9966516], [21.3974243, 42.996667200000005],
     [21.3974243, 42.996580900000005],
     [21.3973063, 42.996529900000006],
     [21.3972151, 42.996545600000005],
     [21.3970327, 42.996475000000004], [21.3968825, 42.9963848],
     [21.3966894, 42.9963848],
     [21.396297800000003, 42.996388700000004],
     [21.3960271, 42.9964102], [21.3957596, 42.9965235],
     [21.395420100000003, 42.996567000000006],
     [21.394974400000002, 42.996532800000004],
     [21.3946241, 42.9964632], [21.394373700000003, 42.9963543],
     [21.394187000000002, 42.9962798], [21.3939302, 42.9962084],
     [21.3936967, 42.996196000000005], [21.3933359, 42.9962084]]}},
  {"type":"Feature",
   "properties":{},
   "geometry":
   {"type":"LineString",
    "coordinates":
    [[21.3933359, 42.9962084], [21.392999800000002, 42.9960265],
     [21.392737200000003, 42.9959178], [21.3924597, 42.9957529],
     [21.3922987, 42.995588000000005],
     [21.392150100000002, 42.9954757], [21.392028, 42.9953723],
     [21.3919634, 42.995317500000006]]}},
  {"type":"Feature",
   "properties":{},
   "geometry":
   {"type":"LineString",
    "coordinates":
    [[21.3919634, 42.995317500000006],
     [21.391893600000003, 42.9952391], [21.3917863, 42.9951449],
     [21.391657600000002, 42.9950233],
     [21.391534200000002, 42.9948624],
     [21.391416200000002, 42.9946937], [21.3912821, 42.9945407],
     [21.3911802, 42.9944308], [21.3910407, 42.9943602],
     [21.3909066, 42.994207200000005], [21.3907081, 42.9940541],
     [21.390579300000002, 42.9939325],
     [21.390429100000002, 42.9937756], [21.3902843, 42.9935598],
     [21.3901556, 42.993418500000004],
     [21.3900697, 42.993308600000006], [21.3899732, 42.9931752],
     [21.389823, 42.992837800000004], [21.3896728, 42.9926259],
     [21.3895601, 42.9924454], [21.3894796, 42.992284500000004],
     [21.3893455, 42.9921158], [21.389173900000003, 42.9919549]]}},
  {"type":"Feature",
   "properties":{},
   "geometry":
   {"type":"LineString",
    "coordinates":
    [[21.391382500000002, 42.982427900000005],
     [21.3913395, 42.9825299], [21.3913395, 42.982945900000004],
     [21.391361, 42.9830872], [21.391425400000003, 42.9831814],
     [21.3916507, 42.9833854], [21.391715, 42.983550300000005],
     [21.391682900000003, 42.9837622],
     [21.391607800000003, 42.9838171],
     [21.3915742, 42.983949900000006], [21.3915541, 42.9841624],
     [21.391575600000003, 42.9842802],
     [21.3915219, 42.984390100000006],
     [21.391350300000003, 42.9845392],
     [21.3908567, 42.985010100000004],
     [21.3906314, 42.985763500000004], [21.3902988, 42.986258],
     [21.390062800000003, 42.9866661],
     [21.389798600000002, 42.9870049],
     [21.389414300000002, 42.9875228],
     [21.3892813, 42.987911800000006],
     [21.389232200000002, 42.9880196],
     [21.3892467, 42.988231000000006], [21.389212, 42.9884762],
     [21.389084800000003, 42.988651600000004],
     [21.388847900000002, 42.988789000000004],
     [21.3887207, 42.9888355], [21.3885444, 42.9888588],
     [21.3883653, 42.988953900000006],
     [21.388209200000002, 42.9890659], [21.38803, 42.9893196],
     [21.387963600000003, 42.9895944],
     [21.387986700000003, 42.9897423],
     [21.3881601, 42.989903000000005], [21.3883277, 42.9901482],
     [21.3884173, 42.990355400000006],
     [21.3884288, 42.990585800000005],
     [21.388397100000002, 42.9907126], [21.3884231, 42.9909028],
     [21.3885849, 42.9910275], [21.3887149, 42.991194500000006],
     [21.389038600000003, 42.991761000000004],
     [21.389173900000003, 42.9919549]]}},
  {"type":"Feature",
   "properties":{},
   "geometry":
   {"type":"LineString",
    "coordinates":
    [[21.391382500000002, 42.982427900000005],
     [21.391496200000002, 42.982377], [21.3916638, 42.982410900000005],
     [21.3917967, 42.9824806],
     [21.391863200000003, 42.982459500000004],
     [21.3919585, 42.9823749], [21.392004800000002, 42.9822269],
     [21.3920712, 42.9821656], [21.3921879, 42.9821602]]}},
  {"type":"Feature",
   "properties":{},
   "geometry":
   {"type":"LineString",
    "coordinates":
    [[21.3921879, 42.9821602], [21.392242800000002, 42.9823001],
     [21.392277800000002, 42.9825244], [21.3923114, 42.9826349],
     [21.3923504, 42.9827376], [21.3923819, 42.982787900000005],
     [21.3924376, 42.982857900000006], [21.3925114, 42.9829194],
     [21.392848100000002, 42.983221],
     [21.392908900000002, 42.983318600000004],
     [21.392953600000002, 42.983424], [21.3930301, 42.9836387],
     [21.3930346, 42.9837238], [21.3930124, 42.983809],
     [21.3929678, 42.9839871], [21.392960600000002, 42.9840995],
     [21.3929778, 42.984182600000004], [21.3930092, 42.9844194],
     [21.3930237, 42.9845916], [21.393094100000003, 42.9847246],
     [21.393233900000002, 42.984901], [21.393261000000003, 42.9849753],
     [21.393245800000003, 42.985094200000006],
     [21.3929838, 42.985413300000005],
     [21.392942400000003, 42.9855005], [21.3929225, 42.9855877],
     [21.3929341, 42.9859523], [21.3928772, 42.9861153],
     [21.3927245, 42.986429900000005],
     [21.392671800000002, 42.986558200000005],
     [21.392662, 42.986678600000005],
     [21.392679700000002, 42.986807000000006],
     [21.392729600000003, 42.9869275],
     [21.392782200000003, 42.9871599], [21.3928514, 42.9873035],
     [21.3929957, 42.987462900000004],
     [21.3931353, 42.987625400000006],
     [21.393208100000003, 42.987781000000005],
     [21.393484700000002, 42.9879679], [21.3935321, 42.9880045],
     [21.3935794, 42.9880183],
     [21.393643700000002, 42.988020600000006], [21.393695, 42.988]]}},
  {"type":"Feature",
   "properties":{},
   "geometry":
   {"type":"LineString",
    "coordinates":
    [[21.393695, 42.988], [21.3937917, 42.987901400000005],
     [21.393865, 42.9878267], [21.3938805, 42.987768300000006],
     [21.39387, 42.98771], [21.393844100000003, 42.987634500000006],
     [21.393800000000002, 42.98758], [21.3935961, 42.987378],
     [21.3935448, 42.9871873], [21.3935335, 42.986962500000004],
     [21.393477200000003, 42.9867657], [21.3935067, 42.9865846],
     [21.3936241, 42.986422600000004], [21.3938843, 42.9861742],
     [21.3941461, 42.985984], [21.394466700000002, 42.985697],
     [21.3946171, 42.9855408], [21.3946831, 42.985328900000006],
     [21.3946547, 42.9849765],
     [21.394548500000003, 42.984739000000005],
     [21.394586, 42.984501200000004], [21.394560300000002, 42.9842175],
     [21.394571000000003, 42.983975400000006],
     [21.3946912, 42.9837627], [21.395035, 42.9836873],
     [21.3952914, 42.983648900000006], [21.3957072, 42.9836654],
     [21.396098300000002, 42.9836563],
     [21.3964362, 42.983582600000005], [21.3968831, 42.9835256],
     [21.3972917, 42.9834152], [21.397642100000002, 42.9832349],
     [21.3979082, 42.983147300000006],
     [21.398166500000002, 42.983137400000004],
     [21.3982782, 42.983167800000004]]}},
  {"type":"Feature",
   "properties":{},
   "geometry":
   {"type":"LineString",
    "coordinates":
    [[21.3982782, 42.983167800000004], [21.3985933, 42.9831203],
     [21.3988748, 42.9830957],
     [21.399170700000003, 42.983097400000005],
     [21.399418500000003, 42.9831133], [21.3996278, 42.9831062],
     [21.3997962, 42.9830763], [21.3998707, 42.983012900000006],
     [21.399918900000003, 42.982833400000004],
     [21.399976600000002, 42.982664500000006],
     [21.399942900000003, 42.9825448],
     [21.399858700000003, 42.9824234],
     [21.399673500000002, 42.9823424],
     [21.399276500000003, 42.9822192],
     [21.398694300000002, 42.9820239],
     [21.398533200000003, 42.9819271],
     [21.398451400000003, 42.981832000000004],
     [21.398477800000002, 42.9816701],
     [21.398607700000003, 42.981548700000005],
     [21.3987737, 42.9814888], [21.3989061, 42.9814924],
     [21.3990769, 42.9815434], [21.399291, 42.9816578],
     [21.399478600000002, 42.981763400000006], [21.399647, 42.9818091],
     [21.399829800000003, 42.9817933],
     [21.4001282, 42.981678900000006],
     [21.400448100000002, 42.9815082], [21.4007031, 42.9813428],
     [21.401052, 42.9812248], [21.4012877, 42.9810893],
     [21.4013551, 42.980980200000005], [21.4014537, 42.980725],
     [21.4015908, 42.9805824], [21.401718300000002, 42.9803976],
     [21.4018771, 42.980234], [21.4022332, 42.980014000000004],
     [21.4025411, 42.9797552]]}},
  {"type":"Feature",
   "properties":{},
   "geometry":
   {"type":"LineString",
    "coordinates":
    [[21.4025411, 42.9797552], [21.4027199, 42.9797219],
     [21.402920400000003, 42.9797334], [21.4032193, 42.9800498],
     [21.403473, 42.9801908], [21.4034906, 42.9802339],
     [21.4035064, 42.9803203], [21.4036243, 42.9804382],
     [21.4038092, 42.980455500000005], [21.4041631, 42.9803634],
     [21.4056377, 42.979765], [21.405897300000003, 42.979638400000006],
     [21.406141100000003, 42.9795895],
     [21.4067231, 42.979532000000006], [21.406963, 42.979534900000004],
     [21.4071439, 42.979555000000005],
     [21.407305100000002, 42.979649900000005],
     [21.407352300000003, 42.9797765], [21.4074624, 42.9800095],
     [21.4074624, 42.9801505], [21.4074899, 42.9801908],
     [21.4075332, 42.9802023], [21.4077848, 42.9802685],
     [21.407919800000002, 42.980313900000006]]}},
  {"type":"Feature",
   "properties":{},
   "geometry":
   {"type":"LineString",
    "coordinates":
    [[21.407919800000002, 42.980313900000006],
     [21.4082444, 42.9802746],
     [21.408914900000003, 42.980260900000005],
     [21.4092261, 42.980202000000006], [21.4095023, 42.9801098],
     [21.409716900000003, 42.9799548],
     [21.409794700000003, 42.9797743],
     [21.4099234, 42.979615300000006], [21.410143400000003, 42.979474],
     [21.4104733, 42.9792641],
     [21.410655700000003, 42.979146300000004],
     [21.4108622, 42.9790992], [21.4109856, 42.9790227],
     [21.4111122, 42.978933700000006]]}},
  {"type":"Feature",
   "properties":{},
   "geometry":
   {"type":"LineString",
    "coordinates":
    [[21.4111122, 42.978933700000006], [21.4115301, 42.9788579],
     [21.411747300000002, 42.9787892],
     [21.4119807, 42.978614500000006], [21.4121363, 42.978434],
     [21.412321300000002, 42.978277000000006],
     [21.4124796, 42.9782005], [21.4126571, 42.9781715],
     [21.412863100000003, 42.978231900000004],
     [21.412986500000002, 42.9783516], [21.4131635, 42.9785145],
     [21.4143249, 42.9789619], [21.4146012, 42.9790453]]}},
  {"type":"Feature",
   "properties":{},
   "geometry":
   {"type":"LineString",
    "coordinates":
    [[21.4146012, 42.9790453], [21.414711200000003, 42.9790129],
     [21.4151752, 42.978965800000005],
     [21.4155373, 42.978917700000004],
     [21.4159544, 42.978818600000004],
     [21.4163648, 42.978759700000005],
     [21.416839500000002, 42.978818600000004]]}},
  {"type":"Feature",
   "properties":{},
   "geometry":
   {"type":"LineString",
    "coordinates":
    [[21.416839500000002, 42.978818600000004],
     [21.4170456, 42.9788962], [21.4174979, 42.9789134],
     [21.4179619, 42.979048600000006], [21.4183433, 42.9792155],
     [21.4183984, 42.9793248], [21.4186973, 42.9793996],
     [21.4192478, 42.979638400000006], [21.4195113, 42.9797075],
     [21.419751100000003, 42.9797075], [21.4202663, 42.9795723],
     [21.420415700000003, 42.9795521], [21.4211236, 42.9797506],
     [21.4215601, 42.979834100000005], [21.4216623, 42.9798168]]}},
  {"type":"Feature",
   "properties":{},
   "geometry":
   {"type":"LineString",
    "coordinates":
    [[21.4216623, 42.9798168], [21.4218039, 42.9796758],
     [21.422000500000003, 42.979578000000004],
     [21.422610000000002, 42.979555000000005],
     [21.4228971, 42.9795147],
     [21.423015000000003, 42.979457200000006],
     [21.4231959, 42.979448500000004],
     [21.4234948, 42.979532000000006], [21.4237976, 42.9797334],
     [21.4238512, 42.9798326], [21.4239116, 42.9799261],
     [21.4236718, 42.9807921],
     [21.423691400000003, 42.981022200000005],
     [21.423880200000003, 42.9812754],
     [21.423943100000002, 42.9814911], [21.4239234, 42.9815976],
     [21.4237976, 42.981914], [21.423715, 42.9821298],
     [21.4237189, 42.9822736], [21.4237858, 42.9825383],
     [21.4239038, 42.9827512], [21.424120000000002, 42.9829785],
     [21.424548700000003, 42.983378300000005],
     [21.4250599, 42.9837494], [21.4253076, 42.9835739],
     [21.425826700000002, 42.9833237], [21.4261413, 42.9832115],
     [21.4265699, 42.983142400000006], [21.4271873, 42.9831683],
     [21.428021, 42.983306400000004], [21.4283395, 42.983306400000004],
     [21.4288035, 42.983188500000004],
     [21.4290552, 42.983153900000005], [21.4300934, 42.9831712],
     [21.430467, 42.983220100000004], [21.4307383, 42.983303500000005],
     [21.4311709, 42.9834848], [21.4315956, 42.983510700000004],
     [21.4321854, 42.9833409], [21.432323, 42.9832863],
     [21.4325787, 42.983263300000004], [21.432905, 42.9833237],
     [21.4334123, 42.9835739],
     [21.434112300000002, 42.983755200000004],
     [21.434639200000003, 42.983807000000006],
     [21.4349971, 42.9837609], [21.4352999, 42.983691900000004],
     [21.435504400000003, 42.983617100000004],
     [21.4356617, 42.9834589], [21.4357364, 42.983274800000004],
     [21.4361493, 42.9827512], [21.436357700000002, 42.9824836],
     [21.436656600000003, 42.9821931],
     [21.437116600000003, 42.9819514],
     [21.437713300000002, 42.981849000000004]]}},
  {"type":"Feature",
   "properties":{},
   "geometry":
   {"type":"LineString",
    "coordinates":
    [[21.437713300000002, 42.981849000000004],
     [21.4379871, 42.981965900000006], [21.438265, 42.9820584],
     [21.438423500000003, 42.9820677],
     [21.438818700000002, 42.9820538], [21.4391174, 42.982022],
     [21.4394658, 42.981888500000004], [21.4397126, 42.9818141],
     [21.440239400000003, 42.981788300000005],
     [21.440882300000002, 42.9817079],
     [21.441276300000002, 42.9816488], [21.4415978, 42.981538],
     [21.441937900000003, 42.981374100000004], [21.442195, 42.9811405],
     [21.4425725, 42.980694400000004], [21.442784, 42.980480500000006],
     [21.4431283, 42.980330300000006], [21.443624, 42.9801634],
     [21.4438645, 42.9801346],
     [21.444310700000003, 42.980110800000006],
     [21.444656700000003, 42.980046], [21.444894100000003, 42.9800254],
     [21.445304500000002, 42.980154000000006],
     [21.4455485, 42.980248200000005], [21.445692, 42.9804061],
     [21.445802, 42.9806102], [21.4460005, 42.980692600000005],
     [21.4465772, 42.9807829], [21.4467354, 42.9808408],
     [21.4469406, 42.980831900000005], [21.447493100000003, 42.980724],
     [21.4480752, 42.9807122], [21.448539200000003, 42.9807701],
     [21.4488333, 42.980928600000006],
     [21.449170900000002, 42.981210600000004],
     [21.4496818, 42.9814304], [21.450512800000002, 42.9816871],
     [21.4514569, 42.9818974], [21.451878100000002, 42.9820074],
     [21.4520813, 42.9820384], [21.4522401, 42.9820244],
     [21.4524116, 42.9819826], [21.452871000000002, 42.9818695],
     [21.453266900000003, 42.981799800000005],
     [21.453437400000002, 42.9816871], [21.4535887, 42.9815892],
     [21.4537306, 42.981542700000006], [21.4538873, 42.9815691],
     [21.4540079, 42.981662], [21.454138, 42.981871500000004],
     [21.4542705, 42.981995000000005]]}},
  {"type":"Feature",
   "properties":{},
   "geometry":
   {"type":"LineString",
    "coordinates":
    [[21.4542705, 42.981995000000005], [21.4544463, 42.9823546],
     [21.4548546, 42.9829389], [21.4555341, 42.983673700000004],
     [21.455751600000003, 42.9837478], [21.4561271, 42.9837761],
     [21.456404300000003, 42.9837958], [21.456744, 42.9838023],
     [21.457234900000003, 42.983890200000005]]}},
  {"type":"Feature",
   "properties":{},
   "geometry":
   {"type":"LineString",
    "coordinates":
    [[21.457234900000003, 42.983890200000005],
     [21.457349500000003, 42.9839683], [21.4576099, 42.9839721],
     [21.4583598, 42.9839588], [21.4586827, 42.9840121],
     [21.458919700000003, 42.984174100000004],
     [21.459107200000002, 42.9843855],
     [21.459260800000003, 42.984549300000005],
     [21.459536800000002, 42.984677000000005],
     [21.4601331, 42.9847836], [21.4603076, 42.9848998],
     [21.460357100000003, 42.985035100000005],
     [21.460333600000002, 42.9851875],
     [21.4604873, 42.985625600000006], [21.460542, 42.986208500000004],
     [21.4605368, 42.986595200000004], [21.4603779, 42.9871095],
     [21.4601644, 42.987589500000006],
     [21.4599248, 42.988020000000006], [21.4597582, 42.9882543],
     [21.4598076, 42.98838], [21.459914400000002, 42.988479000000005],
     [21.4599318, 42.9886556],
     [21.459776400000003, 42.989080900000005],
     [21.4597425, 42.9893038], [21.459792, 42.9895076],
     [21.459909200000002, 42.989869500000005],
     [21.4598155, 42.9908009], [21.4597842, 42.9911399],
     [21.4598337, 42.9913704], [21.4600785, 42.9916694],
     [21.460424800000002, 42.9919742],
     [21.460849200000002, 42.9924085], [21.461660000000002, 42.992859],
     [21.462414000000003, 42.9930346],
     [21.4629625, 42.993211300000006]]}},
  {"type":"Feature",
   "properties":{},
   "geometry":
   {"type":"LineString",
    "coordinates":
    [[21.4629625, 42.993211300000006],
     [21.4634517, 42.993067700000005], [21.4638455, 42.9929422],
     [21.464622300000002, 42.9929178], [21.4651351, 42.9931156],
     [21.4660867, 42.9930521], [21.4667348, 42.9931125],
     [21.467544800000002, 42.9931077],
     [21.468075900000002, 42.9929916],
     [21.4684975, 42.992784400000005], [21.468931, 42.9928833],
     [21.4691766, 42.9930521], [21.469520000000003, 42.9934075],
     [21.469841000000002, 42.9936141], [21.4701734, 42.9937492],
     [21.4704945, 42.993881300000005], [21.4705753, 42.9939085],
     [21.4706459, 42.9939273], [21.4709135, 42.9939473]]}},
  {"type":"Feature",
   "properties":{},
   "geometry":
   {"type":"LineString",
    "coordinates":
    [[21.4709135, 42.9939473], [21.471048, 42.993957],
     [21.471636, 42.994090500000006], [21.4717699, 42.994072700000004],
     [21.4722565, 42.9942803], [21.4724836, 42.9943218],
     [21.472804, 42.9943278], [21.473193300000002, 42.994431600000006],
     [21.473420400000002, 42.9946422],
     [21.4735745, 42.994778600000004], [21.4737003, 42.9949625],
     [21.4738179, 42.9950753],
     [21.474077400000002, 42.995143500000005],
     [21.4743613, 42.995164200000005],
     [21.474604600000003, 42.9951613], [21.4752008, 42.9953689],
     [21.4754685, 42.9954193], [21.4757564, 42.9955706],
     [21.475995700000002, 42.9957426],
     [21.476068700000003, 42.9958643], [21.4762998, 42.9959532],
     [21.476486400000002, 42.9961549],
     [21.4766121, 42.996187600000006],
     [21.476656700000003, 42.9962736],
     [21.476640500000002, 42.996413000000004],
     [21.4767581, 42.996579100000005],
     [21.476916300000003, 42.9966948],
     [21.4771393, 42.996967700000006],
     [21.4773745, 42.997311700000004], [21.4774435, 42.9974927],
     [21.4775205, 42.9976173],
     [21.477719200000003, 42.997649900000006], [21.4778936, 42.997635],
     [21.4782546, 42.997750700000005],
     [21.4785587, 42.997777400000004],
     [21.478875000000002, 42.9976706], [21.4792279, 42.9975728],
     [21.479568500000003, 42.997454100000006],
     [21.4799012, 42.9973295]]}},
  {"type":"Feature",
   "properties":{},
   "geometry":
   {"type":"LineString",
    "coordinates":
    [[21.4799012, 42.9973295], [21.4802885, 42.997318500000006],
     [21.480664, 42.9973284], [21.4812756, 42.997255800000005],
     [21.4817262, 42.997193], [21.4822412, 42.997271500000004],
     [21.4827561, 42.9973499], [21.483399900000002, 42.9974598],
     [21.4837861, 42.997397], [21.4842796, 42.9973813],
     [21.4846873, 42.997271500000004],
     [21.484930900000002, 42.997021100000005],
     [21.4852238, 42.9968006], [21.4854169, 42.996580900000005],
     [21.4856315, 42.9964868], [21.485889, 42.9963612],
     [21.4860821, 42.9962827], [21.4864254, 42.99622],
     [21.486725800000002, 42.9963141], [21.487112, 42.9963141],
     [21.487627, 42.9963141], [21.4880347, 42.9962357],
     [21.488318, 42.996154100000005],
     [21.488469600000002, 42.996084700000004],
     [21.488682500000003, 42.9960474],
     [21.4889039, 42.995999100000006],
     [21.489259500000003, 42.9959088],
     [21.4896214, 42.995832500000006], [21.4898683, 42.995792],
     [21.490072700000002, 42.99575],
     [21.490296200000003, 42.995679900000006],
     [21.4905644, 42.9955865], [21.490875300000003, 42.9954775],
     [21.4912265, 42.9953482], [21.4913926, 42.9953109],
     [21.4915778, 42.9953], [21.4916991, 42.9952953],
     [21.491858800000003, 42.9952673], [21.4920632, 42.9952034],
     [21.4923761, 42.995130200000006],
     [21.4926742, 42.995085100000004],
     [21.4929509, 42.995052400000006], [21.4931404, 42.9950119],
     [21.493278800000002, 42.9949621],
     [21.493389500000003, 42.994882700000005],
     [21.493517200000003, 42.994762800000004],
     [21.4936726, 42.994602400000005], [21.4939132, 42.9943766],
     [21.4940175, 42.99421], [21.494062200000002, 42.994144600000006],
     [21.494083500000002, 42.9940512],
     [21.4941502, 42.993905000000005],
     [21.494215500000003, 42.993702400000004],
     [21.494232500000003, 42.9936136], [21.4942497, 42.9935647],
     [21.494281800000003, 42.99354], [21.4943308, 42.9935288],
     [21.4944035, 42.9935264], [21.4945573, 42.9935251],
     [21.4948175, 42.9935449],
     [21.494986400000002, 42.993586900000004],
     [21.4951165, 42.9936129], [21.4952602, 42.9936178],
     [21.495376800000003, 42.993603], [21.495486600000003, 42.9935733],
     [21.4955812, 42.9935288], [21.4956792, 42.9934905],
     [21.49574, 42.993439800000004], [21.495811, 42.9933793],
     [21.4958955, 42.9933175],
     [21.496007000000002, 42.993245800000004],
     [21.496116800000003, 42.9931927],
     [21.4962385, 42.993139500000005], [21.4963145, 42.9931272],
     [21.496404100000003, 42.993134600000005],
     [21.4965021, 42.9931642], [21.4965899, 42.993213700000005],
     [21.496660900000002, 42.993292800000006], [21.4967465, 42.993442],
     [21.4968967, 42.993677500000004],
     [21.497075900000002, 42.9940118], [21.4972615, 42.9943053],
     [21.497540500000003, 42.9945407], [21.4979482, 42.9946348],
     [21.4982915, 42.994666200000005],
     [21.498417800000002, 42.9946591], [21.4988494, 42.9946348],
     [21.4992667, 42.9945352], [21.4996219, 42.994399400000006],
     [21.500051000000003, 42.9942739],
     [21.500351400000003, 42.994148300000006],
     [21.500630400000002, 42.994007100000005],
     [21.500930800000003, 42.9938501],
     [21.501231200000003, 42.9936147], [21.5016389, 42.9934577],
     [21.5020251, 42.9932066], [21.5024114, 42.9931125],
     [21.5028298, 42.9931384], [21.5032482, 42.9931909],
     [21.503484200000003, 42.993395], [21.5037632, 42.9936147],
     [21.504106500000002, 42.993834400000004],
     [21.504364000000002, 42.993912900000005], [21.5049648, 42.99396],
     [21.505309200000003, 42.9940165],
     [21.505694400000003, 42.9939757],
     [21.5060806, 42.993912900000005],
     [21.5065312, 42.993928600000004], [21.5070248, 42.9939443],
     [21.5073681, 42.994007100000005],
     [21.5076234, 42.994053400000006]]}},
  {"type":"Feature",
   "properties":{},
   "geometry":
   {"type":"LineString",
    "coordinates":
    [[21.5076234, 42.994053400000006], [21.5081406, 42.9940541],
     [21.508526800000002, 42.994179700000004],
     [21.508891600000002, 42.9942896],
     [21.5093207, 42.994242500000006],
     [21.509749900000003, 42.9941954], [21.5102005, 42.9942111],
     [21.5106511, 42.994336600000004], [21.5111232, 42.9944465],
     [21.5115738, 42.994603500000004], [21.5118098, 42.994933],
     [21.5121317, 42.9951998], [21.5125394, 42.995435300000004],
     [21.5128613, 42.995733400000006], [21.5131187, 42.9960473],
     [21.5132046, 42.9963926], [21.513314, 42.996602100000004],
     [21.513698100000003, 42.996675100000004],
     [21.514213100000003, 42.996628], [21.5147495, 42.9965652],
     [21.515393300000003, 42.9965652],
     [21.5158224, 42.996675100000004],
     [21.5164447, 42.996675100000004],
     [21.517088400000002, 42.9967222],
     [21.517496100000002, 42.9968791],
     [21.518054000000003, 42.9971302],
     [21.518232100000002, 42.9975006], [21.5185046, 42.9978051],
     [21.518783600000003, 42.998166000000005],
     [21.5192556, 42.998511300000004], [21.5195775, 42.9987781],
     [21.5200925, 42.999076200000005],
     [21.520521600000002, 42.9990919], [21.5211225, 42.9990448],
     [21.5214229, 42.9988722], [21.5217876, 42.9987153],
     [21.522131, 42.998574000000005], [21.522517200000003, 42.9983857],
     [21.522882000000003, 42.9981974], [21.5231609, 42.9982759],
     [21.522989300000003, 42.998574000000005],
     [21.522624500000003, 42.9987937],
     [21.522216800000002, 42.998997800000005],
     [21.521916400000002, 42.999233200000006],
     [21.522023700000002, 42.999421500000004],
     [21.5223026, 42.9992802], [21.522538700000002, 42.9990919],
     [21.5230751, 42.999013500000004],
     [21.5235686, 42.998997800000005], [21.5242553, 42.9988879],
     [21.5249634, 42.998731], [21.525435400000003, 42.998527],
     [21.5257788, 42.9983857], [21.5259933, 42.9985427],
     [21.5257788, 42.9988879],
     [21.525714400000002, 42.999405800000005],
     [21.525714400000002, 42.999735300000005],
     [21.525714400000002, 43.0001277], [21.5257788, 43.0003474],
     [21.5255213, 43.000645500000005], [21.5251136, 43.0008652],
     [21.5246415, 43.0009594], [21.5241051, 43.001147700000004],
     [21.523912000000003, 43.0015243], [21.523869, 43.0019951],
     [21.524148, 43.0024031], [21.524319600000002, 43.0027641],
     [21.5245986, 43.0030622], [21.5249634, 43.0033918],
     [21.525092100000002, 43.003674200000006],
     [21.5251091, 43.003809000000004],
     [21.5250764, 43.003848600000005],
     [21.5250278, 43.003862500000004], [21.5246201, 43.003737],
     [21.5242338, 43.003533000000004], [21.5238476, 43.0033447],
     [21.523686700000003, 43.0033133], [21.5234895, 43.0033084],
     [21.523364800000003, 43.003340800000004],
     [21.5232996, 43.0034356],
     [21.523246800000003, 43.003533000000004],
     [21.5231926, 43.003733800000006], [21.5230751, 43.0038939],
     [21.5228927, 43.004046900000006], [21.5223455, 43.0042234],
     [21.5221631, 43.004339200000004], [21.5221163, 43.0043877],
     [21.5221042, 43.0044471]]}},
  {"type":"Feature",
   "properties":{},
   "geometry":
   {"type":"LineString",
    "coordinates":
    [[21.5221042, 43.0044471], [21.5221632, 43.0044765],
     [21.52231, 43.0044781], [21.522646, 43.0044589],
     [21.5229506, 43.0044416], [21.523547200000003, 43.0044745],
     [21.524062200000003, 43.004584400000006],
     [21.5245846, 43.004864500000004]]}},
  {"type":"Feature",
   "properties":{},
   "geometry":
   {"type":"LineString",
    "coordinates":
    [[21.5357321, 43.002583], [21.5356171, 43.002485500000006],
     [21.5355822, 43.002379600000005], [21.5355098, 43.0024777],
     [21.5353381, 43.0026189], [21.5350699, 43.0028366],
     [21.5348554, 43.0030779],
     [21.534426200000002, 43.003393700000004],
     [21.534018500000002, 43.0037998], [21.5337396, 43.0040822],
     [21.533503500000002, 43.0043804], [21.5331817, 43.004804],
     [21.532774, 43.005165000000005], [21.532259, 43.0055886],
     [21.531808400000003, 43.005824000000004],
     [21.531078800000003, 43.0060908], [21.530242, 43.006216300000006],
     [21.5293944, 43.006243700000006],
     [21.5277743, 43.006122100000006],
     [21.526637100000002, 43.005824000000004],
     [21.525607100000002, 43.0050551],
     [21.524984800000002, 43.004757000000005],
     [21.5246469, 43.004774600000005],
     [21.5245846, 43.004864500000004]]}},
  {"type":"Feature",
   "properties":{},
   "geometry":
   {"type":"LineString",
    "coordinates":
    [[21.5373552, 43.001155600000004],
     [21.5368938, 43.001540000000006],
     [21.5358102, 43.002293300000005], [21.5357321, 43.002583]]}},
  {"type":"Feature",
   "properties":{},
   "geometry":
   {"type":"LineString",
    "coordinates":
    [[21.5373552, 43.001155600000004], [21.5374075, 43.0006525],
     [21.5376157, 43.0000609],
     [21.537890100000002, 42.999773700000006],
     [21.538027300000003, 42.9992547], [21.538207, 42.998905300000004],
     [21.538505100000002, 42.998542], [21.5387747, 42.998074900000006],
     [21.539087000000002, 42.997773800000004],
     [21.5392194, 42.997704600000006],
     [21.539389800000002, 42.9976562],
     [21.5397588, 42.997718500000005],
     [21.5400852, 42.997832700000004], [21.540246, 42.9979814],
     [21.540260200000002, 42.9983413], [21.5402035, 42.9986042],
     [21.5401136, 42.9988084], [21.5401136, 42.9990194],
     [21.5403312, 42.9992443],
     [21.540771200000002, 42.999382700000005],
     [21.5412821, 42.999431200000004],
     [21.5417315, 42.999306600000004],
     [21.542266100000003, 42.9991059], [21.5427676, 42.9989641],
     [21.5431555, 42.9990091], [21.5434583, 42.999092100000006],
     [21.5439298, 42.9993987]]}},
  {"type":"Feature",
   "properties":{},
   "geometry":
   {"type":"LineString",
    "coordinates":
    [[21.5439298, 42.9993987], [21.544275300000002, 42.9992802],
     [21.544683000000003, 42.9991861],
     [21.545090700000003, 42.9992018], [21.5454125, 42.9991861],
     [21.545601, 42.999130900000004], [21.545677, 42.999104900000006],
     [21.5457463, 42.9990802], [21.5458122, 42.9990827],
     [21.5458679, 42.999104900000006], [21.5459275, 42.999139],
     [21.5460707, 42.9991852],
     [21.546302500000003, 42.999229500000006],
     [21.546351700000002, 42.999246400000004],
     [21.546394000000003, 42.999265300000005],
     [21.5464319, 42.999289600000004],
     [21.546460500000002, 42.9993147], [21.546489, 42.999342500000004],
     [21.5465214, 42.999378500000006],
     [21.546560000000003, 42.9994256], [21.5466389, 42.9995222],
     [21.546677900000002, 42.9995677], [21.5467097, 42.9996014],
     [21.546738, 42.9996273], [21.546776, 42.9996565],
     [21.546819300000003, 42.9996856],
     [21.5469714, 42.999802800000005]]}},
  {"type":"Feature",
   "properties":{},
   "geometry":
   {"type":"LineString",
    "coordinates":
    [[21.5698052, 43.0012587],
     [21.569704400000003, 43.001337500000005],
     [21.5696356, 43.0013955],
     [21.569552100000003, 43.001477900000005],
     [21.5694968, 43.0015397],
     [21.569464200000002, 43.001585500000004],
     [21.5694237, 43.0016538], [21.5693878, 43.0017243],
     [21.569340500000003, 43.001806800000004],
     [21.569281500000002, 43.0019441], [21.5692404, 43.002031],
     [21.5692032, 43.0020887], [21.5691662, 43.002161900000004],
     [21.569115200000002, 43.0022286],
     [21.569072300000002, 43.0022776],
     [21.569015500000003, 43.0023266],
     [21.5689275, 43.002379600000005], [21.5688229, 43.0024286],
     [21.5687183, 43.002473800000004], [21.5686244, 43.0025032],
     [21.5685332, 43.0025248], [21.5684554, 43.002536500000005],
     [21.568383, 43.0025385], [21.5683079, 43.002546300000006],
     [21.568224700000002, 43.002552200000004],
     [21.5681389, 43.0025483], [21.5680584, 43.0025404],
     [21.5679109, 43.0025149], [21.5677795, 43.0024796],
     [21.5675971, 43.0024267], [21.5673691, 43.002363900000006],
     [21.567112400000003, 43.0022882], [21.5669417, 43.0022449],
     [21.566796500000002, 43.0022011],
     [21.566669700000002, 43.0021609],
     [21.5665598, 43.002113900000005],
     [21.5664652, 43.002070700000004],
     [21.566397600000002, 43.002038600000006],
     [21.566316500000003, 43.002004], [21.5660935, 43.0018928],
     [21.5658688, 43.0017766], [21.5657539, 43.0017136],
     [21.5656204, 43.0016419], [21.565421, 43.001533200000004],
     [21.5652554, 43.001438], [21.5650049, 43.0012786],
     [21.5647835, 43.0011651], [21.5646497, 43.0011038],
     [21.564522, 43.0010515], [21.564421000000003, 43.0010126],
     [21.564320000000002, 43.0009759], [21.564232, 43.0009521],
     [21.5641268, 43.0009269], [21.5640399, 43.0009086],
     [21.563943700000003, 43.0008903], [21.5638253, 43.0008716],
     [21.563700800000003, 43.000854700000005],
     [21.5635885, 43.000837700000005],
     [21.563331700000003, 43.0007959],
     [21.5631179, 43.000758600000005],
     [21.562832800000002, 43.0006994], [21.5626891, 43.0006696],
     [21.5624393, 43.000627900000005],
     [21.562336000000002, 43.000612700000005],
     [21.562211100000003, 43.0005953], [21.5620832, 43.0005803],
     [21.5619368, 43.0005631], [21.5616996, 43.0005377],
     [21.561447, 43.000518400000004], [21.5612405, 43.000508200000006],
     [21.5611721, 43.000505600000004], [21.5610913, 43.0005041],
     [21.5609821, 43.000506800000004], [21.5608623, 43.0005144],
     [21.5606689, 43.000531900000006], [21.560396, 43.000556200000005],
     [21.560278, 43.000565], [21.5601662, 43.0005716],
     [21.5600765, 43.0005741], [21.559925, 43.000567700000005],
     [21.559792100000003, 43.0005657],
     [21.559609000000002, 43.0005747], [21.5594475, 43.0005837],
     [21.5592766, 43.0005846], [21.559152, 43.0005809],
     [21.5590598, 43.0005691],
     [21.558988000000003, 43.000555500000004], [21.5589286, 43.000542],
     [21.558859, 43.0005217], [21.558787600000002, 43.0004901],
     [21.558715600000003, 43.0004518],
     [21.5586457, 43.000413300000005], [21.5585498, 43.0003547],
     [21.558460200000003, 43.000296000000006],
     [21.5583813, 43.0002452], [21.558284, 43.000180900000004],
     [21.558192400000003, 43.0001264],
     [21.558102400000003, 43.0000718], [21.5580317, 43.0000262],
     [21.557964000000002, 42.999982900000006],
     [21.5578934, 42.9999373], [21.5578197, 42.9998872],
     [21.5576785, 42.9997914], [21.557471, 42.9996598],
     [21.5572436, 42.9994905], [21.5571047, 42.999393600000005],
     [21.5569473, 42.9992922], [21.556789900000002, 42.9991823],
     [21.5566418, 42.9990837], [21.5565541, 42.999028900000006],
     [21.5564727, 42.9989797],
     [21.556411400000002, 42.998946600000004],
     [21.5563474, 42.9989165],
     [21.556290200000003, 42.998890100000004],
     [21.5562222, 42.998862200000005],
     [21.5561292, 42.998828800000005],
     [21.555924700000002, 42.9987621], [21.5555096, 42.9986303],
     [21.555097500000002, 42.9984984],
     [21.554715400000003, 42.9983808], [21.5543394, 42.9982631],
     [21.5541021, 42.998185400000004], [21.5539835, 42.9981455],
     [21.553883300000003, 42.998110000000004],
     [21.553819200000003, 42.9980787], [21.553759600000003, 42.998044],
     [21.5537114, 42.9980106], [21.5536093, 42.997919700000004],
     [21.5534949, 42.9978154],
     [21.553385600000002, 42.997711100000004],
     [21.5533156, 42.9976409], [21.5532456, 42.9975618],
     [21.553212900000002, 42.9975192], [21.5531803, 42.9974744],
     [21.553142700000002, 42.997416300000005],
     [21.553119000000002, 42.9973705],
     [21.553095300000003, 42.997320200000004],
     [21.553083400000002, 42.9972883],
     [21.553071600000003, 42.9972519],
     [21.553059700000002, 42.9972166],
     [21.553047900000003, 42.9971723], [21.552996, 42.9969315],
     [21.552944200000002, 42.9967065], [21.5528784, 42.9964661],
     [21.5528558, 42.9963981], [21.552833200000002, 42.9963459],
     [21.5528002, 42.996273], [21.552749900000002, 42.9961952],
     [21.5526996, 42.996128600000006],
     [21.552656900000002, 42.996074400000005],
     [21.552614300000002, 42.9960247],
     [21.5525713, 42.995979500000004],
     [21.552531300000002, 42.995936500000006],
     [21.5524515, 42.995857400000006],
     [21.5524054, 42.995815900000004], [21.5523594, 42.9957766],
     [21.552301200000002, 42.9957341],
     [21.552243400000002, 42.995701000000004],
     [21.5521771, 42.995677400000005],
     [21.5521014, 42.995657400000006], [21.5520317, 42.9956423],
     [21.551963100000002, 42.995631],
     [21.551872200000002, 42.995622100000006],
     [21.551761300000003, 42.995617800000005],
     [21.551573100000002, 42.9956115],
     [21.551400400000002, 42.9956052], [21.5510489, 42.9955961],
     [21.550702100000002, 42.995589100000004],
     [21.550346, 42.995583800000006], [21.5501766, 42.9955854],
     [21.5500142, 42.9955903], [21.5497385, 42.9956003],
     [21.5494843, 42.9956143], [21.5492382, 42.995628200000006],
     [21.549145000000003, 42.995634300000006],
     [21.549058000000002, 42.995643400000006],
     [21.5489877, 42.9956529], [21.5489357, 42.995663],
     [21.548856800000003, 42.9956815], [21.5488092, 42.9956973],
     [21.548761600000002, 42.9957146], [21.5487065, 42.9957356],
     [21.5486626, 42.9957544], [21.5485878, 42.9957931],
     [21.5485513, 42.995815500000006],
     [21.548514700000002, 42.9958418], [21.5484675, 42.9958788],
     [21.5484084, 42.9959325], [21.5483651, 42.995978900000004],
     [21.548338100000002, 42.9960144], [21.548311, 42.996053800000006],
     [21.5482704, 42.996116], [21.5482438, 42.996161900000004],
     [21.548214400000003, 42.9962206], [21.5481878, 42.9962803],
     [21.548158400000002, 42.996351700000005], [21.5481038, 42.996501],
     [21.5480492, 42.996658000000004], [21.5479366, 42.9970141],
     [21.5478732, 42.9972295], [21.547806400000002, 42.9974373],
     [21.547763800000002, 42.997565200000004],
     [21.5477211, 42.9976873], [21.5476765, 42.997825500000005],
     [21.5476318, 42.9979795], [21.547625, 42.998005600000006],
     [21.547618200000002, 42.9980361],
     [21.5476135, 42.998067400000004], [21.5476087, 42.9981091],
     [21.547604800000002, 42.9981468],
     [21.5476008, 42.998190400000006],
     [21.5475962, 42.998282200000006],
     [21.547589600000002, 42.9983875], [21.5475853, 42.9984321],
     [21.547579000000002, 42.9984886],
     [21.5475731, 42.998527200000005],
     [21.547565300000002, 42.9985719], [21.5475552, 42.9986291],
     [21.5475451, 42.9986788], [21.547523, 42.9987635],
     [21.5474901, 42.9988923], [21.5474837, 42.9989241],
     [21.5474816, 42.998953900000004],
     [21.5474809, 42.998983900000006],
     [21.5474818, 42.999015400000005], [21.5474828, 42.999043],
     [21.547484700000002, 42.9990943],
     [21.547489600000002, 42.9991822], [21.5474929, 42.9992753],
     [21.547490500000002, 42.9993368],
     [21.547486300000003, 42.9994099],
     [21.5474824, 42.999438700000006],
     [21.547476800000002, 42.9994701],
     [21.547469900000003, 42.9995002],
     [21.547462900000003, 42.9995277],
     [21.547445800000002, 42.9995782], [21.5474286, 42.9996274],
     [21.5474083, 42.9996838], [21.5473916, 42.9997272],
     [21.547370800000003, 42.9997698], [21.54735, 42.999805900000005],
     [21.547314200000002, 42.999837], [21.5472803, 42.9998616],
     [21.5472565, 42.999874500000004],
     [21.547232100000002, 42.999885500000005],
     [21.547202600000002, 42.9998919], [21.5471703, 42.9998931],
     [21.5471322, 42.9998865], [21.5471037, 42.999875800000005],
     [21.5470627, 42.999858200000006], [21.5470161, 42.9998309],
     [21.5469714, 42.999802800000005]]}},
  {"type":"Feature",
   "properties":{},
   "geometry":
   {"type":"LineString",
    "coordinates":
    [[21.5705099, 43.0007456], [21.5704344, 43.0008016],
     [21.570329, 43.0008756], [21.5702347, 43.000947100000005],
     [21.570089300000003, 43.001053600000006],
     [21.569951900000003, 43.001151400000005],
     [21.5698052, 43.0012587]]}},
  {"type":"Feature",
   "properties":{},
   "geometry":
   {"type":"LineString",
    "coordinates":
    [[21.5705099, 43.0007456], [21.5704049, 43.000673600000006],
     [21.570291100000002, 43.0006216], [21.5701204, 43.0005651],
     [21.569589800000003, 43.000416400000006],
     [21.5693784, 43.000331700000004],
     [21.5691121, 43.000229100000006],
     [21.568878400000003, 43.000108700000006],
     [21.5685958, 42.9999139],
     [21.568559200000003, 42.999884200000004],
     [21.568534800000002, 42.9998337],
     [21.568543000000002, 42.9997801],
     [21.5685755, 42.999747400000004], [21.5687584, 42.9996389],
     [21.5688438, 42.999569], [21.5689007, 42.999500600000005],
     [21.5690227, 42.999262800000004], [21.5690755, 42.9991052],
     [21.5691162, 42.9990145],
     [21.569187300000003, 42.998916400000006],
     [21.569278800000003, 42.998839100000005],
     [21.569449600000002, 42.9987335], [21.5697179, 42.9985343],
     [21.5699049, 42.998391600000005],
     [21.570030900000003, 42.998311300000005],
     [21.5703318, 42.998204300000005],
     [21.570738300000002, 42.998147800000005],
     [21.5710392, 42.998127000000004],
     [21.571270900000002, 42.9981299],
     [21.571437600000003, 42.9981716], [21.5717018, 42.9982935],
     [21.5721938, 42.9985403], [21.572974300000002, 42.9988316]]}},
  {"type":"Feature",
   "properties":{},
   "geometry":
   {"type":"LineString",
    "coordinates":
    [[21.572974300000002, 42.9988316],
     [21.5735272, 42.998932700000005],
     [21.574718400000002, 42.9990219], [21.5756453, 42.9991617],
     [21.5762186, 42.9992182],
     [21.576791800000002, 42.999256800000005],
     [21.577200400000002, 42.9993563], [21.577542, 42.9994378],
     [21.5776174, 42.999479], [21.5776983, 42.9995142],
     [21.5777839, 42.999543], [21.5778731, 42.999565100000005],
     [21.5779649, 42.999580200000004],
     [21.578057700000002, 42.999588100000004],
     [21.578151100000003, 42.999589],
     [21.578244100000003, 42.999582700000005],
     [21.5783358, 42.999569400000006],
     [21.5783793, 42.999556600000005],
     [21.578425000000003, 42.9995491],
     [21.5784857, 42.999547400000004], [21.5785455, 42.9995549],
     [21.578602, 42.999571100000004], [21.5787097, 42.999588800000005],
     [21.5788191, 42.9995996], [21.578929300000002, 42.9996035],
     [21.5790295, 42.999601000000006],
     [21.579129000000002, 42.9995928], [21.5792274, 42.9995789],
     [21.579324, 42.999559500000004], [21.5798212, 42.9994132],
     [21.5801999, 42.999239800000005], [21.5806282, 42.9991065],
     [21.581093600000003, 42.9988904], [21.5811755, 42.9988443],
     [21.5812622, 42.998803200000005], [21.5813531, 42.9987671],
     [21.581447500000003, 42.998736400000006],
     [21.581543200000002, 42.998711500000006],
     [21.5816413, 42.9986922], [21.581741100000002, 42.9986784],
     [21.581842100000003, 42.9986703],
     [21.581968200000002, 42.9986783],
     [21.582094700000003, 42.9986795], [21.582221, 42.998673800000006],
     [21.582346400000002, 42.9986613],
     [21.582469500000002, 42.998642200000006],
     [21.582590200000002, 42.998616500000004],
     [21.5827081, 42.998584400000006],
     [21.582822500000002, 42.998546100000006],
     [21.5832719, 42.9983882], [21.583629400000003, 42.9981889],
     [21.5838329, 42.9979676], [21.5838648, 42.9979479],
     [21.583901, 42.997932600000006],
     [21.583940400000003, 42.997922200000005],
     [21.5839815, 42.9979171],
     [21.584022100000002, 42.997917300000005],
     [21.584062000000003, 42.9979225],
     [21.5841001, 42.997932600000006],
     [21.584165600000002, 42.997944000000004],
     [21.5842326, 42.9979482],
     [21.584299700000003, 42.997945300000005],
     [21.5843655, 42.9979352], [21.5844236, 42.9979177],
     [21.584485100000002, 42.9979085], [21.584547800000003, 42.997908],
     [21.584604600000002, 42.9979153],
     [21.5846588, 42.997929600000006],
     [21.5847088, 42.997950700000004]]}},
  {"type":"Feature",
   "properties":{},
   "geometry":
   {"type":"LineString",
    "coordinates":
    [[21.607324600000002, 42.9889178],
     [21.607347400000002, 42.988975700000005],
     [21.6073595, 42.989026700000004],
     [21.607376900000002, 42.9890768], [21.6073841, 42.9891352],
     [21.607385200000003, 42.989187400000006],
     [21.6073771, 42.989263300000005],
     [21.6073592, 42.989332100000006],
     [21.6073354, 42.989412300000005],
     [21.6072978, 42.989485800000004],
     [21.6072643, 42.989538800000005],
     [21.6072254, 42.989587900000004],
     [21.6071463, 42.989668300000005],
     [21.607057700000002, 42.989754600000005],
     [21.6069552, 42.9898322], [21.6067559, 42.989974100000005],
     [21.6065733, 42.990117700000006], [21.6062759, 42.9903488],
     [21.606011000000002, 42.990555400000005],
     [21.6058087, 42.990715800000004], [21.6057048, 42.9908024],
     [21.6056135, 42.990865400000004],
     [21.6055189, 42.990937100000004],
     [21.605420900000002, 42.9909952],
     [21.6053195, 42.991053300000004],
     [21.6052249, 42.991094100000005], [21.6050881, 42.9911485],
     [21.604985000000003, 42.9911818],
     [21.604866700000002, 42.991212700000005], [21.6047535, 42.99123],
     [21.604645400000003, 42.991237500000004],
     [21.6045254, 42.991241200000005],
     [21.604403700000002, 42.9912337], [21.6043159, 42.9912201],
     [21.6042077, 42.991193], [21.604118200000002, 42.9911596],
     [21.604028600000003, 42.99112], [21.6039154, 42.9910669],
     [21.6037904, 42.9910286], [21.603724500000002, 42.9910137],
     [21.603665300000003, 42.99101], [21.6035927, 42.99101],
     [21.603515, 42.991018700000005], [21.6034271, 42.991036],
     [21.603322300000002, 42.9910657],
     [21.603234500000003, 42.991094100000005],
     [21.603155100000002, 42.9911237],
     [21.6030571, 42.991169500000005],
     [21.6030047, 42.991200400000004],
     [21.602967500000002, 42.991241200000005],
     [21.602947200000003, 42.991275800000004],
     [21.6029303, 42.991316600000005], [21.6029151, 42.9913685],
     [21.602921900000002, 42.9914241],
     [21.6029489, 42.991474800000006],
     [21.603013100000002, 42.991542700000004],
     [21.603222600000002, 42.991693500000004],
     [21.603391600000002, 42.991815900000006],
     [21.6035724, 42.9919382], [21.6037228, 42.9920507],
     [21.6038901, 42.9921607], [21.6039898, 42.9922373],
     [21.6040607, 42.9922966], [21.604118200000002, 42.9923535],
     [21.604158700000003, 42.992393], [21.6041908, 42.99244],
     [21.604209400000002, 42.9924833], [21.6042196, 42.9925228],
     [21.604224600000002, 42.992566100000005],
     [21.6042263, 42.992606900000006], [21.6042196, 42.9926588],
     [21.6041959, 42.9927094], [21.6041537, 42.9927725],
     [21.604094500000002, 42.9928441],
     [21.6039615, 42.992967900000004], [21.603829, 42.9930743],
     [21.603705400000003, 42.993187000000006],
     [21.603596800000002, 42.993272600000005],
     [21.603509600000002, 42.993347400000005],
     [21.6034308, 42.9934019], [21.6033158, 42.9934828],
     [21.6031817, 42.993570000000005], [21.6030306, 42.993651],
     [21.602785700000002, 42.993774], [21.6025281, 42.9939017],
     [21.6022514, 42.9940403], [21.6021407, 42.9940979],
     [21.602053400000003, 42.994143], [21.601972500000002, 42.9941851],
     [21.601891600000002, 42.9942287], [21.6018192, 42.9942645],
     [21.601740500000002, 42.9943097], [21.6016, 42.994396900000005],
     [21.601419, 42.994516700000005], [21.601238000000002, 42.9946475],
     [21.601057100000002, 42.9947674], [21.6008655, 42.9949123],
     [21.6007591, 42.9949792], [21.6006718, 42.9950508],
     [21.600576, 42.9951178], [21.6004717, 42.9951723],
     [21.600371600000003, 42.9952221],
     [21.600288600000003, 42.9952673],
     [21.600171500000002, 42.995315500000004],
     [21.5999413, 42.9953987], [21.599537100000003, 42.9955553],
     [21.5991411, 42.995701700000005],
     [21.5990006, 42.995754600000005],
     [21.598826000000003, 42.9958138],
     [21.598674900000002, 42.995857400000006],
     [21.598504600000002, 42.995901], [21.5983385, 42.995932100000005],
     [21.5982214, 42.9959446], [21.5980682, 42.9959477],
     [21.597887200000002, 42.9959493], [21.5977552, 42.9959446],
     [21.5976339, 42.995929000000004],
     [21.5974891, 42.995907200000005], [21.5972954, 42.9958776],
     [21.5971847, 42.995857400000006],
     [21.597027100000002, 42.995826300000004],
     [21.5968015, 42.995776400000004],
     [21.5966546, 42.995751500000004],
     [21.5965957, 42.995741900000006],
     [21.5965396, 42.995732800000006],
     [21.5964098, 42.995710100000004], [21.5963338, 42.9957052],
     [21.5962645, 42.9957064], [21.5961952, 42.995710100000004],
     [21.596060100000003, 42.9957311],
     [21.595911400000002, 42.995758300000006],
     [21.5957948, 42.9957818], [21.5956681, 42.9957979],
     [21.5955717, 42.9958004],
     [21.595458500000003, 42.995794200000006], [21.5953453, 42.995783],
     [21.5952372, 42.995755900000006],
     [21.5950615, 42.995708900000004],
     [21.594737000000002, 42.9956088],
     [21.594649200000003, 42.9955865], [21.594563, 42.9955779],
     [21.5944532, 42.9955742], [21.5942842, 42.9955903],
     [21.5940403, 42.995641000000006],
     [21.593669900000002, 42.995718800000006], [21.5931952, 42.99582],
     [21.592973800000003, 42.9958699],
     [21.5927481, 42.995921200000005], [21.5925374, 42.9959648],
     [21.592313800000003, 42.9960115],
     [21.592052000000002, 42.9960645],
     [21.5917433, 42.996123700000005],
     [21.591517600000003, 42.9961641],
     [21.591311100000002, 42.9961999], [21.591111, 42.996228],
     [21.5908917, 42.9962498], [21.5907619, 42.996256],
     [21.590615, 42.996256], [21.5903744, 42.996256],
     [21.5900551, 42.996256], [21.5896697, 42.9962576],
     [21.589254, 42.9962527], [21.588922800000002, 42.996245300000005],
     [21.588655900000003, 42.9962378],
     [21.5884599, 42.996240300000004], [21.588345, 42.996242800000005],
     [21.588243600000002, 42.996247700000005],
     [21.5881709, 42.9962576], [21.588105000000002, 42.9962737],
     [21.5880543, 42.9962922], [21.5880087, 42.9963083],
     [21.587959700000003, 42.9963379],
     [21.587898900000003, 42.9963824], [21.587819500000002, 42.996443],
     [21.587641, 42.996597], [21.5874664, 42.996740200000005],
     [21.587121500000002, 42.9970408],
     [21.5870108, 42.997134200000005], [21.5869193, 42.9972136],
     [21.5868575, 42.9972681], [21.5867915, 42.997325700000005],
     [21.5867128, 42.997389500000004], [21.586634, 42.997445600000006],
     [21.586548800000003, 42.9975079],
     [21.586412600000003, 42.997595100000005],
     [21.586280600000002, 42.9976573],
     [21.5861848, 42.997697800000005], [21.5861209, 42.9977196],
     [21.58604, 42.9977414], [21.5859677, 42.997761700000005],
     [21.5858868, 42.9977803], [21.585759000000003, 42.9978068],
     [21.585612100000002, 42.997827], [21.585461000000002, 42.9978457],
     [21.585288600000002, 42.997864400000005],
     [21.5851864, 42.997881500000005], [21.5850373, 42.9978956],
     [21.584887900000002, 42.997914800000004],
     [21.584779700000002, 42.9979334],
     [21.5847088, 42.997950700000004]]}},
  {"type":"Feature",
   "properties":{},
   "geometry":
   {"type":"LineString",
    "coordinates":
    [[21.6085305, 42.9888058], [21.608522, 42.9887786],
     [21.6085156, 42.9887506], [21.608506000000002, 42.988714],
     [21.6085007, 42.9886774], [21.6084932, 42.9886338],
     [21.608489000000002, 42.9885761],
     [21.608486900000003, 42.9885279], [21.6084932, 42.9884342],
     [21.608483600000003, 42.9883674],
     [21.608461300000002, 42.988315300000004],
     [21.6084272, 42.9882748], [21.608384700000002, 42.988253],
     [21.608325500000003, 42.988230400000006],
     [21.6082782, 42.9882093], [21.6082207, 42.9881977],
     [21.6081505, 42.988182200000004],
     [21.6080547, 42.988171300000005], [21.6079121, 42.988151],
     [21.607722600000002, 42.988126900000005],
     [21.6075757, 42.9881058], [21.607448, 42.9880889],
     [21.6072884, 42.988056500000006], [21.607105200000003, 42.988014],
     [21.6070001, 42.9879918], [21.6069183, 42.987978000000005],
     [21.6068365, 42.9879741], [21.6067788, 42.987978000000005],
     [21.6067296, 42.9879899], [21.606678000000002, 42.9880147],
     [21.6066493, 42.988033200000004], [21.606621200000003, 42.988056],
     [21.6065986, 42.988082600000006],
     [21.6065784, 42.988111700000005], [21.6065676, 42.9881389],
     [21.606556, 42.9881751], [21.6065538, 42.988210200000005],
     [21.606561300000003, 42.988239], [21.6065773, 42.9882733],
     [21.6066125, 42.9883067], [21.6066648, 42.9883469],
     [21.6067359, 42.988399900000005],
     [21.6068284, 42.988459000000006],
     [21.606919700000002, 42.9885097],
     [21.606994500000003, 42.988557500000006],
     [21.607060500000003, 42.9886026], [21.6071095, 42.9886524],
     [21.6071755, 42.9887194], [21.6072428, 42.9887913],
     [21.6072911, 42.988859000000005],
     [21.607324600000002, 42.9889178]]}},
  {"type":"Feature",
   "properties":{},
   "geometry":
   {"type":"LineString",
    "coordinates":
    [[21.6085305, 42.9888058], [21.6086716, 42.9888737],
     [21.609001900000003, 42.9888355], [21.6093739, 42.9884439],
     [21.6102013, 42.9881794], [21.6110341, 42.9879869]]}},
  {"type":"Feature",
   "properties":{},
   "geometry":
   {"type":"LineString",
    "coordinates":
    [[21.6135011, 42.9882003],
     [21.613350200000003, 42.988184100000005],
     [21.613127600000002, 42.988150700000006], [21.612862, 42.9881095],
     [21.6124939, 42.988043700000006],
     [21.612420200000003, 42.9880322], [21.6121932, 42.9879918],
     [21.611892400000002, 42.9879325], [21.6116694, 42.9878954],
     [21.611537600000002, 42.9878781], [21.6114396, 42.9878769],
     [21.6113399, 42.987881800000004],
     [21.611265500000002, 42.987888000000005],
     [21.611208100000002, 42.9879016],
     [21.6111422, 42.987921400000005], [21.6110881, 42.9879448],
     [21.6110341, 42.9879869]]}},
  {"type":"Feature",
   "properties":{},
   "geometry":
   {"type":"LineString",
    "coordinates":
    [[21.6129827, 42.987878], [21.6131625, 42.988003600000006],
     [21.613382400000003, 42.988137], [21.6135011, 42.9882003]]}},
  {"type":"Feature",
   "properties":{},
   "geometry":
   {"type":"LineString",
    "coordinates":
    [[21.6129827, 42.987878], [21.612826100000003, 42.987647900000006],
     [21.6126627, 42.9872054], [21.612228100000003, 42.9866917],
     [21.6118926, 42.9864132], [21.6113068, 42.9860127],
     [21.6112849, 42.9859316]]}},
  {"type":"Feature",
   "properties":{},
   "geometry":
   {"type":"LineString",
    "coordinates":
    [[21.6112849, 42.9859316], [21.6111776, 42.9856824],
     [21.6111079, 42.9854666], [21.6110703, 42.9853037],
     [21.6109979, 42.9851546], [21.6108853, 42.984942700000005],
     [21.610855800000003, 42.984797500000006],
     [21.6108289, 42.9846641], [21.6108128, 42.984528700000006],
     [21.6107726, 42.9844208], [21.6106707, 42.984203],
     [21.610381, 42.9837046], [21.6101423, 42.9832199],
     [21.609890200000002, 42.982609700000005],
     [21.6096246, 42.981926900000005],
     [21.609340300000003, 42.9812518],
     [21.609026500000002, 42.980539500000006],
     [21.608857500000003, 42.980227500000005],
     [21.6087177, 42.9800424]]}},
  {"type":"Feature",
   "properties":{},
   "geometry":
   {"type":"LineString",
    "coordinates":
    [[21.6087177, 42.9800424], [21.6090425, 42.9798923],
     [21.6099792, 42.979643100000004],
     [21.610277200000002, 42.9795808], [21.6106008, 42.97945],
     [21.610934800000003, 42.9792204]]}},
  {"type":"Feature",
   "properties":{},
   "geometry":
   {"type":"LineString",
    "coordinates":
    [[21.610934800000003, 42.9792204],
     [21.611126300000002, 42.979039400000005],
     [21.611373800000003, 42.978834400000004],
     [21.611621300000003, 42.9786567], [21.6120881, 42.9783916],
     [21.612649, 42.9780679], [21.6128915, 42.977948600000005],
     [21.6132737, 42.977814200000005],
     [21.613525000000003, 42.977733900000004],
     [21.6141355, 42.977586300000006],
     [21.614383200000002, 42.977552700000004],
     [21.615112500000002, 42.977501800000006],
     [21.615448100000002, 42.977459], [21.6157271, 42.9774626]]}},
  {"type":"Feature",
   "properties":{},
   "geometry":
   {"type":"LineString",
    "coordinates":
    [[21.6157271, 42.9774626], [21.6159761, 42.9774371],
     [21.6160171, 42.977436000000004],
     [21.6160567, 42.977428100000004], [21.6160929, 42.9774139],
     [21.6161236, 42.977394000000004], [21.6161466, 42.9773705],
     [21.6161621, 42.9773439], [21.6161692, 42.9773155],
     [21.616135800000002, 42.9771924], [21.6160968, 42.9770702],
     [21.6160336, 42.976902200000005], [21.61596, 42.9767366],
     [21.6159415, 42.9766367], [21.6159278, 42.9765364],
     [21.615916900000002, 42.976403100000006],
     [21.6159144, 42.9762695]]}},
  {"type":"Feature",
   "properties":{},
   "geometry":
   {"type":"LineString",
    "coordinates":
    [[21.6159144, 42.9762695], [21.6159627, 42.976034000000006],
     [21.616030600000002, 42.9759193],
     [21.616091400000002, 42.9758025],
     [21.6161441, 42.975686200000005], [21.6161897, 42.9755684],
     [21.616228200000002, 42.9754492],
     [21.6162685, 42.975203900000004], [21.616295, 42.9750713],
     [21.6163248, 42.974939000000006], [21.6163418, 42.9748183],
     [21.616351700000003, 42.9746972],
     [21.6163543, 42.974575900000005], [21.6163497, 42.9744559],
     [21.6163408, 42.974322400000005]]}},
  {"type":"Feature",
   "properties":{},
   "geometry":
   {"type":"LineString",
    "coordinates":
    [[21.6163408, 42.974322400000005], [21.6164267, 42.9743228],
     [21.6165179, 42.9743012], [21.6171858, 42.974032300000005],
     [21.617483500000002, 42.973910700000005],
     [21.617665900000002, 42.9738557],
     [21.617842900000003, 42.9738047],
     [21.618009200000003, 42.973765400000005],
     [21.618121900000002, 42.9737262],
     [21.6182291, 42.973653600000006],
     [21.618390100000003, 42.9735692],
     [21.6185188, 42.973531900000005], [21.6188782, 42.9734671],
     [21.6192457, 42.973410200000004],
     [21.6194254, 42.973402400000005],
     [21.6196856, 42.973392600000004], [21.6205278, 42.9733376],
     [21.620747700000003, 42.9733376],
     [21.6211635, 42.973333700000005], [21.6216356, 42.9733376],
     [21.621933300000002, 42.973325800000005],
     [21.622236400000002, 42.9732846],
     [21.6224375, 42.973247300000004], [21.6227433, 42.9731688],
     [21.6229659, 42.973117800000004],
     [21.623169800000003, 42.973066800000005],
     [21.6233173, 42.9730118], [21.623459500000003, 42.972898],
     [21.6236821, 42.9727351], [21.6238135, 42.972670400000005],
     [21.6239342, 42.9726586], [21.6241729, 42.972686100000004],
     [21.624414700000003, 42.9727082]]}},
  {"type":"Feature",
   "properties":{},
   "geometry":
   {"type":"LineString",
    "coordinates":
    [[21.624414700000003, 42.9727082],
     [21.624693200000003, 42.9728982],
     [21.6254311, 42.973431000000005],
     [21.6255735, 42.973562900000005],
     [21.6257249, 42.973689400000005],
     [21.625884900000003, 42.9738101],
     [21.6260531, 42.973924800000006], [21.6262075, 42.9740204],
     [21.626367600000002, 42.9741109], [21.6265331, 42.9741961],
     [21.626703600000003, 42.9742758], [21.6269053, 42.9743817],
     [21.6271141, 42.97448], [21.627329600000003, 42.9745702],
     [21.627554500000002, 42.9746534],
     [21.627785000000003, 42.974727900000005], [21.628468, 42.974832],
     [21.6293268, 42.975042]]}},
  {"type":"Feature",
   "properties":{},
   "geometry":
   {"type":"LineString",
    "coordinates":
    [[21.6293268, 42.975042], [21.62959, 42.9751275],
     [21.6297919, 42.975193000000004]]}},
  {"type":"Feature",
   "properties":{},
   "geometry":
   {"type":"LineString",
    "coordinates":
    [[21.6297919, 42.975193000000004], [21.6297895, 42.9751509],
     [21.6296822, 42.975043], [21.6296232, 42.974962500000004],
     [21.6295615, 42.9748448], [21.6294998, 42.9747447],
     [21.629478300000002, 42.974678000000004]]}},
  {"type":"Feature",
   "properties":{},
   "geometry":
   {"type":"LineString",
    "coordinates":
    [[21.629478300000002, 42.974678000000004],
     [21.6293212, 42.9744461], [21.6291651, 42.9742541],
     [21.628827100000002, 42.9739845],
     [21.6284537, 42.973696000000004], [21.6282429, 42.9734593],
     [21.6282332, 42.9731602], [21.628164, 42.9730554],
     [21.628143100000003, 42.972925800000006], [21.6282767, 42.972741],
     [21.6283877, 42.972666800000006], [21.628539, 42.9724395],
     [21.6286822, 42.972188700000004],
     [21.6287901, 42.971886000000005],
     [21.628817400000003, 42.9713608], [21.6290391, 42.9705845],
     [21.6290906, 42.9700616],
     [21.629180700000003, 42.969774300000005],
     [21.6290391, 42.9689594], [21.6288974, 42.968733300000004],
     [21.628556200000002, 42.9685731], [21.6283631, 42.96838],
     [21.6278867, 42.9671363], [21.6276872, 42.966604000000004],
     [21.628163500000003, 42.966340200000005],
     [21.6282794, 42.9661094], [21.6285305, 42.965892700000005],
     [21.6286592, 42.9656619], [21.6287236, 42.9652143],
     [21.628788, 42.965030600000006],
     [21.628768700000002, 42.964790400000005],
     [21.6289489, 42.9645925], [21.6291228, 42.9641497],
     [21.6293416, 42.9637916],
     [21.629476800000003, 42.963292300000006],
     [21.6294961, 42.9631368],
     [21.629979000000002, 42.962661000000004],
     [21.6300627, 42.962604500000005],
     [21.630150800000003, 42.962563700000004]]}},
  {"type":"Feature",
   "properties":{},
   "geometry":
   {"type":"LineString",
    "coordinates":
    [[21.6295237, 42.962288400000006], [21.6296609, 42.9623247],
     [21.6298581, 42.9624194],
     [21.630150800000003, 42.962563700000004]]}},
  {"type":"Feature",
   "properties":{},
   "geometry":
   {"type":"LineString",
    "coordinates":
    [[21.6295237, 42.962288400000006], [21.629406900000003, 42.962167],
     [21.6294495, 42.9621275],
     [21.629444300000003, 42.962077300000004],
     [21.6294825, 42.9620022],
     [21.629530300000003, 42.961951400000004],
     [21.629536400000003, 42.9618795], [21.6295162, 42.9617657],
     [21.629411, 42.961601200000004], [21.6293353, 42.961513800000006],
     [21.6293045, 42.961454100000005],
     [21.6292407, 42.961266300000005], [21.6292513, 42.9611035],
     [21.6291732, 42.960908800000006],
     [21.6292028, 42.960755600000006], [21.6291957, 42.9606803],
     [21.6292028, 42.9605946], [21.629221700000002, 42.9605496],
     [21.629308100000003, 42.9605003], [21.6294453, 42.9603514],
     [21.6294732, 42.960315800000004]]}},
  {"type":"Feature",
   "properties":{},
   "geometry":
   {"type":"LineString",
    "coordinates":
    [[21.6398763, 42.9624649], [21.6396979, 42.9624508],
     [21.639552600000002, 42.9624211],
     [21.639441100000003, 42.962371600000004],
     [21.639393700000003, 42.9623246], [21.6393431, 42.9622504],
     [21.6392755, 42.962228200000006],
     [21.638791700000002, 42.9620328],
     [21.638657000000002, 42.9619784],
     [21.638156900000002, 42.9617389], [21.6370925, 42.9613183],
     [21.6367306, 42.9612155], [21.6364623, 42.9611936],
     [21.6360068, 42.9612123], [21.6352665, 42.961333800000006],
     [21.635164800000002, 42.9613408],
     [21.635094900000002, 42.9613456], [21.6349822, 42.9613299],
     [21.6347033, 42.961290600000005],
     [21.634215100000002, 42.961239600000006],
     [21.633469700000003, 42.961154900000004], [21.632929, 42.9610287],
     [21.631838700000003, 42.9607332],
     [21.631391400000002, 42.9606009], [21.6311852, 42.9605638],
     [21.6304553, 42.960430300000006],
     [21.6296426, 42.960353600000005],
     [21.6294732, 42.960315800000004]]}},
  {"type":"Feature",
   "properties":{},
   "geometry":
   {"type":"LineString",
    "coordinates":
    [[21.6398763, 42.9624649], [21.6395237, 42.9621845],
     [21.639114900000003, 42.961826200000004],
     [21.6387998, 42.9614928], [21.6386466, 42.961377500000005]]}},
  {"type":"Feature",
   "properties":{},
   "geometry":
   {"type":"LineString",
    "coordinates":
    [[21.6369246, 42.958478500000005],
     [21.6371441, 42.958840900000006],
     [21.6374874, 42.959296300000005],
     [21.637723400000002, 42.959845900000005],
     [21.637771700000002, 42.9599637], [21.637861, 42.9600541],
     [21.638345700000002, 42.9604584], [21.6384656, 42.9607353],
     [21.6386107, 42.961118500000005],
     [21.6386466, 42.961377500000005]]}},
  {"type":"Feature",
   "properties":{},
   "geometry":
   {"type":"LineString",
    "coordinates":
    [[21.63594, 42.956913400000005], [21.635953500000003, 42.9570024],
     [21.636180000000003, 42.9574773],
     [21.636362400000003, 42.957863100000004],
     [21.6364199, 42.9579596], [21.636521300000002, 42.958061],
     [21.6369246, 42.958478500000005]]}},
  {"type":"Feature",
   "properties":{},
   "geometry":
   {"type":"LineString",
    "coordinates":
    [[21.63594, 42.956913400000005], [21.636039, 42.9568681],
     [21.6365191, 42.9565835], [21.6367525, 42.9564559],
     [21.6368571, 42.9564068],
     [21.636983200000003, 42.956383300000006],
     [21.6372487, 42.9563715], [21.637423000000002, 42.956342],
     [21.6375411, 42.9563185], [21.6376913, 42.9563106],
     [21.637769000000002, 42.956314500000005],
     [21.637905800000002, 42.9563185],
     [21.6380319, 42.956298800000006], [21.6381392, 42.9562812],
     [21.6383404, 42.9562596],
     [21.638466400000002, 42.956238000000006],
     [21.6386059, 42.956194800000006],
     [21.638721200000003, 42.9561006], [21.6388822, 42.9559573],
     [21.639316700000002, 42.9555706],
     [21.639507100000003, 42.955419400000004],
     [21.639544700000002, 42.9553625], [21.6395608, 42.9552898],
     [21.639646600000003, 42.9552172],
     [21.639753900000002, 42.955179900000005],
     [21.639981900000002, 42.955111200000005],
     [21.6402581, 42.954991400000004], [21.6405049, 42.9549267],
     [21.640588, 42.9549345], [21.6406685, 42.9549384],
     [21.6407114, 42.9549365], [21.6408053, 42.954897200000005],
     [21.640885800000003, 42.9548599], [21.640934, 42.954858],
     [21.6409716, 42.9548855]]}},
  {"type":"Feature",
   "properties":{},
   "geometry":
   {"type":"LineString",
    "coordinates":
    [[21.6425722, 42.951619400000006],
     [21.6426373, 42.951805300000004],
     [21.6427042, 42.951971500000006], [21.6427085, 42.9520369],
     [21.6426893, 42.9521195], [21.6424956, 42.9525761],
     [21.6423849, 42.952798900000005],
     [21.642193300000002, 42.953119900000004],
     [21.6419165, 42.9534299], [21.6418846, 42.9535172],
     [21.6419101, 42.953607600000005],
     [21.6420038, 42.953696400000005],
     [21.6421142, 42.953874400000004], [21.6421357, 42.9539628],
     [21.642111500000002, 42.9540747], [21.6419935, 42.9542239],
     [21.641677, 42.9545066], [21.6415697, 42.9545772],
     [21.6413203, 42.9546754], [21.6409716, 42.9548855]]}},
  {"type":"Feature",
   "properties":{},
   "geometry":
   {"type":"LineString",
    "coordinates":
    [[21.643972100000003, 42.9510208], [21.6439184, 42.9510468],
     [21.6438777, 42.9510632], [21.6437782, 42.9510986],
     [21.643682000000002, 42.9511277],
     [21.6434706, 42.951192400000004],
     [21.643141500000002, 42.951326300000005],
     [21.6429806, 42.951410700000004],
     [21.642795500000002, 42.951532400000005],
     [21.6425722, 42.951619400000006]]}},
  {"type":"Feature",
   "properties":{},
   "geometry":
   {"type":"LineString",
    "coordinates":
    [[21.643972100000003, 42.9510208],
     [21.6440856, 42.951031900000004],
     [21.6442096, 42.951043000000006], [21.6443532, 42.9510589],
     [21.6444145, 42.951058200000006],
     [21.644470000000002, 42.951055000000004],
     [21.644529000000002, 42.9510467], [21.6446016, 42.9510311],
     [21.644664000000002, 42.9510147], [21.645042, 42.9508704]]}},
  {"type":"Feature",
   "properties":{},
   "geometry":
   {"type":"LineString",
    "coordinates":
    [[21.6507155, 42.947645900000005], [21.650397, 42.9476578],
     [21.6500962, 42.947685], [21.649847, 42.9477296],
     [21.649704200000002, 42.9477605], [21.6495521, 42.9477753],
     [21.649420300000003, 42.9477753], [21.6492328, 42.9477473],
     [21.649155200000003, 42.9477325],
     [21.648559600000002, 42.9476196],
     [21.648073200000002, 42.9475337], [21.6476583, 42.9474704],
     [21.647497400000002, 42.9474822], [21.6472641, 42.947547],
     [21.647076300000002, 42.9476255],
     [21.6468966, 42.947792400000004],
     [21.646470100000002, 42.9483133], [21.6461134, 42.9488683],
     [21.6458613, 42.9492649], [21.645635600000002, 42.9496934],
     [21.6454804, 42.950007], [21.6452795, 42.9503866],
     [21.645218800000002, 42.950513], [21.645166, 42.950633700000004],
     [21.6451488, 42.9506713], [21.6451281, 42.9507166],
     [21.645042, 42.9508704]]}},
  {"type":"Feature",
   "properties":{},
   "geometry":
   {"type":"LineString",
    "coordinates":
    [[21.6507155, 42.947645900000005],
     [21.650701100000003, 42.9475502]]}},
  {"type":"Feature",
   "properties":{},
   "geometry":
   {"type":"LineString",
    "coordinates":
    [[21.650701100000003, 42.9475502],
     [21.6505276, 42.947551100000005]]}},
  {"type":"Feature",
   "properties":{},
   "geometry":
   {"type":"LineString",
    "coordinates":
    [[21.6505276, 42.947551100000005],
     [21.6505213, 42.947473200000005]]}},
  {"type":"Feature",
   "properties":{},
   "geometry":
   {"type":"LineString",
    "coordinates":
    [[21.6505213, 42.947473200000005], [21.650517, 42.9473591]]}},
  {"type":"Feature",
   "properties":{},
   "geometry":
   {"type":"LineString",
    "coordinates":
    [[21.650517, 42.9473591], [21.6505219, 42.9473112],
     [21.650542700000003, 42.9472703],
     [21.6505578, 42.947239700000004], [21.6506021, 42.9472113],
     [21.6506624, 42.9471897], [21.6509575, 42.94717],
     [21.6512722, 42.947164300000004], [21.6514311, 42.9471433],
     [21.651578100000002, 42.9471087], [21.6517729, 42.9470189],
     [21.6519397, 42.9469689], [21.652172800000002, 42.9468984]]}},
  {"type":"Feature",
   "properties":{},
   "geometry":
   {"type":"LineString",
    "coordinates":
    [[21.652172800000002, 42.9468984],
     [21.652242100000002, 42.9468625],
     [21.6523074, 42.946803900000006],
     [21.652365500000002, 42.9467228],
     [21.652466800000003, 42.946625100000006],
     [21.652788700000002, 42.946407], [21.6528674, 42.946341600000004],
     [21.653031300000002, 42.9461655], [21.6531527, 42.9460751],
     [21.6533336, 42.9460003], [21.653564600000003, 42.9459135],
     [21.653646600000002, 42.9458709],
     [21.653719000000002, 42.945805500000006],
     [21.653763700000003, 42.9457478]]}},
  {"type":"Feature",
   "properties":{},
   "geometry":
   {"type":"LineString",
    "coordinates":
    [[21.653763700000003, 42.9457478],
     [21.653848800000002, 42.9457463],
     [21.6539404, 42.945719800000006],
     [21.6543193, 42.945503200000005],
     [21.654691900000003, 42.945267900000005]]}},
  {"type":"Feature",
   "properties":{},
   "geometry":
   {"type":"LineString",
    "coordinates":
    [[21.654691900000003, 42.945267900000005],
     [21.654830200000003, 42.9451557], [21.6549282, 42.9450513],
     [21.6549899, 42.9449406], [21.6550176, 42.944816],
     [21.655047800000002, 42.944757100000004],
     [21.6551283, 42.9446923],
     [21.655289200000002, 42.944631400000006],
     [21.655785400000003, 42.9444547],
     [21.656104600000003, 42.9442996],
     [21.656346000000003, 42.944152300000006],
     [21.6565499, 42.9439913], [21.656723200000002, 42.9437889],
     [21.656851600000003, 42.943657800000004], [21.6570679, 42.943502],
     [21.657956600000002, 42.9428514], [21.6583046, 42.9426514],
     [21.6593051, 42.9421527],
     [21.660484500000003, 42.941554200000006],
     [21.6610295, 42.941227000000005],
     [21.6611338, 42.941144300000005], [21.6611955, 42.9410559],
     [21.6612262, 42.940984900000004],
     [21.6612478, 42.940842800000006],
     [21.662126200000003, 42.939956300000006],
     [21.6623005, 42.9398032], [21.6624005, 42.9397402],
     [21.663132, 42.9393614], [21.6632715, 42.9392927],
     [21.6633359, 42.9392396], [21.6634378, 42.939090400000005],
     [21.6635478, 42.9389235],
     [21.663759600000002, 42.938748700000005],
     [21.6638857, 42.9386997], [21.6641271, 42.938654500000005],
     [21.664349700000002, 42.938636800000005],
     [21.664486500000002, 42.9386407],
     [21.664634000000003, 42.9386761],
     [21.664757400000003, 42.938697700000006],
     [21.664883500000002, 42.938695700000004],
     [21.664998800000003, 42.938678100000004],
     [21.665154400000002, 42.938627000000004],
     [21.665213400000003, 42.9386172],
     [21.665301900000003, 42.938627000000004],
     [21.6654199, 42.9386486], [21.665512900000003, 42.9385838],
     [21.6656641, 42.9385058], [21.6659259, 42.938426400000004],
     [21.666230300000002, 42.9383671], [21.6665539, 42.9383391],
     [21.6667498, 42.9383173],
     [21.666932900000003, 42.938258000000005],
     [21.6671848, 42.9381086], [21.6673383, 42.9379743],
     [21.667489800000002, 42.9378417], [21.6677602, 42.9376413],
     [21.6680001, 42.937515100000006],
     [21.669165200000002, 42.937007900000005]]}},
  {"type":"Feature",
   "properties":{},
   "geometry":
   {"type":"LineString",
    "coordinates":
    [[21.669938100000003, 42.935779700000005],
     [21.670011900000002, 42.936059500000006],
     [21.670048100000002, 42.9362392], [21.67004, 42.9363502],
     [21.669809400000002, 42.9365779],
     [21.669459800000002, 42.9367716],
     [21.669165200000002, 42.937007900000005]]}},
  {"type":"Feature",
   "properties":{},
   "geometry":
   {"type":"LineString",
    "coordinates":
    [[21.669938100000003, 42.935779700000005],
     [21.6701151, 42.9359594], [21.670282800000003, 42.9361145],
     [21.670471900000003, 42.9361921], [21.670728, 42.9362687],
     [21.670901, 42.936348200000005], [21.6711022, 42.9364641],
     [21.6713127, 42.9365986], [21.6714683, 42.9366879],
     [21.6716789, 42.936771400000005], [21.6719069, 42.9368519],
     [21.6721402, 42.936967700000004],
     [21.6723816, 42.937119900000006],
     [21.672604200000002, 42.9372917],
     [21.6728497, 42.937448800000006],
     [21.6730562, 42.937533300000005],
     [21.673445100000002, 42.937637300000006],
     [21.6738743, 42.9377277], [21.6743074, 42.9378602],
     [21.674625300000002, 42.9379859], [21.6749726, 42.9381567]]}},
  {"type":"Feature",
   "properties":{},
   "geometry":
   {"type":"LineString",
    "coordinates":
    [[21.6749726, 42.9381567], [21.6754597, 42.9378358],
     [21.6761801, 42.9372878], [21.6766042, 42.936895],
     [21.6769031, 42.936711700000004],
     [21.677388500000003, 42.9366033],
     [21.677812600000003, 42.936565900000005],
     [21.678114100000002, 42.936478], [21.6783606, 42.936486]]}},
  {"type":"Feature",
   "properties":{},
   "geometry":
   {"type":"LineString",
    "coordinates":
    [[21.678800900000002, 42.9373601],
     [21.678804200000002, 42.937234800000006],
     [21.6787934, 42.9371366], [21.678742500000002, 42.9370738],
     [21.678678100000003, 42.9369972],
     [21.678637900000002, 42.9369226],
     [21.678569500000002, 42.9367242],
     [21.678526700000003, 42.936630900000004],
     [21.678454300000002, 42.936551400000006],
     [21.6783606, 42.936486]]}},
  {"type":"Feature",
   "properties":{},
   "geometry":
   {"type":"LineString",
    "coordinates":
    [[21.678800900000002, 42.9373601], [21.6788256, 42.9373232],
     [21.678908800000002, 42.937223], [21.679013400000002, 42.9371268],
     [21.6795927, 42.936755700000006], [21.6796812, 42.936681],
     [21.6797912, 42.9365613], [21.6799307, 42.9363943],
     [21.6800219, 42.936317800000005], [21.6802794, 42.9361489],
     [21.6806871, 42.935881800000004],
     [21.680780900000002, 42.9357981], [21.6809228, 42.9356596],
     [21.6810276, 42.935605100000004], [21.6811763, 42.9355829],
     [21.681468000000002, 42.935566800000004]]}},
  {"type":"Feature",
   "properties":{},
   "geometry":
   {"type":"LineString",
    "coordinates":
    [[21.681468000000002, 42.935566800000004],
     [21.6815582, 42.9356054],
     [21.681634900000002, 42.935617900000004],
     [21.681703000000002, 42.9356147],
     [21.681760500000003, 42.9356069],
     [21.681800900000002, 42.935613200000006],
     [21.681822200000003, 42.9356366],
     [21.681835000000003, 42.935695800000005],
     [21.681839200000002, 42.9358111],
     [21.681849900000003, 42.9358407],
     [21.681873300000003, 42.935853200000004],
     [21.681913700000003, 42.9358579],
     [21.681956300000003, 42.935845400000005],
     [21.6819819, 42.935809600000006], [21.6821777, 42.9354371],
     [21.6822437, 42.9353513], [21.6823097, 42.9352874],
     [21.682499200000002, 42.9351612], [21.6828951, 42.9349165],
     [21.6832336, 42.934639100000005],
     [21.683540200000003, 42.9343445],
     [21.683570000000003, 42.9343039], [21.6835849, 42.9342619],
     [21.683578500000003, 42.934193300000004],
     [21.683533800000003, 42.933789600000004],
     [21.683495500000003, 42.9328778],
     [21.683491200000002, 42.9325022],
     [21.683506100000002, 42.9324663],
     [21.6835317, 42.932432000000006],
     [21.683587000000003, 42.9324086], [21.6836807, 42.9323853],
     [21.684215000000002, 42.932254300000004],
     [21.684472000000003, 42.932264100000005],
     [21.6846329, 42.9323667], [21.684919, 42.933357300000004],
     [21.6853854, 42.934719400000006], [21.6853854, 42.9353132],
     [21.6853017, 42.935897600000004], [21.6852245, 42.9361144],
     [21.6852245, 42.936331200000005], [21.6853082, 42.9363265],
     [21.6855078, 42.936430200000004], [21.6855979, 42.9365669],
     [21.685578600000003, 42.936637600000005], [21.6856751, 42.93668],
     [21.685649400000003, 42.936788400000005],
     [21.6863479, 42.9370168]]}},
  {"type":"Feature",
   "properties":{},
   "geometry":
   {"type":"LineString",
    "coordinates":
    [[21.6865963, 42.937082100000005], [21.6865671, 42.9370795],
     [21.6865396, 42.937071800000005], [21.6864189, 42.9370178],
     [21.6863835, 42.9370138], [21.6863479, 42.9370168]]}},
  {"type":"Feature",
   "properties":{},
   "geometry":
   {"type":"LineString",
    "coordinates":
    [[21.6865963, 42.937082100000005],
     [21.687317500000002, 42.9373517], [21.6879004, 42.9375635],
     [21.688775900000003, 42.937803800000005],
     [21.6890368, 42.937798400000005]]}},
  {"type":"Feature",
   "properties":{},
   "geometry":
   {"type":"LineString",
    "coordinates":
    [[21.698359500000002, 42.941909300000006],
     [21.6982427, 42.9417953], [21.6981329, 42.9416777],
     [21.6980302, 42.941556600000006], [21.6980004, 42.9415144],
     [21.6979659, 42.9414742], [21.697910800000002, 42.9414225],
     [21.6978478, 42.941376000000005], [21.6976976, 42.94116],
     [21.6976154, 42.941033000000004],
     [21.6975367, 42.940904700000004], [21.6975145, 42.9408563],
     [21.697500100000003, 42.9408064], [21.6974704, 42.9408041],
     [21.6974415, 42.9407987], [21.6974008, 42.9407851],
     [21.697365, 42.9407653], [21.6972269, 42.9406613],
     [21.6971904, 42.9406253], [21.697157200000003, 42.9405876],
     [21.697107600000002, 42.9405179],
     [21.6970728, 42.940490600000004],
     [21.697032500000002, 42.9404678],
     [21.696985100000003, 42.940449400000006],
     [21.696934000000002, 42.940437200000005],
     [21.6968809, 42.9404315], [21.6967913, 42.940417100000005],
     [21.696703900000003, 42.9403968],
     [21.696619400000003, 42.9403707], [21.6964401, 42.9403069],
     [21.696257300000003, 42.9402489],
     [21.6961087, 42.940206800000006],
     [21.6959582, 42.940168400000005],
     [21.695435200000002, 42.9400113],
     [21.695287800000003, 42.939951300000004],
     [21.6951366, 42.939896600000004],
     [21.694981900000002, 42.939847400000005],
     [21.694782800000002, 42.939793200000004], [21.6945796, 42.939748],
     [21.694373000000002, 42.939711900000006],
     [21.6941637, 42.9396752], [21.6939573, 42.939630400000006],
     [21.693788100000003, 42.939587], [21.6936217, 42.9395382],
     [21.6934584, 42.9394841], [21.6933313, 42.939445500000005],
     [21.693202300000003, 42.9394105],
     [21.693030500000003, 42.939370000000004],
     [21.6928562, 42.9393359], [21.692648400000003, 42.9392682],
     [21.692445900000003, 42.939192500000004],
     [21.692289900000002, 42.9391272], [21.6921378, 42.9390571],
     [21.691989900000003, 42.9389824],
     [21.691802600000003, 42.938894700000006],
     [21.691610700000002, 42.9388124],
     [21.691414700000003, 42.9387355], [21.6912147, 42.9386643],
     [21.6909928, 42.9385752], [21.690777500000003, 42.9384778],
     [21.6906833, 42.938434400000006], [21.6905857, 42.938395],
     [21.6904852, 42.9383599], [21.690364600000002, 42.9383245],
     [21.6902411, 42.938295100000005],
     [21.690125400000003, 42.938260500000005],
     [21.690013500000003, 42.9382199],
     [21.689905800000002, 42.938173400000004],
     [21.6895679, 42.938022200000006],
     [21.689493900000002, 42.938000800000005],
     [21.6894238, 42.9379731], [21.689358600000002, 42.9379397],
     [21.6892944, 42.937897400000004],
     [21.6892704, 42.937870700000005],
     [21.689237900000002, 42.937849400000005],
     [21.6892022, 42.9378356], [21.689163, 42.937828200000006],
     [21.6891226, 42.9378278], [21.689090800000002, 42.9378236],
     [21.6890615, 42.937813600000005],
     [21.6890368, 42.937798400000005]]}},
  {"type":"Feature",
   "properties":{},
   "geometry":
   {"type":"LineString",
    "coordinates":
    [[21.699126800000002, 42.9413138], [21.6990495, 42.9413764],
     [21.6988993, 42.941492200000006], [21.698720100000003, 42.941625],
     [21.698583900000003, 42.9417326],
     [21.698467400000002, 42.941824100000005],
     [21.698359500000002, 42.941909300000006]]}},
  {"type":"Feature",
   "properties":{},
   "geometry":
   {"type":"LineString",
    "coordinates":
    [[21.7127041, 42.9365667],
     [21.712460500000002, 42.936751400000006],
     [21.7123843, 42.9368056], [21.7122953, 42.936869200000004],
     [21.712194500000003, 42.9369273], [21.7120879, 42.9369851],
     [21.7119812, 42.937033400000004],
     [21.7117809, 42.937127000000004], [21.7115464, 42.9372242],
     [21.7110762, 42.9374144], [21.7106859, 42.937582500000005],
     [21.709945400000002, 42.9378966], [21.7095056, 42.9380521],
     [21.7094206, 42.9380764],
     [21.709335600000003, 42.938097600000006],
     [21.7091956, 42.938124300000005],
     [21.709053500000003, 42.9381447],
     [21.7089199, 42.938158800000004],
     [21.708321100000003, 42.9381666],
     [21.707634600000002, 42.9381776], [21.7067675, 42.9381902],
     [21.7066832, 42.938192300000004], [21.7061369, 42.938206],
     [21.7059593, 42.9382122], [21.705721, 42.938209900000004],
     [21.7056083, 42.9382103],
     [21.705495600000003, 42.938207600000005],
     [21.7053973, 42.9381989], [21.705320500000003, 42.9381871],
     [21.705231400000002, 42.938166700000004],
     [21.7051348, 42.938132100000004],
     [21.705053300000003, 42.938094400000004],
     [21.7049397, 42.9380268], [21.704839, 42.937965600000005],
     [21.7045813, 42.937731400000004], [21.7045059, 42.9376656],
     [21.7044348, 42.9376186], [21.7043484, 42.9375687],
     [21.7042529, 42.937522400000006],
     [21.704147900000002, 42.937486400000004],
     [21.7040569, 42.937468200000005], [21.7039659, 42.9374563],
     [21.7039042, 42.9374576], [21.7038109, 42.937463400000006],
     [21.703736000000003, 42.937471900000006],
     [21.7036379, 42.9374857], [21.7035018, 42.9375164],
     [21.7028302, 42.9377097], [21.7023088, 42.937860400000005],
     [21.702006500000003, 42.9379435],
     [21.701810700000003, 42.938005000000004],
     [21.701338800000002, 42.938147900000004],
     [21.701244900000003, 42.9381718],
     [21.701151000000003, 42.9381927], [21.7010319, 42.9382123],
     [21.7009398, 42.938223300000004],
     [21.7008608, 42.938230000000004], [21.700786, 42.9382335],
     [21.7006967, 42.938228], [21.7005953, 42.9382139],
     [21.7004743, 42.9381919], [21.7002586, 42.938132100000004],
     [21.700064400000002, 42.938083400000004],
     [21.699983, 42.938067700000005], [21.6999059, 42.9380582],
     [21.699820600000002, 42.9380582], [21.6997401, 42.9380614],
     [21.6996478, 42.9380802],
     [21.699562200000003, 42.938105300000004],
     [21.699496800000002, 42.938134000000005],
     [21.6994443, 42.9381627], [21.6994124, 42.9381949],
     [21.6993744, 42.938237400000006],
     [21.699354300000003, 42.9382664],
     [21.699329900000002, 42.9383113],
     [21.699318400000003, 42.938347400000005],
     [21.6993091, 42.9383883], [21.6993005, 42.9384548],
     [21.699301100000003, 42.9385088],
     [21.699301600000002, 42.9385534],
     [21.699324700000002, 42.938653800000004],
     [21.6993478, 42.9387479],
     [21.699489500000002, 42.939256900000004], [21.6995131, 42.939357],
     [21.699536700000003, 42.939469700000004],
     [21.6995474, 42.939530000000005], [21.6995581, 42.9395934],
     [21.699566700000002, 42.939639500000006],
     [21.6995752, 42.9397108], [21.6995803, 42.9398004],
     [21.6995854, 42.9399183], [21.699587, 42.9400849],
     [21.699577400000003, 42.9403991],
     [21.6995672, 42.940528400000005],
     [21.699557000000002, 42.9406418],
     [21.699544600000003, 42.940719200000004],
     [21.6995322, 42.9407839], [21.6994976, 42.940871300000005],
     [21.699467300000002, 42.9409335],
     [21.6994282, 42.940998300000004],
     [21.699374000000002, 42.941072500000004],
     [21.699328400000002, 42.9411246], [21.6992662, 42.941191],
     [21.6992084, 42.9412449], [21.699126800000002, 42.9413138]]}},
  {"type":"Feature",
   "properties":{},
   "geometry":
   {"type":"LineString",
    "coordinates":
    [[21.7322016, 42.9238039], [21.7319548, 42.9237175],
     [21.7316651, 42.9237018], [21.7314291, 42.9238432],
     [21.7311716, 42.9240553], [21.7309999, 42.9241339],
     [21.7306566, 42.9242596], [21.7304099, 42.924393200000004],
     [21.7301524, 42.924511], [21.729830500000002, 42.9246289],
     [21.7295945, 42.9247467], [21.7292941, 42.9249274],
     [21.7290119, 42.9251002],
     [21.728800500000002, 42.925257300000006],
     [21.7285216, 42.925477300000004], [21.7282534, 42.925713],
     [21.7279422, 42.925964400000005], [21.7277813, 42.9262158],
     [21.7275855, 42.9266282], [21.727365600000002, 42.9269071],
     [21.7273602, 42.9270799], [21.727328, 42.9271909],
     [21.7272408, 42.9274806], [21.7271436, 42.9276622],
     [21.727094700000002, 42.927724100000006],
     [21.726912300000002, 42.927944100000005],
     [21.726697700000003, 42.928132600000005], [21.726526, 42.928274],
     [21.726332900000003, 42.928431100000005],
     [21.726150500000003, 42.928627500000005],
     [21.725914500000002, 42.9288868],
     [21.7257214, 42.929130300000004],
     [21.725528200000003, 42.9293817],
     [21.725260000000002, 42.9295859],
     [21.724970300000003, 42.929805900000005],
     [21.7247236, 42.930010100000004],
     [21.7244232, 42.930214400000004], [21.7240477, 42.9304422],
     [21.7237687, 42.9306543], [21.7235327, 42.9308506],
     [21.723232300000003, 42.9311256], [21.7228782, 42.9314005],
     [21.722567100000003, 42.9317069],
     [21.7224115, 42.932009300000004],
     [21.7222505, 42.932223300000004],
     [21.722003800000003, 42.9325965],
     [21.721960900000003, 42.932763400000006],
     [21.721931400000003, 42.9329382],
     [21.721869700000003, 42.9330894],
     [21.7218804, 42.933309300000005],
     [21.721901900000002, 42.9335843], [21.7218482, 42.9338278],
     [21.721612200000003, 42.9339299],
     [21.7212152, 42.934173400000006],
     [21.720979200000002, 42.9344326], [21.7207432, 42.9346447],
     [21.7204857, 42.934864600000004],
     [21.7202711, 42.935053100000005],
     [21.720024300000002, 42.9352024],
     [21.7197883, 42.935351600000004], [21.7194021, 42.9355637],
     [21.7191124, 42.935728700000006], [21.7186725, 42.9358151],
     [21.7181897, 42.935932900000005], [21.717782, 42.936011400000005],
     [21.7173851, 42.9360821],
     [21.716998800000002, 42.936215600000004],
     [21.7165804, 42.9363492], [21.7161405, 42.936506300000005],
     [21.715765, 42.9366555], [21.7153251, 42.9367419],
     [21.714853, 42.936899000000004], [21.7145097, 42.936961800000006],
     [21.7142951, 42.9370011], [21.7139518, 42.9369304],
     [21.7135763, 42.9368597], [21.7133298, 42.9367639],
     [21.7131946, 42.9367128], [21.7129777, 42.936664900000004],
     [21.7127041, 42.9365667]]}},
  {"type":"Feature",
   "properties":{},
   "geometry":
   {"type":"LineString",
    "coordinates":
    [[21.734699600000003, 42.9210584], [21.7347815, 42.9213109],
     [21.734875600000002, 42.9215724],
     [21.734906000000002, 42.9217211], [21.7349216, 42.9218753],
     [21.7349277, 42.922026900000006],
     [21.734920300000002, 42.922367200000004],
     [21.7349222, 42.922930300000004], [21.7347365, 42.9230558],
     [21.7345609, 42.923267900000006],
     [21.734508100000003, 42.9233312],
     [21.734360300000002, 42.9235083], [21.7340442, 42.9237837],
     [21.7338531, 42.9239418],
     [21.733505700000002, 42.924010800000005],
     [21.733214, 42.924036400000006], [21.732891300000002, 42.9239939],
     [21.732681300000003, 42.923939700000005],
     [21.7324376, 42.923866800000006], [21.7322016, 42.9238039]]}},
  {"type":"Feature",
   "properties":{},
   "geometry":
   {"type":"LineString",
    "coordinates":
    [[21.7354197, 42.9203581],
     [21.735362600000002, 42.920393000000004],
     [21.7353148, 42.9204415], [21.7348266, 42.920945100000004],
     [21.734699600000003, 42.9210584]]}},
  {"type":"Feature",
   "properties":{},
   "geometry":
   {"type":"LineString",
    "coordinates":
    [[21.7354197, 42.9203581], [21.7354059, 42.920179600000004]]}},
  {"type":"Feature",
   "properties":{},
   "geometry":
   {"type":"LineString",
    "coordinates":
    [[21.7362526, 42.9199198], [21.7354059, 42.920179600000004]]}},
  {"type":"Feature",
   "properties":{},
   "geometry":
   {"type":"LineString",
    "coordinates":
    [[21.7362526, 42.9199198], [21.7361712, 42.9197477],
     [21.7361597, 42.919697400000004],
     [21.736170700000002, 42.9196735],
     [21.7362039, 42.919652400000004], [21.7363676, 42.919597],
     [21.736429100000002, 42.9195821],
     [21.736490500000002, 42.919567300000004],
     [21.736568300000002, 42.9195502],
     [21.736672000000002, 42.919541200000005],
     [21.7368461, 42.9195396], [21.7369826, 42.9195123],
     [21.7371303, 42.9194687], [21.7378226, 42.9191567],
     [21.7382828, 42.9190194], [21.738329200000003, 42.9190083],
     [21.738376000000002, 42.919001], [21.738426200000003, 42.9190083],
     [21.738477500000002, 42.919018]]}},
  {"type":"Feature",
   "properties":{},
   "geometry":
   {"type":"LineString",
    "coordinates":
    [[21.738477500000002, 42.919018], [21.7384922, 42.918986200000006],
     [21.7385178, 42.9189616],
     [21.738558400000002, 42.918938700000005],
     [21.738828400000003, 42.9188422], [21.7388936, 42.9188187]]}},
  {"type":"Feature",
   "properties":{},
   "geometry":
   {"type":"LineString",
    "coordinates":
    [[21.7388936, 42.9188187], [21.739008300000002, 42.9187834],
     [21.7391781, 42.9187273], [21.7392843, 42.918689900000004],
     [21.7393585, 42.918662000000005], [21.739410900000003, 42.918641],
     [21.739457700000003, 42.918619500000005]]}},
  {"type":"Feature",
   "properties":{},
   "geometry":
   {"type":"LineString",
    "coordinates":
    [[21.739457700000003, 42.918619500000005],
     [21.739482600000002, 42.918604300000005],
     [21.739507500000002, 42.9185834],
     [21.739528200000002, 42.9185621], [21.7395585, 42.9185281]]}}]}
