{"type":"FeatureCollection",
 "properties":{},
 "features":
 [{"type":"Feature",
   "properties":{},
   "geometry":
   {"type":"LineString",
    "coordinates":
    [[21.7027667, 43.3847736], [21.7024882, 43.385106300000004],
     [21.7020157, 43.385314900000004],
     [21.7013071, 43.385437800000005], [21.7001211, 43.3853785],
     [21.699319300000003, 43.3855111],
     [21.698901600000003, 43.385451700000004],
     [21.6989352, 43.385106300000004],
     [21.698918600000002, 43.3844197], [21.698916, 43.384314200000006],
     [21.6986279, 43.384115300000005], [21.6982246, 43.3841118],
     [21.6977349, 43.3842305], [21.6975044, 43.384157200000004],
     [21.6975525, 43.383525600000006], [21.697514, 43.383246400000004],
     [21.697259600000002, 43.3829184],
     [21.6966162, 43.382272900000004], [21.6957664, 43.3818332],
     [21.6947869, 43.3815785], [21.693548200000002, 43.3811562],
     [21.692871200000003, 43.3807375],
     [21.6921798, 43.380531600000005], [21.6919368, 43.3804978],
     [21.691502800000002, 43.380437400000005], [21.691317, 43.3803515],
     [21.6908306, 43.3801268], [21.6904369, 43.379659200000006],
     [21.690268800000002, 43.379349600000005],
     [21.6896543, 43.3791741], [21.6890974, 43.3790904],
     [21.6880747, 43.3788496], [21.6872681, 43.3787588],
     [21.6867544, 43.378601800000006],
     [21.685682500000002, 43.378478900000005],
     [21.684465600000003, 43.3786543], [21.6832852, 43.3787443],
     [21.683046400000002, 43.378787100000004],
     [21.6820635, 43.3790624],
     [21.681762900000003, 43.379106500000006],
     [21.681036000000002, 43.379083400000006],
     [21.6807218, 43.3790126], [21.6803953, 43.3790452],
     [21.680071, 43.3791567], [21.679547600000003, 43.379380000000005],
     [21.6790819, 43.3795231], [21.678549, 43.3794393],
     [21.6779632, 43.3791846], [21.677267, 43.3792404],
     [21.676882900000003, 43.3793067]]}},
  {"type":"Feature",
   "properties":{},
   "geometry":
   {"type":"LineString",
    "coordinates":
    [[21.7144535, 43.4150404],
     [21.714501700000003, 43.414990700000004],
     [21.7145097, 43.4149322],
     [21.714413200000003, 43.414714000000004],
     [21.714123500000003, 43.4143185],
     [21.713533400000003, 43.4137028],
     [21.713050600000003, 43.413094900000004],
     [21.712948700000002, 43.4129157], [21.7129701, 43.4127871],
     [21.7130613, 43.412666300000005],
     [21.7131954, 43.412627300000004], [21.7134368, 43.4126234],
     [21.713683600000003, 43.4126507],
     [21.713855300000002, 43.4126702], [21.7140001, 43.4126546],
     [21.7140537, 43.4126234], [21.7140698, 43.4125455],
     [21.7140537, 43.4124442], [21.7138928, 43.4122337],
     [21.7138335, 43.412050900000004], [21.7137889, 43.4116973],
     [21.713651000000002, 43.4112908], [21.7133833, 43.4107487],
     [21.7129778, 43.4100151],
     [21.712717700000002, 43.409651800000006],
     [21.7123603, 43.409342900000006], [21.7122494, 43.4092489],
     [21.711966, 43.4091012], [21.7118489, 43.4090161],
     [21.711713300000003, 43.408922100000005],
     [21.7115346, 43.408796800000005],
     [21.711436000000003, 43.408684900000004],
     [21.711072400000003, 43.408268500000005], [21.710715, 43.4079417],
     [21.7108382, 43.4070357],
     [21.710894800000002, 43.406824900000004],
     [21.710873600000003, 43.4066963],
     [21.710713300000002, 43.406319200000006],
     [21.710569800000002, 43.405986500000004],
     [21.7104263, 43.405786000000006],
     [21.710211100000002, 43.4056256],
     [21.7099683, 43.405312900000006],
     [21.709742000000002, 43.4049841],
     [21.709344700000003, 43.4048759],
     [21.7089584, 43.404671400000005], [21.7088922, 43.4044589],
     [21.708848, 43.4042143], [21.7087432, 43.404049900000004],
     [21.7085003, 43.403909600000006], [21.7080644, 43.4037051],
     [21.707827100000003, 43.403468600000004], [21.707656, 43.4031558],
     [21.7073635, 43.4025504],
     [21.707247600000002, 43.401993100000006], [21.707231, 43.4017044],
     [21.7074523, 43.4013214],
     [21.707403000000003, 43.401133300000005],
     [21.707403000000003, 43.400837800000005],
     [21.7073414, 43.400578100000004], [21.7072305, 43.4003184],
     [21.707058, 43.4001393], [21.706663600000002, 43.399987100000004],
     [21.7064606, 43.3999636], [21.7064032, 43.3997958],
     [21.7061494, 43.3993708], [21.705741, 43.3989738],
     [21.705592000000003, 43.3983082], [21.7055037, 43.3980515],
     [21.7054209, 43.3978951], [21.705191600000003, 43.3972513],
     [21.705126800000002, 43.3965765],
     [21.7049808, 43.396355500000006],
     [21.704806400000002, 43.3962583], [21.7045144, 43.3956424],
     [21.7041048, 43.395088400000006],
     [21.7038736, 43.394858500000005], [21.7036465, 43.3946994],
     [21.703508600000003, 43.394478400000004],
     [21.7034664, 43.3939534], [21.703335300000003, 43.3936913],
     [21.703201200000002, 43.3934791],
     [21.7028734, 43.393076300000004],
     [21.702748200000002, 43.3928099],
     [21.7026647, 43.392690800000004],
     [21.7024681, 43.392582600000004],
     [21.7022863, 43.392452600000006],
     [21.7022803, 43.392086600000006],
     [21.7022684, 43.391950200000004],
     [21.702018000000002, 43.391376300000005],
     [21.7019674, 43.3910883], [21.7019859, 43.390924500000004],
     [21.702019, 43.3905716], [21.7020024, 43.390258800000005],
     [21.702085200000003, 43.389861700000004],
     [21.7021735, 43.3889915], [21.702416300000003, 43.3881172],
     [21.702598400000003, 43.387479500000005],
     [21.7025708, 43.3870183], [21.7024826, 43.386625300000006],
     [21.702626000000002, 43.386148000000006],
     [21.7027585, 43.3851694], [21.7027667, 43.3847736]]}},
  {"type":"Feature",
   "properties":{},
   "geometry":
   {"type":"LineString",
    "coordinates":
    [[21.7155692, 43.415789800000006], [21.7153823, 43.4156789],
     [21.7151964, 43.4155488], [21.7150308, 43.4154138],
     [21.7147639, 43.4152101], [21.7145239, 43.4150677],
     [21.7144535, 43.4150404]]}},
  {"type":"Feature",
   "properties":{},
   "geometry":
   {"type":"LineString",
    "coordinates":
    [[21.7155664, 43.4161456], [21.7155501, 43.416001],
     [21.715553200000002, 43.4158911],
     [21.7155692, 43.415789800000006]]}},
  {"type":"Feature",
   "properties":{},
   "geometry":
   {"type":"LineString",
    "coordinates":
    [[21.7155664, 43.4161456],
     [21.715306100000003, 43.416159900000004],
     [21.7150985, 43.4162382], [21.7149617, 43.4163726],
     [21.714833000000002, 43.416564400000006],
     [21.714631800000003, 43.4166193], [21.714297000000002, 43.416645],
     [21.7138931, 43.416718700000004],
     [21.7136436, 43.416701100000004], [21.7132475, 43.416621],
     [21.7130031, 43.416553900000004],
     [21.712848100000002, 43.4165323],
     [21.7126306, 43.416592900000005],
     [21.712529200000002, 43.416631800000005],
     [21.7124875, 43.416740100000005], [21.7125233, 43.4168548],
     [21.712573900000002, 43.4170583]]}},
  {"type":"Feature",
   "properties":{},
   "geometry":
   {"type":"LineString",
    "coordinates":
    [[21.712573900000002, 43.4170583],
     [21.712514300000002, 43.417380800000004],
     [21.712517300000002, 43.4176276], [21.7124667, 43.4180865],
     [21.7125054, 43.4182684], [21.7126544, 43.4184957],
     [21.712696100000002, 43.4186537],
     [21.712681200000002, 43.4187771], [21.7127528, 43.4190109],
     [21.712889800000003, 43.4192988],
     [21.712937500000002, 43.4195694],
     [21.712910700000002, 43.4198832], [21.7127915, 43.4201235],
     [21.7126723, 43.4202577]]}},
  {"type":"Feature",
   "properties":{},
   "geometry":
   {"type":"LineString",
    "coordinates":
    [[21.7126723, 43.4202577], [21.7124786, 43.4207101],
     [21.7121955, 43.421101900000004], [21.7121239, 43.4212101],
     [21.7120137, 43.4213595], [21.71196, 43.421480700000004],
     [21.7121478, 43.4216582], [21.712547100000002, 43.4219007],
     [21.712922600000002, 43.422182], [21.7130657, 43.422238300000004],
     [21.713390500000003, 43.4224266],
     [21.713664700000002, 43.422625800000006],
     [21.713903100000003, 43.422807600000006],
     [21.714105800000002, 43.422946100000004],
     [21.714555800000003, 43.423143100000004],
     [21.7148955, 43.423329300000006], [21.7152442, 43.4235738]]}},
  {"type":"Feature",
   "properties":{},
   "geometry":
   {"type":"LineString",
    "coordinates":
    [[21.7152442, 43.4235738], [21.7153843, 43.423673400000006],
     [21.7155393, 43.4238769], [21.7156585, 43.4240847],
     [21.715769700000003, 43.424410200000004],
     [21.715828400000003, 43.424729400000004],
     [21.7161094, 43.4249725], [21.7162551, 43.4250782]]}},
  {"type":"Feature",
   "properties":{},
   "geometry":
   {"type":"LineString",
    "coordinates":
    [[21.7162551, 43.4250782],
     [21.716485000000002, 43.425276800000006],
     [21.7167558, 43.425351000000006],
     [21.7173051, 43.425456700000005],
     [21.717529900000002, 43.4256089], [21.7176985, 43.4258761],
     [21.717851800000002, 43.426288], [21.7179591, 43.4265088],
     [21.7181201, 43.4267593], [21.7182657, 43.426891000000005],
     [21.7184752, 43.427033900000005], [21.7187409, 43.4273827],
     [21.719162400000002, 43.427898500000005],
     [21.719443400000003, 43.4280655], [21.719681, 43.4282046],
     [21.719816400000003, 43.428301100000006],
     [21.719928900000003, 43.4284143],
     [21.7202227, 43.428764900000004],
     [21.720268500000003, 43.4288156], [21.720464, 43.4289709],
     [21.7206048, 43.4291299], [21.7207326, 43.429241700000006],
     [21.720852500000003, 43.4293187],
     [21.721038500000002, 43.4294935],
     [21.721107200000002, 43.429586900000004], [21.7211506, 43.429698],
     [21.721161900000002, 43.4298337],
     [21.7211532, 43.429918900000004],
     [21.7211135, 43.429999300000006], [21.7210278, 43.4300312],
     [21.720212200000002, 43.4301614],
     [21.7198247, 43.430347600000005],
     [21.719026000000003, 43.4308605],
     [21.718829300000003, 43.430986000000004], [21.7187161, 43.431144],
     [21.718757800000002, 43.431319300000006],
     [21.7189307, 43.4314903],
     [21.718957500000002, 43.431747800000004],
     [21.7189009, 43.4321071], [21.718969400000002, 43.4323235],
     [21.719315100000003, 43.4324425],
     [21.7195535, 43.432650300000006], [21.7203731, 43.4328451],
     [21.7212374, 43.433081], [21.721556200000002, 43.433241100000004],
     [21.7218304, 43.4334575], [21.7222268, 43.433619900000004],
     [21.7225755, 43.433741000000005],
     [21.722918200000002, 43.4337389], [21.723201300000003, 43.433661],
     [21.723493400000002, 43.4336372],
     [21.723657300000003, 43.4336761],
     [21.723943400000003, 43.433829800000005],
     [21.7242712, 43.434031000000004],
     [21.724596100000003, 43.434085100000004],
     [21.724825600000003, 43.4341068],
     [21.725037200000003, 43.434154400000004],
     [21.725204, 43.434262600000004], [21.7252756, 43.4343773],
     [21.725216, 43.4345331], [21.7251474, 43.434637],
     [21.725263700000003, 43.4348274], [21.7254216, 43.4348967],
     [21.7258061, 43.435033000000004], [21.7260594, 43.4351477],
     [21.726232600000003, 43.4352472]]}},
  {"type":"Feature",
   "properties":{},
   "geometry":
   {"type":"LineString",
    "coordinates":
    [[21.7329516, 43.436226500000004],
     [21.732725600000002, 43.436119100000006],
     [21.732682200000003, 43.4360633],
     [21.7326319, 43.435998500000004],
     [21.732597900000002, 43.435859400000005],
     [21.7325212, 43.435271900000004],
     [21.7324702, 43.435163700000004], [21.7323722, 43.4351081],
     [21.7322147, 43.435089500000004],
     [21.731801700000002, 43.4351112], [21.7314355, 43.4351173],
     [21.7309714, 43.435071], [21.7306734, 43.4350431],
     [21.730268900000002, 43.4350308], [21.7298602, 43.4351173],
     [21.7296771, 43.435129700000005], [21.727148, 43.435092600000004],
     [21.7268925, 43.435132800000005],
     [21.7265647, 43.435275000000004],
     [21.726385800000003, 43.435281200000006],
     [21.726232600000003, 43.4352472]]}},
  {"type":"Feature",
   "properties":{},
   "geometry":
   {"type":"LineString",
    "coordinates":
    [[21.7329516, 43.436226500000004],
     [21.732925700000003, 43.436296500000005],
     [21.732931100000002, 43.436405900000004],
     [21.7329319, 43.4367214], [21.7328401, 43.4372276],
     [21.7327131, 43.437580700000005],
     [21.7326842, 43.437654900000005],
     [21.7326759, 43.437703000000006],
     [21.732685200000002, 43.437775800000004],
     [21.7326976, 43.4378193], [21.732726600000003, 43.4378583],
     [21.732771900000003, 43.437903600000006],
     [21.7327979, 43.437929600000004],
     [21.732891900000002, 43.4380114],
     [21.733264100000003, 43.438287900000006],
     [21.7333056, 43.438324300000005],
     [21.733347000000002, 43.4383763],
     [21.733368300000002, 43.438423400000005],
     [21.733379000000003, 43.4385059]]}},
  {"type":"Feature",
   "properties":{},
   "geometry":
   {"type":"LineString",
    "coordinates":
    [[21.733379000000003, 43.4385059],
     [21.7333575, 43.438627600000004]]}},
  {"type":"Feature",
   "properties":{},
   "geometry":
   {"type":"LineString",
    "coordinates":
    [[21.7333575, 43.438627600000004], [21.7333125, 43.4388128],
     [21.7332629, 43.4389929], [21.7331141, 43.4394566],
     [21.7329213, 43.4399613]]}},
  {"type":"Feature",
   "properties":{},
   "geometry":
   {"type":"LineString",
    "coordinates":
    [[21.7430594, 43.4510178], [21.742455, 43.450335],
     [21.7417602, 43.4496933],
     [21.741314900000003, 43.449266200000004],
     [21.7410554, 43.448964700000005], [21.7409201, 43.4488076],
     [21.740714800000003, 43.4485691],
     [21.740177000000003, 43.4479163], [21.7398126, 43.4475582],
     [21.739317, 43.447133], [21.739150000000002, 43.4469979],
     [21.738980400000003, 43.4468546],
     [21.7386954, 43.446567900000005], [21.7372747, 43.445076],
     [21.7371476, 43.4449537], [21.7370443, 43.4448689],
     [21.736924400000003, 43.4447908], [21.7367756, 43.4447136],
     [21.7366065, 43.4446491], [21.7365573, 43.444636100000004],
     [21.736437600000002, 43.4445958], [21.736388, 43.444571800000006],
     [21.736320900000003, 43.444530500000006], [21.7362681, 43.444484],
     [21.7362237, 43.4444262],
     [21.736171300000002, 43.444346100000004],
     [21.7355379, 43.4432234], [21.734952, 43.442088600000005],
     [21.7346577, 43.441687300000005],
     [21.734330800000002, 43.441352800000004], [21.734082, 43.4410813],
     [21.7338877, 43.440779500000005],
     [21.7337725, 43.440595300000005], [21.7335764, 43.4402819],
     [21.7335326, 43.4402321], [21.73349, 43.44019],
     [21.7333965, 43.440125900000005],
     [21.733310600000003, 43.4400806],
     [21.733234900000003, 43.4400531], [21.7329213, 43.4399613]]}},
  {"type":"Feature",
   "properties":{},
   "geometry":
   {"type":"LineString",
    "coordinates":
    [[21.743282100000002, 43.4513297],
     [21.7432717, 43.451299500000005],
     [21.7432553, 43.451264300000005], [21.74322, 43.4512098],
     [21.743145400000003, 43.451121900000004],
     [21.7430594, 43.4510178]]}},
  {"type":"Feature",
   "properties":{},
   "geometry":
   {"type":"LineString",
    "coordinates":
    [[21.743690800000003, 43.451736100000005],
     [21.7433701, 43.4514172], [21.743282100000002, 43.4513297]]}},
  {"type":"Feature",
   "properties":{},
   "geometry":
   {"type":"LineString",
    "coordinates":
    [[21.7439465, 43.452026000000004],
     [21.743690800000003, 43.451736100000005]]}},
  {"type":"Feature",
   "properties":{},
   "geometry":
   {"type":"LineString",
    "coordinates":
    [[21.7459218, 43.4515502], [21.7456892, 43.4516471],
     [21.7455019, 43.451729500000006], [21.7453308, 43.4517705],
     [21.7451072, 43.4517515], [21.7448513, 43.4517011],
     [21.7446729, 43.4516963], [21.7444695, 43.4517767],
     [21.7439465, 43.452026000000004]]}},
  {"type":"Feature",
   "properties":{},
   "geometry":
   {"type":"LineString",
    "coordinates":
    [[21.7480355, 43.4509568], [21.7459218, 43.4515502]]}},
  {"type":"Feature",
   "properties":{},
   "geometry":
   {"type":"LineString",
    "coordinates":
    [[21.7517345, 43.445809000000004], [21.751594, 43.4460251],
     [21.7514617, 43.4464273], [21.7512757, 43.4466193],
     [21.7509781, 43.4468474],
     [21.750593600000002, 43.447072500000004],
     [21.750482, 43.447159500000005], [21.7503208, 43.4472886],
     [21.750110000000003, 43.4474747],
     [21.7497958, 43.447720700000005], [21.749585, 43.447954800000005],
     [21.7494941, 43.448095900000006],
     [21.7492667, 43.448471000000005],
     [21.749010400000003, 43.4488642], [21.7489236, 43.4491613],
     [21.748878100000002, 43.4493413], [21.7487748, 43.4494764],
     [21.748642500000003, 43.4496234],
     [21.7479894, 43.450292600000004], [21.7479191, 43.4504457],
     [21.747927400000002, 43.450664800000006],
     [21.7480355, 43.4509568]]}},
  {"type":"Feature",
   "properties":{},
   "geometry":
   {"type":"LineString",
    "coordinates":
    [[21.7517345, 43.445809000000004],
     [21.752589500000003, 43.446074200000005],
     [21.7534268, 43.4461566], [21.7540939, 43.4463455],
     [21.7545055, 43.446328400000006],
     [21.7547846, 43.446369600000004], [21.755305, 43.446493200000006],
     [21.7558206, 43.4464589], [21.7563268, 43.446300900000004],
     [21.7571784, 43.4459334], [21.7576657, 43.4456586],
     [21.758337400000002, 43.445115900000005],
     [21.758810500000003, 43.4445354],
     [21.759274100000003, 43.4438588], [21.7594208, 43.4434947],
     [21.7594634, 43.4429795],
     [21.759382900000002, 43.442766500000005],
     [21.7593214, 43.4425845],
     [21.759179500000002, 43.442347500000004],
     [21.7589288, 43.441787600000005],
     [21.759028100000002, 43.441650200000005],
     [21.7594302, 43.4413822], [21.7594634, 43.4411968],
     [21.7595296, 43.441014700000004],
     [21.7592982, 43.440849400000005], [21.7595281, 43.4405895]]}},
  {"type":"Feature",
   "properties":{},
   "geometry":
   {"type":"LineString",
    "coordinates":
    [[21.7595281, 43.4405895], [21.7590897, 43.440393],
     [21.7588773, 43.440259700000006],
     [21.758648800000003, 43.440023700000005],
     [21.758314000000002, 43.4396077], [21.757908200000003, 43.439075],
     [21.7573896, 43.4386595], [21.7575301, 43.4384814]]}},
  {"type":"Feature",
   "properties":{},
   "geometry":
   {"type":"LineString",
    "coordinates":
    [[21.7575301, 43.4384814], [21.757647900000002, 43.4383683],
     [21.757980800000002, 43.4381727],
     [21.758453900000003, 43.4379707],
     [21.758970700000003, 43.4377672], [21.7591985, 43.437632],
     [21.759345200000002, 43.4375255], [21.7596606, 43.4373887],
     [21.759978200000003, 43.437286900000004],
     [21.760311100000003, 43.437077], [21.7605454, 43.4368719],
     [21.7608652, 43.4366683], [21.7611148, 43.4364902],
     [21.761414900000002, 43.4362866], [21.7617456, 43.4359447],
     [21.761868200000002, 43.4357332],
     [21.7619295, 43.435316500000006],
     [21.761901100000003, 43.434895100000006],
     [21.7618507, 43.4346407], [21.762045200000003, 43.434462],
     [21.7623466, 43.434334], [21.7633277, 43.4341633],
     [21.763945900000003, 43.4340167],
     [21.7643379, 43.433897300000005],
     [21.764847500000002, 43.433637600000004],
     [21.7652976, 43.433328100000004], [21.7655628, 43.4331723],
     [21.766605900000002, 43.4326529], [21.7673062, 43.4323131],
     [21.767842700000003, 43.432070700000004],
     [21.7682241, 43.4317872], [21.7688858, 43.431456100000005],
     [21.7701256, 43.4311571], [21.7706388, 43.431047],
     [21.7719284, 43.431454900000006],
     [21.7724313, 43.431521200000006], [21.773249, 43.4315877],
     [21.774020500000002, 43.4316225]]}},
  {"type":"Feature",
   "properties":{},
   "geometry":
   {"type":"LineString",
    "coordinates":
    [[21.7763072, 43.4301406], [21.776132, 43.430327000000005],
     [21.7756887, 43.430800100000006],
     [21.7754268, 43.430980600000005],
     [21.775077600000003, 43.4311512],
     [21.774020500000002, 43.4316225]]}},
  {"type":"Feature",
   "properties":{},
   "geometry":
   {"type":"LineString",
    "coordinates":
    [[21.7763072, 43.4301406], [21.7765117, 43.4302034],
     [21.776849600000002, 43.4302657],
     [21.777150000000002, 43.4303359], [21.7776436, 43.4304605],
     [21.7780191, 43.430550100000005], [21.7783838, 43.4306319],
     [21.778829100000003, 43.430741000000005],
     [21.779242200000002, 43.4308423], [21.7796069, 43.4309007],
     [21.779875200000003, 43.430943600000006],
     [21.7801058, 43.430982500000006], [21.7806347, 43.4310727]]}},
  {"type":"Feature",
   "properties":{},
   "geometry":
   {"type":"LineString",
    "coordinates":
    [[21.7806347, 43.4310727], [21.781374800000002, 43.4303961],
     [21.7814225, 43.4302684], [21.7815178, 43.430153700000005],
     [21.781595300000003, 43.4300975], [21.781801, 43.4300044],
     [21.7825901, 43.4292482], [21.7841352, 43.4276725],
     [21.7837581, 43.4270245],
     [21.783624200000002, 43.426883100000005],
     [21.783575600000002, 43.4267182], [21.7836161, 43.4266239],
     [21.783887800000002, 43.426276400000006],
     [21.784051100000003, 43.4260297]]}},
  {"type":"Feature",
   "properties":{},
   "geometry":
   {"type":"LineString",
    "coordinates":
    [[21.7849769, 43.4246971], [21.7845799, 43.425433500000004],
     [21.784375500000003, 43.4257646],
     [21.784051100000003, 43.4260297]]}},
  {"type":"Feature",
   "properties":{},
   "geometry":
   {"type":"LineString",
    "coordinates":
    [[21.7855434, 43.423982800000005], [21.7853995, 43.4240834],
     [21.785301500000003, 43.4242061],
     [21.784998700000003, 43.424664500000006],
     [21.7849769, 43.4246971]]}},
  {"type":"Feature",
   "properties":{},
   "geometry":
   {"type":"LineString",
    "coordinates":
    [[21.7855434, 43.423982800000005], [21.7856293, 43.4240122],
     [21.7858707, 43.4240385], [21.786436100000003, 43.4240318],
     [21.786886600000003, 43.4239958],
     [21.787020300000002, 43.4239813],
     [21.787102100000002, 43.423948800000005],
     [21.787194900000003, 43.423911700000005],
     [21.7872588, 43.423837500000005], [21.7872989, 43.4237623],
     [21.7873631, 43.4236875], [21.7874342, 43.423628400000005],
     [21.7875057, 43.4235793], [21.7876441, 43.423563800000004],
     [21.7878522, 43.4235781], [21.7887989, 43.423636800000004],
     [21.7898664, 43.423656300000005],
     [21.790897700000002, 43.423693300000004],
     [21.7919749, 43.4237654], [21.792210500000003, 43.4237586],
     [21.792350900000002, 43.4237545],
     [21.792920300000002, 43.4237005], [21.793469, 43.423627200000006],
     [21.793684000000002, 43.4235544], [21.793804, 43.4234955],
     [21.7938453, 43.4234468]]}},
  {"type":"Feature",
   "properties":{},
   "geometry":
   {"type":"LineString",
    "coordinates":
    [[21.7938453, 43.4234468], [21.794985, 43.423718],
     [21.795183400000003, 43.4237471]]}},
  {"type":"Feature",
   "properties":{},
   "geometry":
   {"type":"LineString",
    "coordinates":
    [[21.795183400000003, 43.4237471],
     [21.7952303, 43.423671500000005], [21.7952951, 43.4235892],
     [21.7953735, 43.4235101], [21.7954571, 43.423441800000006],
     [21.7955577, 43.423375], [21.795693, 43.4233046],
     [21.795845500000002, 43.423245900000005],
     [21.795960100000002, 43.4232135]]}},
  {"type":"Feature",
   "properties":{},
   "geometry":
   {"type":"LineString",
    "coordinates":
    [[21.795960100000002, 43.4232135],
     [21.7966245, 43.423100500000004]]}},
  {"type":"Feature",
   "properties":{},
   "geometry":
   {"type":"LineString",
    "coordinates":
    [[21.7966245, 43.423100500000004], [21.7967245, 43.4230852],
     [21.796923200000002, 43.4230547],
     [21.7970389, 43.423025800000005],
     [21.797164900000002, 43.422986900000005],
     [21.7972913, 43.422939400000004], [21.7973927, 43.4228943]]}},
  {"type":"Feature",
   "properties":{},
   "geometry":
   {"type":"LineString",
    "coordinates":
    [[21.7973927, 43.4228943],
     [21.797489900000002, 43.423050100000005],
     [21.797516400000003, 43.4231798],
     [21.7974602, 43.423338400000006]]}},
  {"type":"Feature",
   "properties":{},
   "geometry":
   {"type":"LineString",
    "coordinates":
    [[21.7974602, 43.423338400000006],
     [21.797073100000002, 43.4238909],
     [21.7970037, 43.424018200000006],
     [21.7969797, 43.424133100000006], [21.7970171, 43.4242365],
     [21.7972107, 43.424574500000006]]}},
  {"type":"Feature",
   "properties":{},
   "geometry":
   {"type":"LineString",
    "coordinates":
    [[21.7972107, 43.424574500000006],
     [21.797264400000003, 43.4246769]]}},
  {"type":"Feature",
   "properties":{},
   "geometry":
   {"type":"LineString",
    "coordinates":
    [[21.797264400000003, 43.4246769],
     [21.797323900000002, 43.4247839], [21.797382600000002, 43.424824],
     [21.797410600000003, 43.424829], [21.7974569, 43.424837200000006],
     [21.797626, 43.4248282], [21.7977713, 43.424843200000005],
     [21.7979285, 43.424886], [21.798353000000002, 43.425112500000004],
     [21.7988229, 43.4255173], [21.7992132, 43.4257599],
     [21.7998318, 43.426045800000004], [21.800232, 43.4261971],
     [21.801250800000002, 43.4264614], [21.8017502, 43.4266079],
     [21.802289400000003, 43.4267905],
     [21.8026135, 43.426860100000006],
     [21.803149400000002, 43.4269442],
     [21.803857200000003, 43.4270523], [21.8042343, 43.427146],
     [21.804353300000002, 43.427191], [21.8044692, 43.4272349],
     [21.8047007, 43.427355000000006],
     [21.8050447, 43.427549600000006], [21.8052564, 43.4276264],
     [21.806189200000002, 43.4279219], [21.806725, 43.4280829],
     [21.8071054, 43.428147700000004],
     [21.8075519, 43.428236600000005],
     [21.807806600000003, 43.4283015],
     [21.808091100000002, 43.4283999],
     [21.8083524, 43.428529700000006],
     [21.8086699, 43.428724200000005], [21.8094983, 43.4292609],
     [21.8096755, 43.4293464], [21.8099278, 43.4294663],
     [21.8100066, 43.429514000000005], [21.8100561, 43.4295496]]}},
  {"type":"Feature",
   "properties":{},
   "geometry":
   {"type":"LineString",
    "coordinates":
    [[21.8100561, 43.4295496], [21.810094900000003, 43.4295296],
     [21.8101784, 43.4295209], [21.8103014, 43.4295166],
     [21.8104684, 43.429497500000004],
     [21.810640300000003, 43.4294663], [21.8108812, 43.4294388],
     [21.810993500000002, 43.4294286],
     [21.8111479, 43.429432000000006],
     [21.8114753, 43.429455700000005],
     [21.811611000000003, 43.4294354], [21.8117373, 43.4293776],
     [21.8120133, 43.429177200000005],
     [21.812143000000003, 43.429082400000006]]}},
  {"type":"Feature",
   "properties":{},
   "geometry":
   {"type":"LineString",
    "coordinates":
    [[21.812143000000003, 43.429082400000006],
     [21.8123051, 43.4289744]]}},
  {"type":"Feature",
   "properties":{},
   "geometry":
   {"type":"LineString",
    "coordinates":
    [[21.8123051, 43.4289744], [21.812729, 43.4287967],
     [21.8139298, 43.428324100000005],
     [21.814231300000003, 43.428292600000006],
     [21.814402, 43.428282800000005], [21.815464300000002, 43.4283318],
     [21.815951300000002, 43.4283565],
     [21.8161539, 43.428390900000004],
     [21.816690100000002, 43.4285252], [21.816849, 43.428557000000005],
     [21.8171782, 43.428609900000005],
     [21.817366200000002, 43.428668900000005],
     [21.817740800000003, 43.428836000000004],
     [21.817983400000003, 43.4289356], [21.8185752, 43.42918],
     [21.8190011, 43.4294018], [21.819345900000002, 43.4295853],
     [21.8194188, 43.4296081], [21.819615000000002, 43.4296528],
     [21.819778300000003, 43.429656800000004],
     [21.819922100000003, 43.429669100000005],
     [21.820019600000002, 43.429701900000005],
     [21.8202332, 43.4297818], [21.8203862, 43.4298013],
     [21.8209132, 43.429791200000004], [21.821185, 43.429803500000006],
     [21.821444900000003, 43.4298243]]}},
  {"type":"Feature",
   "properties":{},
   "geometry":
   {"type":"LineString",
    "coordinates":
    [[21.2789585, 43.2892014],
     [21.278720500000002, 43.289095200000006],
     [21.2781823, 43.2888456], [21.277672600000002, 43.2887975],
     [21.2771975, 43.288804000000006], [21.2767547, 43.2884724],
     [21.2761727, 43.2881969], [21.2761, 43.287694],
     [21.275748500000002, 43.287204300000006],
     [21.274790900000003, 43.2868823],
     [21.274356700000002, 43.286727000000006]]}},
  {"type":"Feature",
   "properties":{},
   "geometry":
   {"type":"LineString",
    "coordinates":
    [[21.282203600000003, 43.291098500000004],
     [21.2818553, 43.2907961], [21.2818164, 43.2905205],
     [21.2814684, 43.2902793], [21.2813097, 43.2902226],
     [21.2810981, 43.2900362], [21.280844700000003, 43.289949],
     [21.2806304, 43.2898234], [21.280107, 43.2895721],
     [21.2799455, 43.2894951], [21.2797172, 43.289497100000006],
     [21.2789585, 43.2892014]]}},
  {"type":"Feature",
   "properties":{},
   "geometry":
   {"type":"LineString",
    "coordinates":
    [[21.282203600000003, 43.291098500000004],
     [21.282424300000002, 43.291378300000005],
     [21.282600000000002, 43.291810000000005],
     [21.282629200000002, 43.2920419],
     [21.282655600000002, 43.292113900000004],
     [21.2827576, 43.2922213], [21.2829282, 43.292335],
     [21.2834031, 43.292585], [21.2837621, 43.292770600000004]]}},
  {"type":"Feature",
   "properties":{},
   "geometry":
   {"type":"LineString",
    "coordinates":
    [[21.2837621, 43.292770600000004], [21.2841725, 43.2931435],
     [21.284194000000003, 43.2931747]]}},
  {"type":"Feature",
   "properties":{},
   "geometry":
   {"type":"LineString",
    "coordinates":
    [[21.284194000000003, 43.2931747], [21.2845842, 43.2933261]]}},
  {"type":"Feature",
   "properties":{},
   "geometry":
   {"type":"LineString",
    "coordinates":
    [[21.2853962, 43.292915400000005],
     [21.285231800000002, 43.292917100000004], [21.2851086, 43.292921],
     [21.284937000000003, 43.292973700000005],
     [21.2848028, 43.2930732], [21.2845842, 43.2933261]]}},
  {"type":"Feature",
   "properties":{},
   "geometry":
   {"type":"LineString",
    "coordinates":
    [[21.285481400000002, 43.2932196],
     [21.285440100000002, 43.293072200000005],
     [21.2853962, 43.292915400000005]]}},
  {"type":"Feature",
   "properties":{},
   "geometry":
   {"type":"LineString",
    "coordinates":
    [[21.285719500000003, 43.2937917],
     [21.285651700000003, 43.2936289],
     [21.285481400000002, 43.2932196]]}},
  {"type":"Feature",
   "properties":{},
   "geometry":
   {"type":"LineString",
    "coordinates":
    [[21.2862322, 43.2952473], [21.2862312, 43.295152800000004],
     [21.2862216, 43.295057500000006],
     [21.286212000000003, 43.2949925],
     [21.286199200000002, 43.2949289], [21.286162, 43.2948174],
     [21.286120500000003, 43.2947105],
     [21.2860736, 43.294605100000005], [21.2860584, 43.2945712],
     [21.2860257, 43.2944982], [21.2858652, 43.294145900000004],
     [21.2857719, 43.293919], [21.285719500000003, 43.2937917]]}},
  {"type":"Feature",
   "properties":{},
   "geometry":
   {"type":"LineString",
    "coordinates":
    [[21.2861844, 43.2956318],
     [21.286197400000002, 43.295543900000006],
     [21.286201300000002, 43.295517700000005],
     [21.2862259, 43.295351200000006], [21.2862322, 43.2952473]]}},
  {"type":"Feature",
   "properties":{},
   "geometry":
   {"type":"LineString",
    "coordinates":
    [[21.2861784, 43.295683800000006], [21.2861844, 43.2956318]]}},
  {"type":"Feature",
   "properties":{},
   "geometry":
   {"type":"LineString",
    "coordinates":
    [[21.2856926, 43.2986212], [21.2857373, 43.2985143],
     [21.285745600000002, 43.298484900000005],
     [21.2857628, 43.2984236], [21.2857823, 43.298346200000005],
     [21.2858886, 43.297904], [21.2859094, 43.297793500000004],
     [21.285947500000002, 43.2975635], [21.2859772, 43.2973839],
     [21.2859896, 43.2973093],
     [21.286019800000002, 43.297063800000004], [21.2860233, 43.297035],
     [21.2860257, 43.2970155], [21.2860273, 43.2970027],
     [21.286062700000002, 43.2967172],
     [21.286100700000002, 43.2963784], [21.2861234, 43.2961754],
     [21.2861289, 43.2961261], [21.2861663, 43.2957917],
     [21.2861684, 43.2957729], [21.2861784, 43.295683800000006]]}},
  {"type":"Feature",
   "properties":{},
   "geometry":
   {"type":"LineString",
    "coordinates":
    [[21.2856926, 43.2986212],
     [21.285782700000002, 43.298622200000004],
     [21.2858176, 43.2986226], [21.286086100000002, 43.2986257],
     [21.287140800000003, 43.2986378],
     [21.287164100000002, 43.298638100000005],
     [21.287716600000003, 43.2986294],
     [21.288590900000003, 43.298615600000005], [21.2887066, 43.298625],
     [21.2892864, 43.298726900000005],
     [21.289604200000003, 43.298793800000006],
     [21.289742, 43.298829600000005], [21.2898637, 43.298874000000005],
     [21.289944300000002, 43.298903700000004],
     [21.2900464, 43.2989606], [21.2901622, 43.2990227],
     [21.2903297, 43.2991606],
     [21.290480600000002, 43.299288600000004],
     [21.2905731, 43.2994148],
     [21.290640500000002, 43.299583600000005],
     [21.2906935, 43.2997859], [21.2907517, 43.300222000000005],
     [21.290823200000002, 43.3002953],
     [21.291003500000002, 43.3003768],
     [21.2915469, 43.300483400000005]]}},
  {"type":"Feature",
   "properties":{},
   "geometry":
   {"type":"LineString",
    "coordinates":
    [[21.2915469, 43.300483400000005], [21.2917302, 43.3005276]]}},
  {"type":"Feature",
   "properties":{},
   "geometry":
   {"type":"LineString",
    "coordinates":
    [[21.2917302, 43.3005276], [21.291853800000002, 43.3005791],
     [21.292725500000003, 43.3008703],
     [21.2934848, 43.301148100000006], [21.2938374, 43.3012798],
     [21.2940313, 43.3013409], [21.294398400000002, 43.3013166],
     [21.294426700000002, 43.3013157]]}},
  {"type":"Feature",
   "properties":{},
   "geometry":
   {"type":"LineString",
    "coordinates":
    [[21.294426700000002, 43.3013157],
     [21.2944831, 43.301442200000004], [21.2945269, 43.3015076],
     [21.294564700000002, 43.301543300000006],
     [21.2946117, 43.3015611], [21.294679000000002, 43.3015811],
     [21.294721900000003, 43.301603400000005],
     [21.2947484, 43.301630200000005], [21.2947709, 43.3016911],
     [21.2948479, 43.3019462], [21.2948658, 43.301996300000006],
     [21.2949138, 43.302079500000005],
     [21.2949679, 43.302133000000005], [21.2950617, 43.3021976],
     [21.295107700000003, 43.302211], [21.295218900000002, 43.3022184],
     [21.295273, 43.302226600000004], [21.2953261, 43.3022422],
     [21.295433300000003, 43.3023291],
     [21.295641500000002, 43.302488800000006],
     [21.2957211, 43.3025839],
     [21.295734300000003, 43.302622500000005],
     [21.2957496, 43.3026886]]}},
  {"type":"Feature",
   "properties":{},
   "geometry":
   {"type":"LineString",
    "coordinates":
    [[21.313244, 43.3184964], [21.3131466, 43.3185365],
     [21.3120261, 43.3196163], [21.311457800000003, 43.3199495],
     [21.310480300000002, 43.3204173], [21.3094183, 43.3211923],
     [21.3084895, 43.321629400000006], [21.307801, 43.3222484],
     [21.307671300000003, 43.3224652],
     [21.307434200000003, 43.3226414],
     [21.306831000000003, 43.322829000000006],
     [21.306614500000002, 43.322735200000004],
     [21.3063155, 43.3227464], [21.305990700000002, 43.322814],
     [21.305516400000002, 43.322982700000004],
     [21.3052329, 43.3231477], [21.3049132, 43.322735200000004],
     [21.3047225, 43.322423900000004], [21.3043668, 43.3220376],
     [21.3041966, 43.3217075], [21.3041193, 43.3214525],
     [21.3043358, 43.320646100000005], [21.3043255, 43.3202823],
     [21.3043719, 43.3200535], [21.3045936, 43.3197947],
     [21.3047225, 43.3196184], [21.304789500000002, 43.3193259],
     [21.3045575, 43.3187708], [21.3043771, 43.318362],
     [21.3041296, 43.3180956], [21.3040059, 43.3179681],
     [21.3038925, 43.3176943], [21.3036759, 43.3175593],
     [21.3029954, 43.316734100000005], [21.3025676, 43.3160589],
     [21.302072600000002, 43.315335000000005],
     [21.3019307, 43.315222000000006], [21.301788700000003, 43.315109],
     [21.3015589, 43.314905800000005], [21.3014705, 43.3146975],
     [21.3012832, 43.314255100000004], [21.301269, 43.3140931],
     [21.3011382, 43.313830700000004],
     [21.300830700000002, 43.313506700000005],
     [21.3002793, 43.312961400000006], [21.2997419, 43.3124958],
     [21.2995263, 43.3124058], [21.2991905, 43.3122155],
     [21.2990774, 43.311989100000005],
     [21.2990385, 43.311742200000005], [21.2991163, 43.3113204],
     [21.2990067, 43.310962800000006],
     [21.2987946, 43.310528100000006],
     [21.2986603, 43.310371200000006],
     [21.298455200000003, 43.3101757], [21.2982537, 43.3097951],
     [21.2980558, 43.309398900000005],
     [21.297974500000002, 43.3091597], [21.2979179, 43.3088562],
     [21.2977341, 43.308449800000005],
     [21.2975432, 43.308115400000005],
     [21.297373500000003, 43.3079842],
     [21.297249800000003, 43.307835000000004],
     [21.2972286, 43.3077321], [21.2972922, 43.3076061],
     [21.2975326, 43.307076200000004],
     [21.2975786, 43.306901200000006],
     [21.2975326, 43.306708300000004], [21.2975715, 43.3065823],
     [21.297642200000002, 43.3063945],
     [21.2979321, 43.305985500000006], [21.2982997, 43.3054993],
     [21.2969227, 43.3049174], [21.2959642, 43.304120600000005],
     [21.2954338, 43.303853200000006],
     [21.295392200000002, 43.303729100000005],
     [21.2955134, 43.3034121], [21.295524800000003, 43.3032136],
     [21.2957407, 43.302929600000006], [21.2957496, 43.3026886]]}},
  {"type":"Feature",
   "properties":{},
   "geometry":
   {"type":"LineString",
    "coordinates":
    [[21.3191542, 43.3172426], [21.319050800000003, 43.3172842],
     [21.3188397, 43.3175607], [21.3188202, 43.3177213],
     [21.318732500000003, 43.317799300000004],
     [21.3183915, 43.317938700000006], [21.3176348, 43.3183239],
     [21.3172256, 43.3184869], [21.316975600000003, 43.318761],
     [21.316790400000002, 43.318872000000006],
     [21.316218900000003, 43.3190894], [21.3153063, 43.3194746],
     [21.3148808, 43.319708500000004],
     [21.314406700000003, 43.3198479],
     [21.3141371, 43.319769900000004], [21.3139, 43.3196281],
     [21.3137182, 43.3194533], [21.3136727, 43.319273700000004],
     [21.313630500000002, 43.3190894], [21.3135558, 43.3186948],
     [21.313455100000002, 43.3185554], [21.313244, 43.3184964]]}},
  {"type":"Feature",
   "properties":{},
   "geometry":
   {"type":"LineString",
    "coordinates":
    [[21.3191542, 43.3172426], [21.3193375, 43.3172559],
     [21.3206016, 43.3162961], [21.321994, 43.315203100000005],
     [21.3225602, 43.3149936]]}},
  {"type":"Feature",
   "properties":{},
   "geometry":
   {"type":"LineString",
    "coordinates":
    [[21.3251129, 43.3165726], [21.3240728, 43.316234],
     [21.3226212, 43.3151122], [21.3225602, 43.3149936]]}},
  {"type":"Feature",
   "properties":{},
   "geometry":
   {"type":"LineString",
    "coordinates":
    [[21.3268181, 43.3172665], [21.3267585, 43.3172603],
     [21.326511500000002, 43.317196800000005],
     [21.326411500000003, 43.3171906],
     [21.326294400000002, 43.3172325],
     [21.3258814, 43.317412100000006],
     [21.325817500000003, 43.317423000000005],
     [21.3257558, 43.3174028], [21.325689800000003, 43.3173657],
     [21.3255152, 43.3171054], [21.3254173, 43.3169258],
     [21.325264, 43.3167446], [21.3251448, 43.3166268],
     [21.3251129, 43.3165726]]}},
  {"type":"Feature",
   "properties":{},
   "geometry":
   {"type":"LineString",
    "coordinates":
    [[21.3268181, 43.3172665], [21.326827, 43.3172836],
     [21.3268413, 43.3172986], [21.3268592, 43.317310000000006],
     [21.3268802, 43.3173181], [21.3275018, 43.3175089],
     [21.327956500000003, 43.317655200000004],
     [21.3280691, 43.3176928], [21.3281791, 43.317734300000005],
     [21.3282673, 43.3177711], [21.3283534, 43.317810400000006],
     [21.3287491, 43.317995800000006], [21.3291527, 43.3181548],
     [21.3292125, 43.3181833], [21.3292667, 43.3182172],
     [21.3293161, 43.3182576], [21.329357400000003, 43.3183024],
     [21.3293901, 43.318350900000006],
     [21.329439700000002, 43.3185646],
     [21.3295296, 43.318844600000006],
     [21.329655600000002, 43.3191852], [21.3298139, 43.3195491],
     [21.3299118, 43.3197823],
     [21.329935900000002, 43.319826600000006],
     [21.329968100000002, 43.3198682],
     [21.329994000000003, 43.319894000000005],
     [21.330023100000002, 43.3199179],
     [21.330086400000003, 43.3199565]]}},
  {"type":"Feature",
   "properties":{},
   "geometry":
   {"type":"LineString",
    "coordinates":
    [[21.330086400000003, 43.3199565], [21.3298294, 43.3203928],
     [21.328017000000003, 43.3226492], [21.3278453, 43.323016],
     [21.3277751, 43.3231632],
     [21.327823900000002, 43.323297000000004],
     [21.327977200000003, 43.3235205],
     [21.329712200000003, 43.3251624], [21.3298659, 43.3252941],
     [21.329864500000003, 43.3253745], [21.329836, 43.3254195],
     [21.3298233, 43.3254396], [21.3294581, 43.325732],
     [21.329310300000003, 43.325865900000004],
     [21.3292578, 43.325978400000004],
     [21.3291213, 43.327581300000006],
     [21.329132700000002, 43.3282772], [21.3291401, 43.3289178]]}},
  {"type":"Feature",
   "properties":{},
   "geometry":
   {"type":"LineString",
    "coordinates":
    [[21.3291401, 43.3289178], [21.3292828, 43.3296439],
     [21.329368000000002, 43.3303987],
     [21.329368000000002, 43.3312571], [21.3292286, 43.3320531],
     [21.329127500000002, 43.332663000000004],
     [21.3290092, 43.3331421], [21.3289328, 43.3334318],
     [21.3288926, 43.3336181], [21.3288993, 43.333713700000004],
     [21.3289207, 43.3338005], [21.3289717, 43.3338922],
     [21.3290213, 43.333962500000005], [21.3290884, 43.3340649],
     [21.3291152, 43.334140000000005],
     [21.3291299, 43.334238500000005],
     [21.3290991, 43.334593600000005],
     [21.329143300000002, 43.334894000000006],
     [21.3291943, 43.335229600000005],
     [21.329166100000002, 43.3354705],
     [21.329113800000002, 43.3356841], [21.3290763, 43.3359758],
     [21.329078300000003, 43.3360934], [21.3290817, 43.3362977],
     [21.3291045, 43.3365103],
     [21.328954200000002, 43.336866400000005],
     [21.3289067, 43.3371458], [21.3285205, 43.338121300000005],
     [21.3280269, 43.338807900000006], [21.3278982, 43.3394166],
     [21.3275763, 43.3401969], [21.3275763, 43.3404466],
     [21.327499800000002, 43.3407324],
     [21.327490400000002, 43.3407665], [21.327465, 43.3408085],
     [21.3274395, 43.3408406], [21.3274033, 43.3408728],
     [21.3270506, 43.341070800000004]]}},
  {"type":"Feature",
   "properties":{},
   "geometry":
   {"type":"LineString",
    "coordinates":
    [[21.3270506, 43.341070800000004], [21.326364, 43.341578000000005],
     [21.3262916, 43.341644300000006],
     [21.326219100000003, 43.341726200000004],
     [21.326146700000002, 43.341819900000004],
     [21.3260957, 43.341905700000005],
     [21.3259563, 43.342327100000006],
     [21.3255808, 43.342982500000005],
     [21.325269600000002, 43.3438486], [21.3252422, 43.3440737],
     [21.325266900000003, 43.344127500000006],
     [21.325319200000003, 43.3441792],
     [21.325371500000003, 43.344219200000005],
     [21.3254342, 43.3442389]]}},
  {"type":"Feature",
   "properties":{},
   "geometry":
   {"type":"LineString",
    "coordinates":
    [[21.3254342, 43.3442389], [21.325534400000002, 43.3442586]]}},
  {"type":"Feature",
   "properties":{},
   "geometry":
   {"type":"LineString",
    "coordinates":
    [[21.325534400000002, 43.3442586],
     [21.325693400000002, 43.3442738],
     [21.325752400000002, 43.3442835],
     [21.325816800000002, 43.3443089], [21.3258812, 43.3443557],
     [21.325934800000002, 43.344433800000004],
     [21.325975, 43.344517700000004], [21.3260206, 43.3447381],
     [21.3260206, 43.3449643], [21.3256765, 43.3456683],
     [21.3250856, 43.346567400000005],
     [21.3249907, 43.347211400000006],
     [21.3248867, 43.347415700000006],
     [21.3248612, 43.347519500000004], [21.324833, 43.347785300000005],
     [21.3247888, 43.3479784]]}},
  {"type":"Feature",
   "properties":{},
   "geometry":
   {"type":"LineString",
    "coordinates":
    [[21.324215000000002, 43.3489839],
     [21.324566800000003, 43.3482222], [21.3246828, 43.3480803],
     [21.3247888, 43.3479784]]}},
  {"type":"Feature",
   "properties":{},
   "geometry":
   {"type":"LineString",
    "coordinates":
    [[21.324215000000002, 43.3489839],
     [21.3242751, 43.349404500000006],
     [21.324403200000003, 43.3499283], [21.3243458, 43.350195],
     [21.3243414, 43.350644900000006],
     [21.3244121, 43.350731700000004], [21.3245447, 43.3506931],
     [21.3247745, 43.350416800000005],
     [21.3252959, 43.350066500000004], [21.3257981, 43.3499403],
     [21.3261486, 43.3499703], [21.3266126, 43.350296500000006],
     [21.326808500000002, 43.3504689],
     [21.326916800000003, 43.350607600000004],
     [21.326911600000003, 43.350723800000004],
     [21.3268115, 43.350925600000004],
     [21.326721300000003, 43.3512405], [21.3266491, 43.3516865],
     [21.326828300000003, 43.3527744],
     [21.3269686, 43.353003900000004],
     [21.327108900000002, 43.353172300000004],
     [21.327312300000003, 43.3535242], [21.3273334, 43.3537538],
     [21.3274456, 43.3540088], [21.3274456, 43.354340400000005],
     [21.327319300000003, 43.3547638],
     [21.327129900000003, 43.3551718],
     [21.327204000000002, 43.355457300000005],
     [21.3274741, 43.355814300000006], [21.3279242, 43.3562011],
     [21.3285707, 43.356570000000005],
     [21.328693400000002, 43.356825900000004],
     [21.3287507, 43.3570341], [21.328398800000002, 43.3579742],
     [21.328137, 43.3582836], [21.3279569, 43.3586168],
     [21.3279487, 43.358926200000006],
     [21.328014200000002, 43.3591464], [21.327736, 43.3597533],
     [21.3275723, 43.3599199], [21.3272695, 43.360378000000004],
     [21.3271549, 43.3607291],
     [21.327097600000002, 43.361294300000004],
     [21.3270895, 43.3616929], [21.326999400000002, 43.3622819],
     [21.3268685, 43.3625199], [21.326713, 43.3629781],
     [21.326623, 43.363103], [21.3266721, 43.3633469],
     [21.3266066, 43.3637217], [21.326582100000003, 43.3645725],
     [21.3266803, 43.364971100000005], [21.3267457, 43.3654054],
     [21.3266721, 43.3659052], [21.3265657, 43.366107500000005],
     [21.3265984, 43.366381100000005],
     [21.3268358, 43.366577500000005], [21.3271222, 43.3674758],
     [21.327195800000002, 43.3679101],
     [21.327294000000002, 43.368148000000005],
     [21.327204000000002, 43.3684931], [21.327335, 43.3686002],
     [21.3274741, 43.3686656], [21.3278833, 43.368737],
     [21.328096000000002, 43.368856], [21.3281288, 43.368951200000005],
     [21.3280715, 43.369147500000004],
     [21.3279815, 43.369302100000006], [21.3278669, 43.3693795],
     [21.327826, 43.369611500000005], [21.3278423, 43.3699208],
     [21.3279324, 43.3701172], [21.3281533, 43.370277800000004],
     [21.328497000000002, 43.3703967],
     [21.328914400000002, 43.3706704],
     [21.329593600000003, 43.3710273],
     [21.329929200000002, 43.3711641],
     [21.3301583, 43.371182000000005], [21.3304693, 43.3712474],
     [21.330714800000003, 43.371455600000004],
     [21.3309603, 43.3715568], [21.331009400000003, 43.3716163],
     [21.3310749, 43.3721338], [21.3307721, 43.373192700000004],
     [21.330813000000003, 43.373496], [21.3310585, 43.373763700000005],
     [21.331508600000003, 43.374447800000006], [21.331574, 43.3746798],
     [21.3316968, 43.3755423], [21.331819600000003, 43.375697],
     [21.3318932, 43.3758457], [21.3318687, 43.376339400000006],
     [21.3317541, 43.3766308], [21.3316641, 43.3771543],
     [21.331713200000003, 43.3776777],
     [21.331615000000003, 43.3785462],
     [21.331606800000003, 43.379004200000004],
     [21.331713200000003, 43.3792659],
     [21.331803200000003, 43.381020500000005],
     [21.3316968, 43.3813298], [21.331115800000003, 43.3819424],
     [21.330714800000003, 43.3822695],
     [21.3304365, 43.382769100000004],
     [21.330624800000002, 43.3831914], [21.3309603, 43.3835245],
     [21.3312631, 43.383780200000004],
     [21.3312876, 43.384083600000004], [21.3314431, 43.3849578],
     [21.331304000000003, 43.3854039],
     [21.331115800000003, 43.3857488],
     [21.330993000000003, 43.3861116],
     [21.330919400000003, 43.3866053],
     [21.330919400000003, 43.387039400000006],
     [21.331295800000003, 43.3876579], [21.3314267, 43.3879612],
     [21.3315741, 43.3882169], [21.3320569, 43.3887343],
     [21.3323106, 43.3890079],
     [21.332425100000002, 43.389329000000004],
     [21.3324497, 43.3896859], [21.3328098, 43.390334100000004],
     [21.3330798, 43.3905839], [21.3334072, 43.391089300000004],
     [21.333857300000002, 43.391517500000006],
     [21.3340128, 43.391761300000006],
     [21.334053700000002, 43.3919457], [21.3337672, 43.3926236],
     [21.3336854, 43.392962600000004],
     [21.3336799, 43.393346400000006]]}},
  {"type":"Feature",
   "properties":{},
   "geometry":
   {"type":"LineString",
    "coordinates":
    [[21.333551200000002, 43.3947731],
     [21.3336799, 43.393346400000006]]}},
  {"type":"Feature",
   "properties":{},
   "geometry":
   {"type":"LineString",
    "coordinates":
    [[21.3285123, 43.398733400000005], [21.3286914, 43.3986954],
     [21.328899800000002, 43.3987174],
     [21.3292407, 43.398698200000005],
     [21.329714300000003, 43.3985963], [21.3303015, 43.3984201],
     [21.3309569, 43.3982605], [21.3313168, 43.3980788],
     [21.3321086, 43.397531], [21.3326125, 43.3972805],
     [21.333120100000002, 43.396796], [21.3331315, 43.396479500000005],
     [21.333161800000003, 43.396457500000004],
     [21.3332035, 43.3963501], [21.333169400000003, 43.3958986],
     [21.3332376, 43.3957417], [21.3335823, 43.3956509],
     [21.3337793, 43.3955463], [21.3338892, 43.3953949],
     [21.3337718, 43.3952242], [21.333551200000002, 43.3947731]]}},
  {"type":"Feature",
   "properties":{},
   "geometry":
   {"type":"LineString",
    "coordinates":
    [[21.3684251, 43.415948], [21.3683142, 43.4158655],
     [21.3681278, 43.4157269], [21.367626400000002, 43.4152866],
     [21.3669613, 43.4149375],
     [21.366727700000002, 43.414942700000005],
     [21.366167100000002, 43.4151922],
     [21.365848500000002, 43.4152642],
     [21.365643300000002, 43.4150277],
     [21.365551200000002, 43.4147192],
     [21.3655414, 43.414543900000005],
     [21.365390100000003, 43.414540200000005],
     [21.3651772, 43.4146955], [21.364966900000002, 43.4147764],
     [21.3647868, 43.4147552], [21.3644167, 43.4146359],
     [21.3641285, 43.4143284], [21.3640946, 43.4138334],
     [21.363934800000003, 43.413782100000006],
     [21.3637267, 43.413813600000005], [21.3636044, 43.4138431],
     [21.363255900000002, 43.4137842],
     [21.363045500000002, 43.4138554], [21.3627918, 43.4141515],
     [21.3626161, 43.414223], [21.362450900000002, 43.4142153],
     [21.362189, 43.4140919], [21.3617658, 43.413265900000006],
     [21.3616157, 43.413181800000004],
     [21.361328200000003, 43.4132419],
     [21.361214500000003, 43.4132313], [21.3611457, 43.4132022],
     [21.361118, 43.4129196], [21.3609644, 43.4128218],
     [21.360794600000002, 43.4128527],
     [21.3601461, 43.413152200000006],
     [21.359640300000002, 43.413608700000005],
     [21.3595134, 43.4137628],
     [21.359277600000002, 43.414375400000004],
     [21.3591948, 43.414590600000004],
     [21.359025000000003, 43.414739700000005],
     [21.3587418, 43.4147449], [21.3582888, 43.4144055],
     [21.358248500000002, 43.4142907],
     [21.358097700000002, 43.413860500000006],
     [21.3579915, 43.4134029],
     [21.357919900000002, 43.413355800000005],
     [21.357177500000002, 43.413294900000004],
     [21.3567316, 43.4138913], [21.3563635, 43.4141844],
     [21.3559343, 43.4146231], [21.355092000000003, 43.4147259],
     [21.354617700000002, 43.4147259],
     [21.354370000000003, 43.414833900000005],
     [21.3545257, 43.4151321], [21.3550778, 43.415533200000006],
     [21.3552477, 43.415816], [21.355184, 43.416062800000006],
     [21.354936300000002, 43.416206700000004],
     [21.3543346, 43.416186200000006],
     [21.354143500000003, 43.4161913], [21.3536338, 43.4164741],
     [21.3534569, 43.416659200000005], [21.353315300000002, 43.416978],
     [21.353018000000002, 43.4171168],
     [21.352692400000002, 43.4174099],
     [21.3525721, 43.417682400000004],
     [21.3523172, 43.418001100000005],
     [21.352069500000002, 43.418258200000004], [21.351661, 43.4185438],
     [21.351615600000002, 43.418869], [21.351489100000002, 43.4190551],
     [21.3510856, 43.4191939], [21.3499601, 43.419569300000006],
     [21.349743500000002, 43.4196103],
     [21.3492283, 43.420221000000005],
     [21.3491536, 43.420221700000006], [21.3490676, 43.4201689],
     [21.3486347, 43.419823], [21.348533, 43.419769800000005],
     [21.3481995, 43.419255400000004],
     [21.347762900000003, 43.4190927],
     [21.347313200000002, 43.4188616],
     [21.346916800000002, 43.4184708], [21.3466832, 43.4182755],
     [21.3466266, 43.418126400000006], [21.3466832, 43.4178384],
     [21.3468744, 43.4176431],
     [21.347263700000003, 43.417447700000004],
     [21.3478508, 43.417235000000005], [21.3479145, 43.4171374],
     [21.3480348, 43.4170448], [21.3474615, 43.416895700000005],
     [21.346501500000002, 43.4167776], [21.3457937, 43.4167262],
     [21.3454893, 43.416520500000004], [21.3452416, 43.4162635],
     [21.344505400000003, 43.4161195],
     [21.344323600000003, 43.416001800000004],
     [21.3441964, 43.415714400000006], [21.3440914, 43.4153261],
     [21.3441964, 43.4150141], [21.3442656, 43.4148],
     [21.344209300000003, 43.414677000000005],
     [21.343680900000003, 43.4146881],
     [21.343279900000002, 43.4145703], [21.3427262, 43.4143206],
     [21.3424398, 43.4139947], [21.342153500000002, 43.4139253],
     [21.3419434, 43.4139739], [21.3416475, 43.413911500000005],
     [21.3414509, 43.4136917], [21.3405688, 43.4133706],
     [21.3399961, 43.4131865], [21.339751500000002, 43.4131456],
     [21.339562400000002, 43.413170900000004],
     [21.339462, 43.413124100000005], [21.3394327, 43.4129753],
     [21.3397, 43.412684000000006], [21.3404256, 43.412323400000005],
     [21.3407692, 43.4118519], [21.341284700000003, 43.4114427],
     [21.3422966, 43.410783900000006], [21.3427677, 43.4106144],
     [21.343215500000003, 43.4099025],
     [21.343203600000002, 43.409771400000004],
     [21.3430699, 43.409688200000005],
     [21.3426212, 43.409688200000005], [21.3419625, 43.4096604],
     [21.3411797, 43.4096466],
     [21.340540100000002, 43.409722900000006], [21.340101, 43.409709],
     [21.339900500000002, 43.4097991], [21.3393428, 43.4097627],
     [21.3393449, 43.409635900000005], [21.3392036, 43.4094593],
     [21.3393331, 43.409046000000004],
     [21.3393659, 43.408731100000004], [21.3393468, 43.408537],
     [21.3393373, 43.4083289],
     [21.339280000000002, 43.408204100000006],
     [21.338831300000002, 43.4083289], [21.3384304, 43.4085162],
     [21.337456600000003, 43.4090779], [21.3370175, 43.4093761],
     [21.336568800000002, 43.4095426], [21.3361774, 43.4096258],
     [21.335881500000003, 43.4097159],
     [21.3355856, 43.409930900000006],
     [21.335289600000003, 43.410083500000006],
     [21.334947200000002, 43.4101566], [21.3343487, 43.4104119],
     [21.3339818, 43.4105204], [21.333809900000002, 43.4105135],
     [21.3337219, 43.410417800000005],
     [21.333733600000002, 43.4101944],
     [21.3338386, 43.409722900000006], [21.3338959, 43.4092305],
     [21.3337527, 43.4088976], [21.3335274, 43.408679400000004],
     [21.3334376, 43.4085924], [21.332836200000003, 43.408641],
     [21.3325116, 43.4086895], [21.3320152, 43.4086757],
     [21.331623800000003, 43.408509200000005], [21.331347, 43.4082665],
     [21.3309365, 43.408100000000005],
     [21.3307074, 43.407774100000005],
     [21.330669200000003, 43.4075244],
     [21.3305164, 43.407281700000006],
     [21.330974700000002, 43.4063662],
     [21.331337400000002, 43.405964000000004],
     [21.331642900000002, 43.405776700000004],
     [21.332091600000002, 43.4056103], [21.332187100000002, 43.405534],
     [21.332063, 43.4054438], [21.3317002, 43.4053814],
     [21.3311847, 43.4051733], [21.3309842, 43.4049167],
     [21.3309174, 43.4043341], [21.3309269, 43.404022000000005],
     [21.3308506, 43.40294], [21.330860100000002, 43.4025308],
     [21.331547500000003, 43.4016985],
     [21.331957900000003, 43.4015251],
     [21.332072500000002, 43.4013864],
     [21.332244300000003, 43.4008801], [21.3321298, 43.4007621],
     [21.331910200000003, 43.4006928], [21.3316906, 43.400561],
     [21.3315093, 43.400498600000006],
     [21.3314573, 43.400536900000006],
     [21.331436800000002, 43.400683300000004],
     [21.3313761, 43.4008679], [21.331285100000002, 43.4009358],
     [21.330864000000002, 43.401015], [21.330517500000003, 43.4011118],
     [21.330211000000002, 43.401039600000004],
     [21.330028900000002, 43.4009173],
     [21.3298305, 43.400545900000004],
     [21.329698200000003, 43.4003755], [21.3295599, 43.4000914],
     [21.3292892, 43.3998074], [21.329144900000003, 43.3997462],
     [21.328748, 43.3997856], [21.3284533, 43.399798700000005],
     [21.3280233, 43.3995447], [21.327591100000003, 43.3995228],
     [21.3274411, 43.3994056],
     [21.327601700000002, 43.399310400000005],
     [21.327908500000003, 43.3992596],
     [21.3281546, 43.399126300000006],
     [21.3285123, 43.398733400000005]]}},
  {"type":"Feature",
   "properties":{},
   "geometry":
   {"type":"LineString",
    "coordinates":
    [[21.3684251, 43.415948], [21.368428700000003, 43.416358800000005],
     [21.3683173, 43.4167794], [21.368228300000002, 43.4172809],
     [21.3683285, 43.4179927], [21.368462100000002, 43.4185347],
     [21.3686292, 43.4186964], [21.3689298, 43.4188178],
     [21.369353, 43.4187935], [21.3698319, 43.4186641],
     [21.3702773, 43.4187207], [21.3711682, 43.418971500000005],
     [21.371569100000002, 43.4191737],
     [21.3720591, 43.420071500000006], [21.3724488, 43.4205326],
     [21.3726382, 43.4206054], [21.372972200000003, 43.4205568],
     [21.373350900000002, 43.4203303], [21.3736627, 43.4202737],
     [21.373852000000003, 43.4205002], [21.3738408, 43.420937],
     [21.373885400000002, 43.421406100000006],
     [21.3739968, 43.421753900000006],
     [21.373974500000003, 43.4223282], [21.3734734, 43.4237436],
     [21.3734407, 43.4238773],
     [21.373228400000002, 43.424746500000005], [21.373284, 43.4249002],
     [21.373517900000003, 43.424956800000004],
     [21.3737518, 43.4248678],
     [21.373974500000003, 43.424851600000004],
     [21.3741415, 43.424956800000004], [21.3742306, 43.4251671],
     [21.374342000000002, 43.4252965], [21.3745407, 43.4253915],
     [21.3746072, 43.425513900000006], [21.3746309, 43.4256055],
     [21.374612900000002, 43.425885],
     [21.374730300000003, 43.4259454]]}},
  {"type":"Feature",
   "properties":{},
   "geometry":
   {"type":"LineString",
    "coordinates":
    [[21.3750171, 43.4266724], [21.3748024, 43.4265677],
     [21.374603500000003, 43.4264481], [21.3745137, 43.4262719],
     [21.3745294, 43.4260925], [21.374730300000003, 43.4259454]]}},
  {"type":"Feature",
   "properties":{},
   "geometry":
   {"type":"LineString",
    "coordinates":
    [[21.375633800000003, 43.426634], [21.375440700000002, 43.4266165],
     [21.3751429, 43.426638000000004], [21.3750171, 43.4266724]]}},
  {"type":"Feature",
   "properties":{},
   "geometry":
   {"type":"LineString",
    "coordinates":
    [[21.375633800000003, 43.426634], [21.3757467, 43.426501],
     [21.3758835, 43.4264523], [21.3761076, 43.426396700000005],
     [21.3762711, 43.4263491],
     [21.376432100000002, 43.426270200000005],
     [21.3765809, 43.4261016], [21.376666800000002, 43.4260062],
     [21.3768545, 43.4258523], [21.377224700000003, 43.4257744],
     [21.3776914, 43.4257081], [21.3780454, 43.425525],
     [21.3782922, 43.4253848], [21.3785229, 43.425330200000005]]}},
  {"type":"Feature",
   "properties":{},
   "geometry":
   {"type":"LineString",
    "coordinates":
    [[21.3785229, 43.425330200000005], [21.3786194, 43.425338],
     [21.378705200000002, 43.4253887], [21.3788179, 43.4256419],
     [21.378903700000002, 43.425875700000006],
     [21.379070000000002, 43.426047100000005],
     [21.379236300000002, 43.4263315],
     [21.379445500000003, 43.4265769], [21.379597, 43.4266936]]}},
  {"type":"Feature",
   "properties":{},
   "geometry":
   {"type":"LineString",
    "coordinates":
    [[21.379597, 43.4266936], [21.3798157, 43.4266705],
     [21.380191800000002, 43.426645900000004],
     [21.380872500000002, 43.4264718], [21.3817415, 43.4263588],
     [21.3822189, 43.4262809], [21.3830129, 43.4261679],
     [21.3832865, 43.426171800000006], [21.3838873, 43.4263276],
     [21.384182300000003, 43.426362700000006],
     [21.384603700000003, 43.4265313],
     [21.385046000000003, 43.4266315], [21.3856435, 43.4267151],
     [21.385968700000003, 43.426838000000004],
     [21.3868383, 43.4273481], [21.3872669, 43.4274197],
     [21.3878945, 43.427652200000004],
     [21.388978100000003, 43.428111900000005],
     [21.3894448, 43.4283457], [21.389772, 43.4284431],
     [21.390206600000003, 43.4284626], [21.3906464, 43.4284703],
     [21.3909951, 43.4283924], [21.391595900000002, 43.4282327],
     [21.3919307, 43.4281224], [21.392222, 43.4280447],
     [21.3924191, 43.428055300000004],
     [21.392661200000003, 43.428110100000005],
     [21.392813800000003, 43.428209900000006]]}},
  {"type":"Feature",
   "properties":{},
   "geometry":
   {"type":"LineString",
    "coordinates":
    [[21.3930589, 43.4286358], [21.3928905, 43.428319800000004],
     [21.392813800000003, 43.428209900000006]]}},
  {"type":"Feature",
   "properties":{},
   "geometry":
   {"type":"LineString",
    "coordinates":
    [[21.3930589, 43.4286358], [21.393211, 43.4282076],
     [21.393393, 43.4280145], [21.393647100000003, 43.4279614],
     [21.3937481, 43.4278404], [21.393596900000002, 43.4275237],
     [21.393532500000003, 43.4272587],
     [21.393623700000003, 43.4270172],
     [21.393929500000002, 43.426541900000004],
     [21.3941762, 43.4263938], [21.3943747, 43.4263003],
     [21.3945678, 43.4263198], [21.3947395, 43.426386],
     [21.3949541, 43.426389900000004], [21.3952062, 43.4263003],
     [21.3955173, 43.426210700000006], [21.395825900000002, 43.426229],
     [21.3961659, 43.426293900000005],
     [21.396420000000003, 43.426182700000005], [21.3967281, 43.426138],
     [21.3967101, 43.426010700000006],
     [21.396273700000002, 43.4257276], [21.3960645, 43.4255757],
     [21.3961289, 43.4254705],
     [21.396241500000002, 43.425357500000004],
     [21.3961933, 43.4251432], [21.3958982, 43.4249134],
     [21.3957158, 43.424784800000005], [21.3957963, 43.4244653],
     [21.3960109, 43.424219900000004], [21.3962201, 43.4241108],
     [21.396863800000002, 43.4239471],
     [21.397561200000002, 43.4237328],
     [21.397743600000002, 43.4237406], [21.3980654, 43.4238536],
     [21.3983068, 43.4238653], [21.3989586, 43.423819900000005],
     [21.399402600000002, 43.423729900000005],
     [21.399655900000003, 43.4237504], [21.399725500000002, 43.423662],
     [21.3996274, 43.4234798],
     [21.399374400000003, 43.423343200000005],
     [21.3988808, 43.4232147], [21.398816500000002, 43.4230393],
     [21.398918400000003, 43.4228523],
     [21.3992617, 43.422684800000006], [21.399605, 43.422665300000006],
     [21.4000717, 43.422700400000004], [21.4002716, 43.4226169],
     [21.4006511, 43.422509500000004],
     [21.400779800000002, 43.4224393],
     [21.401176800000002, 43.422474400000006],
     [21.4014236, 43.422532800000006],
     [21.401686400000003, 43.422653600000004],
     [21.4019385, 43.4226692], [21.4021531, 43.422521100000004],
     [21.402201400000003, 43.4224471], [21.4020619, 43.4221939],
     [21.402051200000002, 43.4219406],
     [21.401917100000002, 43.4217068],
     [21.401911700000003, 43.4215237],
     [21.402217500000003, 43.4214575],
     [21.4026788, 43.421317200000004], [21.4029685, 43.4211964],
     [21.403226, 43.421126300000005], [21.403354800000002, 43.4210678],
     [21.4034406, 43.420966500000006],
     [21.403199200000003, 43.420697700000005],
     [21.4031777, 43.4205574], [21.403306500000003, 43.4202847],
     [21.4034781, 43.4201483], [21.4040843, 43.419630100000006],
     [21.4044598, 43.4193457], [21.404470500000002, 43.4191781],
     [21.4044545, 43.419108], [21.4046208, 43.418917],
     [21.4047334, 43.418835200000004], [21.4048085, 43.4186521],
     [21.404652900000002, 43.4186014], [21.404315, 43.4186988],
     [21.4039448, 43.4189677], [21.4037893, 43.4190534],
     [21.4033923, 43.4190807], [21.4031026, 43.419045600000004],
     [21.403032900000003, 43.418940400000004]]}},
  {"type":"Feature",
   "properties":{},
   "geometry":
   {"type":"LineString",
    "coordinates":
    [[21.403032900000003, 43.418940400000004],
     [21.403124100000003, 43.4187378],
     [21.403306500000003, 43.4185352],
     [21.4034835, 43.418387100000004],
     [21.403397700000003, 43.418215700000005],
     [21.4032957, 43.417767600000005], [21.4034513, 43.4172766],
     [21.4039556, 43.4166727], [21.4043794, 43.416209],
     [21.4045349, 43.415881600000006],
     [21.4044598, 43.415725800000004],
     [21.4043686, 43.415651700000005],
     [21.4042238, 43.415620600000004], [21.4040468, 43.4157531],
     [21.403859, 43.4157531], [21.4037088, 43.415651700000005],
     [21.403682, 43.4154374], [21.4037946, 43.4152465],
     [21.4042238, 43.4150283], [21.4045403, 43.414895800000004],
     [21.4047388, 43.414763300000004], [21.4048568, 43.4146386],
     [21.4047817, 43.414342500000004],
     [21.404910400000002, 43.414077500000005],
     [21.4051304, 43.4137579], [21.405167900000002, 43.4135982],
     [21.405066, 43.4134735], [21.404685100000002, 43.4134072],
     [21.4044008, 43.4132553], [21.4043794, 43.4130137],
     [21.4043472, 43.4126435], [21.4044759, 43.412370700000004],
     [21.4043257, 43.4121213], [21.4041916, 43.412152500000005],
     [21.404025100000002, 43.4120536],
     [21.4040624, 43.411870400000005],
     [21.404258600000002, 43.4116397], [21.40438, 43.4114701],
     [21.404314600000003, 43.411219], [21.4039037, 43.4110698],
     [21.403511400000003, 43.411029], [21.4032218, 43.411029],
     [21.4032592, 43.410927300000004], [21.4037355, 43.4106016],
     [21.4036982, 43.410377700000005],
     [21.403418000000002, 43.410045200000006], [21.402951, 43.4098349],
     [21.402773500000002, 43.409611000000005],
     [21.4027081, 43.4091224], [21.4027642, 43.4087696],
     [21.4028856, 43.408627100000004],
     [21.4028949, 43.408430300000006],
     [21.4026895, 43.408301400000006], [21.4023812, 43.4084371],
     [21.4018489, 43.408810300000006], [21.4011017, 43.4091564],
     [21.4003078, 43.408891700000005],
     [21.400214400000003, 43.4087357],
     [21.400046200000002, 43.4080436], [21.3998968, 43.4079757],
     [21.399504500000003, 43.4080029], [21.399215, 43.407826500000006],
     [21.399140300000003, 43.4077179], [21.3989721, 43.4076229],
     [21.398523800000003, 43.407860400000004],
     [21.398399700000002, 43.407856], [21.3981409, 43.4078468],
     [21.3975431, 43.407935], [21.396917300000002, 43.4078807],
     [21.3964503, 43.407738200000004],
     [21.396347600000002, 43.4077179],
     [21.396502700000003, 43.407528400000004],
     [21.3964946, 43.4073926], [21.396372600000003, 43.4073335],
     [21.395966100000003, 43.4073689],
     [21.3955758, 43.407363000000004], [21.39534, 43.407174000000005],
     [21.3952424, 43.4068668], [21.395331900000002, 43.406542],
     [21.395518900000003, 43.406388400000004],
     [21.3958197, 43.406181600000004], [21.3960474, 43.4061285],
     [21.3962994, 43.4060694], [21.396332, 43.4060044],
     [21.3963401, 43.405892200000004], [21.395925400000003, 43.40565],
     [21.395852, 43.4056068], [21.3957547, 43.4055496],
     [21.3957547, 43.4053842],
     [21.396144900000003, 43.405053300000006], [21.3960392, 43.404823],
     [21.3957628, 43.4046162], [21.395673300000002, 43.404439],
     [21.3955433, 43.4042972]]}},
  {"type":"Feature",
   "properties":{},
   "geometry":
   {"type":"LineString",
    "coordinates":
    [[21.440215300000002, 43.3931136], [21.4398911, 43.3933164],
     [21.439609, 43.393469200000006], [21.4393588, 43.393542700000005],
     [21.4392417, 43.393714900000006],
     [21.438658800000002, 43.393885100000006],
     [21.438408600000002, 43.394063], [21.438094500000002, 43.3941481],
     [21.4378549, 43.3943415], [21.4375834, 43.394473000000005],
     [21.4372188, 43.3947554], [21.4368169, 43.3950049],
     [21.4366252, 43.3951635], [21.4363484, 43.3952892],
     [21.4361807, 43.3954265], [21.4361435, 43.3954381],
     [21.4359758, 43.395571600000004], [21.4357948, 43.3957727],
     [21.4353476, 43.396204000000004], [21.435313, 43.3962176],
     [21.435169300000002, 43.3963916],
     [21.435166600000002, 43.396416800000004],
     [21.435012200000003, 43.3965483],
     [21.4348499, 43.396652700000004],
     [21.434668900000002, 43.396687500000006],
     [21.4340647, 43.3970144], [21.4337692, 43.397144000000004],
     [21.433609500000003, 43.3973316],
     [21.4334418, 43.397410900000004], [21.4332475, 43.3976004],
     [21.4329867, 43.3977358], [21.4327125, 43.3978209],
     [21.4324011, 43.397842100000005], [21.431749, 43.397884700000006],
     [21.4311474, 43.397950400000006],
     [21.4306071, 43.398020100000004], [21.4304394, 43.3980046],
     [21.4303037, 43.3980027], [21.4302478, 43.398022000000005],
     [21.4299177, 43.3980471], [21.4295131, 43.398051],
     [21.4289568, 43.398085800000004], [21.4285789, 43.3981671],
     [21.4282754, 43.3980936], [21.4278602, 43.398043300000005],
     [21.427429, 43.398010400000004], [21.4271016, 43.398087800000006],
     [21.4267556, 43.398141900000006],
     [21.426409600000003, 43.3979524],
     [21.4260689, 43.397927200000005],
     [21.4256537, 43.398056800000006],
     [21.4249882, 43.398192200000004], [21.4249297, 43.3981999],
     [21.424400000000002, 43.3981226],
     [21.423825100000002, 43.3979737], [21.423314, 43.397759],
     [21.422821600000002, 43.3977512], [21.422475600000002, 43.397817],
     [21.422126900000002, 43.3977938],
     [21.421711700000003, 43.397689400000004],
     [21.4211181, 43.3976526], [21.4205991, 43.397743500000004],
     [21.4202185, 43.3976971], [21.4195424, 43.3974689],
     [21.4190979, 43.3974418], [21.4185602, 43.397507600000004],
     [21.4181344, 43.397476600000005],
     [21.417820300000002, 43.3972136], [21.4175089, 43.3967436],
     [21.417221400000003, 43.3966179],
     [21.4169898, 43.396708800000006],
     [21.416611900000003, 43.3969041],
     [21.416066200000003, 43.3972445],
     [21.4151665, 43.397637100000004],
     [21.4148684, 43.397733800000005],
     [21.414469200000003, 43.397743500000004],
     [21.414067300000003, 43.397840200000005],
     [21.413588200000003, 43.3978982], [21.4127604, 43.3976429],
     [21.412108200000002, 43.397339300000006],
     [21.411826100000003, 43.3969796],
     [21.411727600000003, 43.396590800000006],
     [21.411536, 43.396140200000005], [21.411116, 43.3958385],
     [21.4106816, 43.3956177], [21.410359, 43.395230500000004],
     [21.410186500000002, 43.3946084],
     [21.409811700000002, 43.3939755], [21.4095823, 43.393622],
     [21.408922200000003, 43.3935988],
     [21.4087146, 43.393424700000004],
     [21.4084511, 43.393424700000004],
     [21.408326000000002, 43.3934828],
     [21.408075800000002, 43.3935234], [21.4075834, 43.3935388],
     [21.4072427, 43.393540800000004],
     [21.406627800000003, 43.393413100000004],
     [21.4064681, 43.3933957], [21.4061221, 43.3933996],
     [21.4058719, 43.3934189], [21.4056339, 43.393540800000004],
     [21.405197100000002, 43.394080200000005],
     [21.4048489, 43.394885200000004], [21.4045719, 43.3952382],
     [21.404333, 43.3953578], [21.4040892, 43.3954165],
     [21.403798000000002, 43.3954418],
     [21.403269400000003, 43.395529200000006],
     [21.402645800000002, 43.395478600000004],
     [21.4015823, 43.3954682], [21.4007292, 43.3955476],
     [21.4002418, 43.395655700000006],
     [21.3998509, 43.395740800000006],
     [21.399827100000003, 43.395753400000004],
     [21.399439400000002, 43.3959363],
     [21.399092800000002, 43.3960352],
     [21.398804700000003, 43.396004100000006],
     [21.3985357, 43.396005300000006], [21.3982429, 43.3960524],
     [21.3980007, 43.3962249], [21.3978757, 43.396624],
     [21.397711100000002, 43.3969], [21.397535400000002, 43.3971346],
     [21.397196700000002, 43.397199],
     [21.396642800000002, 43.397190900000005],
     [21.3964228, 43.397235800000004],
     [21.395542900000002, 43.397285200000006],
     [21.395205800000003, 43.397391000000006],
     [21.395107600000003, 43.397550900000006],
     [21.395085700000003, 43.3977201], [21.3951108, 43.3978161],
     [21.3952831, 43.3979541], [21.395411300000003, 43.3981596],
     [21.3954422, 43.3984133], [21.3955306, 43.398567400000005],
     [21.395703, 43.3987537], [21.3958355, 43.3988115],
     [21.3960256, 43.3990202],
     [21.396012300000002, 43.399354200000005],
     [21.3960256, 43.399537200000005],
     [21.396078600000003, 43.3997459],
     [21.396202300000002, 43.399916100000006],
     [21.3962952, 43.400134400000006], [21.3962907, 43.4003656],
     [21.3962642, 43.400545400000006],
     [21.3962289, 43.400783100000005], [21.3960653, 43.4010496],
     [21.3958765, 43.401224400000004],
     [21.395676400000003, 43.401341800000004],
     [21.395619, 43.401547300000004], [21.3955218, 43.401685300000004],
     [21.395482, 43.401836200000005],
     [21.395477600000003, 43.402122000000006],
     [21.395592500000003, 43.4024816],
     [21.395870900000002, 43.402693500000005], [21.396083, 43.4027995],
     [21.396060900000002, 43.403014600000006],
     [21.395897400000003, 43.4034385], [21.395672, 43.4036247],
     [21.3955571, 43.4038398], [21.3955439, 43.4039682],
     [21.3955881, 43.404157700000006], [21.3955433, 43.4042972]]}},
  {"type":"Feature",
   "properties":{},
   "geometry":
   {"type":"LineString",
    "coordinates":
    [[21.580296200000003, 43.3576944],
     [21.580069400000003, 43.3577972],
     [21.579835300000003, 43.358063800000004], [21.578837, 43.3588703],
     [21.5783317, 43.359246600000006],
     [21.5780543, 43.359421700000006],
     [21.577863400000002, 43.3595423], [21.577506, 43.3597484],
     [21.5772194, 43.3598104],
     [21.576960800000002, 43.359815700000006],
     [21.5767665, 43.359766300000004],
     [21.576467100000002, 43.3596872],
     [21.576199600000002, 43.3595154], [21.5758915, 43.3591659],
     [21.575669700000002, 43.358906100000006],
     [21.5753862, 43.3586821], [21.5751151, 43.3584222],
     [21.5748809, 43.3582699], [21.5746837, 43.358225100000006],
     [21.5743756, 43.358252], [21.5741784, 43.358296800000005],
     [21.5739112, 43.358356900000004], [21.573643, 43.358392],
     [21.5732943, 43.3584466], [21.5731602, 43.358470000000004],
     [21.573069, 43.358450500000004], [21.573031500000003, 43.3583998],
     [21.573015400000003, 43.3582516],
     [21.5730368, 43.358103400000005], [21.5730529, 43.3579669],
     [21.573004700000002, 43.3577991], [21.5729349, 43.3576665],
     [21.5727954, 43.357549500000005],
     [21.572607700000002, 43.3573935], [21.5723448, 43.3571946],
     [21.572124900000002, 43.357089300000005],
     [21.5719318, 43.3570347], [21.571668900000002, 43.3570152],
     [21.571449, 43.3570191], [21.571170000000002, 43.3570386],
     [21.570993, 43.3570386], [21.5707677, 43.3569723],
     [21.5707248, 43.3568474],
     [21.570730100000002, 43.356683600000004],
     [21.570746200000002, 43.356434], [21.570730100000002, 43.3563131],
     [21.5706604, 43.356196100000005], [21.5705531, 43.3560947],
     [21.5704619, 43.356036200000005],
     [21.5703761, 43.355942500000005], [21.5702742, 43.3558372],
     [21.5701669, 43.3557475], [21.5700328, 43.3556929],
     [21.5698879, 43.355614900000006], [21.5697806, 43.3555603],
     [21.5697806, 43.3554667], [21.5698557, 43.355377000000004],
     [21.569989900000003, 43.3552951],
     [21.5700918, 43.355256100000005], [21.5702742, 43.355178],
     [21.5704458, 43.3551039], [21.570596000000002, 43.3550649],
     [21.5707194, 43.3550142],
     [21.570837400000002, 43.354936200000004],
     [21.570875, 43.354834800000006], [21.570934, 43.3547139],
     [21.570912500000002, 43.3545383], [21.5709072, 43.3543862],
     [21.5708482, 43.354195100000005],
     [21.570821300000002, 43.354015700000005],
     [21.5707516, 43.3538518], [21.5706819, 43.353766],
     [21.5706068, 43.3536373],
     [21.570488700000002, 43.353528100000005],
     [21.5703654, 43.3534852], [21.5701883, 43.353434500000006],
     [21.5699523, 43.3534267], [21.5697699, 43.353454],
     [21.5696358, 43.353508600000005],
     [21.569507100000003, 43.3536061],
     [21.569415900000003, 43.353781600000005],
     [21.5693676, 43.353929900000004],
     [21.5692817, 43.354062500000005],
     [21.569158400000003, 43.3541639], [21.5688794, 43.3543472],
     [21.568697, 43.354487600000006], [21.5684878, 43.354632],
     [21.568267900000002, 43.3547607],
     [21.568026500000002, 43.354869900000004],
     [21.5677422, 43.3549713], [21.5675437, 43.3550649],
     [21.567404200000002, 43.355178], [21.5671521, 43.3553926],
     [21.566846100000003, 43.3557682], [21.5664923, 43.3560713],
     [21.5662133, 43.356317000000004],
     [21.565950400000002, 43.3565276], [21.5655481, 43.3568006],
     [21.565414, 43.356917700000004], [21.5653121, 43.3569918],
     [21.565194100000003, 43.3570152], [21.5651082, 43.3570191],
     [21.565011700000003, 43.356984000000004],
     [21.5649044, 43.356929400000006], [21.564743500000002, 43.356824],
     [21.5645181, 43.3566329], [21.564196300000003, 43.3562741],
     [21.563981700000003, 43.3560791],
     [21.563799300000003, 43.355934700000006],
     [21.563488200000002, 43.355809900000004],
     [21.563273600000002, 43.3557709],
     [21.563064400000002, 43.3557982],
     [21.562924900000002, 43.3558372],
     [21.562769300000003, 43.355934700000006],
     [21.5626299, 43.3560986],
     [21.562501100000002, 43.356297500000004],
     [21.5623992, 43.3564808], [21.5623134, 43.356636800000004],
     [21.5622705, 43.3567772], [21.5621632, 43.3568943],
     [21.5620291, 43.356976200000005],
     [21.561744700000002, 43.357003500000005],
     [21.561503300000002, 43.356995700000006],
     [21.561278, 43.356909900000005], [21.561063500000003, 43.3567655],
     [21.5608328, 43.3566251], [21.560586, 43.3564925],
     [21.5602266, 43.356328700000006], [21.5599047, 43.3562078],
     [21.559593600000003, 43.3561142],
     [21.559384400000003, 43.3561142], [21.5591645, 43.3561337],
     [21.5589982, 43.3561649], [21.5588748, 43.356168800000006],
     [21.5587407, 43.3561415], [21.5586227, 43.356063500000005],
     [21.558504600000003, 43.3559542],
     [21.5583652, 43.355868400000006], [21.558215, 43.355821600000006],
     [21.5580004, 43.355802100000005], [21.5576785, 43.3558138],
     [21.5573191, 43.355887900000006],
     [21.5570831, 43.356016600000004], [21.5569168, 43.3561532],
     [21.5568202, 43.356297500000004], [21.556729, 43.3564613],
     [21.5566539, 43.356601700000006],
     [21.556541300000003, 43.3566914],
     [21.556375000000003, 43.356749900000004],
     [21.556224800000003, 43.356730400000004],
     [21.5560531, 43.3566719], [21.5559404, 43.3566056],
     [21.555817100000002, 43.3565588],
     [21.555634700000002, 43.3565315],
     [21.555361100000002, 43.3565081],
     [21.555130400000003, 43.3564847], [21.554878300000002, 43.356434],
     [21.5546744, 43.356473], [21.5544867, 43.356554900000006],
     [21.554390100000003, 43.3566602], [21.5541112, 43.3571049],
     [21.5539717, 43.357389600000005],
     [21.553848300000002, 43.357588500000006],
     [21.5537142, 43.3577328], [21.553515700000002, 43.3578576],
     [21.5533226, 43.3579414], [21.5532368, 43.3579786],
     [21.5529364, 43.3580137], [21.552239, 43.3580332],
     [21.5516757, 43.3580254], [21.551273400000003, 43.35808],
     [21.5509033, 43.358158], [21.5507852, 43.3581658],
     [21.5505599, 43.358161900000006],
     [21.550275600000003, 43.358122900000005],
     [21.550125400000002, 43.358076100000005],
     [21.5496802, 43.3579552], [21.5493905, 43.3578342],
     [21.5491598, 43.3577445],
     [21.548886200000002, 43.357662600000005],
     [21.5486663, 43.357608000000006],
     [21.548462400000002, 43.3575183],
     [21.5481728, 43.357350600000004],
     [21.547872400000003, 43.3571985], [21.547588, 43.357116600000005],
     [21.5473091, 43.3570854], [21.5470462, 43.357089300000005],
     [21.546724400000002, 43.357108800000006],
     [21.546418600000003, 43.357182900000005],
     [21.545984100000002, 43.357315500000006],
     [21.5454423, 43.357510500000004],
     [21.545190100000003, 43.357615800000005],
     [21.5449541, 43.3576782], [21.5446537, 43.3576782],
     [21.5442621, 43.3576587], [21.5438705, 43.357635300000005],
     [21.5433823, 43.3576509], [21.5429746, 43.3577328],
     [21.542609900000002, 43.3579864], [21.5423577, 43.3582594],
     [21.542180700000003, 43.3584739], [21.5417998, 43.358938],
     [21.5415531, 43.359261800000006], [21.5413278, 43.3595738],
     [21.541081000000002, 43.359917], [21.5408772, 43.360147100000006],
     [21.540716200000002, 43.3602914], [21.5405982, 43.360346],
     [21.5404105, 43.360334300000005], [21.5402066, 43.3602563],
     [21.5401369, 43.3601432], [21.5400028, 43.360034000000006],
     [21.5398847, 43.3599794], [21.5397506, 43.359956000000004],
     [21.5396058, 43.3599911], [21.539477, 43.3600379],
     [21.5384846, 43.3605839], [21.5383505, 43.3606307],
     [21.538178900000002, 43.360634600000004],
     [21.5380447, 43.3605995], [21.5378945, 43.360533200000006],
     [21.537792600000003, 43.3604513],
     [21.537497600000002, 43.360275800000004], [21.5373366, 43.36019],
     [21.5370309, 43.360088600000005],
     [21.536827000000002, 43.360080800000006],
     [21.5365052, 43.3600925], [21.536220800000002, 43.3601393],
     [21.5358722, 43.3602095],
     [21.535754100000002, 43.360229000000004],
     [21.5352177, 43.3603265], [21.534928, 43.3603928],
     [21.5346598, 43.3604903],
     [21.534166300000003, 43.360700900000005],
     [21.533935600000003, 43.3608843], [21.53378, 43.3610793],
     [21.5335815, 43.3613328],
     [21.533458200000002, 43.361586300000006],
     [21.5334045, 43.3618164], [21.533291900000002, 43.3620582],
     [21.5332221, 43.362378], [21.5330988, 43.362666600000004],
     [21.532986100000002, 43.362904500000006],
     [21.532723200000003, 43.363197], [21.532455000000002, 43.3634271],
     [21.532304800000002, 43.3635831],
     [21.531972200000002, 43.3637664], [21.5317791, 43.3638405],
     [21.5314358, 43.3639068], [21.5310817, 43.3639224],
     [21.5307438, 43.3639731], [21.5304219, 43.363996500000006],
     [21.530051800000003, 43.3639926],
     [21.5297138, 43.363891200000005], [21.5294241, 43.3637079],
     [21.529161300000002, 43.363551900000004],
     [21.528887700000002, 43.3634076],
     [21.5285444, 43.363317900000006], [21.5281957, 43.3632633],
     [21.5279275, 43.3632633], [21.527675300000002, 43.3632555],
     [21.5274876, 43.363236], [21.5273481, 43.363204800000005],
     [21.527155, 43.363197], [21.5269297, 43.3632204],
     [21.5267044, 43.3632633], [21.5263932, 43.363364700000005],
     [21.525937300000002, 43.363563600000006],
     [21.525572500000003, 43.363844400000005],
     [21.525422300000002, 43.363965300000004],
     [21.525213100000002, 43.3641057], [21.5249609, 43.3642422],
     [21.5247034, 43.364351400000004], [21.524333300000002, 43.364562],
     [21.5240382, 43.3647531], [21.5238666, 43.3649208],
     [21.523759300000002, 43.3650924], [21.5236896, 43.3652601],
     [21.5236091, 43.3654395], [21.5235555, 43.3655409],
     [21.5232336, 43.3657905], [21.522901, 43.3659777],
     [21.522563, 43.3661921], [21.5220802, 43.366453400000005],
     [21.5217959, 43.3666094], [21.5214794, 43.3667342],
     [21.5211951, 43.3668356], [21.520776700000003, 43.3669487],
     [21.5203583, 43.367046200000004], [21.5199935, 43.3670696],
     [21.519553600000002, 43.3670891],
     [21.519204900000002, 43.3671437],
     [21.5187382, 43.367198300000005], [21.5183037, 43.3671905],
     [21.5180998, 43.367112500000005],
     [21.5178155, 43.366933100000004],
     [21.5175634, 43.366726400000005], [21.5173703, 43.3665704],
     [21.5171664, 43.366352000000006], [21.5170591, 43.3661843],
     [21.516860700000002, 43.3659933], [21.5167265, 43.3658256],
     [21.516554900000003, 43.365735900000004],
     [21.5162437, 43.3656579],
     [21.515954100000002, 43.365661800000005], [21.5155196, 43.365693],
     [21.5152299, 43.3657788],
     [21.514934800000002, 43.365841200000006],
     [21.514344700000002, 43.365981600000005],
     [21.5138459, 43.366106300000006],
     [21.5133523, 43.366227200000004],
     [21.5130358, 43.366313000000005],
     [21.5127837, 43.366387100000004],
     [21.512381400000002, 43.3664417],
     [21.5118288, 43.366586000000005],
     [21.511308500000002, 43.3667381], [21.5107506, 43.3669682],
     [21.5101176, 43.3672295],
     [21.509072800000002, 43.367574700000006],
     [21.5089374, 43.3676195],
     [21.508551200000003, 43.367810500000004],
     [21.5083151, 43.367962600000006],
     [21.508020100000003, 43.368188800000006],
     [21.507719700000003, 43.3683448], [21.5072905, 43.368532],
     [21.506920400000002, 43.368769900000004],
     [21.506512700000002, 43.3690584],
     [21.506239100000002, 43.369233900000005],
     [21.5057349, 43.369440600000004],
     [21.505450500000002, 43.3694952],
     [21.5048122, 43.369506900000005], [21.5043991, 43.3695147],
     [21.5040182, 43.369503], [21.5036105, 43.369440600000004],
     [21.503165300000003, 43.3694718],
     [21.5026289, 43.369467900000004],
     [21.502226500000003, 43.369452300000006],
     [21.5018832, 43.3694094],
     [21.501802700000002, 43.369393800000005],
     [21.5014088, 43.369475300000005],
     [21.5007339, 43.369729500000005],
     [21.500164700000003, 43.369983700000006],
     [21.4997988, 43.370261500000005],
     [21.4995061, 43.370432900000004], [21.4992297, 43.3705452],
     [21.499124000000002, 43.3707225], [21.499002, 43.370958900000005],
     [21.499091500000002, 43.3712012], [21.4990752, 43.3713549],
     [21.4989126, 43.371490900000005],
     [21.498766200000002, 43.3714968],
     [21.4985304, 43.371408100000004],
     [21.498319000000002, 43.3712899],
     [21.498123900000003, 43.3711658], [21.4976929, 43.3711008],
     [21.4972132, 43.3710417],
     [21.496570900000002, 43.370941200000004],
     [21.4962294, 43.3708821],
     [21.495863500000002, 43.370917500000004],
     [21.495562600000003, 43.370917500000004],
     [21.4951723, 43.3709057], [21.494928400000003, 43.3707816],
     [21.4946926, 43.3706929], [21.4943186, 43.370752],
     [21.494009600000002, 43.370823], [21.4936031, 43.370953],
     [21.4932616, 43.371106700000006], [21.4930339, 43.3712899],
     [21.4928388, 43.3713963], [21.492448500000002, 43.3715381],
     [21.492058200000002, 43.3716327],
     [21.4916598, 43.371745000000004], [21.4915378, 43.37181],
     [21.4913589, 43.372040500000004], [21.491237, 43.3722829],
     [21.4910256, 43.372548800000004],
     [21.4908223, 43.372696600000005], [21.4905458, 43.3728266],
     [21.4903438, 43.3728349], [21.490139300000003, 43.3728266],
     [21.4900173, 43.3728148], [21.489822200000003, 43.3727261],
     [21.4895132, 43.372525200000005],
     [21.489147300000003, 43.3723479],
     [21.488862700000002, 43.3722178], [21.4885294, 43.3721351],
     [21.4883424, 43.3721528], [21.488074, 43.372294700000005],
     [21.487708100000003, 43.372572500000004],
     [21.4871471, 43.373009800000005],
     [21.486911300000003, 43.3733054], [21.4867162, 43.3737013],
     [21.486456, 43.373967300000004], [21.4861551, 43.3741269],
     [21.485651, 43.3742274], [21.4850087, 43.374316],
     [21.4845046, 43.3743928], [21.4841468, 43.3744047],
     [21.4836671, 43.374345600000005], [21.4831711, 43.3743337],
     [21.4829028, 43.374363300000006],
     [21.4825287, 43.374517000000004],
     [21.4822442, 43.374765200000006],
     [21.481902700000003, 43.375084300000005],
     [21.481577400000003, 43.3753976],
     [21.481203400000002, 43.375758100000006], [21.4809676, 43.376024],
     [21.4807725, 43.376207300000004],
     [21.480406600000002, 43.376414100000005],
     [21.4800651, 43.3765737], [21.4796179, 43.3768101],
     [21.4792682, 43.3769283], [21.4788536, 43.377022800000006],
     [21.4784404, 43.377113900000005],
     [21.478131400000002, 43.3771532],
     [21.477723400000002, 43.3772533], [21.4773493, 43.3774779],
     [21.4769916, 43.377808900000005],
     [21.4766419, 43.378210700000004], [21.4764738, 43.3786141],
     [21.476284200000002, 43.379097200000004], [21.4759518, 43.379702],
     [21.475593, 43.3802023], [21.4753979, 43.3804742],
     [21.4752028, 43.3807046], [21.4748775, 43.380881900000006],
     [21.4747708, 43.3809344], [21.4745035, 43.3810001],
     [21.474201400000002, 43.381046500000004],
     [21.4737505, 43.381107300000004],
     [21.4732825, 43.381193200000006],
     [21.4729753, 43.381260600000005], [21.4725268, 43.3813909],
     [21.4723343, 43.381425400000005],
     [21.4721806, 43.381395700000006],
     [21.471984900000002, 43.381322600000004],
     [21.471812200000002, 43.3812538],
     [21.4716786, 43.381243700000006], [21.4715841, 43.3812852],
     [21.4715269, 43.381367100000006], [21.4715208, 43.3814201],
     [21.4715926, 43.3815261], [21.471854800000003, 43.3816628],
     [21.472072700000002, 43.3818234],
     [21.472308100000003, 43.3819516], [21.4725927, 43.3820993],
     [21.4733164, 43.382501100000006],
     [21.4737148, 43.382713900000006], [21.4740644, 43.3828557],
     [21.4744303, 43.3829562], [21.4746637, 43.382998900000004],
     [21.474833, 43.3829633], [21.4749969, 43.3828965],
     [21.4753654, 43.3826784], [21.4756906, 43.3824302],
     [21.4758776, 43.3822825], [21.4760484, 43.382211600000005],
     [21.4763167, 43.382052], [21.4764693, 43.3819395],
     [21.476601300000002, 43.381857000000004],
     [21.476755800000003, 43.381792000000004],
     [21.4769103, 43.3817565], [21.4769875, 43.381778600000004],
     [21.4770456, 43.381833400000005], [21.477065900000003, 43.381919],
     [21.4770647, 43.3820047], [21.4770241, 43.382182],
     [21.476056500000002, 43.383228], [21.475666200000003, 43.3836062],
     [21.4751784, 43.384143900000005], [21.4750483, 43.384203],
     [21.474771800000003, 43.384273900000004],
     [21.474519800000003, 43.384273900000004],
     [21.474202700000003, 43.3842858], [21.4738286, 43.3843862],
     [21.4734953, 43.384587100000005], [21.4731294, 43.3847467],
     [21.472706600000002, 43.3848708], [21.4724545, 43.3848944],
     [21.472218700000003, 43.3848708], [21.4719179, 43.3847703],
     [21.4717878, 43.384723], [21.4715682, 43.384675800000004],
     [21.4714381, 43.384664], [21.4713162, 43.3846167],
     [21.4711779, 43.3845576], [21.4710885, 43.384504400000004],
     [21.470917800000002, 43.3844926], [21.4707551, 43.3844749],
     [21.4705844, 43.3844276], [21.470519300000003, 43.3844099],
     [21.4704136, 43.3843508], [21.4702348, 43.3843271],
     [21.4700071, 43.3843271],
     [21.469755000000003, 43.384398000000004],
     [21.4694705, 43.384457100000006],
     [21.4692265, 43.384504400000004],
     [21.468933800000002, 43.3844749], [21.4681207, 43.3841794],
     [21.4677304, 43.384019800000004],
     [21.4675353, 43.383954800000005], [21.4673076, 43.3840317],
     [21.4671531, 43.3840908], [21.466771, 43.384167600000005],
     [21.4664864, 43.3841971], [21.466185600000003, 43.3843271],
     [21.4659741, 43.384463000000004],
     [21.465714000000002, 43.384504400000004],
     [21.4654375, 43.384463000000004], [21.4651123, 43.3844276],
     [21.464648800000003, 43.3843449],
     [21.4644374, 43.384291700000006], [21.4638764, 43.3842799],
     [21.4634617, 43.3842799], [21.4631446, 43.3842267],
     [21.462925000000002, 43.384167600000005], [21.462551, 43.3841558],
     [21.462323400000002, 43.384185300000006],
     [21.4620794, 43.384208900000004], [21.4618924, 43.3841085],
     [21.4618518, 43.3839903], [21.461876200000003, 43.3838426],
     [21.4618924, 43.3836298], [21.461933100000003, 43.383488],
     [21.461946, 43.3834638], [21.462030600000002, 43.383304800000005],
     [21.462055000000003, 43.383133400000006],
     [21.462030600000002, 43.3830803], [21.4619575, 43.3831098],
     [21.4619249, 43.3832103], [21.4618518, 43.383328500000005],
     [21.4617298, 43.383423], [21.4615997, 43.383553000000006],
     [21.4613802, 43.3837362], [21.461201300000003, 43.3839194],
     [21.4610631, 43.3840967], [21.4608761, 43.3843685],
     [21.4606646, 43.3845339], [21.4604614, 43.384652100000004],
     [21.4602581, 43.3847408], [21.459794600000002, 43.3850185],
     [21.459510100000003, 43.385113100000005],
     [21.4591198, 43.3851662], [21.4586726, 43.385237100000005],
     [21.4582254, 43.385325800000004],
     [21.457753800000003, 43.3854321],
     [21.457265900000003, 43.385574000000005],
     [21.4568106, 43.3857335], [21.456534100000002, 43.385834],
     [21.4563796, 43.385828100000005], [21.4562497, 43.3857653],
     [21.4560286, 43.3856673],
     [21.455207400000003, 43.385419000000006],
     [21.4545339, 43.385178100000005],
     [21.453850900000003, 43.384900300000005],
     [21.453119100000002, 43.3845753],
     [21.4524931, 43.384380300000004],
     [21.452354800000002, 43.3843508], [21.4521516, 43.3844276],
     [21.4515987, 43.3847703], [21.450696100000002, 43.3854971],
     [21.4504115, 43.3858162], [21.4501026, 43.3860821],
     [21.449582200000002, 43.386472100000006],
     [21.4491675, 43.3869212], [21.448557700000002, 43.3875949],
     [21.4482894, 43.3878962], [21.4479641, 43.388114800000004],
     [21.447630800000002, 43.388321700000006],
     [21.4472649, 43.388510700000005],
     [21.446899000000002, 43.3887057], [21.4465656, 43.3888003],
     [21.4462404, 43.3888416], [21.445801300000003, 43.3888771],
     [21.4455655, 43.3889007],
     [21.445240300000002, 43.388953900000004],
     [21.445012600000002, 43.3890189],
     [21.4447361, 43.389036600000004],
     [21.444337700000002, 43.389036600000004],
     [21.443988100000002, 43.3889421], [21.443736, 43.3888416],
     [21.443451500000002, 43.388764800000004],
     [21.443126200000002, 43.388758900000006],
     [21.4425327, 43.388788500000004],
     [21.442288700000002, 43.3888121], [21.442118, 43.3888771],
     [21.4420204, 43.389013000000006],
     [21.4419554, 43.389184300000004],
     [21.4418903, 43.389391100000005],
     [21.441841500000002, 43.3895271],
     [21.4417277, 43.389663000000006],
     [21.4415488, 43.389810700000005],
     [21.4414187, 43.389917000000004],
     [21.441304900000002, 43.390023400000004],
     [21.441304900000002, 43.3901356], [21.4413781, 43.3902538],
     [21.441491900000003, 43.3904074],
     [21.441565100000002, 43.3905611],
     [21.441565100000002, 43.3907265], [21.4415488, 43.3909156],
     [21.4415082, 43.3910988],
     [21.441394300000002, 43.391317400000005],
     [21.441264200000003, 43.391536], [21.441044700000003, 43.3918137],
     [21.440857700000002, 43.3920619], [21.4405894, 43.3924164],
     [21.4404267, 43.392658600000004], [21.4402641, 43.3929422],
     [21.440215300000002, 43.3931136]]}},
  {"type":"Feature",
   "properties":{},
   "geometry":
   {"type":"LineString",
    "coordinates":
    [[21.6003425, 43.363433400000005], [21.6002084, 43.3631809],
     [21.599929500000002, 43.362798700000006],
     [21.599891900000003, 43.3626973],
     [21.599784600000003, 43.362213700000005],
     [21.599516400000002, 43.3619992], [21.5992804, 43.3619524],
     [21.5991956, 43.3620096], [21.599145200000002, 43.3621064],
     [21.599164400000003, 43.362289100000005],
     [21.599215400000002, 43.3625309],
     [21.599180500000003, 43.3626986],
     [21.599094700000002, 43.362874100000006],
     [21.5989016, 43.363061300000005],
     [21.5987192, 43.363248500000005],
     [21.5982793, 43.363700900000005],
     [21.5982105, 43.363759800000004], [21.5981789, 43.3638354],
     [21.598214900000002, 43.364480900000004],
     [21.598290000000002, 43.3646681],
     [21.5983275, 43.365026900000004],
     [21.598365100000002, 43.3651361],
     [21.598695000000003, 43.3656275], [21.5987674, 43.3660585],
     [21.598898900000002, 43.366401700000004],
     [21.598982000000003, 43.3666453],
     [21.598982000000003, 43.3669359],
     [21.5988747, 43.367214700000005], [21.5981998, 43.3679081],
     [21.598146, 43.367981], [21.598138000000002, 43.368023400000006],
     [21.5981522, 43.3680758], [21.5981716, 43.368140700000005],
     [21.5981774, 43.3682056], [21.5981875, 43.3682473],
     [21.598107600000002, 43.3684743],
     [21.598064700000002, 43.368571800000005],
     [21.598012100000002, 43.3686184], [21.5979528, 43.3686388],
     [21.5978931, 43.3686303], [21.5978353, 43.368588800000005],
     [21.5977429, 43.368458700000005],
     [21.5976961, 43.368371200000006],
     [21.5976661, 43.368306000000004],
     [21.5975927, 43.368146700000004],
     [21.597552500000003, 43.368087700000004],
     [21.5975122, 43.368041500000004], [21.5974681, 43.3679999],
     [21.597423900000003, 43.367971000000004],
     [21.597367300000002, 43.367951000000005],
     [21.5973136, 43.3679396], [21.5967002, 43.36784],
     [21.5966324, 43.367832400000005], [21.5965646, 43.3678333],
     [21.5962998, 43.3678621], [21.5962377, 43.367861000000005],
     [21.5961757, 43.367851300000005], [21.5961217, 43.3678364],
     [21.596067700000003, 43.3678104],
     [21.5960371, 43.367780200000006], [21.5960056, 43.3677481],
     [21.5958836, 43.3675779], [21.5957589, 43.367418400000005],
     [21.595640000000003, 43.367195200000005],
     [21.5953905, 43.3668649], [21.595333800000002, 43.3667725],
     [21.5952519, 43.3666422], [21.5951643, 43.366554400000005],
     [21.594955000000002, 43.3663899],
     [21.5946852, 43.366217400000004], [21.5943955, 43.3661169],
     [21.5938778, 43.365946300000004], [21.5935747, 43.3658127],
     [21.5934285, 43.365725000000005],
     [21.593298400000002, 43.365631400000005],
     [21.5931509, 43.3654637], [21.5931234, 43.365395400000004],
     [21.593112, 43.365311600000005], [21.5931482, 43.3651205],
     [21.5932394, 43.364841600000005],
     [21.593285100000003, 43.364579400000004],
     [21.593279600000002, 43.3644965],
     [21.5932207, 43.364416600000006],
     [21.5931295, 43.364360000000005],
     [21.5930517, 43.364340500000004], [21.592793, 43.364367400000006],
     [21.592663, 43.364394100000005],
     [21.592571600000003, 43.364387300000004],
     [21.5923418, 43.3641858], [21.5921424, 43.3638569],
     [21.591648900000003, 43.3635917],
     [21.5913109, 43.363268000000005], [21.5912723, 43.363176],
     [21.591266, 43.363084], [21.5912586, 43.362974],
     [21.591222400000003, 43.3628712], [21.5910534, 43.36272],
     [21.5908255, 43.362631300000004], [21.5907175, 43.3626072],
     [21.590566600000002, 43.362614300000004],
     [21.5904366, 43.3626674], [21.590146800000003, 43.3626401],
     [21.589846400000003, 43.3624997],
     [21.589706900000003, 43.362382700000005],
     [21.589653300000002, 43.3622657],
     [21.5895596, 43.361804400000004], [21.5896051, 43.3614857],
     [21.5895863, 43.3613024], [21.589454800000002, 43.3611737],
     [21.5891759, 43.3609202], [21.5890311, 43.360799300000004],
     [21.588877, 43.3607026], [21.5887736, 43.3606667],
     [21.5885536, 43.360725200000005], [21.5881513, 43.3611737],
     [21.587765, 43.3614389], [21.5873573, 43.3616261],
     [21.5871482, 43.361669000000006],
     [21.5867869, 43.361717600000006],
     [21.5866063, 43.361731400000004],
     [21.586338100000003, 43.361676800000005],
     [21.5860269, 43.361431100000004],
     [21.585796300000002, 43.3611737],
     [21.585490500000002, 43.3610021], [21.5851364, 43.360889],
     [21.5849863, 43.3607096], [21.5849541, 43.3602688],
     [21.5849112, 43.3600192], [21.5847181, 43.359832000000004],
     [21.5843533, 43.359754], [21.5840527, 43.3596324],
     [21.5837578, 43.359352300000005], [21.5835164, 43.3590676],
     [21.5830926, 43.3588492], [21.5828351, 43.3587672],
     [21.5827636, 43.3587263], [21.5826742, 43.3586502],
     [21.5825938, 43.358517600000006],
     [21.5824435, 43.358338200000006], [21.5822799, 43.3582582],
     [21.5821378, 43.358229], [21.5818996, 43.358240900000006],
     [21.581672700000002, 43.3583188], [21.581534, 43.3583468],
     [21.5813676, 43.3583413], [21.581214900000003, 43.3583024],
     [21.581108500000003, 43.358216500000005],
     [21.5809184, 43.3579592], [21.580704, 43.357801800000004],
     [21.580413800000002, 43.357690500000004],
     [21.580296200000003, 43.3576944]]}},
  {"type":"Feature",
   "properties":{},
   "geometry":
   {"type":"LineString",
    "coordinates":
    [[21.6003425, 43.363433400000005], [21.6002921, 43.3635479],
     [21.6002858, 43.363623600000004],
     [21.6003322, 43.363688800000006], [21.6004188, 43.3637335],
     [21.600846100000002, 43.363716700000005],
     [21.6011151, 43.3636807], [21.6013911, 43.3636293],
     [21.6017097, 43.3636756], [21.6017946, 43.3637785],
     [21.6019362, 43.3639329], [21.602007, 43.3640976],
     [21.6020565, 43.364288], [21.6021061, 43.364447500000004],
     [21.6022193, 43.364581300000005],
     [21.602396300000002, 43.3646224], [21.602644, 43.3645864],
     [21.6028847, 43.3645195], [21.6030263, 43.364483500000006],
     [21.6032103, 43.3644784], [21.603429700000003, 43.3645092],
     [21.6036562, 43.364591600000004],
     [21.603720000000003, 43.3647768],
     [21.6037554, 43.365080400000004], [21.6037626, 43.3656464],
     [21.6037201, 43.365981000000005], [21.6037342, 43.3662125],
     [21.603889900000002, 43.366810400000006], [21.6041235, 43.36715],
     [21.604442000000002, 43.367556400000005],
     [21.604583700000003, 43.3677623],
     [21.604788900000003, 43.368076200000004],
     [21.605107200000003, 43.3684054],
     [21.6055461, 43.368745700000005],
     [21.6058576, 43.368843500000004], [21.6061337, 43.3688384],
     [21.606402600000003, 43.3688281],
     [21.6066362, 43.368853800000004], [21.6067849, 43.3689825],
     [21.6070609, 43.369234600000006],
     [21.607301600000003, 43.3695691], [21.6074927, 43.3697183],
     [21.607613100000002, 43.369913800000006],
     [21.607875, 43.370135100000006], [21.6079811, 43.3702534],
     [21.6080165, 43.3704078],
     [21.608115100000003, 43.370694500000006],
     [21.608313300000002, 43.3709981],
     [21.608582300000002, 43.3711731], [21.6089398, 43.3714509],
     [21.6092972, 43.3717519], [21.6096688, 43.372271600000005],
     [21.609619300000002, 43.3725649],
     [21.6095839, 43.373007400000006],
     [21.609516600000003, 43.373305800000004],
     [21.609400700000002, 43.3739068],
     [21.609582200000002, 43.3743593], [21.6101615, 43.3754823],
     [21.610365700000003, 43.3760477],
     [21.611209600000002, 43.376870200000006],
     [21.6115068, 43.3774364], [21.6118138, 43.3782117],
     [21.611919800000003, 43.3783261],
     [21.612279400000002, 43.378482600000005],
     [21.613156500000002, 43.3799737],
     [21.613573300000002, 43.3806895],
     [21.613723500000003, 43.381069600000004],
     [21.6134875, 43.3819663], [21.6135196, 43.382169100000006],
     [21.613616200000003, 43.382309400000004],
     [21.613905900000002, 43.3828241],
     [21.613873700000003, 43.3830424],
     [21.613584000000003, 43.3833933], [21.6133856, 43.3836935],
     [21.6133318, 43.3839995], [21.6133829, 43.3841399],
     [21.613463300000003, 43.3841964]]}},
  {"type":"Feature",
   "properties":{},
   "geometry":
   {"type":"LineString",
    "coordinates":
    [[21.613463300000003, 43.3841964],
     [21.613658100000002, 43.384258800000005],
     [21.6142708, 43.384154800000005], [21.615162, 43.3842136],
     [21.615740600000002, 43.3843326],
     [21.616286300000002, 43.384451600000006],
     [21.616722900000003, 43.384435700000004],
     [21.6172687, 43.3845468],
     [21.617803600000002, 43.384634000000005],
     [21.6187314, 43.384618200000006],
     [21.6192771, 43.384594400000005], [21.6195282, 43.3846737],
     [21.620092500000002, 43.3849145],
     [21.6205433, 43.385284500000004],
     [21.620621800000002, 43.385448600000004],
     [21.620969000000002, 43.3857605], [21.6213292, 43.3864268],
     [21.6213292, 43.3867362], [21.621787700000002, 43.3872201],
     [21.6220606, 43.387521500000005],
     [21.622355300000002, 43.3876167],
     [21.622912000000003, 43.3876088],
     [21.623501400000002, 43.387529400000005],
     [21.624156300000003, 43.3873946], [21.6246584, 43.3872359],
     [21.625171400000003, 43.3870694],
     [21.625343100000002, 43.3870657],
     [21.6255245, 43.387114100000005], [21.6259072, 43.3873693],
     [21.6260228, 43.387458], [21.6262739, 43.3876405],
     [21.6267214, 43.388005400000004], [21.6268415, 43.3883941],
     [21.627005200000003, 43.3886479],
     [21.627933000000002, 43.3893142],
     [21.6283587, 43.390075700000004], [21.6286425, 43.3906865],
     [21.628849900000002, 43.391138600000005],
     [21.6298432, 43.3914321], [21.6300943, 43.3913686],
     [21.6308584, 43.3906785], [21.632080000000002, 43.389887]]}},
  {"type":"Feature",
   "properties":{},
   "geometry":
   {"type":"LineString",
    "coordinates":
    [[21.632080000000002, 43.389887], [21.6326594, 43.3897029],
     [21.633194200000002, 43.389393500000004],
     [21.6334453, 43.3891238], [21.633641800000003, 43.3886796],
     [21.6338164, 43.388164], [21.6339365, 43.3877753],
     [21.634253, 43.3873787], [21.6346351, 43.3870218],
     [21.6350717, 43.386815500000004],
     [21.636730800000002, 43.3863713],
     [21.638782900000002, 43.385800100000004],
     [21.639579700000002, 43.3855304],
     [21.640180100000002, 43.3852448], [21.6407259, 43.3848799],
     [21.6412716, 43.3846816]]}},
  {"type":"Feature",
   "properties":{},
   "geometry":
   {"type":"LineString",
    "coordinates":
    [[21.6412716, 43.3846816], [21.64161, 43.3845608],
     [21.6422323, 43.3844361],
     [21.642846600000002, 43.384167700000006]]}},
  {"type":"Feature",
   "properties":{},
   "geometry":
   {"type":"LineString",
    "coordinates":
    [[21.6682886, 43.3804967], [21.6681446, 43.3805804],
     [21.6679669, 43.3805386], [21.6678229, 43.380409400000005],
     [21.667693200000002, 43.379875500000004],
     [21.6675156, 43.379592900000006],
     [21.667376400000002, 43.3791985],
     [21.667117100000002, 43.378710000000005], [21.666781, 43.3785425],
     [21.6660752, 43.3784866], [21.6651053, 43.3780365],
     [21.664697200000003, 43.377586300000004],
     [21.664370700000003, 43.377394300000006],
     [21.6640285, 43.3773576], [21.6636121, 43.3771501],
     [21.663378400000003, 43.3769791],
     [21.663294500000003, 43.3769178],
     [21.663055200000002, 43.3767208],
     [21.661264300000003, 43.3757855], [21.660724000000002, 43.375517],
     [21.6604145, 43.375544700000006],
     [21.659944000000003, 43.3758483],
     [21.6587292, 43.376218300000005], [21.6581963, 43.376302],
     [21.657716200000003, 43.3758763],
     [21.657245600000003, 43.375572600000005],
     [21.656813500000002, 43.375303900000006],
     [21.656184600000003, 43.3751364],
     [21.6556564, 43.375146900000004],
     [21.655209900000003, 43.375132900000004],
     [21.6548786, 43.375024700000004], [21.6544899, 43.3750853],
     [21.6544081, 43.375098], [21.654019700000003, 43.3753564],
     [21.6537764, 43.3754064], [21.653203, 43.3753109],
     [21.6530185, 43.375247], [21.6527564, 43.3750317],
     [21.652357900000002, 43.3748049],
     [21.651844200000003, 43.3747351], [21.651292, 43.3748956],
     [21.6503078, 43.3747211],
     [21.649506000000002, 43.374448900000004],
     [21.6487954, 43.374365100000006],
     [21.6482624, 43.374633800000005],
     [21.6476431, 43.374836300000005],
     [21.6472638, 43.374770000000005],
     [21.6470093, 43.374916500000005],
     [21.6468364, 43.375370200000006],
     [21.646625200000003, 43.3763299],
     [21.646457100000003, 43.3767766], [21.6464956, 43.3773664],
     [21.645972200000003, 43.3779387], [21.6454825, 43.3784378],
     [21.6450408, 43.3789752], [21.6447575, 43.379352100000006],
     [21.6445414, 43.3799104], [21.644344, 43.380046400000005],
     [21.6439749, 43.380235000000006], [21.6438412, 43.3803284],
     [21.6437636, 43.380489700000005], [21.6439461, 43.3808805],
     [21.644094900000002, 43.3814319],
     [21.6440325, 43.381854100000005],
     [21.644051700000002, 43.3826253],
     [21.6437156, 43.383113800000004], [21.6431635, 43.3837489],
     [21.642846600000002, 43.384167700000006]]}},
  {"type":"Feature",
   "properties":{},
   "geometry":
   {"type":"LineString",
    "coordinates":
    [[21.676882900000003, 43.3793067], [21.676542, 43.379310200000006],
     [21.6760091, 43.3792265],
     [21.675394500000003, 43.379083400000006],
     [21.674765500000003, 43.378668100000006],
     [21.6745063, 43.3782075], [21.6743238, 43.378039900000005],
     [21.673517200000003, 43.3780085],
     [21.6728498, 43.378148100000004], [21.6725919, 43.3782985],
     [21.672315400000002, 43.3785626],
     [21.671923200000002, 43.378657600000004],
     [21.671707100000003, 43.3784134],
     [21.6715343, 43.378186500000005], [21.6713317, 43.3781696],
     [21.6711454, 43.3782354],
     [21.670649400000002, 43.378665600000005],
     [21.6703975, 43.3787863], [21.6695081, 43.3788531],
     [21.669004, 43.3791462], [21.6687304, 43.379565],
     [21.668471, 43.380064000000004], [21.6682886, 43.3804967]]}},
  {"type":"Feature",
   "properties":{},
   "geometry":
   {"type":"LineString",
    "coordinates":
    [[21.2622499, 43.276119200000004], [21.2623898, 43.2761166],
     [21.262668100000003, 43.2761469], [21.2632143, 43.27624],
     [21.263586200000002, 43.276388100000005],
     [21.2640628, 43.276680000000006],
     [21.2644753, 43.276785800000006], [21.2650913, 43.2768704],
     [21.266578900000003, 43.2769592],
     [21.266974100000002, 43.2769889],
     [21.267177500000003, 43.276984600000006],
     [21.2672555, 43.2769988], [21.2673402, 43.2770142],
     [21.267741100000002, 43.27723], [21.2685314, 43.2775515],
     [21.2690719, 43.2777377],
     [21.269565800000002, 43.277809600000005],
     [21.270931400000002, 43.2777842], [21.2724946, 43.2777715],
     [21.273128, 43.2777842], [21.2732266, 43.277846000000004]]}},
  {"type":"Feature",
   "properties":{},
   "geometry":
   {"type":"LineString",
    "coordinates":
    [[21.2732266, 43.277846000000004], [21.2731968, 43.2778727],
     [21.2732122, 43.2780296], [21.273198500000003, 43.2785561],
     [21.273204500000002, 43.2788212],
     [21.273181700000002, 43.2791468], [21.2731546, 43.2793438],
     [21.273117600000003, 43.279612300000004],
     [21.273001800000003, 43.2803236],
     [21.2729351, 43.280973700000004], [21.2728541, 43.2815047],
     [21.272801700000002, 43.281848000000004],
     [21.272767700000003, 43.2824419],
     [21.272765800000002, 43.282475600000005],
     [21.272796600000003, 43.2832826], [21.272853, 43.283484300000005],
     [21.2730454, 43.283937900000005],
     [21.273304600000003, 43.284885300000006],
     [21.273342000000003, 43.284962400000005],
     [21.273551, 43.285393400000004], [21.27371, 43.2858828],
     [21.2738435, 43.2861592],
     [21.274048800000003, 43.286431900000004],
     [21.274356700000002, 43.286727000000006]]}},
  {"type":"Feature",
   "properties":{},
   "geometry":
   {"type":"LineString",
    "coordinates":
    [[21.262037600000003, 43.2713368],
     [21.262055200000002, 43.2714908], [21.262205, 43.271815800000006],
     [21.2622979, 43.272156100000004], [21.2623728, 43.2723786],
     [21.2624956, 43.272683900000004],
     [21.262666300000003, 43.2730286], [21.2627442, 43.2732532],
     [21.2627802, 43.273445200000005], [21.2627382, 43.2737004],
     [21.2626244, 43.2741344], [21.2625645, 43.2744201],
     [21.262549500000002, 43.2746775], [21.2625645, 43.2751595],
     [21.262525500000002, 43.2754082],
     [21.262447700000003, 43.275748400000005],
     [21.262377200000003, 43.2759513],
     [21.262341300000003, 43.2760417],
     [21.2622499, 43.276119200000004]]}},
  {"type":"Feature",
   "properties":{},
   "geometry":
   {"type":"LineString",
    "coordinates":
    [[21.2598999, 43.2713563], [21.262037600000003, 43.2713368]]}},
  {"type":"Feature",
   "properties":{},
   "geometry":
   {"type":"LineString",
    "coordinates":
    [[21.2598999, 43.2713563], [21.2599057, 43.271202100000004],
     [21.2599047, 43.271047800000005], [21.2598968, 43.2708936],
     [21.2598786, 43.2707119],
     [21.259850800000002, 43.270530900000004],
     [21.2598136, 43.2703507], [21.259596300000002, 43.2695949],
     [21.259172600000003, 43.2684895],
     [21.2590921, 43.268173100000006],
     [21.259077100000003, 43.2681265],
     [21.2590702, 43.268078900000006], [21.259071600000002, 43.268031],
     [21.259081400000003, 43.2679836],
     [21.2591024, 43.267931100000006], [21.2591335, 43.2678814],
     [21.259157400000003, 43.267854400000004],
     [21.2591742, 43.2678354], [21.2592235, 43.267794200000004],
     [21.2594676, 43.2675227], [21.2595132, 43.2673938],
     [21.2595615, 43.267225800000006],
     [21.2596251, 43.267089600000006], [21.2596849, 43.2669524],
     [21.259762600000002, 43.2667571],
     [21.2597869, 43.266715000000005],
     [21.259817400000003, 43.2666751], [21.259853800000002, 43.266638],
     [21.259900100000003, 43.2666009], [21.2599522, 43.2665681],
     [21.2600094, 43.2665403], [21.2601319, 43.2664607],
     [21.260248100000002, 43.2663762],
     [21.260370100000003, 43.2662768],
     [21.260483400000002, 43.266172100000006],
     [21.260587700000002, 43.266062500000004],
     [21.260682600000003, 43.2659485],
     [21.2607824, 43.265852900000006],
     [21.2608728, 43.265752400000004],
     [21.260953500000003, 43.2656477], [21.2610066, 43.2655681],
     [21.261054, 43.265486700000004],
     [21.261095700000002, 43.265403600000006],
     [21.2611272, 43.2653022], [21.261157400000002, 43.2652161],
     [21.261195500000003, 43.2651209],
     [21.2612379, 43.265026600000006],
     [21.2612838, 43.264922000000006], [21.2613223, 43.2648158],
     [21.261353200000002, 43.2647083],
     [21.2613734, 43.264616700000005], [21.2613881, 43.2645247],
     [21.261388800000002, 43.2644571],
     [21.261380000000003, 43.264389900000005],
     [21.2613601, 43.2643186], [21.2613296, 43.2642493],
     [21.261288800000003, 43.2641829],
     [21.261181500000003, 43.264012900000004],
     [21.261119800000003, 43.263884000000004],
     [21.2611008, 43.2638258],
     [21.261086300000002, 43.263766800000006],
     [21.261089400000003, 43.2636765]]}},
  {"type":"Feature",
   "properties":{},
   "geometry":
   {"type":"LineString",
    "coordinates":
    [[21.261089400000003, 43.2636765],
     [21.261161400000002, 43.263254100000005],
     [21.2611674, 43.263178200000006],
     [21.2611643, 43.263102100000005],
     [21.261152000000003, 43.2630266],
     [21.261129500000003, 43.262948300000005],
     [21.261097200000002, 43.2628719],
     [21.2610555, 43.262798000000004], [21.2608865, 43.2624543],
     [21.260848300000003, 43.2623529],
     [21.260803300000003, 43.2622531],
     [21.260756800000003, 43.2621642], [21.260705, 43.262076900000004],
     [21.2606478, 43.261991300000005], [21.2605983, 43.2619276],
     [21.2605432, 43.2618663], [21.2604729, 43.261799],
     [21.2603958, 43.2617357], [21.2603125, 43.261676900000005],
     [21.2602109, 43.261607500000004], [21.2601151, 43.2615338],
     [21.2600255, 43.261456100000004], [21.2599282, 43.2613599],
     [21.2598404, 43.2612589],
     [21.259816500000003, 43.261220300000005],
     [21.2597859, 43.261184300000004], [21.2597492, 43.2611514],
     [21.2597133, 43.2611262], [21.2596738, 43.2611039],
     [21.2596312, 43.261085], [21.259570200000002, 43.261062300000006],
     [21.2595135, 43.261034200000005], [21.2594622, 43.261001],
     [21.259412100000002, 43.2609586],
     [21.2593707, 43.260911400000005],
     [21.259338900000003, 43.260860400000006], [21.259284, 43.260792],
     [21.2592383, 43.2607202], [21.259202100000003, 43.2606455],
     [21.2591773, 43.2605744], [21.2591611, 43.2605019],
     [21.2591538, 43.260428700000006],
     [21.2591617, 43.260352000000005], [21.2591761, 43.2602757],
     [21.2591967, 43.2602002], [21.259228, 43.260114900000005],
     [21.259267400000002, 43.2600314],
     [21.2593147, 43.259950200000006], [21.2594193, 43.25979],
     [21.2594327, 43.2597569], [21.2594363, 43.2597226],
     [21.259430000000002, 43.2596884],
     [21.259416100000003, 43.259658900000005],
     [21.2593949, 43.2596319], [21.259367, 43.2596082],
     [21.2593335, 43.2595888], [21.2590653, 43.2593915],
     [21.2589896, 43.259359200000006],
     [21.2589097, 43.259332900000004],
     [21.2588212, 43.259311700000005], [21.25873, 43.259297700000005],
     [21.258663000000002, 43.259276], [21.2585985, 43.2592506],
     [21.258536900000003, 43.259221600000004],
     [21.258461200000003, 43.2591784], [21.258392, 43.259129800000004],
     [21.258260200000002, 43.2590553],
     [21.2581238, 43.258985200000005],
     [21.2579967, 43.258925700000006], [21.2578663, 43.25887],
     [21.2577336, 43.258830700000004], [21.2576061, 43.258783],
     [21.2575255, 43.2587471], [21.257447900000003, 43.2587078],
     [21.257278900000003, 43.258590600000005]]}},
  {"type":"Feature",
   "properties":{},
   "geometry":
   {"type":"LineString",
    "coordinates":
    [[21.257278900000003, 43.258590600000005],
     [21.256996700000002, 43.2584956],
     [21.256891500000002, 43.2584572], [21.256118, 43.2582631],
     [21.255849700000002, 43.258143000000004],
     [21.255567300000003, 43.257980800000006],
     [21.2552534, 43.2579195], [21.2545852, 43.258005100000005],
     [21.2544431, 43.2579693], [21.254367700000003, 43.257871],
     [21.2542958, 43.25771], [21.2541239, 43.257395800000005],
     [21.254038, 43.257263], [21.253974900000003, 43.2570727],
     [21.2540678, 43.256964100000005],
     [21.254327, 43.256883200000004]]}},
  {"type":"Feature",
   "properties":{},
   "geometry":
   {"type":"LineString",
    "coordinates":
    [[21.254327, 43.256883200000004], [21.2543741, 43.2568853],
     [21.2544204, 43.256881], [21.2544648, 43.256870500000005],
     [21.254505700000003, 43.2568542], [21.2545417, 43.2568326],
     [21.25459, 43.256796800000004],
     [21.254631800000002, 43.256756800000005],
     [21.2546664, 43.2567134], [21.2547052, 43.2566543],
     [21.2547536, 43.2565991], [21.2547952, 43.2565613],
     [21.2548414, 43.256526400000006],
     [21.254891800000003, 43.2564946], [21.2550849, 43.256394],
     [21.255221900000002, 43.256325100000005],
     [21.2553625, 43.2562602],
     [21.255491900000003, 43.256205300000005],
     [21.255624, 43.256153700000006], [21.255898900000002, 43.2560717],
     [21.2560089, 43.2560438]]}},
  {"type":"Feature",
   "properties":{},
   "geometry":
   {"type":"LineString",
    "coordinates":
    [[21.2531746, 43.24738], [21.2529234, 43.2477822],
     [21.252775200000002, 43.2485048], [21.2526383, 43.2488869],
     [21.25253, 43.249024000000006], [21.252518600000002, 43.2492275],
     [21.252604100000003, 43.2500664],
     [21.252752400000002, 43.250419400000006],
     [21.2526896, 43.2512832], [21.2530545, 43.2514452],
     [21.253368100000003, 43.2515573], [21.2538528, 43.2520806],
     [21.2540125, 43.252504200000004], [21.2541037, 43.2529485],
     [21.2540906, 43.253097600000004], [21.254612, 43.253195500000004],
     [21.255013, 43.2533043], [21.2552503, 43.253401200000006],
     [21.255285100000002, 43.2535204],
     [21.2555613, 43.253724500000004], [21.2559909, 43.2541239],
     [21.256339800000003, 43.2544735],
     [21.256403900000002, 43.2545918], [21.256416, 43.2546618],
     [21.256382900000002, 43.254862200000005],
     [21.256334300000002, 43.2549628],
     [21.2561542, 43.255280600000006], [21.2559089, 43.2556266],
     [21.255892300000003, 43.2557707],
     [21.2559188, 43.255872000000004], [21.2560089, 43.2560438]]}},
  {"type":"Feature",
   "properties":{},
   "geometry":
   {"type":"LineString",
    "coordinates":
    [[21.248407, 43.2448658], [21.2488268, 43.244937400000005],
     [21.249135000000003, 43.245109400000004],
     [21.249351500000003, 43.245482100000004],
     [21.249784400000003, 43.245783100000004],
     [21.250186600000003, 43.245924800000004],
     [21.250584500000002, 43.2460649],
     [21.2511355, 43.246284700000004],
     [21.251578000000002, 43.2465184],
     [21.2528998, 43.247216300000005],
     [21.2531253, 43.247350600000004], [21.2531746, 43.24738]]}},
  {"type":"Feature",
   "properties":{},
   "geometry":
   {"type":"LineString",
    "coordinates":
    [[21.245205000000002, 43.243721300000004],
     [21.245492300000002, 43.2438683], [21.245745900000003, 43.244053],
     [21.245903700000003, 43.2441491],
     [21.246146900000003, 43.2442584],
     [21.246511700000003, 43.244420500000004],
     [21.247078300000002, 43.2446222],
     [21.247663000000003, 43.244799300000004],
     [21.2477401, 43.2448062], [21.248407, 43.2448658]]}},
  {"type":"Feature",
   "properties":{},
   "geometry":
   {"type":"LineString",
    "coordinates":
    [[21.2391727, 43.240482500000006],
     [21.2392007, 43.240480500000004], [21.2392515, 43.2404845],
     [21.2393001, 43.240495800000005], [21.2394959, 43.2405935],
     [21.2396871, 43.2406827], [21.239882100000003, 43.2407674],
     [21.240102200000003, 43.2408762],
     [21.2403257, 43.240981100000006],
     [21.240552700000002, 43.241082000000006],
     [21.2407699, 43.241173700000004],
     [21.240989900000002, 43.241261800000004],
     [21.241061900000002, 43.2412876],
     [21.241130700000003, 43.241317800000004],
     [21.241195700000002, 43.2413522], [21.2412679, 43.2413984],
     [21.241290000000003, 43.241415800000006],
     [21.2413332, 43.2414499], [21.2414458, 43.241549000000006],
     [21.241532300000003, 43.2416174], [21.2416167, 43.2416768],
     [21.2417053, 43.2417327], [21.2418054, 43.2417858],
     [21.241911400000003, 43.2418325],
     [21.2420225, 43.241872400000005], [21.2421641, 43.2419207],
     [21.2423001, 43.241976900000004], [21.2424074, 43.2420288],
     [21.2425099, 43.2420855], [21.242607200000002, 43.2421469],
     [21.2428178, 43.2422879], [21.2430203, 43.2424351],
     [21.243077500000002, 43.2424808],
     [21.2431388, 43.242523500000004],
     [21.243204000000002, 43.242563100000005],
     [21.2432795, 43.242602500000004],
     [21.2433587, 43.242637800000004],
     [21.243441400000002, 43.2426686],
     [21.2435756, 43.242709600000005], [21.2437046, 43.2427585],
     [21.243827600000003, 43.2428151], [21.2439272, 43.2428692],
     [21.244021200000002, 43.2429282], [21.2441093, 43.242992],
     [21.2441806, 43.2430528],
     [21.244245300000003, 43.243117500000004],
     [21.244303000000002, 43.243185600000004],
     [21.2443534, 43.2432567], [21.2443938, 43.243312700000004],
     [21.2444409, 43.2433659], [21.244494200000002, 43.2434159],
     [21.244557200000003, 43.2434652],
     [21.244626200000003, 43.2435099],
     [21.244700700000003, 43.243549800000004],
     [21.2451607, 43.2437071],
     [21.245205000000002, 43.243721300000004]]}},
  {"type":"Feature",
   "properties":{},
   "geometry":
   {"type":"LineString",
    "coordinates":
    [[21.2391727, 43.240482500000006],
     [21.239175300000003, 43.240465300000004],
     [21.239174000000002, 43.240448], [21.2391669, 43.2404267],
     [21.2391539, 43.2404069], [21.239080100000002, 43.2403473],
     [21.238946900000002, 43.2402528],
     [21.2388079, 43.240162700000006],
     [21.2386483, 43.240068900000004],
     [21.2384659, 43.239983900000006], [21.238392400000002, 43.239953],
     [21.2383211, 43.239919400000005],
     [21.2382302, 43.239870800000006], [21.2381849, 43.2398463],
     [21.238144000000002, 43.239817800000004],
     [21.2381248, 43.239800300000006],
     [21.238104200000002, 43.2397816], [21.2380853, 43.2397627],
     [21.2380716, 43.2397416], [21.2380618, 43.2397098],
     [21.2380636, 43.2396771], [21.2380555, 43.2395013],
     [21.2380503, 43.2394163], [21.2380502, 43.2393313],
     [21.2380554, 43.2392422], [21.2380663, 43.2391535],
     [21.2380812, 43.2390971], [21.2380904, 43.239040100000004],
     [21.2380935, 43.2389589], [21.238085, 43.238878],
     [21.238068600000002, 43.238789600000004],
     [21.2380448, 43.238702100000005],
     [21.238030600000002, 43.2386319], [21.2380207, 43.2385614],
     [21.2379751, 43.238338600000006], [21.237908, 43.2380651],
     [21.2378959, 43.2380524], [21.2378845, 43.238045500000005]]}},
  {"type":"Feature",
   "properties":{},
   "geometry":
   {"type":"LineString",
    "coordinates":
    [[21.2378845, 43.238045500000005],
     [21.2378924, 43.238025400000005], [21.2378919, 43.2380045],
     [21.2378879, 43.2379576], [21.2378275, 43.237750500000004],
     [21.237811100000002, 43.2376632], [21.237798, 43.2375756],
     [21.2377833, 43.237420300000004],
     [21.237776200000003, 43.2373787], [21.2377748, 43.2373369],
     [21.2377793, 43.237295200000005],
     [21.2377948, 43.237238700000006],
     [21.237820900000003, 43.2371843], [21.237857, 43.237133],
     [21.2380609, 43.236902400000005], [21.2381466, 43.2368054],
     [21.2382245, 43.2367051], [21.238277800000002, 43.2366277],
     [21.238326400000002, 43.2365487],
     [21.2383376, 43.236533400000006],
     [21.2383519, 43.236519400000006],
     [21.2383828, 43.236499900000005]]}},
  {"type":"Feature",
   "properties":{},
   "geometry":
   {"type":"LineString",
    "coordinates":
    [[21.2383828, 43.236499900000005],
     [21.238381500000003, 43.236481100000006],
     [21.238386000000002, 43.2364625],
     [21.2383962, 43.236445200000006], [21.238442300000003, 43.236386],
     [21.2384954, 43.2363299], [21.2385676, 43.2362674],
     [21.2386483, 43.2362107], [21.2387002, 43.236176],
     [21.2387444, 43.2361359], [21.238779700000002, 43.2360915],
     [21.238801900000002, 43.2360519], [21.238817, 43.236010500000006],
     [21.2388248, 43.2359682], [21.238825300000002, 43.2359254],
     [21.238816, 43.2358744], [21.238795900000003, 43.235825000000006],
     [21.238765700000002, 43.2357785], [21.2387261, 43.2357358],
     [21.2383613, 43.2353782],
     [21.238334000000002, 43.235346400000005], [21.238315, 43.2353115],
     [21.238305, 43.235274700000005], [21.2383042, 43.235238],
     [21.2383123, 43.235201800000006], [21.2383291, 43.2351672],
     [21.2383703, 43.235128800000005],
     [21.2384045, 43.235086900000006],
     [21.238431000000002, 43.2350421],
     [21.2384528, 43.234984100000005],
     [21.2384618, 43.234924400000004],
     [21.2384579, 43.234864300000005],
     [21.238445000000002, 43.2348117],
     [21.238423400000002, 43.2347607], [21.2383935, 43.2347119],
     [21.238341700000003, 43.234621600000004],
     [21.238294200000002, 43.2345301], [21.2382564, 43.2344494],
     [21.2382218, 43.234368], [21.238166, 43.2342133]]}},
  {"type":"Feature",
   "properties":{},
   "geometry":
   {"type":"LineString",
    "coordinates":
    [[21.237549700000002, 43.234380300000005],
     [21.237609600000003, 43.2343509], [21.2377243, 43.2343064],
     [21.237872900000003, 43.2342649], [21.238166, 43.2342133]]}},
  {"type":"Feature",
   "properties":{},
   "geometry":
   {"type":"LineString",
    "coordinates":
    [[21.237549700000002, 43.234380300000005],
     [21.2375364, 43.2343721], [21.2375204, 43.234367000000006],
     [21.237500100000002, 43.2343655], [21.2374802, 43.2343689],
     [21.2374356, 43.2343818], [21.237389, 43.2343904],
     [21.2373301, 43.234394900000005],
     [21.237300400000002, 43.2343956], [21.237271, 43.234392400000004],
     [21.2372313, 43.234380900000005],
     [21.2371972, 43.234362100000006], [21.237098, 43.234265400000005],
     [21.2367412, 43.2338618],
     [21.236455600000003, 43.233544300000005],
     [21.236359, 43.233455400000004], [21.2363, 43.2334064],
     [21.236243700000003, 43.233355700000004],
     [21.236173400000002, 43.2332862],
     [21.2361082, 43.233214000000004],
     [21.2357301, 43.232753800000005], [21.2356638, 43.2326762],
     [21.235588500000002, 43.232603000000005],
     [21.2355047, 43.232534900000005], [21.235434, 43.232485700000005],
     [21.235358700000003, 43.232440000000004],
     [21.2352794, 43.232398100000005], [21.235043400000002, 43.232277],
     [21.2347296, 43.232107], [21.2346788, 43.2320744],
     [21.2346228, 43.232046600000004],
     [21.234562500000003, 43.232024200000005],
     [21.234498900000002, 43.2320073],
     [21.2344213, 43.231995000000005],
     [21.234342100000003, 43.2319911],
     [21.234302300000003, 43.2319921],
     [21.2342629, 43.231995600000005],
     [21.234206500000003, 43.2320052],
     [21.2341522, 43.232020000000006],
     [21.234101000000003, 43.2320397], [21.2340537, 43.232064],
     [21.2340045, 43.232088600000004],
     [21.233951700000002, 43.2321089], [21.2338875, 43.2321268],
     [21.2338206, 43.232138400000004], [21.2337522, 43.2321436],
     [21.2336835, 43.232142100000004],
     [21.2333751, 43.232116700000006],
     [21.2333101, 43.232109300000005], [21.2332472, 43.2320955],
     [21.2331873, 43.2320757], [21.2331249, 43.232046600000004],
     [21.2330693, 43.232010900000006],
     [21.233021800000003, 43.231969500000005],
     [21.2329835, 43.231923300000005], [21.2329191, 43.2318471]]}},
  {"type":"Feature",
   "properties":{},
   "geometry":
   {"type":"LineString",
    "coordinates":
    [[21.2310018, 43.2320549], [21.2310264, 43.2320695],
     [21.231055, 43.232079600000006], [21.2311015, 43.23209],
     [21.231149900000002, 43.2320938],
     [21.2311984, 43.232091000000004],
     [21.231245400000002, 43.2320816],
     [21.231476100000002, 43.232032700000005],
     [21.231559, 43.232013900000005], [21.231644300000003, 43.2320021],
     [21.231730900000002, 43.231997500000006],
     [21.2318022, 43.231999200000004], [21.2318731, 43.2320057],
     [21.231942800000002, 43.2320171],
     [21.2320132, 43.232028500000006], [21.2320849, 43.2320347],
     [21.232183300000003, 43.2320347],
     [21.2322807, 43.232024900000006], [21.2323393, 43.2320155],
     [21.2323987, 43.2320093],
     [21.232472400000002, 43.232005900000004],
     [21.232546300000003, 43.2320073],
     [21.2325927, 43.232004200000006],
     [21.232637800000003, 43.231995700000006],
     [21.2326804, 43.2319819], [21.2327285, 43.2319578],
     [21.2327689, 43.2319272], [21.232790100000003, 43.2319004],
     [21.232819300000003, 43.2318778],
     [21.2328547, 43.231860700000006], [21.232886, 43.2318517],
     [21.2329191, 43.2318471]]}},
  {"type":"Feature",
   "properties":{},
   "geometry":
   {"type":"LineString",
    "coordinates":
    [[21.2310018, 43.2320549], [21.230778800000003, 43.2320853],
     [21.2305771, 43.232206700000006], [21.2300666, 43.2324952],
     [21.2298137, 43.2325497], [21.2296707, 43.2325207],
     [21.229531400000003, 43.232425500000005],
     [21.229448100000003, 43.232292300000005],
     [21.2292217, 43.232195000000004],
     [21.228250000000003, 43.2318532], [21.2279944, 43.2318115],
     [21.227759900000002, 43.2317918], [21.2271435, 43.2317929],
     [21.2266233, 43.231748], [21.2263986, 43.2317054],
     [21.2262294, 43.231624200000006], [21.2260956, 43.2313953],
     [21.2260144, 43.2312868], [21.2257964, 43.2311412],
     [21.2254596, 43.2309265], [21.2251093, 43.230709600000004],
     [21.2246974, 43.230494900000004], [21.2245305, 43.2303371],
     [21.2244373, 43.230167300000005], [21.2242448, 43.2300381],
     [21.2238073, 43.2298935], [21.2234751, 43.2296558],
     [21.223168400000002, 43.2294126], [21.2229248, 43.2291442],
     [21.222497800000003, 43.228788200000004],
     [21.222314400000002, 43.2284486], [21.2220738, 43.2282755],
     [21.2217913, 43.2279081], [21.221529500000003, 43.227449],
     [21.221140700000003, 43.226508300000006],
     [21.2209034, 43.226092400000006], [21.220733600000003, 43.225672],
     [21.220265100000002, 43.225121900000005],
     [21.2196411, 43.2245659], [21.219457000000002, 43.2243124],
     [21.2187747, 43.223811000000005], [21.2183642, 43.2235797],
     [21.2175337, 43.2233518], [21.216487700000002, 43.2228]]}},
  {"type":"Feature",
   "properties":{},
   "geometry":
   {"type":"LineString",
    "coordinates":
    [[21.2156597, 43.2222555], [21.2158747, 43.222455700000005],
     [21.216076400000002, 43.222540300000006],
     [21.216231800000003, 43.2227042],
     [21.216487700000002, 43.2228]]}},
  {"type":"Feature",
   "properties":{},
   "geometry":
   {"type":"LineString",
    "coordinates":
    [[21.21226, 43.220203500000004],
     [21.212407600000002, 43.220257200000006],
     [21.212460800000002, 43.220276500000004],
     [21.2126066, 43.2203249], [21.2127309, 43.2203662],
     [21.2129595, 43.2204719], [21.2129857, 43.2204841],
     [21.2131475, 43.220585], [21.213183500000003, 43.220607400000006],
     [21.2132021, 43.2206191], [21.213472200000002, 43.220658],
     [21.213721500000002, 43.2206897],
     [21.2137344, 43.220691300000006], [21.21402, 43.220781],
     [21.2141668, 43.2208823],
     [21.214491600000002, 43.221129700000006],
     [21.214600500000003, 43.221417100000004],
     [21.214863700000002, 43.2216986],
     [21.215111200000003, 43.221884100000004],
     [21.2156597, 43.2222555]]}},
  {"type":"Feature",
   "properties":{},
   "geometry":
   {"type":"LineString",
    "coordinates":
    [[21.208718700000002, 43.218786900000005],
     [21.208813900000003, 43.2188067],
     [21.2093476, 43.219086100000006],
     [21.2100031, 43.219352400000005],
     [21.210416600000002, 43.2194827],
     [21.210875100000003, 43.219678800000004],
     [21.2110992, 43.219789500000005], [21.2114149, 43.2198958],
     [21.2120508, 43.2201752], [21.21226, 43.220203500000004]]}},
  {"type":"Feature",
   "properties":{},
   "geometry":
   {"type":"LineString",
    "coordinates":
    [[21.208718700000002, 43.218786900000005],
     [21.2084842, 43.218977100000004], [21.2080148, 43.2193544],
     [21.2079227, 43.2194427], [21.2078205, 43.219525000000004],
     [21.207709, 43.2196007], [21.2075996, 43.2196635],
     [21.2074837, 43.2197199], [21.2071779, 43.2198665],
     [21.2069687, 43.219972000000006],
     [21.2067756, 43.220089300000005],
     [21.206676400000003, 43.2201734], [21.2065744, 43.2202633],
     [21.2065522, 43.220280300000006]]}},
  {"type":"Feature",
   "properties":{},
   "geometry":
   {"type":"LineString",
    "coordinates":
    [[21.2065522, 43.220280300000006], [21.2065339, 43.2202944],
     [21.2064886, 43.2203219], [21.2064366, 43.220346400000004],
     [21.206380900000003, 43.220366000000006],
     [21.2063223, 43.220380500000005], [21.2059642, 43.2204695],
     [21.2055042, 43.2205828],
     [21.205302800000002, 43.220639600000005],
     [21.205104600000002, 43.220702100000004],
     [21.204911600000003, 43.220769700000005],
     [21.2047224, 43.2208428],
     [21.204466200000002, 43.220958100000004],
     [21.204195300000002, 43.2211116], [21.2039727, 43.2212376],
     [21.2037851, 43.221327], [21.203732600000002, 43.221352],
     [21.203658700000002, 43.2213834], [21.2030594, 43.2216383],
     [21.2029213, 43.221688300000004],
     [21.202779900000003, 43.221733300000004],
     [21.2026356, 43.2217732], [21.20247, 43.221811800000005],
     [21.2023017, 43.221843500000006],
     [21.202200400000002, 43.2218669],
     [21.2021005, 43.221893400000006], [21.201988, 43.2219275],
     [21.201877900000003, 43.221965700000005],
     [21.2017035, 43.2220263], [21.2016069, 43.2220561],
     [21.2015077, 43.222081], [21.2013947, 43.2221028],
     [21.201279800000002, 43.2221181], [21.2008586, 43.2221416],
     [21.200531400000003, 43.2221533],
     [21.2002847, 43.222167000000006],
     [21.200216100000002, 43.2221686],
     [21.200148000000002, 43.2221745],
     [21.200080800000002, 43.222184600000006],
     [21.200008500000003, 43.2222006],
     [21.199938500000002, 43.2222215],
     [21.1998716, 43.222247100000004],
     [21.1995685, 43.222356600000005],
     [21.199462800000003, 43.222394400000006],
     [21.199353900000002, 43.222427], [21.199250300000003, 43.2224525],
     [21.1991446, 43.222473400000005], [21.1990374, 43.2224895],
     [21.1988685, 43.222528600000004],
     [21.1987102, 43.222585300000006], [21.1986305, 43.2226457],
     [21.1985357, 43.2227217]]}},
  {"type":"Feature",
   "properties":{},
   "geometry":
   {"type":"LineString",
    "coordinates":
    [[21.197840300000003, 43.2224792],
     [21.1982006, 43.222557900000005], [21.1985357, 43.2227217]]}},
  {"type":"Feature",
   "properties":{},
   "geometry":
   {"type":"LineString",
    "coordinates":
    [[21.197840300000003, 43.2224792], [21.19783, 43.2224919],
     [21.197817, 43.222503200000006], [21.197786200000003, 43.2225197],
     [21.197750000000003, 43.222528600000004],
     [21.1976887, 43.222545600000004],
     [21.197629300000003, 43.222565700000004],
     [21.197543300000003, 43.222601700000006],
     [21.197463000000003, 43.2226439],
     [21.197407600000002, 43.2226859],
     [21.197345000000002, 43.222722100000006],
     [21.197283600000002, 43.222748900000006],
     [21.197218300000003, 43.222770100000005],
     [21.197149900000003, 43.2227854],
     [21.1970794, 43.222794400000005],
     [21.1969284, 43.222820500000005],
     [21.196779000000003, 43.2228511],
     [21.196604500000003, 43.222893000000006],
     [21.196433000000003, 43.222941000000006],
     [21.196299, 43.222985800000004], [21.1961687, 43.223036],
     [21.1960424, 43.2230915], [21.195920700000002, 43.2231521],
     [21.1957725, 43.2232104],
     [21.195621300000003, 43.223264500000006],
     [21.195467400000002, 43.223314300000006],
     [21.1953315, 43.2233541], [21.1952637, 43.2233743],
     [21.195193800000002, 43.2233905], [21.1950924, 43.2234063],
     [21.1949891, 43.2234135], [21.1948854, 43.223412],
     [21.1946359, 43.2233905], [21.1945228, 43.2233814],
     [21.194409, 43.223378800000006], [21.1942953, 43.2233827],
     [21.1941762, 43.223393900000005],
     [21.1940588, 43.223412100000004], [21.1939439, 43.2234374],
     [21.1938138, 43.2234716], [21.193686600000003, 43.2235111],
     [21.1935626, 43.2235558], [21.1934423, 43.223605500000005],
     [21.1933538, 43.2236479], [21.193260000000002, 43.2236837],
     [21.1931704, 43.2237104], [21.193077900000002, 43.2237311],
     [21.1929832, 43.2237457], [21.1928871, 43.2237541],
     [21.192573300000003, 43.223797100000006],
     [21.192391800000003, 43.223826], [21.1923022, 43.223843900000006],
     [21.192211200000003, 43.2238577],
     [21.192078900000002, 43.223869900000004],
     [21.1919457, 43.2238733], [21.191680100000003, 43.2238538],
     [21.1915431, 43.2238497],
     [21.191406500000003, 43.223840100000004],
     [21.1912853, 43.223826700000004],
     [21.191165100000003, 43.2238088],
     [21.1908916, 43.223734500000006], [21.190778, 43.223705800000005],
     [21.1906609, 43.223685700000004],
     [21.190564700000003, 43.2236759], [21.1904678, 43.223672],
     [21.190324200000003, 43.2236721], [21.1901808, 43.2236661],
     [21.1900285, 43.223653000000006],
     [21.1898777, 43.223632900000005],
     [21.189708200000002, 43.223601300000006],
     [21.189624700000003, 43.223582300000004],
     [21.1895424, 43.223560600000006],
     [21.189433400000002, 43.2235267], [21.1893275, 43.223488],
     [21.1892251, 43.2234445],
     [21.189126700000003, 43.223396400000006],
     [21.1889906, 43.223320400000006],
     [21.188847300000003, 43.2232519], [21.1886975, 43.2231912],
     [21.188577000000002, 43.2231496],
     [21.1884534, 43.223113000000005],
     [21.1884057, 43.223088600000004],
     [21.1883649, 43.223058300000005],
     [21.188336200000002, 43.2230276], [21.1883146, 43.222994],
     [21.1883009, 43.2229583],
     [21.188295200000002, 43.222921500000005],
     [21.1883054, 43.222863200000006],
     [21.188324700000003, 43.2228061],
     [21.188351800000003, 43.2227526], [21.1883868, 43.2227016],
     [21.188429300000003, 43.2226537],
     [21.1884994, 43.222534200000005], [21.1885768, 43.2224172],
     [21.188687100000003, 43.2222701],
     [21.1888088, 43.222127900000004],
     [21.1889416, 43.221991100000004],
     [21.189084400000002, 43.221859300000006],
     [21.1892366, 43.2217331], [21.189270200000003, 43.2217022],
     [21.189297200000002, 43.2216681], [21.1893171, 43.2216315],
     [21.1893303, 43.2215891], [21.1893339, 43.2215457],
     [21.1893278, 43.2215025], [21.189302100000003, 43.2214514],
     [21.1892098, 43.2212679], [21.189074, 43.2210848],
     [21.188947000000002, 43.2208984],
     [21.1888289, 43.220708900000005], [21.1887401, 43.2205534],
     [21.188657300000003, 43.2203962], [21.1886416, 43.2203524],
     [21.1886182, 43.220310500000004],
     [21.1885875, 43.220271100000005],
     [21.188543300000003, 43.2202293],
     [21.188515300000002, 43.2202126],
     [21.188491000000003, 43.2201929],
     [21.1884683, 43.220167000000004],
     [21.188452100000003, 43.220138600000006],
     [21.188443000000003, 43.2201086], [21.1884413, 43.2200779]]}},
  {"type":"Feature",
   "properties":{},
   "geometry":
   {"type":"LineString",
    "coordinates":
    [[21.182201600000003, 43.218932300000006],
     [21.1823085, 43.2189038], [21.1826183, 43.218853],
     [21.1827758, 43.218832600000006],
     [21.1829347, 43.218818500000005], [21.1830944, 43.218811],
     [21.18325, 43.218809900000004],
     [21.183405500000003, 43.218814900000005],
     [21.1835697, 43.2188342], [21.1837327, 43.2188579],
     [21.183890400000003, 43.2188852],
     [21.184046600000002, 43.218916500000006],
     [21.184140300000003, 43.218948600000004],
     [21.184230000000003, 43.2189865],
     [21.184314800000003, 43.2190299],
     [21.184404200000003, 43.2190852],
     [21.184485900000002, 43.2191467],
     [21.184558900000003, 43.2192136], [21.185334, 43.219862600000006],
     [21.185379100000002, 43.219892200000004],
     [21.1854295, 43.2199168], [21.1854842, 43.2199359],
     [21.1855334, 43.2199475], [21.1855842, 43.2199547],
     [21.1856358, 43.219957400000006],
     [21.187579500000002, 43.2200411], [21.1880588, 43.2200618],
     [21.1882898, 43.220071700000005], [21.1884413, 43.2200779]]}},
  {"type":"Feature",
   "properties":{},
   "geometry":
   {"type":"LineString",
    "coordinates":
    [[21.1749417, 43.2129301],
     [21.174987400000003, 43.213069700000005],
     [21.175023600000003, 43.213210700000005],
     [21.175053000000002, 43.213370100000006],
     [21.175070400000003, 43.2135304],
     [21.175075800000002, 43.2136912], [21.1750691, 43.2138519],
     [21.1750504, 43.214012100000005],
     [21.1750462, 43.214584200000004], [21.1750435, 43.2149397],
     [21.175037, 43.2158164], [21.175130900000003, 43.2168368],
     [21.175149700000002, 43.2174095],
     [21.175160400000003, 43.2176988], [21.1750826, 43.2180721],
     [21.174999500000002, 43.218267600000004],
     [21.174982, 43.218327200000004], [21.1749914, 43.218389800000004],
     [21.175015600000002, 43.2184582], [21.175114800000003, 43.218983],
     [21.175129100000003, 43.2190055], [21.175149, 43.2190256],
     [21.1751738, 43.2190426], [21.1752006, 43.219055100000006],
     [21.1752299, 43.219064], [21.175261000000003, 43.219069000000005],
     [21.175338800000002, 43.2190651], [21.1754032, 43.2190566],
     [21.175466200000002, 43.219043600000006],
     [21.175887300000003, 43.2189009], [21.1760546, 43.2188366],
     [21.176227400000002, 43.2187805],
     [21.176405000000003, 43.218732800000005], [21.1765592, 43.218699],
     [21.1767158, 43.2186716], [21.1768743, 43.218650700000005],
     [21.177641400000002, 43.2185666], [21.1777802, 43.218536],
     [21.1779163, 43.218499400000006],
     [21.178049100000003, 43.2184572],
     [21.1781843, 43.218407000000006], [21.178315, 43.218350900000004],
     [21.178440700000003, 43.2182891],
     [21.178974500000002, 43.2180545],
     [21.179055100000003, 43.218033500000004],
     [21.179137500000003, 43.218016600000006],
     [21.179221300000002, 43.218003700000004],
     [21.179344200000003, 43.2179925], [21.179468, 43.21799],
     [21.179867700000003, 43.2180291],
     [21.180079300000003, 43.2180988], [21.1802539, 43.2181562],
     [21.1811578, 43.2186448], [21.1813483, 43.218797300000006],
     [21.181411100000002, 43.2188357], [21.1814784, 43.21887],
     [21.1815494, 43.218899900000004],
     [21.1816348, 43.218928500000004], [21.1817236, 43.2189507],
     [21.181815, 43.2189664], [21.1818968, 43.2189676],
     [21.1819786, 43.218964400000004],
     [21.182091200000002, 43.2189526],
     [21.182201600000003, 43.218932300000006]]}},
  {"type":"Feature",
   "properties":{},
   "geometry":
   {"type":"LineString",
    "coordinates":
    [[21.1734666, 43.2111493],
     [21.173597100000002, 43.211287500000005],
     [21.1737451, 43.2114309], [21.1738998, 43.2115706],
     [21.174039, 43.211688300000006],
     [21.174183000000003, 43.211803100000004],
     [21.174331600000002, 43.2119146], [21.1744276, 43.2120107],
     [21.174516200000003, 43.2121105], [21.1745971, 43.2122137],
     [21.174673000000002, 43.212324200000005],
     [21.1747401, 43.2124377], [21.1747982, 43.2125538],
     [21.174847200000002, 43.2126722],
     [21.174886800000003, 43.212792300000004],
     [21.1749417, 43.2129301]]}},
  {"type":"Feature",
   "properties":{},
   "geometry":
   {"type":"LineString",
    "coordinates":
    [[21.1537371, 43.2028966], [21.1537642, 43.202924800000005],
     [21.153798000000002, 43.2029489],
     [21.1538393, 43.202969100000004],
     [21.1538851, 43.202983200000006],
     [21.154131900000003, 43.203005600000004],
     [21.1548105, 43.203037900000005],
     [21.155533300000002, 43.2030692], [21.1558391, 43.2030809],
     [21.155927000000002, 43.2030765], [21.156018900000003, 43.203065],
     [21.1561087, 43.2030467], [21.156389, 43.2029529],
     [21.1568067, 43.2028346], [21.1568709, 43.2028212],
     [21.156936100000003, 43.2028106],
     [21.1570535, 43.202798900000005], [21.1572144, 43.2027969],
     [21.1575074, 43.2028033], [21.1578139, 43.2028028],
     [21.1579279, 43.2028131], [21.157967600000003, 43.2028236],
     [21.157999, 43.2028152], [21.1580322, 43.2028126],
     [21.1580653, 43.202816000000006], [21.158093400000002, 43.202824],
     [21.158118400000003, 43.2028362], [21.1581391, 43.2028522],
     [21.1581994, 43.2029732], [21.1582706, 43.203091],
     [21.1583523, 43.203205100000005], [21.1584262, 43.2032946],
     [21.158506600000003, 43.203381], [21.1586348, 43.203515200000005],
     [21.158756, 43.2036528], [21.158871100000002, 43.203795],
     [21.1589786, 43.203940200000005], [21.1594936, 43.2045893],
     [21.1597055, 43.204818], [21.160231200000002, 43.2053146],
     [21.1606309, 43.2056314], [21.1607516, 43.205682200000005],
     [21.160850800000002, 43.2056978], [21.1609139, 43.2056988],
     [21.1609675, 43.205685100000004],
     [21.161010400000002, 43.2056617],
     [21.161072100000002, 43.2056118], [21.1611848, 43.2055189],
     [21.161254500000002, 43.205492500000005],
     [21.161376500000003, 43.2054613],
     [21.161522700000003, 43.205440700000004],
     [21.1616608, 43.205435800000004], [21.1618821, 43.20543],
     [21.162049800000002, 43.2054075], [21.1622214, 43.2053723],
     [21.162529900000003, 43.2052716], [21.1630395, 43.205123],
     [21.1634472, 43.2049608],
     [21.163710100000003, 43.204900200000004],
     [21.1640266, 43.204874700000005], [21.1642847, 43.2048816],
     [21.1644651, 43.2049133],
     [21.164550300000002, 43.204942700000004],
     [21.1645851, 43.2049715], [21.1646052, 43.2050003],
     [21.164606600000003, 43.2050311],
     [21.1645918, 43.205054600000004], [21.164563, 43.2050756],
     [21.1644973, 43.205104000000006],
     [21.1643578, 43.205148400000006], [21.164208900000002, 43.205167],
     [21.1641151, 43.2051758], [21.1639689, 43.2051807],
     [21.1638026, 43.2052003], [21.1636738, 43.2052354],
     [21.163559900000003, 43.2052941], [21.163415, 43.2054065],
     [21.163302400000003, 43.2055209],
     [21.1632152, 43.205647000000006], [21.1631964, 43.2057281],
     [21.1632004, 43.205812200000004], [21.1632648, 43.2059833],
     [21.1635411, 43.20656], [21.1636779, 43.2067575],
     [21.1638603, 43.2069491], [21.163906, 43.2069935],
     [21.163958, 43.2070341], [21.1640158, 43.207070300000005],
     [21.1640945, 43.207108500000004],
     [21.164179500000003, 43.2071386],
     [21.1642693, 43.207160200000004],
     [21.164482500000002, 43.2071934],
     [21.164527200000002, 43.2072037], [21.1645672, 43.2072213],
     [21.164600500000002, 43.2072452],
     [21.1646235, 43.207271600000006], [21.1646381, 43.207301],
     [21.1646384, 43.207332], [21.1646301, 43.2073625],
     [21.1646141, 43.207390200000006],
     [21.164591100000003, 43.207415100000006],
     [21.1645618, 43.207436300000005],
     [21.1644966, 43.207468500000004], [21.1644289, 43.2075053],
     [21.1641526, 43.207686100000004],
     [21.1640494, 43.207782900000005], [21.164013, 43.2078262],
     [21.1639817, 43.207871600000004], [21.1639555, 43.2079187],
     [21.163931400000003, 43.207976300000006],
     [21.163915000000003, 43.208035300000006],
     [21.163906400000002, 43.2080951], [21.1639059, 43.2081553],
     [21.1639032, 43.2085991], [21.163914600000002, 43.208699],
     [21.1639327, 43.2087985], [21.1639608, 43.2089086],
     [21.1639971, 43.2090174], [21.164254500000002, 43.2095902],
     [21.1642939, 43.209652000000006],
     [21.164342400000002, 43.2097102], [21.1643994, 43.2097642],
     [21.164467400000003, 43.209815400000004],
     [21.164543000000002, 43.209860600000006],
     [21.164625400000002, 43.2098991],
     [21.1647132, 43.209930400000005],
     [21.165343500000002, 43.2101533],
     [21.1654388, 43.210174900000005],
     [21.165536600000003, 43.210189400000004],
     [21.1656285, 43.2101964], [21.1657209, 43.210197],
     [21.165812900000002, 43.2101914],
     [21.166227300000003, 43.210171800000005],
     [21.166296600000003, 43.210172], [21.166365300000002, 43.2101782],
     [21.166432500000003, 43.2101904], [21.1665053, 43.210211],
     [21.1665737, 43.2102385], [21.1666363, 43.2102725],
     [21.1670011, 43.2105364], [21.1671379, 43.2105912],
     [21.167280100000003, 43.2106439], [21.1674088, 43.2107065],
     [21.1684871, 43.211449300000005], [21.168551, 43.211485700000004],
     [21.168619200000002, 43.2115177], [21.1686909, 43.2115451],
     [21.1687698, 43.2115689], [21.1688514, 43.211587200000004],
     [21.168935, 43.2115999], [21.1690286, 43.2115929],
     [21.1691214, 43.211581300000006], [21.1692383, 43.2115596],
     [21.1693521, 43.2115305], [21.1697075, 43.211394600000006],
     [21.1697761, 43.211377000000006], [21.1698469, 43.2113649],
     [21.1699191, 43.2113583],
     [21.169991800000002, 43.211357500000005],
     [21.1700714, 43.2113631], [21.170149600000002, 43.2113755],
     [21.1702251, 43.211394600000006],
     [21.170683800000003, 43.2116595],
     [21.1707357, 43.211686400000005],
     [21.170791400000002, 43.211709000000006],
     [21.170850100000003, 43.2117269],
     [21.170914800000002, 43.2117407], [21.1709813, 43.2117489],
     [21.171048600000002, 43.211751400000004],
     [21.1718318, 43.2117543], [21.1719395, 43.211747700000004],
     [21.1720462, 43.2117347], [21.172151000000003, 43.2117152],
     [21.172258600000003, 43.211688], [21.1723626, 43.211654],
     [21.1724621, 43.2116136], [21.172886100000003, 43.2113669],
     [21.1732735, 43.211141500000004],
     [21.173312000000003, 43.211130700000005],
     [21.1733526, 43.211125800000005],
     [21.173388000000003, 43.211126400000005],
     [21.1734228, 43.211131300000005], [21.1734666, 43.2111493]]}},
  {"type":"Feature",
   "properties":{},
   "geometry":
   {"type":"LineString",
    "coordinates":
    [[21.1537371, 43.2028966], [21.1539435, 43.202789100000004],
     [21.1541928, 43.2026698], [21.1542751, 43.2026328]]}},
  {"type":"Feature",
   "properties":{},
   "geometry":
   {"type":"LineString",
    "coordinates":
    [[21.1542751, 43.2026328], [21.1542585, 43.2025638],
     [21.154232500000003, 43.2024963], [21.1542047, 43.2024435],
     [21.154171100000003, 43.2023926],
     [21.154131900000003, 43.2023438],
     [21.153867700000003, 43.2020574],
     [21.1537322, 43.201873600000006], [21.1535659, 43.201596],
     [21.1535273, 43.2015441], [21.153483400000002, 43.2014944],
     [21.153434500000003, 43.2014474], [21.153357, 43.2013855],
     [21.153270900000003, 43.2013301],
     [21.1530966, 43.201238200000006],
     [21.1530638, 43.201212600000005],
     [21.1530375, 43.201183400000005], [21.1530162, 43.2011461],
     [21.1530053, 43.2011065], [21.1530054, 43.201066100000006],
     [21.1529759, 43.2008061], [21.152973300000003, 43.2007434],
     [21.1529785, 43.2006809], [21.1529896, 43.200625900000006],
     [21.1530066, 43.200571700000005],
     [21.153029500000002, 43.2005186],
     [21.153152900000002, 43.2002273],
     [21.1531711, 43.200153400000005],
     [21.1531792, 43.200078500000004],
     [21.153177000000003, 43.2000034],
     [21.153169400000003, 43.1999514],
     [21.153156900000003, 43.199899800000004],
     [21.1531261, 43.1998553]]}},
  {"type":"Feature",
   "properties":{},
   "geometry":
   {"type":"LineString",
    "coordinates":
    [[21.1531261, 43.1998553], [21.1530925, 43.1997991]]}},
  {"type":"Feature",
   "properties":{},
   "geometry":
   {"type":"LineString",
    "coordinates":
    [[21.1530925, 43.1997991], [21.153101900000003, 43.1997458],
     [21.1531153, 43.199710700000004],
     [21.153134100000003, 43.1996769],
     [21.153222600000003, 43.199586000000004],
     [21.153391600000003, 43.1993856], [21.1536866, 43.1991079],
     [21.1541399, 43.198745200000005],
     [21.1544323, 43.198518400000005], [21.154489, 43.1984683],
     [21.154551100000003, 43.198421800000006],
     [21.1546181, 43.198379100000004], [21.1546898, 43.1983405],
     [21.154771500000003, 43.198303800000005],
     [21.1548573, 43.1982726], [21.1549465, 43.1982469],
     [21.1550385, 43.198227100000004],
     [21.155191600000002, 43.1982027], [21.155342, 43.198170700000006],
     [21.1554891, 43.1981313], [21.1555973, 43.1980968],
     [21.1557029, 43.1980583], [21.1558056, 43.1980159],
     [21.155897900000003, 43.1979598], [21.1559975, 43.1979108],
     [21.1561033, 43.1978692],
     [21.156209800000003, 43.197836800000005],
     [21.156320100000002, 43.197811900000005],
     [21.156433200000002, 43.197794900000005],
     [21.1565549, 43.1977824], [21.1566747, 43.1977625],
     [21.1567918, 43.197735300000005],
     [21.156905300000002, 43.1977011], [21.1570022, 43.1976651],
     [21.1570952, 43.1976239],
     [21.157183800000002, 43.197577800000005],
     [21.157267400000002, 43.1975271], [21.1576214, 43.1972905],
     [21.1576808, 43.1972394], [21.157734100000003, 43.1971849],
     [21.1577826, 43.197125], [21.1578239, 43.197062300000006],
     [21.157857500000002, 43.196997200000006],
     [21.157913800000003, 43.1969219],
     [21.157951200000003, 43.1968897], [21.1579835, 43.1968547],
     [21.158010400000002, 43.1968173], [21.1580309, 43.1967791],
     [21.158045700000002, 43.1967395], [21.1580546, 43.196699],
     [21.158072100000002, 43.1964399],
     [21.158080100000003, 43.196144600000004],
     [21.1580023, 43.1957438],
     [21.158021100000003, 43.194914700000005],
     [21.158123, 43.194298700000004], [21.158144500000002, 43.1941843],
     [21.1581487, 43.1941676], [21.1581435, 43.194151100000006],
     [21.1581297, 43.1941374], [21.1581104, 43.194129000000004],
     [21.1580881, 43.194126700000005], [21.158068, 43.194129000000004],
     [21.158049700000003, 43.1941353],
     [21.158034500000003, 43.1941452]]}}]}
