{"type":"FeatureCollection",
 "properties":{},
 "features":
 [{"type":"Feature",
   "properties":{},
   "geometry":
   {"type":"LineString",
    "coordinates":
    [[19.5827485, 43.85992], [19.5827274, 43.859907],
     [19.5827101, 43.859894100000005],
     [19.582696300000002, 43.8598749], [19.5826886, 43.8598542],
     [19.5826809, 43.859829700000006], [19.5826707, 43.8597288],
     [19.582674100000002, 43.8596962],
     [19.582668700000003, 43.8596384],
     [19.582634600000002, 43.8595376], [19.5826064, 43.8594735],
     [19.582573800000002, 43.8594267], [19.5822964, 43.8591172]]}},
  {"type":"Feature",
   "properties":{},
   "geometry":
   {"type":"LineString",
    "coordinates":
    [[19.5827485, 43.85992], [19.582779900000002, 43.8599843],
     [19.5828074, 43.860027300000006], [19.582857, 43.860070400000005],
     [19.582949300000003, 43.8601326],
     [19.583076000000002, 43.860157400000006],
     [19.583191600000003, 43.8601669], [19.5832899, 43.8601947],
     [19.583436900000002, 43.860316000000005],
     [19.5835799, 43.8604776], [19.5838134, 43.860668800000006],
     [19.584062300000003, 43.860987200000004]]}},
  {"type":"Feature",
   "properties":{},
   "geometry":
   {"type":"LineString",
    "coordinates":
    [[19.5815549, 43.867634300000006],
     [19.5818669, 43.866980600000005],
     [19.582016300000003, 43.866667500000005],
     [19.5826815, 43.8655227], [19.5828102, 43.8652365],
     [19.5829147, 43.865031300000005],
     [19.582971200000003, 43.864888400000005],
     [19.5829966, 43.8647695], [19.583022, 43.864626400000006],
     [19.5830248, 43.864447500000004],
     [19.5830033, 43.863751300000004],
     [19.5829939, 43.863246200000006], [19.5830141, 43.8631789],
     [19.5830585, 43.8630987], [19.5831264, 43.863018700000005],
     [19.5833286, 43.8628142], [19.583398300000002, 43.8627362],
     [19.5834389, 43.8626919],
     [19.583489500000002, 43.862629500000004],
     [19.5836256, 43.8623976], [19.583724, 43.862206400000005],
     [19.5837499, 43.862152900000005], [19.5837758, 43.8620804],
     [19.5838432, 43.8617928], [19.5838885, 43.861625200000006],
     [19.5839046, 43.8615312], [19.5839475, 43.861183100000005],
     [19.583976500000002, 43.861116800000005],
     [19.5840172, 43.8610479],
     [19.584062300000003, 43.860987200000004]]}},
  {"type":"Feature",
   "properties":{},
   "geometry":
   {"type":"LineString",
    "coordinates":
    [[19.5674464, 43.8794886], [19.5675312, 43.879417100000005],
     [19.5675876, 43.8793574], [19.5676513, 43.8792753],
     [19.567736200000002, 43.879165900000004],
     [19.5682689, 43.878642400000004], [19.5683566, 43.878566],
     [19.568439400000003, 43.878472], [19.5685614, 43.8782944],
     [19.5686247, 43.878222400000006],
     [19.5686804, 43.878163400000005], [19.5687655, 43.8780973],
     [19.5688627, 43.878041700000004], [19.5689795, 43.8779933],
     [19.5696812, 43.8776937], [19.5700688, 43.877517600000004],
     [19.5702076, 43.8774481], [19.570278000000002, 43.8773963],
     [19.5703567, 43.8773241], [19.5704694, 43.877228200000005],
     [19.5706136, 43.8771221], [19.570749300000003, 43.8770479],
     [19.5708539, 43.8770024], [19.570978, 43.8769675],
     [19.5711809, 43.876931000000006],
     [19.5713019, 43.876910900000006],
     [19.571432700000003, 43.876876800000005],
     [19.5715897, 43.8768273], [19.5716633, 43.8767955],
     [19.5717369, 43.876763700000005], [19.5718155, 43.8767178],
     [19.5718648, 43.876679], [19.5719581, 43.876587300000004],
     [19.5720758, 43.8764957], [19.5721756, 43.8764277],
     [19.572306700000002, 43.876350900000006],
     [19.574063000000002, 43.874901400000006],
     [19.5742808, 43.8747423], [19.5745571, 43.8745625],
     [19.574946, 43.8743246], [19.575096300000002, 43.874251400000006],
     [19.575332600000003, 43.874158400000006],
     [19.5754898, 43.874104900000006], [19.5756075, 43.8740711],
     [19.5756908, 43.8740437], [19.5757422, 43.8740053],
     [19.575767900000002, 43.873968500000004],
     [19.5757839, 43.873917600000006], [19.576055800000002, 43.873367],
     [19.576140600000002, 43.8732391],
     [19.576271000000002, 43.873090700000006],
     [19.576450100000002, 43.8729457],
     [19.5767045, 43.872775700000005], [19.5767917, 43.8727269],
     [19.576882100000002, 43.8726709], [19.576967, 43.8726282],
     [19.577091900000003, 43.8725699],
     [19.5771595, 43.872550100000005],
     [19.5772565, 43.872536700000005],
     [19.5773505, 43.872538600000006], [19.5777055, 43.8726074],
     [19.577796900000003, 43.872619400000005],
     [19.5778624, 43.8726168], [19.5779585, 43.8725984],
     [19.57805, 43.872565], [19.578131600000003, 43.8725159],
     [19.5781828, 43.872463700000004], [19.5784574, 43.8721009],
     [19.578710700000002, 43.8718184],
     [19.5789896, 43.871530400000005],
     [19.5792042, 43.871323600000004],
     [19.579248200000002, 43.8712801],
     [19.579280400000002, 43.8712309], [19.5793119, 43.8711634],
     [19.5793296, 43.871105400000005],
     [19.579343400000003, 43.8710132], [19.5793709, 43.87088],
     [19.5793846, 43.8707384], [19.5793952, 43.870553],
     [19.5794025, 43.8704431], [19.579414, 43.870349700000006],
     [19.579435500000002, 43.8702934],
     [19.5794615, 43.870226900000006], [19.5796023, 43.869978],
     [19.5796506, 43.8699008], [19.579702400000002, 43.8698423],
     [19.579756200000002, 43.869803700000006],
     [19.579848300000002, 43.869762200000004], [19.5800673, 43.869698],
     [19.580272700000002, 43.869648100000006],
     [19.5805078, 43.8696038], [19.5804918, 43.869533100000005],
     [19.5804677, 43.869286100000004], [19.5804677, 43.8691961],
     [19.5804875, 43.8690969], [19.580533000000003, 43.8689832],
     [19.5806052, 43.868885000000006],
     [19.5807229, 43.868751200000005], [19.5811151, 43.8683459],
     [19.581295, 43.868054900000004],
     [19.5815549, 43.867634300000006]]}},
  {"type":"Feature",
   "properties":{},
   "geometry":
   {"type":"LineString",
    "coordinates":
    [[19.5674464, 43.8794886], [19.567568, 43.8794952],
     [19.5676461, 43.879505800000004],
     [19.567748700000003, 43.8795305],
     [19.567797600000002, 43.8795586],
     [19.5678318, 43.879586800000006],
     [19.5678513, 43.879622000000005], [19.5678592, 43.8796874]]}},
  {"type":"Feature",
   "properties":{},
   "geometry":
   {"type":"LineString",
    "coordinates":
    [[19.563933300000002, 43.8832748],
     [19.564057700000003, 43.8831891], [19.5643165, 43.8831028],
     [19.5644792, 43.8830821], [19.5646221, 43.8830329],
     [19.5647336, 43.8829013], [19.5648267, 43.8828164],
     [19.5650057, 43.8827787], [19.565597, 43.882801900000004],
     [19.5660265, 43.8828156], [19.5662705, 43.882798300000005],
     [19.566547, 43.882733300000005], [19.566755500000003, 43.8826301],
     [19.5669456, 43.882454800000005],
     [19.5671417, 43.882107000000005],
     [19.567311200000002, 43.881754400000005],
     [19.5673299, 43.8816782],
     [19.567345200000002, 43.881635800000005],
     [19.567376600000003, 43.8815868],
     [19.567448600000002, 43.8815303], [19.5676719, 43.8813989],
     [19.5677148, 43.881359], [19.5681373, 43.8806795],
     [19.5682046, 43.880591700000004],
     [19.568120200000003, 43.8805192],
     [19.568079700000002, 43.8804679], [19.5679333, 43.8802028],
     [19.5679187, 43.880153], [19.567904000000002, 43.880061000000005],
     [19.5678592, 43.8796874]]}},
  {"type":"Feature",
   "properties":{},
   "geometry":
   {"type":"LineString",
    "coordinates":
    [[19.5639197, 43.883301100000004],
     [19.563933300000002, 43.8832748]]}},
  {"type":"Feature",
   "properties":{},
   "geometry":
   {"type":"LineString",
    "coordinates":
    [[19.5639197, 43.883301100000004],
     [19.5639778, 43.883322400000004],
     [19.5641405, 43.883338300000005], [19.5642618, 43.8833562],
     [19.564373500000002, 43.883419800000006],
     [19.5644783, 43.8835132], [19.5645458, 43.8835798],
     [19.5646558, 43.883650100000004],
     [19.564739300000003, 43.8837046],
     [19.5647711, 43.883754700000004], [19.5647711, 43.8838092],
     [19.564745300000002, 43.883895100000004],
     [19.5646618, 43.8839825], [19.5645624, 43.884059900000004],
     [19.5644291, 43.884112900000005], [19.5642502, 43.8841545],
     [19.5640554, 43.8841817], [19.5638884, 43.884229000000005],
     [19.563787, 43.8842949], [19.5637015, 43.8843308],
     [19.5635504, 43.8843637], [19.5634053, 43.8844397],
     [19.563297900000002, 43.8845328],
     [19.563228300000002, 43.884638800000005],
     [19.563206400000002, 43.884719100000005],
     [19.5631607, 43.8847778], [19.5630653, 43.8848452],
     [19.5628771, 43.884935500000005]]}},
  {"type":"Feature",
   "properties":{},
   "geometry":
   {"type":"LineString",
    "coordinates":
    [[19.5628771, 43.884935500000005],
     [19.562799000000002, 43.8848816],
     [19.5626156, 43.884790200000005], [19.5624077, 43.8847018]]}},
  {"type":"Feature",
   "properties":{},
   "geometry":
   {"type":"LineString",
    "coordinates":
    [[19.557480100000003, 43.8857305], [19.5572808, 43.88552],
     [19.557257, 43.885481500000004], [19.5572531, 43.8854388],
     [19.557259000000002, 43.885373200000004],
     [19.557286700000002, 43.8852065], [19.5573519, 43.8849828],
     [19.5574172, 43.8847904], [19.557522000000002, 43.8846123],
     [19.5576762, 43.884424200000005], [19.5577711, 43.8843144],
     [19.5578976, 43.8842118], [19.5580459, 43.884122100000006],
     [19.5581566, 43.884063600000005],
     [19.558409700000002, 43.883959600000004],
     [19.5585442, 43.8839197], [19.5587023, 43.8838955],
     [19.558955400000002, 43.883876900000004],
     [19.559010800000003, 43.883865500000006],
     [19.559030500000002, 43.883839900000005],
     [19.559026600000003, 43.8837914], [19.5589969, 43.8837558],
     [19.5588492, 43.8836309], [19.5585917, 43.883453100000004],
     [19.558398200000003, 43.883212500000006],
     [19.5585235, 43.8832007], [19.5587327, 43.883194100000004],
     [19.558933200000002, 43.883200200000005],
     [19.559154300000003, 43.883229500000006],
     [19.5592896, 43.883268300000005],
     [19.559579000000003, 43.8833532],
     [19.559714200000002, 43.883422200000005],
     [19.5598233, 43.8834737], [19.5599193, 43.8835204],
     [19.5600394, 43.8835798], [19.5601793, 43.8836615],
     [19.560298200000002, 43.883722600000006],
     [19.560450200000002, 43.883826500000005],
     [19.560562700000002, 43.8839425], [19.5606663, 43.8840663],
     [19.560755500000003, 43.8841393],
     [19.560879800000002, 43.8841679],
     [19.561018400000002, 43.884169500000006],
     [19.561269600000003, 43.8842566],
     [19.561507600000002, 43.8843295],
     [19.5616802, 43.884372500000005],
     [19.5618088, 43.884413800000004], [19.5624077, 43.8847018]]}},
  {"type":"Feature",
   "properties":{},
   "geometry":
   {"type":"LineString",
    "coordinates":
    [[19.558120000000002, 43.887250200000004],
     [19.5583418, 43.8872012], [19.558388100000002, 43.8871838],
     [19.5584297, 43.887159600000004], [19.558471, 43.8871309],
     [19.558495500000003, 43.8871022],
     [19.5585303, 43.887055000000004], [19.5585498, 43.887022],
     [19.5585573, 43.886982100000004], [19.558568, 43.886657400000004],
     [19.558551, 43.8865404], [19.558514300000002, 43.8864177],
     [19.55847, 43.8863013], [19.5584178, 43.8861934],
     [19.5583668, 43.8861203], [19.558304, 43.886041500000005],
     [19.5581394, 43.885894300000004], [19.5579135, 43.8857372],
     [19.557848, 43.8857111], [19.557767000000002, 43.8856945],
     [19.557674600000002, 43.885692500000005],
     [19.557623900000003, 43.885698500000004],
     [19.557552, 43.885710200000005],
     [19.557480100000003, 43.8857305]]}},
  {"type":"Feature",
   "properties":{},
   "geometry":
   {"type":"LineString",
    "coordinates":
    [[19.5567141, 43.887537900000005], [19.5575334, 43.8873667],
     [19.558120000000002, 43.887250200000004]]}},
  {"type":"Feature",
   "properties":{},
   "geometry":
   {"type":"LineString",
    "coordinates":
    [[19.557457300000003, 43.8903267], [19.557478800000002, 43.890286],
     [19.5574783, 43.8902537], [19.5573936, 43.890115400000006],
     [19.5573215, 43.8900142], [19.5573032, 43.8899835],
     [19.557281, 43.889941400000005], [19.5572434, 43.889724900000004],
     [19.5572014, 43.8895227], [19.5571854, 43.889449600000006],
     [19.5571458, 43.8893204], [19.5570664, 43.889118],
     [19.5570127, 43.8889092], [19.5569484, 43.8887313],
     [19.5568625, 43.8885419], [19.556837100000003, 43.8884668],
     [19.556828300000003, 43.8884264], [19.5568196, 43.8883718],
     [19.556809700000002, 43.8881935],
     [19.5567821, 43.887904000000006],
     [19.5567284, 43.887602400000006],
     [19.5567141, 43.887537900000005]]}},
  {"type":"Feature",
   "properties":{},
   "geometry":
   {"type":"LineString",
    "coordinates":
    [[19.5572404, 43.890463100000005],
     [19.557457300000003, 43.8903267]]}},
  {"type":"Feature",
   "properties":{},
   "geometry":
   {"type":"LineString",
    "coordinates":
    [[19.5572404, 43.890463100000005], [19.557486, 43.8907061],
     [19.5576374, 43.890855200000004],
     [19.5577401, 43.890948900000005],
     [19.5578308, 43.891021800000004], [19.5579977, 43.8911309],
     [19.5581995, 43.8912521], [19.5583487, 43.8913445]]}},
  {"type":"Feature",
   "properties":{},
   "geometry":
   {"type":"LineString",
    "coordinates":
    [[19.5583487, 43.8913445], [19.5580661, 43.8916781],
     [19.557862800000002, 43.8919389],
     [19.5577866, 43.892030000000005], [19.5577612, 43.8921293],
     [19.557805600000002, 43.892307800000005]]}},
  {"type":"Feature",
   "properties":{},
   "geometry":
   {"type":"LineString",
    "coordinates":
    [[19.5567628, 43.894133000000004],
     [19.556782000000002, 43.894076500000004],
     [19.556776300000003, 43.894049100000004],
     [19.5567008, 43.8937856], [19.5566368, 43.893523300000005],
     [19.5566046, 43.893414500000006],
     [19.5566201, 43.893350000000005],
     [19.5566475, 43.893302600000005],
     [19.5566904, 43.893260500000004], [19.5567332, 43.8932401],
     [19.556783900000003, 43.8932226],
     [19.5568576, 43.893205300000005],
     [19.556962900000002, 43.8931994], [19.5571111, 43.8932245],
     [19.557467300000003, 43.893319000000005],
     [19.5575872, 43.893343900000005],
     [19.5576873, 43.893352400000005], [19.5577779, 43.8933411],
     [19.5578363, 43.8933218], [19.5578828, 43.893302500000004],
     [19.5579268, 43.8932767],
     [19.557956400000002, 43.893252700000005],
     [19.5579976, 43.893177200000004],
     [19.558019400000003, 43.8931265],
     [19.5580316, 43.893067200000004],
     [19.558027000000003, 43.8929891], [19.5580079, 43.8928798],
     [19.5579886, 43.892812], [19.5579445, 43.8927038],
     [19.5578527, 43.8924438],
     [19.557805600000002, 43.892307800000005]]}},
  {"type":"Feature",
   "properties":{},
   "geometry":
   {"type":"LineString",
    "coordinates":
    [[19.5567628, 43.894133000000004],
     [19.556677200000003, 43.894142200000005],
     [19.5565693, 43.8941548], [19.5564201, 43.8941907]]}},
  {"type":"Feature",
   "properties":{},
   "geometry":
   {"type":"LineString",
    "coordinates":
    [[19.5554479, 43.8935395], [19.555619, 43.8935456],
     [19.555764800000002, 43.893556200000006],
     [19.5559063, 43.8935801], [19.5559833, 43.8936],
     [19.556054, 43.8936245], [19.5561188, 43.8936542],
     [19.556191600000002, 43.893701], [19.5562548, 43.893757],
     [19.556303800000002, 43.8938015],
     [19.556337000000003, 43.8938414],
     [19.5563869, 43.893912500000006],
     [19.556415100000002, 43.893964700000005],
     [19.5564337, 43.8940168],
     [19.556441900000003, 43.894059600000006],
     [19.556444300000003, 43.8941038], [19.5564332, 43.8941535],
     [19.5564201, 43.8941907]]}},
  {"type":"Feature",
   "properties":{},
   "geometry":
   {"type":"LineString",
    "coordinates":
    [[19.5253908, 43.901461600000005], [19.5254634, 43.9014321],
     [19.525541, 43.9014116], [19.5256133, 43.901381900000004],
     [19.525708400000003, 43.9013432], [19.5257858, 43.9013116],
     [19.5258371, 43.9013043], [19.5258837, 43.9013116],
     [19.525923600000002, 43.9013335],
     [19.525958900000003, 43.9013555], [19.5259982, 43.9013585],
     [19.526069800000002, 43.9013488],
     [19.5261679, 43.901340700000006],
     [19.526234000000002, 43.9013209], [19.5262917, 43.9012825],
     [19.526359000000003, 43.901238500000005],
     [19.5264397, 43.901208000000004], [19.5264968, 43.9011572],
     [19.5265042, 43.901124800000005], [19.5265098, 43.9011009],
     [19.5266239, 43.901042100000005],
     [19.526774200000002, 43.9009432],
     [19.5268959, 43.900859100000005], [19.5271347, 43.9006296],
     [19.527249400000002, 43.9005354], [19.5273147, 43.9004818],
     [19.5273547, 43.900454100000005],
     [19.5273895, 43.900469900000004], [19.5274368, 43.9004636],
     [19.527510900000003, 43.9003967],
     [19.527575300000002, 43.900358000000004],
     [19.527634600000003, 43.9003372], [19.5276949, 43.9003225],
     [19.5277357, 43.9003224],
     [19.527767700000002, 43.900344100000005],
     [19.527816400000003, 43.900364],
     [19.527873800000002, 43.900379900000004],
     [19.5279272, 43.900378700000005], [19.5279515, 43.9003798],
     [19.527981800000003, 43.900381200000005], [19.5280494, 43.900424],
     [19.528135600000002, 43.900446300000006],
     [19.528191500000002, 43.9004485],
     [19.5282665, 43.900476600000005],
     [19.5283358, 43.900530800000006], [19.5283652, 43.9005376],
     [19.5283883, 43.9005244], [19.528431, 43.900524100000005],
     [19.5284565, 43.9005461], [19.528495900000003, 43.9006217],
     [19.5285993, 43.900649900000005],
     [19.528693800000003, 43.900678600000006], [19.528787, 43.9006738],
     [19.528879, 43.9006599], [19.528977700000002, 43.9006467],
     [19.5290955, 43.9006233], [19.5292585, 43.9005852],
     [19.529333, 43.900560600000006], [19.5293818, 43.900509400000004],
     [19.5294278, 43.9004394], [19.529504300000003, 43.9003809],
     [19.5295808, 43.900335000000005],
     [19.529644100000002, 43.9003345], [19.5297017, 43.9003278],
     [19.5297966, 43.900311300000006], [19.5299659, 43.9003437],
     [19.530028400000003, 43.900338600000005],
     [19.5300903, 43.9003132], [19.530138700000002, 43.9002769],
     [19.530193, 43.900288700000004], [19.5302632, 43.9002725],
     [19.5303568, 43.9002367], [19.530438800000002, 43.9001955],
     [19.5304729, 43.900150700000005],
     [19.530522400000002, 43.9001114], [19.5306767, 43.9000447],
     [19.530735800000002, 43.900010800000004],
     [19.530812100000002, 43.8999879], [19.5309394, 43.8999651],
     [19.531018500000002, 43.8999697],
     [19.5310996, 43.899959700000004],
     [19.5311787, 43.899947000000004], [19.531254, 43.8999232],
     [19.531317700000002, 43.899902600000004],
     [19.531368, 43.899866800000005], [19.5314206, 43.8997979],
     [19.531496500000003, 43.899742], [19.5315732, 43.8997006],
     [19.5315973, 43.8996446], [19.5316136, 43.8995887],
     [19.5316613, 43.8995443],
     [19.531724200000003, 43.899516000000006],
     [19.5319849, 43.899406400000004], [19.5320791, 43.8993715],
     [19.532179000000003, 43.8993236], [19.5323192, 43.8992397],
     [19.5323387, 43.8992068], [19.532361, 43.8991787],
     [19.5323967, 43.8991727], [19.5324631, 43.899172300000004],
     [19.532586600000002, 43.899117000000004],
     [19.5326236, 43.899112800000005],
     [19.532682400000002, 43.8991514],
     [19.532737700000002, 43.8991714],
     [19.5328255, 43.899159700000006],
     [19.532939900000002, 43.899191300000005],
     [19.5329732, 43.8991752], [19.5330163, 43.899101300000005],
     [19.533061800000002, 43.8990499],
     [19.533164600000003, 43.8990055],
     [19.533323900000003, 43.898945100000006],
     [19.533452200000003, 43.8988876], [19.5334973, 43.898902],
     [19.5335486, 43.8989175], [19.533583, 43.8988906],
     [19.5335943, 43.8988582], [19.5336, 43.898812],
     [19.5336229, 43.898774100000004], [19.5338107, 43.8987222],
     [19.5338429, 43.8987004], [19.533843700000002, 43.8986742],
     [19.5338292, 43.898645300000005],
     [19.533838600000003, 43.8985999],
     [19.5339174, 43.898557800000006],
     [19.533975400000003, 43.8985071],
     [19.5340028, 43.898455000000006],
     [19.5341372, 43.898352200000005],
     [19.534258100000002, 43.8983129], [19.5343142, 43.89831],
     [19.5343988, 43.8982691], [19.5344738, 43.898200700000004],
     [19.5345024, 43.8981581], [19.5344975, 43.8981227],
     [19.534483, 43.898086600000006], [19.5344906, 43.8980587],
     [19.534513500000003, 43.8980309], [19.5345497, 43.8979725],
     [19.534640500000002, 43.89786],
     [19.534676400000002, 43.897842000000004],
     [19.5346736, 43.897818900000004],
     [19.5346593, 43.897791600000005],
     [19.534703500000003, 43.897756400000006], [19.5347556, 43.897657],
     [19.534799900000003, 43.897601], [19.5348328, 43.897562900000004],
     [19.5348875, 43.8975024], [19.5349203, 43.897483300000005],
     [19.5349691, 43.897480200000004],
     [19.535006300000003, 43.8974619],
     [19.5350541, 43.897417000000004], [19.5351386, 43.8973765],
     [19.5352161, 43.8973676], [19.5352916, 43.8973463],
     [19.535600900000002, 43.8973749], [19.5359102, 43.8974297],
     [19.5359477, 43.897429], [19.536027400000002, 43.897428600000005],
     [19.5360936, 43.8974083], [19.5361789, 43.8973584],
     [19.536237200000002, 43.8972993],
     [19.5363124, 43.897202500000006], [19.5363866, 43.8971164],
     [19.5364435, 43.897030300000004], [19.536555, 43.896891200000006],
     [19.536583, 43.896821], [19.5365778, 43.896770100000005],
     [19.5365976, 43.8967315], [19.5366295, 43.896724000000006],
     [19.536669200000002, 43.8967344],
     [19.5367347, 43.896777300000004],
     [19.5367907, 43.896824300000006],
     [19.536823300000002, 43.896847400000006],
     [19.536852200000002, 43.896880100000004],
     [19.536919400000002, 43.8969235],
     [19.536962000000003, 43.896935600000006], [19.537001, 43.8969296],
     [19.5370174, 43.896897], [19.5370813, 43.8968943],
     [19.5372005, 43.8969067], [19.5372641, 43.896904],
     [19.5374397, 43.896927700000006], [19.5375663, 43.896904],
     [19.5376929, 43.896898300000004], [19.5377616, 43.8968671],
     [19.5378189, 43.8968263],
     [19.537873100000002, 43.896809700000006], [19.5379513, 43.896791],
     [19.5380445, 43.8967599], [19.538137300000002, 43.8967442],
     [19.538185900000002, 43.896716500000004], [19.538221, 43.8966791],
     [19.5383616, 43.896618200000006],
     [19.5385099, 43.896572500000005],
     [19.538593300000002, 43.8965928],
     [19.538661400000002, 43.8966256], [19.538816800000003, 43.896669],
     [19.5388917, 43.8966648], [19.5389819, 43.8966744],
     [19.539029900000003, 43.896655800000005], [19.5390716, 43.896628],
     [19.539126900000003, 43.8966179],
     [19.5391897, 43.896627900000006],
     [19.5392315, 43.896611500000006], [19.5393049, 43.8965632],
     [19.539378300000003, 43.8965222], [19.5394514, 43.8965022],
     [19.5395194, 43.896499500000004], [19.5395758, 43.8965036],
     [19.5396353, 43.896490400000005], [19.539718800000003, 43.896455],
     [19.5397554, 43.896444800000005], [19.5398034, 43.896441],
     [19.5398701, 43.896450300000005], [19.540022, 43.896482600000006],
     [19.540127400000003, 43.8964787],
     [19.5403403, 43.896438200000006],
     [19.540532900000002, 43.8963886], [19.5407005, 43.8963515],
     [19.5408373, 43.896322700000006], [19.5408994, 43.8963102],
     [19.5409615, 43.896307500000006],
     [19.541037000000003, 43.896308100000006],
     [19.541104800000003, 43.896303200000006],
     [19.5411816, 43.8962853], [19.5412488, 43.8962577],
     [19.5414976, 43.896089100000005],
     [19.541586900000002, 43.896028300000005],
     [19.5416727, 43.896002800000005], [19.5417469, 43.8960087],
     [19.5417893, 43.8960257], [19.5418375, 43.896041600000004],
     [19.541925300000003, 43.896044100000005],
     [19.542018900000002, 43.8960341], [19.5422072, 43.8960001],
     [19.5422513, 43.896006500000006], [19.5422878, 43.8960226],
     [19.542339600000002, 43.896031300000004],
     [19.542402900000003, 43.8960227],
     [19.5425323, 43.895989400000005],
     [19.542692300000002, 43.895969900000004],
     [19.542861000000002, 43.895963800000004], [19.5430162, 43.895975],
     [19.5430658, 43.8959605], [19.5431069, 43.895955400000005],
     [19.543148000000002, 43.8959599], [19.5432069, 43.8959765],
     [19.543367, 43.895978], [19.5434564, 43.895978400000004],
     [19.5435382, 43.895966300000005],
     [19.543629600000003, 43.8959528], [19.5437267, 43.8959338],
     [19.5440374, 43.8959005], [19.544097800000003, 43.8958862],
     [19.544157300000002, 43.895868400000005], [19.5442381, 43.895828],
     [19.5442834, 43.8957868],
     [19.544325500000003, 43.895745500000004],
     [19.5443842, 43.8956831], [19.5444324, 43.8955841],
     [19.5444469, 43.895542500000005],
     [19.5444748, 43.895507900000005], [19.544519, 43.8954656],
     [19.544570800000002, 43.8954302], [19.544620700000003, 43.895422],
     [19.544687800000002, 43.895429], [19.5447981, 43.895443300000004],
     [19.544821600000002, 43.895473200000005],
     [19.5448719, 43.895487900000006],
     [19.544962100000003, 43.8954729],
     [19.545048400000002, 43.8954772], [19.545098600000003, 43.895456],
     [19.5451565, 43.895429400000005],
     [19.545277900000002, 43.895410600000005],
     [19.545432100000003, 43.895382700000006],
     [19.5455882, 43.895366900000006], [19.545749, 43.8953391],
     [19.5459527, 43.8952657], [19.5461564, 43.8951919],
     [19.5463638, 43.895093100000004], [19.5464778, 43.895034],
     [19.5465646, 43.894984400000006],
     [19.5466486, 43.894923500000004],
     [19.546760600000002, 43.894806300000006],
     [19.5468856, 43.8946977], [19.546941800000003, 43.894665],
     [19.547015000000002, 43.8946352], [19.5470778, 43.8946114],
     [19.547154000000003, 43.8945931],
     [19.547248200000002, 43.894580500000004],
     [19.5473217, 43.8945852], [19.5474271, 43.894604300000005],
     [19.547469200000002, 43.894633400000004],
     [19.547506600000002, 43.894667600000005],
     [19.547522800000003, 43.894670600000005],
     [19.547565900000002, 43.8946844], [19.5476283, 43.8946818],
     [19.547667500000003, 43.894671],
     [19.547705200000003, 43.894642100000006],
     [19.547735300000003, 43.894595], [19.547842000000003, 43.8943394],
     [19.5478691, 43.894282600000004],
     [19.5479242, 43.894238200000004],
     [19.547993400000003, 43.8942033],
     [19.548114700000003, 43.8942009],
     [19.548387400000003, 43.894195100000005],
     [19.548513, 43.894172700000006], [19.548588300000002, 43.8941479],
     [19.5486708, 43.8940998], [19.5487426, 43.8940457],
     [19.5488055, 43.893929], [19.548854300000002, 43.8938123],
     [19.548879, 43.8937729], [19.5489608, 43.893712300000004],
     [19.5490213, 43.8936775],
     [19.549134000000002, 43.893624200000005],
     [19.5492449, 43.893607200000005], [19.549364500000003, 43.893611],
     [19.549598, 43.893652200000005], [19.5498359, 43.8936955],
     [19.550067900000002, 43.8937577],
     [19.5502882, 43.893768300000005],
     [19.550508500000003, 43.893795600000004],
     [19.5507259, 43.893856500000005], [19.5509491, 43.8938964],
     [19.55113, 43.8938993], [19.551321100000003, 43.8938969],
     [19.5514867, 43.8938951], [19.5516276, 43.893911100000004],
     [19.551708, 43.8939231], [19.5517766, 43.8939486],
     [19.551861000000002, 43.8939886],
     [19.552074100000002, 43.8941183],
     [19.552155900000002, 43.8941687],
     [19.552388200000003, 43.894311900000005],
     [19.552490900000002, 43.894348400000005],
     [19.5525683, 43.894362900000004],
     [19.552645700000003, 43.894366100000006],
     [19.5527903, 43.8943639], [19.5530243, 43.8943327],
     [19.5531957, 43.894301500000005], [19.5535147, 43.8942192],
     [19.5536597, 43.8942136], [19.5538151, 43.8942192],
     [19.553956900000003, 43.8942148], [19.5547204, 43.8941078],
     [19.5546949, 43.8940259], [19.554721800000003, 43.8939782],
     [19.5547901, 43.8939224],
     [19.555229500000003, 43.893666700000004],
     [19.5554479, 43.8935395]]}},
  {"type":"Feature",
   "properties":{},
   "geometry":
   {"type":"LineString",
    "coordinates":
    [[19.5253908, 43.901461600000005], [19.5252865, 43.9014425]]}},
  {"type":"Feature",
   "properties":{},
   "geometry":
   {"type":"LineString",
    "coordinates":
    [[19.5252865, 43.9014425], [19.5251357, 43.9013963],
     [19.5250092, 43.9013578], [19.5249706, 43.901346000000004]]}},
  {"type":"Feature",
   "properties":{},
   "geometry":
   {"type":"LineString",
    "coordinates":
    [[19.5249706, 43.901346000000004],
     [19.524936200000003, 43.9013353]]}},
  {"type":"Feature",
   "properties":{},
   "geometry":
   {"type":"LineString",
    "coordinates":
    [[19.5229597, 43.9009037], [19.5229556, 43.9008613],
     [19.522945800000002, 43.9008133],
     [19.5228979, 43.900626800000005], [19.522849, 43.9004625],
     [19.522828500000003, 43.900317900000005],
     [19.522836400000003, 43.900208400000004],
     [19.522878300000002, 43.9000824],
     [19.522906600000002, 43.9000022], [19.5229386, 43.8998623],
     [19.5229965, 43.899713000000006], [19.5230845, 43.8995161],
     [19.5231394, 43.899481400000006],
     [19.523182000000002, 43.899497800000006], [19.5231819, 43.899549],
     [19.5231453, 43.8996336], [19.523119400000002, 43.8997374],
     [19.523122100000002, 43.8998247],
     [19.523143100000002, 43.899911800000005],
     [19.5231584, 43.8999815], [19.523174700000002, 43.9000566],
     [19.523196900000002, 43.900117800000004],
     [19.5232537, 43.9002184], [19.5232926, 43.900280200000005],
     [19.523349, 43.900355100000006], [19.5233785, 43.9003877],
     [19.5234364, 43.900431600000005],
     [19.5236078, 43.900528200000004],
     [19.5237251, 43.900583000000005],
     [19.523842300000002, 43.900626800000005],
     [19.5241061, 43.900708900000005],
     [19.5242833, 43.900767900000005], [19.5243989, 43.90082],
     [19.5244591, 43.900857800000004],
     [19.524503900000003, 43.9008929], [19.5246114, 43.9010012],
     [19.5247354, 43.9011458], [19.524843, 43.901247500000004],
     [19.524936200000003, 43.9013353]]}},
  {"type":"Feature",
   "properties":{},
   "geometry":
   {"type":"LineString",
    "coordinates":
    [[19.522073300000002, 43.900290600000005],
     [19.522208900000003, 43.9003998],
     [19.5224046, 43.900548300000004],
     [19.5225142, 43.900612200000005],
     [19.522629000000002, 43.9006874], [19.5227437, 43.9007701],
     [19.5228898, 43.900862200000006], [19.5229597, 43.9009037]]}},
  {"type":"Feature",
   "properties":{},
   "geometry":
   {"type":"LineString",
    "coordinates":
    [[19.5215289, 43.8989666], [19.5216049, 43.8991156],
     [19.5216701, 43.8992118], [19.5220096, 43.8995058],
     [19.5220877, 43.8995997],
     [19.522130100000002, 43.899712400000006],
     [19.5221431, 43.8998226], [19.522117100000003, 43.8999189],
     [19.5220804, 43.9001809],
     [19.522073300000002, 43.900290600000005]]}},
  {"type":"Feature",
   "properties":{},
   "geometry":
   {"type":"LineString",
    "coordinates":
    [[19.5198886, 43.897489300000004],
     [19.520364100000002, 43.8976113],
     [19.520693100000003, 43.8977099], [19.5210383, 43.8978343],
     [19.521181600000002, 43.8979469],
     [19.5213249, 43.898191000000004], [19.52139, 43.8984327],
     [19.5215289, 43.8989666]]}},
  {"type":"Feature",
   "properties":{},
   "geometry":
   {"type":"LineString",
    "coordinates":
    [[19.5198886, 43.897489300000004],
     [19.5199357, 43.897552700000006],
     [19.519970100000002, 43.897618400000006],
     [19.520000900000003, 43.8976807],
     [19.5200222, 43.897752100000005], [19.5200722, 43.897987],
     [19.520084100000002, 43.8980666], [19.52008, 43.898135700000005],
     [19.520066500000002, 43.8982049],
     [19.520020300000002, 43.8983112],
     [19.519973200000003, 43.8983804], [19.5199262, 43.8984383],
     [19.519805100000003, 43.898541400000006], [19.5197103, 43.898603],
     [19.5195632, 43.8986748],
     [19.519384600000002, 43.898742000000006],
     [19.5192041, 43.8987986], [19.5190378, 43.8988438],
     [19.5188574, 43.8988749], [19.5186771, 43.898889100000005],
     [19.5185445, 43.8988868], [19.5183658, 43.898872600000004],
     [19.5182337, 43.8988597], [19.518089, 43.898834400000005],
     [19.5179332, 43.898797300000005], [19.5178078, 43.898764],
     [19.5176476, 43.898707800000004], [19.5175084, 43.8986383],
     [19.5173835, 43.898568700000006], [19.5172728, 43.898501],
     [19.5172032, 43.898450000000004],
     [19.5170971, 43.898360200000006], [19.5169664, 43.8982301],
     [19.516838800000002, 43.898102400000006],
     [19.516657300000002, 43.897930300000006],
     [19.516547300000003, 43.897842000000004],
     [19.5164467, 43.8977652], [19.5163422, 43.897700900000004],
     [19.516255100000002, 43.8976708]]}},
  {"type":"Feature",
   "properties":{},
   "geometry":
   {"type":"LineString",
    "coordinates":
    [[19.516255100000002, 43.8976708],
     [19.5160988, 43.897664400000004], [19.5159868, 43.8976649],
     [19.515873300000003, 43.8976789], [19.5157724, 43.897702],
     [19.5156624, 43.897743600000005],
     [19.515572300000002, 43.8978058], [19.5154949, 43.8978793],
     [19.5151881, 43.8981858], [19.5148559, 43.8985106],
     [19.514757900000003, 43.8986321],
     [19.514733500000002, 43.8986725]]}},
  {"type":"Feature",
   "properties":{},
   "geometry":
   {"type":"LineString",
    "coordinates":
    [[19.514733500000002, 43.8986725],
     [19.5147207, 43.898693900000005],
     [19.5146978, 43.898744300000004],
     [19.514652700000003, 43.8988923], [19.514617, 43.8990847],
     [19.5145965, 43.899225400000006], [19.5146044, 43.8994955],
     [19.514609200000002, 43.8996561],
     [19.514598900000003, 43.8997113],
     [19.514584300000003, 43.899756000000004],
     [19.514570600000003, 43.8997881],
     [19.514547500000003, 43.8998179], [19.5145, 43.899859500000005],
     [19.5144336, 43.8998931], [19.5143577, 43.899923900000005],
     [19.5140025, 43.9000391], [19.51388, 43.9000719],
     [19.5137575, 43.9001001], [19.5136076, 43.9001291],
     [19.513096700000002, 43.9002106], [19.5130352, 43.9002222],
     [19.5129761, 43.9002373], [19.5129157, 43.9002562]]}},
  {"type":"Feature",
   "properties":{},
   "geometry":
   {"type":"LineString",
    "coordinates":
    [[19.5129157, 43.9002562], [19.512884, 43.900266200000004],
     [19.5127917, 43.9002989], [19.512707600000002, 43.9003334],
     [19.512628300000003, 43.9003713], [19.5125482, 43.9004123],
     [19.5123323, 43.900546000000006], [19.5122316, 43.9006045],
     [19.512164600000002, 43.9006392], [19.5120994, 43.9006667],
     [19.5120247, 43.9006989],
     [19.511803200000003, 43.900795800000004],
     [19.5116379, 43.9008619], [19.5115474, 43.9009026],
     [19.5114889, 43.9009325], [19.5114254, 43.900975],
     [19.5113685, 43.901021500000006],
     [19.511326500000003, 43.9010593],
     [19.5112922, 43.901095100000006],
     [19.511258700000003, 43.9011335], [19.5112321, 43.901164],
     [19.511004500000002, 43.9014454],
     [19.510907200000002, 43.9015861],
     [19.5108189, 43.901709000000004], [19.5107891, 43.9017658],
     [19.5107655, 43.9018296], [19.510748200000002, 43.901895],
     [19.510742, 43.9020049], [19.5107506, 43.902164000000006],
     [19.510765600000003, 43.902449700000005],
     [19.510762800000002, 43.9024742],
     [19.5107578, 43.902517800000005], [19.5107483, 43.9025827],
     [19.510740600000002, 43.902628], [19.510736, 43.902643700000006],
     [19.510726700000003, 43.9026757],
     [19.5107004, 43.902726400000006], [19.510673, 43.902773200000006],
     [19.510610500000002, 43.902874700000005],
     [19.5105679, 43.902930500000004],
     [19.510498300000002, 43.902989700000006],
     [19.510415400000003, 43.9030482], [19.5103325, 43.9030999],
     [19.5102078, 43.9031668], [19.5101128, 43.9032173],
     [19.5099617, 43.903296600000004],
     [19.509866000000002, 43.903352000000005],
     [19.509800300000002, 43.903393], [19.5097472, 43.903434000000004],
     [19.5096475, 43.903525300000005],
     [19.509568400000003, 43.9036095],
     [19.5091934, 43.904089400000004], [19.5091404, 43.9041597],
     [19.5090273, 43.9043669], [19.508975200000002, 43.904439],
     [19.508918, 43.9045043], [19.5088545, 43.9045639],
     [19.508774900000002, 43.904626], [19.508657, 43.9046898],
     [19.5085225, 43.9047533], [19.5083866, 43.904807500000004],
     [19.508189700000003, 43.904867200000005],
     [19.507883500000002, 43.904957800000005],
     [19.5076699, 43.9050274], [19.5075711, 43.9050644],
     [19.5074849, 43.905103800000006],
     [19.5073271, 43.905175400000005],
     [19.507077900000002, 43.9053191],
     [19.5068255, 43.905468500000005],
     [19.506747400000002, 43.905511100000005],
     [19.5066692, 43.905556000000004], [19.5065588, 43.9056286],
     [19.5064442, 43.9057272],
     [19.506278700000003, 43.905918500000006], [19.5061734, 43.906063],
     [19.5060225, 43.9063019],
     [19.505891000000002, 43.906543600000006],
     [19.5057745, 43.9067578], [19.505738400000002, 43.9068673],
     [19.505725100000003, 43.906934500000006],
     [19.505730800000002, 43.9070109], [19.5057526, 43.9070983],
     [19.505798300000002, 43.9071876],
     [19.5058671, 43.907276800000005], [19.5059486, 43.9073785],
     [19.5059709, 43.9074217], [19.5059837, 43.9074648],
     [19.505998, 43.907546800000006], [19.5059846, 43.907600300000006],
     [19.5059554, 43.907644700000006],
     [19.505916900000003, 43.907701100000004],
     [19.5058593, 43.907764300000004], [19.5057474, 43.907836],
     [19.505583700000003, 43.9079132],
     [19.505188200000003, 43.9081041],
     [19.504683500000002, 43.9083708],
     [19.504574100000003, 43.9084318], [19.5044806, 43.9084963],
     [19.504321, 43.908616300000006],
     [19.504158800000003, 43.908764700000006], [19.504106, 43.9088209],
     [19.5040741, 43.908877100000005], [19.5040409, 43.9089327],
     [19.5040115, 43.908976], [19.503979, 43.9090147],
     [19.5039307, 43.909057600000004], [19.503876, 43.909095900000004],
     [19.5037379, 43.9091869], [19.5035576, 43.909324000000005],
     [19.5034357, 43.909412800000005],
     [19.503345900000003, 43.9094813], [19.5031119, 43.9096916],
     [19.5029819, 43.909769700000005], [19.5028799, 43.9098127],
     [19.502734200000003, 43.9098483], [19.5025653, 43.9098733],
     [19.502338, 43.909894200000004], [19.50207, 43.909915000000005],
     [19.501609300000002, 43.9099274],
     [19.5015167, 43.909924200000006],
     [19.501456100000002, 43.909916700000004],
     [19.5014112, 43.909907100000005],
     [19.5013575, 43.909887100000006], [19.5011276, 43.9097987],
     [19.501046900000002, 43.909779300000004],
     [19.500955400000002, 43.9097743],
     [19.500859900000002, 43.9097935],
     [19.5007859, 43.909826300000006],
     [19.500746900000003, 43.909854900000006],
     [19.5007126, 43.909897300000004], [19.5007254, 43.9099597],
     [19.500771800000003, 43.910018], [19.5008188, 43.9100533],
     [19.5009066, 43.9100929], [19.5010081, 43.910118100000005],
     [19.5011474, 43.9101433], [19.501376, 43.910180000000004],
     [19.5014611, 43.910203100000004], [19.5015255, 43.9102231],
     [19.501591400000002, 43.9102472],
     [19.501647900000002, 43.9102708], [19.5017044, 43.9103027],
     [19.5018277, 43.910375], [19.501911, 43.9104406],
     [19.5020294, 43.9105483], [19.5022661, 43.9108078],
     [19.5027008, 43.9112401], [19.503033300000002, 43.9114202],
     [19.503113600000002, 43.9114689], [19.5031944, 43.9115272],
     [19.5032527, 43.911578600000006], [19.503316, 43.911648400000004],
     [19.5033566, 43.9117181], [19.5034026, 43.911808900000004],
     [19.5035056, 43.9120769], [19.5035551, 43.9121618],
     [19.5036208, 43.9122514], [19.5037342, 43.912432700000004],
     [19.503787600000003, 43.9125357],
     [19.5037954, 43.912582400000005], [19.503783900000002, 43.912616],
     [19.5037691, 43.9126368], [19.5037102, 43.9126678]]}},
  {"type":"Feature",
   "properties":{},
   "geometry":
   {"type":"LineString",
    "coordinates":
    [[19.5014302, 43.914929400000005],
     [19.501592300000002, 43.9149552],
     [19.501783200000002, 43.914972000000006],
     [19.501953800000003, 43.914963], [19.502125, 43.9149353],
     [19.502269300000002, 43.914896000000006],
     [19.5025687, 43.914798000000005], [19.5030398, 43.914611],
     [19.5032409, 43.914532], [19.5033736, 43.9144518],
     [19.503455300000002, 43.914373000000005],
     [19.5035235, 43.9142926], [19.503581200000003, 43.9141892],
     [19.503639, 43.914063500000005], [19.503657, 43.913990600000005],
     [19.503675100000002, 43.9138442],
     [19.5037434, 43.913602000000004],
     [19.5038124, 43.913428800000005],
     [19.503876400000003, 43.913303500000005],
     [19.503891300000003, 43.9132596], [19.5039002, 43.9132072],
     [19.5038962, 43.9131482], [19.503880300000002, 43.9130863],
     [19.5037102, 43.9126678]]}},
  {"type":"Feature",
   "properties":{},
   "geometry":
   {"type":"LineString",
    "coordinates":
    [[19.5014302, 43.914929400000005], [19.5011738, 43.9151686],
     [19.501175800000002, 43.9154867]]}},
  {"type":"Feature",
   "properties":{},
   "geometry":
   {"type":"LineString",
    "coordinates":
    [[19.501152700000002, 43.915596400000005],
     [19.5011839, 43.915589700000005], [19.5012186, 43.9155698],
     [19.5012282, 43.9155505], [19.501224, 43.915531200000004],
     [19.501208000000002, 43.915508900000006],
     [19.501175800000002, 43.9154867]]}},
  {"type":"Feature",
   "properties":{},
   "geometry":
   {"type":"LineString",
    "coordinates":
    [[19.501152700000002, 43.915596400000005],
     [19.5009716, 43.9158623]]}},
  {"type":"Feature",
   "properties":{},
   "geometry":
   {"type":"LineString",
    "coordinates":
    [[19.5024234, 43.922131300000004],
     [19.502190000000002, 43.9217853], [19.5021567, 43.9217164],
     [19.502145000000002, 43.9216574], [19.5021479, 43.9215831],
     [19.5022685, 43.9212883], [19.502314000000002, 43.9205063],
     [19.5023045, 43.920430200000006],
     [19.502280900000002, 43.9203595],
     [19.502228000000002, 43.9202795], [19.5021776, 43.9202297],
     [19.5019233, 43.9200102], [19.501864400000002, 43.9199502],
     [19.501712700000002, 43.919787], [19.501672600000003, 43.9197347],
     [19.5016424, 43.9196801], [19.5016238, 43.919634900000005],
     [19.5016053, 43.919571000000005],
     [19.501552200000003, 43.919169600000004], [19.501465, 43.9187646],
     [19.5013885, 43.9185517], [19.5013486, 43.918457000000004],
     [19.5012957, 43.9183576], [19.501169, 43.9181712],
     [19.5011465, 43.9181303], [19.5011304, 43.918072900000006],
     [19.5010672, 43.9177187], [19.5009334, 43.9172851],
     [19.5009002, 43.917219100000004], [19.5008659, 43.9171762],
     [19.5008102, 43.917141900000004],
     [19.5007185, 43.917115700000004], [19.5006588, 43.9170889],
     [19.500618000000003, 43.917050800000005],
     [19.500567500000002, 43.9169822],
     [19.5005087, 43.916854400000005], [19.5004604, 43.9167404],
     [19.5003761, 43.916547400000006],
     [19.500356800000002, 43.916481000000005],
     [19.500357, 43.916423200000004], [19.5003637, 43.9163701],
     [19.500389900000002, 43.916319300000005],
     [19.5004226, 43.916273200000006],
     [19.500482100000003, 43.916229200000004],
     [19.5005214, 43.9162106], [19.500570500000002, 43.9161943],
     [19.5007042, 43.9161851],
     [19.500834700000002, 43.916180600000004],
     [19.500875200000003, 43.9161719], [19.5009124, 43.9161562],
     [19.5009464, 43.9161337], [19.5009707, 43.9161112],
     [19.500999800000002, 43.9160522],
     [19.5010081, 43.915959900000004], [19.5009985, 43.9159086],
     [19.5009716, 43.9158623]]}},
  {"type":"Feature",
   "properties":{},
   "geometry":
   {"type":"LineString",
    "coordinates":
    [[19.5024234, 43.922131300000004], [19.5023564, 43.92219],
     [19.502338, 43.9222228], [19.5023261, 43.9222556],
     [19.5023056, 43.9223258], [19.5023079, 43.922370300000004],
     [19.5023135, 43.9224218], [19.5024199, 43.922678600000005],
     [19.5024719, 43.922767900000004],
     [19.502494600000002, 43.922837300000005],
     [19.5024978, 43.922912600000004],
     [19.5024698, 43.923033800000006],
     [19.502418600000002, 43.923117000000005], [19.5022458, 43.92334],
     [19.5020667, 43.923604100000006],
     [19.5019807, 43.923706200000005],
     [19.501894800000002, 43.9237965], [19.5018108, 43.923881],
     [19.501547300000002, 43.924134800000004],
     [19.5014718, 43.924188400000006], [19.5014012, 43.924222],
     [19.5012796, 43.92428], [19.501104700000003, 43.9243559],
     [19.5009601, 43.9244281], [19.500672, 43.9245778],
     [19.500628300000002, 43.9245984],
     [19.500252500000002, 43.9247795],
     [19.500015400000002, 43.9249091],
     [19.499998400000003, 43.9249184],
     [19.499710200000003, 43.9250642],
     [19.4994765, 43.925170300000005],
     [19.499303100000002, 43.9252424],
     [19.499015500000002, 43.9253209],
     [19.498857400000002, 43.925364800000004],
     [19.4986611, 43.9254217], [19.4984647, 43.9254918],
     [19.498326900000002, 43.925541700000004],
     [19.4978425, 43.925789900000005],
     [19.497675400000002, 43.925905400000005],
     [19.497601, 43.925981500000006], [19.4975323, 43.926078800000006],
     [19.497445900000002, 43.9262158], [19.497403600000002, 43.926268],
     [19.4971916, 43.926524], [19.4971023, 43.9266123],
     [19.496812900000002, 43.9268304],
     [19.496651200000002, 43.9269285],
     [19.496589500000002, 43.9269819], [19.4965248, 43.9270865],
     [19.496454500000002, 43.927160900000004], [19.4963868, 43.927218],
     [19.4963036, 43.9272585], [19.4962059, 43.9272858],
     [19.496041, 43.927321400000004], [19.4958899, 43.927393900000006],
     [19.495756200000002, 43.9274987],
     [19.4955916, 43.927603500000004],
     [19.495548900000003, 43.927648700000006],
     [19.4955134, 43.9277044], [19.4954877, 43.9277979],
     [19.4954772, 43.9279056]]}},
  {"type":"Feature",
   "properties":{},
   "geometry":
   {"type":"LineString",
    "coordinates":
    [[19.4954772, 43.9279056], [19.4954904, 43.928176],
     [19.4954964, 43.9282338], [19.4955181, 43.928291],
     [19.495571100000003, 43.9283638],
     [19.495728200000002, 43.9285225], [19.495934600000002, 43.928801],
     [19.495988200000003, 43.9288637],
     [19.4960209, 43.928890800000005],
     [19.496053500000002, 43.928905300000004],
     [19.4963154, 43.928969]]}},
  {"type":"Feature",
   "properties":{},
   "geometry":
   {"type":"LineString",
    "coordinates":
    [[19.4963154, 43.928969], [19.4963531, 43.9292376],
     [19.4963483, 43.929468500000006],
     [19.496406200000003, 43.9298804],
     [19.496601000000002, 43.9301429], [19.4966227, 43.9303092],
     [19.4966191, 43.9306263], [19.496846400000003, 43.931263],
     [19.496860400000003, 43.9314357]]}},
  {"type":"Feature",
   "properties":{},
   "geometry":
   {"type":"LineString",
    "coordinates":
    [[19.4907247, 43.9328501], [19.4909323, 43.9328002],
     [19.4911837, 43.932803500000006], [19.491509, 43.9326974],
     [19.4918173, 43.9325963],
     [19.492059700000002, 43.932544500000006],
     [19.4923305, 43.9325072], [19.4925497, 43.932426],
     [19.4928317, 43.932250700000004], [19.4929463, 43.932169],
     [19.4930799, 43.932037], [19.4932774, 43.931891300000004],
     [19.4935405, 43.9317641], [19.4943876, 43.931525],
     [19.4945258, 43.9315136], [19.494664800000002, 43.9315191],
     [19.4949732, 43.9316511], [19.495184300000002, 43.931688],
     [19.495502300000002, 43.931693], [19.4959333, 43.9316296],
     [19.4963917, 43.9315087], [19.496860400000003, 43.9314357]]}},
  {"type":"Feature",
   "properties":{},
   "geometry":
   {"type":"LineString",
    "coordinates":
    [[19.4907247, 43.9328501], [19.490567900000002, 43.9330148],
     [19.4903446, 43.9334049], [19.4902747, 43.9334964],
     [19.490189100000002, 43.93358], [19.4898348, 43.9338512],
     [19.489761700000003, 43.933908300000006],
     [19.4895304, 43.934104000000005],
     [19.489173400000002, 43.9343548],
     [19.488955800000003, 43.9344855], [19.4887655, 43.9345755],
     [19.488561100000002, 43.934668300000006],
     [19.488344400000003, 43.934765000000006],
     [19.4881527, 43.934835500000005], [19.4878453, 43.9349311],
     [19.487624800000003, 43.9349712],
     [19.487322900000002, 43.9349992], [19.4871501, 43.9350378],
     [19.4869327, 43.935114600000006],
     [19.4867987, 43.935147900000004], [19.4864457, 43.9351879],
     [19.486276800000002, 43.9352211],
     [19.486110200000002, 43.9352857],
     [19.485959700000002, 43.9353193],
     [19.485753600000002, 43.935321200000004],
     [19.485406100000002, 43.9352907],
     [19.4849423, 43.935293200000004], [19.4846255, 43.9353156],
     [19.4844721, 43.935333500000006], [19.4843452, 43.9353642],
     [19.484142300000002, 43.935444800000006],
     [19.484060900000003, 43.9354857],
     [19.483999700000002, 43.935543100000004],
     [19.4838986, 43.935647800000005], [19.4837932, 43.9356923],
     [19.483681, 43.935706], [19.483549500000002, 43.935687],
     [19.483117, 43.935482500000006], [19.482946600000002, 43.9354183],
     [19.4827841, 43.9353946], [19.4826482, 43.9354147],
     [19.4825075, 43.9354473], [19.482188400000002, 43.9355515],
     [19.4819365, 43.935582100000005],
     [19.481544200000002, 43.935555300000004],
     [19.4812659, 43.935567600000006], [19.4810142, 43.9355959],
     [19.4808767, 43.935635100000006],
     [19.480723100000002, 43.9357296],
     [19.4805587, 43.935813700000004], [19.4804315, 43.9358615],
     [19.4802375, 43.935891500000004],
     [19.480049100000002, 43.9358804], [19.4797637, 43.9358343],
     [19.479633500000002, 43.935818700000006],
     [19.4793874, 43.935745000000004], [19.4790388, 43.9355885],
     [19.4787581, 43.9354199], [19.478623600000002, 43.9353211],
     [19.478519300000002, 43.9352998],
     [19.478422300000002, 43.935318]]}},
  {"type":"Feature",
   "properties":{},
   "geometry":
   {"type":"LineString",
    "coordinates":
    [[19.473631100000002, 43.938484300000006],
     [19.4738061, 43.9382156], [19.4738654, 43.938154600000004],
     [19.4739362, 43.938082900000005], [19.4740448, 43.938015],
     [19.474240400000003, 43.937911], [19.4743466, 43.9378322],
     [19.4745527, 43.937662200000005], [19.4747132, 43.937572],
     [19.4748416, 43.9375261], [19.474951100000002, 43.9375075],
     [19.475107700000002, 43.9374892],
     [19.475234200000003, 43.9374625],
     [19.475333600000003, 43.937445000000004],
     [19.4755635, 43.9373889], [19.475736400000002, 43.9373291],
     [19.4758593, 43.937282200000006],
     [19.4759895, 43.937208000000005], [19.476405, 43.936955100000006],
     [19.4765115, 43.936857800000006],
     [19.4765872, 43.936714200000004], [19.4766868, 43.9365913],
     [19.476840900000003, 43.936430200000004],
     [19.476998100000003, 43.9363295], [19.477172, 43.936248500000005],
     [19.4775429, 43.936138400000004],
     [19.477875100000002, 43.9360166], [19.4779968, 43.9359357],
     [19.478078500000002, 43.9358741],
     [19.478151500000003, 43.935796200000006],
     [19.478219600000003, 43.935701200000004],
     [19.478422300000002, 43.935318]]}},
  {"type":"Feature",
   "properties":{},
   "geometry":
   {"type":"LineString",
    "coordinates":
    [[19.473631100000002, 43.938484300000006],
     [19.4735078, 43.9384929],
     [19.473302200000003, 43.938544300000004],
     [19.472899100000003, 43.9386017],
     [19.4725162, 43.938681700000004], [19.4722677, 43.9387051],
     [19.471928600000002, 43.938719500000005],
     [19.4717699, 43.938731700000005],
     [19.471668400000002, 43.9387458], [19.4712755, 43.9388407],
     [19.4711165, 43.9388614], [19.4709375, 43.938865500000006],
     [19.470830600000003, 43.9388529], [19.4706873, 43.9388279]]}},
  {"type":"Feature",
   "properties":{},
   "geometry":
   {"type":"LineString",
    "coordinates":
    [[19.4706873, 43.9388279], [19.470529300000003, 43.9388383],
     [19.4704236, 43.938847100000004], [19.4702913, 43.938851],
     [19.4701302, 43.9388495], [19.4699809, 43.938838100000005],
     [19.469884, 43.9388366], [19.4698108, 43.9388372],
     [19.469705, 43.9388431], [19.4696249, 43.9388518],
     [19.4694822, 43.9388753],
     [19.469400800000003, 43.938892700000004],
     [19.469317500000002, 43.9389144],
     [19.4691934, 43.938949400000006], [19.4690516, 43.9389929],
     [19.468892500000003, 43.9390464], [19.4687673, 43.9390963],
     [19.4686741, 43.9391351],
     [19.468573900000003, 43.939181000000005],
     [19.468405100000002, 43.939264300000005],
     [19.4683397, 43.939285600000005],
     [19.468274400000002, 43.9393012], [19.4681436, 43.9393248],
     [19.467992600000002, 43.939341600000006],
     [19.4673543, 43.939415600000004], [19.4666314, 43.9394883],
     [19.466507200000002, 43.939508100000005], [19.466411, 43.9395401],
     [19.466306900000003, 43.939593900000006],
     [19.466247600000003, 43.9396208],
     [19.466142100000003, 43.939645000000006],
     [19.465939300000002, 43.939674600000004]]}},
  {"type":"Feature",
   "properties":{},
   "geometry":
   {"type":"LineString",
    "coordinates":
    [[19.4622549, 43.940463400000006], [19.4623119, 43.9404756],
     [19.4624105, 43.9404964], [19.462497000000003, 43.9405008],
     [19.462547800000003, 43.9404977], [19.4625947, 43.9404904],
     [19.4626433, 43.940479200000006], [19.4626918, 43.9404638],
     [19.462796400000002, 43.9404211], [19.4628541, 43.9404029],
     [19.462909, 43.940392700000004],
     [19.462956000000002, 43.940385400000004],
     [19.463010500000003, 43.9403798], [19.4630808, 43.9403784],
     [19.4632581, 43.9403896], [19.463339100000002, 43.9403888],
     [19.4633927, 43.9403835], [19.4634483, 43.940374000000006],
     [19.4635004, 43.9403579],
     [19.463552500000002, 43.940333700000004],
     [19.4636342, 43.940290700000006],
     [19.463670800000003, 43.9402793], [19.4637233, 43.9402721],
     [19.463771100000002, 43.9402695],
     [19.4638446, 43.940266900000005],
     [19.463907300000002, 43.940258400000005],
     [19.463993600000002, 43.9402374],
     [19.464042300000003, 43.940221400000006],
     [19.4641099, 43.940193900000004], [19.4642348, 43.9401379],
     [19.4642833, 43.940117300000004],
     [19.4643734, 43.940088200000005],
     [19.464706500000002, 43.9400008],
     [19.4653136, 43.939852800000004], [19.465477, 43.9398124],
     [19.4655489, 43.939799], [19.4656731, 43.9397855],
     [19.4657471, 43.9397638], [19.4657987, 43.939742200000005],
     [19.4658877, 43.939707000000006],
     [19.465939300000002, 43.939674600000004]]}},
  {"type":"Feature",
   "properties":{},
   "geometry":
   {"type":"LineString",
    "coordinates":
    [[19.4585838, 43.9402977], [19.4587451, 43.9403364],
     [19.458915700000002, 43.9403706], [19.4590968, 43.9404009],
     [19.4591923, 43.9404168], [19.459292400000002, 43.9404261],
     [19.459382700000003, 43.940431200000006], [19.4594582, 43.940434],
     [19.459547500000003, 43.940431100000005],
     [19.4597717, 43.9404155], [19.4598525, 43.9404144],
     [19.459909500000002, 43.9404176],
     [19.4599657, 43.940426900000006], [19.46002, 43.9404448],
     [19.4601879, 43.940516900000006], [19.460343, 43.9405908],
     [19.4604092, 43.940619700000006], [19.4604754, 43.940643],
     [19.460573500000002, 43.9406704], [19.4606676, 43.9406906],
     [19.4607646, 43.940708300000004],
     [19.4608537, 43.940720400000004],
     [19.460933800000003, 43.9407282],
     [19.460996100000003, 43.940730300000006],
     [19.4611381, 43.9407264], [19.461200100000003, 43.9407207],
     [19.461274, 43.9407136], [19.4613511, 43.9407003],
     [19.4614362, 43.940679800000005], [19.461647600000003, 43.940606],
     [19.4619104, 43.9405093], [19.462026400000003, 43.9404787],
     [19.4621239, 43.940461400000004],
     [19.462191400000002, 43.9404588],
     [19.4622549, 43.940463400000006]]}},
  {"type":"Feature",
   "properties":{},
   "geometry":
   {"type":"LineString",
    "coordinates":
    [[19.4580191, 43.940044900000004], [19.4582865, 43.9401722],
     [19.4583781, 43.9402046], [19.4584997, 43.9402544],
     [19.4585838, 43.9402977]]}},
  {"type":"Feature",
   "properties":{},
   "geometry":
   {"type":"LineString",
    "coordinates":
    [[19.4580191, 43.940044900000004],
     [19.4579235, 43.939968400000005], [19.457865, 43.939945300000005],
     [19.4577966, 43.9399248], [19.4576907, 43.9399042],
     [19.4575855, 43.9399025], [19.4574533, 43.939903400000006],
     [19.457318700000002, 43.939906400000005],
     [19.4571329, 43.939872900000005],
     [19.4569502, 43.939817700000006],
     [19.4567909, 43.939746400000004], [19.456281, 43.9397098],
     [19.4556051, 43.9396635], [19.4553189, 43.9396459],
     [19.4550236, 43.939664900000004], [19.4547996, 43.9397363],
     [19.4546345, 43.9398708], [19.4545026, 43.940035300000005],
     [19.4542116, 43.940266900000005],
     [19.4540118, 43.940443300000005], [19.453833, 43.9406988]]}},
  {"type":"Feature",
   "properties":{},
   "geometry":
   {"type":"LineString",
    "coordinates":
    [[19.4510572, 43.938072600000005],
     [19.451814600000002, 43.9384523],
     [19.4518783, 43.938806500000005],
     [19.451900900000002, 43.9389486], [19.4519337, 43.9390602],
     [19.451971500000003, 43.939156600000004],
     [19.4519986, 43.939206600000006], [19.4521675, 43.9394226],
     [19.4522386, 43.9395254],
     [19.452264200000002, 43.939564600000004],
     [19.4522838, 43.939605900000004],
     [19.4522973, 43.939648600000005], [19.4523125, 43.9397438],
     [19.452323200000002, 43.9397907],
     [19.452337500000002, 43.939837100000005],
     [19.452351800000002, 43.9398764],
     [19.452372800000003, 43.939924100000006],
     [19.452395300000003, 43.9399602], [19.452437500000002, 43.940012],
     [19.452488300000002, 43.940070000000006],
     [19.452512600000002, 43.9401048],
     [19.452533000000003, 43.9401439],
     [19.4525456, 43.940188400000004],
     [19.4525508, 43.940219600000006],
     [19.452552100000002, 43.9402466], [19.4525404, 43.9403476],
     [19.4525431, 43.940384200000004], [19.4525547, 43.9404194],
     [19.452576200000003, 43.940456100000006],
     [19.4526116, 43.940494900000004],
     [19.4526726, 43.940553300000005],
     [19.4526998, 43.940586700000004], [19.4528027, 43.9407097],
     [19.4529025, 43.940806], [19.452996000000002, 43.940846300000004],
     [19.453068000000002, 43.9408661],
     [19.453186600000002, 43.9408839],
     [19.4533726, 43.940874300000004], [19.4535655, 43.9408259],
     [19.453684000000003, 43.9407599], [19.453833, 43.9406988]]}},
  {"type":"Feature",
   "properties":{},
   "geometry":
   {"type":"LineString",
    "coordinates":
    [[19.4510572, 43.938072600000005],
     [19.450777000000002, 43.9378036],
     [19.4505518, 43.937623900000006],
     [19.449934900000002, 43.9372643],
     [19.4496521, 43.937072400000005],
     [19.449384300000002, 43.936920900000004],
     [19.4492063, 43.9368421], [19.449028300000002, 43.9367741],
     [19.448867200000002, 43.9367284],
     [19.448683600000003, 43.936682600000005],
     [19.4484436, 43.936650400000005],
     [19.447916900000003, 43.9365937]]}},
  {"type":"Feature",
   "properties":{},
   "geometry":
   {"type":"LineString",
    "coordinates":
    [[19.440953, 43.932373500000004], [19.4409521, 43.9328804],
     [19.4409266, 43.9330274], [19.4408552, 43.933220500000004],
     [19.440824900000003, 43.933384100000005],
     [19.4408463, 43.9335523], [19.4410697, 43.9337675],
     [19.4414725, 43.9339242], [19.4418614, 43.934026200000005],
     [19.442254300000002, 43.9340725],
     [19.4425135, 43.934170200000004],
     [19.4426722, 43.934357000000006], [19.4427576, 43.9345189],
     [19.442773300000002, 43.9348005],
     [19.4428316, 43.935015400000005], [19.4429482, 43.935189],
     [19.443017400000002, 43.9352608], [19.4431635, 43.935388],
     [19.443249, 43.935463600000006], [19.443282, 43.935499400000005],
     [19.443343300000002, 43.935568200000006],
     [19.4433836, 43.9356324], [19.4434212, 43.935696500000006],
     [19.443451500000002, 43.9357795],
     [19.4434818, 43.935892200000005],
     [19.443503800000002, 43.9359503],
     [19.443542400000002, 43.9359965], [19.4435951, 43.9360371],
     [19.443890500000002, 43.936188], [19.4440856, 43.936285500000004],
     [19.444171, 43.936320200000004], [19.4442466, 43.9363492],
     [19.444317100000003, 43.9363717], [19.444381, 43.936395100000006],
     [19.444415300000003, 43.9364099],
     [19.4444749, 43.936441200000004], [19.444533, 43.936475400000006],
     [19.444564800000002, 43.9364894],
     [19.4445966, 43.936497700000004], [19.4446568, 43.9365078],
     [19.444783100000002, 43.9365107],
     [19.444972500000002, 43.936508200000006], [19.4452824, 43.9365],
     [19.4453397, 43.936505200000006],
     [19.445377800000003, 43.9365144],
     [19.445437300000002, 43.936529900000004],
     [19.4454913, 43.936549400000004], [19.4455643, 43.936579],
     [19.445634400000003, 43.936612700000005],
     [19.445807000000002, 43.9367152], [19.4458761, 43.9367199],
     [19.445954, 43.936710600000005], [19.4460264, 43.9366993],
     [19.446229000000002, 43.9366853], [19.4467216, 43.9366581],
     [19.446836, 43.936644900000005], [19.4469409, 43.9366253],
     [19.4470685, 43.9365893], [19.44723, 43.9365345],
     [19.447302800000003, 43.9365186],
     [19.447370900000003, 43.9365188], [19.4474255, 43.9365223],
     [19.447916900000003, 43.9365937]]}},
  {"type":"Feature",
   "properties":{},
   "geometry":
   {"type":"LineString",
    "coordinates":
    [[19.440953, 43.932373500000004], [19.4405369, 43.9318808],
     [19.4402514, 43.9315099], [19.440121, 43.9313347],
     [19.440058, 43.931240300000006], [19.439946900000002, 43.9309248],
     [19.4399318, 43.9308344], [19.4399465, 43.9307117],
     [19.439993100000002, 43.9306105],
     [19.4400322, 43.930466200000005],
     [19.440029300000003, 43.930376300000006],
     [19.4399965, 43.930291800000006],
     [19.439889700000002, 43.930063600000004],
     [19.439780000000003, 43.9298835],
     [19.439684200000002, 43.929768100000004],
     [19.439580900000003, 43.9296797],
     [19.439389300000002, 43.929535200000004]]}},
  {"type":"Feature",
   "properties":{},
   "geometry":
   {"type":"LineString",
    "coordinates":
    [[19.439389300000002, 43.929535200000004],
     [19.439224600000003, 43.929451300000004],
     [19.438981400000003, 43.9293458],
     [19.4383608, 43.929011100000004], [19.4369191, 43.9281176],
     [19.436662000000002, 43.927933200000005],
     [19.4363937, 43.927719200000006],
     [19.4359694, 43.927458200000004], [19.4355771, 43.9272271],
     [19.434396900000003, 43.9263137], [19.4339997, 43.9259393],
     [19.4338988, 43.925809400000006],
     [19.433797900000002, 43.9256631],
     [19.433691800000002, 43.9254788],
     [19.433551700000002, 43.9252667], [19.4333077, 43.924944],
     [19.433130000000002, 43.9247211], [19.433031, 43.924644900000004],
     [19.4329478, 43.9246046], [19.432815, 43.924574400000004],
     [19.4326164, 43.9245491], [19.4325455, 43.924530700000005],
     [19.432492800000002, 43.9244992],
     [19.4324219, 43.924432200000005],
     [19.432330500000003, 43.9243259],
     [19.4322114, 43.924169000000006],
     [19.432027700000003, 43.9239125],
     [19.4317882, 43.923640600000006], [19.4316077, 43.9234309],
     [19.4313149, 43.923178400000005], [19.4310085, 43.9229234],
     [19.430793, 43.9227584], [19.430534100000003, 43.922556500000006],
     [19.4304343, 43.9224412], [19.430312800000003, 43.9222613],
     [19.4302691, 43.9222246], [19.430216400000003, 43.9222041],
     [19.430120600000002, 43.9221866], [19.429993, 43.922185400000004],
     [19.429745800000003, 43.9221998],
     [19.429543900000002, 43.922178100000004],
     [19.429335000000002, 43.9221244],
     [19.429171500000002, 43.9220805],
     [19.4290263, 43.922012300000006],
     [19.428835600000003, 43.9219054],
     [19.428681400000002, 43.9217766], [19.428317, 43.9213242],
     [19.428179200000002, 43.921121400000004],
     [19.428013500000002, 43.920884300000004],
     [19.427875, 43.920711100000005], [19.4278152, 43.9206292],
     [19.4277811, 43.920576600000004], [19.4277118, 43.9204784],
     [19.4276607, 43.9204128], [19.4275881, 43.9203641],
     [19.4275154, 43.920328500000004],
     [19.427429200000002, 43.9202966], [19.4267262, 43.9201434]]}},
  {"type":"Feature",
   "properties":{},
   "geometry":
   {"type":"LineString",
    "coordinates":
    [[19.4267262, 43.9201434], [19.4265131, 43.920084],
     [19.4261349, 43.9199963], [19.4257865, 43.9199208],
     [19.4255909, 43.9198754], [19.4254487, 43.919839700000004],
     [19.425364300000002, 43.9198013], [19.4252524, 43.9197338],
     [19.425223300000003, 43.9197154], [19.424783700000003, 43.919437],
     [19.424494000000003, 43.9192509]]}},
  {"type":"Feature",
   "properties":{},
   "geometry":
   {"type":"LineString",
    "coordinates":
    [[19.424494000000003, 43.9192509],
     [19.4240996, 43.919013400000004],
     [19.4238059, 43.918835200000004], [19.4236164, 43.9187378],
     [19.4234, 43.918676500000004], [19.423224400000002, 43.9186412],
     [19.423009500000003, 43.9185874], [19.4228433, 43.9185651],
     [19.422731600000002, 43.918540500000006],
     [19.4224645, 43.9184816], [19.4220779, 43.918423100000005],
     [19.4218228, 43.918384100000004], [19.4216218, 43.9183479],
     [19.421480900000002, 43.9183147]]}},
  {"type":"Feature",
   "properties":{},
   "geometry":
   {"type":"LineString",
    "coordinates":
    [[19.421480900000002, 43.9183147], [19.421309, 43.918316100000006],
     [19.4212175, 43.9183273], [19.4211375, 43.918350700000005],
     [19.4210749, 43.918389000000005], [19.4210193, 43.9184381],
     [19.4209687, 43.918515500000005], [19.420926, 43.9185985],
     [19.420864100000003, 43.9187099],
     [19.420826400000003, 43.9187485], [19.4207557, 43.9187772],
     [19.420697200000003, 43.918777500000004],
     [19.4206438, 43.9187656],
     [19.420473700000002, 43.918696000000004],
     [19.4203954, 43.9186733], [19.4203075, 43.9186598],
     [19.420231100000002, 43.918653000000006],
     [19.420145100000003, 43.9186598],
     [19.4200895, 43.918676000000005], [19.4200528, 43.9187127],
     [19.4200176, 43.9187656], [19.4200075, 43.918804300000005],
     [19.420007000000002, 43.918843], [19.4200132, 43.9189221],
     [19.4200214, 43.918967], [19.4200297, 43.9190154],
     [19.420030200000003, 43.919069], [19.4200188, 43.9191287],
     [19.419998200000002, 43.9191944],
     [19.4198707, 43.919389300000006],
     [19.419824300000002, 43.919503500000005],
     [19.4197895, 43.919859900000006],
     [19.4197856, 43.920177300000006]]}},
  {"type":"Feature",
   "properties":{},
   "geometry":
   {"type":"LineString",
    "coordinates":
    [[19.4197856, 43.920177300000006], [19.4197463, 43.9203403],
     [19.4197385, 43.9203727], [19.419727, 43.9204938],
     [19.4197114, 43.9206408], [19.4197178, 43.9207495],
     [19.419724300000002, 43.920822400000006],
     [19.4197524, 43.9208889], [19.4197801, 43.9209316],
     [19.4198133, 43.920966400000005],
     [19.4199294, 43.921079600000006], [19.4199862, 43.9211359]]}},
  {"type":"Feature",
   "properties":{},
   "geometry":
   {"type":"LineString",
    "coordinates":
    [[19.4199862, 43.9211359], [19.4200221, 43.921199],
     [19.4200592, 43.921285600000004],
     [19.420063600000002, 43.921295900000004],
     [19.4200819, 43.9213668], [19.4200865, 43.9214257],
     [19.4200763, 43.9214909], [19.420069, 43.921537400000005],
     [19.420040800000002, 43.9216082], [19.4200126, 43.9216591],
     [19.4199471, 43.921750100000004], [19.4198436, 43.9218794],
     [19.419712200000003, 43.922047500000005],
     [19.419681800000003, 43.922112500000004],
     [19.4196721, 43.9221626], [19.4196773, 43.9222387],
     [19.4196929, 43.9223255], [19.4197127, 43.922435500000006],
     [19.4197193, 43.922481700000006],
     [19.419723400000002, 43.922510100000004],
     [19.419720400000003, 43.9225827], [19.4197053, 43.9226639],
     [19.4196792, 43.922749200000005],
     [19.4195952, 43.922920600000005],
     [19.419573200000002, 43.9229706],
     [19.419489300000002, 43.9231618],
     [19.4194551, 43.923238100000006], [19.419423700000003, 43.923285],
     [19.419392300000002, 43.9233186], [19.419354600000002, 43.923352],
     [19.4193204, 43.9233728],
     [19.419279500000002, 43.923385200000006],
     [19.419233000000002, 43.9233927], [19.4191831, 43.9233953],
     [19.418992900000003, 43.9233953], [19.4188912, 43.9233989],
     [19.4188017, 43.923415500000004],
     [19.418744500000003, 43.9234383], [19.4187039, 43.923479],
     [19.4186741, 43.9235437], [19.4186692, 43.9236103],
     [19.4186802, 43.923654600000006],
     [19.418692500000002, 43.923704400000005],
     [19.4187434, 43.923814300000004],
     [19.418782800000002, 43.923875800000005],
     [19.418833300000003, 43.923935300000004],
     [19.4189005, 43.9239898], [19.4189966, 43.9240464],
     [19.419148500000002, 43.924119100000006], [19.419546, 43.924287],
     [19.4201103, 43.924540400000005],
     [19.420564900000002, 43.924826700000004],
     [19.4209852, 43.924984900000005],
     [19.421249800000002, 43.925105200000004],
     [19.421344400000002, 43.925180000000005],
     [19.421403100000003, 43.925274200000004],
     [19.421430100000002, 43.925398],
     [19.421413700000002, 43.925504700000005],
     [19.4213628, 43.925726000000004]]}},
  {"type":"Feature",
   "properties":{},
   "geometry":
   {"type":"LineString",
    "coordinates":
    [[19.4213628, 43.925726000000004], [19.4213758, 43.9258691],
     [19.421368700000002, 43.925997200000005],
     [19.4213558, 43.9260797], [19.4213017, 43.926242900000005],
     [19.421275400000003, 43.926346200000005],
     [19.4212548, 43.9264622], [19.4212405, 43.926524400000005],
     [19.4212223, 43.926563900000005], [19.4211792, 43.9266153],
     [19.421112400000002, 43.926670900000005],
     [19.4210372, 43.926693900000004],
     [19.420977800000003, 43.9267042], [19.4209131, 43.9267011],
     [19.420836400000002, 43.9266738],
     [19.420738500000002, 43.926627800000006],
     [19.420621800000003, 43.926569900000004],
     [19.4203367, 43.9264261],
     [19.419877500000002, 43.926233100000005],
     [19.4194128, 43.9261386], [19.4190192, 43.9261071],
     [19.4180844, 43.9260284], [19.4172425, 43.9259536],
     [19.4168926, 43.9259575],
     [19.416493600000003, 43.926067700000004],
     [19.4161983, 43.926209500000006],
     [19.415859400000002, 43.926307900000005],
     [19.415580600000002, 43.926323700000005],
     [19.415219800000003, 43.9262725], [19.4149649, 43.9262078],
     [19.4147934, 43.9262213], [19.4145802, 43.9263394],
     [19.4142741, 43.9265904], [19.414055400000002, 43.926678],
     [19.4139136, 43.9266828], [19.4138203, 43.9266859],
     [19.4135251, 43.926654400000004], [19.413333700000003, 43.926552],
     [19.4131916, 43.9263946], [19.4130003, 43.926217400000006],
     [19.412519200000002, 43.925894500000005],
     [19.4119889, 43.925465300000006],
     [19.411633600000002, 43.9251464],
     [19.411546100000002, 43.9249062], [19.411393, 43.924701500000005],
     [19.411305600000002, 43.9245755],
     [19.410994000000002, 43.9244573],
     [19.4107315, 43.924295900000004], [19.4105293, 43.9240045],
     [19.4104199, 43.923843100000006], [19.4101466, 43.9236462],
     [19.409960700000003, 43.923476900000004],
     [19.4098186, 43.9233076], [19.4097887, 43.9232511],
     [19.4096601, 43.9230083], [19.4096109, 43.922890200000005],
     [19.4095923, 43.922861700000006], [19.4094906, 43.9227051],
     [19.4093375, 43.9225398],
     [19.409162600000002, 43.922394100000005],
     [19.4090259, 43.9222405], [19.4088564, 43.9220279],
     [19.4087143, 43.921894], [19.408533900000002, 43.9218113],
     [19.4082988, 43.9217286], [19.408184000000002, 43.9216223],
     [19.408156700000003, 43.9215041],
     [19.408200400000002, 43.9214215],
     [19.4083098, 43.921319100000005], [19.4083808, 43.9212009],
     [19.4083644, 43.921130100000006],
     [19.408200400000002, 43.9210119], [19.4079708, 43.9208938],
     [19.407489700000003, 43.9206772], [19.4068775, 43.9204134],
     [19.406292500000003, 43.9201653], [19.405631, 43.919846400000004],
     [19.4051827, 43.919625800000006],
     [19.4046798, 43.919318700000005], [19.4044065, 43.9191927],
     [19.4042807, 43.9190903], [19.404226100000002, 43.918858],
     [19.4041277, 43.9186611], [19.403930900000002, 43.9183697],
     [19.4036794, 43.918157], [19.4033623, 43.917948300000006],
     [19.4028812, 43.9177042], [19.4025696, 43.917566300000004],
     [19.402099500000002, 43.917408800000004],
     [19.401820700000002, 43.9173379], [19.4016184, 43.9172986],
     [19.4013451, 43.9172474],
     [19.401181100000002, 43.917176500000004],
     [19.401071700000003, 43.917046500000005],
     [19.4010043, 43.916981400000004], [19.4009077, 43.9169205],
     [19.4007109, 43.916814200000005],
     [19.400653000000002, 43.9167581], [19.4006125, 43.9166685],
     [19.400525000000002, 43.9164204], [19.4003064, 43.9161172],
     [19.4000276, 43.915758800000006], [19.399787, 43.9154752],
     [19.399612100000002, 43.915270500000005],
     [19.3995465, 43.9151917],
     [19.399316900000002, 43.915081400000005],
     [19.399245800000003, 43.914971200000004],
     [19.399229400000003, 43.914794], [19.3992513, 43.914691600000005],
     [19.399267700000003, 43.9145498],
     [19.399278600000002, 43.9144474],
     [19.399245800000003, 43.9143411], [19.399038100000002, 43.914219],
     [19.3988085, 43.9141678], [19.3985187, 43.9141993],
     [19.398338300000002, 43.9142032], [19.3982071, 43.9141757],
     [19.398059500000002, 43.914030000000004],
     [19.3979611, 43.9138764], [19.3978408, 43.9137622]]}},
  {"type":"Feature",
   "properties":{},
   "geometry":
   {"type":"LineString",
    "coordinates":
    [[19.3978408, 43.9137622], [19.3975538, 43.9138138]]}},
  {"type":"Feature",
   "properties":{},
   "geometry":
   {"type":"LineString",
    "coordinates":
    [[19.3975538, 43.9138138], [19.3973425, 43.913502300000005],
     [19.3972562, 43.913222600000005],
     [19.397392500000002, 43.912982400000004],
     [19.397541500000003, 43.912793]]}},
  {"type":"Feature",
   "properties":{},
   "geometry":
   {"type":"LineString",
    "coordinates":
    [[19.397541500000003, 43.912793], [19.397198900000003, 43.9125558],
     [19.3968141, 43.912330600000004],
     [19.396397200000003, 43.912145800000005],
     [19.3960605, 43.912018700000004],
     [19.3957318, 43.911937800000004], [19.395343, 43.9118779],
     [19.395010300000003, 43.9118815],
     [19.3946015, 43.912015800000006],
     [19.3942488, 43.912203500000004], [19.3937357, 43.9125558],
     [19.393158500000002, 43.9130265], [19.3926935, 43.913474],
     [19.392485100000002, 43.913606900000005],
     [19.391965000000003, 43.913988700000004], [19.391469, 43.9143071],
     [19.3911103, 43.9146088], [19.3906469, 43.9149413],
     [19.3902329, 43.915185400000006], [19.3897851, 43.9153595],
     [19.389456300000003, 43.915517300000005],
     [19.3891356, 43.915613900000004], [19.3889365, 43.9156739],
     [19.3882835, 43.915446800000005], [19.3876083, 43.915315]]}},
  {"type":"Feature",
   "properties":{},
   "geometry":
   {"type":"LineString",
    "coordinates":
    [[19.3876083, 43.915315], [19.387189300000003, 43.9152974],
     [19.386904400000002, 43.915310600000005],
     [19.386100000000003, 43.915427900000005],
     [19.3855791, 43.915624300000005],
     [19.3850528, 43.915830500000006],
     [19.384465000000002, 43.916042600000004],
     [19.383818100000003, 43.9163069],
     [19.3836325, 43.916391600000004], [19.383417, 43.9164284],
     [19.383064100000002, 43.916551500000004],
     [19.383029200000003, 43.9165731], [19.382894, 43.916656800000005],
     [19.382731800000002, 43.9167484], [19.3825317, 43.9168625],
     [19.382449700000002, 43.9168631],
     [19.382385300000003, 43.9168321], [19.3823075, 43.9167452],
     [19.382248500000003, 43.916609900000005],
     [19.3821359, 43.9164863], [19.3820178, 43.916409],
     [19.3819374, 43.916327900000006],
     [19.3818355, 43.916242800000006],
     [19.3817013, 43.916227400000004],
     [19.381674500000003, 43.9163317],
     [19.381797900000002, 43.916470800000006],
     [19.3819267, 43.9165636], [19.3819631, 43.9166546],
     [19.381564400000002, 43.9169914], [19.3812757, 43.9173034],
     [19.3810085, 43.9176001], [19.3806157, 43.918046800000006],
     [19.3803646, 43.9183164],
     [19.380119200000003, 43.918607200000004],
     [19.3798014, 43.9187979],
     [19.379313800000002, 43.919057800000004]]}},
  {"type":"Feature",
   "properties":{},
   "geometry":
   {"type":"LineString",
    "coordinates":
    [[19.3736059, 43.921932600000005],
     [19.373810300000002, 43.9219578],
     [19.3741425, 43.921932600000005],
     [19.374990500000003, 43.9216642],
     [19.3756713, 43.921260200000006],
     [19.376245700000002, 43.920972500000005],
     [19.376856800000002, 43.920603400000005],
     [19.378112100000003, 43.9197185],
     [19.378713400000002, 43.9192994],
     [19.379313800000002, 43.919057800000004]]}},
  {"type":"Feature",
   "properties":{},
   "geometry":
   {"type":"LineString",
    "coordinates":
    [[19.3736059, 43.921932600000005],
     [19.373461600000002, 43.9218574], [19.3733329, 43.9217415],
     [19.373188000000003, 43.9216642], [19.373096800000003, 43.921556],
     [19.3731022, 43.9214323], [19.373220200000002, 43.9212816],
     [19.3733168, 43.9211116], [19.3733168, 43.9208991],
     [19.3732256, 43.9203697],
     [19.373279200000002, 43.919743800000006],
     [19.373338200000003, 43.9194192],
     [19.3733489, 43.919079200000006], [19.3733811, 43.9188473],
     [19.3734401, 43.91843], [19.3734831, 43.918032000000004],
     [19.373434800000002, 43.9178001], [19.3733329, 43.9176031],
     [19.373171900000003, 43.9174949],
     [19.372990100000003, 43.9174464]]}},
  {"type":"Feature",
   "properties":{},
   "geometry":
   {"type":"LineString",
    "coordinates":
    [[19.3598499, 43.9163822], [19.3600888, 43.9163422],
     [19.3602832, 43.9163348], [19.3605664, 43.9163167],
     [19.3607349, 43.9163118], [19.3608097, 43.916304200000006],
     [19.360899500000002, 43.916284600000004],
     [19.3610188, 43.9162465], [19.36116, 43.9162023],
     [19.3612429, 43.9161811], [19.361357700000003, 43.9161549],
     [19.3615447, 43.9161349], [19.361715, 43.9161318],
     [19.361836200000003, 43.9161389], [19.3619688, 43.916139],
     [19.362114300000002, 43.9161252],
     [19.362199800000003, 43.9161062], [19.36241, 43.916062000000004],
     [19.3625824, 43.916008700000006], [19.362707, 43.915964800000005],
     [19.362879500000002, 43.915876000000004],
     [19.3629515, 43.9158563], [19.3630308, 43.915843900000006],
     [19.3631485, 43.915836000000006],
     [19.3633257, 43.915818200000004],
     [19.3634497, 43.915795100000004],
     [19.363590000000002, 43.915774000000006], [19.3636358, 43.915771],
     [19.3638069, 43.9157649], [19.363953900000002, 43.9157631],
     [19.3645986, 43.915807], [19.3647245, 43.915811600000005],
     [19.3648287, 43.9158059], [19.3649892, 43.9157841],
     [19.365262100000002, 43.9157267], [19.3656832, 43.9156637],
     [19.3658755, 43.9156477], [19.366048600000003, 43.9156506],
     [19.366392700000002, 43.915691300000006],
     [19.3667316, 43.9157558], [19.367581, 43.915898600000006],
     [19.3681756, 43.9161586], [19.3682974, 43.9162553],
     [19.368378500000002, 43.9163196], [19.368206, 43.9166353],
     [19.3679633, 43.917086600000005],
     [19.3677217, 43.917382800000006],
     [19.3676314, 43.917660500000004], [19.3678075, 43.9176919],
     [19.3679631, 43.9176881], [19.368480400000003, 43.9176445],
     [19.3690624, 43.9175704], [19.3696479, 43.917453800000004],
     [19.370454900000002, 43.917377300000005], [19.371099, 43.9175047],
     [19.3715273, 43.917571900000006], [19.3725449, 43.917444],
     [19.372990100000003, 43.9174464]]}},
  {"type":"Feature",
   "properties":{},
   "geometry":
   {"type":"LineString",
    "coordinates":
    [[19.3598499, 43.9163822], [19.3597113, 43.916353900000004],
     [19.359659200000003, 43.916332600000004],
     [19.359600500000003, 43.9162873],
     [19.359445700000002, 43.9161106], [19.3593581, 43.9160307],
     [19.3592356, 43.9159598], [19.3587826, 43.915773400000006],
     [19.358515500000003, 43.915690700000006],
     [19.358293, 43.915634700000005], [19.358115400000003, 43.9156175],
     [19.357586400000002, 43.9155875], [19.3569822, 43.9155546],
     [19.3566237, 43.915551900000004], [19.3555973, 43.9155773],
     [19.355342500000003, 43.915556900000006],
     [19.3551205, 43.9155074], [19.3549165, 43.915440600000004],
     [19.3546824, 43.9153329], [19.3542481, 43.9151468],
     [19.3535355, 43.914906200000004], [19.3531903, 43.9148112],
     [19.352899100000002, 43.9147638],
     [19.352724300000002, 43.9147551], [19.3526041, 43.9147697],
     [19.352462900000003, 43.9148015], [19.3522524, 43.9148695],
     [19.352068600000003, 43.9149284],
     [19.3518967, 43.914954900000005], [19.3516969, 43.9149648],
     [19.351465100000002, 43.9149672], [19.3505234, 43.914901],
     [19.3502051, 43.9148908], [19.3499351, 43.9148901],
     [19.349629200000003, 43.914889300000006], [19.349329, 43.9148705],
     [19.349065600000003, 43.9148434],
     [19.3488861, 43.914842300000004], [19.3486437, 43.9148671],
     [19.3483293, 43.9149222], [19.3480211, 43.9149826],
     [19.347826100000002, 43.9150183],
     [19.3476071, 43.915054000000005],
     [19.347378900000002, 43.9150822],
     [19.347145700000002, 43.915100200000005],
     [19.346816500000003, 43.9151138],
     [19.3464399, 43.915119600000004], [19.3457827, 43.9151238],
     [19.345463600000002, 43.915143300000004],
     [19.3452306, 43.915171300000004],
     [19.3449527, 43.915214500000005], [19.3443672, 43.9152788],
     [19.3440455, 43.915321500000005],
     [19.343873300000002, 43.9153474], [19.3433718, 43.9154387],
     [19.3431459, 43.9154696], [19.342921500000003, 43.9154872],
     [19.342615000000002, 43.915494900000006],
     [19.342333200000002, 43.915518000000006],
     [19.342191500000002, 43.915538100000006],
     [19.342104000000003, 43.9155577],
     [19.341910900000002, 43.9156257], [19.3417503, 43.915678],
     [19.3416178, 43.915702200000005], [19.3414362, 43.9157212],
     [19.3412477, 43.915743400000004], [19.3396881, 43.9160367],
     [19.339481000000003, 43.916072400000004],
     [19.3392707, 43.916100400000005], [19.3390604, 43.9161232],
     [19.338894500000002, 43.916132000000005],
     [19.3387341, 43.9161317], [19.338624600000003, 43.9161261],
     [19.3374779, 43.915997000000004]]}},
  {"type":"Feature",
   "properties":{},
   "geometry":
   {"type":"LineString",
    "coordinates":
    [[19.3314986, 43.914211200000004],
     [19.3322983, 43.914349800000004], [19.33294, 43.9145241],
     [19.3336064, 43.9147374], [19.334006300000002, 43.9149046],
     [19.3344703, 43.9150788], [19.3352551, 43.9153597],
     [19.335966000000003, 43.915658400000005],
     [19.336225600000002, 43.915753200000005],
     [19.3364793, 43.915822000000006], [19.3367873, 43.9158959],
     [19.337060700000002, 43.915941000000004],
     [19.3374779, 43.915997000000004]]}},
  {"type":"Feature",
   "properties":{},
   "geometry":
   {"type":"LineString",
    "coordinates":
    [[19.3314986, 43.914211200000004], [19.3311531, 43.9141294],
     [19.330782900000003, 43.9140262], [19.3303781, 43.9138449],
     [19.330072100000002, 43.91366], [19.329878, 43.9135213],
     [19.329788800000003, 43.913467000000004],
     [19.3297691, 43.9134514], [19.329755900000002, 43.913431],
     [19.329761, 43.913397100000005], [19.3297698, 43.913374700000006],
     [19.3297929, 43.913346700000005],
     [19.329860200000002, 43.9133256],
     [19.3299504, 43.913305400000006], [19.3302915, 43.9132352],
     [19.330618100000002, 43.9131294], [19.3308249, 43.9130344],
     [19.3310047, 43.9129329], [19.3311156, 43.912866],
     [19.331208500000002, 43.9128163],
     [19.331337400000002, 43.912758100000005],
     [19.3314662, 43.912719200000005], [19.331664, 43.9126847],
     [19.331813800000003, 43.9126631], [19.3319727, 43.9126199],
     [19.332179500000002, 43.912542200000004],
     [19.3323353, 43.912479600000005],
     [19.3324731, 43.912432100000004],
     [19.332600600000003, 43.9123968], [19.3327044, 43.9123734],
     [19.3327598, 43.9123503], [19.3328545, 43.912296500000004],
     [19.332922800000002, 43.9122502], [19.3329792, 43.9121966],
     [19.333035600000002, 43.912127000000005],
     [19.33306, 43.912080100000004], [19.3330756, 43.91203],
     [19.3330738, 43.9119808], [19.3330719, 43.911925200000006],
     [19.333046500000002, 43.9117784],
     [19.333046500000002, 43.911680600000004],
     [19.333062700000003, 43.9116044], [19.3331011, 43.9115346],
     [19.333239300000002, 43.911317000000004],
     [19.3333812, 43.911172900000004],
     [19.3335814, 43.910989400000005], [19.3336614, 43.9109002],
     [19.333688000000002, 43.910819700000005]]}},
  {"type":"Feature",
   "properties":{},
   "geometry":
   {"type":"LineString",
    "coordinates":
    [[19.333688000000002, 43.910819700000005],
     [19.3335592, 43.9108764], [19.3334018, 43.9109872],
     [19.3332416, 43.911116400000004], [19.3331021, 43.9112578],
     [19.332925200000002, 43.9114659], [19.3328604, 43.9115364],
     [19.3327689, 43.911594300000004],
     [19.332684800000003, 43.9116261],
     [19.332567100000002, 43.9116574],
     [19.332420300000003, 43.9116835], [19.3320708, 43.9117267],
     [19.331820800000003, 43.911749300000004],
     [19.331598500000002, 43.911773200000006],
     [19.331462300000002, 43.9118099],
     [19.3313318, 43.911873400000005], [19.3311637, 43.9119973],
     [19.331039500000003, 43.912113700000006],
     [19.330793800000002, 43.9123078], [19.3307094, 43.9123571],
     [19.330589200000002, 43.9123855],
     [19.330407400000002, 43.912403000000005],
     [19.3301637, 43.912406100000005],
     [19.330038700000003, 43.9123901], [19.3299211, 43.9123518],
     [19.3298594, 43.9122842], [19.329813, 43.91218],
     [19.3297229, 43.9119496], [19.3296151, 43.9116827],
     [19.3295184, 43.9114657], [19.3294062, 43.9112838],
     [19.3293044, 43.911161], [19.3291477, 43.9110117],
     [19.329022000000002, 43.910905400000004],
     [19.328884900000002, 43.9108097],
     [19.328632900000002, 43.9106536], [19.3283634, 43.9104976],
     [19.328275100000003, 43.9104212], [19.3282078, 43.9103142],
     [19.3281388, 43.910121200000006],
     [19.328056800000002, 43.9098375], [19.3279347, 43.9095695],
     [19.327820000000003, 43.9093834], [19.327638, 43.9091755],
     [19.3274341, 43.9089493], [19.327233500000002, 43.9087054],
     [19.3269181, 43.9084233], [19.3267746, 43.9083339],
     [19.326684500000002, 43.9082972],
     [19.326616400000002, 43.908294700000006], [19.3265475, 43.908361],
     [19.3264412, 43.908450900000005],
     [19.3264196, 43.908501900000005],
     [19.326396600000002, 43.908552900000004],
     [19.3263702, 43.9085788], [19.3263384, 43.9085971],
     [19.3262776, 43.9086161],
     [19.326208700000002, 43.908619800000004],
     [19.326139700000002, 43.908598100000006],
     [19.326071300000002, 43.9084712],
     [19.326016900000003, 43.9084033],
     [19.325924200000003, 43.9083215],
     [19.325644800000003, 43.9080956], [19.3255939, 43.9080491],
     [19.325565100000002, 43.9079929],
     [19.325551700000002, 43.9078998], [19.3255589, 43.9077518],
     [19.325564800000002, 43.907689000000005],
     [19.3255568, 43.9076195], [19.3255398, 43.9075658],
     [19.3255175, 43.907508500000006], [19.3254863, 43.9074639],
     [19.325320400000003, 43.907230600000005],
     [19.3252148, 43.9070982], [19.325118, 43.9070235],
     [19.325122500000003, 43.906930900000006],
     [19.325105500000003, 43.9068309],
     [19.325112400000002, 43.9067729],
     [19.3251326, 43.906715000000005], [19.3251755, 43.9065972],
     [19.3251949, 43.9065385], [19.325206400000003, 43.9065035],
     [19.3252218, 43.906398700000004],
     [19.3252351, 43.906259000000006], [19.3253176, 43.9060706],
     [19.32543, 43.905959700000004], [19.3254829, 43.905840700000006],
     [19.325492200000003, 43.9057955], [19.325475, 43.905740800000004],
     [19.3253847, 43.905580300000004], [19.3251674, 43.9054517],
     [19.3249496, 43.9051769], [19.324926, 43.9051277],
     [19.324915700000002, 43.9050657], [19.324926, 43.905011800000004],
     [19.3251132, 43.9048643], [19.3251686, 43.9047883],
     [19.3251868, 43.904728000000006], [19.3251844, 43.904657],
     [19.325038000000003, 43.9045137],
     [19.3250145, 43.904446400000005],
     [19.324991100000002, 43.9043663],
     [19.3249751, 43.904273100000005], [19.324994, 43.903940000000006],
     [19.324990500000002, 43.9037124],
     [19.324978100000003, 43.903555700000005],
     [19.324854600000002, 43.903348300000005],
     [19.324699900000002, 43.9033038],
     [19.324463100000003, 43.9033333],
     [19.324393800000003, 43.903337400000005],
     [19.3243586, 43.9033347],
     [19.324328700000002, 43.903320300000004],
     [19.3243049, 43.903307000000005], [19.3242757, 43.9032878],
     [19.3241225, 43.9031384], [19.3241011, 43.9031043],
     [19.3240878, 43.903064400000005],
     [19.324101300000002, 43.903030900000005],
     [19.3241227, 43.9030062], [19.324147500000002, 43.9029876],
     [19.324183, 43.902978700000006], [19.324224400000002, 43.9029789],
     [19.3242739, 43.9029906], [19.324346000000002, 43.903018],
     [19.3243991, 43.903037000000005],
     [19.324446400000003, 43.903044200000004], [19.3245098, 43.903038],
     [19.324611100000002, 43.9030168],
     [19.324824500000002, 43.9029602], [19.324929400000002, 43.902828],
     [19.324981700000002, 43.9028191],
     [19.325039200000003, 43.9028179],
     [19.3250962, 43.902818100000005], [19.3251651, 43.9028289],
     [19.3254333, 43.9028416], [19.3255325, 43.902862400000004],
     [19.3256283, 43.9029047], [19.325692, 43.902949],
     [19.3257386, 43.902968300000005],
     [19.325771200000002, 43.902976900000006],
     [19.325818700000003, 43.9029837],
     [19.325878900000003, 43.902971400000006],
     [19.325916900000003, 43.9029522],
     [19.325945700000002, 43.902923400000006],
     [19.3259484, 43.9028901], [19.3258712, 43.9028033],
     [19.3257578, 43.9027071], [19.3255929, 43.9025812],
     [19.3255649, 43.9025106], [19.325593700000002, 43.9024415],
     [19.325653600000003, 43.902349900000004],
     [19.325695500000002, 43.9022838], [19.3257818, 43.9021899],
     [19.3258189, 43.9021332]]}},
  {"type":"Feature",
   "properties":{},
   "geometry":
   {"type":"LineString",
    "coordinates":
    [[19.3258189, 43.9021332], [19.3258285, 43.9020439],
     [19.3258256, 43.9019399], [19.3258064, 43.9017764],
     [19.3257614, 43.9016333], [19.3257628, 43.901513400000006],
     [19.325781600000003, 43.9014041],
     [19.325790400000002, 43.901327900000005],
     [19.3258046, 43.901210400000004],
     [19.325807400000002, 43.901097500000006],
     [19.325806800000002, 43.901006900000006],
     [19.325759100000003, 43.900892500000005],
     [19.3256841, 43.9007664], [19.3255407, 43.900643800000005],
     [19.325369300000002, 43.9005391], [19.3252357, 43.900454],
     [19.3251522, 43.90037], [19.325097900000003, 43.9002885],
     [19.325050400000002, 43.900168], [19.3249746, 43.900073000000006],
     [19.3248713, 43.9000331], [19.324650300000002, 43.8999674],
     [19.324282800000002, 43.8998652], [19.3239427, 43.8998003],
     [19.3235546, 43.8997247], [19.3233585, 43.899688100000006],
     [19.323197500000003, 43.899684900000004],
     [19.3231101, 43.8996909], [19.3229767, 43.899722600000004],
     [19.3228681, 43.899770100000005],
     [19.3226422, 43.899908700000005],
     [19.322454800000003, 43.900070400000004],
     [19.3222871, 43.9001676], [19.322141000000002, 43.900213],
     [19.3218962, 43.900251600000004],
     [19.3217511, 43.900293600000005], [19.3216176, 43.9004045],
     [19.321530000000003, 43.900524600000004],
     [19.321382800000002, 43.900724700000005],
     [19.321335700000002, 43.9009258],
     [19.3212267, 43.901078000000005], [19.3210734, 43.9011761],
     [19.3208725, 43.9012473],
     [19.320620400000003, 43.901284100000005],
     [19.320351300000002, 43.901289000000006],
     [19.3201639, 43.9013185], [19.3200583, 43.9013774],
     [19.3199153, 43.901554100000006],
     [19.3198608, 43.901664600000004],
     [19.3198472, 43.901755400000006],
     [19.3198744, 43.901959100000006], [19.3198948, 43.9021113],
     [19.3199562, 43.902346900000005],
     [19.319986800000002, 43.902545700000005], [19.3199562, 43.902715],
     [19.319888000000002, 43.902943300000004],
     [19.319768800000002, 43.9032648],
     [19.3196871, 43.903488100000004],
     [19.319655100000002, 43.903588500000005], [19.3196087, 43.903682],
     [19.319527, 43.903777700000006],
     [19.319383900000002, 43.903976500000006],
     [19.3192749, 43.9041091], [19.319220400000003, 43.9041925],
     [19.3191829, 43.9042735], [19.319148900000002, 43.9043397],
     [19.319142000000003, 43.904437900000005],
     [19.3191302, 43.904519900000004], [19.3190944, 43.904595],
     [19.3189479, 43.9047447], [19.3186038, 43.905046600000006],
     [19.3182326, 43.9053386], [19.317990700000003, 43.9055497],
     [19.3178749, 43.9057018], [19.3178613, 43.9058172],
     [19.317922600000003, 43.9059448],
     [19.318007700000003, 43.906062600000006],
     [19.3180486, 43.906136200000006],
     [19.318035000000002, 43.9062172],
     [19.3180009, 43.906310500000004],
     [19.317904900000002, 43.906550700000004]]}},
  {"type":"Feature",
   "properties":{},
   "geometry":
   {"type":"LineString",
    "coordinates":
    [[19.317904900000002, 43.906550700000004],
     [19.317849300000002, 43.9063813], [19.317806, 43.9062696],
     [19.317666000000003, 43.9060999], [19.3175621, 43.9060028],
     [19.3174677, 43.905871100000006], [19.3173898, 43.9057055],
     [19.3173488, 43.9055552], [19.3173271, 43.905411900000004],
     [19.3173426, 43.9052911],
     [19.317386900000002, 43.905198000000006],
     [19.3175211, 43.905033200000005],
     [19.317591500000002, 43.9049507],
     [19.317618600000003, 43.9048938], [19.317636200000003, 43.904823],
     [19.317647400000002, 43.9046918], [19.3176898, 43.9044201],
     [19.3177591, 43.90411], [19.317763600000003, 43.9039762],
     [19.3177296, 43.9038769], [19.317567, 43.903665000000004],
     [19.3175192, 43.9035693], [19.317495400000002, 43.9034702],
     [19.3175032, 43.903278], [19.3175189, 43.9030708],
     [19.317504, 43.9030027], [19.317455600000002, 43.902941500000004],
     [19.3173092, 43.902832200000006], [19.3172041, 43.9027498],
     [19.317122700000002, 43.902650300000005],
     [19.3170453, 43.9024653], [19.316968600000003, 43.9023677],
     [19.316884, 43.902287300000005], [19.316715600000002, 43.9021856],
     [19.3165605, 43.902103600000004],
     [19.316493400000002, 43.902077000000006],
     [19.316411900000002, 43.9020607], [19.3162738, 43.9020458],
     [19.3162029, 43.902017], [19.3161615, 43.9019672],
     [19.316144100000002, 43.9018966],
     [19.3161938, 43.901679800000004], [19.3162542, 43.9014858],
     [19.316248400000003, 43.9014268], [19.316233, 43.901374600000004],
     [19.3161621, 43.901299900000005],
     [19.316067200000003, 43.9012426], [19.3159417, 43.9011733],
     [19.3158247, 43.9010637], [19.315765300000002, 43.9009213],
     [19.315737000000002, 43.900772200000006],
     [19.3157114, 43.900721000000004],
     [19.3156761, 43.900690600000004],
     [19.3156044, 43.900648200000006],
     [19.3154805, 43.900609100000004], [19.3153037, 43.9005458],
     [19.3149738, 43.9004494], [19.3146536, 43.9003815],
     [19.314344300000002, 43.9003219], [19.314283, 43.900301600000006],
     [19.314217000000003, 43.900264], [19.3141557, 43.9002123],
     [19.314094400000002, 43.900129400000004],
     [19.3139773, 43.899939800000006],
     [19.313916600000002, 43.899827900000005],
     [19.3138992, 43.899716000000005], [19.3139179, 43.899571],
     [19.313951000000003, 43.8994209], [19.3139465, 43.8991837],
     [19.313925100000002, 43.899050300000006],
     [19.3138872, 43.8988874], [19.3136678, 43.8985244],
     [19.313495, 43.898186200000005], [19.313458100000002, 43.8980698],
     [19.313447500000002, 43.898003700000004],
     [19.313436900000003, 43.8979307],
     [19.313446600000002, 43.897860200000004],
     [19.3134804, 43.8977932], [19.3135792, 43.897661400000004],
     [19.3137097, 43.897550100000004],
     [19.3139074, 43.897404300000005], [19.3139696, 43.8973407],
     [19.314022100000003, 43.897277100000004],
     [19.3140842, 43.8971627], [19.3141509, 43.8970226],
     [19.3141842, 43.896927500000004],
     [19.314212700000002, 43.8968082],
     [19.314244600000002, 43.896414500000006],
     [19.3142582, 43.896015500000004],
     [19.314279900000002, 43.8956966],
     [19.314290500000002, 43.8955938], [19.3143303, 43.8955173],
     [19.3143682, 43.8954633], [19.314428, 43.8954225],
     [19.3144965, 43.8953879],
     [19.314579600000002, 43.895363800000005],
     [19.314675100000002, 43.8953421], [19.3147707, 43.8953335],
     [19.3152757, 43.8953086], [19.315397, 43.8952971],
     [19.3155182, 43.8952777], [19.3156395, 43.895251900000005],
     [19.3157608, 43.8952182], [19.3158971, 43.895170500000006],
     [19.316033400000002, 43.8951123],
     [19.316202500000003, 43.895019600000005],
     [19.3163753, 43.8949112], [19.3164775, 43.8948271],
     [19.316554200000002, 43.894750800000004], [19.316915, 43.8942599],
     [19.317127600000003, 43.8940739],
     [19.317223900000002, 43.8939609],
     [19.317282300000002, 43.893831600000006],
     [19.3172779, 43.8937619], [19.3172055, 43.893608900000004],
     [19.317218800000003, 43.893531800000005],
     [19.3172205, 43.8934609], [19.3172122, 43.893418700000005],
     [19.3171863, 43.893358400000004],
     [19.3171645, 43.893294000000004], [19.3171548, 43.8932431],
     [19.3171375, 43.893173000000004],
     [19.317111200000003, 43.8931022],
     [19.317075900000003, 43.893011800000004],
     [19.317068900000002, 43.892923],
     [19.317026300000002, 43.892737000000004]]}},
  {"type":"Feature",
   "properties":{},
   "geometry":
   {"type":"LineString",
    "coordinates":
    [[19.3233171, 43.889207000000006],
     [19.323135100000002, 43.8892717], [19.3228402, 43.8893399],
     [19.322486400000003, 43.8894171], [19.3223747, 43.8894078],
     [19.3221156, 43.8893496],
     [19.321892000000002, 43.889344400000006],
     [19.3216499, 43.889380200000005],
     [19.321528700000002, 43.8894129], [19.3213581, 43.8894249],
     [19.321252400000002, 43.8894438],
     [19.3211693, 43.889480500000005], [19.3210522, 43.8895707],
     [19.3209231, 43.8897186], [19.3208662, 43.889770500000004],
     [19.3207978, 43.889798500000005],
     [19.320582100000003, 43.889791800000005],
     [19.320166200000003, 43.8897336],
     [19.319868200000002, 43.889706800000006],
     [19.319588800000002, 43.8896978],
     [19.319290900000002, 43.889742600000005],
     [19.3190135, 43.889788700000004], [19.3186328, 43.8897962],
     [19.3182732, 43.889836], [19.318051800000003, 43.8898942],
     [19.3179814, 43.889963200000004], [19.3179279, 43.8900951],
     [19.3178294, 43.8905558],
     [19.317750500000002, 43.890740400000006],
     [19.3176829, 43.890925100000004],
     [19.317528000000003, 43.8911504], [19.3174661, 43.8912721],
     [19.3174464, 43.8913777], [19.3175421, 43.8916374],
     [19.3175449, 43.891844400000004], [19.3175449, 43.8920473],
     [19.3175083, 43.8923943],
     [19.317429500000003, 43.892554600000004],
     [19.317342200000002, 43.89265], [19.317162, 43.8927028],
     [19.317026300000002, 43.892737000000004]]}},
  {"type":"Feature",
   "properties":{},
   "geometry":
   {"type":"LineString",
    "coordinates":
    [[19.3233171, 43.889207000000006],
     [19.323704900000003, 43.889290800000005],
     [19.3239603, 43.889376000000006],
     [19.324298900000002, 43.8894784],
     [19.324502600000002, 43.889608800000005], [19.324596, 43.8896005],
     [19.324703500000002, 43.8896486],
     [19.324921200000002, 43.8897247],
     [19.325205800000003, 43.8897489],
     [19.3253731, 43.889812500000005],
     [19.3254282, 43.889888600000006],
     [19.325594300000002, 43.8899265], [19.3258514, 43.8899696],
     [19.3263123, 43.8899862], [19.326637100000003, 43.8899503],
     [19.326981, 43.8901308], [19.3270573, 43.890272100000004],
     [19.327063600000002, 43.890362700000004]]}},
  {"type":"Feature",
   "properties":{},
   "geometry":
   {"type":"LineString",
    "coordinates":
    [[19.327063600000002, 43.890362700000004],
     [19.327068200000003, 43.8904214],
     [19.327159400000003, 43.8904459],
     [19.327250600000003, 43.890460000000004],
     [19.327739, 43.890539700000005], [19.328073, 43.8905339],
     [19.3282774, 43.890557], [19.3284249, 43.890573700000004],
     [19.328630200000003, 43.8906025],
     [19.328913500000002, 43.8906572], [19.3290288, 43.8906913],
     [19.329122, 43.8907254], [19.329417000000003, 43.8908414],
     [19.329725500000002, 43.8910153],
     [19.329771100000002, 43.891067500000005],
     [19.329814000000002, 43.8911448],
     [19.329878400000002, 43.891345900000005],
     [19.329891800000002, 43.891517900000004],
     [19.329875700000002, 43.891647400000004],
     [19.329800600000002, 43.8917808],
     [19.329666500000002, 43.8919103], [19.329519, 43.8920127],
     [19.329451900000002, 43.8921384],
     [19.329438500000002, 43.8922218], [19.3294636, 43.8923095],
     [19.3295526, 43.892351100000006],
     [19.329662900000002, 43.892361300000005], [19.3297886, 43.892341],
     [19.3299087, 43.892323600000005], [19.3299913, 43.8923208],
     [19.330075700000002, 43.8923306], [19.3301813, 43.8923852],
     [19.3303413, 43.892470200000005], [19.3305611, 43.8925119],
     [19.330775000000003, 43.892506700000006],
     [19.3310265, 43.8925015]]}},
  {"type":"Feature",
   "properties":{},
   "geometry":
   {"type":"LineString",
    "coordinates":
    [[19.3310265, 43.8925015],
     [19.331278100000002, 43.892371000000004],
     [19.331476300000002, 43.8922882],
     [19.331586400000003, 43.892241000000006],
     [19.331732600000002, 43.8922016],
     [19.331971600000003, 43.892222600000004],
     [19.332147000000003, 43.8922298],
     [19.332333900000002, 43.892207000000006],
     [19.3325006, 43.8921645], [19.3327002, 43.892144200000004],
     [19.332916700000002, 43.892158], [19.3330817, 43.8921804],
     [19.333294000000002, 43.8922241],
     [19.3335142, 43.892279200000004],
     [19.3336231, 43.892288400000005], [19.3338749, 43.8923104],
     [19.3340895, 43.892277500000006], [19.3343791, 43.8923007],
     [19.3345615, 43.892264000000004],
     [19.3351194, 43.892006900000005],
     [19.3358007, 43.891856100000005],
     [19.336001900000003, 43.891703400000004],
     [19.336229900000003, 43.8916532], [19.3363854, 43.8916513],
     [19.3365195, 43.8916764], [19.3366376, 43.891715000000005],
     [19.3367234, 43.8917556], [19.3368541, 43.8917864]]}},
  {"type":"Feature",
   "properties":{},
   "geometry":
   {"type":"LineString",
    "coordinates":
    [[19.3368541, 43.8917864], [19.3369658, 43.891533],
     [19.3370913, 43.891168300000004],
     [19.337182000000002, 43.8908913],
     [19.337245000000003, 43.8907055], [19.3373829, 43.8904355],
     [19.3374914, 43.8902172], [19.3375643, 43.890038000000004],
     [19.3376018, 43.889956100000006],
     [19.3376574, 43.889853200000005],
     [19.3378613, 43.889543100000004],
     [19.337929000000003, 43.8893872],
     [19.337960900000002, 43.889287800000005],
     [19.3379745, 43.8891797], [19.3379844, 43.889070200000006],
     [19.337988900000003, 43.888956400000005],
     [19.3379751, 43.8888752], [19.337907700000002, 43.8887012],
     [19.337894300000002, 43.8886204],
     [19.337911300000002, 43.8885427],
     [19.3379596, 43.888427400000005],
     [19.3380224, 43.888326400000004], [19.3381146, 43.8881595],
     [19.338223300000003, 43.888008600000006],
     [19.338320200000002, 43.887877800000005],
     [19.338382600000003, 43.8877942],
     [19.3384538, 43.887710600000005], [19.3385003, 43.8876566],
     [19.3385623, 43.887604200000006], [19.3386876, 43.8875163],
     [19.338932800000002, 43.8873734], [19.33913, 43.887235000000004],
     [19.339262100000003, 43.8870729]]}},
  {"type":"Feature",
   "properties":{},
   "geometry":
   {"type":"LineString",
    "coordinates":
    [[19.339262100000003, 43.8870729], [19.339416, 43.886978000000006],
     [19.339576400000002, 43.8868791],
     [19.3397545, 43.886753000000006],
     [19.3399001, 43.886641000000004],
     [19.340063800000003, 43.886489000000005],
     [19.3402363, 43.8863545], [19.3403795, 43.886268300000005],
     [19.340527700000003, 43.886175], [19.3407194, 43.8860765],
     [19.340934100000002, 43.885978], [19.341143900000002, 43.88589],
     [19.341359500000003, 43.8857956],
     [19.3415246, 43.885724700000004],
     [19.341648000000003, 43.885662700000005],
     [19.341740700000003, 43.8856048],
     [19.341841300000002, 43.885530700000004],
     [19.3419136, 43.8854454], [19.3421466, 43.8851281]]}},
  {"type":"Feature",
   "properties":{},
   "geometry":
   {"type":"LineString",
    "coordinates":
    [[19.3421466, 43.8851281], [19.3418946, 43.8850451],
     [19.341787500000002, 43.884992600000004],
     [19.3417257, 43.884953200000005],
     [19.341672000000003, 43.8849079],
     [19.341629400000002, 43.884807900000006],
     [19.3415907, 43.8847113],
     [19.341517200000002, 43.884604800000005],
     [19.3413969, 43.8844438], [19.3411797, 43.8842136],
     [19.341083400000002, 43.8840366], [19.3410143, 43.8836931],
     [19.3409881, 43.8834309], [19.3409672, 43.883145500000005],
     [19.3409128, 43.882744],
     [19.340852400000003, 43.882371500000005]]}},
  {"type":"Feature",
   "properties":{},
   "geometry":
   {"type":"LineString",
    "coordinates":
    [[19.340473300000003, 43.8774273], [19.3404911, 43.8774786],
     [19.340504300000003, 43.877515800000005],
     [19.3405056, 43.877558300000004],
     [19.340458400000003, 43.877622300000006],
     [19.3404454, 43.8776798], [19.340475700000002, 43.8777477],
     [19.3405095, 43.877805900000006], [19.3405561, 43.8778899],
     [19.3406846, 43.878227], [19.340803, 43.8787552],
     [19.3408567, 43.8790027], [19.3408567, 43.8793043],
     [19.3408513, 43.879729600000005],
     [19.3409103, 43.880019600000004],
     [19.3409103, 43.880201400000004],
     [19.3408245, 43.880634400000005], [19.3407172, 43.8809321],
     [19.3407226, 43.881334300000006], [19.3407816, 43.882007],
     [19.340852400000003, 43.882371500000005]]}},
  {"type":"Feature",
   "properties":{},
   "geometry":
   {"type":"LineString",
    "coordinates":
    [[19.340473300000003, 43.8774273],
     [19.340510700000003, 43.877438600000005],
     [19.3405858, 43.877448300000005],
     [19.3407065, 43.877427000000004], [19.3408486, 43.8773999],
     [19.3409479, 43.8773825],
     [19.341146300000002, 43.877372900000005],
     [19.341312600000002, 43.877365100000006],
     [19.3413931, 43.877341900000005], [19.3415004, 43.8772491],
     [19.3416399, 43.8771524],
     [19.341857100000002, 43.877073200000005],
     [19.3419069, 43.877044600000005],
     [19.342095800000003, 43.8769359],
     [19.3423212, 43.876794800000006],
     [19.342444500000003, 43.8767097],
     [19.342685900000003, 43.8765763],
     [19.3429729, 43.876440900000006],
     [19.343147300000002, 43.876353900000005],
     [19.3432841, 43.876321100000006], [19.3434691, 43.8763249],
     [19.3435603, 43.8763288], [19.343681, 43.8763288],
     [19.3437749, 43.8763191], [19.343842000000002, 43.8762959],
     [19.3438822, 43.8762495], [19.343903700000002, 43.8761877],
     [19.3439841, 43.876040700000004],
     [19.3441075, 43.875944100000005], [19.344196, 43.875880200000005],
     [19.3444696, 43.8757314], [19.344732500000003, 43.8755322],
     [19.3451053, 43.8752809], [19.3453628, 43.875103],
     [19.3454379, 43.8750701], [19.3456283, 43.875008300000005],
     [19.3458823, 43.8749739], [19.3460025, 43.8749691],
     [19.346161900000002, 43.874962700000005],
     [19.346342500000002, 43.8749551],
     [19.3464707, 43.874951200000005],
     [19.3465713, 43.874953500000004],
     [19.346657200000003, 43.8749558],
     [19.346884600000003, 43.874970600000005],
     [19.3470172, 43.874974800000004],
     [19.347207400000002, 43.874983300000004],
     [19.3473553, 43.874983300000004],
     [19.347611500000003, 43.8749893],
     [19.347868000000002, 43.8749899],
     [19.348074500000003, 43.874996700000004],
     [19.3482555, 43.875008300000005],
     [19.3484285, 43.875026600000005],
     [19.3485197, 43.875029500000004], [19.3485841, 43.8750237],
     [19.3486458, 43.875003400000004],
     [19.3487142, 43.874975400000004],
     [19.348785300000003, 43.874949300000004],
     [19.3488443, 43.874937700000004],
     [19.3489046, 43.874941500000006], [19.348938200000003, 43.874957],
     [19.3489797, 43.875005400000006], [19.34902, 43.875088500000004],
     [19.3490508, 43.8751668], [19.3491004, 43.8752432],
     [19.3491474, 43.875293400000004], [19.3492362, 43.8753364],
     [19.349289900000002, 43.875348300000006], [19.3493432, 43.87534],
     [19.3494588, 43.875319000000005], [19.3495177, 43.8753048],
     [19.3495528, 43.875295200000004],
     [19.349590900000003, 43.875288000000005],
     [19.3496364, 43.8752815], [19.349703700000003, 43.8752818],
     [19.349819200000002, 43.8752925],
     [19.3500637, 43.875331100000004],
     [19.350264000000003, 43.875371300000005],
     [19.3506904, 43.8754422], [19.3507414, 43.875449700000004],
     [19.3508071, 43.8754566], [19.3509414, 43.8754665],
     [19.351079900000002, 43.8754554],
     [19.351195800000003, 43.875446700000005],
     [19.3512884, 43.8754496], [19.3513525, 43.875458300000005],
     [19.351419500000002, 43.8754805], [19.3514927, 43.8755109],
     [19.351629900000002, 43.875600500000004],
     [19.3517048, 43.875658800000004],
     [19.351803200000003, 43.8757071], [19.3518948, 43.8757285],
     [19.3519787, 43.875743500000006],
     [19.3520304, 43.875739100000004],
     [19.3520724, 43.875708700000004],
     [19.352125700000002, 43.8756375],
     [19.3521699, 43.875582900000005],
     [19.352186800000002, 43.875565800000004],
     [19.3522111, 43.875552600000006],
     [19.352242800000003, 43.8755442], [19.3522767, 43.8755382],
     [19.3523502, 43.875531], [19.3523888, 43.8755272],
     [19.3524333, 43.8755192], [19.3524818, 43.8755053],
     [19.3525664, 43.8754742], [19.3526412, 43.8754305],
     [19.3527336, 43.8753656], [19.3528428, 43.875317300000006],
     [19.3529342, 43.8752986], [19.353012200000002, 43.8753029]]}},
  {"type":"Feature",
   "properties":{},
   "geometry":
   {"type":"LineString",
    "coordinates":
    [[19.353012200000002, 43.8753029],
     [19.353066300000002, 43.875268600000005],
     [19.3531091, 43.8752349], [19.3531616, 43.8751778],
     [19.3531936, 43.875128100000005],
     [19.353231400000002, 43.8750518],
     [19.353343600000002, 43.874864200000005],
     [19.353417800000003, 43.8747221], [19.3534547, 43.8746458],
     [19.353479, 43.8745835], [19.3535033, 43.8745149],
     [19.353519600000002, 43.874452700000006],
     [19.353544600000003, 43.874374700000004],
     [19.353566100000002, 43.8743281], [19.3536022, 43.8742837],
     [19.353667, 43.8742238], [19.3537328, 43.8741849],
     [19.3537742, 43.8741585], [19.353843100000002, 43.8741296],
     [19.353907, 43.8740998], [19.3540876, 43.8739852],
     [19.354247700000002, 43.873892100000006],
     [19.3543948, 43.8738035], [19.3545547, 43.8736941],
     [19.354700100000002, 43.87359], [19.354884000000002, 43.873444],
     [19.3550413, 43.8732345], [19.3551118, 43.8731209],
     [19.355152500000003, 43.873041400000005],
     [19.355187400000002, 43.8729503], [19.3552135, 43.8728794],
     [19.3552535, 43.8727639],
     [19.355277400000002, 43.872628500000005],
     [19.355384700000002, 43.8723443],
     [19.355413600000002, 43.872262500000005],
     [19.3554728, 43.8721363], [19.3555412, 43.872013],
     [19.355660200000003, 43.8718299], [19.3556923, 43.871775],
     [19.3557041, 43.8717266], [19.355710000000002, 43.8716888],
     [19.355713, 43.871644700000004], [19.3557093, 43.871574300000006],
     [19.355699, 43.871486100000006], [19.355689700000003, 43.871431],
     [19.3556901, 43.871362000000005],
     [19.355702, 43.871270700000004]]}},
  {"type":"Feature",
   "properties":{},
   "geometry":
   {"type":"LineString",
    "coordinates":
    [[19.355702, 43.871270700000004],
     [19.355604800000002, 43.871161300000004],
     [19.355513600000002, 43.8710533],
     [19.355425800000003, 43.870925500000006],
     [19.355371, 43.870838400000004],
     [19.355306000000002, 43.870695700000006], [19.355243, 43.8705195],
     [19.355200200000002, 43.870395900000005],
     [19.3551748, 43.870291300000005], [19.3551501, 43.8701542],
     [19.355144000000003, 43.8699978], [19.3551469, 43.8697942],
     [19.3551547, 43.8694902], [19.3551653, 43.869103700000004],
     [19.355188000000002, 43.868841700000004],
     [19.355202000000002, 43.868652100000006],
     [19.355239100000002, 43.868436900000006],
     [19.3552687, 43.8682984], [19.355304200000003, 43.8681852],
     [19.3553295, 43.8681044], [19.3553977, 43.8678779],
     [19.3554488, 43.867702900000005],
     [19.355507900000003, 43.8675183], [19.3555633, 43.8673549],
     [19.3556208, 43.8672392], [19.355683000000003, 43.8671249],
     [19.3557393, 43.8670391]]}},
  {"type":"Feature",
   "properties":{},
   "geometry":
   {"type":"LineString",
    "coordinates":
    [[19.356032900000002, 43.8602234], [19.3559166, 43.8602301],
     [19.355811600000003, 43.860232800000006],
     [19.3557054, 43.8602301], [19.3555026, 43.8602159],
     [19.3553192, 43.8602031], [19.354780400000003, 43.8601831],
     [19.354694000000002, 43.8601947], [19.3546231, 43.8602183],
     [19.354576700000003, 43.860251000000005],
     [19.354552100000003, 43.860276600000006],
     [19.354506100000002, 43.860320200000004],
     [19.354384200000002, 43.8604968],
     [19.354270800000002, 43.8606537], [19.354133, 43.8608874],
     [19.353991500000003, 43.8611291],
     [19.3538842, 43.861313100000004],
     [19.353794800000003, 43.8614371],
     [19.3537474, 43.861537500000004],
     [19.3537252, 43.861581900000004], [19.3537046, 43.8616431],
     [19.353689300000003, 43.8616997],
     [19.3536626, 43.861816600000004],
     [19.353670700000002, 43.8618917],
     [19.353662200000002, 43.8619818], [19.3536414, 43.8620728],
     [19.3536173, 43.862118800000005], [19.3535563, 43.8621573],
     [19.3535194, 43.862179100000006], [19.353396, 43.8622382],
     [19.353251200000003, 43.862272000000004], [19.352999, 43.8623204],
     [19.3528166, 43.862366800000004],
     [19.352749600000003, 43.862391900000006],
     [19.3527013, 43.8624219], [19.3526731, 43.862448],
     [19.352674500000003, 43.862481900000006],
     [19.352690600000003, 43.862509900000006],
     [19.3527402, 43.862564000000006], [19.3528153, 43.8626366],
     [19.3528877, 43.862686800000006], [19.3530433, 43.8627874],
     [19.3532029, 43.862899600000006],
     [19.353279200000003, 43.862969500000005],
     [19.353415700000003, 43.863154400000006],
     [19.3535071, 43.8633029], [19.353590500000003, 43.863421],
     [19.353607500000003, 43.8634615],
     [19.353651600000003, 43.863533200000006],
     [19.353726700000003, 43.8636362], [19.353857, 43.863788400000004],
     [19.353997200000002, 43.863910600000004],
     [19.3541361, 43.864067000000006], [19.3542324, 43.8642167],
     [19.3542989, 43.864387400000005], [19.3543889, 43.8645301],
     [19.3545145, 43.8646765], [19.3546196, 43.8647969],
     [19.3546978, 43.8648632], [19.355007, 43.865062300000005],
     [19.355186200000002, 43.865163200000005],
     [19.3552693, 43.865250200000006],
     [19.3553195, 43.865312700000004], [19.3553369, 43.8653801],
     [19.3553314, 43.8654564], [19.3553755, 43.865745800000006],
     [19.3554026, 43.865858200000005], [19.3554362, 43.8659504],
     [19.3554901, 43.866085500000004],
     [19.3555938, 43.866294800000006],
     [19.355702700000002, 43.866649200000005],
     [19.3557393, 43.8670391]]}},
  {"type":"Feature",
   "properties":{},
   "geometry":
   {"type":"LineString",
    "coordinates":
    [[19.3600238, 43.859648], [19.359878600000002, 43.8596303],
     [19.359772500000002, 43.859624100000005],
     [19.359707500000003, 43.859622200000004],
     [19.3596214, 43.859622900000005],
     [19.359393400000002, 43.859621600000004],
     [19.3591601, 43.859653800000004], [19.3589416, 43.8596669],
     [19.3587765, 43.859674000000005], [19.3584885, 43.859676],
     [19.358318200000003, 43.859688600000005],
     [19.358135400000002, 43.859714700000005],
     [19.3579848, 43.859740800000004], [19.3578708, 43.8597659],
     [19.357773700000003, 43.8597808],
     [19.3575716, 43.859801600000004],
     [19.3574483, 43.859822400000006], [19.357295, 43.859858700000004],
     [19.3571291, 43.859903], [19.356929400000002, 43.8599553],
     [19.3564914, 43.8600739], [19.356365200000003, 43.860118],
     [19.356158100000002, 43.860198000000004],
     [19.356098300000003, 43.860213300000005],
     [19.356032900000002, 43.8602234]]}},
  {"type":"Feature",
   "properties":{},
   "geometry":
   {"type":"LineString",
    "coordinates":
    [[19.3657068, 43.8590766], [19.3655404, 43.8590449],
     [19.3653602, 43.8590086], [19.365261200000003, 43.8589858],
     [19.365127, 43.8589471], [19.364971, 43.8589015],
     [19.3648801, 43.858886500000004],
     [19.364802400000002, 43.8588834], [19.3647268, 43.8588916],
     [19.364645600000003, 43.8589077],
     [19.3645429, 43.858932100000004], [19.3644104, 43.8589696],
     [19.364315400000002, 43.8589907],
     [19.364212600000002, 43.8590038], [19.3641201, 43.859011],
     [19.3640182, 43.8590127], [19.3638726, 43.8590055],
     [19.3635759, 43.858980100000004],
     [19.3634779, 43.858977100000004],
     [19.3634226, 43.858982100000006],
     [19.3633786, 43.858992300000004],
     [19.3633287, 43.859012500000006], [19.363261, 43.8590597],
     [19.363151600000002, 43.8591562],
     [19.363098400000002, 43.859210100000006],
     [19.3630622, 43.8592632], [19.3630292, 43.8593203],
     [19.3630074, 43.8593692], [19.3629709, 43.859503600000004],
     [19.362954300000002, 43.859547500000005],
     [19.3629317, 43.859585900000006],
     [19.3629021, 43.859616100000004], [19.3628597, 43.8596443],
     [19.362789000000003, 43.859682400000004],
     [19.362726300000002, 43.859725000000005],
     [19.362677700000003, 43.8597717], [19.362631, 43.859826600000005],
     [19.3625854, 43.859889800000005], [19.3625297, 43.859962],
     [19.3624993, 43.859995700000006], [19.362454, 43.860032800000006],
     [19.3624087, 43.8600536], [19.362349100000003, 43.8600731],
     [19.3622303, 43.860098900000004], [19.3621367, 43.8601247],
     [19.3620676, 43.8601541], [19.361984200000002, 43.8601979],
     [19.361878400000002, 43.860252900000006],
     [19.3618138, 43.8602731], [19.361731000000002, 43.8602873],
     [19.361660800000003, 43.8602913],
     [19.3615862, 43.860281300000004], [19.3615214, 43.8602652],
     [19.361324500000002, 43.8602046],
     [19.3610724, 43.860123400000006], [19.3609814, 43.8600955],
     [19.3609303, 43.8600785],
     [19.360879200000003, 43.860053400000005],
     [19.3608014, 43.859998000000004],
     [19.360718000000002, 43.859932400000005],
     [19.360627100000002, 43.8598681],
     [19.360476900000002, 43.8597637],
     [19.3603811, 43.859699500000005],
     [19.360310600000002, 43.859651500000005],
     [19.3602488, 43.859630800000005],
     [19.3601926, 43.859628300000004],
     [19.360100300000003, 43.859640000000006],
     [19.3600238, 43.859648]]}},
  {"type":"Feature",
   "properties":{},
   "geometry":
   {"type":"LineString",
    "coordinates":
    [[19.3657068, 43.8590766], [19.366172000000002, 43.8588182],
     [19.3663239, 43.858745400000004],
     [19.3666006, 43.858627000000006], [19.3667872, 43.8585567],
     [19.3669139, 43.858503000000006], [19.3669713, 43.8584662],
     [19.367028400000002, 43.8584199],
     [19.3671344, 43.858347200000004],
     [19.367202300000002, 43.8583135], [19.3672632, 43.8582873],
     [19.3674702, 43.858207], [19.3675499, 43.8581657],
     [19.367623100000003, 43.858121000000004], [19.3676897, 43.858077],
     [19.3677774, 43.8580115], [19.3679691, 43.8578241],
     [19.3680805, 43.857713700000005],
     [19.368166000000002, 43.8576576], [19.3683607, 43.8575533],
     [19.3684282, 43.8575158], [19.3685394, 43.8574551],
     [19.3686294, 43.8573983], [19.3688703, 43.8572013],
     [19.3690424, 43.857041], [19.3691061, 43.857001800000006],
     [19.369219, 43.856949900000004]]}},
  {"type":"Feature",
   "properties":{},
   "geometry":
   {"type":"LineString",
    "coordinates":
    [[19.369219, 43.856949900000004], [19.3695141, 43.8571936],
     [19.369580000000003, 43.857240100000006],
     [19.3696428, 43.857274800000006],
     [19.3697057, 43.857296700000006],
     [19.369796100000002, 43.8573159],
     [19.3698941, 43.857321600000006],
     [19.3699562, 43.857319000000004],
     [19.370018400000003, 43.8573134], [19.3700887, 43.8573036],
     [19.3701525, 43.8572907], [19.3702265, 43.8572697],
     [19.370300500000003, 43.8572426],
     [19.3703957, 43.857198700000005], [19.3706406, 43.8570621],
     [19.3707023, 43.857024300000006],
     [19.370766200000002, 43.856980300000004],
     [19.3708165, 43.8569291], [19.3708582, 43.856873400000005]]}},
  {"type":"Feature",
   "properties":{},
   "geometry":
   {"type":"LineString",
    "coordinates":
    [[19.3749037, 43.8550678], [19.3748648, 43.8550659],
     [19.3747751, 43.855067500000004],
     [19.374651200000002, 43.8550782],
     [19.374493100000002, 43.8550875], [19.3743777, 43.8550752],
     [19.374258100000002, 43.855048200000006],
     [19.374165100000003, 43.855032], [19.3740615, 43.8550266],
     [19.374000600000002, 43.8550374], [19.3739408, 43.8550644],
     [19.3738703, 43.855126000000006], [19.3738233, 43.8551815],
     [19.373761400000003, 43.855270000000004],
     [19.3736503, 43.8554672], [19.3733757, 43.855916300000004],
     [19.3732358, 43.8561558], [19.3731781, 43.8562383],
     [19.3731055, 43.856297600000005],
     [19.373036000000003, 43.856326800000005],
     [19.372952700000003, 43.8563392],
     [19.372882200000003, 43.8563476],
     [19.372792500000003, 43.8563592],
     [19.3727284, 43.856381500000005],
     [19.372678200000003, 43.856407700000005],
     [19.3726109, 43.856453900000005], [19.3724987, 43.8565163],
     [19.3724101, 43.856548700000005], [19.37233, 43.856566400000006],
     [19.3722135, 43.8565787], [19.3721056, 43.8565964],
     [19.372056500000003, 43.856614900000004],
     [19.372012700000003, 43.8566342],
     [19.3719614, 43.856669600000004],
     [19.3719208, 43.856716600000006],
     [19.3718781, 43.856785900000006], [19.371814, 43.8569176],
     [19.3717927, 43.8569477], [19.3717595, 43.8569669],
     [19.371725400000003, 43.8569754],
     [19.371690100000002, 43.856976200000005], [19.371642, 43.8569754],
     [19.3715929, 43.8569638], [19.371536300000002, 43.8569353],
     [19.371448700000002, 43.856886100000004],
     [19.3714029, 43.8568665], [19.371340200000002, 43.8568535],
     [19.3713084, 43.856852], [19.3712702, 43.8568529],
     [19.3712118, 43.856860700000006], [19.3711626, 43.8568748],
     [19.3710673, 43.8568864], [19.3709645, 43.856884900000004],
     [19.3708582, 43.856873400000005]]}},
  {"type":"Feature",
   "properties":{},
   "geometry":
   {"type":"LineString",
    "coordinates":
    [[19.3749037, 43.8550678], [19.3749609, 43.855024300000004],
     [19.3751251, 43.8549974], [19.375281700000002, 43.8549537],
     [19.375393900000002, 43.854924000000004],
     [19.3754968, 43.8549221], [19.3755554, 43.8549358],
     [19.3756288, 43.8549906], [19.375659900000002, 43.8550199],
     [19.3757625, 43.8552296], [19.3758117, 43.8553553],
     [19.375856000000002, 43.855472600000006],
     [19.3758836, 43.8555208], [19.3759114, 43.855575900000005],
     [19.3759431, 43.8556224], [19.3759957, 43.855668300000005],
     [19.3760964, 43.8557039], [19.376169100000002, 43.8557068],
     [19.3762611, 43.855694400000004],
     [19.3764806, 43.855635400000004],
     [19.376735800000002, 43.8556127],
     [19.376886300000002, 43.855585700000006],
     [19.3770439, 43.855582000000005], [19.377123, 43.8555912]]}},
  {"type":"Feature",
   "properties":{},
   "geometry":
   {"type":"LineString",
    "coordinates":
    [[19.377548100000002, 43.8563892], [19.3775161, 43.8563923],
     [19.3774926, 43.8563831], [19.3774766, 43.8563708],
     [19.377462700000002, 43.8563484], [19.3774434, 43.8563191],
     [19.377437, 43.8562421], [19.3774306, 43.8561089],
     [19.377418900000002, 43.8559409],
     [19.3773804, 43.855775300000005],
     [19.377348400000002, 43.8557037],
     [19.3773249, 43.855630500000004],
     [19.3773078, 43.855596600000005],
     [19.377282100000002, 43.8555689], [19.3772448, 43.8555597],
     [19.3772063, 43.8555566],
     [19.377165700000003, 43.855562000000006],
     [19.377123, 43.8555912]]}},
  {"type":"Feature",
   "properties":{},
   "geometry":
   {"type":"LineString",
    "coordinates":
    [[19.377548100000002, 43.8563892],
     [19.377633300000003, 43.8564226], [19.377689, 43.8564409],
     [19.377751, 43.856447700000004], [19.3778153, 43.8564559],
     [19.377874300000002, 43.856444700000004],
     [19.377944300000003, 43.856428900000004],
     [19.378002600000002, 43.856408300000005], [19.378083, 43.8563763],
     [19.378233100000003, 43.8562984],
     [19.378303600000002, 43.8562692],
     [19.378390900000003, 43.8562382],
     [19.3784795, 43.856213800000006],
     [19.378568100000003, 43.8561922], [19.3787476, 43.8561549],
     [19.378954800000002, 43.8561233], [19.3791283, 43.8561076],
     [19.379238700000002, 43.8561069],
     [19.3793393, 43.856114700000006], [19.3794042, 43.8561343],
     [19.379468000000003, 43.8561497],
     [19.3795259, 43.856171800000006],
     [19.3795778, 43.856200300000005], [19.3796374, 43.856242],
     [19.3796986, 43.856295700000004],
     [19.379730600000002, 43.856334200000006],
     [19.379753700000002, 43.8563685],
     [19.379776500000002, 43.856436900000006],
     [19.3798119, 43.8566056], [19.3798296, 43.8566738],
     [19.3798473, 43.856726800000004], [19.379883, 43.856785300000006],
     [19.379936100000002, 43.8568464], [19.380088, 43.856985300000005],
     [19.3802859, 43.8568992], [19.3804328, 43.856841],
     [19.3805707, 43.8567958], [19.3807063, 43.856749300000004],
     [19.3808191, 43.8567066], [19.3809249, 43.8566712],
     [19.381017200000002, 43.856636900000005],
     [19.381080400000002, 43.8566039], [19.381143400000003, 43.856555],
     [19.381215400000002, 43.8564585], [19.3812591, 43.8564093],
     [19.381349800000002, 43.8563306], [19.3814686, 43.8562395],
     [19.3815694, 43.856154800000006],
     [19.3816716, 43.856067800000005], [19.3817483, 43.8560165],
     [19.3818023, 43.855998], [19.3818817, 43.855988700000005],
     [19.381940200000003, 43.8559902],
     [19.382013200000003, 43.8560116],
     [19.382069100000002, 43.8560363], [19.3821161, 43.856074],
     [19.382226000000003, 43.8561933], [19.382285, 43.8562456],
     [19.3823392, 43.856288500000005], [19.3823754, 43.8563076],
     [19.3824222, 43.856326700000004],
     [19.3824557, 43.856333500000005], [19.382492900000003, 43.856335],
     [19.3825298, 43.8563314], [19.3825648, 43.856321200000004],
     [19.3826062, 43.856304800000004],
     [19.382636700000003, 43.8562857],
     [19.382795700000003, 43.856166900000005],
     [19.3829201, 43.8560761], [19.3830078, 43.8560102],
     [19.3831135, 43.855933500000006], [19.3831884, 43.855887],
     [19.3833053, 43.8558211], [19.383431100000003, 43.8557574],
     [19.383566000000002, 43.855702300000004],
     [19.3837072, 43.8556539], [19.3838212, 43.855628700000004],
     [19.3839398, 43.8556131],
     [19.384025100000002, 43.855612400000005],
     [19.3841146, 43.8556206], [19.3842067, 43.8556248],
     [19.3842713, 43.855625100000005], [19.3843256, 43.8556151],
     [19.384368900000002, 43.8555981], [19.3843855, 43.8555785],
     [19.384388400000002, 43.855557000000005],
     [19.384370200000003, 43.855493], [19.3843566, 43.8554529],
     [19.3843408, 43.855420800000005], [19.3843111, 43.8553767],
     [19.384249800000003, 43.85528], [19.3842262, 43.855232900000004],
     [19.3842047, 43.8551706], [19.3841915, 43.8550874]]}},
  {"type":"Feature",
   "properties":{},
   "geometry":
   {"type":"LineString",
    "coordinates":
    [[19.385080300000002, 43.8549407], [19.3850002, 43.8549534],
     [19.3849202, 43.854970400000006], [19.3847996, 43.8550246],
     [19.3847133, 43.855069900000004],
     [19.3846671, 43.855087600000004],
     [19.384614900000003, 43.8550981],
     [19.384535800000002, 43.8551042],
     [19.384400000000003, 43.855104700000005],
     [19.3842894, 43.855097300000004], [19.3842018, 43.8550884],
     [19.3841915, 43.8550874]]}},
  {"type":"Feature",
   "properties":{},
   "geometry":
   {"type":"LineString",
    "coordinates":
    [[19.385080300000002, 43.8549407],
     [19.385244500000002, 43.8550053],
     [19.385340600000003, 43.8550467],
     [19.385455500000003, 43.8551044],
     [19.385602900000002, 43.855184400000006],
     [19.3856693, 43.855224400000004],
     [19.385741200000002, 43.855274900000005],
     [19.3858067, 43.8553261], [19.3858521, 43.8553707],
     [19.3859558, 43.855474300000004], [19.3859847, 43.855505],
     [19.386008500000003, 43.8555283],
     [19.3860384, 43.855549200000006], [19.3860759, 43.8555714],
     [19.3861141, 43.8555937], [19.3861229, 43.855604],
     [19.386126400000002, 43.8556193], [19.3861244, 43.8556291],
     [19.3861169, 43.855636100000005], [19.3861032, 43.8556436],
     [19.386080200000002, 43.8556487],
     [19.386045000000003, 43.8556475],
     [19.3859631, 43.855642200000005],
     [19.385924900000003, 43.855640300000005],
     [19.3858885, 43.8556436], [19.385843, 43.8556521],
     [19.3858222, 43.8556606], [19.3858003, 43.855676300000006],
     [19.3857848, 43.8556947], [19.3857648, 43.8557262],
     [19.3857548, 43.8557531], [19.3857575, 43.855782600000005],
     [19.3857657, 43.855815400000004],
     [19.385786600000003, 43.8558456], [19.3858503, 43.8559059],
     [19.385917600000003, 43.855974200000006],
     [19.385934900000002, 43.8560024],
     [19.385939500000003, 43.8560371],
     [19.3859385, 43.856089600000004],
     [19.385928500000002, 43.856173600000005],
     [19.3859159, 43.856297100000006], [19.3859076, 43.8563495],
     [19.3858919, 43.8564123], [19.3858552, 43.8565526],
     [19.3858101, 43.8566815], [19.3857049, 43.856843000000005],
     [19.3856465, 43.8569551], [19.385589, 43.857094000000004],
     [19.3855751, 43.857148200000005],
     [19.385535100000002, 43.8572732]]}},
  {"type":"Feature",
   "properties":{},
   "geometry":
   {"type":"LineString",
    "coordinates":
    [[19.385535100000002, 43.8572732],
     [19.385582600000003, 43.8573425], [19.3856205, 43.8574051],
     [19.3857287, 43.8574933], [19.3859102, 43.8576118],
     [19.386074400000002, 43.857733700000004],
     [19.3861379, 43.857904600000005],
     [19.386180900000003, 43.858039500000004],
     [19.3862318, 43.858240300000006],
     [19.3863048, 43.858482300000006], [19.3863615, 43.8585992],
     [19.386408300000003, 43.8586764], [19.386455100000003, 43.85873],
     [19.3865631, 43.858813000000005], [19.386789, 43.8589786],
     [19.3869018, 43.859059800000004], [19.3869402, 43.8591324]]}},
  {"type":"Feature",
   "properties":{},
   "geometry":
   {"type":"LineString",
    "coordinates":
    [[19.3869402, 43.8591324], [19.3870054, 43.859140000000004],
     [19.387336700000002, 43.859174800000005], [19.3878007, 43.859198],
     [19.3881869, 43.859109100000005], [19.3884873, 43.858846],
     [19.390263, 43.8594804], [19.390499000000002, 43.8593489],
     [19.3908799, 43.8592444], [19.3912017, 43.8593527],
     [19.3915022, 43.8593643], [19.392478500000003, 43.8587262],
     [19.394111900000002, 43.859022100000004],
     [19.395209, 43.859248300000004],
     [19.396061900000003, 43.859101300000006],
     [19.3965688, 43.8589369], [19.3978322, 43.8593489],
     [19.398253200000003, 43.859410800000006],
     [19.3991599, 43.859635100000006],
     [19.400031600000002, 43.8595423],
     [19.400753100000003, 43.8595984],
     [19.401297500000002, 43.859805400000006],
     [19.4017702, 43.860380500000005], [19.4010937, 43.8606795],
     [19.399511200000003, 43.8609232],
     [19.3989265, 43.861089500000006], [19.3983901, 43.8615304],
     [19.3973601, 43.8618979], [19.3964481, 43.861894],
     [19.3959654, 43.8621105], [19.3958848, 43.862373600000005],
     [19.396051200000002, 43.8625167], [19.3964696, 43.8625476],
     [19.3970597, 43.8625824], [19.3974942, 43.8626172],
     [19.3980253, 43.862683000000004],
     [19.3983418, 43.862857000000005],
     [19.3985242, 43.862942100000005], [19.3991733, 43.8630659],
     [19.399677500000003, 43.8629769], [19.400332000000002, 43.862915],
     [19.4009381, 43.862876400000005],
     [19.4011581, 43.862961500000004], [19.4012815, 43.8630311],
     [19.4016248, 43.863100700000004],
     [19.4020486, 43.863046600000004], [19.4023651, 43.8632167],
     [19.402536700000002, 43.863414000000006],
     [19.4026682, 43.8635822], [19.4029096, 43.863615100000004],
     [19.4029625, 43.863645500000004]]}},
  {"type":"Feature",
   "properties":{},
   "geometry":
   {"type":"LineString",
    "coordinates":
    [[19.4055429, 43.8628518], [19.4054292, 43.862937800000005],
     [19.4052869, 43.863077000000004],
     [19.405185200000002, 43.863160300000004],
     [19.405075500000002, 43.863230900000005],
     [19.404970900000002, 43.863292200000004], [19.404852, 43.8633564],
     [19.4047495, 43.863423700000006],
     [19.4046774, 43.863483800000004],
     [19.4046293, 43.863530000000004],
     [19.404591800000002, 43.863575100000006],
     [19.404552000000002, 43.8636271], [19.4045005, 43.863694],
     [19.4044597, 43.8637419], [19.4044263, 43.8637701],
     [19.404378, 43.863796], [19.4043369, 43.8638089],
     [19.4042666, 43.8638193], [19.4041845, 43.863814500000004],
     [19.404084400000002, 43.863797600000005],
     [19.4038399, 43.8637473],
     [19.403722000000002, 43.863719700000004],
     [19.403399200000003, 43.8636276],
     [19.403301300000003, 43.8636123],
     [19.403207300000002, 43.8636112],
     [19.403078700000002, 43.863626200000006],
     [19.4029625, 43.863645500000004]]}},
  {"type":"Feature",
   "properties":{},
   "geometry":
   {"type":"LineString",
    "coordinates":
    [[19.409321300000002, 43.8610689],
     [19.409081200000003, 43.8610832],
     [19.4089069, 43.861115500000004],
     [19.408716700000003, 43.861163100000006],
     [19.408501400000002, 43.8612018],
     [19.4081201, 43.861256100000006], [19.407976, 43.861282],
     [19.4078477, 43.8612964], [19.407569000000002, 43.8613074],
     [19.4074643, 43.8613184], [19.4073856, 43.861343600000005],
     [19.407330700000003, 43.861383100000005],
     [19.407280200000002, 43.861442200000006],
     [19.4072514, 43.8615313], [19.4072344, 43.8616091],
     [19.407227300000002, 43.861705400000005],
     [19.407200500000002, 43.861776000000006],
     [19.4071633, 43.861819600000004],
     [19.407126100000003, 43.861851800000004], [19.4070438, 43.861902],
     [19.406871300000002, 43.862008100000004],
     [19.406766700000002, 43.862090900000005],
     [19.406693800000003, 43.8621794], [19.406616, 43.862296400000005],
     [19.4065401, 43.862402], [19.406463600000002, 43.8624877],
     [19.4064079, 43.862538], [19.4063483, 43.8625741],
     [19.4062685, 43.8626121], [19.4061372, 43.862649600000005],
     [19.405948600000002, 43.8626943], [19.405777, 43.8627466],
     [19.4055429, 43.8628518]]}},
  {"type":"Feature",
   "properties":{},
   "geometry":
   {"type":"LineString",
    "coordinates":
    [[19.409321300000002, 43.8610689],
     [19.4093702, 43.861023100000004],
     [19.409386400000002, 43.8609949],
     [19.409415600000003, 43.8608923]]}},
  {"type":"Feature",
   "properties":{},
   "geometry":
   {"type":"LineString",
    "coordinates":
    [[19.409415600000003, 43.8608923],
     [19.409341100000002, 43.8608726],
     [19.409225900000003, 43.8608271], [19.4091433, 43.8607862],
     [19.409072000000002, 43.860733100000004],
     [19.409003900000002, 43.8606776],
     [19.4089177, 43.860592000000004], [19.4088342, 43.8605286],
     [19.4087502, 43.8604726], [19.4086421, 43.8604281],
     [19.408534, 43.8603894], [19.4083699, 43.860345],
     [19.4082754, 43.860318400000004], [19.4081711, 43.8602964],
     [19.4080406, 43.860283100000004],
     [19.407919800000002, 43.8602846],
     [19.4078078, 43.860291800000006], [19.4077112, 43.8602995],
     [19.4076287, 43.860288100000005], [19.407582, 43.8602697],
     [19.4075323, 43.8602362], [19.4074859, 43.8601746],
     [19.407414900000003, 43.860055800000005],
     [19.4073488, 43.859933600000005], [19.4072947, 43.8598652],
     [19.4072029, 43.859787000000004], [19.4071235, 43.8596942],
     [19.4070553, 43.8596002], [19.406981700000003, 43.859475],
     [19.406929400000003, 43.859383900000005],
     [19.4069092, 43.8592979], [19.4069118, 43.8592219],
     [19.4069486, 43.8591002], [19.40697, 43.8589859],
     [19.4069901, 43.858816100000006], [19.4070119, 43.8586642],
     [19.407048200000002, 43.8585475],
     [19.4070971, 43.858473700000005], [19.4071672, 43.8584145],
     [19.4072478, 43.8583755], [19.4073545, 43.858355200000005],
     [19.407492, 43.8583427], [19.4076263, 43.8583383],
     [19.4077793, 43.8583446], [19.408000700000002, 43.8583626],
     [19.4081167, 43.8583786], [19.4082043, 43.8583847],
     [19.4082492, 43.858372800000005], [19.408274900000002, 43.858338],
     [19.408289800000002, 43.8583002],
     [19.408281000000002, 43.8582631],
     [19.408247600000003, 43.8582203],
     [19.408204400000002, 43.858190300000004],
     [19.4080359, 43.8581136], [19.4078605, 43.858031100000005],
     [19.4076345, 43.8579432],
     [19.407352200000002, 43.857843700000004],
     [19.407193600000003, 43.857781100000004],
     [19.407083200000002, 43.8577145], [19.4069933, 43.8576186],
     [19.4069407, 43.857508], [19.406907500000003, 43.857373],
     [19.4068523, 43.857171300000005], [19.406799900000003, 43.85696],
     [19.406768, 43.8567793], [19.406753600000002, 43.8565349],
     [19.4067289, 43.8564013], [19.4066881, 43.8562523],
     [19.4066237, 43.8560553],
     [19.406537800000002, 43.855864100000005],
     [19.4064358, 43.855713800000004],
     [19.406328600000002, 43.8556042],
     [19.4062443, 43.855532200000006],
     [19.406199100000002, 43.8555037],
     [19.4061506, 43.855479900000006],
     [19.4060916, 43.855459700000004], [19.4060326, 43.8554465],
     [19.405826400000002, 43.8554133], [19.4057028, 43.8553926],
     [19.4056572, 43.855375300000006], [19.4056253, 43.8553493],
     [19.405607, 43.8553087], [19.4055967, 43.8552485],
     [19.4056071, 43.8551633], [19.405624, 43.8550428],
     [19.4056578, 43.8547591], [19.4056561, 43.854669900000005],
     [19.405641300000003, 43.8546259],
     [19.405616600000002, 43.854589100000005],
     [19.4055848, 43.854559800000004], [19.405553, 43.854539100000004],
     [19.4054843, 43.854528200000004],
     [19.405425700000002, 43.8545321],
     [19.4052805, 43.854550800000005],
     [19.405166700000002, 43.854568900000004],
     [19.404987000000002, 43.854599900000004],
     [19.4048287, 43.854632900000006], [19.4047066, 43.8546689],
     [19.4045978, 43.854720400000005], [19.4045038, 43.8547847],
     [19.4044122, 43.854863], [19.4041538, 43.855114],
     [19.4040702, 43.8551646], [19.4039974, 43.8551907],
     [19.403943, 43.8552005], [19.4038705, 43.855198900000005],
     [19.4037981, 43.855183100000005], [19.4037151, 43.8551586],
     [19.403620800000002, 43.8551167], [19.4034049, 43.8549772],
     [19.403177900000003, 43.8548027], [19.4029938, 43.8546689],
     [19.4028338, 43.8545269], [19.4027247, 43.854414000000006],
     [19.402538800000002, 43.8541959],
     [19.401990400000003, 43.853555300000004],
     [19.4013947, 43.8528439], [19.4011642, 43.852531000000006],
     [19.4010295, 43.852310700000004],
     [19.401005400000003, 43.852191100000006],
     [19.401000500000002, 43.852094900000004], [19.4010052, 43.852007],
     [19.401034000000003, 43.851939800000004],
     [19.4010943, 43.8518431], [19.4013323, 43.851564700000004],
     [19.4014695, 43.8514118], [19.4015621, 43.851291200000006],
     [19.401618000000003, 43.8511807],
     [19.4016555, 43.851099500000004],
     [19.4016811, 43.851007900000006],
     [19.401685800000003, 43.8509049], [19.401675, 43.850810100000004],
     [19.401659300000002, 43.850743], [19.4016015, 43.8504902],
     [19.401517700000003, 43.850106100000005],
     [19.401493600000002, 43.8500226], [19.4014598, 43.8499495],
     [19.4013971, 43.849858600000005], [19.4013174, 43.8497842],
     [19.4012289, 43.8497282], [19.401104, 43.8496535],
     [19.4009994, 43.8495914], [19.400942500000003, 43.8495453],
     [19.4008855, 43.8494851], [19.4008065, 43.849376400000004],
     [19.4007043, 43.849217700000004], [19.4006306, 43.8490929],
     [19.4005946, 43.848970900000005], [19.4005839, 43.8488605],
     [19.4005805, 43.8487175], [19.4005841, 43.8486142],
     [19.4005733, 43.848437100000005],
     [19.400565800000003, 43.848272400000006],
     [19.4005517, 43.848172500000004],
     [19.400540900000003, 43.8480551],
     [19.400539900000002, 43.847962700000004],
     [19.4005607, 43.8478882], [19.400589, 43.8478213],
     [19.400644, 43.8477279], [19.4006773, 43.8476634],
     [19.4007106, 43.8475631], [19.4007064, 43.8474756],
     [19.400693500000003, 43.847413200000005],
     [19.400647300000003, 43.8472917]]}},
  {"type":"Feature",
   "properties":{},
   "geometry":
   {"type":"LineString",
    "coordinates":
    [[19.400647300000003, 43.8472917],
     [19.400767300000002, 43.8472675], [19.4009152, 43.8472512],
     [19.401085300000002, 43.847251500000006],
     [19.4012068, 43.847249600000005],
     [19.401283600000003, 43.8472433], [19.4013613, 43.8472213],
     [19.4014454, 43.8471861], [19.4015425, 43.847133],
     [19.401622500000002, 43.847110300000004],
     [19.4017412, 43.8470937], [19.4022112, 43.847058100000005],
     [19.402485600000002, 43.847041700000005],
     [19.4026111, 43.847031400000006],
     [19.402754100000003, 43.8470158], [19.4030296, 43.8469812],
     [19.4032634, 43.8469524], [19.403399200000003, 43.8469349],
     [19.403555400000002, 43.846919400000004],
     [19.4036429, 43.8469136], [19.4037159, 43.8469142],
     [19.4038106, 43.8469246], [19.403947600000002, 43.8469434],
     [19.404088, 43.846955200000004], [19.4043812, 43.8469664],
     [19.4045248, 43.8469667], [19.404651, 43.846959600000005],
     [19.4047632, 43.8469477], [19.404890700000003, 43.8469302],
     [19.404982200000003, 43.8469204], [19.4051255, 43.8469071],
     [19.4052599, 43.84689], [19.405369500000003, 43.8468686],
     [19.405468000000003, 43.846842], [19.4055566, 43.8468109],
     [19.4056344, 43.846779500000004], [19.4056699, 43.8467616],
     [19.405700600000003, 43.846746100000004],
     [19.405726400000002, 43.8467293],
     [19.405752200000002, 43.846707800000004],
     [19.405796600000002, 43.846661000000005],
     [19.4058685, 43.8465811], [19.405877800000003, 43.8465678],
     [19.405889000000002, 43.8465488], [19.4059025, 43.8465208],
     [19.4059165, 43.8464899],
     [19.405942500000002, 43.846437800000004],
     [19.4059579, 43.846420300000005],
     [19.4059788, 43.846402700000006],
     [19.406005800000003, 43.8463882],
     [19.4060303, 43.846379500000005], [19.4060519, 43.8463761],
     [19.406082700000002, 43.8463751],
     [19.4061077, 43.846382500000004], [19.4061258, 43.8463913],
     [19.4061424, 43.8464073], [19.406155400000003, 43.8464284],
     [19.406154700000002, 43.846443900000004],
     [19.406151100000002, 43.8464558],
     [19.4061396, 43.846471300000005], [19.4061075, 43.8464979],
     [19.4060434, 43.846554000000005],
     [19.406023700000002, 43.846575200000004],
     [19.406012800000003, 43.8465885],
     [19.405990900000003, 43.8466229],
     [19.405952300000003, 43.8467162], [19.4059265, 43.8467788],
     [19.405900600000002, 43.8468354],
     [19.405870500000002, 43.8468918], [19.4058372, 43.8469294],
     [19.4058022, 43.8469764], [19.4057606, 43.8470515],
     [19.405735200000002, 43.847153000000006],
     [19.405715100000002, 43.847211200000004],
     [19.405694200000003, 43.8472498],
     [19.4056716, 43.847279500000006], [19.40565, 43.847303800000006],
     [19.4056231, 43.847324300000004],
     [19.405580500000003, 43.847347600000006],
     [19.405536100000003, 43.847367000000006], [19.4054192, 43.847411],
     [19.4052697, 43.8474573],
     [19.405029300000002, 43.847531100000005],
     [19.404929900000003, 43.8475607], [19.404855, 43.8475794],
     [19.4047929, 43.8475903], [19.404729200000002, 43.8475964],
     [19.404685200000003, 43.8475964], [19.4046454, 43.8475948],
     [19.4043758, 43.8475635], [19.4041769, 43.8475422],
     [19.404047900000002, 43.8475303], [19.4039496, 43.8475417],
     [19.403868900000003, 43.8475714], [19.4038013, 43.8476081],
     [19.403762, 43.8476608], [19.403753700000003, 43.8477077],
     [19.4038229, 43.8479484], [19.4038288, 43.8480095],
     [19.4038204, 43.848064300000004], [19.4037942, 43.848112],
     [19.4037417, 43.8481674],
     [19.403687700000003, 43.848214000000006],
     [19.403633600000003, 43.8482549],
     [19.4035771, 43.848296000000005],
     [19.4035206, 43.848333000000004],
     [19.4034021, 43.848397500000004],
     [19.403279100000002, 43.8484609],
     [19.403245000000002, 43.8484804],
     [19.4032252, 43.848500800000004],
     [19.4032273, 43.848522700000004], [19.4032366, 43.8485395],
     [19.403264200000002, 43.848557], [19.403310100000002, 43.8485722],
     [19.403356000000002, 43.8485734],
     [19.4034248, 43.848556300000006], [19.4034935, 43.8485299],
     [19.4038192, 43.8483815], [19.403865500000002, 43.8483649],
     [19.4039237, 43.8483469], [19.403992000000002, 43.8483321],
     [19.404054300000002, 43.848321600000006],
     [19.4041286, 43.848312500000006],
     [19.4042523, 43.848303300000005],
     [19.4043433, 43.848288700000005], [19.4044423, 43.8482636],
     [19.404597900000002, 43.848204800000005]]}},
  {"type":"Feature",
   "properties":{},
   "geometry":
   {"type":"LineString",
    "coordinates":
    [[19.404597900000002, 43.848204800000005],
     [19.4047765, 43.8481302], [19.4049322, 43.8480744],
     [19.405039300000002, 43.8480416], [19.4051447, 43.8480147],
     [19.4052304, 43.8480007], [19.405335700000002, 43.8479985],
     [19.4059424, 43.8480482],
     [19.405986600000002, 43.848046100000005],
     [19.4060229, 43.8480411], [19.4060563, 43.8480317],
     [19.4060859, 43.848022300000004], [19.4061154, 43.848011],
     [19.4061489, 43.847994], [19.406478800000002, 43.8478161],
     [19.4065176, 43.847801100000005], [19.4065565, 43.8477905],
     [19.406594600000002, 43.8477821], [19.4066407, 43.8477766],
     [19.407011, 43.8477593], [19.4071357, 43.847756700000005],
     [19.4072441, 43.8477565], [19.407362300000003, 43.8477563],
     [19.407439800000002, 43.847763], [19.407505500000003, 43.8477782],
     [19.407563, 43.8477989], [19.4076205, 43.847825300000004],
     [19.4076767, 43.8478627], [19.4077328, 43.847908700000005],
     [19.4078109, 43.8479564], [19.4079106, 43.847992000000005],
     [19.408015600000002, 43.848007300000006],
     [19.408106800000002, 43.848004700000004],
     [19.408210500000003, 43.8479912],
     [19.408325700000002, 43.8479666],
     [19.4084089, 43.847942200000006], [19.4084566, 43.8479193],
     [19.4084843, 43.847901300000004], [19.408512, 43.847877700000005],
     [19.4085387, 43.847841900000006], [19.4085852, 43.8477734],
     [19.408645500000002, 43.8476942],
     [19.4087013, 43.847628300000004], [19.4087441, 43.8475867],
     [19.408790800000002, 43.847558], [19.408896300000002, 43.8475264],
     [19.4090439, 43.8475021],
     [19.409207300000002, 43.847476300000004],
     [19.409376700000003, 43.8474437], [19.4094772, 43.8474232],
     [19.409531400000002, 43.8474158], [19.4095896, 43.8474226],
     [19.409660600000002, 43.8474505],
     [19.4097514, 43.847521500000006],
     [19.4098542, 43.847612500000004],
     [19.409939100000003, 43.8476894],
     [19.410082300000003, 43.8478185],
     [19.4101716, 43.847908700000005], [19.4102491, 43.8480089],
     [19.4103324, 43.8481523], [19.4104095, 43.848261],
     [19.410467800000003, 43.8483582],
     [19.410500900000002, 43.8484338],
     [19.4105214, 43.848513000000004],
     [19.410541900000002, 43.848566500000004],
     [19.4105853, 43.8486263], [19.4106524, 43.848674800000005],
     [19.4107196, 43.8487175], [19.410906800000003, 43.8486253],
     [19.411023200000002, 43.8485804],
     [19.4111181, 43.848558100000005], [19.4112447, 43.8485415],
     [19.411347000000003, 43.848522200000005], [19.411463, 43.8484884],
     [19.411552200000003, 43.8484628],
     [19.411637600000002, 43.848445600000005],
     [19.4117043, 43.8484397], [19.411795, 43.848438900000005],
     [19.4120822, 43.8484393],
     [19.412153200000002, 43.848435200000004],
     [19.4122598, 43.8484247], [19.412358, 43.848398]]}},
  {"type":"Feature",
   "properties":{},
   "geometry":
   {"type":"LineString",
    "coordinates":
    [[19.412358, 43.848398], [19.412337, 43.8482726],
     [19.412334100000002, 43.8481024], [19.4123389, 43.8478289],
     [19.412363000000003, 43.8477516], [19.4124167, 43.8476926],
     [19.4124851, 43.8476171], [19.4125266, 43.8475581],
     [19.4125508, 43.847490400000005], [19.4125655, 43.8473976],
     [19.4125763, 43.847296], [19.412600400000002, 43.8471297],
     [19.4126111, 43.8470736], [19.4126502, 43.846992900000004],
     [19.412682200000003, 43.846944], [19.4128042, 43.8467805],
     [19.4129021, 43.846653800000006],
     [19.412955800000002, 43.8465861],
     [19.413004100000002, 43.8465232], [19.4130161, 43.8464758],
     [19.413017500000002, 43.846427500000004],
     [19.4129933, 43.8463665],
     [19.412949100000002, 43.846306600000005],
     [19.412857900000002, 43.8462186], [19.4126406, 43.8460948],
     [19.412392500000003, 43.845964200000004],
     [19.412214600000002, 43.8458616],
     [19.412173300000003, 43.845825600000005],
     [19.412151700000003, 43.845781], [19.412154, 43.8457172],
     [19.412183900000002, 43.8456534],
     [19.4123617, 43.845486400000006], [19.4124743, 43.8453722],
     [19.412513200000003, 43.845316100000005], [19.412538, 43.8452665],
     [19.4125468, 43.845233], [19.412554800000002, 43.845181700000005],
     [19.4125655, 43.845055], [19.4125964, 43.844988300000004],
     [19.4126312, 43.844931200000005], [19.4126929, 43.8448761],
     [19.412766700000002, 43.844819], [19.4128592, 43.844770600000004],
     [19.4130027, 43.844701], [19.4131207, 43.8446604],
     [19.413254900000002, 43.8446226], [19.413444000000002, 43.844582],
     [19.4135043, 43.8445636],
     [19.413552600000003, 43.844541400000004],
     [19.4135834, 43.8445162], [19.413600900000002, 43.8444853],
     [19.413607600000002, 43.844436900000005],
     [19.413607600000002, 43.8443866],
     [19.413588800000003, 43.844325700000006],
     [19.4135579, 43.844227000000004],
     [19.413509700000002, 43.8441564],
     [19.4133916, 43.843994900000006],
     [19.413343400000002, 43.8439117],
     [19.413300500000002, 43.8438372],
     [19.4132669, 43.843756000000006],
     [19.4132535, 43.843685400000005],
     [19.413275000000002, 43.843605100000005],
     [19.4133353, 43.8435548],
     [19.413398400000002, 43.843515200000006],
     [19.413523100000003, 43.8434503], [19.4136907, 43.8433797],
     [19.4138382, 43.8433439], [19.414015300000003, 43.8433198],
     [19.414188300000003, 43.843313],
     [19.414272800000003, 43.843307200000005],
     [19.414331800000003, 43.843290800000005],
     [19.414377400000003, 43.8432704], [19.4144042, 43.8432472],
     [19.4144216, 43.843217200000005],
     [19.4144404, 43.843153400000006],
     [19.4144484, 43.843099200000005],
     [19.4144592, 43.842930900000006], [19.4144672, 43.8427955],
     [19.414491400000003, 43.8427075], [19.4145356, 43.8426398],
     [19.4146107, 43.8425701], [19.4148213, 43.842434700000005],
     [19.4150345, 43.8422916], [19.4151002, 43.8422471],
     [19.4151445, 43.8422026], [19.4151713, 43.842162900000005],
     [19.4151981, 43.842103], [19.4152169, 43.8419569],
     [19.4152437, 43.8417741], [19.415288, 43.841635800000006],
     [19.4153443, 43.8414123], [19.4154744, 43.8411879],
     [19.4156206, 43.840945100000006],
     [19.415762700000002, 43.8408213],
     [19.415951800000002, 43.840685900000004], [19.416098, 43.8405688],
     [19.416245500000002, 43.840439200000006],
     [19.416405100000002, 43.840267000000004],
     [19.416598200000003, 43.840044600000006],
     [19.416744400000002, 43.8398114],
     [19.417051100000002, 43.8392921],
     [19.417262700000002, 43.8390203], [19.4173882, 43.8388762],
     [19.4175726, 43.8386857], [19.4177149, 43.8385401],
     [19.4179083, 43.838371900000006], [19.4181016, 43.8382086],
     [19.418211600000003, 43.8381022],
     [19.418318900000003, 43.837949300000005],
     [19.4184127, 43.8377191], [19.4184959, 43.8375489],
     [19.41852, 43.837427000000005], [19.4185173, 43.8372973],
     [19.4185388, 43.8370923],
     [19.418576400000003, 43.836918100000005],
     [19.4186917, 43.8366782], [19.418782200000003, 43.8365409],
     [19.4188571, 43.8364199],
     [19.418891300000002, 43.836364700000004]]}},
  {"type":"Feature",
   "properties":{},
   "geometry":
   {"type":"LineString",
    "coordinates":
    [[19.418891300000002, 43.836364700000004],
     [19.418615300000003, 43.836493700000005],
     [19.4184653, 43.836622500000004],
     [19.418287900000003, 43.836786700000005],
     [19.4181049, 43.836933300000005], [19.4178836, 43.83706],
     [19.416692700000002, 43.8375398],
     [19.416415100000002, 43.8376419], [19.4161885, 43.8377021],
     [19.415939100000003, 43.8377594],
     [19.415694900000002, 43.8377952],
     [19.415460500000002, 43.8378097],
     [19.415248000000002, 43.8378032],
     [19.414997500000002, 43.837779700000006],
     [19.4147061, 43.8377685],
     [19.414356400000003, 43.837746800000005],
     [19.4140719, 43.837698100000004],
     [19.413984900000003, 43.8376747], [19.4138711, 43.8376281],
     [19.413807900000002, 43.837599700000005],
     [19.413701800000002, 43.8375171],
     [19.413628900000003, 43.8374261],
     [19.413572900000002, 43.8373398], [19.4135169, 43.8372303],
     [19.4134365, 43.8367317]]}},
  {"type":"Feature",
   "properties":{},
   "geometry":
   {"type":"LineString",
    "coordinates":
    [[19.4262686, 43.8297461],
     [19.426233800000002, 43.829702700000006],
     [19.426208600000002, 43.8296628],
     [19.426193100000003, 43.8296299],
     [19.426138700000003, 43.829468000000006],
     [19.426107700000003, 43.8293754],
     [19.4260792, 43.829300200000006], [19.4260528, 43.8292391],
     [19.426021600000002, 43.8291849],
     [19.425978500000003, 43.8291199],
     [19.425910400000003, 43.8290373],
     [19.4258764, 43.829001600000005], [19.4258376, 43.8289668],
     [19.4257935, 43.8289339],
     [19.425721900000003, 43.828886000000004],
     [19.4255079, 43.828752400000006], [19.425426, 43.8287046],
     [19.4253405, 43.828662], [19.4252983, 43.828646600000006],
     [19.425256100000002, 43.8286364],
     [19.4252213, 43.828633100000005],
     [19.4251864, 43.828631900000005],
     [19.4250838, 43.828636800000005], [19.4250191, 43.8286424],
     [19.4249139, 43.8286583], [19.4248641, 43.828667800000005],
     [19.424830500000002, 43.8286822], [19.424802, 43.8287014],
     [19.4247297, 43.828772], [19.4246389, 43.828855100000006],
     [19.4244464, 43.828994300000005],
     [19.424177800000002, 43.829173100000006],
     [19.4240053, 43.829279500000005],
     [19.423822100000002, 43.8293819], [19.423638, 43.829474700000006],
     [19.4234008, 43.829580400000005],
     [19.423317700000002, 43.8296197],
     [19.423219900000003, 43.8296554],
     [19.4231042, 43.829676400000004], [19.4229443, 43.829683],
     [19.4227288, 43.8296963], [19.4225236, 43.8297108],
     [19.422334600000003, 43.829746500000006],
     [19.4221912, 43.8298014], [19.4220671, 43.829875900000005],
     [19.421876, 43.829996200000004], [19.4217307, 43.830106300000004],
     [19.4215968, 43.8301893],
     [19.421516800000003, 43.830240200000006],
     [19.4214694, 43.8302677], [19.421386000000002, 43.8302873],
     [19.4212917, 43.8302885], [19.421228300000003, 43.830272],
     [19.4211797, 43.8302321], [19.4211509, 43.8301758],
     [19.4211193, 43.830114900000005],
     [19.421046500000003, 43.8300847], [19.4209496, 43.8300806],
     [19.4208666, 43.8301007], [19.4208113, 43.830136200000005],
     [19.420740900000002, 43.8302135], [19.4206672, 43.8303178],
     [19.4205851, 43.830420800000006],
     [19.420487700000002, 43.8305182], [19.4204031, 43.8305797],
     [19.4203106, 43.830625600000005], [19.4202283, 43.8306525],
     [19.4201053, 43.8306807], [19.420005, 43.8307021],
     [19.4199106, 43.830715000000005], [19.4198554, 43.8307206],
     [19.4197726, 43.830727700000004], [19.4196661, 43.8307305],
     [19.4195645, 43.83073], [19.4195274, 43.830733],
     [19.4195061, 43.8307431], [19.419492100000003, 43.8307567],
     [19.41949, 43.830770300000005], [19.4194907, 43.8307865],
     [19.419503300000002, 43.8308027], [19.4195724, 43.8308407],
     [19.4196464, 43.8308776], [19.4197391, 43.8309325],
     [19.419802400000002, 43.830991100000006],
     [19.4198305, 43.831056600000004],
     [19.4198221, 43.831160100000005], [19.4197938, 43.8312297],
     [19.4197214, 43.8313447], [19.4196479, 43.8314364],
     [19.419632, 43.8314563], [19.4195356, 43.831555400000006],
     [19.419442200000002, 43.831627000000005],
     [19.4192401, 43.8317563], [19.419021400000002, 43.8319051],
     [19.4187103, 43.8321382], [19.4184564, 43.8323261],
     [19.418292, 43.8324561], [19.418114900000003, 43.8326119],
     [19.41797, 43.8327425], [19.4178216, 43.8328731],
     [19.417662500000002, 43.832992000000004],
     [19.4175212, 43.8330866], [19.4173085, 43.8332643],
     [19.417050500000002, 43.833514400000006],
     [19.4168702, 43.8336795], [19.416758400000003, 43.8337802],
     [19.416682, 43.833837200000005], [19.4166224, 43.833865],
     [19.4163931, 43.833905300000005],
     [19.416328500000002, 43.8339367],
     [19.4162195, 43.834039600000004], [19.4161347, 43.8341252],
     [19.416065500000002, 43.834205000000004],
     [19.4160366, 43.834261600000005], [19.4160216, 43.8343671],
     [19.4160292, 43.8344698], [19.4160015, 43.8345551],
     [19.4159194, 43.834656100000004], [19.4158313, 43.8347471],
     [19.4157528, 43.8348103], [19.4156643, 43.8348735],
     [19.4156051, 43.8349063],
     [19.415546000000003, 43.834932200000004],
     [19.4154401, 43.8349709], [19.4153631, 43.8349993],
     [19.415291200000002, 43.8350519],
     [19.415238600000002, 43.835121900000004],
     [19.415195100000002, 43.835214900000004],
     [19.415063800000002, 43.8355217], [19.4150288, 43.8355751],
     [19.414988, 43.835623600000005], [19.4149448, 43.8356634],
     [19.4148721, 43.8357101], [19.4147412, 43.8357906],
     [19.414589000000003, 43.8358921], [19.4144314, 43.8359844],
     [19.4142267, 43.836111800000005], [19.4139676, 43.8362868],
     [19.413803100000003, 43.8364033],
     [19.413659000000003, 43.8365139], [19.413519, 43.8366245],
     [19.4134365, 43.8367317]]}},
  {"type":"Feature",
   "properties":{},
   "geometry":
   {"type":"LineString",
    "coordinates":
    [[19.4262686, 43.8297461], [19.4263282, 43.829656],
     [19.4263769, 43.829588400000006],
     [19.4264252, 43.829533600000005],
     [19.426515300000002, 43.829452200000006],
     [19.4265422, 43.8294268],
     [19.426569100000002, 43.829389600000006],
     [19.4265846, 43.8293495], [19.4265936, 43.8293094],
     [19.426601400000003, 43.829236800000004],
     [19.4266203, 43.8292007], [19.426655500000003, 43.8291599],
     [19.4267484, 43.829065500000006], [19.426825100000002, 43.829006],
     [19.4269578, 43.8289397], [19.4270643, 43.8289021],
     [19.4271903, 43.828867], [19.4275229, 43.828769],
     [19.4276835, 43.828710900000004], [19.4279183, 43.8286226],
     [19.428034200000003, 43.828584500000005],
     [19.4281368, 43.8285755],
     [19.428262500000002, 43.828580800000005],
     [19.4284043, 43.8286055], [19.4287233, 43.828672100000006],
     [19.4291515, 43.8287448], [19.4293218, 43.8287805],
     [19.4294069, 43.8287856], [19.429478800000002, 43.8287811],
     [19.4295827, 43.8287551], [19.429705300000002, 43.8286943],
     [19.4298566, 43.828624000000005], [19.429928, 43.828588100000005],
     [19.429999000000002, 43.8285463], [19.4300919, 43.8284983],
     [19.4301672, 43.8284662],
     [19.430296900000002, 43.828411100000004],
     [19.4303846, 43.828376600000006], [19.4304829, 43.8283506],
     [19.4305784, 43.828344], [19.4306814, 43.828353500000006],
     [19.430780000000002, 43.828369300000006],
     [19.4308686, 43.828373500000005],
     [19.4309924, 43.828364400000005], [19.431191300000002, 43.828333],
     [19.431376, 43.8282967], [19.431434600000003, 43.828266500000005],
     [19.4314888, 43.8282235], [19.431652500000002, 43.8279678],
     [19.4317587, 43.827804900000004],
     [19.431878100000002, 43.8276149], [19.4319868, 43.8274605],
     [19.4320919, 43.827343500000005],
     [19.432192500000003, 43.8272616],
     [19.432301000000002, 43.8271795],
     [19.4324307, 43.827113100000005],
     [19.4327261, 43.826986600000005], [19.4328647, 43.8269461],
     [19.4329813, 43.8269232], [19.4330761, 43.8269214],
     [19.4335007, 43.826945], [19.433931700000002, 43.8269735],
     [19.4341481, 43.8269942], [19.4343413, 43.8270246],
     [19.4344961, 43.8270634], [19.434709100000003, 43.827139],
     [19.4355103, 43.8274452], [19.4357629, 43.8275306],
     [19.436040900000002, 43.827621300000004],
     [19.4361862, 43.8276594], [19.436345900000003, 43.8276923],
     [19.4365746, 43.8277135], [19.4368945, 43.8277215],
     [19.437108900000002, 43.827716300000006], [19.4374006, 43.82771],
     [19.437519700000003, 43.827664500000004],
     [19.437790200000002, 43.8275157],
     [19.438049900000003, 43.8273722],
     [19.4382282, 43.827292500000006], [19.4385412, 43.8271944],
     [19.4387806, 43.827131900000005],
     [19.4389514, 43.827065100000006],
     [19.439095000000002, 43.8269845], [19.4392287, 43.8268628],
     [19.4394788, 43.8266098], [19.4395987, 43.826506300000005],
     [19.4397387, 43.8264282], [19.4399215, 43.8263735],
     [19.4400966, 43.826325100000005], [19.4402605, 43.8262694],
     [19.440404400000002, 43.826194300000004],
     [19.440533600000002, 43.8261192],
     [19.4407777, 43.825940900000006],
     [19.440987800000002, 43.8257363],
     [19.441128000000003, 43.8256248],
     [19.4416894, 43.825256700000004],
     [19.4418432, 43.825166800000005], [19.4421916, 43.8254814],
     [19.4423439, 43.825586200000004],
     [19.442463500000002, 43.825654300000004],
     [19.4427257, 43.8257847], [19.442915000000003, 43.8258682],
     [19.4429696, 43.8258838], [19.4430099, 43.825884],
     [19.443054200000002, 43.825876], [19.4430811, 43.825856],
     [19.4431015, 43.8258102],
     [19.443122600000002, 43.825681800000005],
     [19.4431438, 43.8256254], [19.4431747, 43.825577300000006],
     [19.443222300000002, 43.825513900000004],
     [19.4432781, 43.825457500000006], [19.4433398, 43.8254108],
     [19.443413800000002, 43.825370500000005],
     [19.4435372, 43.8253257], [19.443665000000003, 43.8252904],
     [19.4439187, 43.825243900000004], [19.444018800000002, 43.825232],
     [19.444121600000003, 43.8252278],
     [19.4444905, 43.825222200000006],
     [19.444641400000002, 43.825220300000005],
     [19.444737, 43.825215500000006], [19.4448398, 43.8251967],
     [19.4450454, 43.8251379], [19.4453824, 43.8250443],
     [19.4455899, 43.824978400000006],
     [19.4457261, 43.824947200000004],
     [19.445858700000002, 43.8249287],
     [19.4459898, 43.824919900000005],
     [19.446090400000003, 43.824916300000005],
     [19.4462125, 43.824912700000006], [19.4463325, 43.8249143],
     [19.446474000000002, 43.824923600000005],
     [19.446702600000002, 43.8249435],
     [19.446947400000003, 43.824979000000006],
     [19.447065900000002, 43.8249891],
     [19.4471373, 43.824987300000004],
     [19.447178100000002, 43.824980000000004],
     [19.4472239, 43.8249524], [19.447236200000003, 43.8249385],
     [19.447279, 43.824890200000006], [19.447321300000002, 43.8248514],
     [19.4473908, 43.824804400000005], [19.447479, 43.824761300000006],
     [19.4475249, 43.824741200000005],
     [19.447562700000002, 43.8247154],
     [19.447573000000002, 43.8246936],
     [19.4475725, 43.824671800000004], [19.447554, 43.8246054],
     [19.4475382, 43.8245256], [19.4475322, 43.8244319],
     [19.44753, 43.8243517], [19.447549900000002, 43.8242557],
     [19.447574300000003, 43.8241803],
     [19.4476207, 43.824108200000005],
     [19.4477422, 43.823977400000004],
     [19.447902300000003, 43.8238403],
     [19.4480492, 43.823749400000004],
     [19.448214800000002, 43.8236615], [19.4483617, 43.8236007],
     [19.448579600000002, 43.823509900000005],
     [19.4487667, 43.823420000000006],
     [19.449028600000002, 43.823293400000004],
     [19.4491583, 43.823233900000005], [19.4492499, 43.8232042],
     [19.449378900000003, 43.823174800000004],
     [19.4495146, 43.8231474],
     [19.449631800000002, 43.823120100000004],
     [19.449737300000002, 43.8230871],
     [19.449866500000002, 43.823038600000004],
     [19.4500265, 43.8229728], [19.4506179, 43.8227331],
     [19.451048, 43.8225378], [19.4512331, 43.8224694],
     [19.4514038, 43.8223849]]}},
  {"type":"Feature",
   "properties":{},
   "geometry":
   {"type":"LineString",
    "coordinates":
    [[19.452851300000003, 43.8190754], [19.4528433, 43.8192789],
     [19.452835200000003, 43.819399700000005],
     [19.452816900000002, 43.8194875],
     [19.452772200000002, 43.819581400000004],
     [19.452703800000002, 43.8196925], [19.4526302, 43.8198061],
     [19.452475200000002, 43.8200306], [19.4523985, 43.8201514],
     [19.4523248, 43.820293400000004], [19.4522115, 43.8205266],
     [19.4520017, 43.820937400000005], [19.4518111, 43.8213152],
     [19.4516844, 43.8215653], [19.4516367, 43.8216814],
     [19.4515853, 43.8218156], [19.4514943, 43.822109600000005],
     [19.4514038, 43.8223849]]}},
  {"type":"Feature",
   "properties":{},
   "geometry":
   {"type":"LineString",
    "coordinates":
    [[19.452851300000003, 43.8190754],
     [19.452943400000002, 43.819020900000005],
     [19.4530759, 43.8189482], [19.4531807, 43.8188984],
     [19.4533002, 43.8188477],
     [19.453423700000002, 43.818805600000005],
     [19.4536966, 43.818732100000005], [19.4537748, 43.8186989],
     [19.4538385, 43.818663900000004],
     [19.4538876, 43.818626800000004],
     [19.453922300000002, 43.8185827],
     [19.454188900000002, 43.8180698], [19.454259500000003, 43.817912],
     [19.4544454, 43.817339100000005], [19.454526, 43.8171486],
     [19.454701, 43.8168066], [19.4549488, 43.8164645],
     [19.4551182, 43.8162863], [19.4553121, 43.816107900000006],
     [19.4554382, 43.815984500000006], [19.4555715, 43.8158533],
     [19.4557518, 43.815672], [19.455877, 43.8155184],
     [19.4559876, 43.8153595], [19.4561488, 43.8150999],
     [19.456233700000002, 43.814948], [19.4562756, 43.814905800000005],
     [19.4563548, 43.814863800000005], [19.4564704, 43.8148532],
     [19.4568781, 43.8149151], [19.4570161, 43.814911800000004],
     [19.457150600000002, 43.814860200000005],
     [19.457292300000002, 43.814798200000006],
     [19.4574694, 43.8147382], [19.4577217, 43.814681900000004],
     [19.457871400000002, 43.814651100000006],
     [19.457997300000002, 43.814612100000005],
     [19.458221400000003, 43.8145364],
     [19.458651800000002, 43.814385800000004],
     [19.4591831, 43.814193200000005],
     [19.459565100000003, 43.8140451],
     [19.459908600000002, 43.813886600000004],
     [19.460291400000003, 43.813697000000005], [19.4606342, 43.813518],
     [19.4608342, 43.8134201], [19.4610288, 43.813358],
     [19.461348, 43.8132876], [19.461478500000002, 43.813248400000006],
     [19.4615547, 43.813210500000004],
     [19.461609000000003, 43.8131673], [19.4616987, 43.8130192],
     [19.4617836, 43.8129136], [19.4618831, 43.812829],
     [19.461994100000002, 43.812762500000005],
     [19.462236100000002, 43.812659100000005],
     [19.4624618, 43.812541700000004],
     [19.462622500000002, 43.8124513],
     [19.4627647, 43.812327200000006], [19.4629833, 43.8121008],
     [19.463179200000003, 43.8119243], [19.4632915, 43.8117845],
     [19.463354900000002, 43.8116776], [19.4633648, 43.8115978],
     [19.4632709, 43.811417500000005]]}},
  {"type":"Feature",
   "properties":{},
   "geometry":
   {"type":"LineString",
    "coordinates":
    [[19.4628608, 43.8103982], [19.4628342, 43.8104731],
     [19.4628029, 43.8105175], [19.462744100000002, 43.8105813],
     [19.4626901, 43.810642400000006], [19.4626606, 43.8106948],
     [19.4626428, 43.8107551], [19.462646, 43.810802300000006],
     [19.4626589, 43.8108373],
     [19.462694900000002, 43.810891700000006],
     [19.462733200000002, 43.8109401], [19.462806800000003, 43.811011],
     [19.4629301, 43.811129400000006],
     [19.463032700000003, 43.8112256],
     [19.463202600000002, 43.8113709],
     [19.4632709, 43.811417500000005]]}},
  {"type":"Feature",
   "properties":{},
   "geometry":
   {"type":"LineString",
    "coordinates":
    [[19.463529100000002, 43.8060449], [19.4634617, 43.806179],
     [19.4634003, 43.8062775], [19.4633195, 43.8063791],
     [19.4632052, 43.806497], [19.463071000000003, 43.8066321],
     [19.4629866, 43.806717500000005],
     [19.462805300000003, 43.8069027],
     [19.462729500000002, 43.8069962], [19.4626807, 43.8070607],
     [19.462634400000002, 43.807138300000005],
     [19.4625956, 43.8072146],
     [19.462485700000002, 43.807450700000004],
     [19.4624589, 43.807512700000004], [19.4624478, 43.807569],
     [19.4624618, 43.807618600000005], [19.4624758, 43.807651],
     [19.462614600000002, 43.807847200000005],
     [19.462631000000002, 43.807922700000006], [19.4626294, 43.808013],
     [19.4626041, 43.808114700000004], [19.4625811, 43.8082038],
     [19.4625391, 43.808299500000004], [19.4624828, 43.8083965],
     [19.462437100000002, 43.808476000000006],
     [19.4623855, 43.808548300000005],
     [19.4623376, 43.808601700000004], [19.4622478, 43.8086885],
     [19.4621551, 43.8087822], [19.462114200000002, 43.8088269],
     [19.4620362, 43.808936200000005],
     [19.461989000000003, 43.809014600000005],
     [19.4619794, 43.809076000000005],
     [19.462001400000002, 43.809143000000006],
     [19.4620472, 43.8091901], [19.462567, 43.80953],
     [19.4626232, 43.809573], [19.462667200000002, 43.8096102],
     [19.4627111, 43.8096545], [19.462736, 43.809693100000004],
     [19.4627845, 43.809783100000004],
     [19.4628421, 43.809901700000005],
     [19.462945100000002, 43.8101581],
     [19.4629617, 43.810222100000004], [19.4629626, 43.8102741],
     [19.4629419, 43.810317500000004],
     [19.4629061, 43.810361300000004], [19.4628608, 43.8103982]]}},
  {"type":"Feature",
   "properties":{},
   "geometry":
   {"type":"LineString",
    "coordinates":
    [[19.463529100000002, 43.8060449], [19.4636822, 43.8062392],
     [19.463722200000003, 43.8062715],
     [19.463774400000002, 43.806313700000004],
     [19.4638536, 43.8063553], [19.4639589, 43.806387400000006],
     [19.464233500000002, 43.806457200000004],
     [19.4644006, 43.806522300000005],
     [19.4645721, 43.806616000000005], [19.4647566, 43.806719],
     [19.4649009, 43.8068217], [19.4650257, 43.806922],
     [19.4651035, 43.807012300000004], [19.4651719, 43.807116],
     [19.465220600000002, 43.8072055],
     [19.465272600000002, 43.8073141],
     [19.465292100000003, 43.807399200000006],
     [19.465292100000003, 43.8075125],
     [19.465275700000003, 43.807652100000006],
     [19.4652472, 43.8077338], [19.4652186, 43.807791300000005],
     [19.4652035, 43.8078529], [19.465211200000002, 43.8078998],
     [19.4652432, 43.807936000000005], [19.465297, 43.8079601],
     [19.4653616, 43.807972], [19.465432500000002, 43.8079771],
     [19.4655914, 43.8079699], [19.465901300000002, 43.8079534],
     [19.4661222, 43.8079425], [19.4663119, 43.807935300000004],
     [19.4663696, 43.807942000000004], [19.4664316, 43.8079686],
     [19.466489000000003, 43.8080148], [19.4665201, 43.8080457],
     [19.4665392, 43.8080835], [19.4665646, 43.808212600000004],
     [19.466587200000003, 43.8082871],
     [19.466626100000003, 43.808367100000005],
     [19.466680200000003, 43.808424300000006],
     [19.4667225, 43.8084586],
     [19.466768300000002, 43.808501400000004],
     [19.4668141, 43.808555500000004], [19.4668376, 43.8085998],
     [19.4668739, 43.808691100000004],
     [19.466955000000002, 43.8091446], [19.4669817, 43.8092173],
     [19.4670227, 43.8092836], [19.4670717, 43.809319900000006],
     [19.4671609, 43.809342400000006], [19.4674626, 43.8093565],
     [19.4676832, 43.8093664], [19.4677368, 43.8093883],
     [19.4677656, 43.8094249], [19.4677668, 43.809461600000006],
     [19.4677554, 43.8095111], [19.4677012, 43.809578800000004],
     [19.467545100000002, 43.8097541],
     [19.467266000000002, 43.810099900000004],
     [19.4671527, 43.810228200000005],
     [19.467075100000002, 43.8102995],
     [19.466943500000003, 43.8103934], [19.4667713, 43.8105271],
     [19.4666484, 43.8106379], [19.466565000000003, 43.810723],
     [19.4664892, 43.810816300000006],
     [19.4663159, 43.811041200000005], [19.4662204, 43.8111583],
     [19.466119300000003, 43.811249700000005],
     [19.465967900000003, 43.8113753],
     [19.465792800000003, 43.811513700000006], [19.465616, 43.811675],
     [19.4654768, 43.811834100000006],
     [19.465341900000002, 43.812009200000006],
     [19.4653101, 43.812059600000005], [19.4652977, 43.8120904],
     [19.465294200000002, 43.8121148],
     [19.465300600000003, 43.8121395],
     [19.465315800000003, 43.812160000000006],
     [19.4653631, 43.8121937], [19.4653999, 43.8122072],
     [19.4654324, 43.8122132], [19.4654707, 43.8122156],
     [19.465509, 43.812211700000006], [19.465590300000002, 43.8121864],
     [19.4656983, 43.812147100000004],
     [19.465788200000002, 43.812118600000005],
     [19.4658734, 43.8120953], [19.4660513, 43.812051200000006],
     [19.4661259, 43.8120368], [19.466229300000002, 43.8120242],
     [19.466309600000002, 43.8120144],
     [19.466381600000002, 43.811997700000006],
     [19.4664357, 43.8119725], [19.466483800000002, 43.8119348],
     [19.4665199, 43.811892900000004],
     [19.4665499, 43.811848600000005],
     [19.466587800000003, 43.8118062], [19.4666231, 43.8117804],
     [19.466706300000002, 43.8117486],
     [19.4670782, 43.811634500000004],
     [19.4672425, 43.811587800000005],
     [19.467414700000003, 43.811547100000006], [19.467514, 43.8115207],
     [19.4676008, 43.8114919], [19.4677343, 43.8114411],
     [19.467984700000002, 43.8113612],
     [19.4682086, 43.811302000000005], [19.468409, 43.811253400000005],
     [19.468526500000003, 43.811235100000005],
     [19.468631900000002, 43.811233800000004], [19.468765, 43.8112505],
     [19.468938400000003, 43.8112822], [19.4690005, 43.8112864],
     [19.469076, 43.811279000000006], [19.4691629, 43.8112544],
     [19.4692268, 43.811222300000004], [19.4692739, 43.8111745],
     [19.469297400000002, 43.8111285], [19.469346, 43.8109904],
     [19.469365500000002, 43.810898900000005],
     [19.4693872, 43.810815000000005],
     [19.4694089, 43.810768700000004],
     [19.4694438, 43.810741300000004], [19.4695122, 43.8107181],
     [19.469629, 43.8107016], [19.4699142, 43.810673400000006],
     [19.4700136, 43.810671500000005],
     [19.470086600000002, 43.8106851],
     [19.4701653, 43.810710400000005],
     [19.4702395, 43.810754200000005],
     [19.470286100000003, 43.8108038], [19.4703172, 43.8108595],
     [19.470336500000002, 43.8109052],
     [19.470361800000003, 43.810948800000006],
     [19.470409200000002, 43.810994], [19.4704734, 43.8110219],
     [19.4705996, 43.8110568], [19.4709892, 43.811143200000004],
     [19.4711168, 43.8111655], [19.4712588, 43.8111758],
     [19.471420300000002, 43.8111742], [19.4716367, 43.8111596],
     [19.471790600000002, 43.811154900000005],
     [19.4720391, 43.811156000000004], [19.4722709, 43.8111564],
     [19.472374000000002, 43.8111614],
     [19.4724532, 43.811168200000004], [19.4725626, 43.8111788],
     [19.4726234, 43.811187600000004], [19.4726961, 43.8112007],
     [19.4727584, 43.8112147], [19.472854400000003, 43.8112408],
     [19.4729885, 43.811288100000006],
     [19.473036800000003, 43.8112969],
     [19.473079300000002, 43.8113004],
     [19.4731185, 43.811297200000006],
     [19.473156300000003, 43.8112908],
     [19.473191800000002, 43.811275900000005],
     [19.4732185, 43.811258900000006],
     [19.4732328, 43.811239400000005],
     [19.4732412, 43.811215600000004], [19.4732401, 43.8111802],
     [19.4732318, 43.811151200000005], [19.4732166, 43.8111168],
     [19.473192700000002, 43.811082400000004],
     [19.4731647, 43.8110512], [19.4731309, 43.8110189],
     [19.473003900000002, 43.8109097],
     [19.472559500000003, 43.8105891],
     [19.472392000000003, 43.8104712],
     [19.4722571, 43.810379700000006],
     [19.472177600000002, 43.810322500000005],
     [19.4721081, 43.810262800000004],
     [19.4720346, 43.810191700000004],
     [19.471911000000002, 43.810065200000004],
     [19.471846000000003, 43.8099786],
     [19.471790600000002, 43.8098729], [19.4717533, 43.8097526],
     [19.471745300000002, 43.8096928], [19.4717542, 43.8096314],
     [19.4717793, 43.8095761], [19.471816500000003, 43.8095261],
     [19.4719309, 43.809420800000005], [19.472004300000002, 43.809362],
     [19.4720826, 43.8092893], [19.4721465, 43.8092236],
     [19.472210500000003, 43.8091578],
     [19.472288900000002, 43.8090739],
     [19.472372200000002, 43.809007400000006],
     [19.4725465, 43.8088816], [19.4726055, 43.8088217],
     [19.4726159, 43.8087773], [19.4726167, 43.8087225],
     [19.4725943, 43.808664900000004], [19.472529, 43.8085922],
     [19.472410800000002, 43.808503900000005],
     [19.4722706, 43.808427900000005], [19.4720717, 43.8083381],
     [19.471960600000003, 43.8082891],
     [19.4719279, 43.808238700000004], [19.4719336, 43.8081899],
     [19.4719781, 43.8081508], [19.4721149, 43.808069200000006],
     [19.472225400000003, 43.8079789],
     [19.4722854, 43.807880100000006],
     [19.472296200000002, 43.807794300000005],
     [19.4722782, 43.8076911], [19.4722514, 43.807590000000005],
     [19.4722152, 43.807531700000006],
     [19.472178900000003, 43.8074699], [19.4721252, 43.8073751],
     [19.4721283, 43.8073069], [19.4721584, 43.8072639],
     [19.472219900000002, 43.807210700000006], [19.472375, 43.8070761],
     [19.4725137, 43.806972900000005],
     [19.472664700000003, 43.806865900000005],
     [19.4727666, 43.8067951], [19.4728415, 43.806732000000004],
     [19.472902100000002, 43.806668800000004],
     [19.472968700000003, 43.806572100000004],
     [19.473037700000003, 43.8064685],
     [19.473070200000002, 43.806421900000004],
     [19.473111600000003, 43.8063701], [19.4731397, 43.8063401],
     [19.4731749, 43.806314], [19.4732096, 43.8063018],
     [19.473247800000003, 43.8063012],
     [19.4732808, 43.806311400000006],
     [19.473306700000002, 43.8063294],
     [19.4733325, 43.806368000000006], [19.473353, 43.8064206],
     [19.4733993, 43.8065742], [19.4734276, 43.8066377],
     [19.473478800000002, 43.806724200000005],
     [19.4735619, 43.806844600000005], [19.4737098, 43.8070499],
     [19.473914500000003, 43.807332300000006],
     [19.473988000000002, 43.8073883],
     [19.4740608, 43.807419800000005], [19.474162, 43.8074321],
     [19.4742968, 43.8074201], [19.4744657, 43.8073862],
     [19.474718600000003, 43.8073263],
     [19.474842600000002, 43.8072986], [19.474955, 43.807286500000004],
     [19.475052, 43.8072943], [19.4751221, 43.8073068],
     [19.475192200000002, 43.8073367],
     [19.4753058, 43.807413000000004],
     [19.475364900000002, 43.8074718], [19.4754302, 43.807555],
     [19.4754936, 43.807662300000004],
     [19.475606000000003, 43.8078493],
     [19.475657100000003, 43.8078991],
     [19.4757463, 43.807935300000004], [19.475865300000002, 43.807962],
     [19.4759873, 43.807963300000004],
     [19.476118800000002, 43.8079333],
     [19.476252300000002, 43.807894100000006],
     [19.4764139, 43.8078622], [19.476575500000003, 43.8078598],
     [19.4767258, 43.8078688], [19.4769188, 43.8079203],
     [19.4770229, 43.8079424], [19.477130300000002, 43.8079346],
     [19.4772059, 43.807898300000005], [19.4772754, 43.8078463],
     [19.477308800000003, 43.807770100000006],
     [19.4773037, 43.8076767], [19.4772645, 43.807573000000005],
     [19.477191, 43.8074418], [19.4770681, 43.807231400000006],
     [19.4770471, 43.8071562], [19.4770526, 43.8070533],
     [19.4770785, 43.8069764], [19.4771115, 43.8068752],
     [19.477133300000002, 43.806716400000006],
     [19.477150100000003, 43.8065018], [19.477163400000002, 43.80641],
     [19.477194, 43.8063694], [19.4772582, 43.8063391],
     [19.4774263, 43.8062771], [19.477603900000002, 43.8062142],
     [19.47777, 43.806166100000006], [19.4779144, 43.8061232],
     [19.4780593, 43.8061067],
     [19.478267300000002, 43.806111800000004],
     [19.478489500000002, 43.8061288], [19.4786861, 43.8061353],
     [19.4788442, 43.8061348], [19.4789637, 43.8061285],
     [19.4790725, 43.8061135], [19.4791765, 43.8060776],
     [19.4793477, 43.805975000000004], [19.4795142, 43.8058794],
     [19.479650900000003, 43.8058178],
     [19.4798309, 43.805745800000004], [19.4800288, 43.8056825],
     [19.4802286, 43.8056387], [19.480543700000002, 43.8055845],
     [19.480758700000003, 43.805547600000004],
     [19.4809257, 43.805512300000004],
     [19.481091600000003, 43.8054592],
     [19.4812939, 43.805387700000004], [19.4814447, 43.8053323],
     [19.4814876, 43.8053256], [19.481555, 43.8053322]]}},
  {"type":"Feature",
   "properties":{},
   "geometry":
   {"type":"LineString",
    "coordinates":
    [[19.4818496, 43.805086700000004], [19.4817937, 43.8051228],
     [19.481654000000002, 43.8052119], [19.4815827, 43.8052775],
     [19.481555, 43.8053322]]}},
  {"type":"Feature",
   "properties":{},
   "geometry":
   {"type":"LineString",
    "coordinates":
    [[19.4818496, 43.805086700000004],
     [19.481889300000002, 43.8049545],
     [19.481803000000003, 43.804727400000004],
     [19.4815036, 43.804460000000006],
     [19.480899700000002, 43.8039545],
     [19.4805068, 43.803622600000004],
     [19.4804274, 43.803528500000006], [19.4803678, 43.8034405],
     [19.480297, 43.803325900000004],
     [19.480248800000002, 43.803235900000004],
     [19.480183500000003, 43.803109], [19.4801268, 43.8029719],
     [19.4800815, 43.8028491], [19.480050300000002, 43.8027571],
     [19.480050300000002, 43.8027018],
     [19.480058800000002, 43.802642500000005], [19.480107, 43.8025974],
     [19.4802006, 43.8025749], [19.4802998, 43.8025668],
     [19.4804359, 43.802542200000005], [19.4805379, 43.8025095],
     [19.480617300000002, 43.8024542], [19.480674, 43.8023703],
     [19.4807336, 43.8022639], [19.4807874, 43.8021882],
     [19.480878200000003, 43.802100200000005],
     [19.4809831, 43.8020184], [19.481105, 43.801957],
     [19.4812893, 43.801887400000005],
     [19.4817372, 43.801742100000006], [19.4821823, 43.8016091],
     [19.4823978, 43.8015355], [19.4826388, 43.8014597],
     [19.482845700000002, 43.801384000000006],
     [19.4830697, 43.801292000000004],
     [19.4833532, 43.801187600000006],
     [19.4836594, 43.801068900000004],
     [19.483906100000002, 43.800962500000004],
     [19.4841556, 43.800839700000004],
     [19.484348400000002, 43.8007538], [19.48451, 43.8006638],
     [19.4846432, 43.8006126], [19.4848417, 43.800553300000004],
     [19.484986300000003, 43.800514400000004],
     [19.4851677, 43.8004734], [19.485352000000002, 43.8004387],
     [19.4854938, 43.800403900000006], [19.4856951, 43.8003425],
     [19.485890700000002, 43.8002729], [19.4860466, 43.8002033],
     [19.4862167, 43.8001194],
     [19.486352800000002, 43.800049900000005],
     [19.486457700000003, 43.8000008], [19.4866023, 43.7999516],
     [19.4868008, 43.799898400000004], [19.4869482, 43.7998514],
     [19.4870956, 43.7997798], [19.4872204, 43.7997061],
     [19.487316800000002, 43.7996447], [19.487416, 43.7995956],
     [19.487552100000002, 43.799540300000004], [19.487691, 43.7994933],
     [19.4877676, 43.7994544], [19.4878243, 43.799411400000004],
     [19.487892300000002, 43.799339800000006],
     [19.487971700000003, 43.799266100000004],
     [19.4880596, 43.799204700000004], [19.4882183, 43.799129],
     [19.488283600000003, 43.7990779], [19.4883431, 43.7990185],
     [19.4884652, 43.7988246], [19.488508600000003, 43.7987248],
     [19.4885501, 43.798646100000006],
     [19.488581200000002, 43.7985765],
     [19.4886294, 43.798517200000006], [19.4887003, 43.798464],
     [19.488834400000002, 43.798411300000005],
     [19.4889388, 43.7984024], [19.489013200000002, 43.7984075],
     [19.4890857, 43.798426600000006],
     [19.4891565, 43.798459900000005], [19.4893016, 43.7985301],
     [19.489416600000002, 43.798587600000005],
     [19.489526400000003, 43.798631], [19.4896272, 43.7986566],
     [19.4897175, 43.7986693], [19.4898968, 43.7986759]]}},
  {"type":"Feature",
   "properties":{},
   "geometry":
   {"type":"LineString",
    "coordinates":
    [[19.4898968, 43.7986759], [19.490114000000002, 43.7986784],
     [19.490270000000002, 43.798676400000005],
     [19.490391900000002, 43.798670300000005], [19.4905195, 43.798658],
     [19.4906267, 43.7986449], [19.4907366, 43.798623500000005],
     [19.490827900000003, 43.7985999], [19.4909192, 43.7985679],
     [19.4910666, 43.7985127], [19.4912935, 43.7984104],
     [19.4914551, 43.798344900000004],
     [19.491594000000003, 43.7982937],
     [19.491715900000003, 43.7982589],
     [19.491814100000003, 43.798238500000004],
     [19.491901900000002, 43.798221000000005],
     [19.4920334, 43.798205700000004], [19.4921073, 43.7981995],
     [19.492169500000003, 43.7981975],
     [19.4923425, 43.798195500000006],
     [19.4924502, 43.798189400000005],
     [19.492541600000003, 43.798180300000006],
     [19.4926157, 43.7981646], [19.4927394, 43.798134100000006],
     [19.4929095, 43.798095200000006],
     [19.4931193, 43.798050200000006], [19.4932695, 43.7980195],
     [19.4934085, 43.797999000000004],
     [19.493587100000003, 43.797986800000004],
     [19.493691300000002, 43.7979707], [19.4937924, 43.7979501],
     [19.4938445, 43.7979362], [19.4938848, 43.797925400000004],
     [19.494083200000002, 43.7978681],
     [19.494276000000003, 43.797808700000004],
     [19.4944546, 43.7977494], [19.494596400000002, 43.7976982],
     [19.4947495, 43.7976491], [19.4948771, 43.7976143],
     [19.494980400000003, 43.797585000000005],
     [19.4950611, 43.7975603], [19.4951855, 43.797510300000006],
     [19.4953279, 43.797450600000005], [19.4954158, 43.7974138],
     [19.495501100000002, 43.7973884],
     [19.4955958, 43.797372900000006], [19.4956912, 43.7973556],
     [19.4958041, 43.797332100000006],
     [19.4959865, 43.797290200000006], [19.4962266, 43.7972337],
     [19.4963403, 43.7972072], [19.4964194, 43.7971887],
     [19.4965668, 43.7971682], [19.496719900000002, 43.7971641],
     [19.496934500000002, 43.797165500000006],
     [19.497123600000002, 43.7971717],
     [19.497441600000002, 43.797190300000004],
     [19.497703700000002, 43.797252300000004], [19.4979315, 43.797516],
     [19.497983, 43.797714500000005], [19.4980733, 43.7979161],
     [19.4981979, 43.7980091], [19.4983225, 43.798018400000004],
     [19.4984429, 43.797962600000005],
     [19.498513000000003, 43.7979308]]}},
  {"type":"Feature",
   "properties":{},
   "geometry":
   {"type":"LineString",
    "coordinates":
    [[19.498513000000003, 43.7979308], [19.4985056, 43.7978542],
     [19.4984955, 43.7977087], [19.4984883, 43.797580100000005],
     [19.4984854, 43.7974972], [19.4984889, 43.7974108],
     [19.498503, 43.797343600000005], [19.4985377, 43.797254200000005],
     [19.4986007, 43.797088300000006], [19.4987593, 43.796781],
     [19.4988931, 43.7965035], [19.499036800000003, 43.7961764],
     [19.499080300000003, 43.7960779],
     [19.4991115, 43.796022900000004],
     [19.4991542, 43.795963900000004], [19.4992039, 43.7959036],
     [19.4993887, 43.7956858], [19.4994258, 43.7956341],
     [19.499463000000002, 43.7955569],
     [19.499460900000003, 43.795515200000004],
     [19.4994443, 43.7954753], [19.4994234, 43.7954479],
     [19.4993947, 43.795426400000004],
     [19.499356300000002, 43.7954056], [19.499291, 43.795389400000005],
     [19.4992187, 43.7953775],
     [19.499157800000003, 43.795367600000006],
     [19.499065700000003, 43.795360800000005],
     [19.4989892, 43.7953634], [19.4989093, 43.7953707],
     [19.498822800000003, 43.795385100000004],
     [19.498741900000002, 43.7954008], [19.4985685, 43.7954355],
     [19.4984954, 43.7954492], [19.4984223, 43.7954543],
     [19.4983672, 43.7954553], [19.4983207, 43.795445400000006],
     [19.4982897, 43.795428400000006],
     [19.498267300000002, 43.7954037], [19.4982617, 43.7953745],
     [19.498284700000003, 43.795343700000004],
     [19.4983313, 43.795320600000004], [19.4984368, 43.7952851],
     [19.498496000000003, 43.795259], [19.4985152, 43.795245200000004],
     [19.4985393, 43.7952251], [19.4985559, 43.795194300000006],
     [19.4985587, 43.7951588], [19.498553700000002, 43.7951093],
     [19.4985487, 43.7950737], [19.4985381, 43.795035600000006],
     [19.4985177, 43.794980100000004],
     [19.498477400000002, 43.794890300000006],
     [19.498447900000002, 43.7948315],
     [19.4983653, 43.794682200000004],
     [19.498337000000003, 43.7946157],
     [19.498311100000002, 43.7945429],
     [19.498295900000002, 43.794484000000004], [19.498283, 43.7944095],
     [19.498278600000003, 43.794318000000004],
     [19.4982821, 43.7942424], [19.4982984, 43.794142],
     [19.4983104, 43.7940812], [19.4983331, 43.7940157],
     [19.498354900000002, 43.793968], [19.4983842, 43.7939257],
     [19.498420600000003, 43.793892500000005],
     [19.4984763, 43.7938635], [19.498545, 43.7938314],
     [19.4986253, 43.793793], [19.498688, 43.793756],
     [19.4987572, 43.793705100000004], [19.4988981, 43.7935943],
     [19.498963200000002, 43.7935335],
     [19.499035900000003, 43.7934557], [19.4992772, 43.7931856],
     [19.499497700000003, 43.7929279], [19.4995762, 43.7928166],
     [19.4996699, 43.7926881], [19.4997949, 43.792500100000005],
     [19.499896500000002, 43.792371100000004],
     [19.4999903, 43.792270800000004], [19.5000635, 43.7922078],
     [19.5001229, 43.792157800000005],
     [19.5001812, 43.792108600000006],
     [19.5002265, 43.792063000000006],
     [19.500266500000002, 43.7920074], [19.5002864, 43.7919665],
     [19.500310600000002, 43.7919077], [19.5003232, 43.7918466],
     [19.5003376, 43.791780700000004], [19.5003514, 43.7917037],
     [19.5003551, 43.791599100000006]]}},
  {"type":"Feature",
   "properties":{},
   "geometry":
   {"type":"LineString",
    "coordinates":
    [[19.5003551, 43.791599100000006],
     [19.5003174, 43.791438400000004],
     [19.500265900000002, 43.791200800000006],
     [19.500184100000002, 43.791000100000005],
     [19.5001347, 43.7908994], [19.5000676, 43.7907937],
     [19.4999685, 43.7906501],
     [19.499906900000003, 43.790581100000004],
     [19.499836600000002, 43.790512], [19.4997608, 43.7904525],
     [19.4996832, 43.790395600000004],
     [19.4995473, 43.790308700000004],
     [19.499329200000002, 43.790177400000005],
     [19.499168100000002, 43.790083200000005],
     [19.499004600000003, 43.7900015],
     [19.498955000000002, 43.7899643], [19.498911, 43.7899121],
     [19.498890600000003, 43.7898676],
     [19.498876300000003, 43.7898176], [19.4988756, 43.7897783],
     [19.4988771, 43.789745200000006], [19.498889300000002, 43.789687],
     [19.498909400000002, 43.7896401], [19.4989402, 43.7896079],
     [19.498975700000003, 43.789578000000006],
     [19.499014900000002, 43.789556000000005],
     [19.499068100000002, 43.7895472],
     [19.4991507, 43.789545000000004],
     [19.499255400000003, 43.7895501],
     [19.499369700000003, 43.789556700000006],
     [19.4995105, 43.7895625], [19.499655, 43.7895655],
     [19.4998124, 43.7895653],
     [19.500055200000002, 43.789557900000005],
     [19.500092900000002, 43.7895551],
     [19.500186000000003, 43.789548200000006],
     [19.5003756, 43.789529900000005], [19.5005408, 43.7895137],
     [19.5007206, 43.7894902],
     [19.500875200000003, 43.789459400000005],
     [19.5009497, 43.7894376], [19.5010061, 43.789411400000006],
     [19.5010537, 43.7893768], [19.5010871, 43.7893327],
     [19.501167900000002, 43.7892318], [19.5012021, 43.789195],
     [19.5012505, 43.789146], [19.501299500000002, 43.789102500000006],
     [19.501363100000003, 43.789061200000006],
     [19.5014308, 43.7890278], [19.5016584, 43.788928500000004],
     [19.5017104, 43.788901800000005],
     [19.5017625, 43.788866600000006], [19.5018539, 43.7887843]]}},
  {"type":"Feature",
   "properties":{},
   "geometry":
   {"type":"LineString",
    "coordinates":
    [[19.5018539, 43.7887843], [19.502073900000003, 43.7888247]]}},
  {"type":"Feature",
   "properties":{},
   "geometry":
   {"type":"LineString",
    "coordinates":
    [[19.502073900000003, 43.7888247], [19.502091, 43.7888129],
     [19.5021245, 43.788802700000005],
     [19.5021822, 43.788795900000004],
     [19.5023215, 43.788793000000005], [19.5024167, 43.7887962],
     [19.503134600000003, 43.788862200000004],
     [19.503231, 43.788864000000004], [19.5033169, 43.7888529],
     [19.5033815, 43.788841000000005],
     [19.503434600000002, 43.788825]]}},
  {"type":"Feature",
   "properties":{},
   "geometry":
   {"type":"LineString",
    "coordinates":
    [[19.503434600000002, 43.788825], [19.5035658, 43.7887688]]}},
  {"type":"Feature",
   "properties":{},
   "geometry":
   {"type":"LineString",
    "coordinates":
    [[19.5035658, 43.7887688], [19.503674500000002, 43.7887355],
     [19.5045009, 43.789079300000004],
     [19.504601100000002, 43.789115800000005],
     [19.5046897, 43.7891357], [19.5047573, 43.7891427],
     [19.5049736, 43.7891379], [19.5050586, 43.789139600000006],
     [19.5051479, 43.789145600000005], [19.5052412, 43.7891636],
     [19.5055112, 43.789252700000006],
     [19.5055699, 43.789265300000004],
     [19.5056629, 43.789265300000004], [19.505737, 43.789259],
     [19.5057933, 43.789229600000006],
     [19.505837500000002, 43.7891938], [19.5058735, 43.7891494],
     [19.506285300000002, 43.788512000000004],
     [19.506330300000002, 43.788454900000005],
     [19.5063745, 43.7884169], [19.5064201, 43.788390400000004],
     [19.5064858, 43.7883702], [19.5065882, 43.788357000000005],
     [19.5094245, 43.7882058], [19.5095522, 43.7881915],
     [19.509613, 43.7881731], [19.5096788, 43.788144800000005],
     [19.509741700000003, 43.788111900000004],
     [19.5099313, 43.7879981], [19.509998600000003, 43.7879446],
     [19.510044500000003, 43.7879067], [19.5101145, 43.7878345],
     [19.5101309, 43.787799], [19.5101386, 43.7877531],
     [19.5101383, 43.7877261], [19.510123500000002, 43.787695],
     [19.510057500000002, 43.7876248], [19.5100079, 43.7875667],
     [19.5099583, 43.7875024], [19.5099287, 43.787455300000005],
     [19.509847800000003, 43.7871861],
     [19.509635000000003, 43.786960300000004],
     [19.509601500000002, 43.7869131], [19.5095679, 43.7868555],
     [19.5095239, 43.7867758],
     [19.509476300000003, 43.786697600000004],
     [19.509381700000002, 43.786467300000005],
     [19.5093503, 43.7863683], [19.5093178, 43.786261700000004],
     [19.5092836, 43.786172900000004],
     [19.5091885, 43.785992900000004],
     [19.508988600000002, 43.7855464],
     [19.508971900000002, 43.785510300000006],
     [19.508952400000002, 43.7854576],
     [19.508942400000002, 43.785410600000006],
     [19.5089338, 43.7853063], [19.5089325, 43.7851894],
     [19.5089247, 43.7850954], [19.508917800000003, 43.7850291],
     [19.5088985, 43.7849676], [19.5088627, 43.7849087],
     [19.508822600000002, 43.7848497],
     [19.508584000000003, 43.7846215]]}},
  {"type":"Feature",
   "properties":{},
   "geometry":
   {"type":"LineString",
    "coordinates":
    [[19.508584000000003, 43.7846215], [19.508527, 43.7845901],
     [19.5083944, 43.784553700000004],
     [19.508058700000003, 43.7844344], [19.5077655, 43.7843327],
     [19.5074025, 43.7841771], [19.5073285, 43.784151400000006],
     [19.5072538, 43.7841346], [19.5071952, 43.7841284],
     [19.5070799, 43.784141000000005],
     [19.5068473, 43.784154900000004],
     [19.5066342, 43.784160400000005], [19.5065345, 43.7841493],
     [19.5062715, 43.7841383], [19.5060749, 43.784110600000005],
     [19.5059808, 43.7840691], [19.5059088, 43.784005400000005],
     [19.5058562, 43.783914], [19.5058119, 43.7838282],
     [19.505764900000003, 43.7837728], [19.5056818, 43.7837036],
     [19.505609800000002, 43.783628900000004],
     [19.5055766, 43.7835735], [19.505560000000003, 43.783496],
     [19.5055462, 43.7833908],
     [19.505529600000003, 43.783310500000006],
     [19.5054687, 43.783174900000006],
     [19.505377300000003, 43.782994900000006],
     [19.505297000000002, 43.782828800000004],
     [19.5052029, 43.782618400000004], [19.5050063, 43.7822696],
     [19.5048873, 43.782017700000004], [19.5047959, 43.7818793],
     [19.504688, 43.7817602], [19.5045219, 43.781538700000006],
     [19.5043696, 43.7813339], [19.5042644, 43.7811789],
     [19.504173, 43.781021100000004], [19.504103800000003, 43.7808799],
     [19.504054, 43.780733100000006], [19.5040236, 43.780647300000005],
     [19.5040789, 43.780592000000006], [19.5041371, 43.7805255],
     [19.504175800000002, 43.780467400000006],
     [19.5041924, 43.7803954], [19.5041952, 43.780270800000004],
     [19.5041814, 43.7801075], [19.504170300000002, 43.7800078],
     [19.504148100000002, 43.7798583], [19.5041149, 43.7797393],
     [19.504085500000002, 43.7796012],
     [19.504070600000002, 43.7795178], [19.5040811, 43.7794541]]}},
  {"type":"Feature",
   "properties":{},
   "geometry":
   {"type":"LineString",
    "coordinates":
    [[19.5069996, 43.778659600000005], [19.5069608, 43.7786513],
     [19.506875, 43.7786458], [19.5066978, 43.7786679],
     [19.5065539, 43.7787122], [19.5064016, 43.778751],
     [19.5062217, 43.7787759],
     [19.506077700000002, 43.778809100000004],
     [19.5059365, 43.7788423], [19.5058064, 43.7789088],
     [19.5056735, 43.778969700000005],
     [19.5055628, 43.779025000000004],
     [19.505474200000002, 43.779074900000005],
     [19.5053939, 43.7791026], [19.5053385, 43.7791136],
     [19.505214000000002, 43.779124700000004],
     [19.5049925, 43.7791745], [19.5048762, 43.7792078],
     [19.504724, 43.779241000000006], [19.5045745, 43.7792687],
     [19.504438800000003, 43.779290800000005], [19.5043198, 43.779313],
     [19.504209, 43.779335100000004],
     [19.504150900000003, 43.779371100000006],
     [19.5041066, 43.7794098], [19.5040811, 43.7794541]]}},
  {"type":"Feature",
   "properties":{},
   "geometry":
   {"type":"LineString",
    "coordinates":
    [[19.5072875, 43.778565500000006], [19.5072183, 43.7785821],
     [19.5070948, 43.7786344], [19.507055, 43.7786513],
     [19.5069996, 43.778659600000005]]}},
  {"type":"Feature",
   "properties":{},
   "geometry":
   {"type":"LineString",
    "coordinates":
    [[19.5332523, 43.762112900000005], [19.5332025, 43.7621959],
     [19.5331693, 43.762292800000004], [19.5331499, 43.7623897],
     [19.533089, 43.7624755], [19.533006, 43.762558600000006],
     [19.5329091, 43.7626555], [19.5328565, 43.7627164],
     [19.532817700000003, 43.7627856], [19.5328039, 43.7629074],
     [19.5327845, 43.763023700000005],
     [19.532759600000002, 43.7631372],
     [19.532684800000002, 43.763264500000005],
     [19.532607300000002, 43.7634112], [19.532529800000002, 43.763558],
     [19.532449500000002, 43.7637075],
     [19.532352600000003, 43.7638237], [19.532264, 43.7639262],
     [19.532192000000002, 43.764039700000005],
     [19.532167100000002, 43.764139300000004],
     [19.5321699, 43.7642778], [19.5321699, 43.764410600000005],
     [19.5321837, 43.7644992], [19.532214200000002, 43.7646017],
     [19.532244600000002, 43.764695800000005],
     [19.532261300000002, 43.764801000000006],
     [19.5322391, 43.7648923], [19.532167100000002, 43.7650086],
     [19.5321173, 43.7650889], [19.5320675, 43.7651553],
     [19.5319983, 43.7652135], [19.5319429, 43.7652827],
     [19.5319512, 43.765321400000005],
     [19.5319983, 43.765340800000004],
     [19.532086800000002, 43.7652799],
     [19.532272300000002, 43.7651553], [19.5324855, 43.7650225],
     [19.5326488, 43.764920000000004], [19.5327319, 43.764837],
     [19.5327872, 43.7646792], [19.5328205, 43.764538],
     [19.532842600000002, 43.764441100000006],
     [19.5328869, 43.764360800000006], [19.5329976, 43.7642833],
     [19.5331084, 43.7642279],
     [19.533183100000002, 43.764214100000004],
     [19.5332745, 43.7641227], [19.533352, 43.764048],
     [19.533520900000003, 43.7639456], [19.5336953, 43.7638431],
     [19.533842, 43.7637462], [19.5339943, 43.7636521],
     [19.5341272, 43.7635912], [19.5342379, 43.7635718],
     [19.534409500000002, 43.7635607], [19.5345452, 43.7635524],
     [19.5346559, 43.7635718], [19.5347805, 43.763569000000004],
     [19.5348276, 43.7635967], [19.534797100000002, 43.7636466],
     [19.5347556, 43.7636826], [19.5346587, 43.7637324],
     [19.5345507, 43.7637961], [19.5343985, 43.763873600000004],
     [19.5343237, 43.7639289], [19.5342656, 43.7640341],
     [19.5342185, 43.764189200000004], [19.5342102, 43.764347],
     [19.534213, 43.7645269], [19.5342296, 43.764676400000006],
     [19.5342296, 43.764806500000006], [19.5342628, 43.7648979],
     [19.534356900000002, 43.7649892], [19.5344483, 43.7651138],
     [19.5344981, 43.7652329], [19.534523, 43.7653547],
     [19.534534100000002, 43.7654903],
     [19.534539600000002, 43.7655678], [19.5345535, 43.7656426],
     [19.5346282, 43.7656896],
     [19.534747300000003, 43.765731200000005],
     [19.534871900000002, 43.7657699], [19.5349632, 43.7658198],
     [19.535026900000002, 43.765861300000005],
     [19.535035200000003, 43.7659028], [19.5349909, 43.7659499],
     [19.534902300000002, 43.7659831], [19.5347584, 43.7660385],
     [19.5346365, 43.7660661], [19.5345064, 43.7661049],
     [19.5344289, 43.7661547], [19.534332000000003, 43.766235],
     [19.534273900000002, 43.7663098], [19.5342656, 43.7664039],
     [19.5342434, 43.7664759],
     [19.534171500000003, 43.766547800000005],
     [19.5340275, 43.766628100000005],
     [19.533905700000002, 43.766727800000005],
     [19.5337451, 43.7668108], [19.533543, 43.7668745],
     [19.5332745, 43.7669714], [19.5331222, 43.767043400000006],
     [19.532970000000002, 43.7671264],
     [19.532870300000003, 43.7671901], [19.5327513, 43.7672593],
     [19.532599, 43.7673368], [19.532402400000002, 43.7674199],
     [19.5322502, 43.7674753], [19.5321062, 43.767502900000004],
     [19.5319983, 43.7675002], [19.531879200000002, 43.7674697],
     [19.531738, 43.7674116], [19.5316273, 43.7673645],
     [19.5314972, 43.767342400000004],
     [19.531383700000003, 43.767347900000004],
     [19.531303400000002, 43.7673867],
     [19.531173300000003, 43.7674254],
     [19.5310376, 43.767458700000006],
     [19.5309047, 43.767494600000006],
     [19.5308023, 43.767558300000005],
     [19.530699900000002, 43.7676857], [19.5306611, 43.7677909],
     [19.530622400000002, 43.7678767], [19.5305725, 43.7679514],
     [19.5305144, 43.767959700000006], [19.5304563, 43.7679265],
     [19.5304037, 43.7678518], [19.5303428, 43.7677466],
     [19.530268, 43.7676275], [19.5301656, 43.7675749],
     [19.529974600000003, 43.767533400000005],
     [19.5297974, 43.7675113], [19.5296257, 43.7675057],
     [19.5294403, 43.7675223], [19.5292797, 43.7675555],
     [19.529063700000002, 43.7675998],
     [19.528908700000002, 43.767644100000005],
     [19.528784100000003, 43.7677023], [19.5286845, 43.7677715],
     [19.5285571, 43.7678905], [19.5284298, 43.7680206],
     [19.5283163, 43.768123100000004],
     [19.5281945, 43.768239300000005],
     [19.528047700000002, 43.7683971],
     [19.5279342, 43.768530000000005], [19.5278816, 43.7686518],
     [19.527865000000002, 43.768754300000005],
     [19.5278899, 43.7688429], [19.5279259, 43.768914800000005],
     [19.5279619, 43.768989600000005], [19.5279592, 43.7690671],
     [19.527901, 43.769139100000004], [19.5278484, 43.769205500000005],
     [19.5277792, 43.7692664], [19.527676800000002, 43.7693024],
     [19.5275605, 43.7692941], [19.527411, 43.7693163],
     [19.527269800000003, 43.7693439], [19.5271452, 43.7693716],
     [19.5270207, 43.7693993], [19.526873900000002, 43.7693772],
     [19.526743800000002, 43.7693716],
     [19.5265057, 43.769385500000006], [19.5263479, 43.7693827],
     [19.5261403, 43.769360500000005],
     [19.5260213, 43.769360500000005], [19.5258524, 43.7693716],
     [19.525708400000003, 43.7693993],
     [19.525545100000002, 43.769479600000004],
     [19.5253707, 43.7695682], [19.5251908, 43.7696595],
     [19.5249831, 43.7697675], [19.5248336, 43.7698478],
     [19.524659200000002, 43.7699115],
     [19.524529100000002, 43.7699336], [19.524435, 43.769961300000006],
     [19.5243159, 43.770041600000006], [19.5241969, 43.7701523],
     [19.5240668, 43.770260300000004],
     [19.523956000000002, 43.770365500000004],
     [19.5238453, 43.770495600000004], [19.5237124, 43.770634],
     [19.5235989, 43.770711500000004],
     [19.523488200000003, 43.7707697], [19.5233858, 43.7708278],
     [19.523283300000003, 43.770891500000005],
     [19.5232141, 43.770952400000006],
     [19.523203000000002, 43.7710354], [19.5232058, 43.7711406],
     [19.523197500000002, 43.771292900000006],
     [19.5231947, 43.7714092], [19.5231615, 43.771472800000005],
     [19.523084, 43.771572500000005], [19.5230009, 43.771658300000006],
     [19.5229539, 43.771697100000004],
     [19.522812700000003, 43.7718604], [19.5227518, 43.771949],
     [19.522702000000002, 43.771987800000005],
     [19.5226438, 43.771998800000006],
     [19.522599500000002, 43.7719905], [19.5225192, 43.7719961],
     [19.5224251, 43.772012700000005], [19.5223088, 43.7720597],
     [19.522214700000003, 43.772148300000005],
     [19.522128900000002, 43.772284000000006],
     [19.5221012, 43.772397500000004],
     [19.5221261, 43.772483300000005], [19.522151, 43.772511],
     [19.522209200000002, 43.772563600000005],
     [19.522367000000003, 43.7726522], [19.522486, 43.7727269],
     [19.5225359, 43.772774000000005],
     [19.5226355, 43.772868100000004], [19.5226909, 43.7729512],
     [19.522679800000002, 43.773028700000005],
     [19.5226134, 43.773120000000006], [19.5225331, 43.7731616],
     [19.5224334, 43.7731671], [19.5223255, 43.7731366],
     [19.522181500000002, 43.773103400000004],
     [19.5220708, 43.773084000000004],
     [19.521924000000002, 43.773095100000006],
     [19.5217829, 43.7731505], [19.5216029, 43.7732003],
     [19.5214645, 43.773258500000004],
     [19.5213344, 43.773324900000006],
     [19.5212596, 43.773369200000005],
     [19.521146100000003, 43.7734024],
     [19.521040900000003, 43.773424600000006],
     [19.520933000000003, 43.7734467],
     [19.520827800000003, 43.7734633],
     [19.520667200000002, 43.7734716], [19.5205205, 43.7734522],
     [19.520326700000002, 43.7733969],
     [19.520149500000002, 43.773374700000005],
     [19.519939100000002, 43.773388600000004],
     [19.5198007, 43.773449500000005], [19.519582, 43.773560200000006],
     [19.5194408, 43.773670900000006], [19.5193079, 43.7737568],
     [19.519211000000002, 43.7738177], [19.519086400000003, 43.773909],
     [19.518956300000003, 43.7739423],
     [19.5187874, 43.773975500000006],
     [19.518615800000003, 43.773925600000005],
     [19.5184386, 43.7738924], [19.5182559, 43.773895200000005],
     [19.5180376, 43.7739101], [19.517843900000003, 43.7738821],
     [19.5176136, 43.7738426],
     [19.517394900000003, 43.773845400000006], [19.51706, 43.7738564],
     [19.5167803, 43.773875800000006], [19.516583800000003, 43.773898],
     [19.5164011, 43.7739367], [19.516240500000002, 43.7740032],
     [19.5160966, 43.774089000000004], [19.5159664, 43.7741665],
     [19.5158557, 43.7742136], [19.515720100000003, 43.7742634],
     [19.5155844, 43.774335400000005], [19.515454300000002, 43.774424],
     [19.515304800000003, 43.774543], [19.5151691, 43.774662],
     [19.515047300000003, 43.7747645], [19.5149338, 43.7748447],
     [19.5147982, 43.7749001], [19.5146431, 43.774966600000006],
     [19.5145546, 43.775010900000005], [19.5143691, 43.7750828],
     [19.514261100000002, 43.775171400000005],
     [19.5141421, 43.7752545], [19.514023, 43.7753126],
     [19.5139344, 43.7753541], [19.5138265, 43.775415],
     [19.513690800000003, 43.7754732],
     [19.513552400000002, 43.7755341], [19.5134583, 43.7756033],
     [19.5133641, 43.775691900000005],
     [19.5132589, 43.775777700000006],
     [19.513164800000002, 43.775827500000005], [19.5129932, 43.775894],
     [19.5127108, 43.7759853], [19.512575100000003, 43.7760462],
     [19.5124561, 43.7760988], [19.5123758, 43.776187400000005],
     [19.5122983, 43.7762594], [19.5122153, 43.776306500000004],
     [19.512071300000002, 43.776361800000004],
     [19.5119301, 43.7764061], [19.5118028, 43.776456],
     [19.511645, 43.776516900000004], [19.5115148, 43.776575],
     [19.511418000000003, 43.7766138],
     [19.511334700000003, 43.776658600000005],
     [19.51131, 43.776671900000004], [19.511238000000002, 43.7766996],
     [19.511132800000002, 43.7767466],
     [19.510977800000003, 43.776813100000005],
     [19.510844900000002, 43.7768851],
     [19.510687100000002, 43.776937700000005],
     [19.5105127, 43.777017900000004],
     [19.510399200000002, 43.7770705], [19.5102857, 43.7771148],
     [19.510103, 43.777184000000005], [19.5099535, 43.777256],
     [19.5097957, 43.777339100000006], [19.50966, 43.7774554],
     [19.5095631, 43.777538400000005],
     [19.5093915, 43.777604800000006],
     [19.5092503, 43.777663000000004], [19.509062, 43.777782],
     [19.508918100000002, 43.777878900000005],
     [19.5088572, 43.7779067], [19.508760300000002, 43.7779509],
     [19.508602500000002, 43.778033900000004],
     [19.5084807, 43.7781308], [19.5084142, 43.7782111],
     [19.508345000000002, 43.7783025], [19.5082703, 43.7783772],
     [19.5081817, 43.7784464], [19.5080765, 43.778490700000006],
     [19.5079575, 43.7785129], [19.5078135, 43.778504600000005],
     [19.5076502, 43.7785157], [19.507486800000002, 43.7785323],
     [19.507362200000003, 43.7785323],
     [19.5072875, 43.778565500000006]]}},
  {"type":"Feature",
   "properties":{},
   "geometry":
   {"type":"LineString",
    "coordinates":
    [[19.5340053, 43.761506600000004],
     [19.534010900000002, 43.7616284], [19.5339832, 43.7617641],
     [19.533963800000002, 43.7618443], [19.53395, 43.761877600000005],
     [19.5338946, 43.7619218], [19.5337922, 43.7619606],
     [19.533687, 43.7619994], [19.533592900000002, 43.7620215],
     [19.5335292, 43.762038100000005],
     [19.533440600000002, 43.7620547],
     [19.5333077, 43.762088000000006],
     [19.5332523, 43.762112900000005]]}},
  {"type":"Feature",
   "properties":{},
   "geometry":
   {"type":"LineString",
    "coordinates":
    [[19.534409500000002, 43.7603383],
     [19.534329200000002, 43.7604491], [19.5342683, 43.7605626],
     [19.534226800000003, 43.7607121],
     [19.534199100000002, 43.760856000000004],
     [19.5341798, 43.760991700000005],
     [19.534171500000003, 43.7610498],
     [19.534116100000002, 43.761146700000005],
     [19.534041300000002, 43.761276800000005],
     [19.534016400000002, 43.761326600000004],
     [19.5340081, 43.7613903], [19.5340053, 43.761506600000004]]}},
  {"type":"Feature",
   "properties":{},
   "geometry":
   {"type":"LineString",
    "coordinates":
    [[19.5358448, 43.760475500000005], [19.535685, 43.7605159],
     [19.535557700000002, 43.7605516], [19.5354056, 43.7605438],
     [19.5351356, 43.760525200000004],
     [19.5350161, 43.760500400000005],
     [19.5348376, 43.760458500000006], [19.5347228, 43.7604212],
     [19.5345754, 43.7603762], [19.5344559, 43.7603529],
     [19.534409500000002, 43.7603383]]}},
  {"type":"Feature",
   "properties":{},
   "geometry":
   {"type":"LineString",
    "coordinates":
    [[19.544104, 43.758991900000005], [19.544035700000002, 43.7589174],
     [19.543933300000003, 43.7588585],
     [19.5437936, 43.758819700000004],
     [19.543622900000003, 43.7587902], [19.543491, 43.758763800000004],
     [19.5433653, 43.758728100000006], [19.5432551, 43.7586676],
     [19.5431589, 43.758603900000004],
     [19.543076600000003, 43.758562000000005],
     [19.5429882, 43.7584674], [19.542907500000002, 43.7584208],
     [19.5428454, 43.758410000000005],
     [19.542718100000002, 43.7584224], [19.5425986, 43.7584984],
     [19.542544300000003, 43.7585977],
     [19.542539700000003, 43.7586614], [19.542504, 43.7586893],
     [19.5424264, 43.7586846], [19.5423255, 43.7586272],
     [19.5421544, 43.7585788], [19.5420306, 43.7585543],
     [19.5418615, 43.758538800000004],
     [19.541738900000002, 43.758513900000004],
     [19.541608500000002, 43.758492200000006],
     [19.541537100000003, 43.7584953], [19.5412997, 43.7585248],
     [19.541166200000003, 43.758523200000006],
     [19.5410359, 43.7585124], [19.5408978, 43.758482900000004],
     [19.5407674, 43.7584813], [19.5406401, 43.758493800000004],
     [19.5404756, 43.758534100000006], [19.5403965, 43.7585853],
     [19.540255300000002, 43.758649000000005],
     [19.540124900000002, 43.758683100000006],
     [19.539993000000003, 43.758711000000005],
     [19.5398859, 43.758721900000005],
     [19.5397354, 43.758770000000005], [19.5395849, 43.7587933],
     [19.5394297, 43.7587855],
     [19.539310200000003, 43.758773100000006],
     [19.5392, 43.758780900000005],
     [19.539120800000003, 43.758825900000005],
     [19.5390091, 43.758884800000004], [19.5388105, 43.7589795],
     [19.5386475, 43.759058700000004],
     [19.5384877, 43.759144000000006], [19.5383666, 43.7592092],
     [19.538299900000002, 43.759255700000004], [19.5381742, 43.759293],
     [19.5380112, 43.759356600000004], [19.5378359, 43.759428],
     [19.5376683, 43.759542800000006],
     [19.5375565, 43.759609600000005], [19.5374665, 43.7596934],
     [19.537368800000003, 43.7597523],
     [19.537264800000003, 43.759795800000006],
     [19.5371779, 43.759848600000005], [19.5370661, 43.7598951],
     [19.536911, 43.759932400000004], [19.5367496, 43.7600022],
     [19.536623900000002, 43.760045700000006],
     [19.5365369, 43.7600782], [19.536453100000003, 43.7601558],
     [19.5363662, 43.760221], [19.536256100000003, 43.7602738],
     [19.5361319, 43.760356], [19.535989100000002, 43.760424300000004],
     [19.5358448, 43.760475500000005]]}},
  {"type":"Feature",
   "properties":{},
   "geometry":
   {"type":"LineString",
    "coordinates":
    [[19.544104, 43.758991900000005], [19.544118700000002, 43.7590477],
     [19.5441596, 43.7591838], [19.5442395, 43.759325000000004],
     [19.544350100000003, 43.759478200000004],
     [19.544465900000002, 43.759593900000006],
     [19.544602, 43.759689200000004], [19.5447279, 43.759762300000006],
     [19.544756800000002, 43.7598032],
     [19.544751700000003, 43.7598695], [19.5447041, 43.7599444],
     [19.5446598, 43.760004], [19.5446496, 43.7600737],
     [19.544663200000002, 43.7601503],
     [19.5447177, 43.760228600000005],
     [19.544751700000003, 43.760330700000004],
     [19.544751700000003, 43.7604668], [19.5447177, 43.7606097],
     [19.5446326, 43.7607322], [19.544636, 43.760834300000006],
     [19.5446734, 43.760953400000005], [19.5447075, 43.7611678],
     [19.544772100000003, 43.7614333], [19.544813, 43.7617702],
     [19.5448334, 43.761926700000004], [19.544796, 43.762120700000004],
     [19.5447653, 43.762331700000004], [19.5447381, 43.7625223],
     [19.5447381, 43.762651600000005],
     [19.5448436, 43.762753700000005],
     [19.5450138, 43.762821800000005], [19.5451193, 43.7628762],
     [19.5452282, 43.762998700000004], [19.5453234, 43.7631553],
     [19.5454085, 43.763305], [19.545463, 43.7634173],
     [19.5455106, 43.763522800000004], [19.5455991, 43.7637032],
     [19.5457216, 43.7639006], [19.5458645, 43.7641013],
     [19.5459326, 43.7642375], [19.5459871, 43.764400800000004],
     [19.5460789, 43.764509700000005],
     [19.5462253, 43.764635600000005], [19.5463546, 43.7647411],
     [19.5464397, 43.7648262], [19.5466064, 43.7649521],
     [19.546780000000002, 43.7650985]]}},
  {"type":"Feature",
   "properties":{},
   "geometry":
   {"type":"LineString",
    "coordinates":
    [[19.546780000000002, 43.7650985],
     [19.546909300000003, 43.765204000000004],
     [19.5470897, 43.765268600000006], [19.5473041, 43.7652754],
     [19.547572900000002, 43.7652244],
     [19.5478622, 43.765142700000006],
     [19.548137800000003, 43.765040600000006],
     [19.5482944, 43.7649623], [19.5485258, 43.764829600000006],
     [19.5487742, 43.7647105], [19.5490771, 43.764618600000006],
     [19.549328900000003, 43.764533500000006],
     [19.5495604, 43.7644723], [19.5498802, 43.764434900000005],
     [19.5501967, 43.7644485], [19.550452, 43.7645131],
     [19.5506834, 43.764639], [19.5508604, 43.7647684],
     [19.551047500000003, 43.764867], [19.5512483, 43.7649215],
     [19.5514695, 43.7649385], [19.5517758, 43.7649283],
     [19.552238600000003, 43.7649283],
     [19.552446200000002, 43.7649794]]}},
  {"type":"Feature",
   "properties":{},
   "geometry":
   {"type":"LineString",
    "coordinates":
    [[19.552446200000002, 43.7649794], [19.5526833, 43.764946],
     [19.552918100000003, 43.7649358],
     [19.5532532, 43.764934700000005],
     [19.553479600000003, 43.7649841], [19.5537838, 43.7650069],
     [19.5541446, 43.765048], [19.554376700000002, 43.765002900000006],
     [19.554625700000003, 43.764992500000005],
     [19.555024900000003, 43.764987500000004],
     [19.5552376, 43.7649673], [19.5554683, 43.7649033],
     [19.5557869, 43.764867800000005],
     [19.555950300000003, 43.7649358],
     [19.5561136, 43.765017500000006],
     [19.5563042, 43.765078800000005], [19.5564301, 43.7651332],
     [19.556576500000002, 43.7651604],
     [19.556685400000003, 43.765180900000004],
     [19.556787500000002, 43.7651945],
     [19.557124400000003, 43.765197900000004],
     [19.557403400000002, 43.7651502],
     [19.557699500000002, 43.7651502],
     [19.558104500000002, 43.7652251],
     [19.5583733, 43.765214900000004],
     [19.558560500000002, 43.765221700000005],
     [19.5587443, 43.7652285], [19.558911000000002, 43.7652013],
     [19.5590403, 43.7651162], [19.559122900000002, 43.764938],
     [19.5593092, 43.764901800000004],
     [19.559506600000002, 43.7648201],
     [19.559649500000003, 43.7646534],
     [19.5598265, 43.764530900000004], [19.559932, 43.764452600000006],
     [19.5600409, 43.7643471],
     [19.560190600000002, 43.764234800000004],
     [19.560336900000003, 43.764139500000006],
     [19.5605377, 43.7642688],
     [19.560840600000002, 43.764462800000004],
     [19.5611435, 43.764622700000004],
     [19.561630100000002, 43.7647725],
     [19.561929600000003, 43.764816700000004],
     [19.5622869, 43.764901800000004], [19.5625524, 43.7649154],
     [19.5627736, 43.764942600000005],
     [19.5631241, 43.764993700000005],
     [19.563450800000002, 43.7650073],
     [19.563556300000002, 43.7650311],
     [19.563750300000002, 43.7651264],
     [19.5639545, 43.765180900000004], [19.564145, 43.765197900000004],
     [19.5643084, 43.7652591],
     [19.564502400000002, 43.765340800000004],
     [19.5646215, 43.765456500000006], [19.564730400000002, 43.765562],
     [19.564941400000002, 43.7656028],
     [19.565104700000003, 43.765722000000004]]}},
  {"type":"Feature",
   "properties":{},
   "geometry":
   {"type":"LineString",
    "coordinates":
    [[19.565104700000003, 43.765722000000004],
     [19.5653115, 43.7657712],
     [19.565438200000003, 43.765803600000005],
     [19.565540300000002, 43.7659023],
     [19.5656731, 43.765973800000005], [19.565816, 43.766007800000004],
     [19.5659113, 43.7658921], [19.5659691, 43.7657356],
     [19.5661223, 43.765579], [19.5662856, 43.765500700000004],
     [19.5664149, 43.765442900000004], [19.5665307, 43.7653918],
     [19.566629300000002, 43.765238700000005],
     [19.5666899, 43.7652196], [19.5667535, 43.765210200000006]]}},
  {"type":"Feature",
   "properties":{},
   "geometry":
   {"type":"LineString",
    "coordinates":
    [[19.5677689, 43.7641032], [19.5675628, 43.764174700000005],
     [19.5673539, 43.7642491], [19.5671736, 43.7643665],
     [19.5670191, 43.7644752], [19.5668617, 43.7645582],
     [19.566750000000003, 43.7645697],
     [19.5665984, 43.764546800000005],
     [19.5664152, 43.764486700000006],
     [19.566286400000003, 43.764440900000004], [19.5662464, 43.764355],
     [19.5662607, 43.764263500000006], [19.566189100000003, 43.764169],
     [19.566091800000002, 43.764169], [19.5660031, 43.7642864],
     [19.5660117, 43.764418000000006], [19.5660718, 43.7645239],
     [19.566186300000002, 43.7646527],
     [19.566306400000002, 43.7647671],
     [19.5663866, 43.764838700000006],
     [19.5665154, 43.764936000000006],
     [19.5666356, 43.765004700000006],
     [19.5666957, 43.765064800000005],
     [19.5667535, 43.765210200000006]]}},
  {"type":"Feature",
   "properties":{},
   "geometry":
   {"type":"LineString",
    "coordinates":
    [[19.5715557, 43.763462000000004],
     [19.571338400000002, 43.7634684],
     [19.5711502, 43.763464400000004], [19.5710389, 43.7634765],
     [19.5708689, 43.763527100000005],
     [19.5706867, 43.763644500000005], [19.5705107, 43.7637699],
     [19.5703286, 43.7639197],
     [19.570229400000002, 43.763970300000004],
     [19.570099900000002, 43.763994600000004],
     [19.5700088, 43.764002700000006], [19.569838800000003, 43.76395],
     [19.569640500000002, 43.7638934],
     [19.569486700000002, 43.7638934],
     [19.569252000000002, 43.7639258], [19.569001, 43.763966200000006],
     [19.5688189, 43.7639622], [19.568738, 43.763970300000004],
     [19.568572, 43.76395], [19.5683441, 43.763931500000005],
     [19.5682583, 43.7639286], [19.5681412, 43.763951600000006],
     [19.5679349, 43.764048800000005], [19.5677689, 43.7641032]]}},
  {"type":"Feature",
   "properties":{},
   "geometry":
   {"type":"LineString",
    "coordinates":
    [[19.5715557, 43.763462000000004],
     [19.571773800000003, 43.7634471], [19.5719125, 43.7633975],
     [19.5721653, 43.763407400000006], [19.5724081, 43.763457],
     [19.572596400000002, 43.7635264],
     [19.572764900000003, 43.7636503], [19.572958200000002, 43.763789],
     [19.5731317, 43.7639328], [19.5732803, 43.7640666],
     [19.573518200000002, 43.7642351],
     [19.5736867, 43.764393600000005],
     [19.5738701, 43.764547300000004],
     [19.5740485, 43.764686000000005],
     [19.574172400000002, 43.7648298], [19.5742318, 43.7649041],
     [19.5743458, 43.7649933], [19.5744846, 43.764988300000006],
     [19.574633300000002, 43.7649041],
     [19.5746729, 43.764785200000006], [19.5746977, 43.7646365],
     [19.5747423, 43.764547300000004],
     [19.574866200000002, 43.7644432],
     [19.5749703, 43.764418400000004], [19.575109, 43.764393600000005],
     [19.575312200000003, 43.7643639], [19.5755005, 43.764349],
     [19.5757681, 43.7643441], [19.5760209, 43.7643639],
     [19.5762489, 43.7643689], [19.5764867, 43.7643986],
     [19.576724600000002, 43.7643788], [19.576908, 43.764354000000004],
     [19.5770963, 43.764319300000004], [19.5772747, 43.7642995],
     [19.577448200000003, 43.7642698], [19.5775721, 43.764245],
     [19.5776712, 43.7642152], [19.5777901, 43.764160700000005],
     [19.577909100000003, 43.764026900000005], [19.578033, 43.7638782],
     [19.578191500000003, 43.7637444], [19.5783898, 43.7636503],
     [19.5785781, 43.7635809], [19.578761500000002, 43.7635214],
     [19.5788705, 43.7635512], [19.5790043, 43.763630500000005],
     [19.5791232, 43.763660200000004], [19.5793016, 43.7636453],
     [19.579425500000003, 43.7636205],
     [19.579569300000003, 43.7635413],
     [19.579653500000003, 43.7633975], [19.579767500000003, 43.763229],
     [19.5798716, 43.763035800000004], [19.579960800000002, 43.762892],
     [19.580064800000002, 43.7627533],
     [19.5801838, 43.762614500000005],
     [19.580307700000002, 43.762510400000004],
     [19.5804316, 43.762356800000006], [19.5805654, 43.7622577]]}},
  {"type":"Feature",
   "properties":{},
   "geometry":
   {"type":"LineString",
    "coordinates":
    [[19.5805654, 43.7622577], [19.5805677, 43.762175400000004],
     [19.5807027, 43.7620206], [19.5808089, 43.761954],
     [19.5809925, 43.7619288], [19.5812266, 43.7618784],
     [19.581440800000003, 43.7618352],
     [19.5816407, 43.761763200000004],
     [19.581743300000003, 43.7616912],
     [19.5817739, 43.761620900000004], [19.5817091, 43.7615471],
     [19.581602800000002, 43.761485900000004],
     [19.581484, 43.761388700000005], [19.5814714, 43.7613527],
     [19.5815164, 43.761304100000004],
     [19.5817127, 43.761208700000005],
     [19.581863900000002, 43.7610826],
     [19.5820295, 43.760972800000005],
     [19.582276200000003, 43.760841400000004],
     [19.5824634, 43.7607568], [19.5826488, 43.760704600000004],
     [19.582764, 43.760656000000004], [19.5828081, 43.760622600000005],
     [19.5828685, 43.7605768], [19.5829045, 43.7604849],
     [19.582854100000002, 43.7602617],
     [19.5828685, 43.760049300000006],
     [19.5828631, 43.759862000000005],
     [19.5828577, 43.759691000000004], [19.5828685, 43.759529],
     [19.582900900000002, 43.759406600000005],
     [19.582965700000003, 43.7592337],
     [19.582969300000002, 43.7591131], [19.5829711, 43.7589619],
     [19.5829765, 43.7588791], [19.5830233, 43.7587422],
     [19.5830521, 43.758627000000004], [19.5830413, 43.7584992],
     [19.582989100000002, 43.7583696],
     [19.582897300000003, 43.7582274],
     [19.5828649, 43.758063500000006], [19.5829063, 43.7578619],
     [19.582947700000002, 43.7576729],
     [19.583032300000003, 43.7573902],
     [19.5831367, 43.757147200000006], [19.5832699, 43.7569527],
     [19.5833599, 43.7568069], [19.583406800000002, 43.7566701],
     [19.583428400000003, 43.756511700000004], [19.5834698, 43.756373],
     [19.5835796, 43.7562038], [19.5836966, 43.7560598],
     [19.5838928, 43.7559338], [19.5841809, 43.755757300000006],
     [19.5843339, 43.755667300000006],
     [19.5845013, 43.755543100000004],
     [19.584584200000002, 43.7554297], [19.5846814, 43.7553288],
     [19.5847948, 43.7552856], [19.5850468, 43.755206400000006],
     [19.5852665, 43.7551092], [19.5853655, 43.755073200000005],
     [19.585413000000003, 43.755051]]}},
  {"type":"Feature",
   "properties":{},
   "geometry":
   {"type":"LineString",
    "coordinates":
    [[19.589459, 43.758508000000006], [19.589357, 43.758507],
     [19.589248, 43.758514000000005], [19.589178, 43.758512],
     [19.589055000000002, 43.758523000000004], [19.588985, 43.75853],
     [19.588868, 43.758538], [19.588778, 43.758548000000005],
     [19.588682000000002, 43.758578], [19.588562, 43.758630000000004],
     [19.588422, 43.758686000000004], [19.588276, 43.758732],
     [19.588143000000002, 43.758773000000005], [19.588013, 43.758819],
     [19.58791, 43.758861], [19.587809, 43.758893],
     [19.587701000000003, 43.758882], [19.587591, 43.758778],
     [19.587559000000002, 43.758707], [19.587559000000002, 43.758653],
     [19.58757, 43.758554000000004], [19.587557, 43.758501],
     [19.587568, 43.758453], [19.587574, 43.758356000000006],
     [19.587579, 43.758299], [19.587564, 43.758236000000004],
     [19.587565, 43.758181], [19.587573000000003, 43.758101],
     [19.587589, 43.758014], [19.587599, 43.757968000000005],
     [19.587601000000003, 43.757920000000006],
     [19.587601000000003, 43.757841000000006], [19.587598, 43.757762],
     [19.587580000000003, 43.757693], [19.587579, 43.757646],
     [19.587580000000003, 43.757600000000004], [19.587591, 43.757545],
     [19.587584, 43.757467000000005], [19.587589, 43.757397000000005],
     [19.587566000000002, 43.757323], [19.58755, 43.757270000000005],
     [19.587527, 43.757180000000005], [19.587508, 43.757105],
     [19.587487000000003, 43.757056000000006],
     [19.587458, 43.757014000000005], [19.587397000000003, 43.75696],
     [19.587326, 43.756896000000005], [19.587248000000002, 43.756847],
     [19.587192, 43.756820000000005], [19.587133, 43.756803000000005],
     [19.587068000000002, 43.756791], [19.587005, 43.756789000000005],
     [19.586931, 43.756786000000005], [19.586867, 43.756785],
     [19.586794, 43.756791], [19.586730000000003, 43.756800000000005],
     [19.586617, 43.756813], [19.586527, 43.756829],
     [19.586446000000002, 43.756835], [19.586371, 43.75685],
     [19.586295, 43.756868000000004], [19.586218000000002, 43.756874],
     [19.58614, 43.756886], [19.586044, 43.756899000000004],
     [19.585941000000002, 43.756913000000004], [19.585853, 43.756931],
     [19.585779000000002, 43.756943], [19.585708, 43.756953],
     [19.585609, 43.756956], [19.585533, 43.756933000000004],
     [19.585469, 43.756884], [19.585455, 43.756839],
     [19.585482000000003, 43.756769000000006],
     [19.585497, 43.756707000000006], [19.585505, 43.756633],
     [19.58554, 43.756545], [19.585564, 43.756468000000005],
     [19.585581, 43.756424], [19.585599000000002, 43.756365],
     [19.585604, 43.756310000000006], [19.585585000000002, 43.756244],
     [19.585542, 43.756157], [19.585472000000003, 43.756069000000004],
     [19.585446, 43.75598], [19.585429, 43.75591],
     [19.585398, 43.755856], [19.585374, 43.755815000000005],
     [19.585341, 43.755741], [19.585297, 43.755667],
     [19.585275000000003, 43.755590000000005],
     [19.585274000000002, 43.755513], [19.585316000000002, 43.755422],
     [19.585355, 43.755357000000004],
     [19.585395000000002, 43.755289000000005],
     [19.585416000000002, 43.75522], [19.585424, 43.755143000000004],
     [19.585413000000003, 43.755051]]}},
  {"type":"Feature",
   "properties":{},
   "geometry":
   {"type":"LineString",
    "coordinates":
    [[19.5897682, 43.764166100000004], [19.589735, 43.764125],
     [19.589699, 43.764071], [19.589664000000003, 43.764011],
     [19.589616, 43.763936], [19.589567000000002, 43.763878000000005],
     [19.589533000000003, 43.763835], [19.589505000000003, 43.763787],
     [19.589487000000002, 43.763735000000004], [19.589475, 43.763686],
     [19.589469, 43.763616000000006], [19.589481000000003, 43.763564],
     [19.589504, 43.763510000000004], [19.589549, 43.763450000000006],
     [19.589577000000002, 43.763393], [19.589625, 43.763345],
     [19.589660000000002, 43.763291], [19.589689, 43.76325],
     [19.589744, 43.763188], [19.589782, 43.763139],
     [19.589821, 43.763093000000005], [19.589854000000003, 43.763046],
     [19.589886, 43.762999], [19.589902000000002, 43.762944000000005],
     [19.589914, 43.762882000000005], [19.589926000000002, 43.76283],
     [19.589920000000003, 43.762772000000005],
     [19.5899, 43.762688000000004], [19.589877, 43.762628],
     [19.589858, 43.762573], [19.589851, 43.762511],
     [19.589865, 43.762418000000004], [19.589885000000002, 43.762349],
     [19.589903, 43.762287], [19.589912, 43.762219],
     [19.589915, 43.762148], [19.589916000000002, 43.762080000000005],
     [19.589905, 43.762006], [19.589883, 43.761934000000004],
     [19.589843000000002, 43.761881], [19.589809000000002, 43.761831],
     [19.589789, 43.761787000000005], [19.589741, 43.761718],
     [19.589707, 43.761664], [19.589668, 43.761596000000004],
     [19.589629000000002, 43.761517000000005],
     [19.589605000000002, 43.761421000000006], [19.589586, 43.761319],
     [19.589576, 43.76124], [19.589576, 43.761153],
     [19.589561, 43.761072000000006], [19.589534, 43.760975],
     [19.589503, 43.760932000000004], [19.589475, 43.760891],
     [19.589449000000002, 43.760847000000005], [19.589444, 43.760784],
     [19.589446000000002, 43.76073], [19.589466, 43.760684000000005],
     [19.589491000000002, 43.760611000000004], [19.589524, 43.760565],
     [19.58954, 43.760493000000004],
     [19.589564000000003, 43.760414000000004], [19.589565, 43.760364],
     [19.589576, 43.760315000000006], [19.589586, 43.760267000000006],
     [19.589611, 43.760187], [19.589675, 43.760075],
     [19.58968, 43.760001], [19.589675, 43.759931],
     [19.589638, 43.759843000000004], [19.58961, 43.759747000000004],
     [19.589594, 43.759647], [19.589599, 43.759568],
     [19.589612000000002, 43.759489], [19.589617, 43.759418000000004],
     [19.589638, 43.759336000000005], [19.589663, 43.759267],
     [19.589676, 43.759222], [19.589687, 43.759171],
     [19.589705000000002, 43.759086], [19.589722000000002, 43.759028],
     [19.589752, 43.75896], [19.589779, 43.758887],
     [19.589794, 43.758833], [19.58981, 43.758761],
     [19.589809000000002, 43.758694000000006],
     [19.589776, 43.758630000000004], [19.589711, 43.758575],
     [19.589626000000003, 43.758539000000006],
     [19.589557000000003, 43.758521],
     [19.589459, 43.758508000000006]]}},
  {"type":"Feature",
   "properties":{},
   "geometry":
   {"type":"LineString",
    "coordinates":
    [[19.592289, 43.768306], [19.592217, 43.768273],
     [19.592165, 43.768239], [19.592098, 43.768211],
     [19.592035000000003, 43.768163], [19.591955000000002, 43.768138],
     [19.591886000000002, 43.768097000000004],
     [19.591814000000003, 43.768055000000004],
     [19.591739, 43.768024000000004], [19.591667, 43.767984000000006],
     [19.591609000000002, 43.767946], [19.591542, 43.767917000000004],
     [19.591461000000002, 43.767881], [19.591381000000002, 43.767842],
     [19.591316000000003, 43.767811],
     [19.591278000000003, 43.767779000000004],
     [19.591254000000003, 43.767736], [19.591255, 43.767696],
     [19.591274000000002, 43.767653], [19.591299000000003, 43.767586],
     [19.591322, 43.767528000000006], [19.591350000000002, 43.767471],
     [19.591378000000002, 43.767409], [19.591408, 43.767356],
     [19.591424, 43.767312000000004],
     [19.591450000000002, 43.767247000000005], [19.591439, 43.767201],
     [19.591438, 43.767145], [19.591433000000002, 43.767092000000005],
     [19.591436, 43.767047000000005], [19.591415, 43.767002000000005],
     [19.591417, 43.766955], [19.591383, 43.766907],
     [19.591359, 43.766849], [19.591353, 43.766803],
     [19.591347000000003, 43.766745], [19.591337000000003, 43.766686],
     [19.591338, 43.766635], [19.591336000000002, 43.766556],
     [19.59137, 43.766495000000006], [19.591408, 43.766423],
     [19.591430000000003, 43.766375000000004],
     [19.591437000000003, 43.766327000000004],
     [19.591492000000002, 43.766264], [19.591513000000003, 43.766199],
     [19.591535, 43.766154], [19.591556, 43.766086],
     [19.591573, 43.766036], [19.591610000000003, 43.765987],
     [19.591643, 43.765908], [19.591675000000002, 43.765849],
     [19.591693000000003, 43.765798000000004],
     [19.591702, 43.765741000000006], [19.591707, 43.765679000000006],
     [19.591695, 43.765631000000006], [19.591686000000003, 43.765583],
     [19.591666, 43.765529], [19.591645, 43.765484],
     [19.591612, 43.765435000000004], [19.591584, 43.76538],
     [19.591540000000002, 43.765326], [19.591514, 43.765281],
     [19.591464000000002, 43.765245], [19.591432, 43.765196],
     [19.591372, 43.765141], [19.591330000000003, 43.765105000000005],
     [19.591289, 43.76505], [19.591203, 43.764999],
     [19.591134, 43.764972], [19.591047, 43.764947],
     [19.590922000000003, 43.764947], [19.590811000000002, 43.764957],
     [19.590729, 43.764965000000004], [19.590665, 43.764973000000005],
     [19.590597000000002, 43.764975], [19.590519, 43.764984000000005],
     [19.5904531, 43.7649813], [19.59042, 43.76498],
     [19.590310000000002, 43.764966], [19.590198, 43.764918],
     [19.590107, 43.764858000000004], [19.590052, 43.764781],
     [19.589987, 43.764658000000004],
     [19.589971000000002, 43.764587000000006],
     [19.589964000000002, 43.764538], [19.589938, 43.764474],
     [19.589913000000003, 43.764405000000004],
     [19.589874000000002, 43.764333], [19.589850000000002, 43.76429],
     [19.589817, 43.764243], [19.5897834, 43.7641882],
     [19.5897682, 43.764166100000004]]}},
  {"type":"Feature",
   "properties":{},
   "geometry":
   {"type":"LineString",
    "coordinates":
    [[19.608488, 43.767654], [19.608428, 43.767700000000005],
     [19.608301, 43.767801000000006], [19.608235, 43.767853],
     [19.60818, 43.767895], [19.608122, 43.76793],
     [19.608048, 43.767982], [19.607979, 43.76803],
     [19.607914, 43.768063000000005], [19.607861, 43.768098],
     [19.607804, 43.768123], [19.607741, 43.768168],
     [19.607681, 43.7682], [19.60763, 43.768255],
     [19.607573000000002, 43.768313000000006],
     [19.607526, 43.768364000000005], [19.607471, 43.768402],
     [19.607421000000002, 43.768457000000005],
     [19.607380000000003, 43.768516000000005],
     [19.607346, 43.768556000000004],
     [19.607311000000003, 43.768595000000005], [19.60723, 43.768683],
     [19.607172000000002, 43.768747000000005],
     [19.607141000000002, 43.768795000000004],
     [19.607103000000002, 43.768841], [19.607052, 43.768881],
     [19.607005, 43.768932], [19.606933, 43.768976],
     [19.606863, 43.769029], [19.606810000000003, 43.769077],
     [19.606755, 43.769113000000004], [19.606684, 43.76917],
     [19.606617, 43.769212], [19.60656, 43.769242000000006],
     [19.606486, 43.769285], [19.606424, 43.769324000000005],
     [19.606336000000002, 43.769346000000006],
     [19.606243000000003, 43.769367], [19.606145, 43.769377000000006],
     [19.606066000000002, 43.769379], [19.605934, 43.769373],
     [19.605767, 43.769356], [19.605675, 43.769357],
     [19.605544000000002, 43.769339], [19.605439, 43.769314],
     [19.605361000000002, 43.769301000000006],
     [19.605289000000003, 43.769281], [19.605220000000003, 43.769266],
     [19.605142, 43.769244], [19.60506, 43.769221],
     [19.604962, 43.769208000000006], [19.604844, 43.76919],
     [19.60471, 43.769165], [19.604535000000002, 43.769139],
     [19.604431, 43.769104000000006], [19.604311000000003, 43.769066],
     [19.604214000000002, 43.769024], [19.604161, 43.768972000000005],
     [19.604107000000003, 43.768915], [19.604051000000002, 43.76887],
     [19.603975000000002, 43.768821], [19.603886000000003, 43.768785],
     [19.603816000000002, 43.768745],
     [19.603754000000002, 43.768713000000005],
     [19.603599000000003, 43.768653], [19.603491, 43.768612000000005],
     [19.603416000000003, 43.768581000000005],
     [19.603323, 43.768558000000006], [19.603229000000002, 43.768559],
     [19.603148, 43.768555], [19.603064, 43.768568],
     [19.602962, 43.768567000000004], [19.602888, 43.768579],
     [19.602795, 43.768578000000005],
     [19.602714000000002, 43.768592000000005],
     [19.602628000000003, 43.768634000000006],
     [19.602575, 43.768674000000004], [19.602524000000003, 43.768723],
     [19.602477, 43.768782], [19.602433, 43.768826000000004],
     [19.602356, 43.768883], [19.602284, 43.768924000000005],
     [19.602207, 43.768933000000004], [19.602123000000002, 43.76894],
     [19.602042, 43.768921000000006], [19.601969, 43.768904000000006],
     [19.601858, 43.768846], [19.601772, 43.768802],
     [19.6017, 43.768744000000005], [19.601618000000002, 43.768684],
     [19.601513, 43.768628], [19.601401000000003, 43.768589000000006],
     [19.60127, 43.768553000000004], [19.601100000000002, 43.768535],
     [19.600953, 43.768532], [19.600835, 43.768535],
     [19.600697, 43.768555], [19.600516000000002, 43.76856],
     [19.600432, 43.768569], [19.600363, 43.768589000000006],
     [19.600283, 43.768569], [19.600201000000002, 43.768578000000005],
     [19.60014, 43.768591], [19.600072, 43.768597],
     [19.600007, 43.768614], [19.599928000000002, 43.768620000000006],
     [19.599863000000003, 43.768640000000005], [19.599775, 43.768658],
     [19.599714000000002, 43.768669], [19.599623, 43.76867],
     [19.599554, 43.768673], [19.599490000000003, 43.768654000000005],
     [19.599407000000003, 43.768621], [19.599342, 43.768626000000005],
     [19.599279000000003, 43.768592000000005], [19.599224, 43.768549],
     [19.599177, 43.768509], [19.599128, 43.768465000000006],
     [19.59906, 43.768404000000004], [19.598991, 43.768352],
     [19.598923000000003, 43.768287], [19.598885000000003, 43.76823],
     [19.598826000000003, 43.768163], [19.59879, 43.768123],
     [19.598731, 43.768041000000004], [19.598679, 43.767993000000004],
     [19.598594000000002, 43.767952], [19.598503, 43.767912],
     [19.598409, 43.767854], [19.59835, 43.767804000000005],
     [19.598283000000002, 43.767754000000004], [19.598223, 43.767724],
     [19.598122, 43.76771], [19.598033, 43.767689000000004],
     [19.597957, 43.76771], [19.597887, 43.767715],
     [19.59785, 43.767758], [19.597801, 43.767787000000006],
     [19.597741000000003, 43.767805],
     [19.597672000000003, 43.767855000000004],
     [19.597626, 43.767889000000004], [19.597543, 43.76791],
     [19.597457000000002, 43.767894000000005], [19.597368, 43.767892],
     [19.597297, 43.76787], [19.597224, 43.767874000000006],
     [19.597149, 43.767881], [19.597082, 43.767876],
     [19.596977000000003, 43.767854], [19.596871, 43.767827000000004],
     [19.596772, 43.767816], [19.596686000000002, 43.767809],
     [19.596579000000002, 43.767816], [19.596512, 43.767808],
     [19.596422, 43.767823], [19.596349, 43.767842],
     [19.596282000000002, 43.767887], [19.596224000000003, 43.76793],
     [19.596152, 43.76796], [19.596064000000002, 43.768024000000004],
     [19.595974000000002, 43.768027000000004],
     [19.595905000000002, 43.768031], [19.595819000000002, 43.76802],
     [19.595728, 43.768007000000004], [19.595595000000003, 43.767971],
     [19.595508000000002, 43.767956000000005],
     [19.595423, 43.767934000000004],
     [19.595321000000002, 43.767917000000004], [19.59523, 43.767898],
     [19.595096, 43.767867], [19.595014000000003, 43.767849000000005],
     [19.594939, 43.767841000000004], [19.594865000000002, 43.767842],
     [19.59479, 43.767845], [19.594705, 43.767855000000004],
     [19.594610000000003, 43.767868],
     [19.594509000000002, 43.767886000000004], [19.594418, 43.767913],
     [19.594327, 43.767931000000004], [19.594241, 43.767953000000006],
     [19.594118, 43.767971], [19.594016, 43.767986],
     [19.593932000000002, 43.768004000000005],
     [19.593825000000002, 43.768015000000005],
     [19.593758, 43.768055000000004], [19.593689, 43.768080000000005],
     [19.593626, 43.768092], [19.593544, 43.768109],
     [19.593452000000003, 43.768121],
     [19.593369000000003, 43.768139000000005],
     [19.593287, 43.768139000000005], [19.59318, 43.768150000000006],
     [19.593103000000003, 43.768155], [19.593024, 43.768162000000004],
     [19.592938, 43.768166], [19.592857000000002, 43.768173000000004],
     [19.592778000000003, 43.768185], [19.592676, 43.768214],
     [19.592603, 43.768241], [19.59252, 43.768264],
     [19.592447, 43.768287], [19.592383, 43.768302000000006],
     [19.592289, 43.768306]]}},
  {"type":"Feature",
   "properties":{},
   "geometry":
   {"type":"LineString",
    "coordinates":
    [[19.614159, 43.765362], [19.614042, 43.765421],
     [19.613949, 43.765461], [19.613855, 43.765499000000005],
     [19.613687000000002, 43.765531], [19.613533, 43.765532],
     [19.613380000000003, 43.765544000000006], [19.613254, 43.76554],
     [19.613138000000003, 43.765496000000006],
     [19.613061000000002, 43.765449000000004],
     [19.61298, 43.765415000000004], [19.612907, 43.765389000000006],
     [19.612837000000003, 43.765364000000005], [19.612784, 43.765338],
     [19.612718, 43.765301], [19.612639, 43.765259],
     [19.612526000000003, 43.765218000000004],
     [19.612454, 43.765218000000004], [19.612404, 43.765266000000004],
     [19.612356000000002, 43.765306], [19.612303, 43.765354],
     [19.612244, 43.765422], [19.61221, 43.765485000000005],
     [19.612168, 43.765551], [19.612131, 43.765587000000004],
     [19.612062, 43.765664], [19.612003, 43.765738000000006],
     [19.611979, 43.765789000000005], [19.611951, 43.765861],
     [19.611934, 43.765906], [19.611919, 43.765961000000004],
     [19.611902, 43.766039], [19.611875, 43.766091],
     [19.611804000000003, 43.766159], [19.611674, 43.766222000000006],
     [19.611548000000003, 43.766265000000004],
     [19.611420000000003, 43.766288], [19.611308, 43.766305],
     [19.611156, 43.76632], [19.611057000000002, 43.766326],
     [19.610962, 43.766344000000004], [19.610873, 43.766353],
     [19.610787000000002, 43.766373],
     [19.610691000000003, 43.766403000000004], [19.61062, 43.766435],
     [19.610544, 43.766478], [19.610418000000003, 43.766535000000005],
     [19.610289, 43.766595], [19.610154, 43.766634],
     [19.609951000000002, 43.766760000000005],
     [19.609809000000002, 43.766806], [19.609674000000002, 43.766845],
     [19.609551, 43.766883], [19.609450000000002, 43.766913],
     [19.609355, 43.766943000000005], [19.609299, 43.766966000000004],
     [19.609232000000002, 43.767007], [19.609188, 43.76706],
     [19.609146000000003, 43.767109000000005],
     [19.609091000000003, 43.767176], [19.608974, 43.767275000000005],
     [19.608872, 43.767359000000006], [19.608747, 43.767452000000006],
     [19.608626, 43.767545000000005], [19.608488, 43.767654]]}},
  {"type":"Feature",
   "properties":{},
   "geometry":
   {"type":"LineString",
    "coordinates":
    [[19.614458000000003, 43.765335],
     [19.614395000000002, 43.765325000000004],
     [19.614327000000003, 43.765325000000004],
     [19.614261000000003, 43.765333000000005],
     [19.614159, 43.765362]]}},
  {"type":"Feature",
   "properties":{},
   "geometry":
   {"type":"LineString",
    "coordinates":
    [[19.616537, 43.764753000000006],
     [19.616493000000002, 43.764779000000004], [19.616444, 43.764808],
     [19.616401, 43.764871], [19.616372000000002, 43.764945000000004],
     [19.61634, 43.765005], [19.616307000000003, 43.765076],
     [19.616264, 43.765133000000006], [19.616214000000003, 43.765202],
     [19.616195, 43.765246000000005], [19.616159, 43.765317],
     [19.616137000000002, 43.765388], [19.616127000000002, 43.765467],
     [19.616127000000002, 43.765517], [19.616125, 43.765574],
     [19.616115, 43.765645], [19.616129, 43.765717],
     [19.616149, 43.765769000000006], [19.616188, 43.765840000000004],
     [19.616197, 43.765962], [19.616159, 43.766021],
     [19.616097, 43.766052], [19.616032, 43.766039],
     [19.615935, 43.766009000000004], [19.615845, 43.765979],
     [19.61572, 43.765950000000004],
     [19.615615000000002, 43.765910000000005], [19.615537, 43.765878],
     [19.615418000000002, 43.765827], [19.615371, 43.765793],
     [19.615303, 43.765771], [19.615206, 43.765718],
     [19.615144, 43.765675], [19.615077000000003, 43.765642],
     [19.615017, 43.765611], [19.61496, 43.765583],
     [19.614905, 43.765553000000004], [19.614838000000002, 43.765515],
     [19.614776000000003, 43.765480000000004],
     [19.614729, 43.765434000000006], [19.614663, 43.765392000000006],
     [19.614599000000002, 43.765367000000005], [19.614522, 43.765346],
     [19.614458000000003, 43.765335]]}},
  {"type":"Feature",
   "properties":{},
   "geometry":
   {"type":"LineString",
    "coordinates":
    [[19.6188791, 43.7612569], [19.618855, 43.761293],
     [19.618848, 43.761345000000006], [19.618814, 43.761403],
     [19.618793, 43.761456], [19.618762, 43.761503000000005],
     [19.618715, 43.761567], [19.61867, 43.761618000000006],
     [19.618633000000003, 43.761668], [19.618578000000003, 43.761713],
     [19.618513, 43.76175], [19.618446000000002, 43.761804000000005],
     [19.618393, 43.761845], [19.618343000000003, 43.761886000000004],
     [19.618291000000003, 43.761953000000005], [19.618241, 43.762006],
     [19.618195, 43.762045], [19.618148, 43.762093],
     [19.618108000000003, 43.762150000000005],
     [19.618064, 43.762201000000005], [19.618016, 43.76225],
     [19.617971, 43.762297000000004],
     [19.617917000000002, 43.762358000000006], [19.617875, 43.76241],
     [19.61783, 43.762461], [19.617790000000003, 43.762514],
     [19.617747, 43.762564000000005], [19.617693000000003, 43.762628],
     [19.617651000000002, 43.762687], [19.617599000000002, 43.762743],
     [19.617562, 43.762795000000004], [19.617528, 43.762857000000004],
     [19.617477, 43.762928], [19.617448, 43.762987],
     [19.617419, 43.763033], [19.617389000000003, 43.763078],
     [19.617367, 43.763127000000004], [19.617325, 43.763197000000005],
     [19.617287, 43.763259000000005], [19.617272, 43.763324000000004],
     [19.61726, 43.763408000000005], [19.617253, 43.763471],
     [19.617241, 43.763528], [19.617230000000003, 43.763584],
     [19.617213, 43.763647000000006], [19.617191000000002, 43.763705],
     [19.617169, 43.763771000000006], [19.617132, 43.763818],
     [19.617097, 43.763874], [19.617064000000003, 43.763932000000004],
     [19.61703, 43.763985000000005], [19.616991000000002, 43.764051],
     [19.616958, 43.764097], [19.616927, 43.764146000000004],
     [19.61691, 43.764189], [19.616884000000002, 43.764242],
     [19.616855, 43.764293], [19.616814, 43.764367],
     [19.616775, 43.764425], [19.616743, 43.764471],
     [19.616701000000003, 43.764502], [19.616661, 43.764543],
     [19.616609, 43.764587000000006], [19.616553, 43.764648],
     [19.616531000000002, 43.764715],
     [19.616537, 43.764753000000006]]}},
  {"type":"Feature",
   "properties":{},
   "geometry":
   {"type":"LineString",
    "coordinates":
    [[19.6190457, 43.7610534], [19.6190032, 43.7610832],
     [19.618964000000002, 43.761122], [19.618931, 43.761171000000004],
     [19.618893, 43.761236000000004], [19.6188791, 43.7612569]]}},
  {"type":"Feature",
   "properties":{},
   "geometry":
   {"type":"LineString",
    "coordinates":
    [[19.6190457, 43.7610534], [19.6190004, 43.7610146],
     [19.6189903, 43.7609548], [19.6190684, 43.760743100000006],
     [19.619100200000002, 43.7605256], [19.6192689, 43.76025],
     [19.6193856, 43.7600337], [19.619527700000003, 43.7597735],
     [19.6196038, 43.7595389],
     [19.619644400000002, 43.759062400000005],
     [19.6197053, 43.758809500000005], [19.6196038, 43.7585089],
     [19.6195531, 43.758307300000006],
     [19.619446500000002, 43.7581204], [19.6193907, 43.7579371],
     [19.6193704, 43.7577282], [19.6192283, 43.757519200000004],
     [19.6191014, 43.757251600000004],
     [19.618903500000002, 43.7569144],
     [19.618649700000002, 43.756525800000006],
     [19.618568500000002, 43.7564122],
     [19.618385800000002, 43.756137300000006],
     [19.618086400000003, 43.7557927], [19.6176642, 43.755654]]}},
  {"type":"Feature",
   "properties":{},
   "geometry":
   {"type":"LineString",
    "coordinates":
    [[19.6176642, 43.755654], [19.617598100000002, 43.7552882],
     [19.61731, 43.754969200000005], [19.6173292, 43.7546501],
     [19.6173287, 43.7541833], [19.617290800000003, 43.7538178],
     [19.6172524, 43.75336], [19.6173357, 43.752891000000005],
     [19.617188300000002, 43.7526414], [19.6169292, 43.7522126],
     [19.616653300000003, 43.7519107],
     [19.6163858, 43.751717500000005],
     [19.6161852, 43.751614800000006], [19.6158857, 43.7515808]]}},
  {"type":"Feature",
   "properties":{},
   "geometry":
   {"type":"LineString",
    "coordinates":
    [[19.6158857, 43.7515808],
     [19.615923900000002, 43.751528500000006],
     [19.6159709, 43.7514917], [19.616036, 43.7514613],
     [19.6161107, 43.751444400000004], [19.6162068, 43.751444],
     [19.6164235, 43.7514631], [19.6167245, 43.7514873],
     [19.616818600000002, 43.7514988], [19.616904, 43.751518700000005],
     [19.6169787, 43.7515445], [19.6170598, 43.7515808],
     [19.6171396, 43.7516127], [19.6172174, 43.7516325],
     [19.617289, 43.751636000000005], [19.6173621, 43.751626],
     [19.6174325, 43.751600800000006], [19.6174959, 43.751558],
     [19.617535800000002, 43.751508400000006],
     [19.617599300000002, 43.751377600000005],
     [19.6176339, 43.7513104], [19.6176831, 43.751242500000004],
     [19.617745600000003, 43.751178700000004],
     [19.6178043, 43.751131900000004], [19.6178651, 43.7510926],
     [19.6179354, 43.7510558], [19.6182395, 43.7508816],
     [19.6185085, 43.750738500000004], [19.6186946, 43.7506203],
     [19.6187885, 43.750559200000005], [19.6189049, 43.7504726],
     [19.619109, 43.750309300000005],
     [19.619689700000002, 43.749852000000004],
     [19.620498400000002, 43.749217],
     [19.620641900000003, 43.749072600000005],
     [19.6206701, 43.749030000000005], [19.6206929, 43.748983],
     [19.620729800000003, 43.7488648],
     [19.6207494, 43.748823200000004],
     [19.620773200000002, 43.748786800000005],
     [19.620798200000003, 43.7487568],
     [19.6209397, 43.748620300000006], [19.6210057, 43.7485749],
     [19.6210726, 43.7485371], [19.621159600000002, 43.7484977],
     [19.6214412, 43.7484003], [19.6217504, 43.7482892],
     [19.6220547, 43.7482841], [19.622323700000003, 43.7483506],
     [19.6224582, 43.7483353], [19.622621000000002, 43.7482483],
     [19.622790900000002, 43.748130700000004],
     [19.622946600000002, 43.748130700000004],
     [19.623251, 43.748207400000005], [19.6234633, 43.748294400000006],
     [19.6235271, 43.748192100000004],
     [19.623590800000002, 43.747905700000004],
     [19.6237323, 43.7475887], [19.6237606, 43.7473484],
     [19.6239588, 43.7472359], [19.6240339, 43.7471623],
     [19.6240682, 43.747014400000005]]}},
  {"type":"Feature",
   "properties":{},
   "geometry":
   {"type":"LineString",
    "coordinates":
    [[19.6240682, 43.747014400000005], [19.6241954, 43.746729],
     [19.624291300000003, 43.7465388], [19.6244614, 43.7464024],
     [19.624638400000002, 43.746335900000005],
     [19.6247516, 43.7461672], [19.6246738, 43.746034200000004],
     [19.6247091, 43.745885900000005],
     [19.624871900000002, 43.745763200000006],
     [19.625148000000003, 43.745666], [19.6254382, 43.7456405],
     [19.6257921, 43.745625100000005], [19.6263089, 43.7455842],
     [19.626691100000002, 43.745548400000004],
     [19.6269388, 43.745425700000006],
     [19.6273069, 43.745364300000006],
     [19.627618400000003, 43.7452825],
     [19.627795300000002, 43.745113800000006],
     [19.627894400000002, 43.7449655],
     [19.628021800000003, 43.7448734],
     [19.628142200000003, 43.7448939],
     [19.6282406, 43.744918500000004],
     [19.6283262, 43.744939900000006],
     [19.6285881, 43.744837600000004],
     [19.628892500000003, 43.7446842],
     [19.629119000000003, 43.744428600000006],
     [19.629395000000002, 43.7443672], [19.6302869, 43.7442496],
     [19.631108, 43.744213800000004], [19.632099, 43.744193300000006],
     [19.6327997, 43.7443928], [19.6330546, 43.7444439],
     [19.6334014, 43.7443825], [19.6335996, 43.744224],
     [19.6337766, 43.743978600000005],
     [19.6338261, 43.743641100000005], [19.6339252, 43.7432882],
     [19.634116300000002, 43.7429609], [19.6344207, 43.7426388],
     [19.634590600000003, 43.7423524], [19.6347109, 43.7420404],
     [19.634590600000003, 43.741549500000005],
     [19.6345552, 43.7409103], [19.6347746, 43.740414200000004],
     [19.634689700000003, 43.740117600000005],
     [19.6346543, 43.739780100000004],
     [19.634767500000002, 43.7394783], [19.6350011, 43.7390539],
     [19.6352347, 43.738823700000005],
     [19.635539100000003, 43.738649900000006],
     [19.6358788, 43.7385169], [19.6361974, 43.7384709],
     [19.6364522, 43.738527100000006],
     [19.636643300000003, 43.7385936], [19.6368769, 43.7385067],
     [19.637167100000003, 43.7381589],
     [19.637308700000002, 43.7379185], [19.6374715, 43.7374122],
     [19.6375564, 43.7369775], [19.6376838, 43.7366655],
     [19.637832500000002, 43.736348400000004]]}},
  {"type":"Feature",
   "properties":{},
   "geometry":
   {"type":"LineString",
    "coordinates":
    [[19.637832500000002, 43.736348400000004],
     [19.638037800000003, 43.736072300000004],
     [19.6382643, 43.7358421], [19.6386253, 43.7356989],
     [19.6389013, 43.7355966], [19.6390217, 43.7355097],
     [19.6389792, 43.7353767], [19.638865900000003, 43.7352591],
     [19.638858900000002, 43.7351772], [19.6390217, 43.7351261],
     [19.639262300000002, 43.7351772],
     [19.639389700000002, 43.7352642],
     [19.639510100000003, 43.735427900000005],
     [19.639637500000003, 43.7354892],
     [19.6397295, 43.735463700000004], [19.6396233, 43.7353102],
     [19.6396658, 43.735044300000006],
     [19.639743600000003, 43.734747600000006],
     [19.6398286, 43.7343385],
     [19.639954200000002, 43.734121800000004],
     [19.6400112, 43.7339549], [19.6401007, 43.7334757],
     [19.6402068, 43.733194700000006], [19.640225, 43.733084000000005],
     [19.6401955, 43.7329877], [19.6401472, 43.732905],
     [19.6400127, 43.7327771], [19.6398853, 43.7326953],
     [19.6397437, 43.7326953], [19.6396507, 43.732740500000006],
     [19.6395857, 43.7327384], [19.6395433, 43.732722100000004],
     [19.6394978, 43.7326112], [19.639470900000003, 43.7324913],
     [19.6394848, 43.732312900000004], [19.6394683, 43.7322323],
     [19.639353800000002, 43.7320706],
     [19.639344100000002, 43.732018000000004],
     [19.6394039, 43.731975500000004],
     [19.639536200000002, 43.7319362],
     [19.639706200000003, 43.7319225], [19.6398571, 43.7319411],
     [19.6399772, 43.7320008], [19.6400598, 43.7320256],
     [19.6401833, 43.7320374], [19.6402566, 43.7320046]]}},
  {"type":"Feature",
   "properties":{},
   "geometry":
   {"type":"LineString",
    "coordinates":
    [[19.6402566, 43.7320046], [19.640326, 43.732059],
     [19.640446, 43.732194]]}},
  {"type":"Feature",
   "properties":{},
   "geometry":
   {"type":"LineString",
    "coordinates":
    [[19.640446, 43.732194], [19.640485, 43.732247],
     [19.640532, 43.732315], [19.640568000000002, 43.732377],
     [19.640608, 43.73245], [19.640644, 43.732518000000006],
     [19.640753, 43.732720900000004], [19.6407856, 43.7328003],
     [19.640810600000002, 43.7328581],
     [19.6408297, 43.732921700000006], [19.640842300000003, 43.732998],
     [19.640849900000003, 43.7330829], [19.6408539, 43.7331761],
     [19.6408576, 43.7333379], [19.640862300000002, 43.7335834],
     [19.6408703, 43.733669400000004], [19.6408866, 43.7337435],
     [19.640921900000002, 43.733843300000004],
     [19.640957, 43.733921900000006], [19.640991, 43.733985000000004],
     [19.641018000000003, 43.734026], [19.641062, 43.734092000000004],
     [19.641116, 43.734153000000006], [19.641170000000002, 43.734209],
     [19.64123, 43.734261000000004], [19.641314, 43.734309],
     [19.641381000000003, 43.734341],
     [19.642003000000003, 43.734623000000006],
     [19.6420983, 43.734661900000006],
     [19.642183000000003, 43.7346938],
     [19.642272600000002, 43.7347209], [19.64237, 43.734743],
     [19.6424634, 43.73476], [19.642544, 43.734771],
     [19.642649000000002, 43.734785], [19.642770000000002, 43.734797],
     [19.642877000000002, 43.734807], [19.642973, 43.734814],
     [19.6431344, 43.7348179], [19.643293, 43.734816],
     [19.643392000000002, 43.734811], [19.643509, 43.734808],
     [19.64357, 43.73481], [19.643728000000003, 43.734840000000005],
     [19.643793000000002, 43.734861], [19.643901, 43.734898],
     [19.6439701, 43.7349359], [19.6440626, 43.7349933],
     [19.6442021, 43.7350817], [19.644436000000002, 43.73521],
     [19.644507, 43.735247], [19.6445578, 43.7352725],
     [19.645108, 43.7355333]]}},
  {"type":"Feature",
   "properties":{},
   "geometry":
   {"type":"LineString",
    "coordinates":
    [[19.645108, 43.7355333],
     [19.645254100000002, 43.735601300000006]]}},
  {"type":"Feature",
   "properties":{},
   "geometry":
   {"type":"LineString",
    "coordinates":
    [[19.645254100000002, 43.735601300000006],
     [19.6454406, 43.735693100000006],
     [19.645614000000002, 43.735780000000005], [19.645713, 43.735826],
     [19.64581, 43.735874], [19.645886, 43.735913000000004],
     [19.645969, 43.735965], [19.646046000000002, 43.736026],
     [19.646113, 43.736093000000004], [19.646160000000002, 43.736164],
     [19.646186, 43.736231000000004],
     [19.646201, 43.736284000000005]]}},
  {"type":"Feature",
   "properties":{},
   "geometry":
   {"type":"LineString",
    "coordinates":
    [[19.646201, 43.736284000000005], [19.6462422, 43.736150200000004],
     [19.6463602, 43.736061], [19.646463, 43.7360685]]}},
  {"type":"Feature",
   "properties":{},
   "geometry":
   {"type":"LineString",
    "coordinates":
    [[19.646463, 43.7360685], [19.6465254, 43.736073100000006]]}},
  {"type":"Feature",
   "properties":{},
   "geometry":
   {"type":"LineString",
    "coordinates":
    [[19.6465254, 43.736073100000006], [19.6465721, 43.7360765],
     [19.646655300000003, 43.736187], [19.6467089, 43.7362781],
     [19.646821600000003, 43.7363091], [19.647181, 43.736541700000004],
     [19.647409, 43.736623], [19.6476691, 43.7366502],
     [19.6480849, 43.736576500000005],
     [19.648500600000002, 43.736471900000005],
     [19.648634700000002, 43.7363944],
     [19.6487689, 43.736111400000006], [19.6489432, 43.7359583],
     [19.6491417, 43.7357626], [19.6494179, 43.7355145],
     [19.6497452, 43.7353207], [19.6500349, 43.7351967],
     [19.650364800000002, 43.7350397],
     [19.6505981, 43.734880800000006],
     [19.650756400000002, 43.7347936], [19.6508261, 43.7345978],
     [19.6507751, 43.734206400000005],
     [19.650697400000002, 43.7338517],
     [19.650544500000002, 43.733309000000006],
     [19.6503728, 43.7329815], [19.6501448, 43.732636500000005],
     [19.6499919, 43.732305100000005],
     [19.649919500000003, 43.731923300000005],
     [19.6498364, 43.7315841], [19.649820300000002, 43.7312178],
     [19.6498525, 43.7308942],
     [19.649879300000002, 43.730527800000004],
     [19.6498364, 43.7301596], [19.6498122, 43.7295801],
     [19.6497666, 43.729167200000006],
     [19.649753200000003, 43.728857100000006],
     [19.649801500000002, 43.7286342],
     [19.649951700000003, 43.7284695],
     [19.649970500000002, 43.7281691],
     [19.649949000000003, 43.7278609], [19.6499115, 43.7276341],
     [19.649938300000002, 43.727316200000004],
     [19.650152900000002, 43.726884000000005],
     [19.650391600000003, 43.726727000000004],
     [19.650594100000003, 43.726466300000006],
     [19.650674600000002, 43.726082500000004],
     [19.650737600000003, 43.7257079]]}},
  {"type":"Feature",
   "properties":{},
   "geometry":
   {"type":"LineString",
    "coordinates":
    [[19.6655836, 43.7252998], [19.6655166, 43.725320200000006],
     [19.6653342, 43.7253939], [19.665103600000002, 43.7254869],
     [19.6648487, 43.7255741], [19.6644276, 43.725698200000004],
     [19.6640629, 43.7258067],
     [19.663765100000003, 43.725894000000004],
     [19.663421800000002, 43.725957900000004],
     [19.663239400000002, 43.7259812], [19.66299, 43.726008300000004],
     [19.6627969, 43.7260044], [19.6625206, 43.725977300000004],
     [19.6622685, 43.7259444], [19.6620727, 43.7258901],
     [19.6618983, 43.725835800000006],
     [19.6616596, 43.725793200000005], [19.6613753, 43.7257641],
     [19.661211700000003, 43.7257699], [19.6610695, 43.7257486],
     [19.660922000000003, 43.725690400000005], [19.6608227, 43.725611],
     [19.6607235, 43.725535400000005],
     [19.660589400000003, 43.725483000000004],
     [19.6604633, 43.7254365],
     [19.660366800000002, 43.725368700000004],
     [19.660275600000002, 43.7252698],
     [19.660224600000003, 43.7251903], [19.660112, 43.725103100000005],
     [19.6600047, 43.7250217], [19.659851800000002, 43.7249539],
     [19.6597365, 43.724915100000004],
     [19.659562100000002, 43.7249035],
     [19.659379700000002, 43.7249074],
     [19.659183900000002, 43.724926700000005],
     [19.658969300000003, 43.7249752], [19.6588299, 43.725045],
     [19.6586019, 43.725107], [19.6583015, 43.7251613],
     [19.657934, 43.725215500000004], [19.6576819, 43.725256300000005],
     [19.65736, 43.7253047], [19.6569791, 43.725347400000004],
     [19.6566626, 43.725378400000004],
     [19.655839200000003, 43.7254578], [19.6553054, 43.7255102],
     [19.654734100000002, 43.7255703], [19.6540502, 43.7256226],
     [19.6538034, 43.725659400000005], [19.653554, 43.725709800000004],
     [19.6533555, 43.725731100000004], [19.6531731, 43.725766],
     [19.6530202, 43.725804800000006], [19.6528244, 43.7258222],
     [19.6524864, 43.7257893],
     [19.652253100000003, 43.725740800000004],
     [19.652073400000003, 43.7257137],
     [19.6516255, 43.725667200000004],
     [19.651389400000003, 43.725626500000004],
     [19.651223100000003, 43.725611], [19.6509925, 43.7256342],
     [19.650737600000003, 43.7257079]]}},
  {"type":"Feature",
   "properties":{},
   "geometry":
   {"type":"LineString",
    "coordinates":
    [[19.6810736, 43.726795800000005], [19.6806188, 43.726618],
     [19.6802084, 43.7265346], [19.679684, 43.7264551],
     [19.6794802, 43.7264202], [19.679335400000003, 43.7263795],
     [19.6792254, 43.726315500000005], [19.678992, 43.726179900000005],
     [19.6788935, 43.7261338], [19.678768700000003, 43.7260907],
     [19.6786514, 43.726062600000006],
     [19.6785079, 43.726022900000004],
     [19.678413300000003, 43.725991400000005],
     [19.678109600000003, 43.7258688], [19.6777421, 43.7257447],
     [19.6773636, 43.725639900000004],
     [19.677017900000003, 43.725547000000006],
     [19.6768307, 43.7255088], [19.6767088, 43.725487900000005],
     [19.6765988, 43.7254767], [19.6763911, 43.725458800000006],
     [19.676217700000002, 43.725444], [19.6760586, 43.7254227],
     [19.675924600000002, 43.7253988],
     [19.6757846, 43.725367600000006], [19.67564, 43.7253285],
     [19.6753898, 43.7252756], [19.6752396, 43.725258200000006],
     [19.6750143, 43.7252795],
     [19.674646900000003, 43.725337700000004],
     [19.6744671, 43.7253532], [19.674129200000003, 43.7253764],
     [19.673831500000002, 43.725351200000006],
     [19.673311100000003, 43.725171], [19.672632500000002, 43.7248996],
     [19.672377700000002, 43.724814300000006],
     [19.672179200000002, 43.724740700000005],
     [19.6718413, 43.724574000000004], [19.6717635, 43.7245274],
     [19.6715328, 43.724389800000004], [19.671278, 43.724265800000005],
     [19.6710768, 43.7242076], [19.6708596, 43.7241999],
     [19.6707335, 43.7242231], [19.6703821, 43.724353],
     [19.670063000000003, 43.7244131], [19.6697947, 43.7244383],
     [19.669561400000003, 43.724451800000004],
     [19.6690571, 43.7245081], [19.6684617, 43.7246244],
     [19.668064700000002, 43.7246961],
     [19.667702600000002, 43.724742600000006],
     [19.667308300000002, 43.7247969], [19.6669945, 43.7248473],
     [19.666788, 43.724876300000005], [19.6666056, 43.7249325],
     [19.6662998, 43.7250488], [19.6660182, 43.725141900000004],
     [19.6658465, 43.7252097], [19.6656373, 43.7252834],
     [19.6655836, 43.7252998]]}},
  {"type":"Feature",
   "properties":{},
   "geometry":
   {"type":"LineString",
    "coordinates":
    [[19.6810736, 43.726795800000005],
     [19.681412100000003, 43.7268218]]}},
  {"type":"Feature",
   "properties":{},
   "geometry":
   {"type":"LineString",
    "coordinates":
    [[19.681412100000003, 43.7268218],
     [19.6814663, 43.726779400000005],
     [19.681512400000003, 43.726768400000005],
     [19.6816165, 43.7267699], [19.6816965, 43.726795300000006],
     [19.6817686, 43.726848600000004], [19.6817911, 43.7269069],
     [19.681773500000002, 43.726949600000005]]}},
  {"type":"Feature",
   "properties":{},
   "geometry":
   {"type":"LineString",
    "coordinates":
    [[19.681773500000002, 43.726949600000005],
     [19.682069600000002, 43.7271227]]}},
  {"type":"Feature",
   "properties":{},
   "geometry":
   {"type":"LineString",
    "coordinates":
    [[19.6822054, 43.7271644], [19.682069600000002, 43.7271227]]}},
  {"type":"Feature",
   "properties":{},
   "geometry":
   {"type":"LineString",
    "coordinates":
    [[19.6822054, 43.7271644], [19.682742700000002, 43.7273033],
     [19.683047000000002, 43.727378300000005],
     [19.6831508, 43.727403900000006],
     [19.6834184, 43.727446900000004], [19.6836403, 43.7274746],
     [19.6838629, 43.7275008], [19.6840829, 43.727532800000006],
     [19.684395300000002, 43.72759], [19.685428, 43.7278284],
     [19.685999300000002, 43.727962100000006],
     [19.686160100000002, 43.728000200000004],
     [19.6863005, 43.7280402], [19.686420400000003, 43.7280813],
     [19.686556500000002, 43.728136400000004],
     [19.6866737, 43.728191900000006],
     [19.6874046, 43.728624100000005]]}},
  {"type":"Feature",
   "properties":{},
   "geometry":
   {"type":"LineString",
    "coordinates":
    [[19.6874046, 43.728624100000005], [19.6876366, 43.7287613]]}},
  {"type":"Feature",
   "properties":{},
   "geometry":
   {"type":"LineString",
    "coordinates":
    [[19.6876366, 43.7287613], [19.6877874, 43.728843100000006],
     [19.687931000000003, 43.728921],
     [19.688076900000002, 43.7290001]]}},
  {"type":"Feature",
   "properties":{},
   "geometry":
   {"type":"LineString",
    "coordinates":
    [[19.688076900000002, 43.7290001],
     [19.688234100000003, 43.7290727]]}},
  {"type":"Feature",
   "properties":{},
   "geometry":
   {"type":"LineString",
    "coordinates":
    [[19.688234100000003, 43.7290727], [19.6886067, 43.7292385],
     [19.6886686, 43.729256], [19.6887545, 43.729265500000004],
     [19.6888393, 43.729259500000005],
     [19.688901100000002, 43.7292451], [19.6889636, 43.7292198],
     [19.6890141, 43.7291885], [19.6891293, 43.7290853]]}},
  {"type":"Feature",
   "properties":{},
   "geometry":
   {"type":"LineString",
    "coordinates":
    [[19.6891293, 43.7290853],
     [19.689405400000002, 43.728853900000004],
     [19.6895417, 43.728739700000006], [19.6895639, 43.7287211]]}},
  {"type":"Feature",
   "properties":{},
   "geometry":
   {"type":"LineString",
    "coordinates":
    [[19.6895639, 43.7287211],
     [19.689660500000002, 43.728617400000005],
     [19.689669900000002, 43.728607000000004],
     [19.6898011, 43.728462400000005], [19.6899254, 43.7283241],
     [19.689956900000002, 43.728290400000006],
     [19.6899742, 43.7282718], [19.6903277, 43.727842],
     [19.690379200000002, 43.72778], [19.6904662, 43.7276746],
     [19.6904775, 43.727659100000004], [19.6905264, 43.7276],
     [19.690544300000003, 43.7275785], [19.6905571, 43.727563],
     [19.6908211, 43.7272443], [19.6908487, 43.727211000000004],
     [19.690899700000003, 43.7271371],
     [19.6909078, 43.727125300000004],
     [19.6909211, 43.727105900000005], [19.6909342, 43.7270869],
     [19.691252900000002, 43.7266241], [19.6912805, 43.7265886],
     [19.6915048, 43.7262999], [19.6917301, 43.7260423],
     [19.691754600000003, 43.726017600000006], [19.6920857, 43.725684],
     [19.6921456, 43.725633300000005], [19.6921952, 43.7255984],
     [19.692248600000003, 43.725561000000006],
     [19.692272900000003, 43.725544], [19.6923387, 43.7255063],
     [19.6925278, 43.7254317], [19.6927929, 43.7253747],
     [19.6930459, 43.725337100000004],
     [19.6932179, 43.725311500000004],
     [19.693613000000003, 43.7252615],
     [19.693810600000003, 43.7252389],
     [19.6938225, 43.725237400000005],
     [19.694051, 43.725209500000005]]}},
  {"type":"Feature",
   "properties":{},
   "geometry":
   {"type":"LineString",
    "coordinates":
    [[19.694051, 43.725209500000005], [19.6940978, 43.725204000000005],
     [19.694131300000002, 43.725200900000004],
     [19.694169600000002, 43.7251982]]}},
  {"type":"Feature",
   "properties":{},
   "geometry":
   {"type":"LineString",
    "coordinates":
    [[19.694169600000002, 43.7251982],
     [19.694210100000003, 43.725176600000005], [19.694482, 43.7251345],
     [19.694665500000003, 43.7251101], [19.6947051, 43.7251278]]}},
  {"type":"Feature",
   "properties":{},
   "geometry":
   {"type":"LineString",
    "coordinates":
    [[19.6947051, 43.7251278], [19.6947887, 43.7251236]]}},
  {"type":"Feature",
   "properties":{},
   "geometry":
   {"type":"LineString",
    "coordinates":
    [[19.6947887, 43.7251236], [19.694962, 43.725098700000004],
     [19.6950717, 43.7250852], [19.6959337, 43.7249792],
     [19.696727600000003, 43.7248816], [19.696773200000003, 43.724876],
     [19.696819400000003, 43.7248703],
     [19.696937600000002, 43.7248558]]}},
  {"type":"Feature",
   "properties":{},
   "geometry":
   {"type":"LineString",
    "coordinates":
    [[19.696937600000002, 43.7248558], [19.697164, 43.724828800000004],
     [19.6973182, 43.7248095],
     [19.697397300000002, 43.724788100000005],
     [19.6974309, 43.7247755]]}},
  {"type":"Feature",
   "properties":{},
   "geometry":
   {"type":"LineString",
    "coordinates":
    [[19.6974309, 43.7247755], [19.6974684, 43.724750900000004],
     [19.6974907, 43.7247235], [19.6975006, 43.7246961],
     [19.69751, 43.7246515], [19.69751, 43.7245943],
     [19.6974872, 43.724530300000005],
     [19.6974456, 43.724461500000004], [19.6973758, 43.7243687]]}},
  {"type":"Feature",
   "properties":{},
   "geometry":
   {"type":"LineString",
    "coordinates":
    [[19.6973758, 43.7243687], [19.697410400000003, 43.724359],
     [19.6974282, 43.724354000000005], [19.6974684, 43.724352],
     [19.697511300000002, 43.7243665], [19.6975596, 43.7243859],
     [19.697612600000003, 43.724417], [19.6976817, 43.7244509],
     [19.697768800000002, 43.724487700000005],
     [19.6978158, 43.724499300000005], [19.6978627, 43.7245003],
     [19.6979083, 43.724493], [19.6979754, 43.7244644],
     [19.698012900000002, 43.7244315],
     [19.6980654, 43.724375800000004],
     [19.698156400000002, 43.7242812], [19.6982107, 43.7242284],
     [19.698254300000002, 43.724189200000005], [19.6984134, 43.724071],
     [19.6985923, 43.7239866], [19.6987841, 43.7239227],
     [19.698935600000002, 43.723862600000004],
     [19.6991099, 43.7237531], [19.6991488, 43.723723],
     [19.6992149, 43.723669900000004],
     [19.699398600000002, 43.723640100000004],
     [19.699641500000002, 43.7236017], [19.699884, 43.723537300000004],
     [19.6999116, 43.723530000000004], [19.700151, 43.7234253],
     [19.700847200000002, 43.7231442], [19.7013257, 43.7229546],
     [19.701387, 43.7228585], [19.7014445, 43.722775000000006],
     [19.7017735, 43.7223655], [19.7020231, 43.7220194],
     [19.702063300000002, 43.7219494],
     [19.7020741, 43.721879300000005], [19.7020598, 43.721812],
     [19.702027100000002, 43.7217447], [19.7019443, 43.7215879],
     [19.7019232, 43.7215268], [19.7019463, 43.7214657],
     [19.702117100000002, 43.7211505], [19.7022246, 43.7209072]]}},
  {"type":"Feature",
   "properties":{},
   "geometry":
   {"type":"LineString",
    "coordinates":
    [[19.7018971, 43.719073300000005], [19.7017391, 43.7201721],
     [19.701764100000002, 43.7203974], [19.701913, 43.720615800000004],
     [19.7022246, 43.7209072]]}},
  {"type":"Feature",
   "properties":{},
   "geometry":
   {"type":"LineString",
    "coordinates":
    [[19.7018971, 43.719073300000005],
     [19.7019291, 43.718884200000005], [19.702035600000002, 43.718716],
     [19.702179, 43.7185805]]}},
  {"type":"Feature",
   "properties":{},
   "geometry":
   {"type":"LineString",
    "coordinates":
    [[19.702179, 43.7185805], [19.7023844, 43.718408200000006]]}},
  {"type":"Feature",
   "properties":{},
   "geometry":
   {"type":"LineString",
    "coordinates":
    [[19.7023844, 43.718408200000006], [19.7026454, 43.7183087]]}},
  {"type":"Feature",
   "properties":{},
   "geometry":
   {"type":"LineString",
    "coordinates":
    [[19.7026454, 43.7183087],
     [19.702892900000002, 43.718239000000004],
     [19.7032427, 43.7181172], [19.7036057, 43.7179091],
     [19.7040396, 43.7175783], [19.7047142, 43.7171164],
     [19.7052665, 43.716703], [19.705909600000002, 43.716204000000005],
     [19.7065421, 43.7156517], [19.7069908, 43.7152961],
     [19.707550700000002, 43.714906600000006],
     [19.708241100000002, 43.714376200000004], [19.7090853, 43.713689],
     [19.7099611, 43.712933400000004],
     [19.710911900000003, 43.712149200000006],
     [19.711545700000002, 43.711671100000004],
     [19.711986900000003, 43.7113688]]}},
  {"type":"Feature",
   "properties":{},
   "geometry":
   {"type":"LineString",
    "coordinates":
    [[19.7135952, 43.7119732], [19.713450400000003, 43.7118886],
     [19.7132852, 43.711797000000004], [19.7131589, 43.7117269],
     [19.7130785, 43.7116504],
     [19.712989200000003, 43.711600600000004],
     [19.712833500000002, 43.711548], [19.71272, 43.7115194],
     [19.712563000000003, 43.7114576],
     [19.7124495, 43.711422600000006], [19.7123117, 43.7114023],
     [19.7121713, 43.711379300000004],
     [19.711986900000003, 43.7113688]]}},
  {"type":"Feature",
   "properties":{},
   "geometry":
   {"type":"LineString",
    "coordinates":
    [[19.7157318, 43.711421900000005], [19.7153876, 43.7115984],
     [19.714919700000003, 43.711779400000005],
     [19.714240200000003, 43.711973300000004],
     [19.7135952, 43.7119732]]}},
  {"type":"Feature",
   "properties":{},
   "geometry":
   {"type":"LineString",
    "coordinates":
    [[19.7160736, 43.7113256], [19.716045, 43.7113285],
     [19.715981000000003, 43.7113443],
     [19.715878800000002, 43.7113778],
     [19.7157318, 43.711421900000005]]}},
  {"type":"Feature",
   "properties":{},
   "geometry":
   {"type":"LineString",
    "coordinates":
    [[19.7230406, 43.7071131], [19.7229993, 43.707118900000005],
     [19.7229677, 43.707124400000005], [19.7228935, 43.7071382],
     [19.7228016, 43.7071519], [19.722611500000003, 43.7071805],
     [19.7223969, 43.707202800000005],
     [19.7221917, 43.707240600000006],
     [19.721982500000003, 43.7073017],
     [19.7216485, 43.707403500000005], [19.7212462, 43.7075412],
     [19.7208787, 43.707646800000006], [19.7205616, 43.7077516],
     [19.720359000000002, 43.7078215],
     [19.720211600000003, 43.7078658], [19.7200144, 43.7079158],
     [19.719771, 43.707979800000004],
     [19.719644300000002, 43.708016400000005],
     [19.719493800000002, 43.7080676], [19.7193814, 43.7081223],
     [19.7192884, 43.7081658], [19.7191958, 43.7082254],
     [19.7191264, 43.708291100000004],
     [19.719040200000002, 43.708361800000006],
     [19.7189309, 43.708464400000004],
     [19.7188699, 43.708519100000004], [19.718764, 43.708623200000005],
     [19.7186871, 43.7086916], [19.7186095, 43.708767900000005],
     [19.718526400000002, 43.7088477],
     [19.718396600000002, 43.708997600000004],
     [19.718223000000002, 43.7092083], [19.717958000000003, 43.709484],
     [19.7177611, 43.709680600000006],
     [19.717609300000003, 43.7098322],
     [19.7174108, 43.710042400000006],
     [19.7169363, 43.710487400000005],
     [19.7167096, 43.710698300000004],
     [19.7163828, 43.710927500000004], [19.7161978, 43.7110943],
     [19.716115600000002, 43.7112106], [19.7160736, 43.7113256]]}},
  {"type":"Feature",
   "properties":{},
   "geometry":
   {"type":"LineString",
    "coordinates":
    [[19.7230406, 43.7071131], [19.723071400000002, 43.7071083],
     [19.7231028, 43.707103000000004], [19.723147, 43.7070968],
     [19.7231992, 43.7070923],
     [19.723264200000003, 43.707083600000004],
     [19.7233501, 43.7070765], [19.7234222, 43.7070719],
     [19.7234875, 43.7070695], [19.7235429, 43.7070731],
     [19.723621, 43.7070841], [19.723736000000002, 43.707104900000004],
     [19.7239051, 43.707136000000006], [19.7241518, 43.7071629],
     [19.724412, 43.7071922], [19.7247767, 43.7072401],
     [19.7250315, 43.707267300000005], [19.7252735, 43.7072755],
     [19.725303500000003, 43.7072742], [19.7253294, 43.7072724]]}},
  {"type":"Feature",
   "properties":{},
   "geometry":
   {"type":"LineString",
    "coordinates":
    [[19.7253294, 43.7072724], [19.72549, 43.707270400000006],
     [19.7256135, 43.7072634], [19.726202100000002, 43.7071631],
     [19.726401900000003, 43.707123700000004],
     [19.7267315, 43.7070736], [19.7270316, 43.707024600000004],
     [19.727319400000003, 43.7069661],
     [19.727546500000003, 43.7069332],
     [19.727690600000003, 43.7069172],
     [19.727863900000003, 43.7069154],
     [19.728079700000002, 43.7069503],
     [19.728227800000003, 43.7069661],
     [19.728452400000002, 43.7069801], [19.7288637, 43.7069923],
     [19.7289366, 43.7069832],
     [19.729039800000002, 43.706949300000005],
     [19.729121000000003, 43.7068853],
     [19.729191500000002, 43.706799600000004],
     [19.7292296, 43.706630000000004]]}},
  {"type":"Feature",
   "properties":{},
   "geometry":
   {"type":"LineString",
    "coordinates":
    [[19.7415883, 43.704182800000005], [19.7411958, 43.7042723],
     [19.7409865, 43.7044185], [19.7408268, 43.704619400000006],
     [19.7406557, 43.704675300000005],
     [19.7405991, 43.704705100000005], [19.7404151, 43.7047181],
     [19.7401775, 43.7047809], [19.738647200000003, 43.7054642],
     [19.738223100000003, 43.7056692], [19.7378961, 43.7057191],
     [19.7376483, 43.705756], [19.737316200000002, 43.705735700000005],
     [19.7370632, 43.705783700000005], [19.7368895, 43.7057985],
     [19.736581700000002, 43.705697400000005],
     [19.7360395, 43.705689400000004],
     [19.735301200000002, 43.7056221],
     [19.735050100000002, 43.7056221],
     [19.7348184, 43.705650000000006], [19.734518, 43.7057275],
     [19.7342777, 43.7057462], [19.7341103, 43.705761900000006],
     [19.733942900000002, 43.705837900000006],
     [19.7337798, 43.705930900000006], [19.7335502, 43.7059804],
     [19.7334022, 43.705981900000005],
     [19.7331425, 43.706009900000005],
     [19.732908700000003, 43.706034700000004], [19.732516, 43.7061262],
     [19.732237, 43.706144800000004], [19.731953800000003, 43.7061464],
     [19.7318122, 43.7061791], [19.7315933, 43.7062487],
     [19.7311899, 43.7063263], [19.7306685, 43.706386800000004],
     [19.7303509, 43.7064256], [19.730104100000002, 43.7064752],
     [19.7299647, 43.7065295], [19.7299282, 43.706605700000004],
     [19.7299046, 43.706680000000006],
     [19.7298411, 43.706722400000004],
     [19.729735100000003, 43.7067343],
     [19.729627800000003, 43.7067205],
     [19.729511900000002, 43.7066755], [19.729351, 43.7066396],
     [19.729290900000002, 43.7066334],
     [19.7292296, 43.706630000000004]]}},
  {"type":"Feature",
   "properties":{},
   "geometry":
   {"type":"LineString",
    "coordinates":
    [[19.7415883, 43.704182800000005],
     [19.741703100000002, 43.7040063], [19.7416722, 43.7037891]]}},
  {"type":"Feature",
   "properties":{},
   "geometry":
   {"type":"LineString",
    "coordinates":
    [[19.7416154, 43.7036268], [19.7416722, 43.7037891]]}},
  {"type":"Feature",
   "properties":{},
   "geometry":
   {"type":"LineString",
    "coordinates":
    [[19.740422600000002, 43.700439700000004],
     [19.740324400000002, 43.7006348],
     [19.740311600000002, 43.7008675],
     [19.740470300000002, 43.7012274],
     [19.740509000000003, 43.7014043], [19.7405733, 43.7017952],
     [19.740878000000002, 43.702632900000005],
     [19.7409982, 43.702909000000005], [19.7411205, 43.7030814],
     [19.741275, 43.703214800000005], [19.7414488, 43.7033744],
     [19.7415528, 43.703508], [19.7416154, 43.7036268]]}},
  {"type":"Feature",
   "properties":{},
   "geometry":
   {"type":"LineString",
    "coordinates":
    [[19.7435946, 43.6985778],
     [19.743309200000002, 43.698747100000006],
     [19.7428092, 43.6989067],
     [19.742126900000002, 43.699164200000006],
     [19.741912300000003, 43.6993224], [19.7415561, 43.6995055],
     [19.7412256, 43.6995893], [19.7410497, 43.6997196],
     [19.740796500000002, 43.7000857],
     [19.7405218, 43.700343200000006],
     [19.740422600000002, 43.700439700000004]]}},
  {"type":"Feature",
   "properties":{},
   "geometry":
   {"type":"LineString",
    "coordinates":
    [[19.7461208, 43.696477900000005], [19.7460193, 43.6965486],
     [19.745957100000002, 43.6966434], [19.7458004, 43.6968899],
     [19.745639500000003, 43.6970499], [19.7453155, 43.697287],
     [19.744744700000002, 43.697628300000005], [19.74447, 43.6978797],
     [19.744272600000002, 43.6981248],
     [19.7440624, 43.698230300000006],
     [19.743903600000003, 43.698292300000006],
     [19.743749100000002, 43.698382300000006],
     [19.7435946, 43.6985778]]}},
  {"type":"Feature",
   "properties":{},
   "geometry":
   {"type":"LineString",
    "coordinates":
    [[19.7462096, 43.696412800000004],
     [19.7461208, 43.696477900000005]]}},
  {"type":"Feature",
   "properties":{},
   "geometry":
   {"type":"LineString",
    "coordinates":
    [[19.7767982, 43.6860881], [19.776725900000002, 43.6862336],
     [19.7763767, 43.686346300000004], [19.7761025, 43.6862888],
     [19.7756419, 43.6862198], [19.7751552, 43.6860262],
     [19.7749779, 43.685872800000006],
     [19.773802800000002, 43.6852795],
     [19.7733092, 43.685196600000005],
     [19.771567400000002, 43.6847616], [19.770734, 43.6844534],
     [19.7700992, 43.684253000000005], [19.7691634, 43.6838263],
     [19.7681919, 43.6830525], [19.767989200000002, 43.6828306],
     [19.7673425, 43.6823327], [19.767032500000003, 43.6820116],
     [19.7670147, 43.6818779], [19.766612300000002, 43.6816107],
     [19.7662845, 43.6814167], [19.765909, 43.6815439],
     [19.7654381, 43.681809], [19.7651997, 43.681893],
     [19.7648838, 43.6818262],
     [19.764722900000002, 43.681684000000004],
     [19.764401000000003, 43.6819749], [19.7641536, 43.6823241],
     [19.763858600000002, 43.682487900000005],
     [19.7636261, 43.6827357], [19.763605300000002, 43.6830331],
     [19.762887000000003, 43.6837918], [19.7624758, 43.6839944],
     [19.7621122, 43.6842271],
     [19.761268100000002, 43.684430000000006],
     [19.761163200000002, 43.6845811],
     [19.7610989, 43.684858600000005], [19.7603836, 43.6850892],
     [19.759897900000002, 43.6852293],
     [19.759307800000002, 43.6855094],
     [19.759126000000002, 43.685757300000006],
     [19.758908400000003, 43.685884400000006],
     [19.7586343, 43.6862422], [19.7582379, 43.687007200000004],
     [19.757761000000002, 43.687418900000004],
     [19.7570845, 43.687783100000004],
     [19.756628600000003, 43.687901600000004], [19.7564855, 43.688158],
     [19.7562381, 43.6887399], [19.7561219, 43.688860600000005],
     [19.7559714, 43.688924500000006],
     [19.755931500000003, 43.6890498],
     [19.7558678, 43.689156000000004],
     [19.755825700000003, 43.6892018],
     [19.7557698, 43.689239900000004],
     [19.7557087, 43.689266200000006], [19.7556449, 43.6892821],
     [19.755401000000003, 43.6893339],
     [19.7553196, 43.689369400000004],
     [19.755256000000003, 43.689414400000004],
     [19.7552097, 43.6894659], [19.7551819, 43.6895177],
     [19.755167800000002, 43.689578600000004],
     [19.7551756, 43.6896542], [19.755233200000003, 43.6898958],
     [19.755272400000003, 43.690016400000005],
     [19.7552874, 43.6901056], [19.755294900000003, 43.6901948],
     [19.755300000000002, 43.690270500000004],
     [19.755311600000002, 43.690333900000006],
     [19.7553339, 43.6903805], [19.7548664, 43.6908546],
     [19.754115300000002, 43.691164900000004],
     [19.7534823, 43.6914286], [19.7529888, 43.691514000000005],
     [19.7528493, 43.691932900000005],
     [19.751937400000003, 43.6921966], [19.7509289, 43.6922975],
     [19.750177800000003, 43.692506900000005],
     [19.749866700000002, 43.6925225],
     [19.749834500000002, 43.6928405], [19.7495234, 43.6931275],
     [19.7490728, 43.693794700000005],
     [19.7485149, 43.694120500000004], [19.7485471, 43.6945859],
     [19.7483754, 43.6952608], [19.7482037, 43.6953539],
     [19.747731700000003, 43.6957728], [19.7469699, 43.6960676],
     [19.7464871, 43.696323500000005],
     [19.7462096, 43.696412800000004]]}},
  {"type":"Feature",
   "properties":{},
   "geometry":
   {"type":"LineString",
    "coordinates":
    [[19.7767982, 43.6860881], [19.776917, 43.685973600000004],
     [19.777018100000003, 43.685869100000005],
     [19.7770964, 43.685793800000006],
     [19.777249100000002, 43.685830100000004],
     [19.7773732, 43.685905000000005], [19.7773389, 43.6860415],
     [19.7773475, 43.6861656], [19.7773217, 43.6862463],
     [19.7771329, 43.6864263],
     [19.777060000000002, 43.686618700000004],
     [19.7771715, 43.686646700000004], [19.7773003, 43.6865753],
     [19.7774205, 43.6864294], [19.777635, 43.686237000000006],
     [19.777914000000003, 43.685939100000006],
     [19.7782401, 43.6858367], [19.7785963, 43.685790100000006],
     [19.7792143, 43.685842900000004], [19.779592, 43.685939100000006],
     [19.7798409, 43.6860632], [19.7800555, 43.686233900000005],
     [19.7802314, 43.6863425], [19.7804889, 43.6863363],
     [19.780639100000002, 43.6863332],
     [19.780682000000002, 43.6864232],
     [19.7806219, 43.686469800000005],
     [19.780493200000002, 43.686497700000004],
     [19.7802657, 43.686497700000004], [19.7798452, 43.6864263],
     [19.7795276, 43.686413900000005],
     [19.7791628, 43.686497700000004],
     [19.778690700000002, 43.686652900000006],
     [19.778463300000002, 43.6868204], [19.7783431, 43.6871091],
     [19.7782924, 43.6872908], [19.778287300000002, 43.6873884],
     [19.7783048, 43.6875179], [19.778374300000003, 43.6876699],
     [19.7789131, 43.688131500000004], [19.7792266, 43.6882523],
     [19.7795871, 43.6882822], [19.7803945, 43.6882697],
     [19.7807335, 43.688378300000004],
     [19.7813172, 43.688831400000005],
     [19.781789200000002, 43.6892658], [19.7821883, 43.6897996],
     [19.7823922, 43.6899937],
     [19.782518800000002, 43.690178100000004],
     [19.782634700000003, 43.690476000000004],
     [19.7827033, 43.690929100000005],
     [19.7828793, 43.691223900000004], [19.7832484, 43.6918724],
     [19.78342, 43.692251000000006], [19.7833986, 43.692548900000006],
     [19.7834329, 43.692753700000004],
     [19.783553100000002, 43.693085700000005],
     [19.783596000000003, 43.693423900000006],
     [19.7835144, 43.693684600000005], [19.7833428, 43.6939949],
     [19.7832312, 43.694190400000004],
     [19.7833127, 43.694370400000004], [19.7838706, 43.694662],
     [19.7845315, 43.6950747], [19.7853812, 43.6955929],
     [19.7858576, 43.6960459], [19.786398300000002, 43.6965641],
     [19.7867366, 43.6968435], [19.7869593, 43.696890700000004],
     [19.78715, 43.696898600000004], [19.787704400000003, 43.696434],
     [19.788040300000002, 43.69606], [19.7882409, 43.695629000000004],
     [19.788038200000003, 43.695165700000004],
     [19.7885046, 43.6952097], [19.7888533, 43.695394400000005],
     [19.7891331, 43.6956671], [19.7894049, 43.6957492],
     [19.7897901, 43.6955791], [19.7902565, 43.695177400000006],
     [19.7906988, 43.6946887], [19.7911293, 43.694319300000004],
     [19.7912523, 43.6942577],
     [19.791460400000002, 43.694281600000004],
     [19.7915503, 43.6944287], [19.7916402, 43.695041],
     [19.7916165, 43.6951812], [19.7916366, 43.695447200000004],
     [19.792050500000002, 43.6960549],
     [19.7922651, 43.696433600000006], [19.7923596, 43.6966164],
     [19.7925614, 43.6967864], [19.793080200000002, 43.6969231],
     [19.7938899, 43.6967476], [19.7942629, 43.6967919],
     [19.7949604, 43.697111400000004], [19.7954304, 43.6974402],
     [19.795665500000002, 43.697600900000005],
     [19.7959593, 43.698092300000006],
     [19.7960998, 43.698373000000004],
     [19.7965707, 43.698389600000006],
     [19.796810500000003, 43.6985856], [19.7971721, 43.6989827],
     [19.797325100000002, 43.6993698], [19.7969665, 43.6995537]]}},
  {"type":"Feature",
   "properties":{},
   "geometry":
   {"type":"LineString",
    "coordinates":
    [[19.7969665, 43.6995537], [19.796966, 43.6994841],
     [19.7969453, 43.699420100000005], [19.7969118, 43.699368],
     [19.7968724, 43.6993347], [19.796811, 43.699300400000006],
     [19.796737200000003, 43.6992819],
     [19.796673300000002, 43.699280200000004],
     [19.796607400000003, 43.6992916],
     [19.796542000000002, 43.6993195], [19.7963293, 43.6994379],
     [19.7962461, 43.699478600000006],
     [19.7961469, 43.699505800000004], [19.796049, 43.699515500000004],
     [19.7959561, 43.699504600000004],
     [19.795881400000003, 43.699479600000004],
     [19.7958144, 43.6994393], [19.795708400000002, 43.6993555],
     [19.7953328, 43.6989919], [19.7951656, 43.698835100000004],
     [19.7950823, 43.6987948],
     [19.794987900000002, 43.698773700000004],
     [19.7948719, 43.698774900000004],
     [19.7947703, 43.698801700000004],
     [19.7946606, 43.698835700000004],
     [19.794484100000002, 43.698902600000004],
     [19.7943754, 43.6989522], [19.7941934, 43.6990606]]}},
  {"type":"Feature",
   "properties":{},
   "geometry":
   {"type":"LineString",
    "coordinates":
    [[19.7941934, 43.6990606], [19.7945396, 43.6990349],
     [19.794645900000003, 43.6990568],
     [19.794679000000002, 43.6991147],
     [19.794607300000003, 43.699277300000006],
     [19.7946384, 43.6994848], [19.7947425, 43.6997482],
     [19.7948087, 43.7000286], [19.7950197, 43.7004303]]}},
  {"type":"Feature",
   "properties":{},
   "geometry":
   {"type":"LineString",
    "coordinates":
    [[19.7950197, 43.7004303], [19.795098300000003, 43.7004509],
     [19.795177000000002, 43.7004843], [19.7952537, 43.7005345],
     [19.7953228, 43.7005941],
     [19.795509900000003, 43.700797300000005], [19.7959, 43.7012632],
     [19.795934600000002, 43.701310500000005], [19.795959, 43.7013602],
     [19.795974700000002, 43.701423600000005],
     [19.7959964, 43.7015515], [19.7960275, 43.7016086],
     [19.7960743, 43.701655], [19.7961364, 43.7016921],
     [19.7962226, 43.70172], [19.796314600000002, 43.7017286],
     [19.7964217, 43.701714200000005],
     [19.796525900000002, 43.701691200000006],
     [19.796602800000002, 43.7016879],
     [19.7966994, 43.701697200000005], [19.7967939, 43.7017223],
     [19.796883400000002, 43.7017648], [19.7969811, 43.7018172],
     [19.797068900000003, 43.7018788],
     [19.7973722, 43.702183600000005], [19.7974384, 43.702232],
     [19.797521800000002, 43.702274800000005], [19.7976107, 43.702305],
     [19.797722200000003, 43.7023256],
     [19.797841100000003, 43.7023293], [19.7979685, 43.7023128],
     [19.798253300000002, 43.7022531], [19.7984402, 43.7022118],
     [19.798526000000003, 43.7021828],
     [19.798613900000003, 43.702148300000005],
     [19.798789600000003, 43.7020709],
     [19.798862800000002, 43.7020573],
     [19.798953100000002, 43.7020501], [19.799045, 43.702052900000005],
     [19.799618300000002, 43.7021139], [19.7997397, 43.7021193],
     [19.799875200000002, 43.7021187], [19.8000079, 43.7021115],
     [19.800172200000002, 43.7021032],
     [19.800794500000002, 43.702100300000005],
     [19.8009078, 43.702095400000005], [19.8010184, 43.7020831],
     [19.8011433, 43.7020599], [19.8012576, 43.7020293]]}},
  {"type":"Feature",
   "properties":{},
   "geometry":
   {"type":"LineString",
    "coordinates":
    [[19.8012576, 43.7020293], [19.8013049, 43.702083300000005],
     [19.8013529, 43.7021175], [19.8014028, 43.7021461],
     [19.8014401, 43.7021802], [19.801465200000003, 43.7022179],
     [19.801479200000003, 43.702267400000004],
     [19.801476400000002, 43.7023122], [19.8013952, 43.7026023],
     [19.801338700000002, 43.702832400000005],
     [19.8013318, 43.702904100000005],
     [19.8013376, 43.702974000000005], [19.801352, 43.703032300000004],
     [19.8013769, 43.703093300000006], [19.8014106, 43.7031507],
     [19.801446600000002, 43.703197700000004],
     [19.801633000000002, 43.7033994]]}},
  {"type":"Feature",
   "properties":{},
   "geometry":
   {"type":"LineString",
    "coordinates":
    [[19.801633000000002, 43.7033994],
     [19.8016216, 43.703408700000004],
     [19.801613800000002, 43.7034217],
     [19.801611100000002, 43.7034383],
     [19.801620800000002, 43.703517000000005],
     [19.801632100000003, 43.7035562], [19.8016493, 43.703588],
     [19.8017803, 43.703792500000006], [19.8018776, 43.703991],
     [19.801923000000002, 43.7040681], [19.8022201, 43.7044407],
     [19.802250400000002, 43.704486800000005],
     [19.8022797, 43.704530500000004],
     [19.8024047, 43.704784700000005],
     [19.8024229, 43.704827300000005],
     [19.802428300000003, 43.7048701],
     [19.8024218, 43.704911900000006], [19.8024045, 43.7049509]]}},
  {"type":"Feature",
   "properties":{},
   "geometry":
   {"type":"LineString",
    "coordinates":
    [[19.8024045, 43.7049509], [19.8023914, 43.7051576],
     [19.802382, 43.705239000000006], [19.8024214, 43.705424900000004],
     [19.802415800000002, 43.7054806],
     [19.8024439, 43.705612200000004],
     [19.802472100000003, 43.705880900000004],
     [19.8024627, 43.706232500000006], [19.8024571, 43.7062637],
     [19.802522800000002, 43.7064577], [19.8026974, 43.7068242],
     [19.802793100000002, 43.706833700000004],
     [19.8028194, 43.7067903],
     [19.802834500000003, 43.706730500000006],
     [19.802781900000003, 43.7066871], [19.8027988, 43.706679],
     [19.802964600000003, 43.706768100000005],
     [19.803164900000002, 43.706833700000004],
     [19.803659800000002, 43.706944500000006],
     [19.8045949, 43.707133000000006],
     [19.805172000000002, 43.707339100000006],
     [19.8054571, 43.707542600000004], [19.8059265, 43.7077035],
     [19.806399300000002, 43.7077085],
     [19.8067886, 43.707623000000005],
     [19.8070668, 43.707527500000005],
     [19.807970700000002, 43.7072586],
     [19.8087042, 43.706886700000005], [19.808878, 43.7068163],
     [19.8091909, 43.706680600000006],
     [19.809385600000002, 43.706617800000004],
     [19.8094903, 43.706536500000006],
     [19.809466200000003, 43.706478700000005],
     [19.809627300000002, 43.7064022], [19.8097174, 43.7061402],
     [19.809848900000002, 43.7058417], [19.8099859, 43.7055607],
     [19.810151100000002, 43.7053748], [19.8104421, 43.7052513],
     [19.8109922, 43.7051183], [19.811166800000002, 43.7050898],
     [19.811593000000002, 43.70514], [19.811854, 43.7051129],
     [19.8123571, 43.704922800000006], [19.8129879, 43.7049079],
     [19.813737, 43.7051291], [19.814172600000003, 43.705313700000005],
     [19.8142953, 43.7053345]]}},
  {"type":"Feature",
   "properties":{},
   "geometry":
   {"type":"LineString",
    "coordinates":
    [[19.8261739, 43.704662400000004], [19.8260861, 43.7046313],
     [19.8257863, 43.7045618], [19.8256589, 43.7045338],
     [19.8255079, 43.7045161],
     [19.825347700000002, 43.704514700000004],
     [19.825197000000003, 43.704529400000006],
     [19.825075000000002, 43.7045535], [19.82497, 43.7045837],
     [19.8244973, 43.7048433], [19.8242581, 43.7049692],
     [19.824006400000002, 43.705069300000005],
     [19.823875100000002, 43.7051184], [19.8237406, 43.7051567],
     [19.823605, 43.705184700000004], [19.8234612, 43.7051989],
     [19.82334, 43.7051978], [19.8232116, 43.705184300000006],
     [19.8230945, 43.705160500000005],
     [19.8230073, 43.705134900000004], [19.8224847, 43.7048992],
     [19.8220485, 43.7046574],
     [19.821755500000002, 43.704502700000006],
     [19.8216782, 43.704448500000005], [19.8216065, 43.7043897],
     [19.821530000000003, 43.7043173],
     [19.8213936, 43.704193000000004],
     [19.821334800000002, 43.7041503], [19.8212631, 43.7041108],
     [19.8211882, 43.7040803], [19.8210945, 43.7040543],
     [19.8209082, 43.7040176], [19.8203785, 43.703933],
     [19.8199738, 43.7038528], [19.8198402, 43.703836200000005],
     [19.8196915, 43.703829000000006],
     [19.8195628, 43.703832000000006], [19.8194433, 43.7038426],
     [19.819129200000003, 43.703884900000006],
     [19.8190347, 43.7038908], [19.8189363, 43.703887800000004],
     [19.818833700000003, 43.7038773],
     [19.818559500000003, 43.703833700000004],
     [19.8184146, 43.7038214], [19.8178856, 43.703815500000005],
     [19.817440400000002, 43.7038133], [19.8173552, 43.7038152],
     [19.817267400000002, 43.7038257], [19.8171769, 43.7038461],
     [19.817091400000002, 43.7038756], [19.8170039, 43.703916],
     [19.8169212, 43.7039649], [19.816837500000002, 43.7040286],
     [19.816760000000002, 43.7040926],
     [19.816526500000002, 43.704332900000004],
     [19.816282100000002, 43.7045655],
     [19.8161844, 43.704646600000004],
     [19.816101200000002, 43.7047065],
     [19.815991800000003, 43.704775100000006],
     [19.8155848, 43.7049886], [19.8152836, 43.7051498],
     [19.8151736, 43.7051966], [19.8150488, 43.705245100000006],
     [19.814901900000002, 43.7052962],
     [19.8145944, 43.705356900000005], [19.8144823, 43.7053643],
     [19.8143785, 43.705356800000004], [19.8142953, 43.7053345]]}},
  {"type":"Feature",
   "properties":{},
   "geometry":
   {"type":"LineString",
    "coordinates":
    [[19.846890600000002, 43.700810700000005],
     [19.8466825, 43.7008474], [19.846291700000002, 43.7009428],
     [19.8456827, 43.701129900000005], [19.8453224, 43.701273],
     [19.8450382, 43.701331700000004],
     [19.8446728, 43.701328000000004], [19.8442921, 43.7013647],
     [19.843804900000002, 43.7015225],
     [19.843424300000002, 43.7017426],
     [19.8431858, 43.701882100000006], [19.8429828, 43.7019408],
     [19.8425717, 43.7019224],
     [19.842099700000002, 43.701764600000004],
     [19.841389200000002, 43.7015115],
     [19.8408005, 43.701346400000006],
     [19.840572100000003, 43.701335400000005],
     [19.8403336, 43.701320700000004], [19.8398921, 43.7013647],
     [19.839511400000003, 43.7013794],
     [19.8391816, 43.701342700000005], [19.8390293, 43.701317],
     [19.838882100000003, 43.701229000000005],
     [19.8387299, 43.701023500000005], [19.8385472, 43.7008584],
     [19.8383137, 43.700715300000006], [19.8380143, 43.7005429],
     [19.8377504, 43.7004328], [19.837476300000002, 43.7004254],
     [19.8372378, 43.7004658],
     [19.836948500000002, 43.700392400000005],
     [19.836730300000003, 43.7003374], [19.836507, 43.7003594],
     [19.836238, 43.700366700000004], [19.8358929, 43.7003301],
     [19.8356849, 43.7003337], [19.8353296, 43.7003998],
     [19.835025100000003, 43.7004731], [19.8345176, 43.7006309],
     [19.8342131, 43.7007447], [19.833954300000002, 43.7008621],
     [19.8336295, 43.701111600000004],
     [19.833538100000002, 43.7013647],
     [19.833517800000003, 43.7016949], [19.8335686, 43.7019664],
     [19.833736000000002, 43.7022563],
     [19.8338071, 43.702505800000004],
     [19.833690400000002, 43.702615800000004],
     [19.833319900000003, 43.7027773], [19.833127, 43.7028617],
     [19.8329443, 43.703056100000005],
     [19.832807300000002, 43.7033056],
     [19.8325891, 43.703599100000005],
     [19.8323861, 43.703907300000004],
     [19.832264300000002, 43.704347600000006],
     [19.8322338, 43.7046374], [19.8321983, 43.704989600000005],
     [19.8321323, 43.705195], [19.831929300000002, 43.7053345],
     [19.8317415, 43.705543600000006],
     [19.831645100000003, 43.7058297],
     [19.8316045, 43.705950800000004], [19.831432, 43.7060242],
     [19.831218800000002, 43.706057200000004],
     [19.831026, 43.706049900000004],
     [19.830823000000002, 43.705859100000005], [19.83062, 43.7055986],
     [19.8302596, 43.7053932], [19.8300972, 43.7053528],
     [19.8298841, 43.7054078],
     [19.829341000000003, 43.705510600000004],
     [19.8289577, 43.7055779], [19.828818300000002, 43.7056023],
     [19.8286255, 43.705752700000005],
     [19.828468100000002, 43.705855400000004],
     [19.8283057, 43.7059251],
     [19.827986000000003, 43.705873800000006],
     [19.827646, 43.705624300000004], [19.8273313, 43.7053785],
     [19.8268999, 43.705110700000006], [19.8265092, 43.7048539],
     [19.8261739, 43.704662400000004]]}},
  {"type":"Feature",
   "properties":{},
   "geometry":
   {"type":"LineString",
    "coordinates":
    [[19.846890600000002, 43.700810700000005],
     [19.8467562, 43.7007587], [19.8465007, 43.7007605],
     [19.8462324, 43.7007661], [19.8458799, 43.7007938],
     [19.8457291, 43.700732800000004],
     [19.8457802, 43.700633100000005],
     [19.846283500000002, 43.700483500000004],
     [19.8469197, 43.700485300000004], [19.847308, 43.7005075],
     [19.8475967, 43.700479800000004], [19.848043800000003, 43.700164],
     [19.848258400000002, 43.6999128],
     [19.8484525, 43.699598800000004],
     [19.848797400000002, 43.6993254], [19.8492241, 43.6991056],
     [19.8498245, 43.699020600000004],
     [19.849944500000003, 43.6989486],
     [19.8499829, 43.698830400000006], [19.8498986, 43.6986475],
     [19.849341600000002, 43.698237500000005],
     [19.8491781, 43.6980288], [19.8489456, 43.697698100000004],
     [19.848741200000003, 43.697129200000006],
     [19.8486467, 43.6967653],
     [19.848639000000002, 43.696251800000006],
     [19.848702900000003, 43.6959415],
     [19.848639000000002, 43.6955388],
     [19.8484653, 43.695165700000004], [19.8483069, 43.6949126],
     [19.8480847, 43.694790700000006],
     [19.847852200000002, 43.6947076],
     [19.8476784, 43.694788900000006], [19.8475149, 43.6949126],
     [19.8474766, 43.6950918], [19.8475533, 43.695356000000004],
     [19.847637600000002, 43.6955887], [19.8475763, 43.6956367],
     [19.8474945, 43.6955961], [19.847308, 43.6950863],
     [19.8470346, 43.694715], [19.846912, 43.694493300000005],
     [19.846866000000002, 43.6943622],
     [19.847004000000002, 43.694151600000005], [19.8471419, 43.693627],
     [19.8472952, 43.6931172], [19.847410200000002, 43.6928733],
     [19.8474766, 43.6927588],
     [19.847568600000002, 43.692744000000005],
     [19.847765300000002, 43.692832700000004],
     [19.8480898, 43.6931523], [19.8483299, 43.693414600000004],
     [19.848455100000002, 43.6935291], [19.848588000000003, 43.69359],
     [19.8486544, 43.693569700000005], [19.8486237, 43.6934644],
     [19.8484398, 43.693126400000004], [19.8483069, 43.6927643],
     [19.8482957, 43.6925496]]}},
  {"type":"Feature",
   "properties":{},
   "geometry":
   {"type":"LineString",
    "coordinates":
    [[19.847774100000002, 43.6914257],
     [19.847787500000003, 43.691480000000006],
     [19.847800900000003, 43.6915246],
     [19.847829400000002, 43.691602100000004],
     [19.847914900000003, 43.6917884],
     [19.847999400000003, 43.6919629],
     [19.848107900000002, 43.6921951], [19.8482354, 43.6924526],
     [19.848270300000003, 43.692511800000005],
     [19.8482957, 43.6925496]]}},
  {"type":"Feature",
   "properties":{},
   "geometry":
   {"type":"LineString",
    "coordinates":
    [[19.847774100000002, 43.6914257],
     [19.847980500000002, 43.691390500000004],
     [19.848415000000003, 43.6914176],
     [19.848586700000002, 43.6914254],
     [19.8487262, 43.690727200000005],
     [19.849094700000002, 43.6904228], [19.8498586, 43.690251],
     [19.8508754, 43.690210400000005], [19.8514707, 43.6902806],
     [19.8518846, 43.6904136], [19.852301, 43.690445000000004],
     [19.8527583, 43.6903231], [19.8533996, 43.690108800000004],
     [19.854025500000002, 43.689815100000004],
     [19.8547204, 43.6893606], [19.855279900000003, 43.6888434],
     [19.8562814, 43.688270700000004], [19.8571449, 43.6880157],
     [19.858118700000002, 43.687944],
     [19.859187900000002, 43.688214300000006],
     [19.859836, 43.688340800000006], [19.8604558, 43.688251900000004],
     [19.8607868, 43.688552400000006]]}},
  {"type":"Feature",
   "properties":{},
   "geometry":
   {"type":"LineString",
    "coordinates":
    [[19.861551300000002, 43.688028300000006],
     [19.8615056, 43.6880462], [19.8610389, 43.688354600000004],
     [19.860894100000003, 43.6884438], [19.8608324, 43.6884923],
     [19.8607868, 43.688552400000006]]}},
  {"type":"Feature",
   "properties":{},
   "geometry":
   {"type":"LineString",
    "coordinates":
    [[19.861551300000002, 43.688028300000006],
     [19.8616266, 43.6879092], [19.8616113, 43.6874753],
     [19.8610747, 43.6871918], [19.8606082, 43.6870477],
     [19.860393600000002, 43.6870477], [19.860168, 43.687101500000004],
     [19.860084800000003, 43.6871601], [19.85996, 43.687269400000005],
     [19.859889900000002, 43.687358100000004],
     [19.859793500000002, 43.6872726], [19.8599162, 43.6870588],
     [19.860054100000003, 43.6869384],
     [19.8602972, 43.686772100000006],
     [19.860684900000003, 43.6867024],
     [19.861166700000002, 43.686708800000005],
     [19.861405400000002, 43.6868228], [19.8617186, 43.6867911],
     [19.862023, 43.6867499], [19.8623975, 43.686742],
     [19.8631312, 43.6869194], [19.8634509, 43.686968500000006],
     [19.8639788, 43.686632800000005],
     [19.864465000000003, 43.6863825],
     [19.8651132, 43.686164000000005],
     [19.865573100000002, 43.686080000000004],
     [19.866346200000002, 43.685894700000006],
     [19.867201400000003, 43.6858116],
     [19.867482900000002, 43.6857696],
     [19.867730400000003, 43.6857965],
     [19.868665500000002, 43.685747500000005],
     [19.8695178, 43.685593700000005],
     [19.869826500000002, 43.6855836],
     [19.8702778, 43.685568800000006]]}},
  {"type":"Feature",
   "properties":{},
   "geometry":
   {"type":"LineString",
    "coordinates":
    [[19.879660400000002, 43.6862519], [19.8794557, 43.6862766],
     [19.878907100000003, 43.686289900000006],
     [19.8788588, 43.686288000000005],
     [19.878815300000003, 43.6862841], [19.878777, 43.686279000000006],
     [19.87856, 43.686235800000006], [19.8779724, 43.686123900000005],
     [19.877649700000003, 43.6860548], [19.8773497, 43.6859934],
     [19.8768345, 43.685887900000004], [19.8765508, 43.6858263],
     [19.8763225, 43.685763900000005], [19.8761674, 43.685707],
     [19.8751147, 43.685300000000005],
     [19.8745936, 43.685088900000004], [19.8742158, 43.6849543],
     [19.8740968, 43.6849293], [19.8739706, 43.684914600000006],
     [19.873831600000003, 43.6849116],
     [19.873704500000002, 43.6849207], [19.8735803, 43.6849411],
     [19.8731726, 43.68504], [19.8730698, 43.685076200000005],
     [19.8729769, 43.685123000000004],
     [19.8728897, 43.685183900000006],
     [19.872611300000003, 43.6854006],
     [19.872506700000002, 43.6854564], [19.872384, 43.685502400000004],
     [19.872265000000002, 43.6855357], [19.8721269, 43.6855646],
     [19.871988400000003, 43.6855836], [19.8718478, 43.6855933],
     [19.871456300000002, 43.685563800000004],
     [19.8710945, 43.6855247], [19.870892700000002, 43.685515],
     [19.870707600000003, 43.685518900000005],
     [19.870501100000002, 43.6855393],
     [19.8702778, 43.685568800000006]]}},
  {"type":"Feature",
   "properties":{},
   "geometry":
   {"type":"LineString",
    "coordinates":
    [[19.879607, 43.680935700000006], [19.8799718, 43.6813352],
     [19.879961400000003, 43.681486], [19.879938300000003, 43.681578],
     [19.8798579, 43.6817535], [19.879727600000002, 43.6819349],
     [19.8795709, 43.6821161], [19.8794656, 43.682210100000006],
     [19.8793651, 43.6822785], [19.8792264, 43.682365100000005],
     [19.8790811, 43.682429000000006],
     [19.878906500000003, 43.682482500000006],
     [19.8787285, 43.682512200000005], [19.8785044, 43.682524],
     [19.8781232, 43.6825197], [19.877886500000002, 43.6825221],
     [19.8777234, 43.682550400000004], [19.8775805, 43.682594],
     [19.877297600000002, 43.682724], [19.876769, 43.682968100000004],
     [19.8766925, 43.683034], [19.8766651, 43.683083800000006],
     [19.876649200000003, 43.6831526], [19.8766524, 43.6832081],
     [19.8766685, 43.6832616], [19.8767159, 43.683350700000005],
     [19.8768931, 43.6835741], [19.877112, 43.683848000000005],
     [19.8772339, 43.6840004], [19.877306, 43.6840543],
     [19.8773807, 43.684096100000005], [19.8774605, 43.6841231],
     [19.8775914, 43.684148400000005], [19.8778046, 43.6841738],
     [19.877915400000003, 43.6841887], [19.8779773, 43.6842017],
     [19.878025700000002, 43.6842206],
     [19.8781009, 43.684265200000006],
     [19.8783567, 43.684546100000006],
     [19.878949600000002, 43.6851526],
     [19.8792973, 43.685505400000004],
     [19.8795694, 43.685808800000004], [19.8796106, 43.6858975],
     [19.879640600000002, 43.6860164],
     [19.879660400000002, 43.6862519]]}},
  {"type":"Feature",
   "properties":{},
   "geometry":
   {"type":"LineString",
    "coordinates":
    [[19.879607, 43.680935700000006],
     [19.879534900000003, 43.679649500000004],
     [19.8800592, 43.679170600000006],
     [19.880462100000003, 43.678715600000004],
     [19.880688300000003, 43.6782127],
     [19.881146400000002, 43.6779931],
     [19.8814303, 43.677827900000004]]}},
  {"type":"Feature",
   "properties":{},
   "geometry":
   {"type":"LineString",
    "coordinates":
    [[19.875849900000002, 43.673877100000006], [19.8760938, 43.673844],
     [19.8764851, 43.673712300000005], [19.8765539, 43.6737004],
     [19.8766114, 43.6736937], [19.8766804, 43.6736896],
     [19.8770282, 43.6736895], [19.8773622, 43.6736948],
     [19.8774661, 43.673699000000006], [19.877572, 43.6737095],
     [19.8776686, 43.6737249], [19.8779147, 43.673786],
     [19.878317000000003, 43.6739198],
     [19.878410900000002, 43.673954800000004],
     [19.878493300000002, 43.673990700000004],
     [19.878553800000002, 43.6740231],
     [19.8786087, 43.674057600000005], [19.878944, 43.6743675],
     [19.8789963, 43.674426700000005],
     [19.879176400000002, 43.6746792],
     [19.879324200000003, 43.6748932], [19.8793852, 43.6749674],
     [19.879543700000003, 43.6751281],
     [19.8797882, 43.675335000000004],
     [19.879868000000002, 43.675387400000005], [19.8799525, 43.675432],
     [19.880245600000002, 43.6755572], [19.8804561, 43.6756614],
     [19.8805577, 43.675720500000004],
     [19.8809851, 43.676214800000004], [19.881105, 43.676371800000005],
     [19.881202000000002, 43.6765185], [19.8813017, 43.6766969],
     [19.8814832, 43.6770902], [19.881501200000002, 43.677154],
     [19.8815092, 43.6772202],
     [19.881508500000002, 43.677268600000005],
     [19.8815001, 43.6773268], [19.8814593, 43.677467500000006],
     [19.881432200000003, 43.6776877],
     [19.8814262, 43.677767700000004],
     [19.8814303, 43.677827900000004]]}},
  {"type":"Feature",
   "properties":{},
   "geometry":
   {"type":"LineString",
    "coordinates":
    [[19.875849900000002, 43.673877100000006],
     [19.875636800000002, 43.673887300000004],
     [19.874979500000002, 43.6741368], [19.8743892, 43.6744112],
     [19.8739804, 43.674588], [19.8738518, 43.6746114],
     [19.8737533, 43.6746258], [19.8736654, 43.674631600000005],
     [19.873589000000003, 43.6746313],
     [19.873188000000003, 43.674594000000006],
     [19.873087400000003, 43.6745901],
     [19.8729976, 43.674595000000004],
     [19.8729057, 43.674608500000005],
     [19.872770600000003, 43.6746345], [19.872608, 43.6746604],
     [19.8723116, 43.6747128], [19.872014200000002, 43.6747633],
     [19.8719301, 43.6747724],
     [19.871822400000003, 43.674777500000005],
     [19.8717517, 43.674776900000005],
     [19.8716541, 43.674770900000006], [19.8715046, 43.6747536],
     [19.8714613, 43.674754300000004]]}},
  {"type":"Feature",
   "properties":{},
   "geometry":
   {"type":"LineString",
    "coordinates":
    [[19.8714613, 43.674754300000004],
     [19.8713146, 43.674531200000004], [19.8712129, 43.6743114],
     [19.871272100000002, 43.674029100000006],
     [19.871195200000003, 43.6733233], [19.8710358, 43.6729639],
     [19.8707318, 43.672431700000004], [19.8708595, 43.6719919],
     [19.8705453, 43.6716076], [19.8703128, 43.671304500000005],
     [19.870075200000002, 43.6710052],
     [19.8699245, 43.670977400000005], [19.869260200000003, 43.670606],
     [19.8689611, 43.6703149]]}},
  {"type":"Feature",
   "properties":{},
   "geometry":
   {"type":"LineString",
    "coordinates":
    [[19.8689611, 43.6703149], [19.869002700000003, 43.6703905],
     [19.869056, 43.670489], [19.869035800000002, 43.6705965],
     [19.8689201, 43.670669200000006],
     [19.868518700000003, 43.670915900000004],
     [19.868305000000003, 43.671004800000006],
     [19.8681108, 43.6710283], [19.8678972, 43.671008],
     [19.86758, 43.670965800000005], [19.8673426, 43.670944000000006],
     [19.8671462, 43.670954900000005],
     [19.8667599, 43.670911200000006],
     [19.866144900000002, 43.670745700000005],
     [19.865728400000002, 43.670599], [19.8655773, 43.6705569],
     [19.865508300000002, 43.6705569],
     [19.8654619, 43.670560800000004],
     [19.865424100000002, 43.670577200000004],
     [19.865400400000002, 43.670624000000004], [19.865327, 43.6708847],
     [19.8652364, 43.6710501], [19.8651522, 43.6711266],
     [19.865011900000002, 43.6711625], [19.8648177, 43.6711516],
     [19.8646235, 43.6711219], [19.8644141, 43.6710392],
     [19.8642307, 43.670915900000004], [19.8640991, 43.6708269],
     [19.8639674, 43.6707832],
     [19.863715000000003, 43.670706700000004],
     [19.8635682, 43.670649000000004], [19.863367500000003, 43.670496],
     [19.863197, 43.6703649], [19.8631409, 43.6703227],
     [19.8630438, 43.670302400000004],
     [19.8629575, 43.670297700000006],
     [19.862856700000002, 43.6702809]]}},
  {"type":"Feature",
   "properties":{},
   "geometry":
   {"type":"LineString",
    "coordinates":
    [[19.862856700000002, 43.6702809],
     [19.8626009, 43.670175400000005], [19.8622891, 43.6700407],
     [19.861912500000003, 43.669883000000006],
     [19.8613399, 43.6696485],
     [19.861182600000003, 43.669618500000006],
     [19.8609674, 43.669423900000005], [19.8607508, 43.6692812],
     [19.860559000000002, 43.6691106],
     [19.860215500000002, 43.6688361], [19.8598706, 43.6686056],
     [19.859525700000003, 43.668405], [19.8591656, 43.668325200000005],
     [19.858602700000002, 43.6682872],
     [19.858310600000003, 43.668291800000006]]}},
  {"type":"Feature",
   "properties":{},
   "geometry":
   {"type":"LineString",
    "coordinates":
    [[19.8569719, 43.6681369], [19.8575526, 43.6682076],
     [19.8577923, 43.6681745], [19.8579545, 43.6681541],
     [19.858113200000002, 43.668159200000005],
     [19.858197800000003, 43.6682051],
     [19.858310600000003, 43.668291800000006]]}},
  {"type":"Feature",
   "properties":{},
   "geometry":
   {"type":"LineString",
    "coordinates":
    [[19.8569719, 43.6681369], [19.8572175, 43.667554900000006],
     [19.857427400000002, 43.667057400000004]]}},
  {"type":"Feature",
   "properties":{},
   "geometry":
   {"type":"LineString",
    "coordinates":
    [[19.8519291, 43.6649023], [19.8522417, 43.6650281],
     [19.8536225, 43.665558000000004], [19.8546847, 43.666206],
     [19.8551943, 43.6667648], [19.8558074, 43.6672194],
     [19.8558655, 43.6672704], [19.8559026, 43.6673647],
     [19.855899, 43.6674744], [19.855922, 43.6675662],
     [19.8559555, 43.667633800000004], [19.856033, 43.667715400000006],
     [19.856158200000003, 43.667769], [19.8562833, 43.6677843],
     [19.856360900000002, 43.6677766],
     [19.856516000000003, 43.6676924], [19.8572543, 43.6670947],
     [19.857341100000003, 43.667057400000004],
     [19.857427400000002, 43.667057400000004]]}},
  {"type":"Feature",
   "properties":{},
   "geometry":
   {"type":"LineString",
    "coordinates":
    [[19.8519291, 43.6649023],
     [19.852288700000003, 43.664935500000006],
     [19.8526096, 43.665014500000005],
     [19.8527083, 43.665038800000005],
     [19.8529498, 43.665093600000006], [19.8532213, 43.6651497],
     [19.8533799, 43.6651637], [19.853662, 43.6651663],
     [19.853833, 43.6651663], [19.8539564, 43.6651675],
     [19.854171400000002, 43.665184100000005],
     [19.8543847, 43.6652326], [19.8544519, 43.665175600000005],
     [19.853694100000002, 43.664615700000006],
     [19.853008600000003, 43.663809300000004],
     [19.8527589, 43.6634243], [19.8527458, 43.662933200000005],
     [19.8527786, 43.662511800000004], [19.8527677, 43.6622725],
     [19.852912200000002, 43.6619572],
     [19.852610000000002, 43.6619699],
     [19.8524479, 43.661985800000004], [19.8519902, 43.6619335],
     [19.851823800000002, 43.6619636]]}},
  {"type":"Feature",
   "properties":{},
   "geometry":
   {"type":"LineString",
    "coordinates":
    [[19.8387578, 43.65771], [19.8387765, 43.657735200000005],
     [19.8388905, 43.6577527], [19.8391185, 43.6578225],
     [19.839357200000002, 43.6578904],
     [19.8394377, 43.657941900000004],
     [19.839553000000002, 43.6580554],
     [19.8394695, 43.658195600000006], [19.839196100000002, 43.658484],
     [19.839196100000002, 43.6586799], [19.839352, 43.6589072],
     [19.839541, 43.6592714], [19.8396866, 43.659568900000004],
     [19.8397812, 43.6596336], [19.8400162, 43.6596077],
     [19.8401491, 43.6596835], [19.8403637, 43.6597464],
     [19.840677900000003, 43.659720500000006],
     [19.8410586, 43.6598203], [19.841296200000002, 43.6598683],
     [19.8414162, 43.6600144], [19.8415567, 43.6600717],
     [19.8417867, 43.660326700000006], [19.841871, 43.6606243],
     [19.8422261, 43.6608553], [19.8423436, 43.660877500000005],
     [19.8423385, 43.6606224], [19.8423947, 43.660262],
     [19.842335900000002, 43.660092000000006],
     [19.8423513, 43.6599718], [19.8426936, 43.659626200000005],
     [19.8429006, 43.659458], [19.843020600000003, 43.659439500000005],
     [19.8431637, 43.6594617],
     [19.843291400000002, 43.659385900000004],
     [19.843368100000003, 43.6592196],
     [19.843552000000003, 43.6591642], [19.8440042, 43.6591438],
     [19.8445581, 43.659158500000004],
     [19.844928900000003, 43.6591175], [19.8454069, 43.6590927],
     [19.845869, 43.659018200000006], [19.846285100000003, 43.6589754],
     [19.846896100000002, 43.6591101], [19.8478225, 43.6595347],
     [19.8482014, 43.659666200000004],
     [19.848637200000002, 43.659850000000006],
     [19.849088400000003, 43.6601701], [19.8492855, 43.6603428],
     [19.8497016, 43.660589900000005],
     [19.849925000000002, 43.660919500000006], [19.850363, 43.661268],
     [19.850481300000002, 43.6614455], [19.850812, 43.661642],
     [19.851440500000002, 43.661863800000006],
     [19.851823800000002, 43.6619636]]}},
  {"type":"Feature",
   "properties":{},
   "geometry":
   {"type":"LineString",
    "coordinates":
    [[19.838688100000002, 43.657593500000004],
     [19.8387578, 43.65771]]}},
  {"type":"Feature",
   "properties":{},
   "geometry":
   {"type":"LineString",
    "coordinates":
    [[19.8384503, 43.6571644], [19.8384359, 43.657183100000005],
     [19.838437900000002, 43.6572297],
     [19.838499000000002, 43.657295700000006],
     [19.838602100000003, 43.657351000000006],
     [19.838570700000002, 43.6573627],
     [19.838443100000003, 43.6573572], [19.8383961, 43.6573961],
     [19.8384387, 43.6574254],
     [19.838500800000002, 43.657438000000006],
     [19.8386251, 43.6574286], [19.838609, 43.6574937],
     [19.8386532, 43.6575499],
     [19.838688100000002, 43.657593500000004]]}},
  {"type":"Feature",
   "properties":{},
   "geometry":
   {"type":"LineString",
    "coordinates":
    [[19.8384943, 43.657138], [19.8384503, 43.6571644]]}},
  {"type":"Feature",
   "properties":{},
   "geometry":
   {"type":"LineString",
    "coordinates":
    [[19.8377439, 43.656038200000005],
     [19.837801600000002, 43.656090600000006],
     [19.837906200000003, 43.6561828],
     [19.837990700000002, 43.6562575],
     [19.837963900000002, 43.656292400000005],
     [19.837931700000002, 43.6563109], [19.8378807, 43.6563497],
     [19.8378841, 43.656424400000006],
     [19.837997400000003, 43.6564739],
     [19.8380195, 43.656530100000005],
     [19.837979800000003, 43.6566204],
     [19.838016800000002, 43.656643900000006], [19.838114, 43.6565637],
     [19.8382101, 43.656524700000006], [19.838283, 43.6565792],
     [19.8382213, 43.656673500000004], [19.8382039, 43.6567097],
     [19.838245500000003, 43.656761100000004],
     [19.8383542, 43.6567688], [19.8384414, 43.6567902],
     [19.838476500000002, 43.656809100000004],
     [19.838476800000002, 43.6568532],
     [19.838449400000002, 43.656899800000005],
     [19.838478900000002, 43.656991000000005],
     [19.8385071, 43.657116200000004], [19.8384943, 43.657138]]}},
  {"type":"Feature",
   "properties":{},
   "geometry":
   {"type":"LineString",
    "coordinates":
    [[19.834206100000003, 43.655173700000006],
     [19.834391200000002, 43.6552668],
     [19.834616500000003, 43.6552882], [19.835, 43.6553503],
     [19.835346, 43.655455100000005], [19.8358972, 43.655541400000004],
     [19.8360461, 43.655572500000005], [19.8363841, 43.6555812],
     [19.836475200000002, 43.6555775],
     [19.8365517, 43.655574400000006],
     [19.836614100000002, 43.655573000000004],
     [19.836659, 43.655574400000006], [19.836942, 43.6555759],
     [19.837156500000003, 43.6556093],
     [19.837247700000002, 43.6556123],
     [19.837471700000002, 43.655622900000004],
     [19.837615200000002, 43.6556336],
     [19.837737200000003, 43.655675300000006],
     [19.8378029, 43.655738400000004],
     [19.8378351, 43.655802400000006], [19.8378137, 43.6558956],
     [19.8377439, 43.656038200000005]]}},
  {"type":"Feature",
   "properties":{},
   "geometry":
   {"type":"LineString",
    "coordinates":
    [[19.8341511, 43.6551465],
     [19.834206100000003, 43.655173700000006]]}},
  {"type":"Feature",
   "properties":{},
   "geometry":
   {"type":"LineString",
    "coordinates":
    [[19.833739100000003, 43.6549771],
     [19.8338295, 43.654971200000006],
     [19.833952800000002, 43.6549769],
     [19.834029100000002, 43.655022300000006],
     [19.834101500000003, 43.6551174], [19.8341511, 43.6551465]]}},
  {"type":"Feature",
   "properties":{},
   "geometry":
   {"type":"LineString",
    "coordinates":
    [[19.833739100000003, 43.6549771], [19.8335651, 43.654935],
     [19.833345100000003, 43.654935],
     [19.833113700000002, 43.655007600000005],
     [19.8330336, 43.655027800000006], [19.832963200000002, 43.655033],
     [19.8328814, 43.655025300000005], [19.8328224, 43.6550099],
     [19.8327625, 43.6549835], [19.832519, 43.654828300000005],
     [19.8319718, 43.6543974], [19.8318243, 43.654318100000005],
     [19.831758100000002, 43.6542929], [19.8316997, 43.6542778],
     [19.8316412, 43.6542684], [19.8314176, 43.654248],
     [19.8313393, 43.6542344], [19.8312746, 43.6542162],
     [19.8312087, 43.6541902], [19.831140400000002, 43.6541531],
     [19.8310733, 43.6541063], [19.8308533, 43.653927800000005],
     [19.830814800000002, 43.6539051], [19.8307621, 43.6538885],
     [19.830705100000003, 43.6538835],
     [19.8306538, 43.653889400000004], [19.8306139, 43.6539015],
     [19.830573700000002, 43.653922900000005],
     [19.8304443, 43.654021900000004], [19.8302619, 43.6541888],
     [19.8300507, 43.654369300000006], [19.830013, 43.6543926],
     [19.8299646, 43.6544096],
     [19.829926200000003, 43.654416000000005],
     [19.8298765, 43.6544131],
     [19.829839500000002, 43.654399000000005],
     [19.829810000000002, 43.6543751], [19.829708, 43.654237300000005],
     [19.829611500000002, 43.654129600000005],
     [19.829423000000002, 43.6539858],
     [19.829348500000002, 43.653934400000004],
     [19.8292657, 43.653887700000006],
     [19.8291796, 43.653848200000006], [19.8290294, 43.6538036]]}},
  {"type":"Feature",
   "properties":{},
   "geometry":
   {"type":"LineString",
    "coordinates":
    [[19.8290294, 43.6538036], [19.8291153, 43.6536697],
     [19.8292091, 43.6535145], [19.829240300000002, 43.653357],
     [19.8292001, 43.653201700000004],
     [19.829060600000002, 43.653060100000005], [19.828838, 43.6529165],
     [19.8286529, 43.6528311], [19.8283713, 43.652800000000006]]}},
  {"type":"Feature",
   "properties":{},
   "geometry":
   {"type":"LineString",
    "coordinates":
    [[19.823430600000002, 43.6498268],
     [19.8237847, 43.649966600000006], [19.8240476, 43.6501995],
     [19.824278200000002, 43.6506148],
     [19.824712700000003, 43.6506769], [19.8254048, 43.6505449],
     [19.825715900000002, 43.6505643], [19.8257803, 43.6508089],
     [19.8257105, 43.650944700000004], [19.825839300000002, 43.651065],
     [19.8263274, 43.6509991], [19.8271106, 43.6511233],
     [19.8278187, 43.651228100000004],
     [19.8281031, 43.651290200000005], [19.8283874, 43.6512552],
     [19.8284957, 43.6513147], [19.8287039, 43.6514959],
     [19.828725300000002, 43.6517598],
     [19.828950600000002, 43.6518413],
     [19.829224200000002, 43.652330400000004],
     [19.828800400000002, 43.6525866],
     [19.8283713, 43.652800000000006]]}},
  {"type":"Feature",
   "properties":{},
   "geometry":
   {"type":"LineString",
    "coordinates":
    [[19.823430600000002, 43.6498268], [19.8227619, 43.6498342],
     [19.8224102, 43.6498234], [19.822040700000002, 43.6497156],
     [19.8214268, 43.649698400000005],
     [19.821164500000002, 43.6497286],
     [19.821096800000003, 43.6495175]]}},
  {"type":"Feature",
   "properties":{},
   "geometry":
   {"type":"LineString",
    "coordinates":
    [[19.821096800000003, 43.6495175], [19.8212215, 43.6494768],
     [19.8222515, 43.649293400000005], [19.822973, 43.649091500000004],
     [19.8231141, 43.6490001]]}},
  {"type":"Feature",
   "properties":{},
   "geometry":
   {"type":"LineString",
    "coordinates":
    [[19.790160500000002, 43.640267800000004],
     [19.7904448, 43.6403377], [19.790718400000003, 43.6404968],
     [19.7908472, 43.6405279], [19.791040300000002, 43.6403648],
     [19.7913997, 43.6403687], [19.791802, 43.640341500000005],
     [19.792478000000003, 43.640562800000005],
     [19.793111, 43.640776300000006], [19.7934676, 43.640908700000004],
     [19.7935294, 43.6409316], [19.7936528, 43.6411413],
     [19.7939049, 43.6412733], [19.7942965, 43.6412616],
     [19.794779300000002, 43.6411413], [19.7955893, 43.6414169],
     [19.796243800000003, 43.641630400000004],
     [19.7965656, 43.641964300000005], [19.7968124, 43.6423214],
     [19.797016300000003, 43.6424534], [19.79744, 43.642368000000005],
     [19.7982662, 43.6422438], [19.7990011, 43.6421079],
     [19.799575100000002, 43.642135100000004],
     [19.8000793, 43.6421817], [19.800513900000002, 43.6419216],
     [19.8010664, 43.6415955],
     [19.801554600000003, 43.641308200000005],
     [19.8025577, 43.6413548], [19.8030244, 43.6412616],
     [19.803963200000002, 43.6412306],
     [19.804730300000003, 43.641048100000006],
     [19.8052882, 43.6406715], [19.8059158, 43.6403765],
     [19.8066293, 43.6404464], [19.8074286, 43.640531800000005],
     [19.8077793, 43.6406207], [19.808394200000002, 43.6408074],
     [19.8091398, 43.6409899], [19.809499300000002, 43.6412538],
     [19.8096441, 43.641548900000004],
     [19.8098479, 43.641661500000005], [19.8099391, 43.6418983],
     [19.8103468, 43.642096300000006], [19.810953, 43.642511600000006],
     [19.8113232, 43.6428571], [19.811736200000002, 43.6430978],
     [19.8124229, 43.643175500000005],
     [19.812868100000003, 43.643357900000005],
     [19.8135011, 43.643086200000006], [19.8139839, 43.6432298],
     [19.8143648, 43.6438664], [19.8146008, 43.6440062],
     [19.8147886, 43.6449805], [19.8156737, 43.645621000000006],
     [19.816499800000003, 43.646032500000004],
     [19.817170400000002, 43.646308100000006],
     [19.817529800000003, 43.6462577],
     [19.8181091, 43.646436200000004], [19.8187475, 43.6462402],
     [19.8194503, 43.6464032],
     [19.820512400000002, 43.646791400000005],
     [19.820552600000003, 43.647338700000006], [19.8205178, 43.647886],
     [19.8209094, 43.6480879], [19.8213385, 43.648406200000004],
     [19.8220305, 43.648619700000005],
     [19.822524100000003, 43.648794300000006],
     [19.8232161, 43.648891400000004], [19.8231141, 43.6490001]]}},
  {"type":"Feature",
   "properties":{},
   "geometry":
   {"type":"LineString",
    "coordinates":
    [[19.7895094, 43.640172], [19.7897636, 43.6401668],
     [19.790160500000002, 43.640267800000004]]}},
  {"type":"Feature",
   "properties":{},
   "geometry":
   {"type":"LineString",
    "coordinates":
    [[19.7853283, 43.6382594], [19.785416, 43.6383225],
     [19.785475100000003, 43.6383541], [19.7856849, 43.6384361],
     [19.7857929, 43.638482200000006],
     [19.785898800000002, 43.6385322], [19.7861704, 43.6386729],
     [19.7863328, 43.638768400000004], [19.7863773, 43.6387895],
     [19.7864369, 43.638811700000005],
     [19.786495000000002, 43.6388277],
     [19.787007300000003, 43.6389287],
     [19.7874076, 43.639006300000005], [19.7878322, 43.6390753],
     [19.787924, 43.6390888], [19.788016900000002, 43.6390979],
     [19.788142500000003, 43.6391034],
     [19.7883524, 43.639100000000006],
     [19.788442200000002, 43.6391098],
     [19.788514600000003, 43.6391292], [19.7885806, 43.639158],
     [19.7886467, 43.6392024], [19.7890203, 43.639574100000004],
     [19.7893446, 43.6398877], [19.7894066, 43.639964000000006],
     [19.7894571, 43.6400451], [19.789489, 43.640113400000004],
     [19.7895094, 43.640172]]}},
  {"type":"Feature",
   "properties":{},
   "geometry":
   {"type":"LineString",
    "coordinates":
    [[19.7851694, 43.6376745], [19.785201, 43.637707600000006],
     [19.7852287, 43.6377461], [19.7852511, 43.6377917],
     [19.785319700000002, 43.637999400000005],
     [19.7853359, 43.6380715], [19.7853415, 43.6381396],
     [19.7853378, 43.6382065], [19.7853283, 43.6382594]]}},
  {"type":"Feature",
   "properties":{},
   "geometry":
   {"type":"LineString",
    "coordinates":
    [[19.7814041, 43.636414900000005],
     [19.7819211, 43.636343100000005],
     [19.782752300000002, 43.636278600000004],
     [19.7836824, 43.636282200000004],
     [19.784577900000002, 43.636239200000006], [19.785132, 43.6363466],
     [19.785196300000003, 43.6368479],
     [19.7851666, 43.637395700000006], [19.7851694, 43.6376745]]}},
  {"type":"Feature",
   "properties":{},
   "geometry":
   {"type":"LineString",
    "coordinates":
    [[19.7797392, 43.636070800000006], [19.7799926, 43.6361426],
     [19.7801341, 43.636176600000006],
     [19.780285000000003, 43.6362091],
     [19.780657100000003, 43.636273200000005],
     [19.7814041, 43.636414900000005]]}},
  {"type":"Feature",
   "properties":{},
   "geometry":
   {"type":"LineString",
    "coordinates":
    [[19.7797392, 43.636070800000006],
     [19.779200000000003, 43.6355231],
     [19.7788587, 43.634986000000005],
     [19.778453000000003, 43.634470400000005],
     [19.7785173, 43.6343271], [19.778363900000002, 43.6339691],
     [19.7781759, 43.6335179], [19.7782452, 43.633181300000004],
     [19.7778148, 43.6328376], [19.777295300000002, 43.6325475],
     [19.777260700000003, 43.632268200000006], [19.777132, 43.6320211],
     [19.777221100000002, 43.631655900000005],
     [19.7766719, 43.6314804], [19.776444400000003, 43.6310579],
     [19.776211800000002, 43.630732], [19.776424600000002, 43.6303667],
     [19.776385, 43.630198400000005],
     [19.776534400000003, 43.629948500000005]]}},
  {"type":"Feature",
   "properties":{},
   "geometry":
   {"type":"LineString",
    "coordinates":
    [[19.776534400000003, 43.629948500000005],
     [19.7766643, 43.629758900000006], [19.7766777, 43.6295434],
     [19.7766053, 43.6292794], [19.7767743, 43.6291085],
     [19.7769674, 43.628994000000006],
     [19.777308100000003, 43.628984300000006],
     [19.7775602, 43.6289377], [19.7779169, 43.628794],
     [19.7784212, 43.628619300000004],
     [19.7785312, 43.628549400000004], [19.7785741, 43.6284737],
     [19.7784346, 43.6283242], [19.7782066, 43.628157200000004],
     [19.7779759, 43.6278543], [19.7779384, 43.6275728],
     [19.777898200000003, 43.627372900000005],
     [19.7775897, 43.627071900000004], [19.7772383, 43.6269477],
     [19.777023800000002, 43.6268778],
     [19.777007700000002, 43.6267652],
     [19.777082800000002, 43.6266545],
     [19.777337600000003, 43.626440900000006],
     [19.777549500000003, 43.6262332], [19.7780832, 43.6261652],
     [19.7786572, 43.626046800000005], [19.7792634, 43.6258915],
     [19.7795102, 43.6258099], [19.7796711, 43.6256798],
     [19.779681800000002, 43.6254721], [19.7795531, 43.6251945],
     [19.779365300000002, 43.624930400000004],
     [19.779123900000002, 43.624709100000004], [19.7789898, 43.624577],
     [19.779016600000002, 43.6244159],
     [19.779150700000002, 43.624311000000006],
     [19.7794887, 43.6241926], [19.7798884, 43.624066400000004],
     [19.7804328, 43.624017900000005], [19.7807359, 43.623981],
     [19.780982700000003, 43.623878100000006],
     [19.7810202, 43.6237324], [19.780894200000002, 43.623449],
     [19.7809478, 43.6232606],
     [19.781406500000003, 43.623122800000004], [19.781495, 43.6229558],
     [19.781385, 43.6226956], [19.7811624, 43.6224976],
     [19.7812026, 43.6222859], [19.7814789, 43.6218413],
     [19.781559400000003, 43.621346100000004],
     [19.7815835, 43.6209889], [19.781436000000003, 43.6208335],
     [19.781090000000003, 43.6206782],
     [19.7809049, 43.620472400000004],
     [19.780805700000002, 43.6200471], [19.7807198, 43.6195132],
     [19.780440900000002, 43.619251000000006],
     [19.78028, 43.618930600000006], [19.7801727, 43.6186297],
     [19.7802505, 43.6183947], [19.780392600000003, 43.6182432],
     [19.780548200000002, 43.6178937], [19.7807628, 43.6176083],
     [19.7806877, 43.617573300000004], [19.7806903, 43.617517],
     [19.781028300000003, 43.6173869],
     [19.781154400000002, 43.617183000000004],
     [19.7813582, 43.6168393], [19.781481600000003, 43.6165849],
     [19.7818222, 43.6164762], [19.7819402, 43.6163558],
     [19.7824096, 43.616169400000004],
     [19.782814600000002, 43.616041200000005],
     [19.7831821, 43.6159965], [19.7832626, 43.615860600000005],
     [19.7832921, 43.615730500000005],
     [19.7834369, 43.615497500000004],
     [19.783450300000002, 43.6151324], [19.7833645, 43.6148217],
     [19.7833055, 43.6144722], [19.7833028, 43.614109000000006],
     [19.783160600000002, 43.6138838],
     [19.7830373, 43.613627400000006], [19.7829541, 43.6134585],
     [19.7828281, 43.613334200000004],
     [19.7828066, 43.613194400000005],
     [19.7829944, 43.613116700000006],
     [19.7832921, 43.613013800000004],
     [19.7833994, 43.612943900000005], [19.7836274, 43.6127516],
     [19.7838312, 43.6126487], [19.7841557, 43.6125283],
     [19.784405200000002, 43.612493300000004],
     [19.784550000000003, 43.612442800000004],
     [19.784496400000002, 43.612355400000006],
     [19.784389100000002, 43.612314700000006],
     [19.784204000000003, 43.6122583], [19.7840873, 43.6121855]]}},
  {"type":"Feature",
   "properties":{},
   "geometry":
   {"type":"LineString",
    "coordinates":
    [[19.7840873, 43.6121855], [19.784076900000002, 43.6121579],
     [19.784076900000002, 43.612112800000006],
     [19.7841184, 43.612072700000006],
     [19.7843123, 43.612005100000005],
     [19.784471500000002, 43.612005100000005],
     [19.7848246, 43.6119975], [19.7850115, 43.611965000000005],
     [19.785818000000003, 43.611907300000006],
     [19.7863684, 43.6118898], [19.7865104, 43.611777000000004],
     [19.7866834, 43.6116868], [19.7868669, 43.611661700000006],
     [19.787223400000002, 43.611654200000004],
     [19.7876769, 43.6116091], [19.7878015, 43.6115439],
     [19.788171900000002, 43.611473700000005],
     [19.7898819, 43.611225600000004],
     [19.790269600000002, 43.611140400000004],
     [19.7905881, 43.6109975], [19.7907577, 43.610957400000004],
     [19.7911419, 43.610959900000005],
     [19.791380800000002, 43.610736900000006],
     [19.7916473, 43.6105815], [19.791855, 43.6105664],
     [19.7924158, 43.6106266], [19.7930908, 43.610574],
     [19.793475, 43.6105339], [19.793862700000002, 43.610468700000006],
     [19.7939492, 43.6104712], [19.7940185, 43.610486200000004],
     [19.794105000000002, 43.6105238]]}},
  {"type":"Feature",
   "properties":{},
   "geometry":
   {"type":"LineString",
    "coordinates":
    [[19.7891876, 43.606758400000004], [19.7892519, 43.6068458],
     [19.7896033, 43.607008900000004],
     [19.789895700000002, 43.607160400000005],
     [19.7903141, 43.607310000000005], [19.790697700000003, 43.607576],
     [19.7908371, 43.6076634], [19.7909042, 43.607869300000004],
     [19.7909927, 43.6080635], [19.7912207, 43.6081859],
     [19.7916525, 43.6082771], [19.7920763, 43.608339300000004],
     [19.7921729, 43.6084461], [19.792392800000002, 43.6086073],
     [19.7926557, 43.6086364],
     [19.792905100000002, 43.608669400000004],
     [19.7932002, 43.608770400000004],
     [19.793449600000002, 43.6089938],
     [19.793433500000003, 43.6092929],
     [19.793406700000002, 43.6095764],
     [19.793481800000002, 43.6097842],
     [19.793814400000002, 43.6100833], [19.7940182, 43.6103552],
     [19.794105000000002, 43.6105238]]}},
  {"type":"Feature",
   "properties":{},
   "geometry":
   {"type":"LineString",
    "coordinates":
    [[19.7891876, 43.606758400000004],
     [19.789211700000003, 43.6065972], [19.7890991, 43.6063428],
     [19.788852300000002, 43.606047600000004],
     [19.788399000000002, 43.605595], [19.7881576, 43.6053561],
     [19.787838400000002, 43.6052746],
     [19.787532600000002, 43.605068700000004],
     [19.7873959, 43.6048958], [19.7872242, 43.6046958],
     [19.7869828, 43.6046433], [19.786717300000003, 43.6046181],
     [19.786596600000003, 43.6044841],
     [19.786642200000003, 43.6043481], [19.7869184, 43.6042335],
     [19.7872832, 43.6040432], [19.7874468, 43.6037654],
     [19.7876078, 43.6033905], [19.7876845, 43.6032178],
     [19.7878577, 43.603073900000005], [19.7881898, 43.6029896],
     [19.7884122, 43.6028613], [19.7884861, 43.6026739]]}},
  {"type":"Feature",
   "properties":{},
   "geometry":
   {"type":"LineString",
    "coordinates":
    [[19.786119900000003, 43.601024300000006],
     [19.7873215, 43.6017457], [19.7877316, 43.6019335],
     [19.7880055, 43.602129500000004], [19.7884861, 43.6026739]]}},
  {"type":"Feature",
   "properties":{},
   "geometry":
   {"type":"LineString",
    "coordinates":
    [[19.782703, 43.5991275], [19.782866300000002, 43.5991768],
     [19.783265500000002, 43.5993457],
     [19.7837092, 43.599489600000005], [19.7844973, 43.5998061],
     [19.7851596, 43.6001898],
     [19.785722500000002, 43.600640600000006],
     [19.786119900000003, 43.601024300000006]]}}]}
