{"type":"FeatureCollection",
 "properties":{},
 "features":
 [{"type":"Feature",
   "properties":{},
   "geometry":
   {"type":"LineString",
    "coordinates":
    [[20.0005522, 43.2732266], [20.0006051, 43.273222000000004],
     [20.0008088, 43.2731786], [20.0009918, 43.273144800000004],
     [20.001011300000002, 43.273141]]}},
  {"type":"Feature",
   "properties":{},
   "geometry":
   {"type":"LineString",
    "coordinates":
    [[20.001011300000002, 43.273141],
     [20.001147500000002, 43.273115100000005]]}},
  {"type":"Feature",
   "properties":{},
   "geometry":
   {"type":"LineString",
    "coordinates":
    [[20.001147500000002, 43.273115100000005],
     [20.0011622, 43.2731124], [20.001389200000002, 43.2730702],
     [20.0018976, 43.272975800000005],
     [20.0020549, 43.272946600000004],
     [20.002131000000002, 43.2729325], [20.0027435, 43.2728188],
     [20.002853400000003, 43.2727984]]}},
  {"type":"Feature",
   "properties":{},
   "geometry":
   {"type":"LineString",
    "coordinates":
    [[20.002853400000003, 43.2727984],
     [20.0029326, 43.272783100000005], [20.0029781, 43.2727743],
     [20.0034774, 43.2726776],
     [20.003730100000002, 43.272628700000006],
     [20.0037588, 43.272623200000005],
     [20.003794900000003, 43.2726162],
     [20.003889400000002, 43.2725979]]}},
  {"type":"Feature",
   "properties":{},
   "geometry":
   {"type":"LineString",
    "coordinates":
    [[20.003889400000002, 43.2725979],
     [20.0040975, 43.272557600000006],
     [20.004271600000003, 43.2725239], [20.004363, 43.2725062],
     [20.0056546, 43.2722562]]}},
  {"type":"Feature",
   "properties":{},
   "geometry":
   {"type":"LineString",
    "coordinates":
    [[20.0056546, 43.2722562], [20.005909000000003, 43.272207],
     [20.0060709, 43.272175700000005]]}},
  {"type":"Feature",
   "properties":{},
   "geometry":
   {"type":"LineString",
    "coordinates":
    [[20.0060709, 43.272175700000005],
     [20.0061545, 43.272160400000004],
     [20.0061863, 43.272154400000005], [20.0064314, 43.2721079]]}},
  {"type":"Feature",
   "properties":{},
   "geometry":
   {"type":"LineString",
    "coordinates":
    [[20.0064314, 43.2721079], [20.0067635, 43.272044900000004],
     [20.007283700000002, 43.2719463],
     [20.0081715, 43.271779800000004]]}},
  {"type":"Feature",
   "properties":{},
   "geometry":
   {"type":"LineString",
    "coordinates":
    [[20.0081715, 43.271779800000004], [20.0085309, 43.271711]]}},
  {"type":"Feature",
   "properties":{},
   "geometry":
   {"type":"LineString",
    "coordinates":
    [[20.0085309, 43.271711], [20.0085711, 43.2717461],
     [20.008614100000003, 43.271791], [20.0086212, 43.271798800000006],
     [20.0086248, 43.2718028], [20.008669, 43.271851600000005],
     [20.0087322, 43.2719328], [20.0090769, 43.2724247],
     [20.009494500000002, 43.2728434],
     [20.0096078, 43.272944200000005], [20.0096843, 43.2730048],
     [20.0098284, 43.2731092], [20.009969, 43.273202500000004],
     [20.010062, 43.2732611], [20.0101273, 43.273301700000005],
     [20.0102039, 43.2733499], [20.0103514, 43.273454],
     [20.0106274, 43.273648900000005],
     [20.0107711, 43.273750400000004], [20.0110314, 43.2739342],
     [20.0110913, 43.273980200000004], [20.0112051, 43.2740676],
     [20.011298800000002, 43.274199], [20.011527400000002, 43.2746202],
     [20.0117459, 43.2750196], [20.0118033, 43.2751238],
     [20.0119553, 43.275380500000004], [20.0120355, 43.2755347],
     [20.0121802, 43.2758418], [20.012312100000003, 43.2761476],
     [20.012333, 43.276196000000006], [20.012369, 43.276261500000004],
     [20.0124287, 43.2763824], [20.0125669, 43.2766626]]}},
  {"type":"Feature",
   "properties":{},
   "geometry":
   {"type":"LineString",
    "coordinates":
    [[20.0125669, 43.2766626], [20.0126154, 43.2766528],
     [20.0152511, 43.2761208]]}},
  {"type":"Feature",
   "properties":{},
   "geometry":
   {"type":"LineString",
    "coordinates":
    [[20.0152511, 43.2761208], [20.015287100000002, 43.2761718],
     [20.015322, 43.276197700000004], [20.0153736, 43.2762204],
     [20.0161045, 43.276417200000004],
     [20.0162607, 43.276439200000006],
     [20.016531200000003, 43.276453100000005],
     [20.0173574, 43.276494400000004],
     [20.0183539, 43.276529100000005],
     [20.0190404, 43.276552200000005],
     [20.019220800000003, 43.2765606],
     [20.0193192, 43.276575400000006],
     [20.019395300000003, 43.2765969],
     [20.019502900000003, 43.2766455], [20.0195602, 43.2766906],
     [20.019604, 43.2767439], [20.0196325, 43.2768062],
     [20.0197559, 43.277444100000004],
     [20.019962200000002, 43.2785561], [20.0200275, 43.2789081],
     [20.0202521, 43.280119000000006],
     [20.0203042, 43.280297700000006],
     [20.020364100000002, 43.280413200000005],
     [20.020423, 43.280495300000005], [20.0205309, 43.280607700000004],
     [20.0207544, 43.2807918], [20.020841400000002, 43.28085],
     [20.0209526, 43.280909300000005],
     [20.021080700000002, 43.2809614]]}},
  {"type":"Feature",
   "properties":{},
   "geometry":
   {"type":"LineString",
    "coordinates":
    [[20.021080700000002, 43.2809614],
     [20.021328800000003, 43.2810398]]}},
  {"type":"Feature",
   "properties":{},
   "geometry":
   {"type":"LineString",
    "coordinates":
    [[20.021328800000003, 43.2810398],
     [20.0219609, 43.281260200000006],
     [20.022457900000003, 43.2814503], [20.022557300000003, 43.281495],
     [20.022670400000003, 43.2815536], [20.0228039, 43.2816193],
     [20.022898, 43.2816646], [20.0236041, 43.2819434],
     [20.023735600000002, 43.282009900000006],
     [20.023863600000002, 43.2820837],
     [20.023968200000002, 43.2821517], [20.0240619, 43.2822193],
     [20.024162500000003, 43.2823002],
     [20.024716100000003, 43.2827904],
     [20.0247692, 43.282831300000005],
     [20.0248375, 43.282873800000004],
     [20.025109200000003, 43.2830097], [20.0252033, 43.2830633],
     [20.025324700000002, 43.283139500000004],
     [20.0257201, 43.2834201], [20.0257976, 43.283469100000005],
     [20.0258791, 43.2835124],
     [20.025969500000002, 43.283552300000004],
     [20.0261035, 43.283598100000006], [20.0268264, 43.2838742],
     [20.0277521, 43.2843183], [20.0278402, 43.2843487],
     [20.02802, 43.2844117], [20.028808400000003, 43.284606700000005],
     [20.0300559, 43.2848575], [20.030565000000003, 43.2849574],
     [20.030817000000003, 43.2849961],
     [20.0311106, 43.285035300000004],
     [20.0320849, 43.285167900000005], [20.032768, 43.2853073],
     [20.032951100000002, 43.285344300000006],
     [20.0331148, 43.2853687], [20.0332869, 43.2853859],
     [20.0343091, 43.285447100000006],
     [20.034495800000002, 43.285447000000005], [20.034655, 43.2854545],
     [20.034825700000003, 43.2854703],
     [20.034966500000003, 43.2854897], [20.0351421, 43.2855221],
     [20.036033800000002, 43.2857264], [20.0361528, 43.2857597],
     [20.0362814, 43.2858023], [20.0364299, 43.2858606],
     [20.0366897, 43.2859652], [20.036870800000003, 43.2860281],
     [20.0370357, 43.286070300000006], [20.0372482, 43.2861057],
     [20.0380317, 43.2862146], [20.038157700000003, 43.2862257],
     [20.0384332, 43.286228400000006],
     [20.0387139, 43.286235100000006], [20.0389628, 43.2862505],
     [20.0410875, 43.2864262], [20.041485100000003, 43.2864549],
     [20.042184900000002, 43.2864457]]}},
  {"type":"Feature",
   "properties":{},
   "geometry":
   {"type":"LineString",
    "coordinates":
    [[20.042184900000002, 43.2864457], [20.0439322, 43.2864367],
     [20.046336, 43.2866864], [20.0477546, 43.2869824],
     [20.048764000000002, 43.2873845],
     [20.048932100000002, 43.2875388]]}},
  {"type":"Feature",
   "properties":{},
   "geometry":
   {"type":"LineString",
    "coordinates":
    [[20.048932100000002, 43.2875388], [20.0490537, 43.2876922]]}},
  {"type":"Feature",
   "properties":{},
   "geometry":
   {"type":"LineString",
    "coordinates":
    [[20.0490537, 43.2876922], [20.0515429, 43.288915200000005],
     [20.0517115, 43.288995], [20.0521695, 43.289006],
     [20.053321800000003, 43.2890261],
     [20.053529700000002, 43.2890219]]}},
  {"type":"Feature",
   "properties":{},
   "geometry":
   {"type":"LineString",
    "coordinates":
    [[20.05525, 43.2930458], [20.055170500000003, 43.2929997],
     [20.055124900000003, 43.2929753], [20.0550572, 43.2929465],
     [20.054922400000002, 43.2929109], [20.0548499, 43.2928774],
     [20.0548013, 43.292844300000006],
     [20.054751600000003, 43.2927951],
     [20.054715700000003, 43.2927369],
     [20.0545684, 43.292422900000005],
     [20.0544879, 43.292089100000005],
     [20.054421700000002, 43.2918261],
     [20.054330200000003, 43.2915149], [20.0542588, 43.2911051],
     [20.054204900000002, 43.290994100000006],
     [20.0539817, 43.2906363], [20.0538311, 43.2903759],
     [20.0537755, 43.290212000000004], [20.053767, 43.290099000000005],
     [20.0538299, 43.2898658], [20.0538013, 43.28972],
     [20.053686600000002, 43.289375],
     [20.053529700000002, 43.2890219]]}},
  {"type":"Feature",
   "properties":{},
   "geometry":
   {"type":"LineString",
    "coordinates":
    [[20.05525, 43.2930458], [20.055179900000002, 43.293083200000005],
     [20.0551572, 43.293101400000005], [20.0551385, 43.2931253],
     [20.0551284, 43.2931491], [20.0551128, 43.2932579],
     [20.055098, 43.293421900000006], [20.055086900000003, 43.2934731],
     [20.0550611, 43.293533800000006],
     [20.055014200000002, 43.293600500000004],
     [20.054769500000003, 43.293864600000006],
     [20.0545921, 43.2940732],
     [20.054512300000003, 43.294140600000006],
     [20.0544201, 43.2942139], [20.0543127, 43.2942939],
     [20.054175100000002, 43.2943822],
     [20.054147200000003, 43.2944048], [20.0541231, 43.2944297]]}},
  {"type":"Feature",
   "properties":{},
   "geometry":
   {"type":"LineString",
    "coordinates":
    [[20.053928000000003, 43.294397000000004],
     [20.0541231, 43.2944297]]}},
  {"type":"Feature",
   "properties":{},
   "geometry":
   {"type":"LineString",
    "coordinates":
    [[20.0583972, 43.3027876], [20.0582564, 43.3025948],
     [20.0580311, 43.302300100000004], [20.0573257, 43.3014851],
     [20.057044, 43.3011728], [20.056441900000003, 43.3004115],
     [20.0559765, 43.2998142],
     [20.055633200000003, 43.299446200000006],
     [20.0550852, 43.2987319], [20.0550281, 43.298651400000004],
     [20.054998, 43.298586400000005], [20.0549775, 43.2985045],
     [20.0549749, 43.2984219],
     [20.054986900000003, 43.298351100000005], [20.0551205, 43.297845],
     [20.0551278, 43.297760600000004],
     [20.055123400000003, 43.297678600000005],
     [20.055105700000002, 43.2975902],
     [20.0550736, 43.297501100000005],
     [20.054913000000003, 43.2971457], [20.0545724, 43.2962931],
     [20.054446300000002, 43.2959739],
     [20.054407400000002, 43.295861300000006],
     [20.054372400000002, 43.2957376],
     [20.054351200000003, 43.2956445],
     [20.0542626, 43.295250100000004], [20.0541573, 43.2948778],
     [20.054098200000002, 43.294687200000006],
     [20.0540774, 43.294632400000005],
     [20.0540509, 43.294580800000006], [20.0540208, 43.2945342],
     [20.053937700000002, 43.294433600000005],
     [20.0539293, 43.2944131],
     [20.053928000000003, 43.294397000000004]]}},
  {"type":"Feature",
   "properties":{},
   "geometry":
   {"type":"LineString",
    "coordinates":
    [[20.070812500000002, 43.3150592],
     [20.070748100000003, 43.314995700000004],
     [20.0705952, 43.3148709], [20.0704484, 43.314759200000005],
     [20.0703102, 43.3146694], [20.0699931, 43.3144967],
     [20.0698717, 43.314418100000005], [20.06969, 43.3142864],
     [20.0695398, 43.314185900000005],
     [20.069403400000002, 43.3141034], [20.0693275, 43.314055],
     [20.0692755, 43.314013800000005], [20.0692166, 43.3139558],
     [20.0690259, 43.3137352], [20.0689464, 43.3136619],
     [20.068858600000002, 43.3136054], [20.0687703, 43.3135647],
     [20.0686687, 43.3135327], [20.0685326, 43.3135004],
     [20.0683911, 43.3134614], [20.0682952, 43.313435500000004],
     [20.067949000000002, 43.313295200000006],
     [20.0678313, 43.3132517], [20.0677148, 43.313217200000004],
     [20.067612500000003, 43.3131933], [20.067384, 43.313165100000006],
     [20.0672642, 43.313139500000005], [20.0671603, 43.3131062],
     [20.067066800000003, 43.3130656],
     [20.066982300000003, 43.3130232], [20.0666242, 43.312832],
     [20.0662628, 43.3126012], [20.0661819, 43.312541],
     [20.066100900000002, 43.3124721], [20.0660227, 43.3123948],
     [20.0657813, 43.3121255], [20.0654326, 43.311763400000004],
     [20.0653453, 43.311684], [20.065253000000002, 43.311614000000006],
     [20.0651674, 43.3115607], [20.065075, 43.311513000000005],
     [20.064980300000002, 43.311472800000004], [20.0648687, 43.311435],
     [20.0646455, 43.3113685], [20.064542600000003, 43.3113292],
     [20.064464400000002, 43.3112866], [20.0644008, 43.3112403],
     [20.064030300000002, 43.3109277], [20.0639852, 43.3108948],
     [20.0639335, 43.3108705], [20.06388, 43.3108554],
     [20.063819900000002, 43.3108506], [20.0637548, 43.3108584],
     [20.0636993, 43.310877100000006],
     [20.0636483, 43.310900700000005], [20.0635981, 43.3109326],
     [20.0635605, 43.3109647], [20.0632832, 43.3112031],
     [20.0632345, 43.3112379],
     [20.063184800000002, 43.311264300000005],
     [20.0631176, 43.3112894], [20.063051, 43.3113049],
     [20.0629794, 43.3113137],
     [20.062906400000003, 43.311317900000006],
     [20.0628327, 43.311317300000006],
     [20.062753700000002, 43.3113115],
     [20.062686300000003, 43.311302000000005],
     [20.061891600000003, 43.311143200000004],
     [20.061818600000002, 43.3111249],
     [20.0617343, 43.311094100000005],
     [20.0616697, 43.311061900000006],
     [20.061612500000003, 43.3110252], [20.0615682, 43.3109898],
     [20.0615206, 43.3109416], [20.0614792, 43.3108851],
     [20.0614452, 43.310815700000006], [20.0612578, 43.3103641],
     [20.0611921, 43.3101992], [20.0610895, 43.3100503],
     [20.0608219, 43.3096629], [20.0606456, 43.3094282],
     [20.0604182, 43.3091413], [20.0599931, 43.308623100000005],
     [20.0599086, 43.308531900000006],
     [20.059812100000002, 43.308418200000006],
     [20.0597396, 43.308324000000006], [20.0596746, 43.3082245],
     [20.0596296, 43.308171300000005],
     [20.059566500000003, 43.3081128],
     [20.059498400000003, 43.308063000000004],
     [20.059414200000003, 43.3080149],
     [20.0591927, 43.307901900000005],
     [20.059125700000003, 43.307852100000005], [20.0590866, 43.307799],
     [20.0590689, 43.3077473], [20.0590687, 43.3076901],
     [20.059089200000003, 43.3076323], [20.0593429, 43.3071299],
     [20.0593779, 43.307050600000004], [20.0594088, 43.3069554],
     [20.059428, 43.3068618], [20.0594362, 43.3067743],
     [20.0594344, 43.3066753], [20.059396, 43.306331300000004],
     [20.0593715, 43.306232800000004],
     [20.0593369, 43.306141200000006],
     [20.0592969, 43.306061500000006],
     [20.059244500000002, 43.3059785], [20.0591435, 43.3058423],
     [20.0590255, 43.3056715], [20.0588158, 43.305378700000006],
     [20.0587978, 43.3053455],
     [20.058794900000002, 43.305303800000004],
     [20.0588121, 43.3052653], [20.0588477, 43.3052331],
     [20.0588942, 43.305213], [20.0593708, 43.305132300000004],
     [20.059973300000003, 43.3050603],
     [20.060015200000002, 43.305050400000006],
     [20.0600498, 43.3050316], [20.060074, 43.3050067],
     [20.0600866, 43.304976200000006], [20.0600856, 43.304946],
     [20.0599737, 43.304769300000004],
     [20.059349400000002, 43.303980700000004],
     [20.0591066, 43.3036869], [20.0589625, 43.3035342],
     [20.0588331, 43.3034005], [20.0587063, 43.303258],
     [20.058599, 43.303115000000005], [20.0583972, 43.3027876]]}},
  {"type":"Feature",
   "properties":{},
   "geometry":
   {"type":"LineString",
    "coordinates":
    [[20.078936300000002, 43.3287702],
     [20.0788771, 43.328701300000006],
     [20.0787966, 43.328475000000005],
     [20.078711000000002, 43.328216100000006],
     [20.0787218, 43.3279312], [20.0788076, 43.3275566],
     [20.0788288, 43.327382400000005], [20.0789951, 43.3271638],
     [20.0791238, 43.326886800000004], [20.0792687, 43.3266214],
     [20.0793706, 43.3261921], [20.0795423, 43.3258214],
     [20.079671, 43.3252204], [20.07973, 43.3249785],
     [20.079649800000002, 43.324770300000004],
     [20.0794406, 43.324540000000006],
     [20.0792365, 43.323948200000004], [20.0789417, 43.3234161],
     [20.078786100000002, 43.3232366],
     [20.0785555, 43.322616100000005],
     [20.078387300000003, 43.322295800000006],
     [20.078382, 43.322251200000004], [20.078313100000003, 43.3218929],
     [20.0783068, 43.3217003], [20.0783387, 43.321482200000005],
     [20.078313100000003, 43.3212339],
     [20.078227000000002, 43.320851000000005],
     [20.0780771, 43.3205655], [20.0779718, 43.3202987],
     [20.077876200000002, 43.320140900000006],
     [20.0777645, 43.3199831], [20.0777007, 43.319862400000005],
     [20.0776593, 43.3196907], [20.0775955, 43.319512],
     [20.0774753, 43.319056100000005], [20.077363400000003, 43.318769],
     [20.077149000000002, 43.3184227], [20.0769708, 43.3182406],
     [20.0768759, 43.318130200000006],
     [20.076718500000002, 43.3178873], [20.076563, 43.317560300000004],
     [20.0764113, 43.3171794], [20.076324, 43.3168896],
     [20.0762083, 43.3166261], [20.0761283, 43.316507400000006],
     [20.0760262, 43.3164011],
     [20.075893500000003, 43.316311400000004],
     [20.075696200000003, 43.3162576], [20.0755199, 43.316248],
     [20.075293600000002, 43.3162795], [20.074843, 43.3164043],
     [20.0742851, 43.3164746], [20.0735502, 43.3164668],
     [20.0731514, 43.316449000000006], [20.0728876, 43.3164047],
     [20.072653000000003, 43.3163424], [20.072427400000002, 43.316257],
     [20.072284, 43.3162043], [20.0722008, 43.3161823],
     [20.0720624, 43.316047700000006],
     [20.071989300000002, 43.3159457],
     [20.071941300000002, 43.3158891],
     [20.0718767, 43.315830000000005],
     [20.0718202, 43.315788700000006],
     [20.071711800000003, 43.315722300000004],
     [20.0713456, 43.315522800000004],
     [20.071167900000003, 43.3154046],
     [20.0710787, 43.315336800000004],
     [20.071008900000002, 43.3152739],
     [20.070812500000002, 43.3150592]]}},
  {"type":"Feature",
   "properties":{},
   "geometry":
   {"type":"LineString",
    "coordinates":
    [[20.078936300000002, 43.3287702],
     [20.0791617, 43.328391700000005],
     [20.0793387, 43.328169300000006], [20.0796442, 43.3279872],
     [20.0798859, 43.327907800000006], [20.0800519, 43.3278702],
     [20.0803577, 43.3279287], [20.080787100000002, 43.3279117],
     [20.081012100000002, 43.327944300000006],
     [20.081435900000002, 43.3279482],
     [20.081784600000002, 43.3279131],
     [20.082090400000002, 43.327842800000006],
     [20.082524900000003, 43.327608700000006],
     [20.0829382, 43.3274629], [20.083469, 43.3273316],
     [20.0838338, 43.327319900000006],
     [20.0842147, 43.327347200000006],
     [20.084686700000002, 43.3273394],
     [20.0851054, 43.327420000000004], [20.085556, 43.3274473],
     [20.0858564, 43.327533200000005],
     [20.0860603, 43.327654200000005],
     [20.086296100000002, 43.327858400000004],
     [20.0865267, 43.3281745], [20.0867255, 43.3283995],
     [20.086870100000002, 43.3284906], [20.087267, 43.328635000000006],
     [20.0879698, 43.3289589], [20.0882919, 43.3291253],
     [20.0885816, 43.329261900000006], [20.0888817, 43.3294389],
     [20.089123400000002, 43.329644300000005],
     [20.0894774, 43.3299292], [20.089638400000002, 43.3300774],
     [20.0897671, 43.330147700000005],
     [20.089831500000003, 43.3301481], [20.08996, 43.330149000000006],
     [20.0902765, 43.3300671], [20.090652000000002, 43.3299305],
     [20.090995600000003, 43.329819900000004],
     [20.091102600000003, 43.3298174], [20.091194, 43.329886200000004],
     [20.0912367, 43.330035900000006],
     [20.0912367, 43.330379300000004],
     [20.091253100000003, 43.3305379],
     [20.091167000000002, 43.3306641], [20.0911562, 43.330789],
     [20.0912155, 43.3308618], [20.0913228, 43.3308813],
     [20.091633700000003, 43.33091], [20.0918861, 43.3310061],
     [20.0920792, 43.3310881], [20.0925027, 43.331323600000005],
     [20.0928946, 43.331493900000005],
     [20.093141300000003, 43.3315719],
     [20.093404200000002, 43.3316578],
     [20.093736500000002, 43.3317216], [20.0938921, 43.3317021],
     [20.0940747, 43.331634400000006],
     [20.0942088, 43.331568000000004], [20.094337300000003, 43.331546],
     [20.094460700000003, 43.331604500000005],
     [20.0946699, 43.3317099], [20.0947721, 43.331767],
     [20.0950242, 43.3319192], [20.0953729, 43.332129900000005],
     [20.0958289, 43.3324148], [20.0961776, 43.3325982],
     [20.0964297, 43.332746500000006],
     [20.096655000000002, 43.3329103],
     [20.0969018, 43.333109300000004],
     [20.097105600000003, 43.3331445],
     [20.097271900000003, 43.3332381],
     [20.0975238, 43.333379900000004],
     [20.098017600000002, 43.3334527], [20.0984628, 43.3334605],
     [20.098892000000003, 43.333495600000006],
     [20.0993265, 43.333530700000004], [20.0997235, 43.3336166],
     [20.0999971, 43.3335893], [20.1003726, 43.333503400000005],
     [20.1006408, 43.333495600000006], [20.100860700000002, 43.333519],
     [20.1012148, 43.3335698],
     [20.101461500000003, 43.333577600000005],
     [20.1016225, 43.3336361],
     [20.101815600000002, 43.333737500000005],
     [20.101981900000002, 43.3337961], [20.1024108, 43.3338052],
     [20.102872400000003, 43.333811700000005],
     [20.1031672, 43.333848200000006],
     [20.103628500000003, 43.3338989], [20.1039184, 43.3339756],
     [20.1041437, 43.3340692],
     [20.104449300000002, 43.334175900000005],
     [20.104626500000002, 43.3342721], [20.1046902, 43.3342795],
     [20.1047607, 43.334287700000004],
     [20.104959100000002, 43.3342955], [20.1050447, 43.334211],
     [20.1052754, 43.3342266], [20.1055007, 43.3342462],
     [20.105914000000002, 43.3342487],
     [20.106171200000002, 43.334257900000004],
     [20.106488000000002, 43.334326700000005],
     [20.1068152, 43.334334500000004],
     [20.107045600000003, 43.334343700000005],
     [20.107276300000002, 43.3343554],
     [20.107427400000002, 43.3343104], [20.1075763, 43.3343086],
     [20.1076827, 43.3343341]]}},
  {"type":"Feature",
   "properties":{},
   "geometry":
   {"type":"LineString",
    "coordinates":
    [[20.1076827, 43.3343341], [20.108001, 43.334101000000004],
     [20.1081368, 43.3340205], [20.1083092, 43.3338952],
     [20.1085159, 43.3338419], [20.108792, 43.3338319],
     [20.1092516, 43.333755800000006],
     [20.109847600000002, 43.333583700000005],
     [20.1102533, 43.3334945], [20.110551400000002, 43.3333406],
     [20.1111495, 43.333029200000006],
     [20.111868400000002, 43.3327639],
     [20.1127267, 43.332709200000004],
     [20.113366600000003, 43.332787700000004],
     [20.114106900000003, 43.333021800000004],
     [20.1148901, 43.3330764], [20.1154411, 43.3327405],
     [20.1162886, 43.3322176], [20.1175509, 43.3318668],
     [20.1182161, 43.3317263], [20.1187954, 43.3315156],
     [20.1189816, 43.331335700000004], [20.1189387, 43.3308831],
     [20.1190567, 43.330578700000004],
     [20.119700400000003, 43.329907600000006],
     [20.120762600000003, 43.329142700000006],
     [20.121464900000003, 43.3286894], [20.1219214, 43.3284132],
     [20.1221907, 43.328280500000005],
     [20.1227175, 43.328344900000005],
     [20.123167600000002, 43.328361300000005],
     [20.123634000000003, 43.3281994],
     [20.123974, 43.328151500000004]]}},
  {"type":"Feature",
   "properties":{},
   "geometry":
   {"type":"LineString",
    "coordinates":
    [[20.123974, 43.328151500000004],
     [20.1247408, 43.327519200000005]]}},
  {"type":"Feature",
   "properties":{},
   "geometry":
   {"type":"LineString",
    "coordinates":
    [[20.1247408, 43.327519200000005], [20.1249253, 43.3273243],
     [20.125708500000002, 43.327160400000004],
     [20.126573800000003, 43.3271686],
     [20.127403700000002, 43.326965300000005],
     [20.1290452, 43.3264736], [20.1297818, 43.3261149],
     [20.1300083, 43.326013], [20.130016700000002, 43.325971800000005],
     [20.1304614, 43.3257009], [20.1309228, 43.325146700000005],
     [20.1310585, 43.3244915], [20.1311481, 43.3237809],
     [20.131144300000003, 43.3234456], [20.1314984, 43.3229227],
     [20.131984900000003, 43.322368100000006],
     [20.1327751, 43.321884600000004], [20.1335154, 43.3213616],
     [20.1338303, 43.3209554],
     [20.133680100000003, 43.320658800000004],
     [20.1338517, 43.3202216], [20.1341806, 43.3199644],
     [20.1347208, 43.3197689],
     [20.135493200000003, 43.319495700000004],
     [20.1359937, 43.3190122], [20.136673400000003, 43.3186995],
     [20.1375709, 43.3184814],
     [20.138407700000002, 43.318333100000004],
     [20.1390622, 43.3181613], [20.139430700000002, 43.3179814],
     [20.1401243, 43.317935000000006],
     [20.1406753, 43.317958000000004],
     [20.1411044, 43.317856500000005],
     [20.141340500000002, 43.317559900000006],
     [20.1417696, 43.3170993], [20.142431000000002, 43.3162801],
     [20.143203500000002, 43.315772700000004],
     [20.143561300000002, 43.315444500000005],
     [20.1438296, 43.3145858], [20.1439154, 43.313711500000004],
     [20.1439798, 43.3133289], [20.1443124, 43.313016700000006],
     [20.1445124, 43.3126267],
     [20.144641200000002, 43.312119300000006],
     [20.1452527, 43.312275500000005],
     [20.1456819, 43.312525300000004],
     [20.146039700000003, 43.3127669], [20.1465938, 43.3129312],
     [20.147377000000002, 43.312939], [20.1479886, 43.312806300000005],
     [20.1493511, 43.3124004], [20.1503312, 43.3121189],
     [20.151614900000002, 43.3121584], [20.1528166, 43.3123926],
     [20.1536894, 43.3125717], [20.154697900000002, 43.3126966]]}},
  {"type":"Feature",
   "properties":{},
   "geometry":
   {"type":"LineString",
    "coordinates":
    [[20.154697900000002, 43.3126966], [20.1549768, 43.3127591],
     [20.1558673, 43.3130479], [20.156442900000002, 43.3133137],
     [20.157258300000002, 43.313391800000005],
     [20.1589427, 43.3135167], [20.1601444, 43.3136572],
     [20.160949000000002, 43.314016300000006]]}},
  {"type":"Feature",
   "properties":{},
   "geometry":
   {"type":"LineString",
    "coordinates":
    [[20.164237200000002, 43.314961200000006],
     [20.163496300000002, 43.3148544], [20.1617944, 43.3143934],
     [20.160949000000002, 43.314016300000006]]}},
  {"type":"Feature",
   "properties":{},
   "geometry":
   {"type":"LineString",
    "coordinates":
    [[20.164237200000002, 43.314961200000006],
     [20.1643431, 43.3146538], [20.1643914, 43.314525],
     [20.164503, 43.3143532], [20.1646202, 43.314183400000005],
     [20.164742800000003, 43.314015600000005],
     [20.1649329, 43.3137726],
     [20.165134400000003, 43.313534600000004],
     [20.1651858, 43.313470300000006], [20.1652306, 43.3134035],
     [20.1652685, 43.3133345], [20.1652913, 43.3132837],
     [20.165310400000003, 43.3132322],
     [20.1653463, 43.313128600000006], [20.165378, 43.3130164],
     [20.1654026, 43.3129032], [20.1654091, 43.3128575],
     [20.1654267, 43.3128134], [20.165451400000002, 43.3127766],
     [20.1654839, 43.312743100000006],
     [20.1655233, 43.312713900000006],
     [20.165560000000003, 43.312687100000005],
     [20.1655903, 43.3126563],
     [20.165610700000002, 43.312627600000006],
     [20.1656255, 43.312597200000006], [20.1656346, 43.3125656],
     [20.1656309, 43.312532700000006], [20.1656386, 43.3125002],
     [20.165652100000003, 43.312476800000006],
     [20.1656716, 43.3124557], [20.1656963, 43.312437700000004],
     [20.1657353, 43.312398800000004], [20.1657701, 43.3123577],
     [20.165801400000003, 43.312313200000006],
     [20.1658277, 43.312267000000006], [20.1658653, 43.3121518],
     [20.1658961, 43.3120406], [20.1663253, 43.3113029],
     [20.166404, 43.3111766], [20.1664764, 43.311048400000004],
     [20.166542500000002, 43.310918400000006],
     [20.1666022, 43.3107867], [20.1666555, 43.3106536],
     [20.166702100000002, 43.3105192],
     [20.166718200000002, 43.310463600000006], [20.166733, 43.3103904],
     [20.1667504, 43.3102743], [20.1668597, 43.3099313],
     [20.1668737, 43.3098759], [20.1668832, 43.30982],
     [20.166888500000002, 43.309740500000004],
     [20.166885500000003, 43.3097122], [20.1668872, 43.3096839],
     [20.1668993, 43.309641], [20.1669677, 43.3095336],
     [20.1670334, 43.3094058], [20.167241200000003, 43.3087588],
     [20.1672553, 43.3087038], [20.1672769, 43.3086502],
     [20.167305900000002, 43.3085984], [20.167341800000003, 43.308549],
     [20.1673902, 43.308497], [20.1674463, 43.3084493],
     [20.1675095, 43.308406500000004],
     [20.168218900000003, 43.3080415],
     [20.1683036, 43.307999300000006],
     [20.168383900000002, 43.3079527],
     [20.168456000000003, 43.3079042], [20.1685233, 43.3078522],
     [20.168674900000003, 43.3077029],
     [20.1687929, 43.307576000000005], [20.168941800000002, 43.307453],
     [20.1690973, 43.3073223], [20.1691822, 43.3072676],
     [20.1692614, 43.3072086], [20.1693347, 43.307145600000005],
     [20.169399900000002, 43.3070809],
     [20.1694587, 43.307013000000005], [20.1695916, 43.3068851],
     [20.169733, 43.3067621], [20.1698531, 43.3066667],
     [20.1699783, 43.306575], [20.1701085, 43.3064869],
     [20.1703808, 43.306288800000004], [20.1706033, 43.3061664],
     [20.1708287, 43.306046800000004],
     [20.171137400000003, 43.305889900000004], [20.171451, 43.3057384],
     [20.171824, 43.3055645], [20.1721939, 43.305387],
     [20.1725928, 43.30519], [20.172987900000003, 43.304988900000005],
     [20.173535, 43.3047507], [20.1737329, 43.3046542],
     [20.173925200000003, 43.304552], [20.1741117, 43.3044443],
     [20.1742665, 43.3043478], [20.1744133, 43.3042449],
     [20.1745516, 43.304135900000006], [20.1746573, 43.3040431],
     [20.1747568, 43.3039469], [20.174850000000003, 43.3038472],
     [20.1749365, 43.3037445], [20.175035700000002, 43.3036313],
     [20.1750733, 43.3035593], [20.1751019, 43.3034851],
     [20.175121400000002, 43.303409300000006],
     [20.1751316, 43.303332700000006],
     [20.1751326, 43.303257800000004],
     [20.175124800000003, 43.303183100000005],
     [20.1751082, 43.3031092], [20.1750878, 43.3030211],
     [20.1750639, 43.3029335], [20.1750143, 43.3027832],
     [20.1750048, 43.302733800000006],
     [20.1749896, 43.302685200000006], [20.1749687, 43.3026378],
     [20.1749291, 43.3025723], [20.174878800000002, 43.3025109],
     [20.1748051, 43.3024435], [20.1747528, 43.3023596]]}},
  {"type":"Feature",
   "properties":{},
   "geometry":
   {"type":"LineString",
    "coordinates":
    [[20.1747528, 43.3023596], [20.1746683, 43.302192700000006],
     [20.1746482, 43.3021529], [20.1746374, 43.302111200000006],
     [20.1746361, 43.3020688], [20.174645400000003, 43.3020234],
     [20.1746656, 43.30198], [20.1747595, 43.3018365],
     [20.174798600000003, 43.3017972],
     [20.174829600000002, 43.301754300000006],
     [20.174852, 43.301708600000005], [20.174866100000003, 43.3016561],
     [20.1748689, 43.301602700000004], [20.1748601, 43.3015495],
     [20.1747662, 43.301342600000005], [20.1747339, 43.3012467],
     [20.174708900000002, 43.3011497], [20.1746911, 43.3010518],
     [20.1746802, 43.3009475], [20.1746777, 43.3008429],
     [20.174682800000003, 43.300787400000004], [20.174683, 43.3007317],
     [20.1746771, 43.3006673], [20.1746646, 43.3006034],
     [20.1746455, 43.3005404], [20.1745462, 43.3003432],
     [20.1743907, 43.300060200000004],
     [20.174347100000002, 43.2999908], [20.1743102, 43.2999194],
     [20.17428, 43.2998464], [20.174262000000002, 43.299790800000004],
     [20.1742478, 43.2997347], [20.1742157, 43.299641900000005],
     [20.174129200000003, 43.2994384], [20.174095, 43.2992174],
     [20.1740816, 43.299170200000006],
     [20.1740602, 43.299124500000005],
     [20.174031300000003, 43.2990812], [20.173999300000002, 43.299045],
     [20.1739761, 43.299005400000006],
     [20.173962200000002, 43.2989636],
     [20.173958000000002, 43.2989181],
     [20.1739649, 43.298872800000005], [20.1739867, 43.2988232],
     [20.173998400000002, 43.298771800000004],
     [20.173999900000002, 43.298721400000005],
     [20.173991700000002, 43.2986713],
     [20.173974100000002, 43.2986158],
     [20.1739669, 43.298559000000004],
     [20.173970100000002, 43.2985022], [20.1739836, 43.2984463],
     [20.1742552, 43.2979168], [20.1742671, 43.2978876],
     [20.174268700000002, 43.2978572],
     [20.174259900000003, 43.297827500000004],
     [20.1742464, 43.297806300000005],
     [20.174227700000003, 43.2977873]]}},
  {"type":"Feature",
   "properties":{},
   "geometry":
   {"type":"LineString",
    "coordinates":
    [[20.174227700000003, 43.2977873], [20.174929900000002, 43.2976],
     [20.1756116, 43.297307800000006], [20.1763367, 43.2970849],
     [20.1768334, 43.296897900000005]]}},
  {"type":"Feature",
   "properties":{},
   "geometry":
   {"type":"LineString",
    "coordinates":
    [[20.181582600000002, 43.2946491], [20.1815026, 43.2946801],
     [20.1814709, 43.2946843], [20.1814387, 43.294681600000004],
     [20.181412700000003, 43.294667100000005],
     [20.181336100000003, 43.2944532], [20.1813006, 43.2944163],
     [20.1812536, 43.2943963], [20.1811918, 43.2943921],
     [20.181132400000003, 43.294409200000004],
     [20.181068800000002, 43.294434300000006],
     [20.179608700000003, 43.2956901], [20.179262, 43.2959096],
     [20.179065100000003, 43.2961261],
     [20.178976300000002, 43.296211400000004], [20.1788689, 43.296273],
     [20.178734600000002, 43.296322100000005],
     [20.1780705, 43.296554900000004],
     [20.177342900000003, 43.2967196],
     [20.1768408, 43.296878400000004],
     [20.1768334, 43.296897900000005]]}},
  {"type":"Feature",
   "properties":{},
   "geometry":
   {"type":"LineString",
    "coordinates":
    [[20.186086, 43.289457000000006], [20.1860098, 43.2895769],
     [20.1857469, 43.2897916], [20.1855109, 43.2899595],
     [20.1853017, 43.290065000000006],
     [20.1850171, 43.290145800000005],
     [20.184674100000002, 43.2902563], [20.1842878, 43.2904125],
     [20.1840142, 43.290611600000005],
     [20.183751400000002, 43.290795100000004],
     [20.1835261, 43.2909474], [20.1833008, 43.291009900000006],
     [20.183145200000002, 43.291091900000005],
     [20.182978900000002, 43.2912285],
     [20.1827748, 43.291340600000005], [20.1825012, 43.2915007],
     [20.1821689, 43.2916542],
     [20.181984500000002, 43.291744900000005],
     [20.181823700000002, 43.2918478],
     [20.181604800000002, 43.2920536],
     [20.181535500000003, 43.292132200000005],
     [20.181518800000003, 43.292170600000006],
     [20.1815202, 43.2922029], [20.1815299, 43.2922372],
     [20.1815327, 43.2922785], [20.1815077, 43.2923169],
     [20.181466200000003, 43.2923562],
     [20.181349700000002, 43.2924298],
     [20.181325700000002, 43.2924682], [20.1813137, 43.2925095],
     [20.1813144, 43.2925513],
     [20.181327600000003, 43.292592000000006],
     [20.181352500000003, 43.292629600000005],
     [20.181459200000003, 43.2927173],
     [20.1815392, 43.292794300000004],
     [20.181610300000003, 43.2928757],
     [20.181666200000002, 43.2929521],
     [20.181714300000003, 43.2930313],
     [20.181754400000003, 43.2931128], [20.181839, 43.293319600000004],
     [20.1818525, 43.2933686], [20.181858400000003, 43.2934184],
     [20.1818557, 43.293475300000004],
     [20.181843100000002, 43.293531400000006],
     [20.181736400000002, 43.293766500000004],
     [20.181694800000002, 43.293907700000005],
     [20.181690500000002, 43.293958200000006],
     [20.1816976, 43.294008600000005], [20.1817151, 43.2940556],
     [20.1817426, 43.2941], [20.1817794, 43.2941407],
     [20.181823700000002, 43.2941932],
     [20.181839200000002, 43.2942282], [20.1818445, 43.2942648],
     [20.1818412, 43.2942951],
     [20.181831000000003, 43.294324700000004],
     [20.181814000000003, 43.2943525],
     [20.1817101, 43.294510900000006],
     [20.181582600000002, 43.2946491]]}},
  {"type":"Feature",
   "properties":{},
   "geometry":
   {"type":"LineString",
    "coordinates":
    [[20.1888207, 43.2885408], [20.188756, 43.288582000000005],
     [20.1886735, 43.2886247], [20.188586, 43.288660300000004],
     [20.188465400000002, 43.288704300000006],
     [20.187750100000002, 43.288940700000005],
     [20.187519100000003, 43.2890469],
     [20.1874074, 43.289091500000005],
     [20.187280400000002, 43.2891331],
     [20.1866674, 43.289299400000004], [20.1861959, 43.2894446],
     [20.1861414, 43.289453900000005],
     [20.186086, 43.289457000000006]]}},
  {"type":"Feature",
   "properties":{},
   "geometry":
   {"type":"LineString",
    "coordinates":
    [[20.189307900000003, 43.288225000000004],
     [20.189120300000003, 43.288259100000005],
     [20.1890694, 43.2882754], [20.1890271, 43.2883032],
     [20.1889909, 43.288336400000006], [20.1888207, 43.2885408]]}},
  {"type":"Feature",
   "properties":{},
   "geometry":
   {"type":"LineString",
    "coordinates":
    [[20.189307900000003, 43.288225000000004],
     [20.1894107, 43.2881887]]}},
  {"type":"Feature",
   "properties":{},
   "geometry":
   {"type":"LineString",
    "coordinates":
    [[20.1894107, 43.2881887], [20.1894835, 43.288146600000005],
     [20.189572700000003, 43.288084700000006],
     [20.1896521, 43.288022700000006], [20.1899009, 43.2877188],
     [20.1902778, 43.287168300000005],
     [20.190423300000003, 43.2869656],
     [20.190479500000002, 43.2869018],
     [20.190543100000003, 43.2868518],
     [20.1907721, 43.286711600000004], [20.1911242, 43.2864944],
     [20.1912787, 43.286420400000004],
     [20.191678500000002, 43.2862427]]}},
  {"type":"Feature",
   "properties":{},
   "geometry":
   {"type":"LineString",
    "coordinates":
    [[20.191678500000002, 43.2862427], [20.1916368, 43.2860469],
     [20.191615300000002, 43.285617300000006],
     [20.191674600000002, 43.2851409],
     [20.1918677, 43.284664500000005],
     [20.192071600000002, 43.2842427],
     [20.192130600000002, 43.2838561],
     [20.192189600000003, 43.283407100000005],
     [20.192205700000002, 43.2831532],
     [20.1923935, 43.282688500000006],
     [20.192447100000003, 43.2823878],
     [20.1925437, 43.282188600000005]]}},
  {"type":"Feature",
   "properties":{},
   "geometry":
   {"type":"LineString",
    "coordinates":
    [[20.1985518, 43.287456500000005],
     [20.1980851, 43.286956700000005],
     [20.197739300000002, 43.286567700000006],
     [20.1976921, 43.286512900000005],
     [20.197642300000002, 43.286443600000005],
     [20.1976032, 43.2863756],
     [20.197569100000003, 43.286298200000004],
     [20.197515300000003, 43.286154700000004],
     [20.197499800000003, 43.2861254],
     [20.197479700000002, 43.2860974], [20.1974521, 43.2860724],
     [20.1974135, 43.2860492], [20.197371200000003, 43.2860334],
     [20.197315200000002, 43.2860232],
     [20.197025800000002, 43.2859987],
     [20.196907500000002, 43.285985000000004],
     [20.1968812, 43.285978400000005], [20.1968585, 43.2859666],
     [20.196839500000003, 43.2859482], [20.1968304, 43.2859296],
     [20.196829, 43.285907900000005],
     [20.196840100000003, 43.285844700000006],
     [20.196884500000003, 43.285732200000005],
     [20.1968919, 43.2857059], [20.1968965, 43.285671],
     [20.1968955, 43.285637300000005], [20.1968889, 43.2856022],
     [20.196819100000003, 43.285429900000004],
     [20.196706000000002, 43.2851526],
     [20.1966302, 43.284927100000004], [20.1966, 43.2848509],
     [20.1965632, 43.284775200000006], [20.1965241, 43.2847075],
     [20.1963458, 43.2844502], [20.1963022, 43.284386500000004],
     [20.196243300000003, 43.284317400000006],
     [20.196182500000003, 43.2842593], [20.1961118, 43.2842032],
     [20.195778400000002, 43.283985], [20.1954983, 43.2838283],
     [20.1954603, 43.2837996], [20.1954263, 43.2837654],
     [20.195401800000003, 43.283731700000004], [20.195383, 43.283695],
     [20.195340100000003, 43.2835759],
     [20.195267400000002, 43.2833988],
     [20.1952466, 43.283366900000004],
     [20.195219100000003, 43.283338300000004], [20.1951834, 43.283312],
     [20.195138200000002, 43.283289100000005],
     [20.1950878, 43.283272600000004], [20.1947967, 43.2832157],
     [20.194477300000003, 43.283157900000006],
     [20.1943826, 43.283134700000005],
     [20.194298800000002, 43.2831112],
     [20.194215800000002, 43.2830844], [20.1941215, 43.2830534],
     [20.1940153, 43.2830151], [20.1939055, 43.2829713],
     [20.1938032, 43.2829266], [20.1936864, 43.2828704],
     [20.193569800000002, 43.2828084], [20.1928331, 43.2823749],
     [20.1925437, 43.282188600000005]]}},
  {"type":"Feature",
   "properties":{},
   "geometry":
   {"type":"LineString",
    "coordinates":
    [[20.1988701, 43.2878879], [20.1987986, 43.2877767],
     [20.198682100000003, 43.287651700000005],
     [20.1985518, 43.287456500000005]]}},
  {"type":"Feature",
   "properties":{},
   "geometry":
   {"type":"LineString",
    "coordinates":
    [[20.201314500000002, 43.289287900000005], [20.2010033, 43.289245],
     [20.2007456, 43.289173500000004],
     [20.200375700000002, 43.289045800000004],
     [20.2001129, 43.2888506], [20.1999841, 43.288753],
     [20.199844600000002, 43.2886827],
     [20.1996515, 43.288592900000005], [20.1994155, 43.2883781],
     [20.1991204, 43.2881438], [20.198971800000002, 43.2880217],
     [20.1988701, 43.2878879]]}},
  {"type":"Feature",
   "properties":{},
   "geometry":
   {"type":"LineString",
    "coordinates":
    [[20.22569, 43.3100602], [20.2256448, 43.310048800000004],
     [20.2256249, 43.310037200000004],
     [20.2254893, 43.309892600000005],
     [20.225415700000003, 43.309808800000006],
     [20.2253924, 43.309773500000006], [20.2253218, 43.3096468],
     [20.225316000000003, 43.3096145], [20.2253151, 43.3095639],
     [20.2253164, 43.3094878], [20.2253124, 43.309445800000006],
     [20.2252896, 43.309401900000005],
     [20.225242700000003, 43.309345300000004],
     [20.225187700000003, 43.3092975], [20.2251043, 43.3092417],
     [20.224987000000002, 43.309180700000006],
     [20.224932900000002, 43.3091765],
     [20.2248801, 43.309166600000005],
     [20.224814900000002, 43.3091443], [20.2247424, 43.3091121],
     [20.224643, 43.3090631], [20.2244455, 43.3089626],
     [20.2240328, 43.308781100000004],
     [20.223657300000003, 43.308632800000005],
     [20.2231045, 43.3084678], [20.2222462, 43.3082063],
     [20.2216939, 43.3081058], [20.221436100000002, 43.3079643],
     [20.2210073, 43.3076452], [20.2209322, 43.3074695],
     [20.220841, 43.307407000000005], [20.2207659, 43.307293800000004],
     [20.2205564, 43.307093800000004],
     [20.220256000000003, 43.306777600000004],
     [20.2200414, 43.306527700000004],
     [20.2196122, 43.306164700000004], [20.2193226, 43.3059656],
     [20.219102900000003, 43.3058573],
     [20.218587900000003, 43.305669900000005],
     [20.2180405, 43.3055401], [20.2176435, 43.3054776],
     [20.217556000000002, 43.305423700000006],
     [20.2174614, 43.3053654], [20.2173747, 43.3052945],
     [20.2172358, 43.305181000000005], [20.217032, 43.3049741],
     [20.216753, 43.3046501], [20.2164311, 43.304310400000006],
     [20.216275800000002, 43.3041357],
     [20.216109300000003, 43.3036897], [20.2159218, 43.303355],
     [20.2157877, 43.3028318], [20.2155889, 43.3024756],
     [20.2151654, 43.3021369], [20.2144409, 43.301566],
     [20.2140869, 43.3011405], [20.2137275, 43.3005744],
     [20.213529, 43.3002738], [20.2133305, 43.3001215],
     [20.2129979, 43.2999692], [20.2128373, 43.2999078],
     [20.2125637, 43.299821900000005],
     [20.212220300000002, 43.299700800000004],
     [20.211721500000003, 43.2994393],
     [20.2114157, 43.299275300000005], [20.2111582, 43.29901],
     [20.2109704, 43.2986821], [20.2108361, 43.298407600000004],
     [20.210664400000002, 43.2981968],
     [20.210423300000002, 43.2980066],
     [20.2100636, 43.297767300000004], [20.2098222, 43.2976072],
     [20.209586100000003, 43.2975252], [20.2093984, 43.297373],
     [20.2092806, 43.2973273], [20.2089639, 43.2972363],
     [20.208636900000002, 43.297139900000005],
     [20.2083523, 43.296982500000006], [20.2081753, 43.2967834],
     [20.20795, 43.2965492], [20.207606700000003, 43.2963071],
     [20.2071992, 43.2960037], [20.206807400000002, 43.2957449],
     [20.2063621, 43.2953544],
     [20.206061700000003, 43.295100700000006],
     [20.205788100000003, 43.2947063],
     [20.2055575, 43.294413500000005],
     [20.205289200000003, 43.294069900000004],
     [20.204790600000003, 43.293657200000006],
     [20.2044685, 43.2933905], [20.2043237, 43.2932617],
     [20.2042593, 43.293062500000005],
     [20.204157600000002, 43.2928529], [20.2038945, 43.2925862],
     [20.2035193, 43.2921969], [20.2030898, 43.2918755],
     [20.2028699, 43.2916764], [20.2027736, 43.291498000000004],
     [20.2025963, 43.2913445], [20.2023388, 43.2910321],
     [20.2021993, 43.290801800000004], [20.202027700000002, 43.29063],
     [20.2018238, 43.290177], [20.2018187, 43.289955600000006],
     [20.2018992, 43.2896979], [20.2018507, 43.289544500000005],
     [20.201646800000002, 43.289415600000005],
     [20.201314500000002, 43.289287900000005]]}},
  {"type":"Feature",
   "properties":{},
   "geometry":
   {"type":"LineString",
    "coordinates":
    [[20.22569, 43.3100602], [20.2257268, 43.3101435],
     [20.2257523, 43.3101855], [20.2257815, 43.310224500000004],
     [20.2258301, 43.3102772], [20.2258837, 43.3103251],
     [20.22594, 43.310365100000006], [20.2260031, 43.3104012],
     [20.2260594, 43.3104303], [20.2261291, 43.3104548],
     [20.2262083, 43.3104783], [20.2263102, 43.3105027],
     [20.226497700000003, 43.310542500000004],
     [20.2269191, 43.3106285], [20.2271283, 43.3106754],
     [20.227313300000002, 43.3107125],
     [20.2275421, 43.310752300000004],
     [20.227798800000002, 43.3108013],
     [20.228004000000002, 43.3108413],
     [20.228134100000002, 43.3108676], [20.22824, 43.310893],
     [20.228346000000002, 43.3109203], [20.228483, 43.3109564],
     [20.228861000000002, 43.3110706],
     [20.2290621, 43.311131100000004],
     [20.2292123, 43.311175000000006],
     [20.229318300000003, 43.311200400000004],
     [20.229405500000002, 43.3112238], [20.2294752, 43.3112482],
     [20.2295382, 43.3112736], [20.229603400000002, 43.3113052],
     [20.229675, 43.3113546], [20.2298225, 43.311484400000005],
     [20.229937500000002, 43.3115825], [20.230028, 43.311649800000005],
     [20.2301337, 43.3117195],
     [20.230241000000003, 43.311780000000006],
     [20.2303402, 43.311829800000005], [20.2304475, 43.3118757],
     [20.2305548, 43.3119166], [20.2306491, 43.311947800000006],
     [20.2312052, 43.3121245], [20.2313957, 43.3121918],
     [20.231496200000002, 43.312234800000006],
     [20.2315553, 43.3122582], [20.2316344, 43.312281600000006],
     [20.2318178, 43.3123298], [20.2320421, 43.3123919],
     [20.2321078, 43.3124143], [20.2321856, 43.3124436],
     [20.2322352, 43.312467000000005], [20.232294, 43.3124988],
     [20.2323385, 43.3125343], [20.2323908, 43.312587],
     [20.2324404, 43.3126534], [20.2324887, 43.312718800000006],
     [20.2325467, 43.3128085], [20.2325892, 43.3128954],
     [20.232614700000003, 43.312958800000004],
     [20.232626800000002, 43.3129979],
     [20.232639900000002, 43.3130566], [20.2326523, 43.3131676],
     [20.2326802, 43.313423900000004], [20.2326871, 43.3134858],
     [20.232699200000003, 43.3135404],
     [20.232715300000002, 43.3135902],
     [20.232734100000002, 43.3136341],
     [20.2327502, 43.313665300000004], [20.2327826, 43.313715],
     [20.232836000000002, 43.3137795],
     [20.232924500000003, 43.3138614], [20.233019000000002, 43.313934],
     [20.2331083, 43.313993200000006], [20.233191400000003, 43.314042],
     [20.2333201, 43.3141034], [20.2334207, 43.314146400000006],
     [20.2338123, 43.3142818], [20.234002800000003, 43.3143532],
     [20.234334, 43.3144596], [20.2345298, 43.3145182],
     [20.2346103, 43.314544500000004], [20.2348225, 43.3146235]]}},
  {"type":"Feature",
   "properties":{},
   "geometry":
   {"type":"LineString",
    "coordinates":
    [[20.2348225, 43.3146235], [20.2351186, 43.314734800000004],
     [20.2354632, 43.314860700000004],
     [20.2356671, 43.314939700000004], [20.235821, 43.314999400000005],
     [20.235907100000002, 43.315040200000006],
     [20.235998300000002, 43.315089], [20.2361405, 43.31517],
     [20.2363186, 43.315274200000005], [20.2364074, 43.315331],
     [20.236474400000002, 43.3153749], [20.2365281, 43.3154168],
     [20.2365909, 43.3154727],
     [20.236647400000003, 43.315538800000006], [20.236697, 43.3156052],
     [20.2367482, 43.3156878], [20.2367695, 43.315736900000005],
     [20.236788200000003, 43.3158023], [20.2368112, 43.3159204],
     [20.2368393, 43.3162408], [20.236859300000003, 43.3163938],
     [20.2368969, 43.3165585], [20.2369245, 43.3166248],
     [20.236980000000003, 43.316734100000005],
     [20.2371097, 43.3169735], [20.2371342, 43.317040500000004],
     [20.237153000000003, 43.3171108],
     [20.2371799, 43.317212100000006],
     [20.237205300000003, 43.3172854],
     [20.237228100000003, 43.317348800000005],
     [20.237265700000002, 43.3174513],
     [20.237331700000002, 43.3175983],
     [20.237364200000002, 43.317686800000004],
     [20.2373824, 43.317763500000005],
     [20.237390400000002, 43.317815200000005],
     [20.2373938, 43.3179004], [20.2373689, 43.3180631],
     [20.2373462, 43.318194500000004],
     [20.237324700000002, 43.318318700000006],
     [20.2373052, 43.3184611], [20.2372979, 43.3185519],
     [20.2373032, 43.3186212], [20.2373073, 43.318680400000005],
     [20.237318000000002, 43.318751000000006],
     [20.237338100000002, 43.3188398], [20.2373583, 43.3189292],
     [20.237387700000003, 43.319028100000004],
     [20.237442700000003, 43.3191598],
     [20.2374951, 43.319276900000006],
     [20.237579500000002, 43.3194584], [20.2376237, 43.319555],
     [20.237668900000003, 43.3196676],
     [20.237690800000003, 43.319746200000004],
     [20.2377109, 43.3198389],
     [20.237719000000002, 43.319904300000005],
     [20.2377284, 43.3199726], [20.237730600000003, 43.3200268],
     [20.237725700000002, 43.3200974],
     [20.237706900000003, 43.320193100000004],
     [20.237686800000002, 43.320277000000004],
     [20.237648200000002, 43.3204483],
     [20.2376372, 43.320523800000004], [20.2376358, 43.3205931],
     [20.237638500000003, 43.3206663],
     [20.237644600000003, 43.3207139], [20.2376653, 43.3208107],
     [20.2376814, 43.3208858], [20.237711100000002, 43.3210239],
     [20.237716300000002, 43.321054600000004],
     [20.237716300000002, 43.3211014],
     [20.237712300000002, 43.3211912], [20.2377082, 43.3212653],
     [20.237709600000002, 43.3213044],
     [20.237719000000002, 43.3213463], [20.237729700000003, 43.321381],
     [20.237755200000002, 43.3214312], [20.237791400000003, 43.32148],
     [20.2378222, 43.321513200000005], [20.2380339, 43.32171],
     [20.2381213, 43.3218029], [20.2381709, 43.321871200000004],
     [20.238215200000003, 43.3219356], [20.2383023, 43.322082],
     [20.238382, 43.322209400000006], [20.2384646, 43.3223269],
     [20.2385397, 43.3224322], [20.2386662, 43.322612500000005],
     [20.2386968, 43.3226722], [20.23871, 43.3227162],
     [20.2387167, 43.322759100000006],
     [20.238714100000003, 43.322818600000005],
     [20.238707400000003, 43.3228674],
     [20.238694300000002, 43.3229355], [20.2386671, 43.323082],
     [20.2386537, 43.323166900000004], [20.238651, 43.323222300000005],
     [20.238651, 43.3232762], [20.238661800000003, 43.3233425],
     [20.238675200000003, 43.3233952], [20.238702, 43.323509400000006],
     [20.2387677, 43.3237279], [20.2388222, 43.3239048],
     [20.238981600000002, 43.3244051], [20.2390265, 43.3245426],
     [20.239089800000002, 43.324718100000005],
     [20.239158, 43.324927900000006], [20.2391942, 43.3250587],
     [20.239221200000003, 43.325182500000004],
     [20.2392666, 43.325411800000005], [20.2393173, 43.3256931],
     [20.2393323, 43.3258372], [20.2393305, 43.3260012],
     [20.2393226, 43.326097600000004], [20.239302300000002, 43.326234],
     [20.2392492, 43.3264713], [20.239215400000003, 43.3266604],
     [20.2391338, 43.326961100000005],
     [20.2390909, 43.327111300000006],
     [20.239056100000003, 43.3273048], [20.2390145, 43.3275352],
     [20.238978300000003, 43.327639000000005],
     [20.2389608, 43.3276869], [20.2389361, 43.3277415],
     [20.2388938, 43.3278225],
     [20.238857600000003, 43.327911300000004],
     [20.238844200000003, 43.327958100000004], [20.2388361, 43.328001],
     [20.2388368, 43.328040400000006], [20.2388452, 43.3280691],
     [20.238871, 43.328124900000006], [20.238932000000002, 43.3282199],
     [20.2389917, 43.328313200000004],
     [20.2390158, 43.328362000000006], [20.2390466, 43.3284491],
     [20.2390735, 43.328549300000006],
     [20.2391043, 43.328670300000006], [20.2391231, 43.3287466],
     [20.2391392, 43.3287847], [20.239168000000003, 43.3288388],
     [20.2392049, 43.328881], [20.2392465, 43.3289142],
     [20.2393068, 43.3289522], [20.2393994, 43.329],
     [20.239618, 43.3290917], [20.2397564, 43.329158],
     [20.2398607, 43.3292098], [20.2399251, 43.3292507],
     [20.240008200000002, 43.329312200000004],
     [20.2400577, 43.3293528],
     [20.240166600000002, 43.329435000000004],
     [20.240247500000002, 43.329494000000004],
     [20.2403453, 43.3295419], [20.240468, 43.3295837],
     [20.2405648, 43.3296161], [20.2406083, 43.329629000000004],
     [20.2406611, 43.3296398],
     [20.240730000000003, 43.329654100000006],
     [20.240847600000002, 43.3296715],
     [20.2410901, 43.329705600000004],
     [20.241298200000003, 43.329773200000005],
     [20.241441700000003, 43.329833900000004],
     [20.241664, 43.329942900000006], [20.2419751, 43.3300782],
     [20.242184, 43.330175000000004], [20.2423271, 43.330259600000005],
     [20.2424117, 43.330330100000005],
     [20.242469200000002, 43.330389200000006],
     [20.2426019, 43.3305092], [20.2427187, 43.330628600000004],
     [20.2428366, 43.3307355], [20.2429627, 43.3308388],
     [20.2430914, 43.3309335], [20.2431907, 43.3310077],
     [20.243262400000003, 43.3310605],
     [20.2433288, 43.331116900000005],
     [20.2433757, 43.331163800000006], [20.24342, 43.331218400000004],
     [20.2434549, 43.331288900000004], [20.2434851, 43.3313764],
     [20.2435353, 43.331486000000005], [20.243574900000002, 43.331566],
     [20.2436748, 43.331789400000005], [20.2437231, 43.3319071],
     [20.2437682, 43.331996100000005], [20.2438156, 43.3320838],
     [20.2438773, 43.332187100000006], [20.2439435, 43.3322823],
     [20.2440047, 43.3323558], [20.2440798, 43.3324319],
     [20.2441555, 43.3324979], [20.2442837, 43.3326007],
     [20.244461700000002, 43.3327528],
     [20.244652600000002, 43.3328987],
     [20.2448012, 43.333006700000006], [20.2449237, 43.3331],
     [20.245005600000002, 43.333160400000004],
     [20.2451513, 43.3332677], [20.245250600000002, 43.3333449],
     [20.2453384, 43.3334108], [20.2454047, 43.3334612]]}},
  {"type":"Feature",
   "properties":{},
   "geometry":
   {"type":"LineString",
    "coordinates":
    [[20.2454047, 43.3334612], [20.246307100000003, 43.3335954]]}},
  {"type":"Feature",
   "properties":{},
   "geometry":
   {"type":"LineString",
    "coordinates":
    [[20.246307100000003, 43.3335954],
     [20.246411900000002, 43.333597100000006],
     [20.2464984, 43.333603800000006],
     [20.2465736, 43.333611700000006],
     [20.246705300000002, 43.333631000000004],
     [20.247106000000002, 43.333682200000005]]}},
  {"type":"Feature",
   "properties":{},
   "geometry":
   {"type":"LineString",
    "coordinates":
    [[20.247106000000002, 43.333682200000005],
     [20.2472447, 43.3336988],
     [20.247462600000002, 43.333724100000005], [20.24783, 43.3337668],
     [20.2479787, 43.333776500000006], [20.2481292, 43.3337811],
     [20.248392900000002, 43.3337747],
     [20.2485226, 43.333768500000005],
     [20.248677400000002, 43.333754500000005],
     [20.248822500000003, 43.3337361], [20.2489676, 43.3337111],
     [20.249123, 43.333675500000005], [20.2492783, 43.333635900000004],
     [20.249464500000002, 43.3335762], [20.249638, 43.3335151],
     [20.249987100000002, 43.333357],
     [20.250331600000003, 43.333200100000006],
     [20.2510911, 43.3328642], [20.2512575, 43.3328046],
     [20.2514293, 43.3327515], [20.251654600000002, 43.3327028],
     [20.251875400000003, 43.3326725],
     [20.2521413, 43.332644900000005], [20.2527298, 43.3326043],
     [20.253189600000002, 43.332566400000005],
     [20.253731300000002, 43.3325138], [20.2539753, 43.3324963],
     [20.254463400000002, 43.3324553], [20.2549277, 43.3324213],
     [20.2553851, 43.3323842], [20.2557744, 43.332349900000004],
     [20.255937000000003, 43.3323355],
     [20.256184100000002, 43.332315900000005],
     [20.256386000000003, 43.3322972],
     [20.2565712, 43.332284800000004]]}},
  {"type":"Feature",
   "properties":{},
   "geometry":
   {"type":"LineString",
    "coordinates":
    [[20.2565712, 43.332284800000004], [20.2566755, 43.3321782],
     [20.257394400000003, 43.332034], [20.2581668, 43.3318272],
     [20.2588535, 43.3315931], [20.2593524, 43.331452600000006],
     [20.260543300000002, 43.3313902], [20.2613318, 43.331398],
     [20.261600100000003, 43.3315229],
     [20.261817100000002, 43.3318342],
     [20.2620638, 43.332087900000005], [20.2623937, 43.3322914]]}},
  {"type":"Feature",
   "properties":{},
   "geometry":
   {"type":"LineString",
    "coordinates":
    [[20.2623937, 43.3322914], [20.2627478, 43.332349900000004],
     [20.2631114, 43.332457000000005],
     [20.2644002, 43.333177500000005], [20.2651144, 43.3337591],
     [20.2657697, 43.3345591], [20.2661397, 43.3347573],
     [20.266665800000002, 43.334861800000006],
     [20.267681200000002, 43.3349052],
     [20.268524300000003, 43.3349144], [20.2688597, 43.3349181],
     [20.2693905, 43.3349203], [20.2698793, 43.3348784],
     [20.2703199, 43.3347764],
     [20.270709200000002, 43.334640500000006],
     [20.271210200000002, 43.334554700000005],
     [20.271575000000002, 43.334594200000005],
     [20.271962600000002, 43.3346527],
     [20.2723598, 43.334540100000005],
     [20.272671600000002, 43.3344109],
     [20.2730263, 43.334269400000004], [20.2733077, 43.3341359],
     [20.273737800000003, 43.333998400000006],
     [20.2742241, 43.3337554], [20.274457700000003, 43.3335986],
     [20.274635500000002, 43.333435], [20.2746749, 43.3332448],
     [20.274667700000002, 43.3330682],
     [20.274888800000003, 43.3328611],
     [20.2750716, 43.332647200000004],
     [20.275332300000002, 43.332388800000004],
     [20.275518, 43.332122600000005], [20.275836700000003, 43.3319339],
     [20.2762588, 43.3318257], [20.2767276, 43.331805700000004],
     [20.277370700000002, 43.3318549],
     [20.278027700000003, 43.331982200000006], [20.278495, 43.3320391],
     [20.2789623, 43.332082500000006], [20.279339, 43.332074500000004],
     [20.2797227, 43.3320303], [20.2801142, 43.3319634],
     [20.280515700000002, 43.3318357],
     [20.280857700000002, 43.331709800000006],
     [20.2812865, 43.3315081], [20.281670400000003, 43.3313618],
     [20.281967, 43.3312235], [20.2824326, 43.331011600000004]]}},
  {"type":"Feature",
   "properties":{},
   "geometry":
   {"type":"LineString",
    "coordinates":
    [[20.2824326, 43.331011600000004],
     [20.282645300000002, 43.330871300000005],
     [20.283027200000003, 43.330581200000005],
     [20.2831552, 43.330439000000005],
     [20.2832367, 43.330288700000004],
     [20.283319000000002, 43.3301153],
     [20.283441200000002, 43.3297005]]}},
  {"type":"Feature",
   "properties":{},
   "geometry":
   {"type":"LineString",
    "coordinates":
    [[20.283441200000002, 43.3297005],
     [20.283409600000002, 43.329525600000004], [20.283334, 43.3293102],
     [20.283192800000002, 43.3289994], [20.2831252, 43.3288199],
     [20.2829504, 43.328161], [20.2828699, 43.3279289],
     [20.2827412, 43.327622500000004],
     [20.2826527, 43.327388400000004],
     [20.2825963, 43.327185500000006],
     [20.2825963, 43.326998200000006],
     [20.2826205, 43.326820600000005], [20.2826795, 43.3266782],
     [20.2828485, 43.326467400000006],
     [20.2831167, 43.326297700000005],
     [20.2833769, 43.326168900000006], [20.2838865, 43.326003],
     [20.2846161, 43.3258099], [20.2848896, 43.325698700000004],
     [20.285131, 43.325571800000006],
     [20.285337600000002, 43.325447000000004],
     [20.2855628, 43.325267700000005],
     [20.2857892, 43.325096300000006],
     [20.286095600000003, 43.324854900000005],
     [20.2866384, 43.3244167], [20.2868932, 43.324204],
     [20.287148300000002, 43.3239551], [20.287409, 43.323613900000005],
     [20.287845400000002, 43.3230645],
     [20.2882585, 43.322555200000004],
     [20.288537400000003, 43.3222059]]}},
  {"type":"Feature",
   "properties":{},
   "geometry":
   {"type":"LineString",
    "coordinates":
    [[20.288537400000003, 43.3222059], [20.2886884, 43.3219889],
     [20.2888074, 43.321783700000005],
     [20.289172800000003, 43.3209382],
     [20.289235700000003, 43.320776800000004],
     [20.289402600000003, 43.320517900000006],
     [20.289680200000003, 43.320160900000005],
     [20.2900303, 43.319803900000004],
     [20.2901977, 43.319648900000004],
     [20.290287300000003, 43.3195892], [20.2906051, 43.3193165],
     [20.290780400000003, 43.31915], [20.291047300000002, 43.3189806],
     [20.291123300000002, 43.3189216],
     [20.2912147, 43.318861600000005], [20.291499, 43.318698000000005],
     [20.291805500000002, 43.3185675],
     [20.292287700000003, 43.3183808], [20.2923799, 43.3183244],
     [20.2925119, 43.318241300000004],
     [20.2927584, 43.318015800000005], [20.2929734, 43.3177019],
     [20.2931384, 43.3174028], [20.2933053, 43.3171103],
     [20.2934658, 43.3168318], [20.2936954, 43.316449000000006],
     [20.2940089, 43.3159014], [20.294153100000003, 43.3155864],
     [20.294346, 43.315346600000005], [20.2945564, 43.3150622],
     [20.2946004, 43.3150028],
     [20.294823100000002, 43.314038200000006],
     [20.2948743, 43.3135951],
     [20.294892400000002, 43.313382100000005],
     [20.2946624, 43.3130004], [20.294378100000003, 43.3126156],
     [20.2942718, 43.3123712], [20.2942195, 43.3120138],
     [20.294187, 43.3117717], [20.294228800000003, 43.3115067],
     [20.2943336, 43.3112379], [20.294543700000002, 43.3110687],
     [20.2947774, 43.3109784], [20.2951881, 43.3108717],
     [20.2954763, 43.3108331], [20.2958165, 43.310797300000004],
     [20.296285400000002, 43.3106985], [20.2967574, 43.3106165],
     [20.297389900000002, 43.3105126], [20.2975624, 43.3104774],
     [20.2979229, 43.310338], [20.298238, 43.3102004],
     [20.2985447, 43.3100771], [20.298833400000003, 43.3099475],
     [20.2990949, 43.309891500000006],
     [20.2994498, 43.309789200000004],
     [20.299874600000003, 43.3096648],
     [20.3001711, 43.309566000000004],
     [20.300604800000002, 43.309249200000004],
     [20.3012471, 43.3082669], [20.3018676, 43.3079818],
     [20.3021071, 43.307577800000004],
     [20.302858200000003, 43.307086600000005],
     [20.3033372, 43.306215300000005], [20.3040573, 43.3053438],
     [20.3044894, 43.304859400000005],
     [20.304505000000002, 43.304202100000005],
     [20.3053293, 43.3033951], [20.306036900000002, 43.3028485],
     [20.306329, 43.3026707], [20.3068215, 43.302522],
     [20.307629300000002, 43.302493600000005],
     [20.3079758, 43.3024313], [20.308334000000002, 43.3024341],
     [20.308731100000003, 43.3024483], [20.3090659, 43.3024653],
     [20.309141800000003, 43.3024044],
     [20.309171000000003, 43.302286800000005],
     [20.309102900000003, 43.3021253], [20.3089686, 43.3019751],
     [20.308770000000003, 43.3017485],
     [20.308649300000003, 43.301626600000006],
     [20.308493600000002, 43.3015416],
     [20.308267800000003, 43.3014566], [20.3080965, 43.301281],
     [20.307941900000003, 43.300986800000004],
     [20.3074347, 43.300479100000004],
     [20.3071388, 43.300200000000004],
     [20.306967500000003, 43.299908200000004],
     [20.306895400000002, 43.299554], [20.30669, 43.299022],
     [20.3063854, 43.298366800000004], [20.3063684, 43.2982268],
     [20.306348500000002, 43.298063600000006],
     [20.3062706, 43.297423300000005],
     [20.3063037, 43.297070500000004],
     [20.3064867, 43.296731900000005], [20.3066366, 43.2965704],
     [20.3069947, 43.2962785], [20.3077013, 43.2958549],
     [20.308160700000002, 43.295564500000005],
     [20.308408, 43.295363300000005], [20.3086708, 43.2950998],
     [20.3090698, 43.2946195], [20.309324800000002, 43.2942568],
     [20.3097356, 43.2935512], [20.310042900000003, 43.2930481],
     [20.3101346, 43.2928215], [20.3103799, 43.292596200000006],
     [20.3106213, 43.2924432], [20.3108159, 43.2922689],
     [20.3109308, 43.292157], [20.3110086, 43.292028],
     [20.3113318, 43.291433000000005],
     [20.3116817, 43.291042100000006], [20.3120365, 43.2907869],
     [20.3125912, 43.290558700000005],
     [20.3145729, 43.289932400000005], [20.3155112, 43.2896547],
     [20.3164419, 43.2892943], [20.317522, 43.2887337]]}},
  {"type":"Feature",
   "properties":{},
   "geometry":
   {"type":"LineString",
    "coordinates":
    [[20.317522, 43.2887337], [20.317956900000002, 43.288523600000005],
     [20.319040400000002, 43.287917500000006],
     [20.3193655, 43.2876228],
     [20.319717800000003, 43.287281300000004],
     [20.320155800000002, 43.286774], [20.3204147, 43.2865586],
     [20.320663800000002, 43.2864212],
     [20.3211739, 43.286167600000006], [20.3215982, 43.2859465],
     [20.322246, 43.2856393], [20.322600700000002, 43.2854661],
     [20.323589600000002, 43.285153], [20.3239634, 43.2849815],
     [20.3243332, 43.2847335], [20.3249269, 43.2841965],
     [20.3256628, 43.2834865], [20.3260443, 43.283136500000005],
     [20.326322700000002, 43.282994800000004],
     [20.326787900000003, 43.282833200000006],
     [20.327438100000002, 43.282694400000004],
     [20.3281992, 43.2825385],
     [20.329158900000003, 43.282313200000004],
     [20.3296981, 43.2821842], [20.3301127, 43.2820878],
     [20.330474600000002, 43.2820144],
     [20.330766800000003, 43.2819518],
     [20.3310529, 43.281846900000005],
     [20.331298200000003, 43.281740600000006],
     [20.331578500000003, 43.2815918],
     [20.331669400000003, 43.281541000000004],
     [20.3318394, 43.2814459], [20.3320024, 43.281380000000006],
     [20.3321197, 43.281332500000005],
     [20.332457400000003, 43.2812015],
     [20.332713400000003, 43.2811559],
     [20.3331111, 43.281085700000006], [20.3335887, 43.281013],
     [20.3339481, 43.280942700000004],
     [20.3341807, 43.280884400000005]]}},
  {"type":"Feature",
   "properties":{},
   "geometry":
   {"type":"LineString",
    "coordinates":
    [[20.3341807, 43.280884400000005],
     [20.334290900000003, 43.2808567],
     [20.334841700000002, 43.2806859],
     [20.335685400000003, 43.2804048], [20.3357573, 43.2803813],
     [20.336081500000002, 43.280275200000005],
     [20.3364459, 43.280142000000005],
     [20.3367438, 43.279963900000006],
     [20.3368985, 43.279830600000004],
     [20.337010000000003, 43.279680400000004],
     [20.3371149, 43.2795037], [20.337169900000003, 43.279366]]}},
  {"type":"Feature",
   "properties":{},
   "geometry":
   {"type":"LineString",
    "coordinates":
    [[20.337169900000003, 43.279366], [20.3372195, 43.2792869],
     [20.3372598, 43.2792284], [20.3373268, 43.279158100000004],
     [20.337466300000003, 43.279053600000005],
     [20.337705, 43.278857300000006], [20.3383568, 43.2782774],
     [20.3384748, 43.2781856], [20.338625, 43.278088000000004],
     [20.3388208, 43.277996200000004], [20.3392687, 43.2778575],
     [20.3406796, 43.2773947], [20.3409103, 43.2773264],
     [20.341039000000002, 43.2772815],
     [20.342004600000003, 43.2769397], [20.342769, 43.2767093],
     [20.3430882, 43.2766156], [20.343453, 43.2765375],
     [20.343910700000002, 43.276441000000005]]}},
  {"type":"Feature",
   "properties":{},
   "geometry":
   {"type":"LineString",
    "coordinates":
    [[20.343910700000002, 43.276441000000005],
     [20.343976, 43.276413700000006], [20.3442064, 43.2763727],
     [20.344273100000002, 43.2763642], [20.3443197, 43.2763639],
     [20.344372, 43.276365500000004]]}},
  {"type":"Feature",
   "properties":{},
   "geometry":
   {"type":"LineString",
    "coordinates":
    [[20.344372, 43.276365500000004],
     [20.344394400000002, 43.276354000000005],
     [20.3444197, 43.2763463],
     [20.344446700000002, 43.276342500000005],
     [20.344474100000003, 43.276343000000004]]}},
  {"type":"Feature",
   "properties":{},
   "geometry":
   {"type":"LineString",
    "coordinates":
    [[20.344474100000003, 43.276343000000004],
     [20.3445098, 43.2763222], [20.344536100000003, 43.2763098],
     [20.344566800000003, 43.2762983],
     [20.344841000000002, 43.2762394],
     [20.344891800000003, 43.2762461]]}},
  {"type":"Feature",
   "properties":{},
   "geometry":
   {"type":"LineString",
    "coordinates":
    [[20.344891800000003, 43.2762461], [20.3457538, 43.2760498]]}},
  {"type":"Feature",
   "properties":{},
   "geometry":
   {"type":"LineString",
    "coordinates":
    [[20.3457538, 43.2760498], [20.346763000000003, 43.2757895],
     [20.347156400000003, 43.2756965]]}},
  {"type":"Feature",
   "properties":{},
   "geometry":
   {"type":"LineString",
    "coordinates":
    [[20.347156400000003, 43.2756965], [20.347662, 43.275577000000006],
     [20.3477575, 43.275550700000004], [20.3478616, 43.2755163],
     [20.347979600000002, 43.2754689], [20.3480688, 43.2754264],
     [20.3481436, 43.2753791], [20.3482048, 43.275329400000004],
     [20.3482577, 43.275274800000005], [20.3483018, 43.2752124],
     [20.3483348, 43.275142], [20.3483528, 43.2750701],
     [20.3483197, 43.274819300000004],
     [20.3482881, 43.274500700000004],
     [20.348296400000002, 43.2742014],
     [20.3483388, 43.273623400000005], [20.3483266, 43.2735076],
     [20.3483059, 43.273404], [20.3481193, 43.2727986],
     [20.348066600000003, 43.2726077], [20.3480275, 43.2724227],
     [20.3479971, 43.272212800000005], [20.3479484, 43.2715836],
     [20.347943400000002, 43.2714987],
     [20.3479147, 43.271098900000005],
     [20.347902400000002, 43.270909200000006],
     [20.347895700000002, 43.270721800000004],
     [20.3478999, 43.2705429], [20.3479232, 43.270292500000004],
     [20.3480093, 43.2692368], [20.3480436, 43.2686335],
     [20.348065400000003, 43.268249600000004]]}},
  {"type":"Feature",
   "properties":{},
   "geometry":
   {"type":"LineString",
    "coordinates":
    [[20.348065400000003, 43.268249600000004],
     [20.348070500000002, 43.2681607], [20.3480718, 43.2676682],
     [20.3480658, 43.267503700000006], [20.3480527, 43.2673612],
     [20.348033, 43.267223300000005], [20.3479989, 43.267052400000004],
     [20.347950100000002, 43.266869], [20.347829100000002, 43.266457],
     [20.3475429, 43.2656791], [20.3473599, 43.2651483],
     [20.3471003, 43.2644164], [20.346790300000002, 43.2635979],
     [20.346740500000003, 43.2634832],
     [20.346676600000002, 43.263355600000004],
     [20.346601200000002, 43.263224300000005],
     [20.3462915, 43.2627539], [20.3460824, 43.262457100000006],
     [20.345991400000003, 43.2623174],
     [20.345913900000003, 43.2621896],
     [20.345836900000002, 43.2620531], [20.3457638, 43.2619127],
     [20.3455887, 43.261526], [20.3453929, 43.2610894],
     [20.345254200000003, 43.2608383],
     [20.345204600000002, 43.2607561],
     [20.345127100000003, 43.2606577],
     [20.345031000000002, 43.260564300000006],
     [20.3449312, 43.260490100000005], [20.3448287, 43.2604265],
     [20.3447031, 43.2603622], [20.3445678, 43.2603067],
     [20.344414800000003, 43.260258400000005],
     [20.3442604, 43.2602233], [20.344096, 43.260198700000004],
     [20.3439313, 43.2601833], [20.343755400000003, 43.2601767],
     [20.343151900000002, 43.2601555],
     [20.3430107, 43.260145300000005], [20.342877, 43.2601183],
     [20.3427477, 43.260073500000004],
     [20.3426449, 43.260021200000004], [20.3425683, 43.2599673],
     [20.342487600000002, 43.259887000000006],
     [20.3424325, 43.259810900000005],
     [20.342386400000002, 43.259712500000006],
     [20.3423662, 43.2596294], [20.3423483, 43.259524000000006],
     [20.3423491, 43.2594111], [20.3423556, 43.259326400000006],
     [20.342379400000002, 43.259211400000005],
     [20.342414700000003, 43.2590395],
     [20.342438100000003, 43.2589521],
     [20.342473400000003, 43.258849000000005],
     [20.342519900000003, 43.2587406],
     [20.342561500000002, 43.2586591],
     [20.342807200000003, 43.258217]]}},
  {"type":"Feature",
   "properties":{},
   "geometry":
   {"type":"LineString",
    "coordinates":
    [[20.342807200000003, 43.258217], [20.3427346, 43.257958],
     [20.3424164, 43.257330800000005], [20.342354, 43.25704],
     [20.342029500000002, 43.2564219], [20.341836, 43.255903800000006],
     [20.3416488, 43.2556948], [20.341355500000002, 43.255263],
     [20.3412994, 43.2549222], [20.3414179, 43.2543541],
     [20.341941600000002, 43.253990300000005]]}},
  {"type":"Feature",
   "properties":{},
   "geometry":
   {"type":"LineString",
    "coordinates":
    [[20.342613500000002, 43.2541309], [20.3423674, 43.2539512],
     [20.3422534, 43.2538818], [20.3422245, 43.2538682],
     [20.342180300000003, 43.2538525],
     [20.3421132, 43.253848100000006],
     [20.342055600000002, 43.253856500000005],
     [20.342007300000002, 43.253878400000005],
     [20.3419677, 43.253908200000005],
     [20.341945600000003, 43.253948300000005],
     [20.341941600000002, 43.253990300000005]]}},
  {"type":"Feature",
   "properties":{},
   "geometry":
   {"type":"LineString",
    "coordinates":
    [[20.3414733, 43.2538196], [20.341551000000003, 43.2537991],
     [20.3419697, 43.253677700000004],
     [20.3421199, 43.253660100000005], [20.3422728, 43.253664],
     [20.342405600000003, 43.253689400000006],
     [20.3425343, 43.2537236], [20.3426309, 43.2537764],
     [20.342695300000003, 43.253824200000004],
     [20.342738200000003, 43.253877], [20.3427435, 43.2539424],
     [20.3427301, 43.254007800000004],
     [20.342685900000003, 43.254072300000004],
     [20.342613500000002, 43.2541309]]}},
  {"type":"Feature",
   "properties":{},
   "geometry":
   {"type":"LineString",
    "coordinates":
    [[20.3414733, 43.2538196], [20.341489600000003, 43.2537764],
     [20.3416277, 43.2536709], [20.3416879, 43.253649700000004],
     [20.3417438, 43.253623100000006], [20.3417947, 43.2535916],
     [20.3418396, 43.253555600000006], [20.3418771, 43.2535168],
     [20.341907600000003, 43.2534749], [20.3419308, 43.2534306],
     [20.3420059, 43.2532176], [20.342025500000002, 43.2531781],
     [20.3420521, 43.253140800000004],
     [20.342085100000002, 43.253106300000006],
     [20.3421235, 43.2530756], [20.3421671, 43.2530487],
     [20.3422151, 43.2530262], [20.3422465, 43.253013],
     [20.3422722, 43.252994400000006],
     [20.342290300000002, 43.2529715],
     [20.342299500000003, 43.2529465],
     [20.3422996, 43.252920700000004],
     [20.3422661, 43.252880700000006],
     [20.342036800000002, 43.2528152],
     [20.3420016, 43.252810200000006],
     [20.341965700000003, 43.2528103], [20.341926, 43.252816700000004],
     [20.3418891, 43.2528292], [20.341857100000002, 43.2528475],
     [20.341576800000002, 43.252992000000006],
     [20.3413609, 43.2530848], [20.341248200000003, 43.2531571],
     [20.341182500000002, 43.2531991],
     [20.3411382, 43.253193200000005], [20.341114100000002, 43.25316],
     [20.341124800000003, 43.2531356], [20.3411651, 43.2530877],
     [20.3412361, 43.252935400000005],
     [20.341289200000002, 43.252810800000006],
     [20.3413381, 43.2526853],
     [20.341387700000002, 43.252441100000006],
     [20.341417200000002, 43.252315100000004],
     [20.3414883, 43.252195]]}},
  {"type":"Feature",
   "properties":{},
   "geometry":
   {"type":"LineString",
    "coordinates":
    [[20.3414883, 43.252195], [20.341518, 43.252042200000005],
     [20.341457300000002, 43.2518703],
     [20.341336000000002, 43.251642100000005],
     [20.3412486, 43.251515700000006]]}},
  {"type":"Feature",
   "properties":{},
   "geometry":
   {"type":"LineString",
    "coordinates":
    [[20.3412486, 43.251515700000006],
     [20.3412104, 43.251502800000004], [20.3411745, 43.2514868],
     [20.3411279, 43.2514589], [20.341088300000003, 43.2514259],
     [20.3410566, 43.251388600000006],
     [20.341033600000003, 43.2513481], [20.340973, 43.2512258],
     [20.3409447, 43.251164200000005],
     [20.3409237, 43.251101000000006],
     [20.340909800000002, 43.251035200000004],
     [20.3409038, 43.2509688], [20.3409058, 43.2509024],
     [20.340915600000002, 43.2508362], [20.3409163, 43.2507637],
     [20.3409064, 43.2506914], [20.340886100000002, 43.2506204],
     [20.340790900000002, 43.250425], [20.340735600000002, 43.2503295],
     [20.340690000000002, 43.2502313], [20.340654100000002, 43.250131],
     [20.3406266, 43.2500209], [20.3406109, 43.2499097],
     [20.3406072, 43.249797900000004], [20.3406206, 43.2495029],
     [20.3406118, 43.2494492], [20.3405911, 43.2493974],
     [20.3405612, 43.2493515], [20.340522, 43.2493095],
     [20.3404744, 43.2492723], [20.340419800000003, 43.2492219],
     [20.3403718, 43.249168100000006], [20.3403309, 43.2491112],
     [20.3402758, 43.2490207], [20.3402305, 43.2489274],
     [20.340195400000002, 43.248831800000005],
     [20.340116300000002, 43.248656000000004],
     [20.3399755, 43.2484811], [20.339849400000002, 43.2482984],
     [20.339803800000002, 43.248192], [20.3397623, 43.2481285],
     [20.3397417, 43.248085800000005], [20.339714, 43.2480454],
     [20.339672200000003, 43.248001],
     [20.339621700000002, 43.247961700000005],
     [20.3395638, 43.247928200000004], [20.3393398, 43.2477827],
     [20.339263900000002, 43.2477177],
     [20.3391941, 43.247649200000005],
     [20.3391306, 43.247577500000006], [20.3390616, 43.2474852],
     [20.3390032, 43.247389000000005], [20.3389661, 43.2473115],
     [20.3389402, 43.2472317], [20.338926400000002, 43.2471569],
     [20.3389223, 43.247081400000006], [20.3389281, 43.2470061],
     [20.3389451, 43.246897600000004],
     [20.338957100000002, 43.246843600000005],
     [20.338972400000003, 43.2467902],
     [20.338998800000002, 43.2467174],
     [20.3390315, 43.246646000000005], [20.3390489, 43.2466105],
     [20.3390703, 43.2465762], [20.3391062, 43.2465313],
     [20.339149000000003, 43.246489800000006],
     [20.339198200000002, 43.246452100000006],
     [20.3392532, 43.2464189], [20.339313, 43.246390600000005],
     [20.3396361, 43.2462594],
     [20.339956700000002, 43.246124900000005],
     [20.3402421, 43.2460016], [20.3403865, 43.245942],
     [20.3405254, 43.2458758], [20.3406655, 43.245799000000005],
     [20.340798200000002, 43.2457155],
     [20.340922900000002, 43.245625700000005],
     [20.341039000000002, 43.24553], [20.3411887, 43.245413400000004],
     [20.3412694, 43.245359300000004],
     [20.3413434, 43.245300400000005], [20.3414094, 43.245238],
     [20.3414678, 43.2451717], [20.3415183, 43.245102],
     [20.3415606, 43.2450295], [20.341594200000003, 43.2449546],
     [20.341628200000002, 43.2448641], [20.3416703, 43.2447754],
     [20.341720300000002, 43.2446889],
     [20.341725800000003, 43.2446597], [20.34174, 43.244632200000005],
     [20.3417622, 43.2446076], [20.3417914, 43.2445873],
     [20.341830700000003, 43.2445706],
     [20.3418746, 43.244561600000004],
     [20.341920100000003, 43.2445609],
     [20.341961400000002, 43.244566600000006],
     [20.342000300000002, 43.244578100000005],
     [20.342035300000003, 43.244595000000004],
     [20.3420649, 43.2446166], [20.342170300000003, 43.244717],
     [20.342271500000003, 43.2448198],
     [20.3423845, 43.244942900000005],
     [20.342410400000002, 43.244989000000004],
     [20.3424464, 43.2450314], [20.3424914, 43.2450689],
     [20.342543300000003, 43.2451], [20.3426015, 43.245124600000004],
     [20.342664300000003, 43.2451421], [20.3427301, 43.2451519],
     [20.3427922, 43.245153900000005],
     [20.3428539, 43.245149000000005],
     [20.3428845, 43.245144800000006],
     [20.342913900000003, 43.2451373],
     [20.3429572, 43.245118700000006],
     [20.342993200000002, 43.245093100000005],
     [20.3430198, 43.245062000000004],
     [20.3430839, 43.244975700000005],
     [20.343137300000002, 43.2448856], [20.3431794, 43.2447924],
     [20.3432092, 43.2447315], [20.3432308, 43.2446688],
     [20.3432438, 43.244604900000006],
     [20.3432481, 43.244534900000005],
     [20.3432423, 43.244464900000004], [20.3432263, 43.2443958],
     [20.3432207, 43.244329900000004],
     [20.343224300000003, 43.2442639], [20.343228800000002, 43.244231],
     [20.3432371, 43.2441985], [20.3432615, 43.244141000000006],
     [20.343297500000002, 43.244086800000005],
     [20.343344400000003, 43.2440373], [20.3435455, 43.2438419],
     [20.3436691, 43.243740700000004]]}},
  {"type":"Feature",
   "properties":{},
   "geometry":
   {"type":"LineString",
    "coordinates":
    [[20.3436691, 43.243740700000004], [20.343677, 43.243698300000005],
     [20.3437138, 43.243630100000004],
     [20.343745300000002, 43.2435605],
     [20.3437732, 43.243484900000006], [20.343795, 43.2434081],
     [20.3437601, 43.2432792], [20.3437118, 43.2431688],
     [20.3437266, 43.2430682], [20.3437547, 43.2428601],
     [20.3438084, 43.2426696], [20.3438044, 43.242443900000005],
     [20.3438607, 43.242228000000004],
     [20.3438982, 43.242186000000004],
     [20.3439398, 43.242155700000005],
     [20.3439666, 43.242128300000005], [20.343976, 43.2421049],
     [20.343980000000002, 43.2420707], [20.3439632, 43.2420628]]}},
  {"type":"Feature",
   "properties":{},
   "geometry":
   {"type":"LineString",
    "coordinates":
    [[20.3439632, 43.2420628],
     [20.343967000000003, 43.241961100000005],
     [20.3439002, 43.241706900000004],
     [20.343906800000003, 43.241451600000005],
     [20.3438507, 43.2412568], [20.3434174, 43.2408018],
     [20.3432542, 43.2405739], [20.343115100000002, 43.2403059],
     [20.3430748, 43.240170500000005]]}},
  {"type":"Feature",
   "properties":{},
   "geometry":
   {"type":"LineString",
    "coordinates":
    [[20.3430748, 43.240170500000005], [20.3430359, 43.2401295],
     [20.3430077, 43.2400826], [20.3430104, 43.240025900000006],
     [20.3429907, 43.239841000000006], [20.3429621, 43.2396566],
     [20.342939700000002, 43.2395416], [20.342913900000003, 43.239427],
     [20.3427529, 43.239109500000005],
     [20.3426148, 43.238906300000004],
     [20.342342600000002, 43.238669900000005],
     [20.341959000000003, 43.238494],
     [20.341674700000002, 43.238304500000005],
     [20.341430600000002, 43.2381042],
     [20.341107400000002, 43.2377534], [20.3408231, 43.2374437],
     [20.3406501, 43.2373343],
     [20.340528000000003, 43.237285400000005],
     [20.3404355, 43.237263000000006],
     [20.340373800000002, 43.237238500000004],
     [20.3403202, 43.2372073], [20.3402759, 43.2371682],
     [20.3402612, 43.237126200000006],
     [20.340266500000002, 43.2370881],
     [20.3402746, 43.237009900000004], [20.340579, 43.2366894],
     [20.340642000000003, 43.236586800000005],
     [20.3406527, 43.2365659], [20.340716200000003, 43.2364416],
     [20.340780600000002, 43.236294], [20.3408352, 43.236144200000005],
     [20.340870300000002, 43.2360279],
     [20.340899500000003, 43.235910700000005],
     [20.3409559, 43.2356118], [20.3409666, 43.235306900000005],
     [20.340997400000003, 43.235147700000006], [20.341003, 43.2350714],
     [20.3410166, 43.234995700000006], [20.341038, 43.234921],
     [20.3410672, 43.2348477], [20.341109000000003, 43.2347674],
     [20.3411601, 43.23469], [20.34122, 43.234616100000004],
     [20.3413326, 43.2344906], [20.3414548, 43.234370000000006],
     [20.341586200000002, 43.2342546],
     [20.341827600000002, 43.2340778],
     [20.341888700000002, 43.2340162], [20.3419428, 43.2339513],
     [20.3419896, 43.2338834], [20.3420287, 43.233813000000005],
     [20.3420603, 43.2337398], [20.342083600000002, 43.2336651],
     [20.342098500000002, 43.233589200000004],
     [20.342203100000003, 43.233347900000005],
     [20.342251400000002, 43.232783100000006],
     [20.342278200000003, 43.2325467],
     [20.342332000000003, 43.2324483],
     [20.3423962, 43.232353200000006], [20.3424511, 43.2322841],
     [20.3425115, 43.2322174]]}},
  {"type":"Feature",
   "properties":{},
   "geometry":
   {"type":"LineString",
    "coordinates":
    [[20.3425115, 43.2322174],
     [20.342651200000002, 43.231798000000005],
     [20.3428794, 43.231629600000005],
     [20.343168300000002, 43.231497000000005],
     [20.343301200000003, 43.231282300000004],
     [20.343503400000003, 43.231200300000005],
     [20.3437316, 43.231145500000004],
     [20.3439598, 43.230926600000004],
     [20.344020500000003, 43.2307288],
     [20.3439367, 43.230366800000006], [20.3439598, 43.2298637],
     [20.3438674, 43.2296448],
     [20.343980000000002, 43.229554300000004],
     [20.345034400000003, 43.229167000000004], [20.3461848, 43.228985],
     [20.3470479, 43.2283988], [20.347345500000003, 43.2279588],
     [20.347253000000002, 43.227727300000005],
     [20.347270400000003, 43.227211600000004],
     [20.3471954, 43.2262873], [20.34731, 43.2252512]]}},
  {"type":"Feature",
   "properties":{},
   "geometry":
   {"type":"LineString",
    "coordinates":
    [[20.34731, 43.2252512], [20.347012300000003, 43.225245300000005],
     [20.346411500000002, 43.225118300000005],
     [20.346034500000002, 43.224977800000005],
     [20.345818700000002, 43.2248974],
     [20.3453413, 43.224770400000004], [20.3450972, 43.2247039],
     [20.3449148, 43.2246199],
     [20.344786000000003, 43.224434200000005],
     [20.3446627, 43.224270100000005],
     [20.344616000000002, 43.2242267],
     [20.3445621, 43.224188000000005],
     [20.344501700000002, 43.2241547], [20.3444359, 43.2241274],
     [20.344365800000002, 43.224106400000004],
     [20.344319300000002, 43.224104000000004], [20.3442791, 43.224102],
     [20.3441638, 43.2241665], [20.3440377, 43.2242642],
     [20.3439465, 43.224270100000005],
     [20.343866000000002, 43.2242388],
     [20.3437614, 43.224160600000005],
     [20.343579100000003, 43.2240003], [20.3434959, 43.2239124],
     [20.343458400000003, 43.223804900000005],
     [20.3434895, 43.223743000000006], [20.3435101, 43.2236789],
     [20.34352, 43.223613300000004], [20.343519800000003, 43.2235555],
     [20.3435111, 43.223498], [20.3434941, 43.2234415],
     [20.3434691, 43.223386600000005], [20.343433, 43.2233255],
     [20.3433894, 43.223267], [20.3433387, 43.2232117],
     [20.3432813, 43.223159900000006],
     [20.3429863, 43.222901900000004],
     [20.3428709, 43.222677100000006],
     [20.342763700000003, 43.222546200000004],
     [20.342669800000003, 43.2225071], [20.3425115, 43.2224641],
     [20.342250500000002, 43.222401100000006],
     [20.342118900000003, 43.222372], [20.3419858, 43.222346800000004],
     [20.3418077, 43.222319600000006],
     [20.3416278, 43.222299400000004],
     [20.341446700000002, 43.2222862],
     [20.3406689, 43.222184600000006], [20.3393224, 43.2219129],
     [20.3389549, 43.2217311], [20.3386652, 43.2215416],
     [20.338571400000003, 43.2215025], [20.3384587, 43.2214771],
     [20.338407800000002, 43.2214751],
     [20.3383031, 43.221463400000005],
     [20.338120800000002, 43.221547400000006],
     [20.337737200000003, 43.221674500000006],
     [20.337632600000003, 43.2216784], [20.337498500000002, 43.221651],
     [20.337423400000002, 43.2216217],
     [20.337289300000002, 43.221555200000005],
     [20.3372034, 43.2214888], [20.337152500000002, 43.2214301],
     [20.3371096, 43.2213676], [20.3370506, 43.2213129],
     [20.3369755, 43.221271800000004],
     [20.336895000000002, 43.221291400000005],
     [20.336860100000003, 43.221318700000005],
     [20.3368413, 43.2213754], [20.336805100000003, 43.2215064],
     [20.3367609, 43.2215621], [20.3367341, 43.2215709]]}},
  {"type":"Feature",
   "properties":{},
   "geometry":
   {"type":"LineString",
    "coordinates":
    [[20.3367341, 43.2215709], [20.3367113, 43.221567],
     [20.3366802, 43.221553500000006], [20.3366563, 43.2215337],
     [20.3366429, 43.2215122], [20.3366358, 43.2214879],
     [20.3366362, 43.2214631], [20.336644200000002, 43.2214389],
     [20.3366547, 43.2213908], [20.3366583, 43.221342],
     [20.336654900000003, 43.2212933], [20.3365356, 43.2207079],
     [20.3364873, 43.220560400000004],
     [20.3363653, 43.220440200000006], [20.3359455, 43.2200228],
     [20.3358853, 43.219930100000006], [20.3358144, 43.2198415],
     [20.3357333, 43.2197576], [20.3356427, 43.2196791],
     [20.3355432, 43.219606500000005],
     [20.335435500000003, 43.2195405], [20.3353205, 43.2194814],
     [20.3350121, 43.2193368], [20.3349423, 43.2193192]]}},
  {"type":"Feature",
   "properties":{},
   "geometry":
   {"type":"LineString",
    "coordinates":
    [[20.3349423, 43.2193192], [20.334782500000003, 43.2190251],
     [20.3343218, 43.218810100000006], [20.3339758, 43.218657],
     [20.3335873, 43.218457400000005], [20.3332009, 43.2180799],
     [20.332931900000002, 43.2177329], [20.3325651, 43.2169642],
     [20.3324275, 43.2166635], [20.3318176, 43.216209],
     [20.3312765, 43.215898200000005], [20.3309417, 43.2157879],
     [20.3307079, 43.215584], [20.3306024, 43.215320000000006],
     [20.330327200000003, 43.215002500000004],
     [20.3299604, 43.2147285], [20.3297607, 43.214665000000004]]}},
  {"type":"Feature",
   "properties":{},
   "geometry":
   {"type":"LineString",
    "coordinates":
    [[20.3297607, 43.214665000000004],
     [20.329571400000003, 43.2146345],
     [20.329374100000003, 43.2145712],
     [20.3288966, 43.214321000000005], [20.3287142, 43.2142311],
     [20.3286692, 43.2142147], [20.3286123, 43.214193900000005],
     [20.328409800000003, 43.214187100000004],
     [20.328089300000002, 43.214149000000006],
     [20.327945800000002, 43.214106], [20.3278828, 43.2140551],
     [20.3278761, 43.213937900000005],
     [20.327884100000002, 43.2137717], [20.3278837, 43.2135532],
     [20.3278772, 43.2133278], [20.3278772, 43.2131714],
     [20.327786, 43.213019], [20.327572500000002, 43.212869000000005],
     [20.3273097, 43.212697000000006], [20.3271917, 43.2125367]]}},
  {"type":"Feature",
   "properties":{},
   "geometry":
   {"type":"LineString",
    "coordinates":
    [[20.3271917, 43.2125367], [20.3270243, 43.212405100000005],
     [20.3268644, 43.2121653], [20.3266649, 43.211850000000005],
     [20.3264675, 43.2115202],
     [20.326333400000003, 43.211395100000004], [20.3259703, 43.211246],
     [20.3257075, 43.2111092], [20.3255117, 43.210993900000005],
     [20.325458, 43.210911800000005], [20.3254661, 43.2108531],
     [20.325484900000003, 43.2108101],
     [20.3255814, 43.210769000000006],
     [20.325771900000003, 43.210686900000006],
     [20.3259221, 43.210575500000004], [20.3259042, 43.210402],
     [20.325882800000002, 43.2102925], [20.3257637, 43.2100827],
     [20.325716500000002, 43.2099172], [20.325769, 43.2097895],
     [20.3259525, 43.209651300000004], [20.3259836, 43.2095549],
     [20.3259621, 43.209414100000004],
     [20.325850600000003, 43.209322900000004],
     [20.325791600000002, 43.209197700000004], [20.3258237, 43.209057],
     [20.3258173, 43.208925400000005], [20.3257379, 43.208795],
     [20.325469700000003, 43.2086034],
     [20.325287300000003, 43.208517400000005],
     [20.3251478, 43.2083493], [20.3250888, 43.208181200000006],
     [20.325067400000002, 43.208056000000006],
     [20.325035200000002, 43.2079153],
     [20.324927900000002, 43.207852700000004]]}},
  {"type":"Feature",
   "properties":{},
   "geometry":
   {"type":"LineString",
    "coordinates":
    [[20.324927900000002, 43.207852700000004],
     [20.324681100000003, 43.2078253],
     [20.324547000000003, 43.2078293],
     [20.3244344, 43.207735400000004],
     [20.324198300000003, 43.2074695],
     [20.323940800000003, 43.2072154],
     [20.3235546, 43.206910400000005], [20.3233883, 43.2066328],
     [20.3233025, 43.206519400000005],
     [20.323291700000002, 43.206402100000005],
     [20.3233068, 43.206274400000005], [20.3233561, 43.2060619],
     [20.3233389, 43.205773900000004], [20.3233293, 43.2054637],
     [20.323163, 43.2048928], [20.3230977, 43.2043703],
     [20.322990400000002, 43.2040731], [20.3228563, 43.2039519],
     [20.3226578, 43.2038561],
     [20.322384200000002, 43.203766200000004],
     [20.322217900000002, 43.203766200000004],
     [20.3220436, 43.2037877], [20.3218451, 43.203785700000005],
     [20.3216976, 43.203768100000005], [20.3215849, 43.203733],
     [20.321220200000003, 43.203578500000006],
     [20.3208661, 43.203486600000005],
     [20.3205013, 43.203412300000004],
     [20.320131200000002, 43.2033439],
     [20.319431100000003, 43.203197200000005],
     [20.3188974, 43.203050600000005],
     [20.318358200000002, 43.2028473], [20.3179237, 43.2027104],
     [20.317575, 43.2026635], [20.316883, 43.2024562],
     [20.316185700000002, 43.202270500000004],
     [20.315756500000003, 43.2021747], [20.3155258, 43.2021571],
     [20.3150994, 43.202088700000004], [20.3147945, 43.2020344],
     [20.314537, 43.2019523], [20.3143911, 43.201855900000005],
     [20.314352300000003, 43.2017947], [20.314305, 43.201736700000005],
     [20.314249800000002, 43.201682600000005],
     [20.314187200000003, 43.201633], [20.314123600000002, 43.2015917],
     [20.314055, 43.201555000000006]]}},
  {"type":"Feature",
   "properties":{},
   "geometry":
   {"type":"LineString",
    "coordinates":
    [[20.314055, 43.201555000000006], [20.3130704, 43.2013301],
     [20.3122115, 43.2012452], [20.3116801, 43.2012505],
     [20.3114399, 43.2013089]]}},
  {"type":"Feature",
   "properties":{},
   "geometry":
   {"type":"LineString",
    "coordinates":
    [[20.3114399, 43.2013089], [20.3110356, 43.2013052],
     [20.3108469, 43.2012414], [20.3108289, 43.2011872],
     [20.310682800000002, 43.200747400000004],
     [20.3107231, 43.200276900000006],
     [20.3104026, 43.199978300000005],
     [20.310404700000003, 43.199814200000006],
     [20.310326200000002, 43.1996641],
     [20.310326200000002, 43.1996084], [20.3103686, 43.1994908],
     [20.3103495, 43.1993639], [20.3102646, 43.199260200000005],
     [20.31022, 43.199134900000004],
     [20.310198800000002, 43.198978600000004],
     [20.3102243, 43.1988192],
     [20.310183900000002, 43.198641200000004],
     [20.3101096, 43.198525100000005],
     [20.310058700000003, 43.198474100000006],
     [20.3099844, 43.198474100000006], [20.3099037, 43.1983704],
     [20.3098719, 43.1981924], [20.3097976, 43.197985],
     [20.3096681, 43.1978133], [20.3096384, 43.1976833],
     [20.3096596, 43.1974109], [20.309615, 43.197349],
     [20.3094813, 43.1972948], [20.3092393, 43.1972855],
     [20.3091416, 43.197330400000006], [20.3090015, 43.197462],
     [20.3088529, 43.1976601], [20.3087446, 43.1977405],
     [20.3085323, 43.1978133], [20.3084326, 43.1978287],
     [20.3082967, 43.197773000000005], [20.3082415, 43.1977343],
     [20.3080313, 43.197653900000006], [20.3080016, 43.1976183],
     [20.3080398, 43.197565600000004], [20.308163, 43.197350500000006],
     [20.308453800000002, 43.1970302],
     [20.3087319, 43.196864600000005],
     [20.309203200000002, 43.196657200000004],
     [20.310307100000003, 43.1961202],
     [20.3101133, 43.196105100000004],
     [20.309581400000003, 43.196120300000004],
     [20.30882, 43.196107700000006], [20.3084411, 43.1961127],
     [20.308357700000002, 43.196044300000004],
     [20.3078501, 43.196016400000005],
     [20.307593200000003, 43.195962800000004]]}},
  {"type":"Feature",
   "properties":{},
   "geometry":
   {"type":"LineString",
    "coordinates":
    [[20.307593200000003, 43.195962800000004],
     [20.3075288, 43.1959843], [20.3074744, 43.1959992],
     [20.307418900000002, 43.1960117],
     [20.307323800000002, 43.1960447],
     [20.307231100000003, 43.1960811],
     [20.3071468, 43.196117900000004],
     [20.307064800000003, 43.1961573],
     [20.306981800000003, 43.196187800000004],
     [20.306894500000002, 43.1962111], [20.3068148, 43.1962345],
     [20.3067376, 43.196262000000004],
     [20.3066622, 43.196293700000005], [20.3065901, 43.1963293],
     [20.3065217, 43.196368500000005], [20.3063004, 43.1965191],
     [20.3062241, 43.196569200000006],
     [20.3061408, 43.196612900000005],
     [20.3060589, 43.196646900000005],
     [20.305972800000003, 43.1966747], [20.3058833, 43.196696],
     [20.3057294, 43.1967383], [20.3055722, 43.196773300000004],
     [20.305418200000002, 43.1967998], [20.3052624, 43.1968192],
     [20.305053100000002, 43.1968437], [20.3048752, 43.1968711],
     [20.3046991, 43.1969043],
     [20.304612900000002, 43.196911400000005],
     [20.3045261, 43.1969131], [20.304448700000002, 43.1969099],
     [20.3043719, 43.196902300000005],
     [20.3042646, 43.196905300000005], [20.304196, 43.1969104],
     [20.3041278, 43.196918000000004], [20.3040306, 43.1969386],
     [20.303932, 43.196955100000004], [20.3038378, 43.196966800000006],
     [20.3037429, 43.196974700000005],
     [20.303688700000002, 43.1969779],
     [20.303634300000002, 43.1969786],
     [20.3035521, 43.196974700000005],
     [20.303471000000002, 43.196964900000005],
     [20.3033915, 43.1969493], [20.3033153, 43.196930800000004],
     [20.303242100000002, 43.196906600000005],
     [20.3031729, 43.1968769], [20.303104100000002, 43.1968395],
     [20.3030416, 43.1967967], [20.302986, 43.196749000000004],
     [20.3029382, 43.196697], [20.3028215, 43.196561100000004],
     [20.3027582, 43.1964802], [20.302698200000002, 43.1963979],
     [20.302668200000003, 43.196368400000004],
     [20.3026331, 43.1963421],
     [20.302596700000002, 43.196321100000006],
     [20.302556900000003, 43.1963036], [20.3025144, 43.1962898],
     [20.302432800000002, 43.196259000000005],
     [20.302356200000002, 43.196221900000005],
     [20.3022968, 43.1961864],
     [20.302242200000002, 43.196147200000006],
     [20.3021926, 43.196104500000004], [20.3021421, 43.1960494],
     [20.3021014, 43.195990200000004],
     [20.3020567, 43.195941000000005], [20.3020046, 43.1958958],
     [20.301945800000002, 43.195855200000004],
     [20.3018931, 43.195809700000005],
     [20.301849200000003, 43.1957594], [20.3018202, 43.1957147],
     [20.3017982, 43.195667900000004],
     [20.301783500000003, 43.1956196],
     [20.3017721, 43.195561600000005],
     [20.3017672, 43.195503200000005], [20.3017688, 43.1954446],
     [20.3017636, 43.195385300000005], [20.3017515, 43.1953265],
     [20.3017326, 43.195268600000006],
     [20.301698400000003, 43.1951977],
     [20.301672200000002, 43.195125000000004],
     [20.301654000000003, 43.1950511], [20.3016441, 43.1949763],
     [20.301642, 43.194923], [20.3016441, 43.194869700000005],
     [20.3016611, 43.1948042], [20.3016705, 43.1947379],
     [20.301672200000002, 43.1946712],
     [20.3016654, 43.194599600000004],
     [20.301649700000002, 43.1945287], [20.3016253, 43.1944591],
     [20.301589500000002, 43.1943403],
     [20.301560900000002, 43.1942205], [20.3015437, 43.1941627],
     [20.301531400000002, 43.194104200000005],
     [20.3015228, 43.194030000000005],
     [20.301522000000002, 43.1939556],
     [20.3015274, 43.193867600000004],
     [20.301533000000003, 43.193844000000006],
     [20.3015483, 43.1938228], [20.301571600000003, 43.193806],
     [20.3016009, 43.1937951], [20.301633300000002, 43.1937913],
     [20.3016964, 43.1937913], [20.301764600000002, 43.1937968],
     [20.301831500000002, 43.1938079],
     [20.301862800000002, 43.193818400000005],
     [20.3018962, 43.193824500000005],
     [20.3019423, 43.193825700000005], [20.3019874, 43.1938187],
     [20.302102700000002, 43.193789300000006],
     [20.302184500000003, 43.1937815],
     [20.3022606, 43.193781800000004],
     [20.3023361, 43.193789300000006],
     [20.302523800000003, 43.193811200000006],
     [20.302709500000002, 43.193840900000005],
     [20.302892500000002, 43.1938783], [20.3030723, 43.1939233],
     [20.303217200000002, 43.1939659], [20.3033591, 43.1940134],
     [20.303497800000002, 43.1940657], [20.3036329, 43.1941227],
     [20.303782100000003, 43.1941702], [20.303936, 43.194208800000006],
     [20.3040717, 43.1942347],
     [20.304139600000003, 43.194248200000004],
     [20.3042096, 43.194253800000006],
     [20.3042708, 43.194252000000006],
     [20.304331100000002, 43.194244100000006],
     [20.3043893, 43.1942303], [20.3046066, 43.1941501],
     [20.3047764, 43.1940797], [20.304941900000003, 43.1940041],
     [20.3051028, 43.1939233], [20.3052834, 43.1938412],
     [20.305470200000002, 43.1937669],
     [20.305649300000002, 43.1937049], [20.3058328, 43.1936501],
     [20.305927500000003, 43.1936285],
     [20.3060201, 43.193602600000006],
     [20.3061222, 43.193567900000005],
     [20.306220500000002, 43.193527800000005],
     [20.306314500000003, 43.1934826],
     [20.306403600000003, 43.1934325],
     [20.306578000000002, 43.193325900000005],
     [20.3067071, 43.1932534], [20.306839500000002, 43.1931841],
     [20.3069348, 43.193145400000006],
     [20.3070241, 43.193099600000004],
     [20.307106400000002, 43.1930473], [20.3071759, 43.1929931],
     [20.3072379, 43.1929342], [20.3072918, 43.1928713],
     [20.307337, 43.192804800000005],
     [20.307376100000003, 43.192731900000005],
     [20.3074057, 43.1926568],
     [20.307425600000002, 43.192579900000005],
     [20.3074358, 43.1924962], [20.3074344, 43.192412100000006],
     [20.3074215, 43.1923286], [20.3073598, 43.1921106],
     [20.307354500000002, 43.1920749], [20.3073558, 43.192039],
     [20.307363900000002, 43.192003500000006],
     [20.3073798, 43.1919666], [20.307403, 43.191931800000006],
     [20.307432900000002, 43.1918999], [20.3074905, 43.1918389],
     [20.3075422, 43.1917752], [20.3075848, 43.191714000000005],
     [20.3076219, 43.1916511], [20.3076535, 43.1915865],
     [20.3076805, 43.191526700000004], [20.3077152, 43.1914692],
     [20.3077523, 43.1914205], [20.307795000000002, 43.1913743],
     [20.307867700000003, 43.191308400000004],
     [20.3079365, 43.191240400000005], [20.308031, 43.191135800000005],
     [20.3080694, 43.191079800000004], [20.3081162, 43.1910272],
     [20.308174700000002, 43.1909756], [20.3082412, 43.1909294],
     [20.3083147, 43.1908894], [20.3088149, 43.190636100000006],
     [20.3088641, 43.1906048], [20.3089048, 43.1905677],
     [20.3089312, 43.190533200000004], [20.3089504, 43.1904963],
     [20.3089567, 43.190467000000005], [20.3089558, 43.1904373],
     [20.3089477, 43.1904083], [20.3089172, 43.1903018],
     [20.308882, 43.1901961], [20.308819, 43.1900355],
     [20.3087452, 43.1898774], [20.3085373, 43.1895596],
     [20.3085154, 43.189514200000005], [20.3084984, 43.1894677],
     [20.3084826, 43.1893967], [20.3084783, 43.1893249],
     [20.3084817, 43.1891533], [20.308479700000003, 43.1889817],
     [20.308473600000003, 43.188835000000005],
     [20.3084636, 43.188688400000004],
     [20.3084621, 43.188644700000005], [20.308467, 43.1886012],
     [20.3084783, 43.188558300000004],
     [20.308499100000002, 43.1885102], [20.3085279, 43.1884643],
     [20.308564200000003, 43.1884214], [20.3089102, 43.1880831],
     [20.3089972, 43.1880042], [20.3090912, 43.187929600000004],
     [20.3092048, 43.1878511], [20.3092621, 43.1878121],
     [20.3093259, 43.187779000000006], [20.3093855, 43.1877555],
     [20.3094484, 43.1877371], [20.3095137, 43.187724],
     [20.3095807, 43.1877164], [20.3096439, 43.187701100000005],
     [20.3097028, 43.1876783], [20.3097554, 43.187648800000005],
     [20.3098013, 43.1876137], [20.309835200000002, 43.187579],
     [20.3098624, 43.1875413], [20.3098825, 43.1875013],
     [20.3099016, 43.1874496], [20.3099133, 43.1873967],
     [20.309917300000002, 43.1873355], [20.3099113, 43.1872744],
     [20.309889700000003, 43.1872112],
     [20.309858300000002, 43.187150200000005],
     [20.3098278, 43.187105300000006], [20.3097919, 43.1870625],
     [20.309751000000002, 43.1870222],
     [20.309679300000003, 43.186951300000004],
     [20.3096679, 43.1869357], [20.3096631, 43.186918500000004],
     [20.3096652, 43.186900900000005],
     [20.309677200000003, 43.186880900000006],
     [20.309698100000002, 43.1868652],
     [20.309743700000002, 43.186857200000006],
     [20.3097859, 43.1868422],
     [20.309817600000002, 43.186824400000006],
     [20.3098443, 43.1868027], [20.309865000000002, 43.1867777],
     [20.3099032, 43.1867408], [20.3099475, 43.1867077],
     [20.3099971, 43.186678900000004], [20.310054, 43.1866422],
     [20.3101078, 43.1866031],
     [20.310137700000002, 43.186584100000005],
     [20.310171500000003, 43.186568900000005],
     [20.310207600000002, 43.186558000000005],
     [20.310245700000003, 43.186551400000006],
     [20.310364, 43.1865442]]}},
  {"type":"Feature",
   "properties":{},
   "geometry":
   {"type":"LineString",
    "coordinates":
    [[20.310364, 43.1865442], [20.3104388, 43.186348],
     [20.3104577, 43.1862135], [20.310432900000002, 43.1861126],
     [20.3103962, 43.186018600000004], [20.310078, 43.185808200000004],
     [20.309799700000003, 43.185657000000006],
     [20.309553700000002, 43.1851016],
     [20.309553700000002, 43.184391000000005],
     [20.3096105, 43.183821900000005],
     [20.3101072, 43.183525200000005], [20.3104573, 43.1834907],
     [20.3107884, 43.183411400000004], [20.310826300000002, 43.183194],
     [20.310726900000002, 43.183073300000004],
     [20.3104431, 43.183038800000006],
     [20.3101308, 43.183197500000006],
     [20.309563100000002, 43.183073300000004],
     [20.3099653, 43.1828456], [20.3101166, 43.1828318],
     [20.3103532, 43.1826938], [20.3104242, 43.1825628],
     [20.3103532, 43.182490300000005], [20.3101498, 43.1824972],
     [20.309865900000002, 43.182428200000004],
     [20.309175200000002, 43.1824213], [20.309549, 43.1820867],
     [20.3098233, 43.181876300000006],
     [20.309856500000002, 43.181748600000006], [20.3097855, 43.181552],
     [20.3096199, 43.1812588], [20.309269800000003, 43.1808655],
     [20.3092036, 43.1806758], [20.3098943, 43.179734],
     [20.30997, 43.1792303], [20.310091, 43.1785458]]}},
  {"type":"Feature",
   "properties":{},
   "geometry":
   {"type":"LineString",
    "coordinates":
    [[20.310091, 43.1785458], [20.3107256, 43.178742400000004],
     [20.3111588, 43.1788602], [20.3114589, 43.178848900000006],
     [20.3118968, 43.1787621], [20.3124442, 43.178536900000005],
     [20.3125855, 43.178294], [20.312541600000003, 43.178147100000004],
     [20.312034, 43.1778923], [20.311956900000002, 43.1777814],
     [20.311995500000002, 43.177309300000005],
     [20.312132000000002, 43.176981000000005],
     [20.3125152, 43.1764601], [20.3128517, 43.176273300000005],
     [20.313196400000002, 43.1762048], [20.3139533, 43.175677],
     [20.3141, 43.175511400000005], [20.314322400000002, 43.1754079],
     [20.314601500000002, 43.1751456],
     [20.3147339, 43.175024900000004],
     [20.3148427, 43.174969700000005],
     [20.3149468, 43.175000700000005], [20.315050900000003, 43.175049],
     [20.3151692, 43.1750904], [20.3153489, 43.175055900000004],
     [20.315576, 43.1749766], [20.315741600000003, 43.1749214],
     [20.315978100000002, 43.174862700000006],
     [20.3160822, 43.1748248], [20.3161674, 43.1747765],
     [20.316224100000003, 43.1746799], [20.3161768, 43.1745626],
     [20.3160633, 43.1744591], [20.3158835, 43.174259],
     [20.315689600000002, 43.1739243], [20.3152638, 43.173462],
     [20.3151692, 43.173362000000004], [20.3151502, 43.1732205],
     [20.3151124, 43.1730273], [20.315050900000003, 43.1728755],
     [20.3150793, 43.1727202], [20.3151219, 43.1725719],
     [20.3154246, 43.172458000000006], [20.315822, 43.172354500000004],
     [20.316068, 43.172257900000005], [20.3162856, 43.172185500000005],
     [20.3165742, 43.172175100000004],
     [20.316914800000003, 43.1720612],
     [20.3170331, 43.171992200000005],
     [20.3171514, 43.171961200000005],
     [20.317317000000003, 43.171981900000006],
     [20.3175393, 43.1720647], [20.3177285, 43.1721303],
     [20.317823200000003, 43.172140600000006],
     [20.3179793, 43.172109600000006], [20.3181638, 43.1721303],
     [20.3183577, 43.172140600000006],
     [20.318641600000003, 43.1721165], [20.3189302, 43.1720405],
     [20.3190721, 43.1718922], [20.3191478, 43.1717024],
     [20.3193181, 43.1714057], [20.3193938, 43.171260800000006],
     [20.3201271, 43.170891600000004], [20.3212294, 43.1702844],
     [20.3217119, 43.1699221], [20.3220052, 43.169542500000006],
     [20.322397900000002, 43.1689525],
     [20.322710100000002, 43.1684798], [20.3229088, 43.168014],
     [20.323164300000002, 43.167751800000005],
     [20.3235995, 43.1675034], [20.3240962, 43.1671756],
     [20.324399, 43.166892600000004], [20.3252032, 43.1665234],
     [20.325349900000003, 43.1663543],
     [20.3255486, 43.166181800000004], [20.3259176, 43.1659403],
     [20.326367, 43.165512400000004], [20.3264569, 43.1652433],
     [20.3267597, 43.164908600000004],
     [20.326967800000002, 43.164546200000004],
     [20.3270152, 43.1643496], [20.3271571, 43.1640287],
     [20.327185500000002, 43.163876800000004],
     [20.327125000000002, 43.1637621], [20.3270199, 43.1635628],
     [20.3269489, 43.163131500000006], [20.3273179, 43.1627519],
     [20.3275261, 43.1625621], [20.327819400000003, 43.1624689],
     [20.3278998, 43.1623723], [20.327791, 43.1622688],
     [20.327720000000003, 43.1621377], [20.3278052, 43.1619479],
     [20.3279377, 43.1615752], [20.328174200000003, 43.1612888],
     [20.328358700000003, 43.161026500000006],
     [20.3284486, 43.1609126], [20.3285243, 43.1607573],
     [20.3286899, 43.160719400000005], [20.3288365, 43.1607435],
     [20.3289548, 43.160709000000004], [20.3290258, 43.1605986],
     [20.329068300000003, 43.160495100000006],
     [20.329295400000003, 43.1603329], [20.3295982, 43.1602052],
     [20.3297306, 43.160143100000006],
     [20.3297874, 43.160070600000005],
     [20.329910400000003, 43.1599913],
     [20.330203700000002, 43.159911900000004],
     [20.3306437, 43.1597738], [20.331140400000002, 43.1596703],
     [20.3313817, 43.1595633], [20.3315094, 43.1594805],
     [20.331982500000002, 43.1594357], [20.3322806, 43.1593114],
     [20.332436700000002, 43.1591906], [20.3326023, 43.1590457],
     [20.3330753, 43.1588179], [20.333255100000002, 43.1587179],
     [20.333468, 43.1585522], [20.333837000000003, 43.1584659],
     [20.334333700000002, 43.1581588],
     [20.3349346, 43.157582500000004], [20.3355496, 43.1571822],
     [20.3360226, 43.156844], [20.3368174, 43.156578200000006],
     [20.3376169, 43.156250400000005],
     [20.3377352, 43.156174500000006],
     [20.337858200000003, 43.155960500000006],
     [20.338354900000002, 43.155729300000004],
     [20.338648300000003, 43.1556913],
     [20.3388895, 43.155739600000004],
     [20.339197000000002, 43.1557845], [20.339514, 43.1557638],
     [20.339708, 43.155739600000004], [20.3401527, 43.1553841],
     [20.3405311, 43.1552772], [20.340923800000002, 43.1551253],
     [20.341084600000002, 43.1550943], [20.3413827, 43.1549804],
     [20.341666500000002, 43.1548699],
     [20.341893600000002, 43.154756000000006],
     [20.3421159, 43.1546974], [20.3423714, 43.154652500000005],
     [20.3426884, 43.154490300000006],
     [20.343057400000003, 43.154203800000005],
     [20.3437102, 43.1538173],
     [20.344093400000002, 43.153555000000004]]}},
  {"type":"Feature",
   "properties":{},
   "geometry":
   {"type":"LineString",
    "coordinates":
    [[20.344093400000002, 43.153555000000004],
     [20.3451795, 43.1530846], [20.3464789, 43.1529715],
     [20.347504100000002, 43.153075900000005],
     [20.348231300000002, 43.152736700000005],
     [20.349256500000003, 43.1526932], [20.3503174, 43.1522845],
     [20.3508715, 43.1523933], [20.3518076, 43.151954],
     [20.3521056, 43.1518931], [20.353250000000003, 43.1503625],
     [20.3543467, 43.1498232], [20.355610300000002, 43.1484752],
     [20.356182500000003, 43.1481708], [20.357327, 43.146927000000005],
     [20.3576488, 43.146805300000004], [20.3573294, 43.1455354],
     [20.3575427, 43.1446751]]}},
  {"type":"Feature",
   "properties":{},
   "geometry":
   {"type":"LineString",
    "coordinates":
    [[20.3575427, 43.1446751], [20.3574397, 43.1438156],
     [20.3573624, 43.143533700000006],
     [20.357536200000002, 43.143266000000004],
     [20.357497600000002, 43.1430358], [20.3574719, 43.1422608],
     [20.357645700000003, 43.142119900000004],
     [20.3583152, 43.1417629], [20.3590105, 43.141297800000004],
     [20.359255100000002, 43.140560300000004],
     [20.3597122, 43.1398463], [20.3601692, 43.139259100000004],
     [20.3602594, 43.1389961], [20.3602272, 43.1382539],
     [20.3599697, 43.1369385], [20.3599117, 43.1365251]]}},
  {"type":"Feature",
   "properties":{},
   "geometry":
   {"type":"LineString",
    "coordinates":
    [[20.3599117, 43.1365251], [20.3601239, 43.136254],
     [20.360684600000003, 43.135288700000004],
     [20.361876000000002, 43.134393700000004],
     [20.362296500000003, 43.1343042], [20.3634528, 43.1341636],
     [20.364337600000002, 43.1339015],
     [20.3655991, 43.133946200000004], [20.3660371, 43.1338311],
     [20.366571500000003, 43.1335179], [20.3672635, 43.1334412],
     [20.3674125, 43.133377200000005],
     [20.367806700000003, 43.133364500000006],
     [20.3681834, 43.1334667], [20.3684549, 43.133313300000005],
     [20.3688667, 43.132642100000005], [20.369620100000002, 43.132137],
     [20.369953000000002, 43.1320283],
     [20.3700844, 43.132009100000005],
     [20.370426000000002, 43.1320922],
     [20.3706187, 43.132194500000004],
     [20.3710743, 43.132258500000006], [20.3713108, 43.1323096],
     [20.371477300000002, 43.132431100000005],
     [20.371792600000003, 43.1327763],
     [20.372134300000003, 43.1329745],
     [20.372449600000003, 43.133351700000006],
     [20.372511900000003, 43.133384400000004],
     [20.3726336, 43.133369200000004], [20.3727448, 43.1335442],
     [20.3727483, 43.133693900000004], [20.3729035, 43.1340529]]}},
  {"type":"Feature",
   "properties":{},
   "geometry":
   {"type":"LineString",
    "coordinates":
    [[20.375121800000002, 43.1354022], [20.374859, 43.135396300000004],
     [20.3746082, 43.1353816], [20.374502500000002, 43.1353656],
     [20.3743997, 43.135341700000005],
     [20.3743009, 43.135310000000004], [20.3742072, 43.135271],
     [20.3741348, 43.1352338], [20.374067, 43.135192100000005],
     [20.3739309, 43.135109500000006],
     [20.373804800000002, 43.1350272],
     [20.3736827, 43.134941700000006], [20.3735648, 43.1348531],
     [20.3734892, 43.1347997], [20.3734223, 43.134740400000005],
     [20.373365, 43.134676000000006], [20.373332, 43.134629800000006],
     [20.3733039, 43.134582], [20.3732483, 43.134486100000004],
     [20.37321, 43.134412700000006], [20.373162500000003, 43.1343423],
     [20.373099200000002, 43.1342682],
     [20.373025700000003, 43.1341994],
     [20.372924400000002, 43.1340932], [20.3729097, 43.1340742],
     [20.3729035, 43.1340529]]}},
  {"type":"Feature",
   "properties":{},
   "geometry":
   {"type":"LineString",
    "coordinates":
    [[20.375121800000002, 43.129312600000006],
     [20.3751004, 43.1293978], [20.3750977, 43.1294467],
     [20.3751044, 43.1295045], [20.375124500000002, 43.1296004],
     [20.3751493, 43.1297839], [20.3751587, 43.129867100000006],
     [20.3751721, 43.1299165], [20.3751989, 43.1299713],
     [20.3752801, 43.130120600000005], [20.3753029, 43.1301842],
     [20.375310300000002, 43.1302376],
     [20.3753351, 43.130521900000005],
     [20.3753585, 43.130732300000005], [20.3753512, 43.1308777],
     [20.3753518, 43.1309233], [20.375360200000003, 43.1309686],
     [20.375376000000003, 43.1310127], [20.375404, 43.1310627],
     [20.3754417, 43.1311091], [20.3754873, 43.1311502],
     [20.375549000000003, 43.1311957], [20.3757072, 43.1312853],
     [20.3758534, 43.1313611], [20.3759352, 43.131394400000005],
     [20.3759982, 43.1314228], [20.376034500000003, 43.1314483],
     [20.3760599, 43.1314761], [20.3760787, 43.131504500000005],
     [20.3760921, 43.131537300000005], [20.3760982, 43.1315637],
     [20.3760988, 43.1316009], [20.3760921, 43.1316411],
     [20.376076, 43.1317037], [20.3760546, 43.131775600000005],
     [20.375959400000003, 43.1320022],
     [20.375875500000003, 43.1321847], [20.3757877, 43.1323443],
     [20.3757728, 43.1323741], [20.375763600000003, 43.1324051],
     [20.375760200000002, 43.1324368], [20.3757625, 43.1324671],
     [20.375770300000003, 43.1324969],
     [20.3757857, 43.132525300000005], [20.3758279, 43.1325762],
     [20.375884900000003, 43.1326389],
     [20.375998900000003, 43.1327416],
     [20.3760438, 43.132788100000006], [20.376064, 43.1328167],
     [20.376080700000003, 43.132846300000004],
     [20.376093400000002, 43.1328754], [20.3761028, 43.1329051],
     [20.3761107, 43.132960700000005],
     [20.376109600000003, 43.133016600000005],
     [20.3760997, 43.133071300000005],
     [20.3760814, 43.133124800000004], [20.3760552, 43.1331703],
     [20.376027, 43.1332102], [20.375988200000002, 43.133245200000005],
     [20.3759443, 43.1332717], [20.375894300000002, 43.1332916],
     [20.3757917, 43.133320000000005], [20.3757585, 43.1333302],
     [20.3757284, 43.1333448],
     [20.375702500000003, 43.133363100000004],
     [20.3756761, 43.1333922], [20.3756603, 43.133425200000005],
     [20.3756516, 43.1335265],
     [20.375643800000002, 43.133583300000005],
     [20.3756315, 43.1336396],
     [20.375611900000003, 43.133702500000005],
     [20.3755865, 43.133764400000004],
     [20.3755709, 43.133806400000005],
     [20.3755631, 43.133849500000004], [20.3755625, 43.1338846],
     [20.3755671, 43.133919500000005],
     [20.3755805, 43.133959100000006],
     [20.375587200000002, 43.1339987], [20.3755832, 43.1340389],
     [20.375572400000003, 43.1340829],
     [20.375549600000003, 43.1341534],
     [20.3755223, 43.134192500000005], [20.3754846, 43.1342268],
     [20.3754372, 43.134255200000005],
     [20.375382700000003, 43.1342757], [20.3753354, 43.1342933],
     [20.3752901, 43.1343134],
     [20.375226400000003, 43.134348100000004],
     [20.375163200000003, 43.134403600000006],
     [20.375108400000002, 43.134463600000004],
     [20.375072900000003, 43.134512], [20.375042800000003, 43.1345624],
     [20.3750186, 43.1346143],
     [20.374996000000003, 43.134672200000004],
     [20.374984400000002, 43.134731800000004],
     [20.3749827, 43.134773200000005],
     [20.3749864, 43.134814500000005], [20.374997, 43.1348667],
     [20.3750179, 43.134917200000004],
     [20.375042800000003, 43.1349571],
     [20.3750742, 43.134994500000005], [20.3751339, 43.1350631],
     [20.3751627, 43.135107600000005],
     [20.375176800000002, 43.1351409], [20.3751815, 43.1351712],
     [20.375173500000002, 43.1352015], [20.3751554, 43.1352324],
     [20.3751326, 43.135262700000006],
     [20.375118500000003, 43.135297900000005],
     [20.375112400000003, 43.135341000000004],
     [20.375121800000002, 43.1354022]]}},
  {"type":"Feature",
   "properties":{},
   "geometry":
   {"type":"LineString",
    "coordinates":
    [[20.3761873, 43.121194300000006], [20.376194, 43.121209500000006],
     [20.3762148, 43.121222200000005],
     [20.3762477, 43.121234900000005],
     [20.3763422, 43.121255000000005], [20.3764723, 43.1212868],
     [20.3767298, 43.121365100000006],
     [20.3768746, 43.121401000000006],
     [20.3770208, 43.121433700000004], [20.3771728, 43.121464],
     [20.377325900000002, 43.121490900000005],
     [20.3774339, 43.121506100000005],
     [20.3774969, 43.121523700000004],
     [20.3775486, 43.121548700000005], [20.3776337, 43.1215929],
     [20.377716200000002, 43.1216397], [20.3777738, 43.1216712],
     [20.377824800000003, 43.1217082], [20.3778703, 43.1217521],
     [20.377906600000003, 43.1218002], [20.377967, 43.1219084],
     [20.378023300000002, 43.1219921], [20.3781326, 43.1220973],
     [20.3781788, 43.1221392], [20.3782198, 43.122184000000004],
     [20.3782569, 43.1222337], [20.378287500000003, 43.1222858],
     [20.378329100000002, 43.122362100000004],
     [20.3783438, 43.122399300000005], [20.3783458, 43.1224311],
     [20.378342500000002, 43.1224585],
     [20.3783253, 43.122475400000006],
     [20.3783016, 43.122487400000004], [20.3782786, 43.1224926],
     [20.3782545, 43.1224931], [20.378231200000002, 43.1224889],
     [20.3781916, 43.122469800000005], [20.3781521, 43.1224463],
     [20.3780863, 43.1224155],
     [20.377710200000003, 43.122264200000004],
     [20.3776492, 43.122248500000005], [20.3775854, 43.1222402],
     [20.3775169, 43.122240000000005],
     [20.377449300000002, 43.122248600000006],
     [20.3773588, 43.1222696], [20.3772543, 43.122297200000006],
     [20.377152300000002, 43.122329300000004],
     [20.3770434, 43.122369600000006],
     [20.3769384, 43.122415000000004], [20.3768579, 43.122461],
     [20.3768156, 43.1224913], [20.3767949, 43.1225158],
     [20.3767868, 43.122539800000006],
     [20.3767868, 43.122570100000004], [20.3767935, 43.1226014],
     [20.376829100000002, 43.122685100000005],
     [20.376898100000002, 43.122810900000005],
     [20.376917300000002, 43.122846300000006],
     [20.376927900000002, 43.1228835],
     [20.3769296, 43.122921500000004], [20.3769247, 43.1229515],
     [20.3769142, 43.1229808], [20.3768894, 43.1230272],
     [20.376737900000002, 43.123222500000004],
     [20.376692300000002, 43.1232769], [20.376670800000003, 43.123317],
     [20.3766514, 43.123362500000006], [20.3766225, 43.1234017],
     [20.376536700000003, 43.1234844], [20.3763074, 43.1237374],
     [20.3762355, 43.123824600000006],
     [20.3761733, 43.123915600000004],
     [20.376123800000002, 43.124003900000005],
     [20.376083400000002, 43.1240947],
     [20.376044500000003, 43.124193500000004],
     [20.376012300000003, 43.1242973], [20.3759976, 43.1243952],
     [20.375973400000003, 43.1245312],
     [20.375943900000003, 43.124644800000006],
     [20.375893, 43.124845400000005], [20.3758564, 43.1249643],
     [20.3758152, 43.1250823], [20.375776300000002, 43.1252105],
     [20.3757454, 43.1253564],
     [20.375707900000002, 43.125475800000004], [20.375679, 43.1255356],
     [20.375646200000002, 43.1255942],
     [20.375605500000002, 43.125657700000005],
     [20.3755604, 43.1257195], [20.375467800000003, 43.1258252],
     [20.3754199, 43.1258873], [20.375382000000002, 43.125953],
     [20.3753591, 43.126007900000005],
     [20.375343100000002, 43.1260641],
     [20.375290800000002, 43.126343000000006],
     [20.3752533, 43.1266885],
     [20.375251900000002, 43.126760000000004],
     [20.3752694, 43.1268344], [20.3752801, 43.1269107],
     [20.3752774, 43.1269675], [20.3752667, 43.127035],
     [20.375261300000002, 43.127093800000004],
     [20.3752694, 43.127133900000004],
     [20.375285400000003, 43.1271956],
     [20.3753807, 43.127442200000004],
     [20.375441000000002, 43.127552800000004],
     [20.375504000000003, 43.1276615],
     [20.3756516, 43.127961000000006],
     [20.375666300000002, 43.1279977],
     [20.3756677, 43.128026500000004],
     [20.375663600000003, 43.1280544],
     [20.375636800000002, 43.1281411], [20.3756241, 43.1282213],
     [20.3755993, 43.1283339], [20.3755875, 43.128364600000005],
     [20.375572400000003, 43.1283946], [20.375547, 43.1284338],
     [20.375516100000002, 43.1284709],
     [20.3754685, 43.128525200000006], [20.3753686, 43.1286265],
     [20.3753339, 43.1286715], [20.375303600000002, 43.128718],
     [20.3752712, 43.128780000000006],
     [20.3752466, 43.128843800000006],
     [20.375239800000003, 43.1288908], [20.3752365, 43.1289339],
     [20.375223100000003, 43.128992600000004],
     [20.375121800000002, 43.129312600000006]]}},
  {"type":"Feature",
   "properties":{},
   "geometry":
   {"type":"LineString",
    "coordinates":
    [[20.372087800000003, 43.117257200000005],
     [20.372094800000003, 43.1172818],
     [20.372090500000002, 43.1173085],
     [20.3720642, 43.117339400000006],
     [20.372037900000002, 43.1173622],
     [20.371985300000002, 43.1174036], [20.3719112, 43.1174605],
     [20.3718733, 43.117493], [20.3718478, 43.1175233],
     [20.371735400000002, 43.117693800000005],
     [20.3715468, 43.1179325], [20.3714997, 43.1180529],
     [20.371504400000003, 43.118132100000004],
     [20.3716113, 43.1182491], [20.3716568, 43.118346700000004],
     [20.371649, 43.1184407], [20.371579800000003, 43.118498100000004],
     [20.371384900000002, 43.118547400000004],
     [20.3713079, 43.1185899], [20.371226200000002, 43.118692],
     [20.371113, 43.118748200000006], [20.3708804, 43.1187631],
     [20.3705551, 43.1187769], [20.3703161, 43.1187643],
     [20.370181000000002, 43.118718400000006],
     [20.3700222, 43.118688500000005],
     [20.369865100000002, 43.118687400000006],
     [20.3697707, 43.118708000000005],
     [20.369701600000003, 43.1187666],
     [20.369690600000002, 43.1188469],
     [20.369739300000003, 43.1189203], [20.3699562, 43.1190281],
     [20.370110200000003, 43.119133700000006], [20.370214, 43.1192427],
     [20.3703554, 43.1194308], [20.3705079, 43.119551300000005],
     [20.3708443, 43.1197785], [20.3710533, 43.119876000000005],
     [20.371273300000002, 43.119927600000004],
     [20.3713881, 43.1199827], [20.3715924, 43.1201203],
     [20.3718329, 43.1203452], [20.3719492, 43.120482900000006],
     [20.3720199, 43.120645800000005],
     [20.3720514, 43.120786900000006],
     [20.372093800000002, 43.1209257], [20.3721614, 43.1210037],
     [20.3723987, 43.121182700000006], [20.3724522, 43.1212412],
     [20.3724616, 43.1213192], [20.3723877, 43.1214615],
     [20.3723767, 43.121579600000004], [20.3723657, 43.1218251],
     [20.372351600000002, 43.121904300000004],
     [20.3723736, 43.121952500000006], [20.3724364, 43.1219697],
     [20.372584200000002, 43.121904300000004],
     [20.3727194, 43.121873300000004],
     [20.3729064, 43.121891700000006],
     [20.3731532, 43.121922700000006], [20.3733292, 43.1219204],
     [20.3735712, 43.1218596], [20.3737064, 43.1218343],
     [20.373887200000002, 43.1218286],
     [20.3740695, 43.121813700000004], [20.3742345, 43.1217563],
     [20.374544200000003, 43.1216473], [20.3747265, 43.1215406],
     [20.3749135, 43.1214041], [20.3750503, 43.121337600000004],
     [20.3752074, 43.121305400000004],
     [20.3757214, 43.121232000000006],
     [20.376110100000002, 43.121205200000006],
     [20.3761873, 43.121194300000006]]}},
  {"type":"Feature",
   "properties":{},
   "geometry":
   {"type":"LineString",
    "coordinates":
    [[20.372087800000003, 43.117257200000005],
     [20.3720687, 43.1167506], [20.3721457, 43.1165493],
     [20.372423100000002, 43.1162288]]}},
  {"type":"Feature",
   "properties":{},
   "geometry":
   {"type":"LineString",
    "coordinates":
    [[20.372423100000002, 43.1162288],
     [20.3723102, 43.116146400000005], [20.3722284, 43.1160821],
     [20.3721448, 43.116011300000004],
     [20.3720487, 43.115949900000004],
     [20.371923000000002, 43.1158805], [20.371849, 43.115858],
     [20.371713500000002, 43.115858], [20.3716118, 43.115858],
     [20.3714331, 43.115876]]}},
  {"type":"Feature",
   "properties":{},
   "geometry":
   {"type":"LineString",
    "coordinates":
    [[20.3714331, 43.115876], [20.371551200000003, 43.1157893],
     [20.3716569, 43.115679500000006], [20.3718033, 43.1156172],
     [20.3720554, 43.1155994], [20.3725066, 43.115658700000004],
     [20.372848100000002, 43.115738900000004],
     [20.373165200000003, 43.115756700000006],
     [20.373576800000002, 43.1158372],
     [20.374199700000002, 43.115987000000004],
     [20.3749146, 43.1161885], [20.375219, 43.116297],
     [20.3752897, 43.1163694], [20.3753829, 43.1161953],
     [20.3754396, 43.1160894], [20.3754148, 43.116014400000005],
     [20.3754113, 43.1159679], [20.375460800000003, 43.1159447],
     [20.3755741, 43.1159705], [20.375708500000002, 43.1159964],
     [20.375786400000003, 43.1159344], [20.3758231, 43.1158634],
     [20.375917400000002, 43.115681200000004],
     [20.376154500000002, 43.1154771],
     [20.376307800000003, 43.1154221]]}},
  {"type":"Feature",
   "properties":{},
   "geometry":
   {"type":"LineString",
    "coordinates":
    [[20.3768412, 43.1151319], [20.376728, 43.115171700000005],
     [20.3766471, 43.115200900000005],
     [20.376576800000002, 43.115230100000005],
     [20.376509000000002, 43.1152588], [20.3764493, 43.1152942],
     [20.3764098, 43.115324300000005], [20.3763682, 43.1153593],
     [20.376307800000003, 43.1154221]]}},
  {"type":"Feature",
   "properties":{},
   "geometry":
   {"type":"LineString",
    "coordinates":
    [[20.3768412, 43.1151319],
     [20.377021000000003, 43.114860500000006],
     [20.3772294, 43.114563100000005],
     [20.377533500000002, 43.114390400000005],
     [20.3779954, 43.1142356], [20.378528000000003, 43.1141103],
     [20.3786276, 43.1139833]]}},
  {"type":"Feature",
   "properties":{},
   "geometry":
   {"type":"LineString",
    "coordinates":
    [[20.3786276, 43.1139833], [20.3788252, 43.113947200000005],
     [20.3791453, 43.1138223],
     [20.379686200000002, 43.113572600000005]]}},
  {"type":"Feature",
   "properties":{},
   "geometry":
   {"type":"LineString",
    "coordinates":
    [[20.379686200000002, 43.113572600000005],
     [20.379861100000003, 43.1136057],
     [20.3804412, 43.113802500000006],
     [20.380721400000002, 43.114081000000006]]}},
  {"type":"Feature",
   "properties":{},
   "geometry":
   {"type":"LineString",
    "coordinates":
    [[20.3813804, 43.1143823], [20.3812578, 43.1142398],
     [20.3810194, 43.1141832],
     [20.380721400000002, 43.114081000000006]]}},
  {"type":"Feature",
   "properties":{},
   "geometry":
   {"type":"LineString",
    "coordinates":
    [[20.3813804, 43.1143823], [20.381614300000003, 43.1143665],
     [20.3816846, 43.1143445], [20.381834, 43.114266300000004],
     [20.3820778, 43.114023200000005],
     [20.382105300000003, 43.113815200000005]]}},
  {"type":"Feature",
   "properties":{},
   "geometry":
   {"type":"LineString",
    "coordinates":
    [[20.382105300000003, 43.113815200000005], [20.3821705, 43.113725],
     [20.382163600000002, 43.113404200000005],
     [20.3821327, 43.1133114], [20.3822666, 43.1132563],
     [20.3825173, 43.1132337], [20.382644300000003, 43.1131686],
     [20.3831558, 43.113161000000005],
     [20.3834133, 43.113181100000006],
     [20.383663900000002, 43.1131961],
     [20.383746300000002, 43.113176100000004],
     [20.383993500000003, 43.113080800000006],
     [20.3842098, 43.113018200000006], [20.3847111, 43.1129881]]}},
  {"type":"Feature",
   "properties":{},
   "geometry":
   {"type":"LineString",
    "coordinates":
    [[20.3847111, 43.1129881],
     [20.385126500000002, 43.112993100000004],
     [20.3852982, 43.1128653], [20.3854595, 43.112499400000004],
     [20.385291300000002, 43.112318900000005],
     [20.3854973, 43.1117049],
     [20.385713600000003, 43.111306400000004],
     [20.385971100000003, 43.1109881], [20.3861496, 43.1108853],
     [20.386311900000003, 43.1109093]]}},
  {"type":"Feature",
   "properties":{},
   "geometry":
   {"type":"LineString",
    "coordinates":
    [[20.3995545, 43.120742400000005], [20.399428, 43.120757700000006],
     [20.399299300000003, 43.1206285],
     [20.3992349, 43.120507100000005], [20.398972, 43.120233000000006],
     [20.398854, 43.1201273], [20.398714400000003, 43.120049],
     [20.3985857, 43.1199394],
     [20.398344400000003, 43.119680900000006], [20.39828, 43.1194891],
     [20.397743600000002, 43.1190623], [20.397427, 43.118823400000004],
     [20.397319800000002, 43.118655000000004],
     [20.397217700000002, 43.118471], [20.3969926, 43.118287],
     [20.3967083, 43.1179737], [20.3964132, 43.1176839],
     [20.3960966, 43.1175626], [20.3958982, 43.1173628],
     [20.3955656, 43.1172375], [20.3954154, 43.1172375],
     [20.3951365, 43.1172806], [20.3950399, 43.117206200000005],
     [20.394471300000003, 43.116626700000005],
     [20.3942351, 43.116528800000005],
     [20.3938329, 43.116403500000004],
     [20.393543100000002, 43.1162664],
     [20.393301700000002, 43.116317300000006],
     [20.3929639, 43.116352600000006],
     [20.392534700000002, 43.116317300000006],
     [20.3922987, 43.1163643], [20.392051900000002, 43.1161881],
     [20.3916603, 43.11582], [20.3911024, 43.115428400000006],
     [20.390828900000002, 43.1153932], [20.3906572, 43.1153344],
     [20.3903997, 43.115291400000004],
     [20.390072500000002, 43.115213000000004], [20.389595, 43.1149233],
     [20.3895038, 43.114829300000004],
     [20.389477000000003, 43.1147001],
     [20.3894609, 43.114527800000005],
     [20.389401900000003, 43.1143711],
     [20.389042500000002, 43.1138934],
     [20.3888655, 43.113709300000004],
     [20.388672200000002, 43.113470400000004], [20.3885435, 43.113396],
     [20.388109, 43.1132355], [20.3879266, 43.113078800000004],
     [20.3877336, 43.1126833], [20.3877068, 43.112413100000005],
     [20.387696000000002, 43.1122369],
     [20.3875028, 43.112119400000005], [20.3870416, 43.1120019],
     [20.3869021, 43.1118923], [20.3868699, 43.1117239],
     [20.3868538, 43.1113322], [20.3868161, 43.111206900000006],
     [20.3866498, 43.1110934], [20.386311900000003, 43.1109093]]}},
  {"type":"Feature",
   "properties":{},
   "geometry":
   {"type":"LineString",
    "coordinates":
    [[20.3995545, 43.120742400000005],
     [20.399561600000002, 43.120702400000006],
     [20.3995721, 43.1206432], [20.399615800000003, 43.1205816],
     [20.3996795, 43.120512000000005],
     [20.3997701, 43.120441400000004],
     [20.3998741, 43.120319800000004],
     [20.400007600000002, 43.120240300000006],
     [20.400104300000002, 43.120182500000006],
     [20.400190000000002, 43.1201031],
     [20.400201000000003, 43.1200563],
     [20.4001904, 43.120006100000005], [20.4001705, 43.1199493],
     [20.4001188, 43.1199018]]}},
  {"type":"Feature",
   "properties":{},
   "geometry":
   {"type":"LineString",
    "coordinates":
    [[20.4001188, 43.1199018], [20.4000741, 43.119828000000005],
     [20.399969600000002, 43.1197831], [20.39975, 43.119747800000006],
     [20.3995785, 43.1197236], [20.3994815, 43.119677700000004],
     [20.3993734, 43.1195329], [20.399266, 43.119359],
     [20.3992273, 43.119147000000005],
     [20.399195600000002, 43.119067400000006],
     [20.3991931, 43.119015600000004], [20.3992185, 43.1189416],
     [20.3992463, 43.1188194], [20.3992603, 43.118709300000006],
     [20.3992603, 43.118634400000005],
     [20.3991994, 43.118469600000005]]}},
  {"type":"Feature",
   "properties":{},
   "geometry":
   {"type":"LineString",
    "coordinates":
    [[20.3991994, 43.118469600000005], [20.399367, 43.118266600000005],
     [20.399374400000003, 43.1181015],
     [20.399240900000002, 43.1175967],
     [20.399107400000002, 43.117356300000004],
     [20.3989276, 43.1171415], [20.3987804, 43.116731800000004],
     [20.398954800000002, 43.1165249], [20.3994453, 43.1167437],
     [20.4012056, 43.117722300000004],
     [20.401407300000002, 43.1180923], [20.401625300000003, 43.118319],
     [20.401941400000002, 43.118498100000004],
     [20.4022793, 43.118514000000005],
     [20.402600800000002, 43.1184941],
     [20.403249300000002, 43.1186492],
     [20.4035273, 43.118852100000005], [20.4040927, 43.1193894]]}},
  {"type":"Feature",
   "properties":{},
   "geometry":
   {"type":"LineString",
    "coordinates":
    [[20.4040927, 43.1193894], [20.4042043, 43.119469900000006],
     [20.404252500000002, 43.119542100000004],
     [20.4044642, 43.1196606], [20.404672100000003, 43.1197244],
     [20.404829300000003, 43.119729], [20.405180400000003, 43.1197068],
     [20.405344000000003, 43.1197225], [20.405415, 43.1197522],
     [20.4055037, 43.1197614], [20.4056381, 43.1198077],
     [20.4057065, 43.119816], [20.406112200000003, 43.1199585],
     [20.406311000000002, 43.1199628],
     [20.406649700000003, 43.1200107], [20.406873, 43.120065200000006],
     [20.407067400000003, 43.1201321], [20.4071587, 43.1201657],
     [20.4072649, 43.1203112], [20.407365900000002, 43.1204721],
     [20.4074078, 43.1205609], [20.4074217, 43.120662700000004],
     [20.4075928, 43.120915000000004],
     [20.4078206, 43.121101100000004],
     [20.407969100000003, 43.1212439], [20.4081103, 43.1214029],
     [20.4082192, 43.121477000000006],
     [20.4083232, 43.121603500000006],
     [20.408466800000003, 43.121818600000005],
     [20.4085807, 43.122131200000005],
     [20.408696900000002, 43.122351900000005],
     [20.4087862, 43.122536000000004],
     [20.408823400000003, 43.1227095],
     [20.408845600000003, 43.122855900000005],
     [20.4089199, 43.1229571],
     [20.408967200000003, 43.123055400000005], [20.4091583, 43.123237],
     [20.409380000000002, 43.123435900000004],
     [20.4095625, 43.1235852], [20.409738, 43.1237304],
     [20.409868300000003, 43.1238662],
     [20.409935700000002, 43.124007500000005],
     [20.409958900000003, 43.1244067], [20.4100173, 43.1246019],
     [20.4100435, 43.1247403], [20.4100985, 43.1248603],
     [20.4102423, 43.125159200000006],
     [20.410559000000003, 43.1254925],
     [20.4106853, 43.125657000000004], [20.4109103, 43.1258442],
     [20.4110777, 43.125997000000005],
     [20.411357000000002, 43.1262793],
     [20.4114887, 43.126427400000004], [20.4115964, 43.126519],
     [20.411809400000003, 43.1266527],
     [20.412188200000003, 43.126874]]}},
  {"type":"Feature",
   "properties":{},
   "geometry":
   {"type":"LineString",
    "coordinates":
    [[20.412188200000003, 43.126874], [20.4123541, 43.1268515],
     [20.412482800000003, 43.126932800000006],
     [20.412770100000003, 43.1270159],
     [20.412940900000002, 43.127012300000004],
     [20.4130721, 43.1269834], [20.413295, 43.1269888],
     [20.413540100000002, 43.1269689],
     [20.4137208, 43.126871300000005],
     [20.413849600000002, 43.1268352], [20.4139486, 43.1268533],
     [20.414074900000003, 43.126925500000006],
     [20.4141616, 43.1270195], [20.4142383, 43.127075500000004],
     [20.4143943, 43.1271153], [20.4144834, 43.1272074],
     [20.4145131, 43.1272978], [20.4145998, 43.1274297],
     [20.4147059, 43.1274991], [20.4147186, 43.127507400000006]]}},
  {"type":"Feature",
   "properties":{},
   "geometry":
   {"type":"LineString",
    "coordinates":
    [[20.4147186, 43.127507400000006],
     [20.4148393, 43.127446000000006], [20.4149239, 43.1274425],
     [20.4150835, 43.127391100000004], [20.4152667, 43.1272061],
     [20.415438100000003, 43.127231800000004],
     [20.415482700000002, 43.1272643],
     [20.4155625, 43.127437400000005], [20.4157081, 43.1274357],
     [20.4157809, 43.127493900000005],
     [20.4157879, 43.127550500000005], [20.4160791, 43.1277099],
     [20.4161612, 43.1277321], [20.4162857, 43.1278315],
     [20.4163514, 43.1278281],
     [20.416609700000002, 43.128042300000004],
     [20.416609700000002, 43.128080000000004],
     [20.4167013, 43.1281486], [20.4170206, 43.1281383],
     [20.4170981, 43.128201700000005], [20.4171732, 43.1285255],
     [20.417248400000002, 43.1285924], [20.4173399, 43.1286027],
     [20.4174456, 43.128655800000004],
     [20.417450300000002, 43.1289128],
     [20.417398600000002, 43.1289522], [20.4173845, 43.1290362],
     [20.417365800000002, 43.1291099],
     [20.4173845, 43.129295000000006],
     [20.417365800000002, 43.1293841],
     [20.4173963, 43.129476600000004], [20.417401, 43.1295914],
     [20.417459700000002, 43.1297319],
     [20.4175183, 43.129816000000005],
     [20.4174714, 43.129966700000004],
     [20.417427500000002, 43.1300146]]}},
  {"type":"Feature",
   "properties":{},
   "geometry":
   {"type":"LineString",
    "coordinates":
    [[20.417427500000002, 43.1300146],
     [20.4174964, 43.130079800000004], [20.4175289, 43.1301396],
     [20.4175329, 43.130189300000005], [20.41767, 43.1302663],
     [20.4177544, 43.1303101], [20.417951600000002, 43.1304463],
     [20.418053800000003, 43.1306139], [20.4181065, 43.1306689],
     [20.418085400000002, 43.1306073],
     [20.4180505, 43.130486600000005],
     [20.417962900000003, 43.1304303],
     [20.417887200000003, 43.1303654], [20.4178779, 43.1303361],
     [20.4177882, 43.130284100000004],
     [20.417729400000002, 43.130220900000005],
     [20.4177696, 43.1302005], [20.4177387, 43.1301124],
     [20.417751000000003, 43.130006300000005],
     [20.417766500000003, 43.1299227], [20.4178408, 43.1297894],
     [20.417983200000002, 43.1296133],
     [20.418172000000002, 43.1293625],
     [20.418113100000003, 43.1290938],
     [20.418103900000002, 43.1289808],
     [20.418144100000003, 43.128874700000004],
     [20.4181874, 43.1288476], [20.418271, 43.1288792],
     [20.418366900000002, 43.128944700000005],
     [20.4184598, 43.1290215], [20.4184938, 43.1290667],
     [20.418571200000002, 43.129111800000004],
     [20.4186145, 43.129213500000006], [20.4186145, 43.1292903],
     [20.4186641, 43.129434800000006],
     [20.4186729, 43.129579400000004],
     [20.418783100000002, 43.1296502], [20.418824400000002, 43.129798],
     [20.418930200000002, 43.1299221],
     [20.418985900000003, 43.129983700000004],
     [20.4190726, 43.1300424],
     [20.419229400000003, 43.130165000000005],
     [20.4194718, 43.130302400000005]]}},
  {"type":"Feature",
   "properties":{},
   "geometry":
   {"type":"LineString",
    "coordinates":
    [[20.4194718, 43.130302400000005], [20.419482000000002, 43.130338],
     [20.4195272, 43.1304907]]}},
  {"type":"Feature",
   "properties":{},
   "geometry":
   {"type":"LineString",
    "coordinates":
    [[20.4195272, 43.1304907], [20.4195491, 43.1306953],
     [20.4195613, 43.1308851], [20.419596900000002, 43.1309483],
     [20.419616100000002, 43.130909200000005],
     [20.4198185, 43.1308923], [20.4198752, 43.130889],
     [20.4198822, 43.131036200000004],
     [20.420068200000003, 43.1310615], [20.4201686, 43.1311212]]}},
  {"type":"Feature",
   "properties":{},
   "geometry":
   {"type":"LineString",
    "coordinates":
    [[20.4201686, 43.1311212], [20.4202263, 43.131152300000004],
     [20.4202669, 43.131171900000005], [20.4203456, 43.1312098]]}},
  {"type":"Feature",
   "properties":{},
   "geometry":
   {"type":"LineString",
    "coordinates":
    [[20.4203456, 43.1312098], [20.4204751, 43.1312796]]}},
  {"type":"Feature",
   "properties":{},
   "geometry":
   {"type":"LineString",
    "coordinates":
    [[20.4204751, 43.1312796],
     [20.420759800000003, 43.131440700000006],
     [20.4206293, 43.131617000000006]]}},
  {"type":"Feature",
   "properties":{},
   "geometry":
   {"type":"LineString",
    "coordinates":
    [[20.4198813, 43.1318605],
     [20.419970000000003, 43.131795700000005],
     [20.4201194, 43.1317054], [20.4202572, 43.131630400000006],
     [20.420381000000003, 43.131589500000004],
     [20.420490700000002, 43.1315861],
     [20.4206293, 43.131617000000006]]}},
  {"type":"Feature",
   "properties":{},
   "geometry":
   {"type":"LineString",
    "coordinates":
    [[20.4198813, 43.1318605], [20.4199361, 43.1318836],
     [20.420282, 43.131876000000005], [20.4204072, 43.132038300000005],
     [20.4204054, 43.132184200000005],
     [20.4206331, 43.132213400000005],
     [20.420690500000003, 43.1323403],
     [20.420641800000002, 43.1326295],
     [20.420819100000003, 43.1328654],
     [20.421614700000003, 43.1332126],
     [20.4216409, 43.133259200000005], [20.4215208, 43.1335058],
     [20.4215884, 43.1335743], [20.421517, 43.133642800000004],
     [20.4212129, 43.133708600000006],
     [20.420931300000003, 43.1336675],
     [20.420758600000003, 43.133664800000005],
     [20.421089000000002, 43.134048400000005],
     [20.421539600000003, 43.1342457], [20.4219939, 43.1343827],
     [20.4225008, 43.134637500000004], [20.4230753, 43.1349937],
     [20.4237211, 43.1352266], [20.4240365, 43.135448600000004]]}},
  {"type":"Feature",
   "properties":{},
   "geometry":
   {"type":"LineString",
    "coordinates":
    [[20.4240365, 43.135448600000004],
     [20.4240478, 43.135508900000005], [20.4241867, 43.1356842],
     [20.4243557, 43.13595], [20.424460800000002, 43.136087],
     [20.4246261, 43.1361445], [20.4249903, 43.136174700000005],
     [20.4254634, 43.1363555], [20.4260379, 43.136824100000005],
     [20.426259400000003, 43.1369611], [20.4265298, 43.1372433],
     [20.4266687, 43.1374926], [20.4266049, 43.1375995],
     [20.4267776, 43.1379146], [20.4270141, 43.138290000000005],
     [20.427400900000002, 43.138879], [20.4276637, 43.139248900000005],
     [20.4278139, 43.139643500000005], [20.4279416, 43.140386],
     [20.427967900000002, 43.140692800000004],
     [20.427926600000003, 43.141136700000004],
     [20.4281106, 43.1415723], [20.4283246, 43.1417641],
     [20.428839, 43.1418162], [20.429616300000003, 43.1418216],
     [20.4302245, 43.141706600000006], [20.4307315, 43.1416764],
     [20.4310844, 43.1417038], [20.4316551, 43.1415257],
     [20.4323273, 43.1411285], [20.4325601, 43.140780500000005],
     [20.4325638, 43.1406435], [20.432687700000002, 43.1405449],
     [20.4327103, 43.1404627], [20.4322433, 43.1404598],
     [20.432111900000002, 43.1403776],
     [20.432156900000003, 43.1402516],
     [20.432404700000003, 43.1400762], [20.4325887, 43.1398981],
     [20.432232000000003, 43.139807700000006],
     [20.432172400000002, 43.1397257]]}},
  {"type":"Feature",
   "properties":{},
   "geometry":
   {"type":"LineString",
    "coordinates":
    [[20.4331608, 43.1393398], [20.4331, 43.1393977],
     [20.432975000000003, 43.139431], [20.432877, 43.1394594],
     [20.4327553, 43.139537000000004],
     [20.4325052, 43.139633200000006], [20.4322856, 43.1397047],
     [20.432172400000002, 43.1397257]]}},
  {"type":"Feature",
   "properties":{},
   "geometry":
   {"type":"LineString",
    "coordinates":
    [[20.439825000000003, 43.138746700000006],
     [20.439625600000003, 43.1387221],
     [20.439351900000002, 43.138741800000005],
     [20.4389058, 43.138791100000006], [20.4386827, 43.1388601],
     [20.4384158, 43.1388971], [20.438213, 43.138968600000005],
     [20.437905500000003, 43.1392522],
     [20.4375101, 43.139575300000004],
     [20.4373073, 43.139723200000006],
     [20.4371823, 43.139802100000004], [20.437087700000003, 43.139812],
     [20.437003200000003, 43.139762700000006],
     [20.436945700000003, 43.139575300000004],
     [20.4367835, 43.139062300000006], [20.4367193, 43.1389884],
     [20.4365166, 43.139057400000006], [20.4363138, 43.1391215],
     [20.436124600000003, 43.139089500000004],
     [20.4359252, 43.1390599], [20.4355602, 43.1390278],
     [20.4352459, 43.138963700000005],
     [20.434958700000003, 43.1388848],
     [20.434725500000003, 43.1388577],
     [20.4344754, 43.138909500000004], [20.4337184, 43.1391252],
     [20.433334900000002, 43.1392621], [20.4331608, 43.1393398]]}},
  {"type":"Feature",
   "properties":{},
   "geometry":
   {"type":"LineString",
    "coordinates":
    [[20.439825000000003, 43.138746700000006],
     [20.4401233, 43.138722400000006],
     [20.440479800000002, 43.1386434], [20.4411221, 43.1387498],
     [20.4412083, 43.138684700000006]]}},
  {"type":"Feature",
   "properties":{},
   "geometry":
   {"type":"LineString",
    "coordinates":
    [[20.4412083, 43.138684700000006],
     [20.4413197, 43.138728300000004],
     [20.441408000000003, 43.138759300000004],
     [20.4414978, 43.1387872], [20.4416096, 43.1388161],
     [20.441699, 43.1388346], [20.4417605, 43.138845],
     [20.4418432, 43.138859800000006], [20.4419469, 43.1388745],
     [20.442010800000002, 43.138881100000006],
     [20.4420943, 43.138887700000005], [20.4421806, 43.1388879],
     [20.4422585, 43.138884000000004], [20.442340700000003, 43.138879],
     [20.4424284, 43.138870100000005],
     [20.442573300000003, 43.1388565], [20.442689, 43.1388497],
     [20.442766300000002, 43.1388474], [20.442827, 43.1388491],
     [20.442900400000003, 43.1388533],
     [20.4430185, 43.138865700000004],
     [20.443103100000002, 43.1388812],
     [20.443204400000003, 43.138902800000004],
     [20.4436371, 43.139008700000005], [20.443911, 43.1390782],
     [20.444196, 43.1391519], [20.444399200000003, 43.1392098],
     [20.4445832, 43.1392655], [20.4446768, 43.139295000000004],
     [20.4447639, 43.1393246],
     [20.444818700000003, 43.139344200000004],
     [20.444883, 43.1393684]]}},
  {"type":"Feature",
   "properties":{},
   "geometry":
   {"type":"LineString",
    "coordinates":
    [[20.444883, 43.1393684], [20.4450161, 43.1394238],
     [20.4451654, 43.139488500000006],
     [20.4453211, 43.139560200000005]]}},
  {"type":"Feature",
   "properties":{},
   "geometry":
   {"type":"LineString",
    "coordinates":
    [[20.4453211, 43.139560200000005],
     [20.445320000000002, 43.1394676],
     [20.445642900000003, 43.1394156], [20.4460447, 43.139443],
     [20.446581600000002, 43.139610100000006],
     [20.4473251, 43.1398786], [20.4474261, 43.139856900000005]]}},
  {"type":"Feature",
   "properties":{},
   "geometry":
   {"type":"LineString",
    "coordinates":
    [[20.447394000000003, 43.1397575],
     [20.4474261, 43.139856900000005]]}},
  {"type":"Feature",
   "properties":{},
   "geometry":
   {"type":"LineString",
    "coordinates":
    [[20.4474869, 43.1370701], [20.4474078, 43.1371094],
     [20.4469755, 43.1372852], [20.446799300000002, 43.1373483],
     [20.446751000000003, 43.137446100000005],
     [20.446755600000003, 43.137586600000006],
     [20.4469487, 43.1377432], [20.447115, 43.137970200000005],
     [20.4473403, 43.138443800000005],
     [20.447394000000003, 43.138713900000006],
     [20.4473948, 43.1389415], [20.447142600000003, 43.1393329],
     [20.447152600000003, 43.1394498],
     [20.4472974, 43.139641600000004],
     [20.447373300000002, 43.1397204],
     [20.447394000000003, 43.1397575]]}},
  {"type":"Feature",
   "properties":{},
   "geometry":
   {"type":"LineString",
    "coordinates":
    [[20.4475991, 43.137019900000006], [20.4474869, 43.1370701]]}},
  {"type":"Feature",
   "properties":{},
   "geometry":
   {"type":"LineString",
    "coordinates":
    [[20.4494753, 43.1356801], [20.4494753, 43.1358681],
     [20.4495566, 43.135989900000006],
     [20.449630900000002, 43.136146000000004],
     [20.4496049, 43.1362326], [20.4495451, 43.1362752],
     [20.4494815, 43.1362953], [20.449346600000002, 43.1362869],
     [20.4490033, 43.136236100000005],
     [20.448703700000003, 43.1362522], [20.448569600000003, 43.136307],
     [20.4484722, 43.136380900000006], [20.4484454, 43.1364905],
     [20.4484722, 43.136647100000005], [20.4483764, 43.1368159],
     [20.4481986, 43.1369289], [20.4480055, 43.136979800000006],
     [20.4478338, 43.136979800000006],
     [20.447730500000002, 43.1369769],
     [20.4475991, 43.137019900000006]]}},
  {"type":"Feature",
   "properties":{},
   "geometry":
   {"type":"LineString",
    "coordinates":
    [[20.4494753, 43.1356801],
     [20.449601400000002, 43.135674200000004],
     [20.4497167, 43.1356801], [20.449799900000002, 43.1357153],
     [20.449888400000003, 43.1357623],
     [20.4500037, 43.135871900000005],
     [20.450089600000002, 43.135934500000005],
     [20.450194200000002, 43.1359952],
     [20.450314900000002, 43.1360383], [20.450398, 43.1360657],
     [20.450567000000003, 43.136102900000004],
     [20.450800400000002, 43.136149800000005],
     [20.450980100000002, 43.136192900000005],
     [20.4511195, 43.1362516], [20.4512161, 43.136279],
     [20.4513636, 43.1362888], [20.4515058, 43.136310300000005],
     [20.4516506, 43.1363064], [20.4517686, 43.1363064],
     [20.4519457, 43.1363338], [20.4522434, 43.136406300000004],
     [20.4524928, 43.136496300000005], [20.4526994, 43.1365922],
     [20.452871000000002, 43.1366803],
     [20.453082900000002, 43.136764400000004],
     [20.453305500000003, 43.136854500000005],
     [20.453541400000002, 43.1368239], [20.4536848, 43.1368853]]}},
  {"type":"Feature",
   "properties":{},
   "geometry":
   {"type":"LineString",
    "coordinates":
    [[20.4587356, 43.136687200000004], [20.458456, 43.1366597],
     [20.4582814, 43.136658100000005],
     [20.4581005, 43.136655000000005],
     [20.457985700000002, 43.136646000000006],
     [20.457837100000003, 43.136644800000006],
     [20.457718200000002, 43.136633200000006],
     [20.4576232, 43.136625900000006], [20.4575317, 43.1366153],
     [20.4573985, 43.136603400000006], [20.4572119, 43.1366044],
     [20.457076500000003, 43.1366019],
     [20.456947200000002, 43.1365757],
     [20.4567851, 43.136546200000005],
     [20.456553200000002, 43.136515800000005],
     [20.456241300000002, 43.1365478], [20.4559539, 43.1366105],
     [20.4556042, 43.136649500000004],
     [20.455311000000002, 43.1366863],
     [20.4548582, 43.136762700000006],
     [20.454210800000002, 43.136917600000004],
     [20.4539559, 43.136943800000005], [20.4538209, 43.1369405],
     [20.453763900000002, 43.136923100000004],
     [20.4536848, 43.1368853]]}},
  {"type":"Feature",
   "properties":{},
   "geometry":
   {"type":"LineString",
    "coordinates":
    [[20.4587356, 43.136687200000004], [20.4587818, 43.1367063],
     [20.458815400000002, 43.1367258], [20.4589229, 43.1367728],
     [20.459048000000003, 43.1369186],
     [20.459089900000002, 43.136936500000004], [20.45926, 43.136972],
     [20.459824100000002, 43.137042900000004],
     [20.4601781, 43.1371089], [20.460549800000003, 43.1371619],
     [20.4609928, 43.137202900000005], [20.4613361, 43.1372499],
     [20.461497, 43.137246000000005],
     [20.461641800000002, 43.137183400000005], [20.461766, 43.1370743],
     [20.4618886, 43.1369211], [20.462045, 43.1368316],
     [20.4622534, 43.136780200000004], [20.462779100000002, 43.136741],
     [20.463248200000002, 43.1365993],
     [20.463401400000002, 43.1365531],
     [20.463729400000002, 43.1363501],
     [20.464018300000003, 43.136255600000005],
     [20.464267200000002, 43.1361074],
     [20.4643884, 43.136082300000005], [20.4646064, 43.13606],
     [20.4648226, 43.1360298], [20.4649009, 43.136008000000004],
     [20.4649827, 43.1359858], [20.4651822, 43.135910700000004],
     [20.465370800000002, 43.135828800000006],
     [20.4655394, 43.1357281], [20.4657912, 43.1357239],
     [20.4659875, 43.1357105], [20.466176400000002, 43.1356896],
     [20.4664749, 43.135632], [20.466686300000003, 43.135588000000006],
     [20.4668509, 43.135563700000006],
     [20.467110700000003, 43.1355396],
     [20.467666400000002, 43.1355135],
     [20.4680544, 43.135463900000005],
     [20.468376600000003, 43.135409700000004],
     [20.4687287, 43.135328300000005], [20.4688309, 43.135297],
     [20.468916, 43.1352671],
     [20.469177600000002, 43.135245700000006]]}},
  {"type":"Feature",
   "properties":{},
   "geometry":
   {"type":"LineString",
    "coordinates":
    [[20.469177600000002, 43.135245700000006],
     [20.469314800000003, 43.135220200000006],
     [20.469380100000002, 43.1351595], [20.4694739, 43.1351467],
     [20.4695517, 43.135136900000006],
     [20.4696254, 43.135122300000006],
     [20.469743400000002, 43.135107600000005],
     [20.4699125, 43.1350968], [20.4700801, 43.1350763],
     [20.470292, 43.135085100000005], [20.470431400000002, 43.1350988],
     [20.4705628, 43.1351219], [20.470587000000002, 43.1351262],
     [20.4707846, 43.1351707], [20.4708347, 43.1351803],
     [20.4711433, 43.1352394], [20.4715034, 43.135299700000004],
     [20.471735000000002, 43.135327800000006],
     [20.471914700000003, 43.1353395], [20.4720312, 43.1353397],
     [20.472144, 43.135339800000004], [20.472323600000003, 43.135336],
     [20.4725609, 43.1353309], [20.4726684, 43.135327800000006],
     [20.4727794, 43.13532], [20.473188800000003, 43.135265100000005],
     [20.4736163, 43.135193900000004],
     [20.4742257, 43.135061500000006], [20.4742493, 43.1350569],
     [20.474552000000003, 43.1349979], [20.4745685, 43.1349965],
     [20.474655900000002, 43.1349892], [20.4748628, 43.1349864],
     [20.475177900000002, 43.1349821], [20.4752097, 43.1349803],
     [20.475511100000002, 43.134963500000005],
     [20.475686500000002, 43.134932500000005],
     [20.4760181, 43.1348739], [20.476314300000002, 43.1347754],
     [20.4765768, 43.134643000000004],
     [20.4769361, 43.134460100000005], [20.477242500000003, 43.134346],
     [20.4775136, 43.1342883], [20.4775601, 43.1342784],
     [20.477877000000003, 43.134190800000006],
     [20.4787074, 43.1338694], [20.4792267, 43.1336755],
     [20.4795014, 43.1336061], [20.479613, 43.133566],
     [20.4799513, 43.133430000000004],
     [20.480272900000003, 43.1333008], [20.4805458, 43.1332236],
     [20.4807306, 43.1332237], [20.480849000000003, 43.1332237],
     [20.4811179, 43.1332377], [20.4813532, 43.1332553],
     [20.4815073, 43.133276300000006],
     [20.481812100000003, 43.1333451],
     [20.4821925, 43.133471500000006], [20.4824148, 43.1335366],
     [20.482615900000003, 43.133584600000006],
     [20.4828167, 43.1336226],
     [20.482875200000002, 43.133633700000004], [20.483041, 43.1336512],
     [20.4832229, 43.1336547], [20.4835329, 43.133647700000004],
     [20.483701, 43.133647700000004], [20.483984300000003, 43.1337248],
     [20.4841093, 43.1337739], [20.4844019, 43.133895700000004],
     [20.4846776, 43.1340104], [20.4851418, 43.1342622]]}},
  {"type":"Feature",
   "properties":{},
   "geometry":
   {"type":"LineString",
    "coordinates":
    [[20.4983869, 43.1348472], [20.498023800000002, 43.1348866],
     [20.497726800000002, 43.1349121], [20.4974524, 43.1349121],
     [20.497250400000002, 43.1348852],
     [20.497195700000002, 43.134885000000004],
     [20.496806000000003, 43.1348118], [20.4957894, 43.1346873],
     [20.4953048, 43.134638900000006],
     [20.494675700000002, 43.134554200000004],
     [20.4942502, 43.134537300000005],
     [20.4939475, 43.134530000000005],
     [20.493621100000002, 43.1345222],
     [20.493143200000002, 43.1344918],
     [20.4927843, 43.134472900000006], [20.4926639, 43.1344666],
     [20.492551600000002, 43.134460700000005],
     [20.492113200000002, 43.134447800000004], [20.492094, 43.134447],
     [20.491999800000002, 43.134449700000005],
     [20.4919069, 43.1344487], [20.4918388, 43.1344445],
     [20.4917537, 43.134433300000005],
     [20.4915854, 43.134402400000006],
     [20.4913396, 43.134345200000006],
     [20.4912779, 43.134328800000006], [20.4911666, 43.1343041],
     [20.4910932, 43.1342943], [20.4910436, 43.1342926],
     [20.490999000000002, 43.1342968],
     [20.4909457, 43.134312200000004], [20.4908876, 43.1343405],
     [20.490773700000002, 43.134424200000005],
     [20.490722700000003, 43.1344529], [20.490660300000002, 43.134481],
     [20.4905842, 43.134500100000004],
     [20.490522900000002, 43.134512300000004],
     [20.490386100000002, 43.1345304],
     [20.4902738, 43.134534300000006], [20.490137, 43.1345297],
     [20.4897898, 43.1344957], [20.489562000000003, 43.1345341],
     [20.4893635, 43.1345995], [20.4891289, 43.134697300000006],
     [20.4890809, 43.134737200000004],
     [20.4889596, 43.134920900000004], [20.4889157, 43.1349783],
     [20.488814400000003, 43.1350562], [20.4882317, 43.1352763],
     [20.4879958, 43.135356], [20.487823000000002, 43.135391600000005],
     [20.487623600000003, 43.1353996], [20.4875277, 43.1353926],
     [20.4874364, 43.135371500000005],
     [20.487205900000003, 43.1352629], [20.4869947, 43.1351473],
     [20.486885400000002, 43.1350962],
     [20.4862745, 43.134810900000005],
     [20.485461400000002, 43.1344252],
     [20.485229200000003, 43.134306800000005],
     [20.4851418, 43.1342622]]}},
  {"type":"Feature",
   "properties":{},
   "geometry":
   {"type":"LineString",
    "coordinates":
    [[20.4983869, 43.1348472], [20.4984144, 43.1352277]]}},
  {"type":"Feature",
   "properties":{},
   "geometry":
   {"type":"LineString",
    "coordinates":
    [[20.4982025, 43.135256000000005], [20.4984144, 43.1352277]]}},
  {"type":"Feature",
   "properties":{},
   "geometry":
   {"type":"LineString",
    "coordinates":
    [[20.497365300000002, 43.137243600000005],
     [20.4973844, 43.1369923], [20.4974226, 43.136105300000004],
     [20.497442600000003, 43.1358523],
     [20.497464700000002, 43.1356131],
     [20.4974776, 43.135578800000005], [20.4974949, 43.135548],
     [20.4975177, 43.1355176], [20.4975606, 43.135478500000005],
     [20.497613100000002, 43.135432200000004],
     [20.4976813, 43.1353865], [20.497757800000002, 43.1353542],
     [20.4978409, 43.1353317], [20.4979993, 43.1352951],
     [20.4982025, 43.135256000000005]]}},
  {"type":"Feature",
   "properties":{},
   "geometry":
   {"type":"LineString",
    "coordinates":
    [[20.497365300000002, 43.137243600000005],
     [20.497482400000003, 43.1373607],
     [20.4986845, 43.137430900000005], [20.4999325, 43.1375143],
     [20.500208, 43.1375581], [20.5005977, 43.1376405],
     [20.5015968, 43.138002500000006],
     [20.501869600000003, 43.138114900000005],
     [20.502052900000002, 43.1381992], [20.5021808, 43.1382872],
     [20.502345700000003, 43.1383889], [20.5024503, 43.1384437],
     [20.5025893, 43.1384909], [20.503011700000002, 43.1385936],
     [20.5048073, 43.1388015], [20.5053358, 43.138862700000004],
     [20.505710500000003, 43.138899800000004],
     [20.5059627, 43.1389164], [20.5062719, 43.1389264],
     [20.5063891, 43.1389331], [20.5064803, 43.1389468],
     [20.5066555, 43.1389714], [20.5068558, 43.1390192],
     [20.5072362, 43.1391399], [20.5073681, 43.1391934],
     [20.5076278, 43.139315800000006], [20.5077812, 43.1394067],
     [20.5078622, 43.1394595]]}},
  {"type":"Feature",
   "properties":{},
   "geometry":
   {"type":"LineString",
    "coordinates":
    [[20.5078622, 43.1394595], [20.507681, 43.139592500000006]]}},
  {"type":"Feature",
   "properties":{},
   "geometry":
   {"type":"LineString",
    "coordinates":
    [[20.512214200000003, 43.1400458],
     [20.510529100000003, 43.1403398], [20.5103146, 43.140354],
     [20.5100772, 43.140367700000006], [20.5096785, 43.1403824],
     [20.509497800000002, 43.140390200000006],
     [20.509357, 43.140390200000006], [20.509137600000003, 43.140379],
     [20.5089547, 43.140350000000005],
     [20.5088152, 43.140320700000004], [20.5086757, 43.1402792],
     [20.508547, 43.1402238], [20.5084607, 43.140180300000004],
     [20.5083217, 43.1400937],
     [20.508208200000002, 43.140019200000005],
     [20.5079435, 43.139794200000004], [20.507755, 43.139644700000005],
     [20.507681, 43.139592500000006]]}},
  {"type":"Feature",
   "properties":{},
   "geometry":
   {"type":"LineString",
    "coordinates":
    [[20.5159859, 43.1401373], [20.515998200000002, 43.1400388],
     [20.5157926, 43.140024700000005],
     [20.515135800000003, 43.139972300000004],
     [20.5145462, 43.139920100000005], [20.51424, 43.1398999],
     [20.5139961, 43.1398917], [20.5136861, 43.139898900000006],
     [20.513362400000002, 43.139914600000004],
     [20.5131349, 43.1399312], [20.5128224, 43.139959600000005],
     [20.512214200000003, 43.1400458]]}},
  {"type":"Feature",
   "properties":{},
   "geometry":
   {"type":"LineString",
    "coordinates":
    [[20.5159859, 43.1401373], [20.5160692, 43.1401504],
     [20.5161202, 43.1401817],
     [20.516168500000003, 43.140219900000005],
     [20.5162231, 43.1402762], [20.5162556, 43.1403315],
     [20.516299200000002, 43.140410700000004],
     [20.5163428, 43.1404822],
     [20.516383100000002, 43.140536000000004],
     [20.516430200000002, 43.140591400000005],
     [20.5164917, 43.1406544],
     [20.516545400000002, 43.140725800000006]]}},
  {"type":"Feature",
   "properties":{},
   "geometry":
   {"type":"LineString",
    "coordinates":
    [[20.516765900000003, 43.1409315],
     [20.5167103, 43.140871600000004], [20.5166577, 43.140822],
     [20.5165867, 43.1407612],
     [20.516545400000002, 43.140725800000006]]}},
  {"type":"Feature",
   "properties":{},
   "geometry":
   {"type":"LineString",
    "coordinates":
    [[20.516769, 43.140971300000004],
     [20.516765900000003, 43.1409315]]}},
  {"type":"Feature",
   "properties":{},
   "geometry":
   {"type":"LineString",
    "coordinates":
    [[20.516769, 43.140971300000004], [20.516871000000002, 43.1409481],
     [20.5175015, 43.1408398], [20.5176169, 43.1409019]]}},
  {"type":"Feature",
   "properties":{},
   "geometry":
   {"type":"LineString",
    "coordinates":
    [[20.5176169, 43.1409019], [20.5174157, 43.141262100000006],
     [20.5173248, 43.141368], [20.517173, 43.1415449],
     [20.516763400000002, 43.1419921],
     [20.5167134, 43.142036000000004], [20.5165979, 43.1421543],
     [20.5157056, 43.1429191],
     [20.515013500000002, 43.143457100000006],
     [20.5149593, 43.1435012]]}},
  {"type":"Feature",
   "properties":{},
   "geometry":
   {"type":"LineString",
    "coordinates":
    [[20.5133741, 43.144783600000004],
     [20.513674100000003, 43.144546500000004],
     [20.5137919, 43.144474900000006],
     [20.513847000000002, 43.144429200000005],
     [20.513860100000002, 43.1444184], [20.5142978, 43.1440554],
     [20.5143337, 43.1440282], [20.5145954, 43.143797500000005],
     [20.5149593, 43.1435012]]}},
  {"type":"Feature",
   "properties":{},
   "geometry":
   {"type":"LineString",
    "coordinates":
    [[20.5116258, 43.149172], [20.5119, 43.148901300000006],
     [20.5119291, 43.1488315], [20.5120629, 43.1486044],
     [20.512158900000003, 43.148478000000004], [20.512722, 43.1480193],
     [20.512860200000002, 43.147863300000004],
     [20.512990300000002, 43.147635300000005],
     [20.5130155, 43.1475784], [20.5130407, 43.147448000000004],
     [20.513053300000003, 43.147247400000005],
     [20.5130474, 43.1469851], [20.5129436, 43.1467262],
     [20.5129451, 43.146562200000005],
     [20.5128992, 43.146311100000005],
     [20.5128868, 43.146204600000004], [20.5129154, 43.1458728],
     [20.512955400000003, 43.145614900000005],
     [20.5130088, 43.1454639], [20.5130956, 43.145284000000004],
     [20.5132288, 43.145006900000006],
     [20.5133741, 43.144783600000004]]}},
  {"type":"Feature",
   "properties":{},
   "geometry":
   {"type":"LineString",
    "coordinates":
    [[20.5116258, 43.149172], [20.511610100000002, 43.149298300000005],
     [20.511438000000002, 43.149702600000005],
     [20.511145900000002, 43.150135600000006],
     [20.5110876, 43.1501803], [20.511032800000002, 43.1502361],
     [20.5109959, 43.1503213], [20.5110159, 43.150388500000005]]}},
  {"type":"Feature",
   "properties":{},
   "geometry":
   {"type":"LineString",
    "coordinates":
    [[20.5110159, 43.150388500000005],
     [20.510686800000002, 43.1506442], [20.5106807, 43.1506496],
     [20.5100805, 43.1512473], [20.5094296, 43.1521482],
     [20.5090335, 43.152533000000005], [20.508824, 43.1528051],
     [20.5086747, 43.1532682], [20.5086605, 43.1533121],
     [20.5080813, 43.153825600000005],
     [20.507829100000002, 43.1542876]]}},
  {"type":"Feature",
   "properties":{},
   "geometry":
   {"type":"LineString",
    "coordinates":
    [[20.497248300000003, 43.1588822], [20.4977644, 43.1585811],
     [20.497961800000002, 43.1584437], [20.4981218, 43.1582875],
     [20.4982425, 43.158135800000004],
     [20.4983432, 43.157959600000005], [20.4984974, 43.1575779],
     [20.498618, 43.1571829], [20.4987457, 43.1568879],
     [20.498980500000002, 43.1566922],
     [20.500687600000003, 43.1559023], [20.5010771, 43.1557224],
     [20.5015381, 43.1556087], [20.503239, 43.1554477],
     [20.5039856, 43.155461900000006],
     [20.504381600000002, 43.1554714], [20.5046499, 43.1553808],
     [20.5052404, 43.1549958], [20.5054729, 43.1549087],
     [20.506515800000003, 43.15484], [20.506855, 43.154785000000004],
     [20.507301100000003, 43.154583300000006],
     [20.507829100000002, 43.1542876]]}},
  {"type":"Feature",
   "properties":{},
   "geometry":
   {"type":"LineString",
    "coordinates":
    [[20.493802600000002, 43.1607769],
     [20.494011800000003, 43.160659900000006],
     [20.494296900000002, 43.160467700000005],
     [20.4944902, 43.1603052], [20.4948178, 43.1600161],
     [20.4951683, 43.159688700000004],
     [20.4953387, 43.159552500000004],
     [20.495568900000002, 43.1594226], [20.4956204, 43.1593936],
     [20.496555100000002, 43.1591249],
     [20.497248300000003, 43.1588822]]}},
  {"type":"Feature",
   "properties":{},
   "geometry":
   {"type":"LineString",
    "coordinates":
    [[20.495052, 43.165132], [20.4947097, 43.1651582],
     [20.4944378, 43.1652001], [20.4940971, 43.1652001],
     [20.4936499, 43.165169000000006], [20.4930799, 43.1651176],
     [20.4928424, 43.165108100000005],
     [20.492763800000002, 43.1651182],
     [20.492675300000002, 43.1651547], [20.4924673, 43.1653183],
     [20.4922691, 43.165410300000005],
     [20.491995600000003, 43.1654569],
     [20.491543500000002, 43.1654283],
     [20.4910833, 43.165382900000004],
     [20.490842500000003, 43.165306400000006],
     [20.490596800000002, 43.1651594],
     [20.490364200000002, 43.1649946],
     [20.490211900000002, 43.1648596], [20.4900972, 43.1647078],
     [20.490043200000002, 43.1645394],
     [20.4900366, 43.164290900000005], [20.4900857, 43.1640376],
     [20.490146300000003, 43.1637951], [20.4902495, 43.1634606],
     [20.4904623, 43.1629706],
     [20.491238900000003, 43.161968300000005],
     [20.4916877, 43.1614737], [20.4918121, 43.161351800000006],
     [20.491974300000003, 43.161253900000006],
     [20.492159400000002, 43.1612288],
     [20.492395300000002, 43.161225200000004],
     [20.4926524, 43.161215600000006],
     [20.4929047, 43.161190500000004], [20.493124100000003, 43.161126],
     [20.493381300000003, 43.161014900000005],
     [20.4935762, 43.160913300000004],
     [20.493802600000002, 43.1607769]]}},
  {"type":"Feature",
   "properties":{},
   "geometry":
   {"type":"LineString",
    "coordinates":
    [[20.4865216, 43.1671029],
     [20.486643700000002, 43.167161400000005],
     [20.487118900000002, 43.167357], [20.4872714, 43.167450800000005],
     [20.4874337, 43.1676142], [20.4875456, 43.1677753],
     [20.487576, 43.1678736], [20.48766, 43.1679893],
     [20.4877326, 43.1680608], [20.4878171, 43.1681113],
     [20.4879371, 43.168137200000004], [20.4881077, 43.1681545],
     [20.4882902, 43.168147100000006],
     [20.488508200000002, 43.168143400000005],
     [20.488687300000002, 43.168152], [20.4889391, 43.1682111],
     [20.4891249, 43.1682493], [20.4894308, 43.1682925],
     [20.4899461, 43.168367700000005], [20.4901404, 43.1683849],
     [20.490350000000003, 43.168381200000006], [20.4904808, 43.168373],
     [20.4908128, 43.1683321], [20.4909226, 43.1683077],
     [20.4910119, 43.1682718], [20.4913364, 43.168089200000004],
     [20.4915191, 43.1680007], [20.4918024, 43.1678865],
     [20.492036300000002, 43.1677897], [20.4921833, 43.1677453],
     [20.4923624, 43.167734200000005], [20.492702, 43.167802],
     [20.4927983, 43.167816800000004], [20.492887900000003, 43.167802],
     [20.4929892, 43.1677552], [20.4930822, 43.1677182],
     [20.493178500000003, 43.167735400000005],
     [20.4932883, 43.1677971], [20.4934471, 43.167904300000004],
     [20.493555100000002, 43.1679516], [20.4936651, 43.1679918],
     [20.493793500000002, 43.1680361],
     [20.4939576, 43.168077700000005],
     [20.494126400000003, 43.1681557], [20.4942683, 43.1682654],
     [20.494680600000002, 43.1685759],
     [20.4947921, 43.168643700000004],
     [20.494844500000003, 43.1686733], [20.494902, 43.1686831],
     [20.494978, 43.1686745], [20.4951453, 43.168643700000004],
     [20.4952821, 43.1686314], [20.4954207, 43.1686301],
     [20.4955238, 43.1686363], [20.4956186, 43.1686509],
     [20.4957283, 43.168631500000004], [20.4958262, 43.1686035],
     [20.4959177, 43.168516600000004],
     [20.495923100000002, 43.1684118], [20.495922, 43.1683828],
     [20.495918800000002, 43.1682937],
     [20.4959114, 43.168247400000006], [20.495906, 43.168213800000004],
     [20.4958485, 43.168121400000004],
     [20.4958081, 43.168053900000004],
     [20.495717600000003, 43.1679576],
     [20.495592000000002, 43.1679102], [20.4955037, 43.167845],
     [20.495476, 43.167765100000004], [20.4952897, 43.167487900000005],
     [20.495216300000003, 43.1673854],
     [20.4951641, 43.167277500000004], [20.4951364, 43.1671308],
     [20.4951194, 43.166974], [20.495070400000003, 43.1668078],
     [20.4950641, 43.1667325], [20.4950853, 43.166671900000004],
     [20.4951545, 43.1666207],
     [20.495254600000003, 43.166574100000005], [20.4952982, 43.166519],
     [20.4953174, 43.1664662], [20.4952972, 43.1663979],
     [20.495241800000002, 43.1662814], [20.4952173, 43.1661859],
     [20.495229000000002, 43.1659895], [20.4952408, 43.1658381],
     [20.495256700000002, 43.1656898], [20.4953004, 43.1655516],
     [20.4953518, 43.16539], [20.4953515, 43.165353700000004],
     [20.4953222, 43.1653115], [20.4950987, 43.1651898],
     [20.495052, 43.165132]]}},
  {"type":"Feature",
   "properties":{},
   "geometry":
   {"type":"LineString",
    "coordinates":
    [[20.487585900000003, 43.170788800000004],
     [20.487408900000002, 43.170644100000004],
     [20.487285500000002, 43.1705854],
     [20.4870924, 43.170546300000005],
     [20.4869637, 43.170511100000006], [20.4868832, 43.1704524],
     [20.4868671, 43.1703702], [20.48691, 43.170303700000005],
     [20.4870334, 43.170186300000005], [20.4870693, 43.169826],
     [20.487030400000002, 43.169314], [20.486855300000002, 43.1689135],
     [20.4865345, 43.1684648], [20.4863307, 43.168124500000005],
     [20.4861161, 43.167979700000004], [20.4860195, 43.167831],
     [20.4859981, 43.167655], [20.485982, 43.1673263],
     [20.4860195, 43.167236300000006], [20.4861161, 43.1671776],
     [20.4865216, 43.1671029]]}},
  {"type":"Feature",
   "properties":{},
   "geometry":
   {"type":"LineString",
    "coordinates":
    [[20.487585900000003, 43.170788800000004],
     [20.4876508, 43.1707595], [20.487904800000003, 43.1708968],
     [20.488001200000003, 43.1710725],
     [20.4880362, 43.171293000000006], [20.4879924, 43.1714143],
     [20.4880318, 43.1715837], [20.4879004, 43.1718999],
     [20.487904800000003, 43.1721267],
     [20.487817200000002, 43.172337500000005]]}},
  {"type":"Feature",
   "properties":{},
   "geometry":
   {"type":"LineString",
    "coordinates":
    [[20.487817200000002, 43.172337500000005],
     [20.488334100000003, 43.173177700000004],
     [20.488872800000003, 43.175196500000006],
     [20.489718200000002, 43.1761228],
     [20.489696300000002, 43.176493400000005],
     [20.4898321, 43.1768352], [20.4901781, 43.178148],
     [20.4904584, 43.178812300000004],
     [20.4908439, 43.179269100000006], [20.4910511, 43.1793448]]}},
  {"type":"Feature",
   "properties":{},
   "geometry":
   {"type":"LineString",
    "coordinates":
    [[20.4772134, 43.1793173], [20.4773368, 43.1793252],
     [20.4774709, 43.1793594], [20.4777378, 43.1794093],
     [20.4780959, 43.1794826], [20.478293, 43.179496300000004],
     [20.479072000000002, 43.1793836],
     [20.479310400000003, 43.179340100000005],
     [20.4794477, 43.179301300000006],
     [20.479564800000002, 43.179242300000006],
     [20.4796681, 43.1792066], [20.4797969, 43.1791732],
     [20.479940600000003, 43.1791701],
     [20.4800992, 43.179177900000006],
     [20.480392900000002, 43.179208200000005],
     [20.480524900000002, 43.179213600000004],
     [20.4806473, 43.179199600000004],
     [20.4809358, 43.179177900000006],
     [20.481191300000003, 43.1791476],
     [20.481503200000002, 43.1790801], [20.4817639, 43.1790296],
     [20.482128000000003, 43.178879], [20.482527100000002, 43.1787417],
     [20.482790100000003, 43.1786532],
     [20.4830668, 43.178549200000006],
     [20.4832605, 43.178529000000005],
     [20.483544700000003, 43.1785251], [20.4838598, 43.1785453],
     [20.484226, 43.1786035], [20.4843878, 43.178605000000005],
     [20.4846007, 43.1786004], [20.4848423, 43.1785872],
     [20.485102, 43.1785981], [20.4852691, 43.1786182],
     [20.485463900000003, 43.1786392],
     [20.485703400000002, 43.178686500000005],
     [20.4858695, 43.1787378], [20.4860483, 43.178775],
     [20.4862101, 43.1787812], [20.4863517, 43.178775],
     [20.4865454, 43.178761800000004], [20.4867104, 43.1787634],
     [20.4869126, 43.1787859], [20.4871638, 43.1787867],
     [20.4873267, 43.178770400000005],
     [20.4877322, 43.178685800000004],
     [20.487833300000002, 43.1786648], [20.4878855, 43.1786508],
     [20.4879515, 43.1786656], [20.4880207, 43.1786842],
     [20.488185700000002, 43.178753300000004],
     [20.4883475, 43.178803800000004], [20.4886327, 43.1788767],
     [20.4888637, 43.1789326], [20.489039400000003, 43.1789986],
     [20.4892799, 43.1791166], [20.4894736, 43.1791872],
     [20.4897813, 43.17924], [20.4899473, 43.1792687],
     [20.4901033, 43.1793191],
     [20.490200700000003, 43.179376600000005],
     [20.4903848, 43.1794565], [20.490499800000002, 43.1794822],
     [20.490655200000003, 43.1795047], [20.4907904, 43.179507],
     [20.490859500000003, 43.1794907],
     [20.4909298, 43.179449600000005], [20.4910511, 43.1793448]]}},
  {"type":"Feature",
   "properties":{},
   "geometry":
   {"type":"LineString",
    "coordinates":
    [[20.4741317, 43.1892354], [20.474170700000002, 43.189185],
     [20.474428200000002, 43.188841100000005],
     [20.474621300000003, 43.188516400000005],
     [20.4747136, 43.1883755], [20.4747404, 43.188262],
     [20.4747485, 43.1881466], [20.474692100000002, 43.1878885],
     [20.4745688, 43.187566800000006],
     [20.4745218, 43.187362400000005], [20.4745339, 43.1872216],
     [20.4745755, 43.187148300000004], [20.474664, 43.187018200000004],
     [20.474771500000003, 43.186916700000005],
     [20.474910700000002, 43.1867601],
     [20.474981800000002, 43.1866633],
     [20.4749987, 43.186594400000004],
     [20.475008600000002, 43.186553800000006],
     [20.475054200000002, 43.1862536],
     [20.475086400000002, 43.1860864],
     [20.475079700000002, 43.1859103],
     [20.475038100000003, 43.1857285],
     [20.474995200000002, 43.1855847], [20.474892, 43.1854146],
     [20.4748115, 43.1852972], [20.4747351, 43.185198500000006],
     [20.474708200000002, 43.1851173], [20.4747096, 43.1850303],
     [20.4747646, 43.1848073], [20.4748169, 43.1846362],
     [20.474881200000002, 43.1844465],
     [20.474904000000002, 43.184349700000006],
     [20.4749081, 43.1841522], [20.4749, 43.183865600000004],
     [20.474883900000002, 43.1836974],
     [20.4748142, 43.183393300000006], [20.4747659, 43.1832378],
     [20.474723, 43.183089200000005], [20.4747042, 43.1829259],
     [20.4746962, 43.1827948], [20.4746159, 43.182633700000004],
     [20.474525800000002, 43.182512200000005],
     [20.4744494, 43.1823108], [20.4742871, 43.1821367],
     [20.4741544, 43.1820223], [20.4741061, 43.1819666],
     [20.4740527, 43.181816100000006], [20.474101, 43.1816362],
     [20.4742351, 43.181471900000005], [20.4743166, 43.1813847],
     [20.474381, 43.181284000000005], [20.4744014, 43.181155100000005],
     [20.474436, 43.181031700000005], [20.4745087, 43.1808969],
     [20.474564700000002, 43.1808126],
     [20.4746653, 43.180679600000005],
     [20.474747100000002, 43.180549500000005],
     [20.4748276, 43.1804557], [20.4749832, 43.180354900000005],
     [20.4750985, 43.1802131], [20.475217800000003, 43.1800997],
     [20.4753359, 43.1800322], [20.475474000000002, 43.1799872],
     [20.475634900000003, 43.179945200000006],
     [20.4759487, 43.179867900000005],
     [20.4764315, 43.179710500000006],
     [20.476569700000002, 43.179668400000004],
     [20.476740000000003, 43.1796], [20.4769143, 43.1795002],
     [20.477019000000002, 43.1794239], [20.4770699, 43.179377],
     [20.4771222, 43.179331000000005], [20.4772134, 43.1793173]]}},
  {"type":"Feature",
   "properties":{},
   "geometry":
   {"type":"LineString",
    "coordinates":
    [[20.476644200000003, 43.192456400000005],
     [20.476578500000002, 43.1922999], [20.4765084, 43.1922328],
     [20.476267500000002, 43.1921626], [20.4760047, 43.1919965],
     [20.475956500000002, 43.191836900000006],
     [20.476052900000003, 43.191597300000005],
     [20.4762062, 43.1912365], [20.4766967, 43.1908277],
     [20.4770647, 43.1903615], [20.477257400000003, 43.1900453],
     [20.4771654, 43.189850500000006], [20.4768632, 43.1897451],
     [20.4762425, 43.189661300000004],
     [20.4758616, 43.189590900000006],
     [20.475419000000002, 43.1895077],
     [20.474883900000002, 43.189393300000006],
     [20.4744159, 43.1892985], [20.4741317, 43.1892354]]}},
  {"type":"Feature",
   "properties":{},
   "geometry":
   {"type":"LineString",
    "coordinates":
    [[20.476644200000003, 43.192456400000005],
     [20.476889500000002, 43.192699100000006],
     [20.4772311, 43.193002400000005], [20.4777261, 43.1931972],
     [20.4777786, 43.193037600000004],
     [20.477848700000003, 43.1929865], [20.478002, 43.1930567],
     [20.4782692, 43.193468700000004], [20.4782298, 43.1937018],
     [20.478339300000002, 43.194190400000004],
     [20.4782298, 43.194484100000004],
     [20.478330500000002, 43.195043000000005],
     [20.4781991, 43.1954453],
     [20.477664800000003, 43.196448000000004],
     [20.4775202, 43.1965693], [20.4774852, 43.196646],
     [20.477524600000002, 43.1967481], [20.477691, 43.196805600000005],
     [20.477848700000003, 43.197048300000006],
     [20.4778312, 43.1972718], [20.4776735, 43.197473],
     [20.477656, 43.197655000000005], [20.477717300000002, 43.1978881],
     [20.4774852, 43.1983], [20.4772925, 43.1987609]]}},
  {"type":"Feature",
   "properties":{},
   "geometry":
   {"type":"LineString",
    "coordinates":
    [[20.476300000000002, 43.201811], [20.4762813, 43.201791500000006],
     [20.476276000000002, 43.2017631],
     [20.476289400000002, 43.2017338], [20.476364500000003, 43.201681],
     [20.476481200000002, 43.2015881],
     [20.4765415, 43.201550000000005],
     [20.476619300000003, 43.201512900000004],
     [20.476797700000002, 43.2014532], [20.4768915, 43.2014122],
     [20.4771182, 43.201300700000004],
     [20.477173200000003, 43.201260600000005],
     [20.477205400000003, 43.2012206],
     [20.477234900000003, 43.201148200000006],
     [20.477348900000003, 43.200784600000006], [20.477436, 43.2004316],
     [20.4774414, 43.2003378], [20.477432, 43.2002625],
     [20.4774065, 43.2002146], [20.477157100000003, 43.1998851],
     [20.4770806, 43.1997444], [20.477032400000002, 43.1996016],
     [20.4770243, 43.199322], [20.4770833, 43.199059000000005],
     [20.4771839, 43.1988137], [20.4772228, 43.1987736],
     [20.477257700000003, 43.198759900000006],
     [20.4772925, 43.1987609]]}},
  {"type":"Feature",
   "properties":{},
   "geometry":
   {"type":"LineString",
    "coordinates":
    [[20.4764315, 43.2019479], [20.476300000000002, 43.201811]]}},
  {"type":"Feature",
   "properties":{},
   "geometry":
   {"type":"LineString",
    "coordinates":
    [[20.4764315, 43.2019479],
     [20.476608600000002, 43.201897100000004],
     [20.4768231, 43.2018404], [20.4769894, 43.2018189],
     [20.4773035, 43.2018247]]}},
  {"type":"Feature",
   "properties":{},
   "geometry":
   {"type":"LineString",
    "coordinates":
    [[20.4773035, 43.2018247], [20.4773786, 43.2019068],
     [20.4775272, 43.2020495], [20.477662900000002, 43.2022666],
     [20.4777917, 43.2023487],
     [20.477931100000003, 43.202325200000004],
     [20.478070600000002, 43.202254800000006],
     [20.4782745, 43.2021688],
     [20.478467600000002, 43.202118000000006],
     [20.4786822, 43.2021141], [20.4788967, 43.202125800000005],
     [20.4790254, 43.202190900000005], [20.4790899, 43.2022235],
     [20.479256200000002, 43.202380000000005],
     [20.479335000000003, 43.2026283], [20.4794546, 43.2029118],
     [20.479624700000002, 43.2030819],
     [20.4799627, 43.203304800000005],
     [20.480273800000003, 43.2035667],
     [20.480462300000003, 43.2037793]]}},
  {"type":"Feature",
   "properties":{},
   "geometry":
   {"type":"LineString",
    "coordinates":
    [[20.480462300000003, 43.2037793], [20.480435, 43.2037897],
     [20.4803541, 43.2038352], [20.4799207, 43.204078700000004]]}},
  {"type":"Feature",
   "properties":{},
   "geometry":
   {"type":"LineString",
    "coordinates":
    [[20.4810211, 43.206462200000004], [20.4808923, 43.2063215],
     [20.4807743, 43.2061494], [20.4806348, 43.205821],
     [20.4804792, 43.205602000000006], [20.48027, 43.205218800000004],
     [20.480245500000002, 43.2051437],
     [20.480189600000003, 43.204972500000004],
     [20.4800769, 43.204468000000006], [20.4800018, 43.2042061],
     [20.4799207, 43.204078700000004]]}},
  {"type":"Feature",
   "properties":{},
   "geometry":
   {"type":"LineString",
    "coordinates":
    [[20.488424000000002, 43.2104269], [20.4876837, 43.2102158],
     [20.487147200000003, 43.210067200000005],
     [20.4866698, 43.2098834], [20.486256700000002, 43.2097974],
     [20.4858222, 43.2095902],
     [20.485409100000002, 43.209359500000005],
     [20.4852589, 43.2092735], [20.4849982, 43.209180200000006],
     [20.4849639, 43.209167900000004],
     [20.484518700000002, 43.208949000000004],
     [20.4840412, 43.2087574], [20.483515500000003, 43.2085619],
     [20.4832956, 43.208432900000005], [20.4830381, 43.2082374],
     [20.482732300000002, 43.208006700000006],
     [20.4824534, 43.207787700000004],
     [20.4823881, 43.207730600000005], [20.4822388, 43.2076],
     [20.482067100000002, 43.2073811],
     [20.481884700000002, 43.207044800000006], [20.481756, 43.2068767],
     [20.481579, 43.2067828], [20.4812517, 43.206599100000005],
     [20.4810211, 43.206462200000004]]}},
  {"type":"Feature",
   "properties":{},
   "geometry":
   {"type":"LineString",
    "coordinates":
    [[20.4861188, 43.2170263], [20.4861602, 43.2169912],
     [20.486298, 43.2168289], [20.4864016, 43.2167058],
     [20.4866591, 43.2165924], [20.487115000000003, 43.2164556],
     [20.487372500000003, 43.216322600000005],
     [20.4875066, 43.2161741], [20.4875174, 43.2159982],
     [20.4875496, 43.215830000000004],
     [20.487737300000003, 43.2156072], [20.4879572, 43.2154352],
     [20.4881245, 43.2153581], [20.488220100000003, 43.215314],
     [20.488402500000003, 43.215271], [20.488724400000002, 43.2151615],
     [20.488965800000003, 43.2150325],
     [20.4890838, 43.214868300000006],
     [20.489243100000003, 43.2146513], [20.4896256, 43.2144695],
     [20.4900547, 43.2142311], [20.490382, 43.214059000000006],
     [20.490854000000002, 43.2139066],
     [20.491079300000003, 43.2138557], [20.4912564, 43.2136876],
     [20.4912725, 43.213543], [20.4912081, 43.2134452],
     [20.491008, 43.213384600000005], [20.4907575, 43.213331800000006],
     [20.490559, 43.2132888], [20.4902731, 43.213185200000005],
     [20.4899619, 43.213067900000006],
     [20.4898455, 43.213011200000004],
     [20.4897849, 43.212911600000005],
     [20.4897849, 43.212794300000006], [20.4897114, 43.2126789],
     [20.489614900000003, 43.212557700000005],
     [20.4894845, 43.2123798], [20.4893037, 43.212112000000005],
     [20.4891374, 43.211822700000006], [20.4889979, 43.2116155],
     [20.4889121, 43.211377000000006],
     [20.488783400000003, 43.2111971], [20.4886278, 43.2109156],
     [20.488542000000002, 43.2107201],
     [20.4885044, 43.210559800000006],
     [20.488424000000002, 43.2104269]]}},
  {"type":"Feature",
   "properties":{},
   "geometry":
   {"type":"LineString",
    "coordinates":
    [[20.4826197, 43.2202241],
     [20.482635700000003, 43.220099000000005],
     [20.482608900000002, 43.220024800000004],
     [20.482592800000003, 43.219931], [20.4825644, 43.219780400000005],
     [20.4825805, 43.2196202], [20.4826465, 43.2194501],
     [20.4827859, 43.219289800000006],
     [20.482925400000003, 43.2191296], [20.483074000000002, 43.21885],
     [20.4831185, 43.218594], [20.483123900000002, 43.2183633],
     [20.4832044, 43.2181249], [20.4832956, 43.2179724],
     [20.483456500000003, 43.2178629],
     [20.483730100000002, 43.2178121],
     [20.483955400000003, 43.2177574], [20.4840895, 43.2176479],
     [20.4843416, 43.2174642], [20.4845669, 43.2173977],
     [20.4848137, 43.2173625], [20.4852643, 43.2173274],
     [20.4855057, 43.2173], [20.4857686, 43.217221800000004],
     [20.485999200000002, 43.217128], [20.4861188, 43.2170263]]}},
  {"type":"Feature",
   "properties":{},
   "geometry":
   {"type":"LineString",
    "coordinates":
    [[20.4803274, 43.2259723],
     [20.480355900000003, 43.225857000000005], [20.480483, 43.2256596],
     [20.4804846, 43.225345000000004],
     [20.480522200000003, 43.2248955],
     [20.4805366, 43.224471300000005],
     [20.480503900000002, 43.2242339], [20.4803435, 43.2240296],
     [20.480082300000003, 43.2238166],
     [20.479973400000002, 43.2236661], [20.479975, 43.2234452],
     [20.480130600000003, 43.223187200000005],
     [20.4803076, 43.2229566], [20.4805543, 43.2227338],
     [20.4808333, 43.222557900000005], [20.4811874, 43.2223546],
     [20.4814234, 43.2222373], [20.4815843, 43.2222178],
     [20.4817238, 43.222221700000006], [20.4818257, 43.2223194],
     [20.481943700000002, 43.2224602], [20.4821154, 43.222683],
     [20.4821621, 43.2228999],
     [20.482169000000003, 43.223167700000005],
     [20.4822549, 43.2232654], [20.4823461, 43.2234843],
     [20.4824641, 43.2236837], [20.4826304, 43.2237658],
     [20.4827859, 43.223742300000005],
     [20.482866400000002, 43.2236798], [20.4828771, 43.2235625],
     [20.4828879, 43.223394400000004],
     [20.4828879, 43.223167700000005],
     [20.4829522, 43.222878400000006],
     [20.483048800000002, 43.2225149],
     [20.483123900000002, 43.2221904],
     [20.483113200000002, 43.221854300000004], [20.4830113, 43.221522],
     [20.482893200000003, 43.2212874],
     [20.482891600000002, 43.221035300000004],
     [20.482893200000003, 43.2208613],
     [20.482850300000003, 43.220662000000004],
     [20.482775200000003, 43.2204313],
     [20.4827216, 43.220290600000006], [20.4826197, 43.2202241]]}},
  {"type":"Feature",
   "properties":{},
   "geometry":
   {"type":"LineString",
    "coordinates":
    [[20.4783909, 43.231147400000005], [20.4784231, 43.2310497],
     [20.4784569, 43.2309696],
     [20.478676800000002, 43.230828900000006],
     [20.478827000000003, 43.230774200000006],
     [20.479036200000003, 43.230774200000006],
     [20.4792883, 43.2308054], [20.47946, 43.2308211],
     [20.4796622, 43.2307605], [20.4797803, 43.2306432],
     [20.479925100000003, 43.230498600000004],
     [20.480059200000003, 43.2302641],
     [20.480188000000002, 43.229978800000005],
     [20.4804186, 43.2296934], [20.48066, 43.229505800000005],
     [20.4810087, 43.2293378], [20.4810677, 43.229247900000004],
     [20.4809658, 43.229165800000004],
     [20.4808585, 43.229122800000006], [20.4806439, 43.2290172],
     [20.480273800000003, 43.228802300000005],
     [20.480150400000003, 43.2286616], [20.480086, 43.228446600000005],
     [20.4801021, 43.2281964], [20.480145, 43.227879800000004],
     [20.4801842, 43.2274831], [20.4802003, 43.2273463],
     [20.4800662, 43.2272447], [20.480071600000002, 43.2270375],
     [20.480146700000002, 43.226904600000005],
     [20.4802861, 43.2268069], [20.480372000000003, 43.2267287],
     [20.4804256, 43.2266114],
     [20.480372000000003, 43.226376900000005],
     [20.4803612, 43.226158000000005], [20.4803274, 43.2259723]]}},
  {"type":"Feature",
   "properties":{},
   "geometry":
   {"type":"LineString",
    "coordinates":
    [[20.4783909, 43.231147400000005],
     [20.478172500000003, 43.2311259], [20.477958, 43.231122],
     [20.4777863, 43.2311611], [20.4775326, 43.231221700000006],
     [20.4774199, 43.2312178], [20.4773824, 43.231174800000005],
     [20.477314200000002, 43.2309969],
     [20.4773196, 43.230719400000005], [20.4772445, 43.2304302],
     [20.4771694, 43.230316900000005]]}},
  {"type":"Feature",
   "properties":{},
   "geometry":
   {"type":"LineString",
    "coordinates":
    [[20.4771694, 43.230316900000005], [20.4768107, 43.2303705],
     [20.4765486, 43.2305816],
     [20.476316800000003, 43.230887200000005],
     [20.475599300000003, 43.2312269],
     [20.4753691, 43.231286000000004],
     [20.4750625, 43.231621100000005], [20.4750669, 43.2317392],
     [20.4737879, 43.231710500000005], [20.4732929, 43.231302],
     [20.473021300000003, 43.2312541], [20.4725176, 43.2312541],
     [20.4717993, 43.231349900000005],
     [20.471526400000002, 43.2315641]]}},
  {"type":"Feature",
   "properties":{},
   "geometry":
   {"type":"LineString",
    "coordinates":
    [[20.471526400000002, 43.2315641], [20.4715291, 43.2316039],
     [20.471525800000002, 43.2316438],
     [20.471538300000002, 43.231734200000005],
     [20.4715607, 43.231823600000006],
     [20.4715925, 43.231910600000006], [20.4716337, 43.2319954],
     [20.471684, 43.232077700000005],
     [20.471933500000002, 43.232423600000004],
     [20.4719658, 43.2324896], [20.471989200000003, 43.2325577],
     [20.4720035, 43.2326271], [20.472008600000002, 43.2326971],
     [20.472005300000003, 43.232759300000005], [20.4719948, 43.232821],
     [20.4719771, 43.2328819], [20.4719523, 43.2329414],
     [20.4718978, 43.233031600000004], [20.471854800000003, 43.233125],
     [20.471823500000003, 43.2332209],
     [20.471806400000002, 43.2333037], [20.4717981, 43.2333872],
     [20.4717986, 43.2334709], [20.471808000000003, 43.2335544],
     [20.471826200000002, 43.2336371],
     [20.4718927, 43.233833000000004],
     [20.471968500000003, 43.2340272],
     [20.4720537, 43.234219200000005], [20.472148100000002, 43.234409],
     [20.4722456, 43.2345861], [20.4723511, 43.2347607],
     [20.472464600000002, 43.2349327],
     [20.472481900000002, 43.234965700000004],
     [20.4724903, 43.235000500000005], [20.4724894, 43.2350359],
     [20.4724793, 43.235070500000006], [20.4724623, 43.2351004],
     [20.4724383, 43.2351277], [20.4724082, 43.2351516],
     [20.4723544, 43.2352148],
     [20.472311700000002, 43.235282500000004],
     [20.4722838, 43.235344700000006], [20.4722654, 43.2354088],
     [20.472256700000003, 43.235474],
     [20.472216500000002, 43.235709500000006],
     [20.4721906, 43.2357663], [20.4721601, 43.235821800000004],
     [20.4721054, 43.235903400000005],
     [20.472040800000002, 43.235981100000004],
     [20.4719441, 43.2360911], [20.471852900000002, 43.2362035],
     [20.471767200000002, 43.2363182], [20.4716694, 43.2364625],
     [20.471580300000003, 43.236609800000004],
     [20.4715002, 43.2367598], [20.471466600000003, 43.2368364],
     [20.471429200000003, 43.236912200000006], [20.4713651, 43.237026],
     [20.4712926, 43.237137100000005], [20.471212, 43.237245200000004],
     [20.4711235, 43.237349900000005],
     [20.471068000000002, 43.2374658],
     [20.471024200000002, 43.2375844],
     [20.4709977, 43.237680600000004],
     [20.470978900000002, 43.2377778], [20.4709679, 43.2378755],
     [20.470974700000003, 43.2380748], [20.4709733, 43.2382742],
     [20.4709605, 43.2385138], [20.470935700000002, 43.2387529],
     [20.4709368, 43.238898500000005],
     [20.4709475, 43.239043800000005],
     [20.4709679, 43.239188600000006],
     [20.4710012, 43.239346600000005], [20.471046, 43.2395031],
     [20.471102000000002, 43.2396576],
     [20.471233400000003, 43.2399995], [20.4712599, 43.2400687],
     [20.471278700000003, 43.2401392],
     [20.4712898, 43.240210600000005], [20.4712929, 43.2402868],
     [20.471288, 43.2403248], [20.4712871, 43.240363],
     [20.4712947, 43.240429000000006], [20.4713141, 43.2404937],
     [20.4713448, 43.2405561],
     [20.471386300000002, 43.240615000000005],
     [20.4714379, 43.240671400000004],
     [20.4714981, 43.240723100000004],
     [20.471566000000003, 43.240769400000005], [20.471658, 43.2408215],
     [20.471756600000003, 43.240866600000004],
     [20.4718611, 43.2409042], [20.471969100000003, 43.2409483],
     [20.4720738, 43.2409966], [20.472174900000002, 43.2410488],
     [20.472268800000002, 43.2410872],
     [20.4723589, 43.241130000000005],
     [20.472444900000003, 43.2411772], [20.4725262, 43.2412286],
     [20.472603300000003, 43.2412842], [20.4726749, 43.2413436],
     [20.4727408, 43.2414064], [20.4727953, 43.2414623],
     [20.4728572, 43.2415139], [20.4729259, 43.2415607],
     [20.4729959, 43.2415998], [20.4730706, 43.2416338],
     [20.4731495, 43.241662600000005],
     [20.473231700000003, 43.241685800000006],
     [20.473583, 43.241738500000004], [20.4736876, 43.2417533],
     [20.4737896, 43.241775700000005], [20.4738815, 43.2418034],
     [20.4739694, 43.2418373], [20.4740524, 43.241877300000006],
     [20.4744789, 43.2420746], [20.4745288, 43.242091200000004],
     [20.474581500000003, 43.242102300000006],
     [20.4746358, 43.2421078],
     [20.474687600000003, 43.242107700000005],
     [20.474738900000002, 43.2421025], [20.4747887, 43.2420922],
     [20.4748507, 43.2420947], [20.4749121, 43.242102],
     [20.4749941, 43.2421197], [20.4750717, 43.242145900000004],
     [20.4753542, 43.2423024], [20.475631800000002, 43.2424635]]}},
  {"type":"Feature",
   "properties":{},
   "geometry":
   {"type":"LineString",
    "coordinates":
    [[20.467002100000002, 43.2587649], [20.4670132, 43.2587088],
     [20.4670148, 43.258652100000006], [20.4670069, 43.2585957],
     [20.466989700000003, 43.2585404], [20.4669633, 43.2584871],
     [20.466928000000003, 43.258436], [20.466884200000003, 43.2583884],
     [20.4668466, 43.2583397], [20.466821200000002, 43.2582869],
     [20.466810900000002, 43.2582479], [20.4668074, 43.2582083],
     [20.4668105, 43.258168700000006], [20.4668229, 43.2580898],
     [20.4668417, 43.2580116], [20.466866800000002, 43.2579343],
     [20.4669041, 43.2578455],
     [20.466949800000002, 43.257758700000004],
     [20.4670036, 43.2576745], [20.4673979, 43.257137300000004],
     [20.4675803, 43.2568033], [20.467607400000002, 43.2567436],
     [20.4676259, 43.2566822],
     [20.467634800000003, 43.256626700000005],
     [20.467636600000002, 43.256570800000006],
     [20.467593700000002, 43.256072700000004],
     [20.467607100000002, 43.2559867], [20.4676312, 43.2558656],
     [20.467598600000002, 43.2556882],
     [20.467561500000002, 43.255486600000005],
     [20.4675383, 43.255436200000005], [20.4675078, 43.2553878],
     [20.467470300000002, 43.2553421], [20.4674312, 43.2553039],
     [20.467387300000002, 43.2552686], [20.4673389, 43.2552366],
     [20.4672704, 43.255164400000005], [20.4672121, 43.2550876],
     [20.467164500000003, 43.2550071], [20.4671339, 43.254939],
     [20.4671109, 43.2548693], [20.467046500000002, 43.2547756],
     [20.466946, 43.2547061], [20.4668534, 43.254631],
     [20.4667675, 43.2545488], [20.466691100000002, 43.2544618],
     [20.466624900000003, 43.254370400000006],
     [20.4665691, 43.254275500000006],
     [20.466381300000002, 43.253750000000004],
     [20.4662043, 43.2532616], [20.4662197, 43.2531643],
     [20.4662446, 43.2530681], [20.466278900000002, 43.2529734],
     [20.4663223, 43.252880700000006],
     [20.466382000000003, 43.252779100000005],
     [20.466452800000003, 43.252681300000006], [20.4665341, 43.252588],
     [20.4666254, 43.2524997], [20.4667207, 43.252442200000004],
     [20.4668207, 43.2523891], [20.466925, 43.2523404],
     [20.467033100000002, 43.2522965], [20.4671632, 43.2522517],
     [20.467297300000002, 43.252213600000005],
     [20.467434800000003, 43.252182600000005],
     [20.467574900000002, 43.252158800000004], [20.467717, 43.2521422],
     [20.469042100000003, 43.2519136], [20.4691313, 43.251885],
     [20.4692165, 43.2518504], [20.4692969, 43.2518101],
     [20.469372200000002, 43.2517641],
     [20.4694413, 43.251713200000005], [20.4695034, 43.2516577],
     [20.4699165, 43.2511303],
     [20.469944400000003, 43.251071200000005],
     [20.469964100000002, 43.251010400000006],
     [20.469975400000003, 43.2509485], [20.4699782, 43.2508861],
     [20.4699713, 43.2508178], [20.4699543, 43.2507504],
     [20.4699272, 43.2506848], [20.4699068, 43.250610200000004],
     [20.4698977, 43.2505344], [20.469899, 43.2504683],
     [20.4699089, 43.2504025],
     [20.469927300000002, 43.250337800000004],
     [20.469954, 43.250274600000004], [20.470884700000003, 43.2492469],
     [20.470966, 43.249216600000004], [20.4710508, 43.249192],
     [20.4711384, 43.249173400000004], [20.4712281, 43.249161],
     [20.471325, 43.249154600000004], [20.4714224, 43.2491554],
     [20.471519200000003, 43.2491635],
     [20.471614300000002, 43.2491786], [20.4720647, 43.2493495],
     [20.472110100000002, 43.249352900000005],
     [20.4721555, 43.249349300000006], [20.4721988, 43.2493387],
     [20.4722389, 43.249321200000004], [20.4722729, 43.2492978],
     [20.4722991, 43.249269600000005], [20.4724155, 43.2490153],
     [20.4724802, 43.2489411], [20.472550700000003, 43.2488821],
     [20.4726044, 43.248843], [20.4727435, 43.2488053],
     [20.472973800000002, 43.248788700000006],
     [20.4731776, 43.2487848], [20.4737426, 43.2488071],
     [20.4740614, 43.2487952], [20.4743271, 43.2487587],
     [20.4747992, 43.2486649], [20.4752028, 43.248504100000005],
     [20.475429100000003, 43.2483753], [20.475632, 43.2482306],
     [20.4759579, 43.247926400000004],
     [20.476019400000002, 43.247858400000005],
     [20.476090000000003, 43.2477953], [20.4761689, 43.2477377],
     [20.476255300000002, 43.2476861], [20.476348400000003, 43.247641],
     [20.476446300000003, 43.2476033], [20.4765488, 43.2475728],
     [20.476655, 43.247550000000004], [20.4767638, 43.247534900000005],
     [20.4768741, 43.247527700000006], [20.4770271, 43.2475041],
     [20.477182000000003, 43.2474891], [20.4774646, 43.2473183],
     [20.477794600000003, 43.247147500000004], [20.4778741, 43.247104],
     [20.4779337, 43.247049000000004], [20.4780649, 43.2469332],
     [20.478375, 43.246768100000004],
     [20.478844300000002, 43.246546800000004],
     [20.478807500000002, 43.2464886], [20.4787624, 43.2464336],
     [20.478645, 43.2462877], [20.4785341, 43.2461392],
     [20.4784298, 43.245988100000005], [20.4783142, 43.2458052],
     [20.4782082, 43.2456192], [20.478112000000003, 43.2454303],
     [20.478095500000002, 43.2453791],
     [20.478088200000002, 43.2453268],
     [20.478090100000003, 43.245274200000004],
     [20.4781012, 43.2452223], [20.4781255, 43.245163500000004],
     [20.4781616, 43.245108], [20.478189800000003, 43.2450751],
     [20.478211400000003, 43.2450397],
     [20.4782259, 43.245002500000005],
     [20.478233900000003, 43.2449537], [20.47823, 43.2449048],
     [20.4781213, 43.2447377], [20.4776573, 43.244001100000006],
     [20.4774213, 43.2437139],
     [20.477122400000003, 43.243475600000004],
     [20.4768143, 43.2432437], [20.4764972, 43.2430182],
     [20.476171400000002, 43.242799500000004],
     [20.475904200000002, 43.242629300000004],
     [20.475631800000002, 43.2424635]]}},
  {"type":"Feature",
   "properties":{},
   "geometry":
   {"type":"LineString",
    "coordinates":
    [[20.467002100000002, 43.2587649],
     [20.467033100000002, 43.2587674],
     [20.4670597, 43.258775400000005], [20.4670822, 43.2587884],
     [20.467098800000002, 43.2588055],
     [20.4671081, 43.258824700000005], [20.46711, 43.2588451],
     [20.4671042, 43.2588651], [20.4670814, 43.258917600000004],
     [20.4670652, 43.2589715], [20.467055900000002, 43.2590262],
     [20.4670536, 43.2590908], [20.467060800000002, 43.2591552],
     [20.4670719, 43.259186500000006],
     [20.4670773, 43.259218600000004],
     [20.4670756, 43.259263600000004],
     [20.467062900000002, 43.2593077],
     [20.467039800000002, 43.259349500000006],
     [20.4670045, 43.2593747], [20.4669743, 43.2594032],
     [20.466949900000003, 43.259434500000005],
     [20.4669276, 43.259478300000005],
     [20.466916400000002, 43.2595243], [20.4668913, 43.2595739],
     [20.466859900000003, 43.2596216],
     [20.466822500000003, 43.2596669],
     [20.466781400000002, 43.2597079], [20.4667354, 43.259746],
     [20.466689000000002, 43.2598094],
     [20.466652200000002, 43.259875900000004],
     [20.4666304, 43.2599296], [20.4666147, 43.2599843],
     [20.4665992, 43.260046700000004],
     [20.466571300000002, 43.2601067],
     [20.466531500000002, 43.2601631],
     [20.466498100000003, 43.260198700000004],
     [20.46646, 43.260231700000006], [20.466417500000002, 43.2602617],
     [20.466228400000002, 43.2604004], [20.4661942, 43.2604179],
     [20.466164900000003, 43.2604398],
     [20.4661416, 43.260465100000005],
     [20.4661252, 43.260493200000006], [20.466115300000002, 43.260528],
     [20.4661158, 43.2605635]]}},
  {"type":"Feature",
   "properties":{},
   "geometry":
   {"type":"LineString",
    "coordinates":
    [[20.4661158, 43.2605635], [20.466099800000002, 43.260612],
     [20.466076, 43.2606588], [20.4660447, 43.2607032],
     [20.4659994, 43.2607511], [20.4659455, 43.260794000000004],
     [20.4659029, 43.2608527], [20.465865, 43.2609131],
     [20.4658216, 43.260997], [20.4657872, 43.2610831],
     [20.4656008, 43.261520600000004],
     [20.4655686, 43.261634900000004], [20.465552600000002, 43.261699],
     [20.465527, 43.261761400000005], [20.4654919, 43.2618213],
     [20.4654479, 43.261878100000004], [20.4654062, 43.261921],
     [20.4653594, 43.2619611], [20.465299700000003, 43.261999],
     [20.465245000000003, 43.2620408],
     [20.4651958, 43.262086100000005], [20.4651481, 43.26214],
     [20.465108100000002, 43.2621972],
     [20.4650764, 43.262257000000005],
     [20.4646942, 43.262948400000006],
     [20.464657300000002, 43.263052900000005],
     [20.464626900000003, 43.2631584], [20.464603, 43.2632649],
     [20.464585800000002, 43.2633712], [20.464575, 43.2634781],
     [20.4645708, 43.2635852], [20.464565500000003, 43.2636607],
     [20.464568200000002, 43.263736300000005],
     [20.464578900000003, 43.263811600000004], [20.4645976, 43.263886],
     [20.4646213, 43.263952100000004],
     [20.4646322, 43.263985500000004], [20.4646513, 43.2640168],
     [20.4646753, 43.2640429], [20.464689, 43.2640551],
     [20.4647049, 43.2640657], [20.4647356, 43.264079100000004],
     [20.464769800000003, 43.2640868],
     [20.464787700000002, 43.2640862], [20.4648055, 43.2640881],
     [20.464827500000002, 43.264094300000004],
     [20.464846700000002, 43.2641043], [20.4648618, 43.2641174],
     [20.4649812, 43.2642698], [20.464996000000003, 43.264299],
     [20.4650046, 43.2643295], [20.4650067, 43.2643606],
     [20.4649991, 43.264402600000004],
     [20.464979900000003, 43.2644426], [20.464884, 43.264627700000005],
     [20.4648301, 43.2647187], [20.464784700000003, 43.2648121],
     [20.4647478, 43.2649075], [20.464721, 43.2649995],
     [20.4647022, 43.265092700000004],
     [20.4646914, 43.265186400000005], [20.4646741, 43.2653264],
     [20.4646298, 43.2658177], [20.4646344, 43.2658794],
     [20.4646456, 43.2659408],
     [20.464663400000003, 43.266001200000005],
     [20.4646915, 43.266068600000004],
     [20.464727800000002, 43.2661339], [20.464772, 43.2661966],
     [20.4648289, 43.2662725], [20.464895300000002, 43.2663444],
     [20.4649705, 43.2664114], [20.4650551, 43.266474],
     [20.4651475, 43.2665305], [20.4652108, 43.2665773],
     [20.465269900000003, 43.266626800000004], [20.4653245, 43.266679],
     [20.4653858, 43.2667471], [20.4654396, 43.2668185],
     [20.4654855, 43.2668928],
     [20.466107700000002, 43.267702400000005],
     [20.466367700000003, 43.268059], [20.4664302, 43.268154800000005],
     [20.466468000000003, 43.268234400000004],
     [20.466493800000002, 43.268325600000004],
     [20.466493800000002, 43.2684255],
     [20.4664779, 43.268550000000005], [20.46647, 43.2686122],
     [20.466497800000003, 43.268673], [20.466567400000002, 43.2687266],
     [20.4666442, 43.2687785], [20.466759500000002, 43.2688274],
     [20.466899, 43.2689231], [20.467023100000002, 43.2690392],
     [20.4671403, 43.269159], [20.4672503, 43.2692824],
     [20.467347800000002, 43.269402500000005],
     [20.4674385, 43.269525300000005],
     [20.467522300000002, 43.2696507], [20.467599, 43.2697785],
     [20.4676444, 43.269876000000004],
     [20.467679500000003, 43.2699757],
     [20.467703200000003, 43.2700729], [20.467717, 43.270171000000005],
     [20.467732, 43.270257300000004], [20.4677395, 43.270344],
     [20.467739400000003, 43.2704309],
     [20.467731800000003, 43.2705177], [20.4677106, 43.2706298],
     [20.4676768, 43.2707403], [20.467644800000002, 43.2707776],
     [20.467619300000003, 43.270817400000006],
     [20.4676009, 43.270859300000005],
     [20.4675896, 43.270902400000004], [20.4675859, 43.270952],
     [20.4675918, 43.271001500000004],
     [20.467607100000002, 43.2710499], [20.4676224, 43.2710882],
     [20.467643900000002, 43.2711248], [20.4676715, 43.2711592],
     [20.4677083, 43.271194200000004],
     [20.4677513, 43.271225300000005], [20.4677997, 43.2712519],
     [20.467826900000002, 43.2712616],
     [20.467852500000003, 43.2712735],
     [20.4678901, 43.271297100000005],
     [20.4679213, 43.271325100000006], [20.4679451, 43.2713568],
     [20.4679608, 43.2713911], [20.4679678, 43.2714268],
     [20.4680523, 43.2718311], [20.4680766, 43.2718847],
     [20.4681098, 43.2719358], [20.468151600000002, 43.2719834],
     [20.4681946, 43.2720217], [20.468243, 43.2720563],
     [20.4682964, 43.272086900000005],
     [20.468361700000003, 43.272117400000006],
     [20.468431900000002, 43.272141600000005]]}},
  {"type":"Feature",
   "properties":{},
   "geometry":
   {"type":"LineString",
    "coordinates":
    [[20.468431900000002, 43.272141600000005], [20.468633, 43.2722995],
     [20.469333000000002, 43.2724892],
     [20.4707024, 43.272723600000006],
     [20.471218500000003, 43.2730138], [20.4719938, 43.2739051]]}},
  {"type":"Feature",
   "properties":{},
   "geometry":
   {"type":"LineString",
    "coordinates":
    [[20.4719938, 43.2739051], [20.472005600000003, 43.2739494],
     [20.4720249, 43.2739922], [20.472051500000003, 43.274033],
     [20.472284900000002, 43.2744948],
     [20.472309300000003, 43.274586500000005],
     [20.472322400000003, 43.274679400000004],
     [20.4723246, 43.274759700000004], [20.4723183, 43.2748399],
     [20.4723036, 43.274919600000004],
     [20.472297400000002, 43.2749668], [20.4723024, 43.2750141],
     [20.472318400000002, 43.275060200000006],
     [20.4723425, 43.275100200000004],
     [20.472374900000002, 43.2751369],
     [20.4724149, 43.275169500000004],
     [20.472474700000003, 43.2752002], [20.4725299, 43.2752351],
     [20.472579900000003, 43.275274], [20.4726362, 43.2753296],
     [20.4726898, 43.275419500000005],
     [20.472735500000002, 43.2754665],
     [20.472781100000002, 43.275545400000006],
     [20.472818200000003, 43.2756265], [20.4728469, 43.2757093],
     [20.4728669, 43.275793500000006], [20.47295, 43.276603900000005],
     [20.4729299, 43.276740600000004],
     [20.472901800000002, 43.2768548],
     [20.472901500000003, 43.276921200000004],
     [20.472905800000003, 43.276987600000005],
     [20.4729144, 43.277052700000006], [20.4729272, 43.2771174],
     [20.4729397, 43.2772115], [20.472946, 43.2773059],
     [20.472945900000003, 43.2774124],
     [20.472938000000003, 43.2775187],
     [20.472956800000002, 43.2776137], [20.4729795, 43.2777082],
     [20.473009400000002, 43.2778125],
     [20.4730439, 43.277916100000006],
     [20.4730427, 43.277983500000005],
     [20.473034700000003, 43.2780507],
     [20.473019800000003, 43.278117300000005], [20.4729904, 43.278202],
     [20.47295, 43.2782842], [20.4724699, 43.2790253],
     [20.472450000000002, 43.279093200000005],
     [20.472436400000003, 43.279162], [20.472428500000003, 43.2792498],
     [20.472431, 43.2793377], [20.4724332, 43.279395300000004],
     [20.4724276, 43.2794528], [20.4724143, 43.279509600000004],
     [20.472393500000003, 43.2795652], [20.4723668, 43.2796165],
     [20.472333600000002, 43.279665800000004],
     [20.4722942, 43.2797126], [20.4721809, 43.2797916],
     [20.472074900000003, 43.2798758], [20.4719766, 43.2799649],
     [20.471886400000002, 43.2800583],
     [20.4718047, 43.280155900000004],
     [20.471732000000003, 43.280257000000006],
     [20.4716685, 43.2803612], [20.471614300000002, 43.2804683],
     [20.4716098, 43.280507300000004],
     [20.4716138, 43.280546400000006], [20.4716264, 43.2805845],
     [20.4716519, 43.280627300000006], [20.4716881, 43.2806659],
     [20.4717337, 43.2806987], [20.4717786, 43.2807411],
     [20.471815900000003, 43.280787200000006],
     [20.471845000000002, 43.280836400000005],
     [20.4718649, 43.280886300000006], [20.4718763, 43.2809376],
     [20.471879100000002, 43.280989600000005],
     [20.4718731, 43.2810414],
     [20.471854200000003, 43.281136200000006],
     [20.471826, 43.281229800000006], [20.4717886, 43.281321600000005],
     [20.471738000000002, 43.2814187], [20.471677, 43.2815126],
     [20.4716063, 43.2816028], [20.4715595, 43.281678400000004],
     [20.471523100000002, 43.2817571], [20.471499, 43.281831700000005],
     [20.4714843, 43.281907700000005],
     [20.4714791, 43.281984300000005]]}},
  {"type":"Feature",
   "properties":{},
   "geometry":
   {"type":"LineString",
    "coordinates":
    [[20.459979800000003, 43.2945821], [20.4598574, 43.294493],
     [20.459789, 43.2944132], [20.459734700000002, 43.294311300000004],
     [20.4596544, 43.2941699],
     [20.459555700000003, 43.293986700000005],
     [20.459500300000002, 43.293899], [20.459477500000002, 43.2938303],
     [20.4594765, 43.2937529], [20.4594895, 43.2935554],
     [20.459496, 43.293403000000005],
     [20.459498200000002, 43.293266300000006],
     [20.4595144, 43.2931739], [20.4595622, 43.293072800000004],
     [20.4596512, 43.2929496], [20.4598584, 43.292766300000004],
     [20.4599832, 43.2926336], [20.4601547, 43.292415600000005],
     [20.4602372, 43.292304300000005],
     [20.460276200000003, 43.292236300000006],
     [20.460287100000002, 43.292181], [20.4602936, 43.2919567],
     [20.460299000000003, 43.291829500000006],
     [20.4603186, 43.291683400000004], [20.4603869, 43.291542],
     [20.4604813, 43.2914156], [20.4606105, 43.2912648],
     [20.4608156, 43.291071300000006],
     [20.461013100000002, 43.2908872], [20.4611097, 43.2907822],
     [20.4611455, 43.2907348], [20.4612388, 43.2906423],
     [20.4613191, 43.2905365],
     [20.461356000000002, 43.290361100000005],
     [20.4614146, 43.290125700000004],
     [20.461466700000003, 43.289980400000005],
     [20.461547000000003, 43.2898761],
     [20.461731500000003, 43.2897624], [20.4621026, 43.2895191],
     [20.4623479, 43.2893248], [20.462719, 43.2890783],
     [20.462918700000003, 43.2889203], [20.4630511, 43.2887829],
     [20.463170400000003, 43.2886186], [20.4632638, 43.2883958],
     [20.4633484, 43.2882679], [20.463506900000002, 43.2881099],
     [20.4636393, 43.287934500000006],
     [20.4637977, 43.287781300000006],
     [20.4640755, 43.287580600000005],
     [20.464229600000003, 43.2874305], [20.4644358, 43.287222],
     [20.4644987, 43.287068700000006], [20.4647136, 43.2866769],
     [20.4649176, 43.2864115], [20.465041300000003, 43.286282],
     [20.4652518, 43.2861461], [20.4654059, 43.2860213],
     [20.465551400000003, 43.285808], [20.465692400000002, 43.2856121],
     [20.465767800000002, 43.2855402],
     [20.4659213, 43.285439600000004], [20.4660635, 43.2853683],
     [20.466202900000003, 43.2852922],
     [20.4663089, 43.285206300000006],
     [20.466638800000002, 43.284941700000005],
     [20.4666636, 43.2849224], [20.466684400000002, 43.2849007],
     [20.466707800000002, 43.2848642],
     [20.466720000000002, 43.2848248],
     [20.466720600000002, 43.2847845],
     [20.466802400000002, 43.2844233],
     [20.466838600000003, 43.284364200000006],
     [20.4668829, 43.284308100000004],
     [20.466937100000003, 43.2842536], [20.466999, 43.284203600000005],
     [20.467068, 43.284158700000006], [20.468041600000003, 43.2835593],
     [20.468379600000002, 43.2834207], [20.4687497, 43.2832918],
     [20.4690608, 43.2831454],
     [20.469632100000002, 43.282899300000004],
     [20.469860100000002, 43.2828329],
     [20.4700184, 43.282797800000004],
     [20.470163200000002, 43.2827314],
     [20.4702625, 43.282643500000006],
     [20.470356000000002, 43.2825654],
     [20.4704583, 43.282493200000005], [20.470552, 43.282436600000004],
     [20.4706511, 43.282385000000005],
     [20.4707551, 43.282338700000004], [20.4708633, 43.2822979],
     [20.4709611, 43.282270100000005],
     [20.471055800000002, 43.2822369],
     [20.471146700000002, 43.2821986],
     [20.471233400000003, 43.2821554],
     [20.471325200000003, 43.2821012],
     [20.471410300000002, 43.282041500000005],
     [20.4714791, 43.281984300000005]]}},
  {"type":"Feature",
   "properties":{},
   "geometry":
   {"type":"LineString",
    "coordinates":
    [[20.460002900000003, 43.2959538], [20.4598973, 43.295161],
     [20.4598917, 43.295056900000006], [20.4598808, 43.2948535],
     [20.4598808, 43.2947502], [20.4599204, 43.2946614],
     [20.459979800000003, 43.2945821]]}},
  {"type":"Feature",
   "properties":{},
   "geometry":
   {"type":"LineString",
    "coordinates":
    [[20.460002900000003, 43.2959538],
     [20.4600659, 43.296219400000005], [20.4599997, 43.2964484],
     [20.4598105, 43.296803000000004], [20.4598105, 43.2970458],
     [20.460340300000002, 43.297817], [20.460815800000002, 43.2982543],
     [20.461310100000002, 43.298526300000006],
     [20.461840000000002, 43.298757],
     [20.462142800000002, 43.298948100000004],
     [20.4623959, 43.2992373], [20.4625638, 43.299741700000006],
     [20.4625591, 43.3000412], [20.4626229, 43.300414800000006],
     [20.4626844, 43.300735], [20.4628973, 43.3009536],
     [20.4632109, 43.301162100000006]]}},
  {"type":"Feature",
   "properties":{},
   "geometry":
   {"type":"LineString",
    "coordinates":
    [[20.4632109, 43.301162100000006], [20.4636776, 43.3015866],
     [20.4638098, 43.3017039], [20.463945900000002, 43.3018189],
     [20.4641676, 43.3019951], [20.4643984, 43.302165],
     [20.4646379, 43.3023284], [20.4649919, 43.302539200000005],
     [20.4651569, 43.302655300000005], [20.4652454, 43.3027881],
     [20.4653433, 43.3029432], [20.4654868, 43.3031043],
     [20.4655226, 43.303157500000005], [20.4655525, 43.3032126],
     [20.4655838, 43.303290700000005], [20.4656035, 43.3033707],
     [20.4657698, 43.3041749], [20.4658905, 43.3045321],
     [20.465957500000002, 43.3047673], [20.4659729, 43.3048135],
     [20.465994900000002, 43.304858200000005],
     [20.466023200000002, 43.304901], [20.466062700000002, 43.3049466],
     [20.4661094, 43.304988300000005], [20.4661627, 43.3050257],
     [20.466221700000002, 43.305058100000004],
     [20.466368300000003, 43.3051308], [20.4665208, 43.3051967],
     [20.466665600000002, 43.305251000000005],
     [20.4668145, 43.3052992], [20.466971, 43.305327500000004],
     [20.4671296, 43.305349], [20.4673008, 43.3053642],
     [20.467473000000002, 43.305371400000006],
     [20.467975900000003, 43.3053724],
     [20.468087800000003, 43.3053807], [20.4681983, 43.3053961],
     [20.468306600000002, 43.3054185], [20.4684117, 43.3054475],
     [20.4685172, 43.3054848], [20.4686176, 43.305528900000006],
     [20.4687121, 43.3055794], [20.4688, 43.305635900000006]]}},
  {"type":"Feature",
   "properties":{},
   "geometry":
   {"type":"LineString",
    "coordinates":
    [[20.4688, 43.305635900000006], [20.469158800000002, 43.3057582],
     [20.469310200000002, 43.305761700000005],
     [20.4693788, 43.3057031],
     [20.469624800000002, 43.305353700000005],
     [20.4701026, 43.3048993], [20.4715016, 43.3039872],
     [20.4733206, 43.3028903], [20.4742046, 43.302466300000006],
     [20.474904600000002, 43.302399400000006],
     [20.4764988, 43.302038700000004], [20.477117, 43.301533],
     [20.4791506, 43.3005848], [20.479615600000002, 43.3002873],
     [20.4800857, 43.3001051], [20.4805047, 43.300027],
     [20.480801, 43.300015800000004], [20.4809288, 43.300108800000004],
     [20.4811893, 43.300432300000004],
     [20.481312000000003, 43.300625700000005],
     [20.4814244, 43.3007372], [20.481547000000003, 43.3007707],
     [20.4818383, 43.3007112], [20.482134600000002, 43.3007149],
     [20.4824872, 43.3008711], [20.4830237, 43.3011835],
     [20.483458000000002, 43.301559000000005],
     [20.4838106, 43.3018082], [20.4840865, 43.3022061],
     [20.484204000000002, 43.3024812], [20.484439000000002, 43.302708],
     [20.484515700000003, 43.303009200000005],
     [20.4845055, 43.3032175], [20.4844237, 43.3034331],
     [20.4844237, 43.3037343], [20.4845668, 43.3040095],
     [20.484812, 43.3041471], [20.4852004, 43.3042772],
     [20.4854916, 43.304518900000005],
     [20.485598900000003, 43.304645300000004],
     [20.4856398, 43.3047532], [20.4856245, 43.304905600000005],
     [20.485711300000002, 43.3051436],
     [20.485742000000002, 43.3054708],
     [20.485598900000003, 43.306065700000005],
     [20.485476300000002, 43.306448700000004],
     [20.485415, 43.306642000000004], [20.485338300000002, 43.3069915],
     [20.485231000000002, 43.3071068],
     [20.4852566, 43.307158900000005],
     [20.485333200000003, 43.307196000000005], [20.4853996, 43.30717],
     [20.485547800000003, 43.3070139],
     [20.4856398, 43.306716400000006], [20.4856909, 43.3066681],
     [20.4860434, 43.3063966], [20.4863705, 43.3062107],
     [20.4866362, 43.306099200000006],
     [20.486876300000002, 43.305998800000005],
     [20.486952900000002, 43.3060174], [20.4869989, 43.3060917],
     [20.486983600000002, 43.306162400000005],
     [20.4865748, 43.3069432], [20.486534000000002, 43.3073671],
     [20.486186500000002, 43.308263100000005],
     [20.486319400000003, 43.308709300000004],
     [20.486442, 43.308872900000004], [20.486677, 43.3088357],
     [20.4869632, 43.308653500000005],
     [20.487223800000002, 43.3083821], [20.487382200000003, 43.308252],
     [20.487545700000002, 43.3081814],
     [20.487750000000002, 43.3081851], [20.4879442, 43.3082817],
     [20.4882591, 43.308724000000005],
     [20.488494300000003, 43.3088825],
     [20.488690300000002, 43.3089712],
     [20.4887467, 43.308982900000004], [20.4889899, 43.3090333],
     [20.4891063, 43.3089633], [20.4893916, 43.3089681],
     [20.4897488, 43.3089887], [20.4900428, 43.308966500000004],
     [20.4906243, 43.308958600000004],
     [20.490752800000003, 43.308969700000006],
     [20.4910904, 43.3089998], [20.4916392, 43.3091091],
     [20.4919724, 43.3092058], [20.4931114, 43.3094911],
     [20.493581900000002, 43.309484700000006], [20.4940262, 43.309472],
     [20.494566300000002, 43.3095227],
     [20.495459200000003, 43.3096368],
     [20.495986300000002, 43.3096654],
     [20.4961226, 43.309630000000006],
     [20.4962003, 43.310015500000006]]}},
  {"type":"Feature",
   "properties":{},
   "geometry":
   {"type":"LineString",
    "coordinates":
    [[20.4962003, 43.310015500000006], [20.4961795, 43.3101939],
     [20.4962188, 43.310305400000004],
     [20.4965128, 43.310731000000004],
     [20.496665500000002, 43.310955400000005],
     [20.4965128, 43.3111058], [20.4961527, 43.311170700000005],
     [20.4955891, 43.3112651], [20.4948991, 43.3115199]]}},
  {"type":"Feature",
   "properties":{},
   "geometry":
   {"type":"LineString",
    "coordinates":
    [[20.4948991, 43.3115199], [20.4940666, 43.3117303],
     [20.4936285, 43.3117676], [20.4931294, 43.311760500000005],
     [20.492375900000003, 43.3118423],
     [20.4919176, 43.311835300000006],
     [20.491533500000003, 43.3119245], [20.4911698, 43.3120582],
     [20.4907675, 43.312266300000005], [20.4902042, 43.3125578],
     [20.4887666, 43.3139942], [20.4886807, 43.3143377],
     [20.488788, 43.3151339], [20.488294500000002, 43.3161019]]}},
  {"type":"Feature",
   "properties":{},
   "geometry":
   {"type":"LineString",
    "coordinates":
    [[20.488294500000002, 43.3161019],
     [20.488401800000002, 43.316539000000006],
     [20.488895300000003, 43.3172884], [20.4890241, 43.3178816],
     [20.489324500000002, 43.318069], [20.489582000000002, 43.3178816],
     [20.489732200000002, 43.3179597], [20.489818, 43.3193647],
     [20.490139900000003, 43.319911100000006]]}},
  {"type":"Feature",
   "properties":{},
   "geometry":
   {"type":"LineString",
    "coordinates":
    [[20.490139900000003, 43.319911100000006],
     [20.4906834, 43.3204087], [20.4907048, 43.320674100000005],
     [20.4910481, 43.3208926], [20.4914987, 43.321001900000006],
     [20.4914987, 43.3212673], [20.491885, 43.3215639],
     [20.492357000000002, 43.3221727], [20.4922498, 43.3224225],
     [20.4920137, 43.322500500000004], [20.4919708, 43.3229532],
     [20.492121, 43.323171800000004], [20.4919279, 43.323405900000004],
     [20.4916489, 43.3235152], [20.4915202, 43.3240147],
     [20.4907048, 43.3252947], [20.4905331, 43.325794300000005],
     [20.489353, 43.3273552], [20.4890526, 43.328323000000005],
     [20.4894173, 43.3289786], [20.4893959, 43.3294936],
     [20.4891599, 43.3301492], [20.4889453, 43.3310545],
     [20.488816500000002, 43.3315384],
     [20.488301500000002, 43.3320378],
     [20.488151300000002, 43.3324592], [20.4877651, 43.3334581],
     [20.4876149, 43.3338483], [20.4877866, 43.3347223],
     [20.4878939, 43.335768], [20.4883384, 43.3364398],
     [20.4882694, 43.3368064], [20.487954000000002, 43.3372187],
     [20.487524800000003, 43.3376309], [20.4873467, 43.3380549],
     [20.4880548, 43.338944500000004], [20.489149100000002, 43.339678],
     [20.4899001, 43.340567500000006],
     [20.4910803, 43.342065700000006], [20.4925219, 43.3429264],
     [20.493033, 43.343938300000005], [20.4931188, 43.344859],
     [20.493078500000003, 43.3457974], [20.4930759, 43.3458577]]}},
  {"type":"Feature",
   "properties":{},
   "geometry":
   {"type":"LineString",
    "coordinates":
    [[20.4930759, 43.3458577], [20.493204600000002, 43.3467939],
     [20.493762500000003, 43.347371300000006],
     [20.494642300000002, 43.348026700000005],
     [20.495367400000003, 43.3484786], [20.4956308, 43.3485018],
     [20.497303000000002, 43.3485104],
     [20.498697800000002, 43.3484636], [20.499835, 43.3482295],
     [20.500420300000002, 43.3479186], [20.5006132, 43.347704],
     [20.5008546, 43.347356100000006],
     [20.501190400000002, 43.347136500000005],
     [20.5016541, 43.346742600000006],
     [20.502023700000002, 43.3465131],
     [20.502384000000003, 43.3462845], [20.5026897, 43.3460028],
     [20.5030028, 43.3458382], [20.5032254, 43.3458577],
     [20.503438600000003, 43.345878500000005],
     [20.5037227, 43.3459328], [20.5039802, 43.345904100000006],
     [20.5044484, 43.3457328], [20.5058826, 43.3452276],
     [20.506058300000003, 43.3451334], [20.5065513, 43.3451867],
     [20.507258, 43.3456399], [20.507648, 43.3458502],
     [20.5083108, 43.345982500000005], [20.5092657, 43.3458951],
     [20.509633400000002, 43.345992200000005],
     [20.509679900000002, 43.346011700000005],
     [20.5102079, 43.3462325], [20.5104338, 43.346513300000005],
     [20.5104781, 43.3469812], [20.511036, 43.3476678],
     [20.5119618, 43.347616900000006], [20.5126667, 43.3478082],
     [20.5129457, 43.348822500000004], [20.5135894, 43.35018],
     [20.513513500000002, 43.3510458], [20.5136526, 43.3513286],
     [20.5137436, 43.3517336], [20.513793500000002, 43.3523432],
     [20.5141111, 43.352644700000006],
     [20.514348700000003, 43.3527025],
     [20.5145123, 43.353216200000006],
     [20.514635700000003, 43.353708100000006],
     [20.5149627, 43.353987100000005],
     [20.515809100000002, 43.354774000000006],
     [20.516292500000002, 43.354933200000005],
     [20.5162763, 43.3557709],
     [20.515885400000002, 43.356327400000005],
     [20.5157378, 43.3571341],
     [20.515804600000003, 43.358157500000004],
     [20.5156923, 43.358698800000006],
     [20.516142900000002, 43.359260500000005],
     [20.516572, 43.360773800000004],
     [20.516121400000003, 43.361912600000004],
     [20.515821000000003, 43.362723800000005],
     [20.5160851, 43.363427800000004],
     [20.516743700000003, 43.3640186], [20.5175591, 43.3646426],
     [20.5183745, 43.3647986], [20.5196608, 43.365229],
     [20.520413, 43.365672200000006], [20.5217648, 43.3659842],
     [20.522945, 43.3655162], [20.5244041, 43.365048200000004],
     [20.525326800000002, 43.365048200000004],
     [20.526979, 43.365360200000005], [20.5273758, 43.3656208],
     [20.5275313, 43.3656517],
     [20.528953100000003, 43.365048200000004],
     [20.5291104, 43.3650493], [20.5295551, 43.3653096],
     [20.530262, 43.365500600000004], [20.5317426, 43.365547400000004],
     [20.5326044, 43.3656445], [20.5333948, 43.3659842],
     [20.5348754, 43.3662962], [20.5359054, 43.3667485],
     [20.537214300000002, 43.3672477]]}},
  {"type":"Feature",
   "properties":{},
   "geometry":
   {"type":"LineString",
    "coordinates":
    [[20.537214300000002, 43.3672477], [20.5370342, 43.3677007],
     [20.5370856, 43.3680159], [20.5376321, 43.36824],
     [20.5381155, 43.3684488], [20.540154, 43.368667200000004],
     [20.5408729, 43.368642900000005],
     [20.5415917, 43.368526800000005],
     [20.542922100000002, 43.3687452],
     [20.543497000000002, 43.368674500000004]]}}]}
