{"type":"FeatureCollection",
 "properties":{},
 "features":
 [{"type":"Feature",
   "properties":{},
   "geometry":
   {"type":"LineString",
    "coordinates":
    [[21.7395585, 42.9185281], [21.7395681, 42.9184988],
     [21.739573, 42.9184743], [21.739576600000003, 42.9184488]]}},
  {"type":"Feature",
   "properties":{},
   "geometry":
   {"type":"LineString",
    "coordinates":
    [[21.740410800000003, 42.915566000000005],
     [21.7406848, 42.9165391],
     [21.740712300000002, 42.916663500000006], [21.740725, 42.91689],
     [21.7406447, 42.917259], [21.740470100000003, 42.917464800000005],
     [21.740259000000002, 42.917728200000006],
     [21.740100700000003, 42.9178902], [21.7400145, 42.9180037],
     [21.739944400000002, 42.9180817],
     [21.7398938, 42.918137200000004],
     [21.7398448, 42.918191400000005], [21.7398032, 42.9182343],
     [21.7397631, 42.918275300000005], [21.7397248, 42.9183133],
     [21.7396987, 42.918339800000005],
     [21.739674100000002, 42.918364000000004],
     [21.739648300000002, 42.918387], [21.739614800000002, 42.9184159],
     [21.739576600000003, 42.9184488]]}},
  {"type":"Feature",
   "properties":{},
   "geometry":
   {"type":"LineString",
    "coordinates":
    [[21.740410800000003, 42.915566000000005],
     [21.740566100000002, 42.915501400000004],
     [21.7406653, 42.9154563], [21.7407821, 42.915406000000004],
     [21.7408645, 42.9153712], [21.7409326, 42.915339],
     [21.7409991, 42.9153029], [21.7410889, 42.9152525],
     [21.7411858, 42.9151917], [21.7412807, 42.9151285],
     [21.7413564, 42.915072300000006], [21.741391500000002, 42.915045],
     [21.741432200000002, 42.9150135],
     [21.741507600000002, 42.914946400000005],
     [21.741575400000002, 42.9148818],
     [21.7416163, 42.914833900000005],
     [21.741660900000003, 42.914775600000006]]}},
  {"type":"Feature",
   "properties":{},
   "geometry":
   {"type":"LineString",
    "coordinates":
    [[21.741660900000003, 42.914775600000006],
     [21.741702800000002, 42.9147085],
     [21.7417292, 42.914658200000005],
     [21.741745100000003, 42.9146203],
     [21.741760900000003, 42.914575500000005],
     [21.7417766, 42.9145009], [21.7417844, 42.9144499],
     [21.7417923, 42.914393000000004], [21.7418066, 42.9142835],
     [21.7418151, 42.914220900000004], [21.741821, 42.9141642],
     [21.7418237, 42.9141161],
     [21.741826500000002, 42.914072000000004],
     [21.741824, 42.914023900000004], [21.741819200000002, 42.9139586],
     [21.741811600000002, 42.913901], [21.741793400000002, 42.9138165],
     [21.7417751, 42.913734000000005],
     [21.7417629, 42.913682300000005], [21.741748100000002, 42.913617],
     [21.741735900000002, 42.913564400000006],
     [21.741730500000003, 42.9135196],
     [21.741726800000002, 42.9134746], [21.7417237, 42.9134168],
     [21.7417248, 42.9133751], [21.7417291, 42.913336900000004],
     [21.7417334, 42.9133086],
     [21.741742000000002, 42.913259700000005]]}},
  {"type":"Feature",
   "properties":{},
   "geometry":
   {"type":"LineString",
    "coordinates":
    [[21.741742000000002, 42.913259700000005],
     [21.7417495, 42.9132298], [21.7417626, 42.9131834],
     [21.7417757, 42.9131428], [21.7417939, 42.913101100000006],
     [21.7418151, 42.9130576], [21.7418391, 42.9130182],
     [21.7418698, 42.912978800000005],
     [21.7418993, 42.912943500000004], [21.7419349, 42.9129097],
     [21.741978200000002, 42.91288], [21.742026600000003, 42.9128543],
     [21.7420751, 42.9128326], [21.7421213, 42.912816400000004],
     [21.742190700000002, 42.912799500000006],
     [21.742274400000003, 42.9127856],
     [21.7423471, 42.912775800000006],
     [21.7424305, 42.912767800000005],
     [21.7425611, 42.912756200000004], [21.7426475, 42.9127492],
     [21.7427746, 42.9127407], [21.7428551, 42.912734300000004],
     [21.7429799, 42.9127279], [21.7430668, 42.912727200000006],
     [21.743141700000002, 42.912729500000005],
     [21.743213100000002, 42.912733100000004],
     [21.7432744, 42.9127384],
     [21.743358200000003, 42.912749600000005],
     [21.743425700000003, 42.9127608],
     [21.7435164, 42.912777500000004], [21.7436095, 42.9127942],
     [21.743706000000003, 42.912809200000005],
     [21.7438073, 42.9128242], [21.7438767, 42.9128312],
     [21.743951000000003, 42.9128355], [21.7440268, 42.9128385],
     [21.744115400000002, 42.9128379], [21.7442134, 42.9128338],
     [21.7443035, 42.912824900000004],
     [21.744388200000003, 42.912813500000006],
     [21.744471500000003, 42.912801], [21.7445512, 42.9127868],
     [21.7446705, 42.9127616], [21.7447552, 42.9127421],
     [21.744848400000002, 42.912714],
     [21.744908900000002, 42.912694800000004],
     [21.744971900000003, 42.9126722],
     [21.745019900000003, 42.9126539],
     [21.7450738, 42.912627300000004],
     [21.7451264, 42.912598100000004],
     [21.7451967, 42.912553300000006], [21.7453113, 42.9124726],
     [21.745424, 42.9123898], [21.7454962, 42.912330000000004],
     [21.745548000000003, 42.912285600000004],
     [21.7456067, 42.9122344], [21.7456643, 42.9121831],
     [21.745740400000003, 42.9121128],
     [21.745979400000003, 42.911886800000005],
     [21.7461544, 42.911722700000006],
     [21.746614700000002, 42.911287200000004],
     [21.7466833, 42.9112224], [21.7467386, 42.911171200000005],
     [21.7467776, 42.9111336], [21.746821800000003, 42.9110888],
     [21.7468568, 42.911051900000004],
     [21.746885900000002, 42.9110184],
     [21.746919400000003, 42.910975900000004],
     [21.746955200000002, 42.91093], [21.746991, 42.9108815],
     [21.7470268, 42.910831300000005], [21.7470798, 42.9107502],
     [21.7471374, 42.910662200000004],
     [21.747196300000002, 42.910573400000004],
     [21.7472399, 42.9105153], [21.7472788, 42.9104709]]}},
  {"type":"Feature",
   "properties":{},
   "geometry":
   {"type":"LineString",
    "coordinates":
    [[21.7472788, 42.9104709], [21.747308800000003, 42.9104405],
     [21.7473388, 42.9104119], [21.7474145, 42.910347],
     [21.747502, 42.9102752], [21.7475941, 42.9102077],
     [21.747695500000003, 42.9101317], [21.7477738, 42.9100702],
     [21.7478522, 42.910006900000006],
     [21.7480112, 42.909882200000006],
     [21.7480806, 42.909824300000004],
     [21.748150900000002, 42.9097656], [21.748231800000003, 42.909695],
     [21.7483103, 42.909624300000004], [21.7483958, 42.9095486],
     [21.7484535, 42.9094908], [21.748514, 42.9094272],
     [21.7485731, 42.909361600000004],
     [21.748634900000003, 42.9092901], [21.7487147, 42.909196],
     [21.7487567, 42.9091499], [21.7488011, 42.9091072],
     [21.7488467, 42.909073], [21.7488937, 42.909043600000004],
     [21.7489454, 42.9090197], [21.7490135, 42.9089954],
     [21.749095800000003, 42.9089706], [21.7491705, 42.9089571],
     [21.749266600000002, 42.9089437], [21.7493516, 42.9089407],
     [21.749445100000003, 42.908942200000006],
     [21.749527800000003, 42.9089456],
     [21.7496115, 42.908952500000005],
     [21.749728400000002, 42.9089657], [21.7498481, 42.908977],
     [21.7499089, 42.908982], [21.7499769, 42.9089815],
     [21.7500377, 42.908979300000006],
     [21.750096300000003, 42.908971300000005],
     [21.750150400000003, 42.9089575], [21.7502029, 42.9089369],
     [21.7502667, 42.9089059], [21.750341300000002, 42.9088671],
     [21.750433700000002, 42.908807200000005],
     [21.7505422, 42.908735500000006],
     [21.7507485, 42.908595000000005],
     [21.7508567, 42.908522000000005],
     [21.750970300000002, 42.908449100000006],
     [21.7510812, 42.9083796], [21.751197400000002, 42.9083041],
     [21.7514645, 42.908135400000006], [21.7516833, 42.9079941],
     [21.751853, 42.907890300000005],
     [21.751979900000002, 42.907816000000004],
     [21.752102700000002, 42.907743700000005],
     [21.7522336, 42.9076694], [21.752366000000002, 42.9075964],
     [21.7525012, 42.9075234], [21.752645700000002, 42.9074435],
     [21.752793, 42.9073616], [21.7528742, 42.907313800000004],
     [21.752953700000003, 42.9072673], [21.753031, 42.9072186],
     [21.753088400000003, 42.9071755], [21.7531418, 42.9071305],
     [21.7532296, 42.9070526], [21.753316100000003, 42.9069738],
     [21.753385100000003, 42.906907700000005],
     [21.7534451, 42.9068526], [21.7534938, 42.9068142],
     [21.7535424, 42.9067803], [21.7536109, 42.9067348],
     [21.7537169, 42.9066707], [21.7538461, 42.9066093],
     [21.753977900000002, 42.906542], [21.7540869, 42.906492400000005],
     [21.7541602, 42.9064539], [21.754200800000003, 42.9064326],
     [21.754244200000002, 42.906405500000005],
     [21.754306200000002, 42.9063627],
     [21.754360100000003, 42.906319100000005],
     [21.7543998, 42.906280200000005], [21.7544425, 42.9062342],
     [21.7544866, 42.9061709], [21.754514, 42.9061285],
     [21.7545414, 42.906086]]}},
  {"type":"Feature",
   "properties":{},
   "geometry":
   {"type":"LineString",
    "coordinates":
    [[21.7545414, 42.906086], [21.7545743, 42.906013300000005],
     [21.754607200000002, 42.9059387], [21.754638800000002, 42.905867],
     [21.7546572, 42.9058262], [21.7546757, 42.9057815],
     [21.754684400000002, 42.9057526],
     [21.754691700000002, 42.905716600000005],
     [21.754699300000002, 42.905648500000005],
     [21.754706900000002, 42.9055647], [21.7547108, 42.9054536],
     [21.754712700000002, 42.9053915], [21.7547147, 42.9053346],
     [21.754720300000002, 42.9052969], [21.7547259, 42.9052542],
     [21.7547298, 42.905220400000005],
     [21.754733700000003, 42.9051764],
     [21.754735500000002, 42.9051491], [21.754735, 42.9051167],
     [21.7547268, 42.9050382], [21.7547186, 42.9049649],
     [21.754698700000002, 42.9048184], [21.754673, 42.904634200000004],
     [21.754670800000003, 42.9045563], [21.7546757, 42.9045044],
     [21.754693600000003, 42.9044619],
     [21.754716700000003, 42.9044212],
     [21.754740700000003, 42.904390500000005],
     [21.754777400000002, 42.904357000000005],
     [21.7548259, 42.9043286], [21.7549032, 42.9042904],
     [21.7550053, 42.9042496], [21.755076600000002, 42.9042223],
     [21.7551488, 42.904190500000006], [21.755196, 42.9041672],
     [21.755235600000002, 42.9041409],
     [21.755267800000002, 42.9041135],
     [21.755291200000002, 42.9040875],
     [21.7553106, 42.904057800000004], [21.7553336, 42.9040164],
     [21.755353000000003, 42.9039725], [21.7553768, 42.9038863],
     [21.755400700000003, 42.903779400000005]]}},
  {"type":"Feature",
   "properties":{},
   "geometry":
   {"type":"LineString",
    "coordinates":
    [[21.755400700000003, 42.903779400000005],
     [21.7554269, 42.9036544], [21.7554531, 42.9035371],
     [21.755476700000003, 42.903434700000005],
     [21.7555002, 42.9033427]]}},
  {"type":"Feature",
   "properties":{},
   "geometry":
   {"type":"LineString",
    "coordinates":
    [[21.7555002, 42.9033427], [21.7555391, 42.9031961],
     [21.7555637, 42.9031122], [21.755579100000002, 42.9030433],
     [21.755602600000003, 42.902916700000006],
     [21.7556219, 42.9028027], [21.755640600000003, 42.9026805],
     [21.7556699, 42.9025005], [21.7556993, 42.9021673],
     [21.7557449, 42.9019172],
     [21.755756700000003, 42.901839100000004],
     [21.7557686, 42.9017817], [21.7557882, 42.901726700000005],
     [21.7558152, 42.9016612], [21.7558635, 42.901567],
     [21.755919900000002, 42.901457900000004],
     [21.7559682, 42.901368000000005], [21.7560267, 42.901259],
     [21.7560897, 42.901144300000006], [21.756150700000003, 42.901034],
     [21.756203600000003, 42.9009416], [21.7562381, 42.9008776],
     [21.7562727, 42.9008106], [21.7563685, 42.9006108],
     [21.7564643, 42.900405], [21.7565224, 42.900279100000006],
     [21.7565764, 42.9001472], [21.756674200000003, 42.8999131],
     [21.7568033, 42.899602], [21.756934400000002, 42.8993072],
     [21.757064200000002, 42.8990117],
     [21.757147200000002, 42.8988345], [21.7572578, 42.898572],
     [21.757339, 42.8983791], [21.75748, 42.8980419],
     [21.7574995, 42.8979914],
     [21.757519000000002, 42.897936900000005],
     [21.757542500000003, 42.897872400000004],
     [21.7575578, 42.8978241], [21.7575676, 42.897784200000004],
     [21.7575708, 42.8977481], [21.7575739, 42.8976972],
     [21.757577400000002, 42.897603100000005],
     [21.7575758, 42.897529000000006], [21.7575742, 42.8974648],
     [21.7575715, 42.89739], [21.75757, 42.8973402],
     [21.7575748, 42.8972928],
     [21.757579500000002, 42.897247500000006],
     [21.7575937, 42.8971749], [21.757607800000002, 42.8971217],
     [21.7576348, 42.8970545], [21.7576776, 42.896965],
     [21.757714200000002, 42.8968891],
     [21.7577792, 42.896767100000005],
     [21.7578359, 42.896669100000004],
     [21.7578783, 42.896597400000005],
     [21.7579123, 42.896537900000006],
     [21.7579646, 42.896441100000004],
     [21.758021000000003, 42.8963265], [21.7580487, 42.8962622],
     [21.7580764, 42.896191200000004],
     [21.758104000000003, 42.896113400000004],
     [21.7581194, 42.8960565], [21.7581348, 42.8959905],
     [21.7581494, 42.8959144], [21.7581582, 42.895836800000005],
     [21.7581609, 42.8957909], [21.758165100000003, 42.895715],
     [21.758169300000002, 42.8956414],
     [21.758170500000002, 42.8955836], [21.7581685, 42.8955326],
     [21.7581637, 42.8954612], [21.758159000000003, 42.895392],
     [21.7581463, 42.895265], [21.7581211, 42.895039100000005],
     [21.7581019, 42.894896], [21.758082700000003, 42.8947641],
     [21.758066600000003, 42.894648100000005],
     [21.7580585, 42.8945935], [21.758050500000003, 42.8945433],
     [21.758040700000002, 42.8944917],
     [21.758031000000003, 42.894444500000006],
     [21.758011500000002, 42.8943638],
     [21.7579904, 42.894288700000004], [21.7579679, 42.8942193],
     [21.75795, 42.894167700000004], [21.7579396, 42.8941194],
     [21.7579354, 42.8940944], [21.757934300000002, 42.8940648],
     [21.757936800000003, 42.8940338], [21.7579436, 42.8939936],
     [21.757953500000003, 42.8939602], [21.7579706, 42.8939177],
     [21.7579908, 42.8938846], [21.7580285, 42.893844300000005],
     [21.7580567, 42.8938208], [21.7581002, 42.8937905],
     [21.758165100000003, 42.893752500000005],
     [21.7582615, 42.8937025], [21.7583702, 42.8936502],
     [21.758545400000003, 42.8935747], [21.7587236, 42.8934968],
     [21.758797100000002, 42.8934641],
     [21.758878600000003, 42.8934258], [21.758945500000003, 42.893388],
     [21.7589928, 42.893355500000006],
     [21.759032400000002, 42.893320800000005],
     [21.7590685, 42.893280600000004],
     [21.759104500000003, 42.8932336], [21.7591751, 42.8931509],
     [21.7593193, 42.8929719],
     [21.759491200000003, 42.892759000000005],
     [21.7595734, 42.8926554], [21.7596272, 42.8925824]]}},
  {"type":"Feature",
   "properties":{},
   "geometry":
   {"type":"LineString",
    "coordinates":
    [[21.7596272, 42.8925824], [21.759713, 42.8925731],
     [21.7597747, 42.892553500000005],
     [21.759831000000002, 42.892502400000005],
     [21.7600483, 42.892221400000004],
     [21.760101900000002, 42.892170300000004], [21.760287, 42.8920406],
     [21.760370100000003, 42.892003300000006],
     [21.7604586, 42.8919915],
     [21.760619600000002, 42.891985600000005],
     [21.761298200000002, 42.892017], [21.7615637, 42.8920249],
     [21.761813200000002, 42.8920151], [21.762087, 42.8920072],
     [21.762397800000002, 42.892029], [21.7625256, 42.892069500000005],
     [21.762938600000002, 42.892291], [21.763253600000002, 42.8925125],
     [21.7634963, 42.892780800000004], [21.7636113, 42.8928899],
     [21.7636837, 42.892952300000005], [21.7637433, 42.8930334],
     [21.7637858, 42.893139500000004], [21.7638284, 42.8932081],
     [21.763892300000002, 42.893264300000006],
     [21.764037000000002, 42.8933672],
     [21.764173300000003, 42.893476400000004],
     [21.7642627, 42.8936136],
     [21.764591900000003, 42.894367200000005],
     [21.7650586, 42.8954794], [21.7652088, 42.8957545],
     [21.765396600000003, 42.8959824], [21.7654931, 42.896065],
     [21.7656004, 42.896104300000005], [21.765670200000002, 42.89612],
     [21.7657785, 42.8961308], [21.7658892, 42.8961527],
     [21.7659701, 42.8961776], [21.7661148, 42.8962556],
     [21.766412900000002, 42.8964864],
     [21.766523600000003, 42.896598700000006],
     [21.7666045, 42.896714100000004],
     [21.766659800000003, 42.8968451],
     [21.7666964, 42.896925200000005],
     [21.766716600000002, 42.8969475], [21.7667454, 42.8969624]]}},
  {"type":"Feature",
   "properties":{},
   "geometry":
   {"type":"LineString",
    "coordinates":
    [[21.7667454, 42.8969624], [21.7667876, 42.896971],
     [21.7668265, 42.896971], [21.766873800000003, 42.8969624],
     [21.766924500000002, 42.8969463],
     [21.766992100000003, 42.896920300000005],
     [21.767052900000003, 42.896881900000004],
     [21.7671323, 42.8968101],
     [21.767183000000003, 42.896745700000004],
     [21.7672455, 42.8966517], [21.7672911, 42.8965502],
     [21.7673148, 42.8964499], [21.767345300000002, 42.896123],
     [21.767351700000003, 42.8958408],
     [21.767355300000002, 42.895786400000006],
     [21.767373900000003, 42.8957332], [21.7674179, 42.895628],
     [21.7676881, 42.895039100000005], [21.7677647, 42.8949003],
     [21.7678158, 42.894834800000005],
     [21.767984900000002, 42.894656100000006],
     [21.768090400000002, 42.8945287], [21.7687223, 42.8937315],
     [21.7688102, 42.8936152], [21.769039900000003, 42.8932237],
     [21.769227200000003, 42.892927400000005],
     [21.7693529, 42.8927854], [21.769647900000002, 42.8924729],
     [21.769755200000002, 42.8923295],
     [21.769822100000003, 42.8922772],
     [21.770635000000002, 42.891790500000006],
     [21.771152100000002, 42.891513200000006],
     [21.7712304, 42.8914884], [21.7713082, 42.891484500000004],
     [21.7713618, 42.8914963]]}},
  {"type":"Feature",
   "properties":{},
   "geometry":
   {"type":"LineString",
    "coordinates":
    [[21.7713618, 42.8914963], [21.7714289, 42.891525800000004],
     [21.7715737, 42.8916358], [21.7716703, 42.8916948],
     [21.7717373, 42.891714400000005], [21.7718527, 42.8917282],
     [21.7719519, 42.8917419], [21.7720297, 42.8917635],
     [21.772190600000002, 42.891848], [21.7723757, 42.891952200000006],
     [21.7724428, 42.8919817], [21.7725313, 42.8919993],
     [21.772595600000002, 42.892001300000004],
     [21.772689500000002, 42.8919876],
     [21.772896000000003, 42.891926600000005],
     [21.7731898, 42.8918252], [21.77345, 42.891713700000004],
     [21.773619, 42.8916568], [21.773730500000003, 42.891632],
     [21.7738589, 42.8916296], [21.7740043, 42.891646900000005],
     [21.7742915, 42.8917088], [21.7744943, 42.891743500000004],
     [21.774947100000002, 42.8917657], [21.775258, 42.8918004],
     [21.775677, 42.8918796], [21.776047700000003, 42.8919713],
     [21.776234600000002, 42.892033100000006],
     [21.7763022, 42.892055400000004],
     [21.7763631, 42.892057900000005], [21.7764442, 42.8920406],
     [21.776707700000003, 42.891996000000006],
     [21.7769206, 42.8919638], [21.7771268, 42.8919688],
     [21.777262, 42.891986100000004], [21.777329700000003, 42.8919822],
     [21.777395700000003, 42.8919666], [21.777566, 42.891894900000004],
     [21.7776874, 42.8918637],
     [21.777783200000002, 42.891862100000004],
     [21.7778981, 42.891876100000005],
     [21.778017300000002, 42.891908900000004],
     [21.7782366, 42.8919994], [21.778507, 42.892138200000005],
     [21.7786049, 42.8921818], [21.778666700000002, 42.8921974],
     [21.778741200000002, 42.892195900000004],
     [21.778805000000002, 42.892185000000005],
     [21.7794373, 42.8920274],
     [21.779537400000002, 42.892008700000005],
     [21.779622500000002, 42.892002500000004], [21.779729, 42.8920103],
     [21.7798503, 42.892043], [21.7800547, 42.892124100000004],
     [21.7801931, 42.8921616], [21.780535800000003, 42.8922177],
     [21.7807317, 42.8922505], [21.7808445, 42.8922801],
     [21.7809573, 42.892331600000006],
     [21.781344800000003, 42.892532800000005],
     [21.7818642, 42.892847800000006], [21.7819536, 42.8928868],
     [21.782055800000002, 42.892916500000005],
     [21.782158000000003, 42.892935200000004],
     [21.7822666, 42.8929336], [21.782356, 42.8929211],
     [21.7824475, 42.8928868], [21.7831607, 42.8925671],
     [21.7834736, 42.892428300000006], [21.783546, 42.892408],
     [21.783629, 42.8924018], [21.7839122, 42.8923986],
     [21.784011600000003, 42.8923951], [21.7840862, 42.8923916]]}},
  {"type":"Feature",
   "properties":{},
   "geometry":
   {"type":"LineString",
    "coordinates":
    [[21.7840862, 42.8923916], [21.7845985, 42.8922548],
     [21.7850679, 42.8921271], [21.7853281, 42.8920327],
     [21.78543, 42.891985600000005], [21.7854944, 42.8919404],
     [21.785561400000002, 42.8918893],
     [21.785623100000002, 42.8918539], [21.785709, 42.891814600000004],
     [21.785786700000003, 42.8917871],
     [21.7859343, 42.891757600000005],
     [21.786398300000002, 42.8916928]]}},
  {"type":"Feature",
   "properties":{},
   "geometry":
   {"type":"LineString",
    "coordinates":
    [[21.786398300000002, 42.8916928],
     [21.787007600000003, 42.8914613], [21.7876505, 42.891271],
     [21.787829300000002, 42.8912117], [21.787927200000002, 42.891168],
     [21.7880337, 42.8910994],
     [21.788727700000003, 42.890587800000006],
     [21.7891279, 42.8902696], [21.7891875, 42.8902166],
     [21.7892258, 42.8901636], [21.789285500000002, 42.8900419],
     [21.789489800000002, 42.8894211],
     [21.789540900000002, 42.8892152],
     [21.789565800000002, 42.8890107],
     [21.789666800000003, 42.8887322], [21.7898208, 42.8883402],
     [21.7898691, 42.8881791],
     [21.790008500000003, 42.887911800000005],
     [21.7901266, 42.8876131], [21.790193600000002, 42.8874678],
     [21.7903668, 42.887286100000004], [21.79054, 42.887127500000005],
     [21.790638400000002, 42.887019300000006],
     [21.7906738, 42.8869588], [21.7906935, 42.8869083],
     [21.7906915, 42.886863600000005], [21.7906777, 42.8868146],
     [21.7906482, 42.8866949], [21.790618700000003, 42.8862998],
     [21.790604000000002, 42.886241500000004],
     [21.790555700000002, 42.886131500000005],
     [21.790432300000003, 42.8859585],
     [21.790373300000002, 42.8858131], [21.7903626, 42.8855616],
     [21.7904179, 42.885374000000006],
     [21.790420700000002, 42.8852764],
     [21.790414000000002, 42.8852154], [21.7903841, 42.885145],
     [21.7899125, 42.884570700000005],
     [21.789890500000002, 42.8845083], [21.7899043, 42.8844483],
     [21.789949500000002, 42.884264300000005],
     [21.789949500000002, 42.884201700000006],
     [21.7898374, 42.8839234], [21.7898262, 42.883848],
     [21.789853, 42.8835258], [21.789831500000002, 42.8828419],
     [21.7897564, 42.882649300000004], [21.7896602, 42.8825159],
     [21.7895633, 42.8824332], [21.7894858, 42.882401200000004]]}},
  {"type":"Feature",
   "properties":{},
   "geometry":
   {"type":"LineString",
    "coordinates":
    [[21.7894858, 42.882401200000004],
     [21.789094000000002, 42.8822744],
     [21.7889443, 42.881927700000006], [21.7888625, 42.8815098],
     [21.7897111, 42.881322700000005],
     [21.789733700000003, 42.881432800000006],
     [21.789816300000002, 42.8815098],
     [21.789868900000002, 42.881075100000004],
     [21.789658600000003, 42.8809265],
     [21.789358200000002, 42.880563300000006],
     [21.789335700000002, 42.8804698],
     [21.789283100000002, 42.8804147],
     [21.7892531, 42.880332200000005],
     [21.7893957, 42.880244100000006], [21.789591, 42.8800626],
     [21.7896886, 42.879231600000004], [21.789831300000003, 42.87905],
     [21.7903044, 42.878939900000006],
     [21.790559700000003, 42.8788354], [21.7905823, 42.8786208],
     [21.7905297, 42.8784502], [21.7904246, 42.8783126],
     [21.790409500000003, 42.87823], [21.790492200000003, 42.878208],
     [21.791047900000002, 42.8786648], [21.7912807, 42.8786263],
     [21.791603600000002, 42.8785272], [21.7918439, 42.8784557],
     [21.7921443, 42.8787528], [21.792272, 42.8788299],
     [21.792459700000002, 42.8787693],
     [21.7925477, 42.878678400000005],
     [21.7926815, 42.878621900000006],
     [21.7927423, 42.878491100000005],
     [21.792770700000002, 42.8783782]]}},
  {"type":"Feature",
   "properties":{},
   "geometry":
   {"type":"LineString",
    "coordinates":
    [[21.792770700000002, 42.8783782],
     [21.793305, 42.878041700000004]]}},
  {"type":"Feature",
   "properties":{},
   "geometry":
   {"type":"LineString",
    "coordinates":
    [[21.8026686, 42.8737233], [21.8024433, 42.8737361],
     [21.8022917, 42.873747900000005],
     [21.8022488, 42.873760600000004],
     [21.802220600000002, 42.873778300000005],
     [21.8021831, 42.8738157], [21.8021724, 42.8738393],
     [21.802152200000002, 42.874047600000004],
     [21.8021497, 42.874096800000004], [21.8021469, 42.8741518],
     [21.8021536, 42.874224500000004],
     [21.802181700000002, 42.874321800000004],
     [21.8022998, 42.874585200000006], [21.8023387, 42.8747041],
     [21.8023588, 42.874787700000006],
     [21.802386900000002, 42.874910500000006],
     [21.802416400000002, 42.874985200000005],
     [21.802454, 42.875028500000006], [21.802537100000002, 42.8751012],
     [21.802899200000002, 42.875289900000006], [21.8030173, 42.875343],
     [21.803247900000002, 42.8754177],
     [21.803371300000002, 42.875482500000004],
     [21.803470500000003, 42.875551300000005],
     [21.803543, 42.875626000000004], [21.8035912, 42.8757086],
     [21.803610000000003, 42.875799],
     [21.803611500000002, 42.875860800000005],
     [21.803612700000002, 42.8759091],
     [21.803567100000002, 42.876141000000004],
     [21.8034813, 42.8764909], [21.803398100000003, 42.8767012],
     [21.8033043, 42.876960700000005], [21.8032426, 42.8771572],
     [21.803199600000003, 42.8772103], [21.8031621, 42.877228],
     [21.8031031, 42.877241700000006], [21.8029368, 42.8772358],
     [21.8020436, 42.877249600000006],
     [21.8019202, 42.877255500000004], [21.8018505, 42.8772771],
     [21.801796900000003, 42.877316400000005],
     [21.8017539, 42.8774403], [21.8017217, 42.8775071],
     [21.8016654, 42.8775818], [21.8015742, 42.8776683],
     [21.801477700000003, 42.8777233],
     [21.8012443, 42.877831400000005],
     [21.800935900000002, 42.877947400000004],
     [21.800721300000003, 42.878024], [21.8006274, 42.878081],
     [21.800544300000002, 42.878177300000004],
     [21.8004423, 42.878271700000006], [21.800335, 42.8783326],
     [21.8001714, 42.8783916], [21.800056100000003, 42.8784191],
     [21.799922000000002, 42.8784682],
     [21.7997906, 42.878531100000004],
     [21.7994714, 42.878719800000006],
     [21.7991522, 42.878912400000004],
     [21.7989913, 42.879006800000006],
     [21.798873200000003, 42.8790598],
     [21.798647900000002, 42.8791424], [21.7983556, 42.8792367],
     [21.798192, 42.8793154], [21.7980659, 42.87939],
     [21.7979211, 42.8795099], [21.7978004, 42.8795768],
     [21.7976448, 42.8796377], [21.7974409, 42.8796947],
     [21.7970869, 42.879793], [21.7969528, 42.8798362],
     [21.796867000000002, 42.8798441],
     [21.7967221, 42.879832300000004], [21.7965987, 42.879789],
     [21.796478, 42.879716300000005], [21.796352000000002, 42.8796279],
     [21.7960086, 42.8793389],
     [21.795866500000002, 42.879226900000006],
     [21.795748500000002, 42.8791699], [21.7954802, 42.8790441],
     [21.795415900000002, 42.8790028],
     [21.795263000000002, 42.8788594], [21.7951342, 42.8787827],
     [21.7949331, 42.8786353], [21.794579000000002, 42.8784014],
     [21.7944208, 42.8783247], [21.794249100000002, 42.8782815],
     [21.7940453, 42.8782402], [21.793852100000002, 42.878197],
     [21.7936537, 42.878128200000006],
     [21.7934471, 42.878084900000005],
     [21.793305, 42.878041700000004]]}},
  {"type":"Feature",
   "properties":{},
   "geometry":
   {"type":"LineString",
    "coordinates":
    [[21.8026686, 42.8737233], [21.802667200000002, 42.8736614],
     [21.8026941, 42.873573900000004]]}},
  {"type":"Feature",
   "properties":{},
   "geometry":
   {"type":"LineString",
    "coordinates":
    [[21.8026941, 42.873573900000004],
     [21.802759100000003, 42.8735026],
     [21.8028073, 42.873457300000005],
     [21.802861500000002, 42.873420800000005],
     [21.802941500000003, 42.8733669],
     [21.803114500000003, 42.873270600000005],
     [21.8032459, 42.8732028], [21.8033532, 42.873136],
     [21.8034162, 42.873078], [21.8034444, 42.8730033],
     [21.8034645, 42.872922700000004], [21.8034886, 42.8728126],
     [21.8035074, 42.8726622], [21.8035061, 42.872489300000005],
     [21.8034913, 42.8723772], [21.803440400000003, 42.872273],
     [21.8033545, 42.8721502], [21.8032861, 42.8720617],
     [21.803258, 42.871994900000004],
     [21.803244600000003, 42.871928000000004], [21.8032593, 42.871873],
     [21.8032995, 42.871832700000006],
     [21.803358600000003, 42.8718013],
     [21.8034269, 42.871789500000006], [21.8035128, 42.8717904],
     [21.8035959, 42.871802200000005],
     [21.8036938, 42.871830700000004],
     [21.803925800000002, 42.871925100000006],
     [21.804144400000002, 42.872017500000005],
     [21.8042906, 42.8720647], [21.804385200000002, 42.8720828],
     [21.8045005, 42.872089800000005]]}},
  {"type":"Feature",
   "properties":{},
   "geometry":
   {"type":"LineString",
    "coordinates":
    [[21.8045005, 42.872089800000005],
     [21.8044777, 42.872007200000006],
     [21.804467000000002, 42.8719374],
     [21.804473700000003, 42.871825400000006],
     [21.8044844, 42.8717301], [21.8045072, 42.871656300000005],
     [21.804562200000003, 42.871543300000006],
     [21.804614500000003, 42.8714293], [21.8047003, 42.8712268],
     [21.804747300000002, 42.871141300000005],
     [21.8047982, 42.8710627],
     [21.804886800000002, 42.870969300000006],
     [21.8050383, 42.8708504], [21.805102700000003, 42.8707924],
     [21.8051496, 42.870747200000004], [21.8051791, 42.8706921],
     [21.805196600000002, 42.8706194],
     [21.805207300000003, 42.8705565], [21.805218, 42.8704071],
     [21.805222, 42.870302900000006], [21.805214000000003, 42.8701476],
     [21.805200600000003, 42.8700759],
     [21.805171100000003, 42.869988400000004],
     [21.8051375, 42.869905800000005],
     [21.8050718, 42.869816400000005],
     [21.805000800000002, 42.869747600000004],
     [21.804913600000003, 42.869667], [21.804857300000002, 42.8696119],
     [21.804818400000002, 42.869554], [21.8047687, 42.869452700000004],
     [21.8046118, 42.8690664], [21.8044657, 42.8687686],
     [21.804373100000003, 42.868565100000005],
     [21.8042041, 42.868308600000006],
     [21.804007000000002, 42.8680285],
     [21.803890300000003, 42.867847600000005],
     [21.803834000000002, 42.867777800000006],
     [21.8037254, 42.867667700000005], [21.8033673, 42.8673493],
     [21.8031165, 42.867093700000005],
     [21.8029958, 42.866960000000006],
     [21.802899200000002, 42.8668411],
     [21.802808000000002, 42.866714300000005],
     [21.802739600000002, 42.86656], [21.8026485, 42.866365300000005],
     [21.8024607, 42.866042900000004],
     [21.8023387, 42.865855200000006],
     [21.8022186, 42.865706700000004], [21.8021281, 42.8656134],
     [21.8019886, 42.8654777], [21.8017204, 42.8651642],
     [21.8015696, 42.865019600000004],
     [21.8015474, 42.864973500000005], [21.8015474, 42.8649518]]}},
  {"type":"Feature",
   "properties":{},
   "geometry":
   {"type":"LineString",
    "coordinates":
    [[21.809696000000002, 42.865655600000004],
     [21.809494800000003, 42.865488500000005],
     [21.809403600000003, 42.865435500000004],
     [21.8092185, 42.865394200000004],
     [21.809057600000003, 42.8653883],
     [21.808805500000002, 42.865396100000005],
     [21.808590900000002, 42.865402], [21.8083227, 42.865429600000006],
     [21.808183200000002, 42.865455100000005], [21.806885, 42.8658208],
     [21.8062681, 42.8659997], [21.8060294, 42.866052800000006],
     [21.8058684, 42.8660705], [21.8056914, 42.866068500000004],
     [21.8054688, 42.866039], [21.805243500000003, 42.8659957],
     [21.8051013, 42.865950500000004],
     [21.804927000000003, 42.8658719],
     [21.8047821, 42.865799200000005],
     [21.804516600000003, 42.8655672],
     [21.804463000000002, 42.865522000000006],
     [21.8044066, 42.865488500000005], [21.8042859, 42.8654767],
     [21.804117, 42.8654728], [21.803961400000002, 42.8654767],
     [21.803827300000002, 42.865480700000006],
     [21.8036798, 42.865478700000004], [21.8035108, 42.8654669],
     [21.8033767, 42.865427600000004],
     [21.803127200000002, 42.865345000000005],
     [21.8029395, 42.8652821], [21.802682, 42.865234900000004],
     [21.8025586, 42.8652153], [21.8024299, 42.8651799],
     [21.802250100000002, 42.8651071], [21.801939, 42.865001],
     [21.8017191, 42.8649361], [21.8016332, 42.8649204],
     [21.8015635, 42.8649302], [21.8015474, 42.8649518]]}},
  {"type":"Feature",
   "properties":{},
   "geometry":
   {"type":"LineString",
    "coordinates":
    [[21.809696000000002, 42.865655600000004],
     [21.8097147, 42.8655357], [21.809752300000003, 42.8654846],
     [21.8098274, 42.865445300000005], [21.8099132, 42.8654335],
     [21.809980300000003, 42.8654394], [21.810109, 42.865480700000006],
     [21.810374600000003, 42.8655691], [21.8105194, 42.8655908],
     [21.8105999, 42.8655868], [21.8107313, 42.8655397],
     [21.8108198, 42.8654826], [21.8109056, 42.865413800000006],
     [21.8109807, 42.8653254], [21.81108, 42.8651897],
     [21.8112007, 42.8650108], [21.8112892, 42.8648771],
     [21.8113965, 42.864737500000004],
     [21.811613700000002, 42.8645292],
     [21.811707600000002, 42.864434800000005],
     [21.811750500000002, 42.8643699], [21.8117908, 42.8642854],
     [21.811839000000003, 42.8641458], [21.8119383, 42.8639649],
     [21.812080400000003, 42.863811600000005],
     [21.8121341, 42.8637546], [21.8121985, 42.863711300000006],
     [21.812265500000002, 42.863670000000006],
     [21.8123487, 42.863616900000004],
     [21.812461300000002, 42.8635147], [21.812662500000002, 42.863326],
     [21.812780500000002, 42.8631766], [21.8128958, 42.8630409],
     [21.8130434, 42.8628954], [21.8131694, 42.862818700000005],
     [21.813252600000002, 42.8627794], [21.8133625, 42.8627617],
     [21.813526200000002, 42.8627617], [21.8136388, 42.8627637],
     [21.813746100000003, 42.8627696],
     [21.813872200000002, 42.8627735],
     [21.813974100000003, 42.862765700000004],
     [21.8140894, 42.862734200000006], [21.8142128, 42.8626536],
     [21.8142745, 42.862614300000004], [21.814400600000003, 42.862512],
     [21.8145776, 42.862398000000006],
     [21.8147975, 42.862278100000005], [21.8148699, 42.8622565],
     [21.8149504, 42.8622348], [21.8150657, 42.8622132],
     [21.8151569, 42.8621916], [21.815232, 42.8621641],
     [21.8152964, 42.8621326], [21.8154091, 42.8620638],
     [21.8154681, 42.8620382], [21.815629, 42.8619891],
     [21.8156907, 42.861973400000004],
     [21.815757700000002, 42.861941900000005],
     [21.8159348, 42.861822000000004],
     [21.816090300000003, 42.8617197], [21.8161306, 42.8616843],
     [21.8161306, 42.861637200000004], [21.8161038, 42.8615605],
     [21.8160957, 42.8614936], [21.816106400000002, 42.8614681],
     [21.8161494, 42.8614307], [21.8162325, 42.8613835],
     [21.8163398, 42.861367800000004], [21.8164766, 42.8613835],
     [21.8166777, 42.861411100000005],
     [21.816768900000003, 42.861418900000004],
     [21.816943300000002, 42.861413000000006],
     [21.817058600000003, 42.8613973],
     [21.817149800000003, 42.861369800000006],
     [21.817337600000002, 42.861310800000005], [21.817764, 42.8611732],
     [21.818440000000002, 42.860982500000006],
     [21.8187055, 42.8609294], [21.8188718, 42.8609136],
     [21.8190247, 42.860907700000006], [21.8190917, 42.8608999],
     [21.8191507, 42.860882200000006],
     [21.8192151, 42.860838900000005], [21.8193063, 42.8607564],
     [21.8194565, 42.860644300000004], [21.8196121, 42.860546],
     [21.819706, 42.860487000000006], [21.8198669, 42.8604162]]}},
  {"type":"Feature",
   "properties":{},
   "geometry":
   {"type":"LineString",
    "coordinates":
    [[21.8198669, 42.8604162],
     [21.820266500000002, 42.860292400000006],
     [21.8204275, 42.8602314], [21.8206394, 42.8601606],
     [21.820752000000002, 42.860107500000005],
     [21.8211973, 42.859889300000006], [21.8214843, 42.8597399],
     [21.821658600000003, 42.8596416],
     [21.821784700000002, 42.859592400000004],
     [21.821937600000002, 42.8595531],
     [21.8220046, 42.859543300000006],
     [21.822157500000003, 42.859533400000004],
     [21.8223533, 42.859543300000006], [21.8226859, 42.8595905],
     [21.8231177, 42.859635700000005],
     [21.8235013, 42.859702500000004], [21.8238795, 42.8597635],
     [21.8245581, 42.859909], [21.825137400000003, 42.8600348],
     [21.8253708, 42.8600859],
     [21.825590700000003, 42.860133100000006],
     [21.825740900000003, 42.8601685],
     [21.825877700000003, 42.860184200000006],
     [21.8261164, 42.8602019], [21.8263149, 42.860223500000004],
     [21.8265134, 42.860258900000005],
     [21.826655600000002, 42.8602688], [21.8269506, 42.8602648],
     [21.827106200000003, 42.8602609], [21.8273261, 42.8602432],
     [21.8278196, 42.860215700000005], [21.8282461, 42.8602137],
     [21.828452600000002, 42.860217600000006],
     [21.828677900000002, 42.860215700000005],
     [21.8288362, 42.8602137],
     [21.829101700000002, 42.860249100000004],
     [21.8293378, 42.860266800000005],
     [21.829949300000003, 42.8602727],
     [21.830391900000002, 42.8602511],
     [21.830756700000002, 42.860225500000006],
     [21.830931, 42.860223500000004], [21.8310973, 42.8602137],
     [21.831210000000002, 42.860198000000004],
     [21.831454, 42.860131100000004], [21.8315828, 42.8601016],
     [21.8316847, 42.860089900000006], [21.8318054, 42.8600918],
     [21.8319368, 42.8600997], [21.8320495, 42.8601115],
     [21.832130000000003, 42.860125200000006],
     [21.8322158, 42.8601292], [21.8323392, 42.860125200000006],
     [21.8324652, 42.860107500000005], [21.8326879, 42.86008],
     [21.8328837, 42.8600623], [21.833058, 42.8600525],
     [21.833205500000002, 42.860040700000006], [21.8333423, 42.860021],
     [21.8336347, 42.8599444], [21.8338787, 42.859905000000005],
     [21.834197900000003, 42.859844100000004],
     [21.834474200000002, 42.859794900000004],
     [21.834711300000002, 42.8597629], [21.835142, 42.859747000000006],
     [21.8357113, 42.859707400000005],
     [21.8359172, 42.859677000000005]]}},
  {"type":"Feature",
   "properties":{},
   "geometry":
   {"type":"LineString",
    "coordinates":
    [[21.8359172, 42.859677000000005],
     [21.836271800000002, 42.859792500000005],
     [21.8363841, 42.859840500000004], [21.8364638, 42.8598975],
     [21.8365526, 42.8600699], [21.836625, 42.8601624],
     [21.836707, 42.8602318], [21.8368292, 42.8602688],
     [21.836966, 42.860298300000004], [21.8371199, 42.860311800000005],
     [21.837268100000003, 42.860310500000004], [21.8374135, 42.860294],
     [21.837666000000002, 42.860147600000005],
     [21.8379353, 42.8600021], [21.8380484, 42.8599777],
     [21.8381633, 42.8599739], [21.838691700000002, 42.8600772],
     [21.8388582, 42.860125700000005],
     [21.8389959, 42.860195600000004],
     [21.839205500000002, 42.8603625],
     [21.839388300000003, 42.860547100000005]]}},
  {"type":"Feature",
   "properties":{},
   "geometry":
   {"type":"LineString",
    "coordinates":
    [[21.839388300000003, 42.860547100000005],
     [21.839882300000003, 42.860219900000004]]}},
  {"type":"Feature",
   "properties":{},
   "geometry":
   {"type":"LineString",
    "coordinates":
    [[21.839882300000003, 42.860219900000004],
     [21.840199700000003, 42.860012100000006],
     [21.8403268, 42.8599286], [21.840737200000003, 42.8595197],
     [21.8416089, 42.858558200000004],
     [21.841734900000002, 42.8584285],
     [21.841842200000002, 42.8583203],
     [21.842201600000003, 42.8580431], [21.8422875, 42.8579507],
     [21.8423653, 42.857850400000004], [21.8427113, 42.8573746],
     [21.842931200000002, 42.8571249], [21.8431807, 42.8568713],
     [21.843419400000002, 42.856631400000005], [21.8435428, 42.856535],
     [21.8437117, 42.8564407], [21.8438351, 42.8563777],
     [21.8445137, 42.856145700000006], [21.8449777, 42.8559983],
     [21.845541, 42.8557603]]}},
  {"type":"Feature",
   "properties":{},
   "geometry":
   {"type":"LineString",
    "coordinates":
    [[21.845541, 42.8557603], [21.845760900000002, 42.855654200000004],
     [21.845927200000002, 42.855563700000005],
     [21.8463162, 42.8553081], [21.847136900000002, 42.8547359],
     [21.847759200000002, 42.854328900000006],
     [21.8483868, 42.853931700000004],
     [21.848893800000003, 42.8535856], [21.849339, 42.853284800000004],
     [21.850661300000002, 42.8525592],
     [21.851111900000003, 42.852335000000004],
     [21.8516444, 42.8520952], [21.8517584, 42.8520666],
     [21.851884400000003, 42.8520519],
     [21.8520775, 42.852057800000004], [21.8521754, 42.8520558],
     [21.852270700000002, 42.8520381],
     [21.852329700000002, 42.852016500000005],
     [21.8523779, 42.851983100000005],
     [21.8524289, 42.851924100000005], [21.8524423, 42.8518513],
     [21.8524289, 42.851554400000005], [21.85239, 42.8510569],
     [21.852394, 42.850958600000006], [21.852411500000002, 42.8508426],
     [21.8524505, 42.8506881], [21.8525241, 42.8504355],
     [21.852600600000002, 42.8501229],
     [21.852623400000002, 42.8500245],
     [21.852626100000002, 42.8499488], [21.852627400000003, 42.849702],
     [21.8526381, 42.8496195], [21.8526649, 42.8495624],
     [21.852691800000002, 42.8495192], [21.852748100000003, 42.849469],
     [21.8528312, 42.8493835], [21.8528594, 42.8493353],
     [21.8528889, 42.849264500000004],
     [21.8529318, 42.848943000000006],
     [21.8529412, 42.848802400000004], [21.8529358, 42.8487336],
     [21.8529251, 42.8486461], [21.8528607, 42.848460200000005],
     [21.852828600000002, 42.848326500000006],
     [21.8528299, 42.8482872], [21.852842000000003, 42.8482587]]}},
  {"type":"Feature",
   "properties":{},
   "geometry":
   {"type":"LineString",
    "coordinates":
    [[21.852842000000003, 42.8482587],
     [21.8528768, 42.848240000000004],
     [21.852907700000003, 42.848229200000006],
     [21.8530042, 42.8482174], [21.853137, 42.848219300000004],
     [21.8533288, 42.848224300000005],
     [21.8534535, 42.848257700000005], [21.8535192, 42.8482773],
     [21.8536064, 42.848321600000006], [21.8538344, 42.8484986],
     [21.8539481, 42.8485973], [21.8541563, 42.8487778],
     [21.8542247, 42.8488358], [21.8543065, 42.8488781],
     [21.854403, 42.8489184], [21.8547061, 42.849007900000004],
     [21.8549851, 42.8490934], [21.8551554, 42.8491446],
     [21.8552989, 42.849176], [21.855388700000002, 42.849184900000004],
     [21.855529500000003, 42.8491957], [21.8556694, 42.8491912],
     [21.855867500000002, 42.849184900000004],
     [21.8559585, 42.849186200000005], [21.8560765, 42.8491878],
     [21.8561465, 42.8491888], [21.856441500000003, 42.8491809],
     [21.856908200000003, 42.8491652], [21.8571442, 42.8491701],
     [21.8573038, 42.8491878], [21.857537200000003, 42.849235],
     [21.857660600000003, 42.849243900000005],
     [21.857735700000003, 42.8492399], [21.8578121, 42.8492163],
     [21.8579811, 42.849143600000005], [21.8582547, 42.8490266],
     [21.8583673, 42.848994100000006], [21.8586409, 42.848945],
     [21.859102200000002, 42.848899700000004],
     [21.859298000000003, 42.848899700000004],
     [21.8594885, 42.8489115], [21.859765300000003, 42.8489595],
     [21.860105400000002, 42.8490236],
     [21.8603039, 42.849033500000004], [21.8605158, 42.8490295],
     [21.8607303, 42.849002000000006],
     [21.861543100000002, 42.8488289], [21.861763, 42.8487857],
     [21.8619695, 42.8487719], [21.8621546, 42.848791600000006],
     [21.8623075, 42.848832900000005], [21.8624228, 42.8488811],
     [21.8625046, 42.8489214],
     [21.862991400000002, 42.849287100000005],
     [21.863460800000002, 42.8495782], [21.863654, 42.8496686],
     [21.863831, 42.849723700000006],
     [21.864230600000003, 42.849816100000005],
     [21.864788500000003, 42.849938],
     [21.865850700000003, 42.850136600000006]]}},
  {"type":"Feature",
   "properties":{},
   "geometry":
   {"type":"LineString",
    "coordinates":
    [[21.865850700000003, 42.850136600000006],
     [21.8665829, 42.8502821], [21.8669075, 42.8503765],
     [21.867254000000003, 42.850517700000005],
     [21.8680072, 42.850923200000004],
     [21.8681574, 42.851023500000004],
     [21.868650900000002, 42.8513892], [21.8687636, 42.8514934],
     [21.8689299, 42.851721500000004],
     [21.8690827, 42.851947700000004],
     [21.8691847, 42.852049900000004],
     [21.869857900000003, 42.8525828],
     [21.8709388, 42.853428300000004],
     [21.8713465, 42.853721300000004], [21.8714941, 42.8538255],
     [21.872129700000002, 42.8542306],
     [21.8724704, 42.854429200000006],
     [21.8726045, 42.854503900000005], [21.8727279, 42.8545609],
     [21.872827100000002, 42.8545924],
     [21.873025600000002, 42.854626800000005],
     [21.8732066, 42.8546435], [21.8734588, 42.8546514],
     [21.873596900000003, 42.8546514],
     [21.873753800000003, 42.854645500000004],
     [21.8739992, 42.8546514], [21.8742245, 42.8546533],
     [21.874305, 42.8546671], [21.874362700000002, 42.8546868],
     [21.8744136, 42.854709400000004],
     [21.874669800000003, 42.8548519], [21.8748185, 42.8549592],
     [21.874930000000003, 42.855055400000005],
     [21.8750252, 42.8551282], [21.8750842, 42.855163600000004],
     [21.8751727, 42.8552108], [21.875225500000003, 42.8552326],
     [21.8752894, 42.8552589], [21.8753332, 42.855274200000004],
     [21.875431600000002, 42.855308400000006],
     [21.8756005, 42.8553671], [21.8756613, 42.855391700000006],
     [21.8760619, 42.855553900000004],
     [21.8767123, 42.855745600000006],
     [21.876831600000003, 42.855810500000004],
     [21.8771093, 42.856027700000006], [21.8774942, 42.8563138],
     [21.877617500000003, 42.8563856],
     [21.877736900000002, 42.8564446],
     [21.877871000000003, 42.8564888], [21.8780319, 42.8565242],
     [21.8784329, 42.856599900000006],
     [21.878559000000003, 42.8566176],
     [21.878919800000002, 42.856669700000005],
     [21.8794146, 42.8567337], [21.8797713, 42.856792600000006],
     [21.8801469, 42.856851600000006], [21.8804285, 42.8569027],
     [21.880973, 42.856985300000005], [21.881069500000002, 42.8570148],
     [21.881254600000002, 42.857103300000006],
     [21.881646200000002, 42.8573353],
     [21.8820941, 42.857547600000004], [21.8827432, 42.857815],
     [21.8830597, 42.857942800000004],
     [21.883220700000003, 42.8580234], [21.8834701, 42.8581257],
     [21.8835479, 42.858153300000005],
     [21.883719600000003, 42.858214200000006],
     [21.883801000000002, 42.858230400000004],
     [21.8838966, 42.8582496], [21.8843982, 42.858357700000006],
     [21.8848899, 42.858541800000005], [21.885085, 42.8586353],
     [21.8852616, 42.858709700000006],
     [21.8854289, 42.858804400000004],
     [21.8856469, 42.858906000000005],
     [21.8861926, 42.859130400000005], [21.886252900000002, 42.859152],
     [21.8863106, 42.8591677], [21.8863977, 42.8591756],
     [21.886865800000002, 42.8591874],
     [21.8870298, 42.859202700000004]]}},
  {"type":"Feature",
   "properties":{},
   "geometry":
   {"type":"LineString",
    "coordinates":
    [[21.8870298, 42.859202700000004], [21.887084400000003, 42.859212],
     [21.8871675, 42.859237500000006], [21.887269500000002, 42.859271],
     [21.887788500000003, 42.8594646],
     [21.887845300000002, 42.859485500000005],
     [21.8879279, 42.8595157], [21.8880191, 42.859541300000004],
     [21.8881586, 42.859568800000005], [21.8883088, 42.8595905],
     [21.889059800000002, 42.8596534], [21.889945, 42.8597222],
     [21.890739, 42.8597843], [21.8909454, 42.8597969],
     [21.8915489, 42.8598657], [21.8918065, 42.859892],
     [21.8922034, 42.8599326], [21.8929008, 42.860005300000005],
     [21.893118, 42.8600348], [21.8932481, 42.8600623],
     [21.8937887, 42.860199200000004],
     [21.894416200000002, 42.8603631], [21.895237, 42.8605833],
     [21.895719800000002, 42.8607151], [21.8959236, 42.8608016],
     [21.8959759, 42.860823800000006], [21.896275000000003, 42.860951],
     [21.896486900000003, 42.8610513],
     [21.8965968, 42.861118100000006], [21.896739, 42.8612361],
     [21.8970917, 42.861570300000004],
     [21.8971829, 42.861647000000005],
     [21.8973385, 42.861744300000005],
     [21.8974404, 42.861795400000005], [21.8975195, 42.8618279],
     [21.8978119, 42.861936],
     [21.899056400000003, 42.862344900000004]]}},
  {"type":"Feature",
   "properties":{},
   "geometry":
   {"type":"LineString",
    "coordinates":
    [[21.899056400000003, 42.862344900000004], [21.8997092, 42.86245],
     [21.9003774, 42.8625575], [21.9005031, 42.8625777],
     [21.901262300000003, 42.862721900000004],
     [21.902420900000003, 42.8628936],
     [21.9025064, 42.862906300000006],
     [21.902706900000002, 42.8629534], [21.9031063, 42.8630689],
     [21.903262700000003, 42.8631186], [21.9033319, 42.8631353],
     [21.9035285, 42.8631663],
     [21.903750300000002, 42.863206000000005],
     [21.903860400000003, 42.863219400000006],
     [21.9040266, 42.863239500000006], [21.9041086, 42.8632578],
     [21.9041499, 42.863267], [21.9042411, 42.863316100000006],
     [21.904343100000002, 42.8634144], [21.9045299, 42.8636441],
     [21.904691800000002, 42.863843], [21.9047883, 42.863919700000004],
     [21.9050002, 42.8640534], [21.9055286, 42.8642814],
     [21.905840100000002, 42.8643772], [21.9062126, 42.8644918],
     [21.9064379, 42.8645331], [21.906746300000002, 42.8645842],
     [21.906968900000003, 42.8646078],
     [21.9072211, 42.864619600000005], [21.9074786, 42.8646432],
     [21.907776300000002, 42.864660900000004],
     [21.908216200000002, 42.8647081],
     [21.9084019, 42.864724800000005], [21.9090557, 42.864767],
     [21.9095607, 42.8647981], [21.909950900000002, 42.8647913],
     [21.9101608, 42.8647834], [21.9102707, 42.864778300000005],
     [21.9103402, 42.8647781], [21.910413100000003, 42.8647779]]}},
  {"type":"Feature",
   "properties":{},
   "geometry":
   {"type":"LineString",
    "coordinates":
    [[21.910413100000003, 42.8647779],
     [21.9104776, 42.864782600000005],
     [21.910584200000002, 42.8648046], [21.9106713, 42.8648254],
     [21.910683900000002, 42.8648274],
     [21.910752000000002, 42.8648383], [21.9108543, 42.8648429]]}},
  {"type":"Feature",
   "properties":{},
   "geometry":
   {"type":"LineString",
    "coordinates":
    [[21.9108543, 42.8648429], [21.9111577, 42.864825200000006]]}},
  {"type":"Feature",
   "properties":{},
   "geometry":
   {"type":"LineString",
    "coordinates":
    [[21.9111577, 42.864825200000006], [21.911126900000003, 42.864763],
     [21.911104100000003, 42.864706500000004],
     [21.911081300000003, 42.864651300000006],
     [21.911058500000003, 42.8645912],
     [21.9110441, 42.864544200000005],
     [21.911029600000003, 42.864491300000005],
     [21.9110225, 42.8644465], [21.9110184, 42.8643925],
     [21.9110203, 42.864345], [21.911029000000003, 42.8642781],
     [21.911042300000002, 42.864217000000004],
     [21.9110598, 42.864161200000005],
     [21.9110745, 42.864121600000004], [21.9110951, 42.8640752],
     [21.9111173, 42.8640288], [21.9111681, 42.863947700000004],
     [21.911213800000002, 42.863880300000005],
     [21.911269400000002, 42.8638057],
     [21.911349400000002, 42.8636921], [21.9114359, 42.8635761],
     [21.9115623, 42.863401200000006],
     [21.911716700000003, 42.8631916], [21.9117578, 42.8631315],
     [21.911805400000002, 42.863061800000004],
     [21.9118405, 42.8630063], [21.9118609, 42.862971300000005],
     [21.911874700000002, 42.8629459],
     [21.9118886, 42.862919000000005],
     [21.911905800000003, 42.8628798],
     [21.911923100000003, 42.8628391], [21.9119427, 42.8627899],
     [21.9119688, 42.8627258], [21.9119949, 42.862659300000004],
     [21.9120178, 42.862588], [21.912027600000002, 42.8625544],
     [21.912037, 42.8624974], [21.9120381, 42.862477500000004],
     [21.912032200000002, 42.862394300000005],
     [21.9120239, 42.8623612], [21.912014600000003, 42.8623339],
     [21.9120038, 42.8623063], [21.9119841, 42.8622699],
     [21.911956200000002, 42.8622261],
     [21.911928300000003, 42.862187000000006],
     [21.9118724, 42.8621136],
     [21.911790500000002, 42.862004400000004],
     [21.9117135, 42.8619095], [21.911672600000003, 42.8618602],
     [21.9116316, 42.8618086], [21.9115931, 42.8617599],
     [21.9115514, 42.861701700000005], [21.9115082, 42.8616368],
     [21.911474700000003, 42.8615815],
     [21.911449400000002, 42.861533300000005],
     [21.9114164, 42.861461500000004],
     [21.911383400000002, 42.861384900000004],
     [21.9113434, 42.861294400000006], [21.9113051, 42.8612015],
     [21.9112684, 42.861118700000006], [21.911250000000003, 42.861069],
     [21.9112316, 42.8610121], [21.911225700000003, 42.8609682],
     [21.9112246, 42.8609206], [21.911228100000002, 42.8608792],
     [21.911238, 42.8608406], [21.911252700000002, 42.860797500000004],
     [21.9112756, 42.8607602], [21.9113007, 42.8607254],
     [21.9113434, 42.8606817], [21.9113893, 42.860638],
     [21.9114389, 42.860608], [21.9115337, 42.8605493],
     [21.911619400000003, 42.860497200000005],
     [21.9116614, 42.860470500000005], [21.911705400000002, 42.860441],
     [21.9117628, 42.860400500000004],
     [21.911826100000003, 42.8603484], [21.911884, 42.8602952],
     [21.911923, 42.8602543], [21.9119552, 42.8602165],
     [21.911981500000003, 42.860178000000005],
     [21.9120062, 42.8601375], [21.9120166, 42.860105000000004],
     [21.912019, 42.860076], [21.912018500000002, 42.8600408],
     [21.912014300000003, 42.8600131], [21.9120092, 42.8599905],
     [21.9120041, 42.8599752], [21.911986600000002, 42.8599406],
     [21.911969000000003, 42.8599089],
     [21.9118958, 42.859797400000005],
     [21.911823700000003, 42.8597004],
     [21.911755000000003, 42.8596117],
     [21.911705100000002, 42.859551200000006],
     [21.911665000000003, 42.8595027], [21.9115782, 42.8594152],
     [21.911511700000002, 42.8593616], [21.9114647, 42.8593295],
     [21.9113879, 42.859286700000006],
     [21.9113317, 42.859259300000005], [21.9112395, 42.8592152],
     [21.911186400000002, 42.859184400000004],
     [21.9111398, 42.859153500000005],
     [21.911104400000003, 42.859124300000005],
     [21.911064200000002, 42.8590807],
     [21.9110207, 42.859026400000005], [21.9110005, 42.8589914],
     [21.9109771, 42.8589446], [21.9109579, 42.858899300000004],
     [21.9109321, 42.8588267],
     [21.910912800000002, 42.858754100000006],
     [21.910893400000003, 42.858669500000005],
     [21.910887900000002, 42.858624400000004],
     [21.9108857, 42.858567300000004], [21.9108848, 42.8585202],
     [21.9108838, 42.858468300000006], [21.9108787, 42.8583621],
     [21.9108793, 42.858288200000004],
     [21.910876700000003, 42.858221400000005],
     [21.910872400000002, 42.8581487],
     [21.910868100000002, 42.8580855],
     [21.910866900000002, 42.858030500000005],
     [21.9108656, 42.8579731],
     [21.910866000000002, 42.857901500000004],
     [21.910876100000003, 42.8578154],
     [21.910888500000002, 42.857750700000004],
     [21.910910700000002, 42.8576789], [21.910941, 42.857592700000005],
     [21.910984300000003, 42.857485000000004],
     [21.9110388, 42.8573445],
     [21.911067000000003, 42.857286800000004],
     [21.911087600000002, 42.8572496],
     [21.911103400000002, 42.857229100000005],
     [21.9111283, 42.8572113], [21.911168500000002, 42.8571928],
     [21.911211400000003, 42.8571812], [21.9112556, 42.8571778],
     [21.911309600000003, 42.8571791], [21.9113681, 42.8571888],
     [21.9114104, 42.8572009], [21.911477100000003, 42.8572226],
     [21.9115535, 42.8572514], [21.911628200000003, 42.8572803],
     [21.911691700000002, 42.857298400000005],
     [21.911771400000003, 42.8573165],
     [21.9118442, 42.857325800000005],
     [21.911930100000003, 42.8573352],
     [21.9120315, 42.857342100000004], [21.9121394, 42.8573491],
     [21.912222800000002, 42.857351200000004],
     [21.912305200000002, 42.8573475],
     [21.912369100000003, 42.8573408],
     [21.912440200000002, 42.8573256],
     [21.9125146, 42.857298400000005], [21.9125553, 42.8572812],
     [21.9126163, 42.8572512], [21.9126811, 42.8572147],
     [21.9127216, 42.8571881], [21.9127653, 42.857159100000004],
     [21.912819000000002, 42.8571207], [21.912875900000003, 42.85708],
     [21.912936100000003, 42.857029700000005],
     [21.9129963, 42.8569771], [21.9130599, 42.856911700000005],
     [21.9131137, 42.8568511],
     [21.913178900000002, 42.856776200000006],
     [21.9132213, 42.856728000000004], [21.9132637, 42.8566774],
     [21.9133208, 42.8566136],
     [21.913367100000002, 42.856569400000005],
     [21.913408, 42.856533500000005], [21.9134399, 42.856509800000005],
     [21.9134627, 42.856496400000005], [21.9134885, 42.8564846],
     [21.9135187, 42.8564797], [21.9135566, 42.8564773],
     [21.9135923, 42.8564797], [21.913625, 42.856486700000005],
     [21.9136537, 42.856495100000004]]}},
  {"type":"Feature",
   "properties":{},
   "geometry":
   {"type":"LineString",
    "coordinates":
    [[21.9136537, 42.856495100000004],
     [21.913687200000002, 42.856482400000004],
     [21.9137138, 42.8564753], [21.9137647, 42.8564681],
     [21.913799, 42.856466700000006], [21.913833, 42.856469600000004],
     [21.9138828, 42.856483700000005], [21.9139345, 42.8565008],
     [21.9140419, 42.8565319], [21.9146642, 42.8567199],
     [21.914875600000002, 42.8567644],
     [21.9150478, 42.856751300000006],
     [21.9153436, 42.856660700000006], [21.9160186, 42.856304],
     [21.9162193, 42.856219], [21.916413000000002, 42.8561202],
     [21.916517600000002, 42.8560297],
     [21.916545600000003, 42.855937600000004],
     [21.916553200000003, 42.855823400000006],
     [21.916452200000002, 42.855631800000005],
     [21.916222400000002, 42.8554217], [21.9160638, 42.8551043],
     [21.916004400000002, 42.854802400000004],
     [21.916140300000002, 42.8545931],
     [21.9161785, 42.854397600000006],
     [21.916262500000002, 42.854301500000005],
     [21.9164417, 42.854121500000005], [21.9165765, 42.853912],
     [21.9166545, 42.8537422],
     [21.916575700000003, 42.853492700000004]]}},
  {"type":"Feature",
   "properties":{},
   "geometry":
   {"type":"LineString",
    "coordinates":
    [[21.918700400000002, 42.8507994], [21.9187319, 42.8510069],
     [21.918951800000002, 42.8511052],
     [21.918978600000003, 42.851337300000004],
     [21.9187319, 42.8514317], [21.918447500000003, 42.851703],
     [21.918206100000003, 42.851691200000005],
     [21.9179272, 42.851809200000005], [21.9176912, 42.8518485],
     [21.9175034, 42.851824900000004], [21.9176107, 42.8520058],
     [21.9176429, 42.852348], [21.9173425, 42.8526272],
     [21.9171762, 42.852513200000004], [21.916967, 42.8526587],
     [21.916725600000003, 42.8529654], [21.9166612, 42.8533312],
     [21.916575700000003, 42.853492700000004]]}},
  {"type":"Feature",
   "properties":{},
   "geometry":
   {"type":"LineString",
    "coordinates":
    [[21.918700400000002, 42.8507994],
     [21.918542000000002, 42.8507923],
     [21.9183729, 42.850777400000005],
     [21.918313700000002, 42.850739700000005],
     [21.918302500000003, 42.850648500000005],
     [21.918381200000002, 42.850478], [21.9183877, 42.8503793],
     [21.9184178, 42.850252000000005],
     [21.918448700000003, 42.850157200000005],
     [21.9184404, 42.8500212], [21.9183571, 42.8499052],
     [21.918221900000002, 42.8498262], [21.918032, 42.849772200000004],
     [21.917888700000002, 42.849734000000005],
     [21.917801400000002, 42.8496923],
     [21.9177362, 42.849644000000005],
     [21.917564900000002, 42.8495531],
     [21.9173741, 42.849418500000006],
     [21.917290700000002, 42.8493439],
     [21.9172106, 42.849265700000004],
     [21.9171626, 42.849191000000005],
     [21.917146300000002, 42.8491183],
     [21.917152700000003, 42.8490516], [21.917182, 42.848984400000006],
     [21.9172364, 42.848906], [21.917318100000003, 42.8487479],
     [21.917351500000002, 42.848583600000005],
     [21.9173523, 42.8485352], [21.9173504, 42.8484959],
     [21.9173426, 42.848444400000005],
     [21.917327200000003, 42.848396900000004],
     [21.9172982, 42.848319100000005], [21.9172549, 42.8482423],
     [21.9172115, 42.8481722],
     [21.917171500000002, 42.848104500000005],
     [21.9171315, 42.8480469], [21.9170915, 42.847990200000005],
     [21.917051500000003, 42.8479267], [21.9169972, 42.8478282],
     [21.916942900000002, 42.847726300000005],
     [21.9169023, 42.8476605],
     [21.916861700000002, 42.847598000000005],
     [21.9168004, 42.8475228], [21.9167093, 42.8474358],
     [21.9166576, 42.8473977], [21.9165429, 42.847327],
     [21.916442, 42.8472731], [21.9163196, 42.847224100000005],
     [21.9161696, 42.8471751], [21.9160632, 42.8471411],
     [21.9159659, 42.847120600000004], [21.9158683, 42.8471099],
     [21.9157684, 42.847104300000005], [21.9156327, 42.8471099],
     [21.915503100000002, 42.847124300000004],
     [21.9153851, 42.847146800000004], [21.9152726, 42.8471611],
     [21.9152302, 42.847165100000005], [21.9151895, 42.8471678],
     [21.9151537, 42.8471685], [21.9151197, 42.8471692],
     [21.9150727, 42.8471672], [21.9150315, 42.847162100000006],
     [21.9149989, 42.847156600000005], [21.9149712, 42.84715],
     [21.9149396, 42.847137700000005], [21.9149062, 42.8471217],
     [21.9148897, 42.8471102], [21.9148831, 42.847104300000005],
     [21.9148697, 42.8470924], [21.9148557, 42.847078]]}},
  {"type":"Feature",
   "properties":{},
   "geometry":
   {"type":"LineString",
    "coordinates":
    [[21.9148557, 42.847078], [21.914841600000003, 42.847061100000005],
     [21.9148357, 42.8470493], [21.9148298, 42.8470351],
     [21.914825500000003, 42.8470218], [21.9148211, 42.8470035],
     [21.9148168, 42.8469806], [21.914815700000002, 42.846964],
     [21.9148146, 42.846943700000004],
     [21.9148177, 42.846923800000006], [21.9148208, 42.8469052]]}},
  {"type":"Feature",
   "properties":{},
   "geometry":
   {"type":"LineString",
    "coordinates":
    [[21.9148208, 42.8469052], [21.9148293, 42.8468765],
     [21.9148369, 42.8468584], [21.914869000000003, 42.8467878],
     [21.914894800000003, 42.846738900000005],
     [21.914925800000002, 42.846689100000006],
     [21.9149566, 42.8466448], [21.914990000000003, 42.8466012],
     [21.9150248, 42.8465597], [21.915058300000002, 42.8465274],
     [21.9150883, 42.8465031], [21.9151199, 42.8464838],
     [21.9151656, 42.846461000000005],
     [21.9152156, 42.846440400000006], [21.9152892, 42.8464194],
     [21.9154267, 42.846386300000006], [21.9155336, 42.8463602],
     [21.9155996, 42.8463421],
     [21.915676700000002, 42.846319900000005],
     [21.915759100000002, 42.846291300000004],
     [21.9158395, 42.846254300000005],
     [21.915895300000003, 42.846227600000006],
     [21.9159624, 42.846195300000005],
     [21.916023900000003, 42.8461616],
     [21.916074000000002, 42.8461307], [21.9161371, 42.8460838],
     [21.916198400000003, 42.8460301],
     [21.916266200000003, 42.8459687],
     [21.9163077, 42.845933900000006],
     [21.916346500000003, 42.845904100000006],
     [21.9163809, 42.8458849],
     [21.916422800000003, 42.845865700000004],
     [21.9164898, 42.845842100000006],
     [21.916583600000003, 42.8458193],
     [21.916634300000002, 42.845807900000004],
     [21.916687900000003, 42.8457925],
     [21.9167339, 42.845771600000006],
     [21.916799100000002, 42.8457303], [21.9168643, 42.8456835],
     [21.9169248, 42.845634700000005], [21.916989, 42.8455803],
     [21.9170608, 42.8455218], [21.9171401, 42.845446700000004],
     [21.9172185, 42.8453737], [21.917304400000003, 42.8452951],
     [21.917362200000003, 42.8452574],
     [21.917426900000002, 42.8452288],
     [21.917483800000003, 42.8452077], [21.917565, 42.8451819],
     [21.9176508, 42.8451607], [21.917722, 42.8451487],
     [21.9178083, 42.845136700000005], [21.9178584, 42.8451267],
     [21.9179348, 42.845105600000004], [21.9180245, 42.8450749],
     [21.9180731, 42.8450526],
     [21.918163200000002, 42.845010900000005],
     [21.9182445, 42.844964700000006],
     [21.918302100000002, 42.844930500000004],
     [21.918365700000003, 42.8448961], [21.9184202, 42.8448672],
     [21.918471, 42.8448465], [21.918537800000003, 42.844827200000005],
     [21.9186127, 42.844813300000006],
     [21.9186951, 42.844807800000005],
     [21.9187683, 42.844805900000004], [21.9188313, 42.8448104],
     [21.9189344, 42.8448238], [21.9190639, 42.8448426],
     [21.9194703, 42.844885700000006],
     [21.919558300000002, 42.8448872],
     [21.919641900000002, 42.8448824], [21.919712, 42.8448731],
     [21.919760200000002, 42.8448616], [21.9198258, 42.844842],
     [21.919869900000002, 42.844825300000004],
     [21.9199215, 42.8448003], [21.9200258, 42.844723200000004],
     [21.920210100000002, 42.844591300000005],
     [21.9202437, 42.8445644], [21.920277000000002, 42.8445272],
     [21.9203128, 42.8444756], [21.9203364, 42.844429000000005],
     [21.920358, 42.8443714], [21.9203692, 42.8443241],
     [21.9203729, 42.844272700000005],
     [21.920371000000003, 42.844233300000006],
     [21.9203587, 42.844194200000004],
     [21.920339400000003, 42.8441497], [21.920309, 42.8440985],
     [21.9202787, 42.8440536], [21.920248500000003, 42.8440169],
     [21.9201309, 42.843896900000004], [21.9200397, 42.8438156],
     [21.9199854, 42.843783], [21.9199372, 42.843767400000004],
     [21.9197455, 42.843746700000004], [21.919622, 42.843732700000004],
     [21.919513600000002, 42.843718700000004],
     [21.919401500000003, 42.8437033], [21.9193082, 42.843688],
     [21.9192134, 42.8436636], [21.9191413, 42.8436365],
     [21.919097, 42.8436127], [21.919058800000002, 42.8435799],
     [21.9190319, 42.843549800000005],
     [21.919014500000003, 42.843501800000006],
     [21.9190039, 42.8434584],
     [21.918998900000002, 42.843423400000006],
     [21.918998700000003, 42.8433738],
     [21.919002300000002, 42.843318700000005],
     [21.9190113, 42.8432471], [21.9190448, 42.84313],
     [21.919078300000002, 42.8430046],
     [21.919102300000002, 42.8429231],
     [21.919127500000002, 42.842845100000005],
     [21.919155200000002, 42.8427839], [21.9191936, 42.8427133],
     [21.9192222, 42.8426628], [21.9192508, 42.842601200000004],
     [21.9192621, 42.8425329],
     [21.919273500000003, 42.842453500000005],
     [21.919292600000002, 42.842281], [21.9192989, 42.8422203],
     [21.9193052, 42.8421541], [21.9193077, 42.842085100000006],
     [21.9193065, 42.8420299], [21.9192974, 42.841936700000005],
     [21.919269500000002, 42.8417522],
     [21.919232400000002, 42.841510400000004],
     [21.9192222, 42.841424200000006], [21.919218, 42.841354200000005],
     [21.919219700000003, 42.8412984],
     [21.9192252, 42.841234400000005], [21.9192411, 42.8411674],
     [21.919262200000002, 42.841105000000006],
     [21.919287800000003, 42.8410336], [21.9193286, 42.8409319],
     [21.9194773, 42.8405332], [21.919558900000002, 42.8403244],
     [21.919606700000003, 42.840198900000004],
     [21.9196315, 42.8401305],
     [21.919650700000002, 42.840060900000005],
     [21.919657, 42.840025100000005], [21.919667, 42.8399286],
     [21.919665600000002, 42.839887100000006],
     [21.9196612, 42.8398498], [21.9196457, 42.8398022],
     [21.9196303, 42.8397586], [21.9196035, 42.839676000000004],
     [21.9195917, 42.8396224], [21.919581800000003, 42.8395646],
     [21.919575700000003, 42.8395123],
     [21.919574400000002, 42.8394763],
     [21.919580500000002, 42.839429200000005],
     [21.9195923, 42.839369700000006], [21.9196192, 42.8392909],
     [21.919647700000002, 42.839247500000006],
     [21.919680800000002, 42.8392009],
     [21.919725600000003, 42.839151300000005],
     [21.9197688, 42.8391114], [21.919809200000003, 42.8390831],
     [21.9198482, 42.8390593], [21.9199099, 42.839027200000004],
     [21.919975, 42.839001700000004], [21.920049000000002, 42.8389779],
     [21.9201765, 42.8389369], [21.9203228, 42.838890500000005],
     [21.9204209, 42.8388537], [21.9204742, 42.838831400000004],
     [21.920535, 42.8388063], [21.920588300000002, 42.838784000000004],
     [21.920634, 42.838756200000006], [21.920693200000002, 42.8387163],
     [21.9207822, 42.838652800000006], [21.9208806, 42.8385783],
     [21.920965600000002, 42.8385131], [21.9210487, 42.8384451],
     [21.9211168, 42.838384000000005], [21.921164, 42.8383425],
     [21.921218800000002, 42.838295300000006],
     [21.921295100000002, 42.838240400000004],
     [21.921397300000002, 42.838179700000005],
     [21.9214956, 42.8381245], [21.9215975, 42.8380762],
     [21.9216616, 42.8380506], [21.9217295, 42.8380251],
     [21.9218361, 42.8379923],
     [21.921965800000002, 42.837962000000005],
     [21.922080400000002, 42.837929], [21.922151300000003, 42.837902],
     [21.9222487, 42.837855600000005],
     [21.922340400000003, 42.837805100000004],
     [21.9223994, 42.8377716], [21.9224585, 42.8377325],
     [21.922518500000002, 42.837687200000005],
     [21.922578400000003, 42.837633700000005],
     [21.9226403, 42.8375691], [21.9226871, 42.8375183],
     [21.922749, 42.8374534], [21.922811000000003, 42.837394],
     [21.9228899, 42.8373318], [21.9229482, 42.8372897],
     [21.9230075, 42.8372631],
     [21.923086100000003, 42.837237300000005],
     [21.923187600000002, 42.8372231],
     [21.923313800000003, 42.837211800000006],
     [21.923421100000002, 42.837208800000006],
     [21.923523000000003, 42.8372207], [21.9236098, 42.837235],
     [21.9236927, 42.8372449], [21.9237568, 42.837245700000004],
     [21.9238275, 42.837234300000006], [21.9238977, 42.8372155],
     [21.923964100000003, 42.8371884], [21.9240269, 42.8371621],
     [21.924089600000002, 42.8371289], [21.9241332, 42.8371001],
     [21.924176900000003, 42.8370687], [21.9242412, 42.8370137],
     [21.9243093, 42.8369504], [21.9243802, 42.836885200000005],
     [21.924423100000002, 42.8368387],
     [21.924457800000003, 42.836798900000005],
     [21.9244902, 42.836756900000005],
     [21.9245196, 42.836708300000005], [21.9245437, 42.8366577],
     [21.9245565, 42.8366016], [21.9245561, 42.8365195],
     [21.924553900000003, 42.836459100000006], [21.924548, 42.8363876],
     [21.924535300000002, 42.836322800000005],
     [21.924519500000002, 42.836271], [21.9244962, 42.836224800000004],
     [21.9244607, 42.836170100000004],
     [21.9244297, 42.836132500000005], [21.9243875, 42.8360865],
     [21.924339, 42.836045000000006], [21.9242905, 42.836010300000005],
     [21.924249600000003, 42.8359868],
     [21.924166300000003, 42.835945800000005],
     [21.9240867, 42.835913100000006],
     [21.9239958, 42.835879000000006],
     [21.923893600000003, 42.835844900000005],
     [21.923681700000003, 42.835774], [21.923458500000002, 42.8357003],
     [21.9232944, 42.835641700000004], [21.9231416, 42.835583],
     [21.923017100000003, 42.8355265],
     [21.9229001, 42.835458900000006], [21.9228488, 42.8354252],
     [21.922805, 42.8353942], [21.922721600000003, 42.835326],
     [21.9226458, 42.8352633],
     [21.922587800000002, 42.835219200000004],
     [21.9225412, 42.8351862], [21.9224913, 42.8351575],
     [21.922438600000003, 42.8351346],
     [21.922359500000002, 42.835111700000006],
     [21.9222372, 42.8350838],
     [21.922116900000002, 42.835061100000004],
     [21.9220496, 42.835057400000004],
     [21.921979200000003, 42.8350567], [21.9219289, 42.8350692],
     [21.921867300000002, 42.835096400000005],
     [21.921773700000003, 42.8351416],
     [21.921609200000002, 42.835232000000005],
     [21.9213215, 42.8354018],
     [21.921113700000003, 42.835533600000005],
     [21.9208833, 42.835672300000006], [21.920793, 42.8357266],
     [21.9206989, 42.8357754], [21.9206171, 42.8358174],
     [21.9205314, 42.835856500000006],
     [21.9204337, 42.835899500000004],
     [21.920317100000002, 42.8359357], [21.9202043, 42.8359643],
     [21.9200896, 42.8359888], [21.9199579, 42.8360064],
     [21.9198451, 42.8360129], [21.9197545, 42.8360074],
     [21.919590300000003, 42.835985400000006],
     [21.9194506, 42.835948200000004], [21.9193298, 42.835911],
     [21.9192155, 42.8358653], [21.919127600000003, 42.8358196],
     [21.9190623, 42.835778100000006],
     [21.919019600000002, 42.835742100000004],
     [21.9189769, 42.8356982],
     [21.918901700000003, 42.835552500000006],
     [21.918899500000002, 42.835409600000006],
     [21.9190046, 42.8352577], [21.919184, 42.8351473],
     [21.919347600000002, 42.8350924], [21.9194411, 42.8350663],
     [21.919535, 42.835053200000004], [21.9195989, 42.8350384],
     [21.919653500000003, 42.835018600000005],
     [21.919694800000002, 42.8349946],
     [21.919736500000003, 42.834964500000005],
     [21.919778100000002, 42.834923200000006], [21.9198403, 42.834839],
     [21.920122900000003, 42.8345183],
     [21.920434800000002, 42.8340575],
     [21.920605300000002, 42.833754600000006],
     [21.920646400000003, 42.833667500000004],
     [21.9206843, 42.833584800000004],
     [21.9207192, 42.833504500000004],
     [21.9207509, 42.833412800000005],
     [21.9207661, 42.833345200000004],
     [21.920764400000003, 42.833286300000005],
     [21.9207503, 42.8332138],
     [21.920703200000002, 42.833144600000004],
     [21.9204753, 42.8329411], [21.9204139, 42.8328642],
     [21.9203522, 42.832784800000006],
     [21.920290400000003, 42.832700800000005],
     [21.920256600000002, 42.8326544],
     [21.920236600000003, 42.832602800000004],
     [21.9202298, 42.832551900000006],
     [21.920253900000002, 42.8324919], [21.9203049, 42.83245],
     [21.9203553, 42.832420400000004],
     [21.920431400000002, 42.8323988],
     [21.920516600000003, 42.8323851], [21.9205837, 42.8323794],
     [21.920664300000002, 42.832382],
     [21.920755500000002, 42.832394400000005],
     [21.9208196, 42.832412500000004], [21.920905, 42.832447200000004],
     [21.920973, 42.8324925], [21.921010300000003, 42.8325237],
     [21.9210475, 42.8325631], [21.9211089, 42.832623600000005],
     [21.921170200000002, 42.8326817],
     [21.9212315, 42.832728800000005],
     [21.9212913, 42.832773800000005],
     [21.921351100000003, 42.8328134],
     [21.9214644, 42.832875300000005],
     [21.921586400000002, 42.8329302],
     [21.9219683, 42.833074700000004],
     [21.922350400000003, 42.833164800000006],
     [21.9224804, 42.8331595], [21.922589600000002, 42.8331275],
     [21.922651400000003, 42.833074700000004],
     [21.9226925, 42.8330349], [21.9227281, 42.832981800000006],
     [21.9227619, 42.832919800000006], [21.9227996, 42.832844],
     [21.9228184, 42.832784800000006],
     [21.922825000000003, 42.8327199],
     [21.9228188, 42.832636300000004], [21.9228051, 42.8324809],
     [21.9227843, 42.8323515], [21.922755300000002, 42.8322117],
     [21.9227314, 42.8321235], [21.922685400000002, 42.8320226],
     [21.9226393, 42.8319489],
     [21.922396900000003, 42.831769400000006],
     [21.9223068, 42.8316943], [21.9222749, 42.831663600000006],
     [21.9222515, 42.8316359], [21.9222378, 42.8316068],
     [21.9222337, 42.831579100000006],
     [21.9222316, 42.831520100000006],
     [21.922234300000003, 42.8314588],
     [21.922242200000003, 42.831328]]}},
  {"type":"Feature",
   "properties":{},
   "geometry":
   {"type":"LineString",
    "coordinates":
    [[21.922242200000003, 42.831328], [21.922256, 42.8312414],
     [21.9222927, 42.8311403], [21.9223499, 42.831035400000005],
     [21.9224156, 42.830922900000004], [21.9224941, 42.8308059],
     [21.9225193, 42.8306884], [21.9224985, 42.830526000000006],
     [21.9224517, 42.8301804],
     [21.922463800000003, 42.830124100000006],
     [21.922479600000003, 42.830074700000004],
     [21.9224938, 42.8300355], [21.9225216, 42.8300015],
     [21.9225581, 42.8299685], [21.9226342, 42.8299135]]}},
  {"type":"Feature",
   "properties":{},
   "geometry":
   {"type":"LineString",
    "coordinates":
    [[21.9226342, 42.8299135], [21.9230461, 42.8297316],
     [21.9232754, 42.829647400000006],
     [21.923476800000003, 42.8295398], [21.923627, 42.829419200000004],
     [21.923689800000002, 42.829275300000006], [21.923883, 42.8289763],
     [21.9240332, 42.8286773], [21.9239688, 42.8282996],
     [21.923840000000002, 42.827969100000004],
     [21.9235922, 42.827795200000004],
     [21.9232178, 42.827670100000006]]}},
  {"type":"Feature",
   "properties":{},
   "geometry":
   {"type":"LineString",
    "coordinates":
    [[21.9232178, 42.827670100000006], [21.9234678, 42.8276419],
     [21.923846700000002, 42.8278448], [21.9240752, 42.8280565],
     [21.9242977, 42.828215300000004],
     [21.924694600000002, 42.8282947], [21.9250915, 42.8283123],
     [21.9253201, 42.8282991], [21.925470400000002, 42.8281227],
     [21.9255967, 42.8279286], [21.925933500000003, 42.8277786],
     [21.926625100000003, 42.8275316],
     [21.9267934, 42.827086200000004],
     [21.926949800000003, 42.8270112], [21.9272445, 42.8270288],
     [21.9275091, 42.826949400000004],
     [21.927779700000002, 42.826728900000006],
     [21.9281586, 42.826671600000005], [21.9283691, 42.8265084],
     [21.928657700000002, 42.8264731], [21.9288923, 42.8263364],
     [21.9289644, 42.8260585], [21.9296681, 42.825582100000005],
     [21.9300529, 42.8255865], [21.930744500000003, 42.8253616],
     [21.931532400000002, 42.8250132],
     [21.931827000000002, 42.8250617],
     [21.9323081, 42.824986700000004],
     [21.9325487, 42.825008700000005], [21.932867400000003, 42.824775],
     [21.9333846, 42.8246118], [21.9340401, 42.8245236]]}},
  {"type":"Feature",
   "properties":{},
   "geometry":
   {"type":"LineString",
    "coordinates":
    [[21.9340401, 42.8245236],
     [21.934504200000003, 42.824453000000005],
     [21.9347394, 42.824252300000005],
     [21.9348935, 42.824182400000005],
     [21.935063900000003, 42.8241734], [21.9351896, 42.824224],
     [21.9352261, 42.8243698], [21.9354005, 42.824348900000004],
     [21.935587, 42.8241645], [21.935838500000003, 42.823932500000005],
     [21.9362521, 42.823765900000005], [21.9366942, 42.8235637],
     [21.9370632, 42.823465500000005],
     [21.9373836, 42.823441700000004], [21.9377283, 42.8232841],
     [21.9381136, 42.8229896], [21.9373876, 42.82318],
     [21.9371484, 42.823135300000004], [21.936998300000003, 42.823064],
     [21.9372538, 42.822829000000006], [21.9392666, 42.8221676],
     [21.939564400000002, 42.8220648],
     [21.939695800000003, 42.8220584],
     [21.939792200000003, 42.822129000000004],
     [21.939984900000002, 42.8220776],
     [21.940265200000002, 42.821833500000004],
     [21.9405368, 42.821473600000004], [21.940712, 42.821403000000004],
     [21.9408347, 42.8214479], [21.9411588, 42.8211973],
     [21.942499100000003, 42.8204713], [21.9429634, 42.819893],
     [21.943112300000003, 42.8195588], [21.9430948, 42.8192054],
     [21.943217500000003, 42.819076900000006],
     [21.943497800000003, 42.8192247], [21.9439008, 42.8196231],
     [21.944076000000003, 42.819835100000006],
     [21.944268700000002, 42.819854400000004],
     [21.9441285, 42.8187749], [21.944032200000002, 42.81846],
     [21.944216100000002, 42.818395800000005],
     [21.944400100000003, 42.8183893], [21.9445841, 42.8183251],
     [21.944890700000002, 42.8184022],
     [21.9444965, 42.818035900000005], [21.9445315, 42.8178817],
     [21.944838100000002, 42.817811000000006],
     [21.9448556, 42.8177211], [21.9445228, 42.8173162],
     [21.944076000000003, 42.817052800000006],
     [21.9438745, 42.816982100000004], [21.9435679, 42.8166287],
     [21.9432, 42.816371600000004], [21.9428583, 42.8161981],
     [21.942706100000002, 42.8161557]]}},
  {"type":"Feature",
   "properties":{},
   "geometry":
   {"type":"LineString",
    "coordinates":
    [[21.942706100000002, 42.8161557],
     [21.9431662, 42.816112000000004],
     [21.944685500000002, 42.816352800000004],
     [21.945322800000003, 42.8164284], [21.9458111, 42.8165692]]}},
  {"type":"Feature",
   "properties":{},
   "geometry":
   {"type":"LineString",
    "coordinates":
    [[21.944008500000002, 42.8149523], [21.9442606, 42.8153359],
     [21.9446249, 42.8155689], [21.9450919, 42.815795],
     [21.945484200000003, 42.816302], [21.9458111, 42.8165692]]}},
  {"type":"Feature",
   "properties":{},
   "geometry":
   {"type":"LineString",
    "coordinates":
    [[21.9437028, 42.8078645], [21.943679200000002, 42.808075],
     [21.943711200000003, 42.808281], [21.9437514, 42.808512],
     [21.943868400000003, 42.8088131], [21.9438217, 42.8090666],
     [21.943700200000002, 42.8094709], [21.9436028, 42.8098638],
     [21.9435438, 42.810107300000006], [21.9437821, 42.8105266],
     [21.943918, 42.8107941], [21.944005100000002, 42.811067400000006],
     [21.9440229, 42.811308800000006], [21.9439108, 42.8116317],
     [21.943510500000002, 42.811944700000005],
     [21.943431200000003, 42.8122066],
     [21.9435593, 42.812583000000004],
     [21.943634900000003, 42.8129653],
     [21.9436068, 42.813383300000005], [21.9436816, 42.8138081],
     [21.9438497, 42.8142055],
     [21.943868400000003, 42.814506900000005],
     [21.944008500000002, 42.8149523]]}},
  {"type":"Feature",
   "properties":{},
   "geometry":
   {"type":"LineString",
    "coordinates":
    [[21.9437028, 42.8078645], [21.943853400000002, 42.807675],
     [21.943973500000002, 42.807360100000004],
     [21.944011800000002, 42.8071539], [21.9442239, 42.8068784],
     [21.9448651, 42.8061043], [21.9451104, 42.8058306],
     [21.9452943, 42.805478300000004], [21.9453633, 42.8050846],
     [21.945335200000002, 42.804602900000006],
     [21.945171700000003, 42.80411], [21.9449827, 42.803967500000006],
     [21.944530500000003, 42.8038925], [21.944288200000003, 42.803787],
     [21.9440454, 42.803446900000004],
     [21.943918500000002, 42.8031433],
     [21.9437971, 42.803005600000006], [21.9436591, 42.803038],
     [21.9435267, 42.8034267], [21.9435377, 42.8036453],
     [21.9433942, 42.8038113], [21.943123800000002, 42.8037708],
     [21.942892, 42.8034996], [21.9426989, 42.8031676],
     [21.942588500000003, 42.802876000000005],
     [21.9425995, 42.802446800000006], [21.942892, 42.801782800000005],
     [21.9430245, 42.801317100000006], [21.943041, 42.800547800000004],
     [21.9430245, 42.7998351],
     [21.942809200000003, 42.799462600000005],
     [21.9426326, 42.7992642], [21.942627100000003, 42.7991994],
     [21.9428258, 42.7990051], [21.943179, 42.7988147],
     [21.9443544, 42.798673], [21.9450112, 42.798474600000006],
     [21.9459273, 42.798405800000005],
     [21.946269400000002, 42.7984382],
     [21.946710900000003, 42.798260000000006],
     [21.9470917, 42.7979117], [21.9472683, 42.797417700000004],
     [21.9475829, 42.797474400000006], [21.947925, 42.7977052],
     [21.9482451, 42.7977579],
     [21.948763800000002, 42.797644500000004],
     [21.948946000000003, 42.7976728],
     [21.949150200000002, 42.797737600000005],
     [21.949343300000002, 42.79777], [21.9496192, 42.797903600000005],
     [21.950171100000002, 42.7983977], [21.9503974, 42.7984341],
     [21.951103800000002, 42.798033200000006],
     [21.9516059, 42.7978186], [21.9518598, 42.797689000000005],
     [21.9520419, 42.7973894], [21.951926, 42.796725300000006],
     [21.9519647, 42.7965795], [21.9521523, 42.7965633],
     [21.952488900000002, 42.7965997],
     [21.953355400000003, 42.7965674],
     [21.953796800000003, 42.796356800000005],
     [21.953923800000002, 42.7958749],
     [21.953901700000003, 42.7958182],
     [21.953973400000002, 42.7952877],
     [21.953934800000003, 42.7951865], [21.953923800000002, 42.794984],
     [21.9540562, 42.7948423]]}},
  {"type":"Feature",
   "properties":{},
   "geometry":
   {"type":"LineString",
    "coordinates":
    [[21.9540562, 42.7948423], [21.9542572, 42.7949229],
     [21.954487800000003, 42.794949], [21.954714300000003, 42.7947615],
     [21.9550674, 42.794774100000005],
     [21.9552367, 42.794698600000004],
     [21.955452400000002, 42.7944697],
     [21.955511400000002, 42.7944132],
     [21.9549412, 42.794074200000004],
     [21.954847400000002, 42.793835900000005],
     [21.955121700000003, 42.7936241],
     [21.955540300000003, 42.7935287],
     [21.956175400000003, 42.7935287],
     [21.9565579, 42.793539300000006],
     [21.958014600000002, 42.793153800000006],
     [21.958230200000003, 42.792979700000004],
     [21.9582571, 42.792755400000004]]}},
  {"type":"Feature",
   "properties":{},
   "geometry":
   {"type":"LineString",
    "coordinates":
    [[21.9582571, 42.792755400000004],
     [21.9580221, 42.792597900000004],
     [21.9577646, 42.792472000000004],
     [21.9575694, 42.792472700000005],
     [21.9573119, 42.792456200000004],
     [21.9566917, 42.792267300000006],
     [21.956262600000002, 42.792109800000006],
     [21.9560266, 42.7918894],
     [21.955854900000002, 42.791637400000006],
     [21.955533000000003, 42.7914485],
     [21.9554687, 42.791212300000005], [21.9553614, 42.7909918],
     [21.955189700000002, 42.790739900000005],
     [21.955059900000002, 42.7905352],
     [21.954975100000002, 42.790299000000005],
     [21.954975100000002, 42.790125800000006],
     [21.954975100000002, 42.789858100000004],
     [21.954975100000002, 42.7896219],
     [21.955018000000003, 42.7894329]]}},
  {"type":"Feature",
   "properties":{},
   "geometry":
   {"type":"LineString",
    "coordinates":
    [[21.955018000000003, 42.7894329],
     [21.955189700000002, 42.789196700000005]]}},
  {"type":"Feature",
   "properties":{},
   "geometry":
   {"type":"LineString",
    "coordinates":
    [[21.955189700000002, 42.789196700000005],
     [21.9554043, 42.789055000000005],
     [21.955704700000002, 42.7888345]]}},
  {"type":"Feature",
   "properties":{},
   "geometry":
   {"type":"LineString",
    "coordinates":
    [[21.954332500000003, 42.788096800000005],
     [21.9550151, 42.7884571],
     [21.955543900000002, 42.788601400000005],
     [21.9556691, 42.7886764], [21.955704700000002, 42.7888345]]}},
  {"type":"Feature",
   "properties":{},
   "geometry":
   {"type":"LineString",
    "coordinates":
    [[21.954332500000003, 42.788096800000005],
     [21.9541168, 42.787811000000005], [21.9539666, 42.7874015],
     [21.9538164, 42.7872283], [21.9536233, 42.786866100000005],
     [21.9534731, 42.7866456], [21.953280000000003, 42.7863464],
     [21.9531512, 42.7861102], [21.9527864, 42.785921300000005],
     [21.952464600000003, 42.785874], [21.952314400000002, 42.7856378],
     [21.952229600000003, 42.7853858], [21.9520783, 42.7852441],
     [21.9517694, 42.785107100000005]]}},
  {"type":"Feature",
   "properties":{},
   "geometry":
   {"type":"LineString",
    "coordinates":
    [[21.951805, 42.7848849], [21.9518887, 42.7849372],
     [21.951958400000002, 42.785000200000006],
     [21.9519665, 42.785080900000004], [21.9518592, 42.7851026],
     [21.9517694, 42.785107100000005]]}},
  {"type":"Feature",
   "properties":{},
   "geometry":
   {"type":"LineString",
    "coordinates":
    [[21.9565476, 42.782168500000004],
     [21.956531100000003, 42.7822746], [21.9564942, 42.7823458],
     [21.956362600000002, 42.782431300000006],
     [21.9561722, 42.7826321], [21.9560086, 42.782823],
     [21.9559254, 42.7829628], [21.9558208, 42.783110400000005],
     [21.955676, 42.7832895], [21.9554078, 42.783458800000005],
     [21.9552173, 42.7836104], [21.955043, 42.783730500000004],
     [21.954807000000002, 42.783813200000004],
     [21.9546326, 42.783962800000005],
     [21.9545387, 42.784197000000006],
     [21.954503900000002, 42.784393900000005],
     [21.954503900000002, 42.7846124], [21.9544609, 42.784762],
     [21.9543268, 42.784825000000005],
     [21.9541632, 42.784791500000004],
     [21.954015700000003, 42.7847541], [21.9539516, 42.7847479],
     [21.9538279, 42.784742300000005],
     [21.9536161, 42.784742300000005], [21.9533586, 42.7847738],
     [21.953138600000003, 42.7848526], [21.9528114, 42.7847463],
     [21.9525754, 42.784643900000006],
     [21.952232000000002, 42.7847207], [21.951805, 42.7848849]]}},
  {"type":"Feature",
   "properties":{},
   "geometry":
   {"type":"LineString",
    "coordinates":
    [[21.9565476, 42.782168500000004], [21.9565583, 42.7821439],
     [21.956566900000002, 42.782097300000004],
     [21.9565546, 42.7820276],
     [21.956498200000002, 42.781930300000006]]}},
  {"type":"Feature",
   "properties":{},
   "geometry":
   {"type":"LineString",
    "coordinates":
    [[21.956498200000002, 42.781930300000006],
     [21.9564539, 42.7818996],
     [21.956395200000003, 42.781874200000004],
     [21.9563117, 42.781864600000006], [21.9562154, 42.7818722],
     [21.9560855, 42.7819106],
     [21.955854900000002, 42.781984200000004],
     [21.955189700000002, 42.782094400000005],
     [21.9547166, 42.782094400000005],
     [21.954309900000002, 42.781952700000005], [21.9539666, 42.781685],
     [21.9536018, 42.781433], [21.953280000000003, 42.781118],
     [21.9530815, 42.780885700000006],
     [21.9528669, 42.780625900000004],
     [21.9524909, 42.780256200000004], [21.952442, 42.7801424],
     [21.9524909, 42.780092800000006],
     [21.9525611, 42.780082500000006], [21.9526684, 42.7800943],
     [21.953001, 42.7802833], [21.9535804, 42.7804723],
     [21.9538593, 42.7803148], [21.9539022, 42.780031300000005]]}},
  {"type":"Feature",
   "properties":{},
   "geometry":
   {"type":"LineString",
    "coordinates":
    [[21.9539022, 42.780031300000005], [21.9537653, 42.7799357],
     [21.9535851, 42.779771700000005], [21.9531664, 42.7796753],
     [21.9528266, 42.7795513], [21.952742100000002, 42.7792564],
     [21.952785300000002, 42.7790965],
     [21.952997500000002, 42.7789973],
     [21.953106400000003, 42.778798900000005],
     [21.953258400000003, 42.778280800000005],
     [21.953440500000003, 42.777866],
     [21.953716500000002, 42.777390600000004],
     [21.954184, 42.777095700000004], [21.954505, 42.7766478],
     [21.9549635, 42.776003], [21.9552868, 42.775694200000004],
     [21.955665800000002, 42.775178700000005],
     [21.9557492, 42.7746811], [21.955634500000002, 42.7743953],
     [21.955631, 42.773703700000006], [21.9557089, 42.7732504],
     [21.956099400000003, 42.7728425], [21.9566702, 42.7725062],
     [21.9572559, 42.772125800000005], [21.9578041, 42.7716021],
     [21.958344800000003, 42.771287900000004],
     [21.9590508, 42.7711115]]}},
  {"type":"Feature",
   "properties":{},
   "geometry":
   {"type":"LineString",
    "coordinates":
    [[21.9590508, 42.7711115], [21.959178400000003, 42.770665],
     [21.959178400000003, 42.769711300000004],
     [21.958833000000002, 42.7689174], [21.958848, 42.7682945],
     [21.958374900000003, 42.7665579], [21.9582848, 42.7658963],
     [21.9579919, 42.7649205], [21.9563698, 42.7640273],
     [21.9559192, 42.763387800000004], [21.9559718, 42.7627978],
     [21.9555437, 42.7619212], [21.9551157, 42.7614856],
     [21.9543497, 42.7611714], [21.9539216, 42.7611714],
     [21.9533959, 42.7610666], [21.9529679, 42.7609288],
     [21.9524873, 42.7606586], [21.9524116, 42.760568400000004],
     [21.9524379, 42.7604496]]}},
  {"type":"Feature",
   "properties":{},
   "geometry":
   {"type":"LineString",
    "coordinates":
    [[21.9321603, 42.756214500000006],
     [21.932514400000002, 42.756057000000006],
     [21.9332332, 42.756096400000004],
     [21.9346387, 42.755718200000004], [21.9355727, 42.7550705],
     [21.936265000000002, 42.753754], [21.9365239, 42.7535036],
     [21.9368944, 42.7532756], [21.9371762, 42.7532561],
     [21.937381900000002, 42.7533174], [21.9374794, 42.753473],
     [21.9376411, 42.753741700000006],
     [21.937472200000002, 42.7552892],
     [21.9387174, 42.756256400000005],
     [21.9406706, 42.756624900000006], [21.9415653, 42.7571425],
     [21.942003500000002, 42.7577367],
     [21.942340700000003, 42.7578447],
     [21.943643400000003, 42.7574644],
     [21.945313900000002, 42.7575499], [21.9483639, 42.7598021],
     [21.9490966, 42.760053400000004], [21.9503571, 42.7599898],
     [21.9519078, 42.7603358], [21.9521467, 42.760438],
     [21.9524379, 42.7604496]]}},
  {"type":"Feature",
   "properties":{},
   "geometry":
   {"type":"LineString",
    "coordinates":
    [[21.9321603, 42.756214500000006],
     [21.9315867, 42.755911100000006], [21.9311417, 42.7555588],
     [21.9306065, 42.7550249], [21.9304598, 42.7547227],
     [21.9301192, 42.754483], [21.9294853, 42.754159900000005],
     [21.929064200000003, 42.754003600000004],
     [21.928785100000002, 42.753968900000004],
     [21.928591100000002, 42.753823000000004],
     [21.9284776, 42.7535346], [21.9283262, 42.7534061],
     [21.9280802, 42.7534026], [21.9277538, 42.7532324],
     [21.9278578, 42.7529823], [21.9281228, 42.7519575],
     [21.927999800000002, 42.7517213], [21.9278578, 42.7516553],
     [21.927564500000003, 42.7517317], [21.9273564, 42.7517178],
     [21.9273138, 42.7515372], [21.9273375, 42.7512593],
     [21.926982600000002, 42.751130800000006],
     [21.9268928, 42.7509814], [21.926836, 42.7507382],
     [21.9266042, 42.7505576], [21.926258800000003, 42.7503734],
     [21.926003400000003, 42.750269200000005], [21.9259087, 42.750165],
     [21.9258662, 42.7499739],
     [21.925904000000003, 42.749713400000005],
     [21.9259513, 42.749494500000004],
     [21.9257053, 42.749240900000004],
     [21.925421500000002, 42.7490255], [21.9254026, 42.7487719],
     [21.925312700000003, 42.7483829],
     [21.925151800000002, 42.748063200000004],
     [21.9247686, 42.7477679], [21.924253, 42.747611600000006],
     [21.923373, 42.7474518], [21.9225877, 42.7471843],
     [21.9217693, 42.747177300000004],
     [21.921149500000002, 42.747118300000004],
     [21.9204021, 42.7472781], [21.919739800000002, 42.7474136],
     [21.9192572, 42.747323300000005], [21.9187841, 42.7471808],
     [21.918434, 42.7472538], [21.917979900000002, 42.7471635],
     [21.9175021, 42.7468925], [21.9172277, 42.7466632],
     [21.916395100000003, 42.7464269], [21.9160544, 42.7463818],
     [21.915694900000002, 42.746364400000004],
     [21.9155057, 42.7463366], [21.915392100000002, 42.7462706],
     [21.915236, 42.746228900000006], [21.914867, 42.746145500000004],
     [21.9147724, 42.746013500000004], [21.9148292, 42.7458815],
     [21.914898, 42.745833700000006],
     [21.914933700000002, 42.745702400000006],
     [21.9149546, 42.7453172], [21.9149546, 42.744949500000004],
     [21.914903900000002, 42.7446913], [21.9149457, 42.7444396],
     [21.9150053, 42.7442514], [21.9150291, 42.744015000000005],
     [21.9149129, 42.7438486], [21.9147937, 42.7437655],
     [21.914811500000003, 42.7436889],
     [21.914781700000002, 42.743526900000006], [21.9146268, 42.743284],
     [21.9143437, 42.742975400000006], [21.9142483, 42.7427915],
     [21.9141678, 42.7424741], [21.914144, 42.7421962],
     [21.9140814, 42.742073600000005], [21.9140844, 42.7418591],
     [21.914391300000002, 42.741581100000005],
     [21.9144718, 42.7413863],
     [21.914602900000002, 42.741274700000005],
     [21.914543300000002, 42.7409814],
     [21.914465800000002, 42.7407407],
     [21.914710200000002, 42.7400381], [21.9150053, 42.7393354],
     [21.915282400000002, 42.7388233], [21.9151543, 42.7380243],
     [21.9151607, 42.737300600000005],
     [21.915140400000002, 42.7370146],
     [21.9150472, 42.736803200000004],
     [21.914876800000002, 42.736561900000005],
     [21.9148363, 42.736267000000005], [21.9150756, 42.7358976],
     [21.915566300000002, 42.7355551],
     [21.9159191, 42.735060600000004],
     [21.916344900000002, 42.734059800000004],
     [21.9163044, 42.7333955], [21.9161477, 42.733044],
     [21.916161900000002, 42.7324428],
     [21.915925400000003, 42.7317339],
     [21.915589500000003, 42.7310354], [21.9153293, 42.7306949],
     [21.915073800000002, 42.729899100000004],
     [21.9148704, 42.7296871], [21.9147001, 42.7292701],
     [21.914648, 42.728981700000006],
     [21.914671700000003, 42.728846100000005],
     [21.9149697, 42.728481200000004], [21.9150123, 42.7282797],
     [21.915192100000002, 42.7280746],
     [21.9152157, 42.727786200000004],
     [21.9153671, 42.727577700000005],
     [21.915589500000003, 42.727358800000005],
     [21.9161666, 42.7269382], [21.916204500000003, 42.7266568],
     [21.9161146, 42.7259304],
     [21.916010500000002, 42.725426500000005],
     [21.915892300000003, 42.7251415],
     [21.9159821, 42.724849600000006],
     [21.9151022, 42.723761800000005], [21.9147947, 42.7231953],
     [21.9147952, 42.7229754]]}},
  {"type":"Feature",
   "properties":{},
   "geometry":
   {"type":"LineString",
    "coordinates":
    [[21.9146837, 42.722244200000006], [21.9146997, 42.7223106],
     [21.9147266, 42.7223648], [21.9147581, 42.7224747],
     [21.914763400000002, 42.7228924],
     [21.914774400000002, 42.722934900000006],
     [21.9147952, 42.7229754]]}},
  {"type":"Feature",
   "properties":{},
   "geometry":
   {"type":"LineString",
    "coordinates":
    [[21.914985100000003, 42.7180678],
     [21.9149995, 42.718096100000004],
     [21.915009400000002, 42.718132600000004],
     [21.915010300000002, 42.718169800000005],
     [21.9150022, 42.7182065], [21.914951300000002, 42.7182419],
     [21.914906300000002, 42.7182813],
     [21.9148676, 42.718324200000005], [21.9148359, 42.71837],
     [21.9148101, 42.7184213], [21.914793000000003, 42.7184745],
     [21.9147757, 42.718528400000004], [21.9147524, 42.7185811],
     [21.9147232, 42.7186321], [21.9146745, 42.7186984],
     [21.9146159, 42.718760200000006], [21.9144013, 42.7189612],
     [21.9138756, 42.71931], [21.913823700000002, 42.7193691],
     [21.913781800000002, 42.7194322], [21.9137564, 42.7194834],
     [21.9137376, 42.7195361], [21.9137144, 42.7195903],
     [21.9136993, 42.7196377], [21.913684, 42.719688100000006],
     [21.9136798, 42.719739600000004],
     [21.913686600000002, 42.719789600000006],
     [21.913704000000003, 42.719838100000004],
     [21.9137783, 42.719911700000004],
     [21.913843500000002, 42.7199899], [21.9138896, 42.7200567],
     [21.913929000000003, 42.720125800000005],
     [21.913961500000003, 42.720196800000004],
     [21.9139889, 42.7202524], [21.9140257, 42.720305],
     [21.9140714, 42.720353700000004], [21.9141251, 42.7203978],
     [21.914181600000003, 42.720434000000004],
     [21.914243600000002, 42.720465000000004],
     [21.9142796, 42.7204738], [21.914310200000003, 42.7204904],
     [21.9143288, 42.720508300000006],
     [21.914340600000003, 42.7205291], [21.914345, 42.7205515],
     [21.9144255, 42.720786000000004],
     [21.914505600000002, 42.7209025], [21.9145745, 42.7210229],
     [21.9146317, 42.721146600000004], [21.914677, 42.7212729],
     [21.914710300000003, 42.7214011],
     [21.9147313, 42.721530800000004],
     [21.914739100000002, 42.7216345],
     [21.914739100000002, 42.7217384],
     [21.9147313, 42.721842200000005],
     [21.914675600000002, 42.7221466],
     [21.9146837, 42.722244200000006]]}},
  {"type":"Feature",
   "properties":{},
   "geometry":
   {"type":"LineString",
    "coordinates":
    [[21.924202100000002, 42.710327500000005],
     [21.9241405, 42.7103629], [21.9240546, 42.710446700000006],
     [21.9235772, 42.711102000000004],
     [21.923552800000003, 42.711167200000006],
     [21.9235174, 42.711229700000004], [21.9234717, 42.7112884],
     [21.923416300000003, 42.7113424],
     [21.923355400000002, 42.7113886],
     [21.9232875, 42.711429200000005],
     [21.923240200000002, 42.7114631], [21.923197100000003, 42.7115],
     [21.923158800000003, 42.7115395],
     [21.9231237, 42.711583700000006], [21.9230944, 42.7116302],
     [21.9230032, 42.7120046], [21.9228476, 42.712927],
     [21.9227925, 42.713021000000005],
     [21.9227442, 42.713117000000004], [21.9227028, 42.7132147],
     [21.922669300000003, 42.7133109], [21.9226424, 42.7134082],
     [21.9226223, 42.7135064], [21.922493600000003, 42.714208],
     [21.9224798, 42.7143315], [21.9224536, 42.7144539],
     [21.9224152, 42.714574500000005], [21.9223648, 42.7146928],
     [21.9223041, 42.714805500000004], [21.9222325, 42.7149148],
     [21.9221502, 42.7150199], [21.921887400000003, 42.7152879],
     [21.9218158, 42.7153253], [21.9217495, 42.7153675],
     [21.921689100000002, 42.7154144],
     [21.921635300000002, 42.715465300000005], [21.921582, 42.7155283],
     [21.921538700000003, 42.715595400000005], [21.921308, 42.7157294],
     [21.9212072, 42.7157958], [21.921098800000003, 42.7158555],
     [21.921014600000003, 42.715895], [21.9209272, 42.715930400000005],
     [21.920557000000002, 42.7159816], [21.919747, 42.7161826],
     [21.9194198, 42.7162536], [21.9187707, 42.716531100000005],
     [21.918457800000002, 42.716597500000006],
     [21.9181692, 42.7164775], [21.9180093, 42.7163472],
     [21.9177451, 42.716252700000005],
     [21.917310500000003, 42.716291000000005],
     [21.916757800000003, 42.716329300000005],
     [21.9160624, 42.716428900000004], [21.9156383, 42.7166231],
     [21.915461, 42.7169296], [21.9151968, 42.7172208],
     [21.914956800000002, 42.7177025],
     [21.914985100000003, 42.7180678]]}},
  {"type":"Feature",
   "properties":{},
   "geometry":
   {"type":"LineString",
    "coordinates":
    [[21.924202100000002, 42.710327500000005],
     [21.9242077, 42.7102802], [21.9242209, 42.710233800000005],
     [21.9242424, 42.7101471], [21.9242384, 42.7100486],
     [21.924263800000002, 42.709852500000004], [21.924284, 42.7096968],
     [21.9242853, 42.7095785], [21.9242853, 42.7094918],
     [21.9243148, 42.709368600000005], [21.9243644, 42.7091981],
     [21.9244342, 42.709075000000006],
     [21.924511900000002, 42.708947800000004],
     [21.9245656, 42.7088247], [21.9246541, 42.7086788],
     [21.924714400000003, 42.7084935], [21.9247263, 42.7084204],
     [21.9247325, 42.708382500000006],
     [21.924762700000002, 42.7082728],
     [21.924790700000003, 42.7081978],
     [21.924824400000002, 42.708124000000005],
     [21.9248626, 42.708054000000004], [21.9248833, 42.7080031],
     [21.9248975, 42.707951], [21.924904700000003, 42.707902600000004],
     [21.924906200000002, 42.707854000000005],
     [21.9248955, 42.7076549],
     [21.924856600000002, 42.707531700000004],
     [21.9248428, 42.7074987], [21.924833800000002, 42.7074647],
     [21.9248298, 42.707411400000005],
     [21.924837800000002, 42.7073583], [21.9248486, 42.7072804],
     [21.924853900000002, 42.7070902], [21.924837800000002, 42.706696],
     [21.9248365, 42.7065916], [21.924839300000002, 42.7065575],
     [21.924851200000003, 42.7065246],
     [21.924867900000002, 42.706498700000004],
     [21.924890100000002, 42.7064753],
     [21.9249706, 42.706388600000004], [21.9249994, 42.7063156],
     [21.9250241, 42.7062396], [21.9250437, 42.7061629],
     [21.9250466, 42.7061116],
     [21.925045700000002, 42.706060400000005],
     [21.9250368, 42.705980100000005], [21.9250189, 42.7059007],
     [21.924981300000002, 42.7057056], [21.924954500000002, 42.705542],
     [21.9248982, 42.7054415], [21.9248137, 42.705267],
     [21.924646000000003, 42.704945800000004],
     [21.924550800000002, 42.704745700000004],
     [21.9244543, 42.704599900000005],
     [21.924407300000002, 42.7044944], [21.9243929, 42.7044608],
     [21.9243738, 42.704428400000005], [21.924351, 42.7043984],
     [21.9243242, 42.7043702], [21.924283300000003, 42.7043328],
     [21.9242621, 42.7043016], [21.924134900000002, 42.704241],
     [21.923918, 42.7041455], [21.9238627, 42.704095200000005],
     [21.9237126, 42.7039405], [21.9235329, 42.7038528],
     [21.9233371, 42.7037868], [21.9232111, 42.703700100000006],
     [21.923044800000003, 42.703537000000004],
     [21.922963000000003, 42.703450700000005],
     [21.9228691, 42.7033738], [21.9227725, 42.7032852],
     [21.922507000000003, 42.70309], [21.9220966, 42.7028022],
     [21.921739900000002, 42.7025322],
     [21.921377800000002, 42.702285800000006], [21.9209862, 42.702002],
     [21.9206697, 42.701690500000005],
     [21.920447000000003, 42.7015309], [21.920362, 42.7013996],
     [21.920322300000002, 42.7013416],
     [21.9202593, 42.701287400000005],
     [21.920221700000003, 42.701253900000005],
     [21.920185800000002, 42.701215700000006], [21.920112, 42.7012092],
     [21.9200453, 42.701195000000006],
     [21.919641600000002, 42.7010428],
     [21.918705900000003, 42.700666000000005], [21.9183951, 42.700577],
     [21.918247700000002, 42.7005564], [21.9181248, 42.7005641],
     [21.917980800000002, 42.700578300000004],
     [21.917840400000003, 42.700591200000005],
     [21.917763100000002, 42.7005822], [21.9175384, 42.7005035],
     [21.9173365, 42.700399000000004],
     [21.9172575, 42.700368000000005], [21.917089, 42.7003654],
     [21.9168977, 42.7003861],
     [21.916709800000003, 42.700431200000004],
     [21.916523700000003, 42.7004906],
     [21.916260400000002, 42.7005886],
     [21.916047300000002, 42.7006432]]}},
  {"type":"Feature",
   "properties":{},
   "geometry":
   {"type":"LineString",
    "coordinates":
    [[21.9159787, 42.6936624], [21.9159714, 42.6937009],
     [21.9159654, 42.693752], [21.9159815, 42.6938825],
     [21.916041800000002, 42.6940785], [21.9160898, 42.6942194],
     [21.916103500000002, 42.694321800000004],
     [21.9160928, 42.6944852], [21.916068600000003, 42.6945758],
     [21.9160445, 42.694631900000005],
     [21.915989800000002, 42.694713500000006],
     [21.9159288, 42.6948116], [21.9159037, 42.6948406],
     [21.915682500000003, 42.695107900000004],
     [21.9152534, 42.6952183], [21.914867100000002, 42.6952183],
     [21.9145024, 42.695265600000006], [21.9140947, 42.695376],
     [21.9139015, 42.695596800000004],
     [21.913794300000003, 42.696054100000005],
     [21.9136011, 42.696621900000004],
     [21.913172000000003, 42.6972527], [21.9131505, 42.6975208],
     [21.9133436, 42.6977258], [21.9140947, 42.698277700000006],
     [21.9144165, 42.6987193], [21.9145882, 42.6991451],
     [21.9148457, 42.699728500000006], [21.9150817, 42.7000912],
     [21.915522900000003, 42.700418400000004],
     [21.915957000000002, 42.7005946],
     [21.916047300000002, 42.7006432]]}},
  {"type":"Feature",
   "properties":{},
   "geometry":
   {"type":"LineString",
    "coordinates":
    [[21.917707200000002, 42.685510300000004],
     [21.917681700000003, 42.685603900000004],
     [21.917561000000003, 42.6858622], [21.9174618, 42.6860712],
     [21.917392000000003, 42.6862841],
     [21.917241800000003, 42.6865937],
     [21.917105000000003, 42.686946600000006],
     [21.917094300000002, 42.687059000000005],
     [21.917139900000002, 42.687337], [21.9170997, 42.6875854],
     [21.917003100000002, 42.6878042], [21.9168609, 42.688031],
     [21.9167671, 42.688310900000005],
     [21.916686600000002, 42.6884904],
     [21.9164935, 42.688813700000004],
     [21.9163862, 42.689034500000005],
     [21.916238800000002, 42.6895735],
     [21.9161825, 42.689939800000005],
     [21.916094100000002, 42.6903238],
     [21.915904700000002, 42.6907517], [21.915848800000003, 42.691032],
     [21.915827500000002, 42.691254300000004],
     [21.9158247, 42.6917586], [21.915822000000002, 42.6921879],
     [21.9158033, 42.6926221], [21.9158301, 42.6930781],
     [21.9158216, 42.693153900000006], [21.915818, 42.693252400000006],
     [21.9158243, 42.6933353], [21.9158323, 42.6933944],
     [21.915854200000002, 42.6934709],
     [21.9158984, 42.693538800000006], [21.915948, 42.6936039],
     [21.9159787, 42.6936624]]}},
  {"type":"Feature",
   "properties":{},
   "geometry":
   {"type":"LineString",
    "coordinates":
    [[21.919217500000002, 42.6819238], [21.9190994, 42.681994],
     [21.918954300000003, 42.682087900000006],
     [21.918849400000003, 42.6821629],
     [21.9188152, 42.682193000000005], [21.9187747, 42.6822303],
     [21.9187157, 42.682345700000006], [21.918662, 42.682470900000006],
     [21.9186419, 42.6825734], [21.9186088, 42.683329900000004],
     [21.9186124, 42.683468600000005],
     [21.918557800000002, 42.6838958],
     [21.918591000000003, 42.684046300000006],
     [21.918607100000003, 42.6841626], [21.9186035, 42.6842428],
     [21.9185534, 42.684328300000004], [21.9184166, 42.6844801],
     [21.9183138, 42.684672600000006],
     [21.9181457, 42.684850700000005], [21.9179795, 42.6850539],
     [21.9178667, 42.6852175],
     [21.917786300000003, 42.685361400000005],
     [21.917707200000002, 42.685510300000004]]}},
  {"type":"Feature",
   "properties":{},
   "geometry":
   {"type":"LineString",
    "coordinates":
    [[21.9205925, 42.680761700000005], [21.920435, 42.6808281],
     [21.920340200000002, 42.6808843],
     [21.9202403, 42.680960400000004],
     [21.920019200000002, 42.6811561],
     [21.919880600000003, 42.6812898],
     [21.919773600000003, 42.6814167],
     [21.9196563, 42.681553300000004],
     [21.9195499, 42.681677300000004],
     [21.919471400000003, 42.6817602], [21.9193514, 42.6818475],
     [21.919217500000002, 42.6819238]]}},
  {"type":"Feature",
   "properties":{},
   "geometry":
   {"type":"LineString",
    "coordinates":
    [[21.922559800000002, 42.6797364],
     [21.9224998, 42.679785800000005], [21.9224433, 42.679834],
     [21.922320900000003, 42.6799304],
     [21.922270400000002, 42.6799794], [21.922169, 42.680102700000006],
     [21.922061000000003, 42.6802098],
     [21.921962100000002, 42.6803249], [21.921811, 42.6804426],
     [21.921677900000002, 42.6805153],
     [21.921528600000002, 42.6805669], [21.9213397, 42.6806132],
     [21.921051900000002, 42.6806581],
     [21.9208433, 42.680707000000005],
     [21.9205925, 42.680761700000005]]}},
  {"type":"Feature",
   "properties":{},
   "geometry":
   {"type":"LineString",
    "coordinates":
    [[21.9248644, 42.675139900000005],
     [21.924906800000002, 42.6753784],
     [21.9249085, 42.675415900000004],
     [21.9249145, 42.675544900000006],
     [21.924886500000003, 42.6757039],
     [21.924852700000002, 42.675902400000005],
     [21.9247789, 42.676052000000006],
     [21.924758500000003, 42.6761811], [21.924715300000003, 42.676428],
     [21.924674600000003, 42.676522600000006],
     [21.9245811, 42.6766443], [21.9244498, 42.676758],
     [21.9242645, 42.676861200000005],
     [21.924138600000003, 42.676951100000004],
     [21.9239998, 42.6770239], [21.9238745, 42.677099600000005],
     [21.9237329, 42.6771948], [21.9234857, 42.677347000000005],
     [21.923305900000003, 42.6774494],
     [21.9231109, 42.677587100000004], [21.9230059, 42.6776655],
     [21.9228515, 42.677821300000005], [21.9227755, 42.6779243],
     [21.9227035, 42.6780832], [21.922646500000003, 42.6782758],
     [21.922590300000003, 42.6784399], [21.922566, 42.6785213],
     [21.9225356, 42.678653100000005], [21.922530700000003, 42.678722],
     [21.922537100000003, 42.678797], [21.9225479, 42.6788894],
     [21.922552200000002, 42.6789305], [21.922562000000003, 42.678994],
     [21.922608, 42.6791442], [21.9226545, 42.6792825],
     [21.9227028, 42.6794047], [21.9227162, 42.6794777],
     [21.922705500000003, 42.6795447],
     [21.922666000000003, 42.6796208], [21.9226084, 42.6796951],
     [21.922559800000002, 42.6797364]]}},
  {"type":"Feature",
   "properties":{},
   "geometry":
   {"type":"LineString",
    "coordinates":
    [[21.927238000000003, 42.6718215], [21.9271409, 42.6718185],
     [21.926998700000002, 42.671820000000004],
     [21.926853700000002, 42.6718575], [21.9266527, 42.6719566],
     [21.9264009, 42.6721361], [21.9260269, 42.6724747],
     [21.9255283, 42.672850600000004], [21.9254138, 42.6729666],
     [21.9252943, 42.6731555], [21.9251493, 42.6733837],
     [21.9250374, 42.6735221], [21.924882200000003, 42.6737016],
     [21.9247601, 42.6739073], [21.924666000000002, 42.6741692],
     [21.9246278, 42.6744086], [21.9246532, 42.674601200000005],
     [21.924755, 42.674874300000006],
     [21.9248644, 42.675139900000005]]}},
  {"type":"Feature",
   "properties":{},
   "geometry":
   {"type":"LineString",
    "coordinates":
    [[21.927238000000003, 42.6718215], [21.9272017, 42.6717591],
     [21.9271862, 42.671736800000005], [21.9271391, 42.6716781],
     [21.9270184, 42.6715809], [21.9269234, 42.6715152],
     [21.9268123, 42.6714348], [21.9266913, 42.6713552],
     [21.9266492, 42.671313000000005],
     [21.926606800000002, 42.6712575],
     [21.926588000000002, 42.6712141],
     [21.9265517, 42.671077100000005],
     [21.926487400000003, 42.6708907], [21.9263908, 42.6706353],
     [21.926363300000002, 42.670565200000006],
     [21.9263291, 42.6704706], [21.9262759, 42.6703976],
     [21.9262178, 42.670326700000004],
     [21.9261199, 42.670227100000005],
     [21.925981800000002, 42.670062400000006],
     [21.925803400000003, 42.669865200000004],
     [21.925633100000002, 42.669646300000004],
     [21.925563500000003, 42.669531], [21.9254976, 42.6694146],
     [21.925409100000003, 42.6692441], [21.9253287, 42.6690714],
     [21.9252776, 42.6689828],
     [21.925234800000002, 42.668891900000006],
     [21.9252036, 42.6688083], [21.9251794, 42.668723400000005],
     [21.9251624, 42.6686375], [21.9250739, 42.6683752]]}},
  {"type":"Feature",
   "properties":{},
   "geometry":
   {"type":"LineString",
    "coordinates":
    [[21.9250739, 42.6683752], [21.924983, 42.6681821],
     [21.9249726, 42.667920800000005],
     [21.924932700000003, 42.6677959], [21.9248443, 42.6675831],
     [21.924855, 42.667402200000005], [21.9248574, 42.6673522]]}},
  {"type":"Feature",
   "properties":{},
   "geometry":
   {"type":"LineString",
    "coordinates":
    [[21.9243336, 42.649423500000005], [21.9243327, 42.6495224],
     [21.9243238, 42.649621200000006],
     [21.924306700000002, 42.6497194], [21.9242834, 42.6498107],
     [21.9242531, 42.649900900000006],
     [21.9241029, 42.650078400000005],
     [21.924042200000002, 42.650134900000005],
     [21.923987800000003, 42.6501948], [21.9239399, 42.6502576],
     [21.923899000000002, 42.650323], [21.9238615, 42.6503997],
     [21.923833300000002, 42.650478500000006],
     [21.923815, 42.650558800000006], [21.9238064, 42.650640100000004],
     [21.9238079, 42.6507215], [21.9238776, 42.6509543],
     [21.923856100000002, 42.6511082], [21.923663, 42.651514600000006],
     [21.9235693, 42.6516375], [21.923483400000002, 42.6517635],
     [21.9234055, 42.6518923], [21.9233358, 42.652023500000006],
     [21.9232733, 42.652159700000006],
     [21.923219600000003, 42.6522979],
     [21.923174900000003, 42.6524378],
     [21.923158800000003, 42.652522100000006],
     [21.923130800000003, 42.652604700000005],
     [21.9230914, 42.6526848], [21.9230407, 42.6527613],
     [21.922992400000002, 42.6528198], [21.9229376, 42.652875],
     [21.9228767, 42.6529267],
     [21.922810100000003, 42.652974400000005],
     [21.922763200000002, 42.6530204], [21.9227254, 42.6530707],
     [21.9226974, 42.6531243], [21.922681800000003, 42.6531718],
     [21.922673800000002, 42.6532203], [21.9226737, 42.6532691],
     [21.9226813, 42.6533176], [21.9227287, 42.6533809],
     [21.9227679, 42.653447], [21.9227987, 42.653515600000006],
     [21.9228208, 42.6535859], [21.922832500000002, 42.653646],
     [21.9228379, 42.6537067], [21.9228369, 42.6537674],
     [21.922845300000002, 42.653832], [21.922863500000002, 42.6538954],
     [21.922891200000002, 42.653957000000005],
     [21.9229281, 42.654016000000006],
     [21.9229737, 42.654172800000005],
     [21.923029200000002, 42.654327800000004],
     [21.9230945, 42.6544808], [21.9231695, 42.6546314],
     [21.923223800000002, 42.6547287],
     [21.9232821, 42.654824700000006], [21.9232124, 42.6549786],
     [21.9231182, 42.6550603], [21.923018000000003, 42.6551379],
     [21.922912, 42.655211400000006],
     [21.922810600000002, 42.655274500000004], [21.922705, 42.6553337],
     [21.9225955, 42.655388900000005],
     [21.921984000000002, 42.6556256],
     [21.921469000000002, 42.655897800000005],
     [21.921521900000002, 42.656007], [21.9216304, 42.656247900000004],
     [21.921571800000002, 42.656441], [21.9214904, 42.6565054],
     [21.9214261, 42.6565725], [21.921317000000002, 42.6566336],
     [21.9212132, 42.6566994],
     [21.921114900000003, 42.656769700000005],
     [21.9210013, 42.656862600000004], [21.9208974, 42.6569614],
     [21.9208038, 42.6570656], [21.920749, 42.657132700000005],
     [21.9207025, 42.657203100000004], [21.9206647, 42.6572763],
     [21.920635800000003, 42.657351600000005],
     [21.920616000000003, 42.6574286],
     [21.920605400000003, 42.657509700000006],
     [21.9206049, 42.657591100000005], [21.9206147, 42.6576723],
     [21.920634500000002, 42.6577525], [21.920664300000002, 42.657831],
     [21.920680700000002, 42.657884700000004],
     [21.9206861, 42.6579397], [21.920680400000002, 42.6579947],
     [21.9206629, 42.6580503], [21.9206341, 42.6581033],
     [21.9205946, 42.6581525],
     [21.920571600000002, 42.658210700000005],
     [21.9205563, 42.658270200000004], [21.9205487, 42.6583306],
     [21.920549, 42.6583911], [21.9205565, 42.658449000000005],
     [21.9205712, 42.658506], [21.920592900000003, 42.6585619],
     [21.9206214, 42.658616], [21.9206764, 42.658658900000006],
     [21.920722400000002, 42.6587072], [21.9207582, 42.65876],
     [21.9207801, 42.6588076], [21.920793800000002, 42.6588569],
     [21.9207991, 42.658907], [21.920795700000003, 42.658957300000004],
     [21.9208015, 42.6589979],
     [21.920814800000002, 42.659037600000005],
     [21.9208354, 42.6590756],
     [21.920862800000002, 42.659111100000004], [21.9209, 42.6591682],
     [21.920927000000002, 42.6592284],
     [21.9209433, 42.659290600000006], [21.9209485, 42.6593444],
     [21.9209457, 42.659398200000005], [21.920935, 42.6594515],
     [21.920916400000003, 42.6595036], [21.9208924, 42.659587],
     [21.920862800000002, 42.659669300000004],
     [21.920830300000002, 42.6597449], [21.9207931, 42.6598192],
     [21.920672, 42.659966000000004], [21.920833100000003, 42.6602894],
     [21.9211534, 42.660540100000006],
     [21.9210914, 42.660735100000004], [21.921088, 42.661074500000005],
     [21.921181, 42.661560800000004], [21.9211534, 42.6619533],
     [21.921198200000003, 42.6625535], [21.9209605, 42.663255],
     [21.9210776, 42.6640705], [21.9211224, 42.6643921],
     [21.9212303, 42.664553000000005],
     [21.9212746, 42.664542700000005], [21.9213206, 42.6645374],
     [21.921367, 42.664537200000005], [21.921589700000002, 42.6645254],
     [21.921646600000003, 42.6645387], [21.9216996, 42.6645589],
     [21.921742700000003, 42.664582200000005],
     [21.9217805, 42.664610100000004],
     [21.921812300000003, 42.664641700000004],
     [21.922013500000002, 42.6648252], [21.9225204, 42.6652847],
     [21.922567800000003, 42.665311300000006],
     [21.922621000000003, 42.6653311], [21.9226816, 42.6653438],
     [21.922744400000003, 42.6653478], [21.922835600000003, 42.665334],
     [21.922889, 42.6653372], [21.922940200000003, 42.665348800000004],
     [21.922975700000002, 42.6653627],
     [21.923007700000003, 42.665380600000006],
     [21.9230354, 42.6654021], [21.923181600000003, 42.6655717],
     [21.923318400000003, 42.665731400000006],
     [21.923388600000003, 42.665784], [21.9234525, 42.6658409],
     [21.923506, 42.6658976], [21.923553000000002, 42.6659573],
     [21.923624200000003, 42.6660592], [21.9237046, 42.6661574],
     [21.923779900000003, 42.6662375],
     [21.923861300000002, 42.6663141], [21.9239487, 42.6663872],
     [21.9239937, 42.666420800000004], [21.9240336, 42.6664578],
     [21.924068000000002, 42.6664977],
     [21.924104500000002, 42.6665542], [21.9241297, 42.666614],
     [21.924138300000003, 42.6666636],
     [21.924156500000002, 42.6667116],
     [21.924184800000003, 42.666758300000005],
     [21.924222200000003, 42.6668013],
     [21.9242679, 42.666839800000005],
     [21.924331300000002, 42.6668778],
     [21.924391200000002, 42.666918700000004], [21.924475, 42.6669859],
     [21.9245495, 42.6670588],
     [21.924658100000002, 42.667168200000006],
     [21.924784900000002, 42.667306800000006],
     [21.9248574, 42.6673522]]}},
  {"type":"Feature",
   "properties":{},
   "geometry":
   {"type":"LineString",
    "coordinates":
    [[21.9243336, 42.649423500000005], [21.924184, 42.6491996],
     [21.9241233, 42.648957], [21.9237241, 42.6485932],
     [21.9234811, 42.6482102], [21.923646, 42.648006],
     [21.923923700000003, 42.647884700000006], [21.9241753, 42.647674],
     [21.9243402, 42.6476294],
     [21.924973700000002, 42.647488900000006],
     [21.925303500000002, 42.6473102],
     [21.925780800000002, 42.6466719],
     [21.926180000000002, 42.6464038], [21.9264924, 42.6459698],
     [21.9267267, 42.6458102], [21.926822100000003, 42.6455612],
     [21.927447, 42.645267600000004], [21.9275251, 42.6451591],
     [21.9273081, 42.6450186], [21.927151900000002, 42.644725],
     [21.92723, 42.6445207], [21.927438300000002, 42.6443548],
     [21.9273689, 42.6442016], [21.9276205, 42.6434611],
     [21.9280371, 42.6430079], [21.9282714, 42.642618500000005],
     [21.9285578, 42.642197200000005],
     [21.9285578, 42.642005700000006], [21.9284623, 42.6415141],
     [21.9285578, 42.6408502], [21.928497, 42.6403076],
     [21.928870200000002, 42.639733], [21.929243300000003, 42.6394522],
     [21.9295644, 42.6393372], [21.9297727, 42.6391074],
     [21.9302153, 42.638858500000005],
     [21.9306145, 42.638769100000005], [21.9309356, 42.6387882],
     [21.931343400000003, 42.6388776],
     [21.9318902, 42.638832900000004],
     [21.932341400000002, 42.6386478],
     [21.9325237, 42.638475400000004],
     [21.932454200000002, 42.638207300000005],
     [21.932515000000002, 42.6378562],
     [21.9325063, 42.637479500000005], [21.9320898, 42.6370645],
     [21.932115800000002, 42.636470800000005],
     [21.9319683, 42.636445300000005],
     [21.9317947, 42.636343100000005],
     [21.931595100000003, 42.6357111],
     [21.9314563, 42.635487600000005],
     [21.931022300000002, 42.6350854],
     [21.930736000000003, 42.6349322],
     [21.9306145, 42.634389500000005],
     [21.930224000000003, 42.634185200000005],
     [21.9301111, 42.6339873], [21.9296252, 42.6337447],
     [21.9292954, 42.633661700000005],
     [21.9290437, 42.633457400000005], [21.9289309, 42.6332978],
     [21.9289309, 42.633189300000005], [21.9288962, 42.6329913],
     [21.9286272, 42.6328126], [21.9285491, 42.632550800000004],
     [21.9285231, 42.6319698],
     [21.928349500000003, 42.631567600000004],
     [21.928236700000003, 42.6313441], [21.9280718, 42.6311398],
     [21.9276726, 42.6308844], [21.9274123, 42.630743900000006],
     [21.9272734, 42.6305652], [21.9272561, 42.630156500000005],
     [21.9273081, 42.630028800000005], [21.9272908, 42.6299075],
     [21.927438300000002, 42.629607400000005],
     [21.9274643, 42.629301000000005],
     [21.9274904, 42.628866800000004], [21.9274209, 42.6286433],
     [21.927186600000002, 42.6283624], [21.9267788, 42.6282219],
     [21.926631200000003, 42.6281325], [21.926475, 42.6280176],
     [21.926266700000003, 42.6279346],
     [21.9261886, 42.627826000000006], [21.9261713, 42.6274621],
     [21.926180000000002, 42.6272067], [21.9261453, 42.6269513],
     [21.925989, 42.626727800000005], [21.9259109, 42.626466],
     [21.9258849, 42.626204200000004],
     [21.925893600000002, 42.625674200000006],
     [21.9257364, 42.6249678]]}},
  {"type":"Feature",
   "properties":{},
   "geometry":
   {"type":"LineString",
    "coordinates":
    [[21.924199700000003, 42.622391], [21.9241378, 42.622583600000006],
     [21.9240546, 42.6229369], [21.9240444, 42.6229959],
     [21.9240435, 42.623055400000005],
     [21.924051900000002, 42.6231146], [21.9240672, 42.6231662],
     [21.9240897, 42.6232163], [21.924119, 42.623264500000005],
     [21.924288, 42.6234343], [21.924401800000002, 42.6234971],
     [21.9245106, 42.6235645], [21.9246057, 42.6236302],
     [21.924696100000002, 42.623699300000006],
     [21.9247815, 42.6237718], [21.925326000000002, 42.6243204],
     [21.925403300000003, 42.624377], [21.9254736, 42.6244383],
     [21.9255365, 42.6245038], [21.925591500000003, 42.6245731],
     [21.9256394, 42.6246476], [21.925678, 42.624724900000004],
     [21.9257072, 42.6248045], [21.925726700000002, 42.6248857],
     [21.9257364, 42.6249678]]}},
  {"type":"Feature",
   "properties":{},
   "geometry":
   {"type":"LineString",
    "coordinates":
    [[21.9204149, 42.6202132], [21.9205302, 42.620217200000006],
     [21.920854700000003, 42.6202428],
     [21.9210613, 42.620272500000006],
     [21.921121900000003, 42.620284000000005],
     [21.9211838, 42.620291200000004],
     [21.9212463, 42.620294200000004],
     [21.921318900000003, 42.6202921], [21.9213907, 42.6202842],
     [21.921460900000003, 42.620270500000004],
     [21.9215319, 42.6202522], [21.9216057, 42.6202416],
     [21.921680900000002, 42.620238900000004],
     [21.921744500000003, 42.6202429], [21.921807, 42.6202525],
     [21.9218675, 42.6202677], [21.9219249, 42.620288200000005],
     [21.922007800000003, 42.620318600000004],
     [21.9220866, 42.6203543], [21.922161000000003, 42.6203948],
     [21.922238, 42.620445600000004], [21.922308, 42.6205018],
     [21.922370100000002, 42.6205627], [21.9224238, 42.6206277],
     [21.9227028, 42.6209277], [21.9231158, 42.6212692],
     [21.923221700000003, 42.6213458],
     [21.923320200000003, 42.6214275],
     [21.9234109, 42.621513900000004], [21.9234951, 42.6216067],
     [21.9235703, 42.621703600000004], [21.9236174, 42.6217823],
     [21.9236445, 42.6218738], [21.9236621, 42.6219425],
     [21.923688900000002, 42.622009600000005],
     [21.9237246, 42.622074500000004],
     [21.923768900000002, 42.6221364], [21.9238213, 42.6221948],
     [21.9238904, 42.622256500000006], [21.9239685, 42.622312],
     [21.9240546, 42.6223606],
     [21.924100300000003, 42.622376900000006],
     [21.924149200000002, 42.622387100000005],
     [21.924199700000003, 42.622391]]}},
  {"type":"Feature",
   "properties":{},
   "geometry":
   {"type":"LineString",
    "coordinates":
    [[21.903069000000002, 42.6131982], [21.9031522, 42.613219],
     [21.903378800000002, 42.613345300000006],
     [21.9036055, 42.613505200000006], [21.9038039, 42.6136483],
     [21.9038571, 42.613675300000004], [21.9039146, 42.6136968],
     [21.903975600000003, 42.613712400000004],
     [21.9040478, 42.613722700000004],
     [21.904121200000002, 42.613724700000006],
     [21.904194200000003, 42.6137184], [21.9042965, 42.6137048],
     [21.904400000000003, 42.613697200000004],
     [21.904504000000003, 42.6136957], [21.9046042, 42.6136999],
     [21.9047036, 42.6137098], [21.9048017, 42.613725300000006],
     [21.905397200000003, 42.613861500000006],
     [21.905791500000003, 42.614003600000004],
     [21.9062206, 42.6141832],
     [21.906821400000002, 42.614437900000006],
     [21.907039700000002, 42.614542900000004],
     [21.9072508, 42.614655500000005],
     [21.907454400000002, 42.6147754],
     [21.907586400000003, 42.614859700000004],
     [21.907714600000002, 42.6149471],
     [21.907827100000002, 42.6150253],
     [21.907942600000002, 42.615101100000004],
     [21.908060600000002, 42.6151743],
     [21.908181300000003, 42.615245200000004],
     [21.908406600000003, 42.615383300000005],
     [21.9084496, 42.615428200000004],
     [21.908482900000003, 42.6154772], [21.9085059, 42.6155294],
     [21.908516300000002, 42.615572], [21.9085198, 42.6156153],
     [21.908516300000002, 42.6156585], [21.9085059, 42.6157011],
     [21.9084924, 42.6158038], [21.908473700000002, 42.6159696],
     [21.908465600000003, 42.616344600000005],
     [21.908438800000003, 42.616512400000005],
     [21.908420000000003, 42.6169091],
     [21.908409300000002, 42.6172407], [21.9084603, 42.6175487],
     [21.908465600000003, 42.6176217], [21.9084647, 42.6176948],
     [21.908457600000002, 42.6177677],
     [21.9084416, 42.617851900000005], [21.9084174, 42.6179349],
     [21.9083852, 42.6180164], [21.908057900000003, 42.6187527],
     [21.908041500000003, 42.6188039], [21.908031700000002, 42.618856],
     [21.908028400000003, 42.618908600000005],
     [21.908033900000003, 42.618975600000006],
     [21.908050000000003, 42.619041700000004],
     [21.9080613, 42.6190743], [21.908076700000002, 42.619106],
     [21.908106500000002, 42.619149900000004],
     [21.908144200000002, 42.6191903], [21.9081894, 42.6192264],
     [21.908336900000002, 42.619340900000005],
     [21.9083943, 42.619378100000006],
     [21.908457600000002, 42.6194099],
     [21.9085369, 42.619439400000005],
     [21.908579900000003, 42.619448000000006],
     [21.908621200000002, 42.6194603],
     [21.908676800000002, 42.6194842], [21.908726, 42.619514800000005],
     [21.908767400000002, 42.6195511],
     [21.908821900000003, 42.6196202],
     [21.908872000000002, 42.619691200000005], [21.908943, 42.6198083],
     [21.9089695, 42.6198695],
     [21.909002100000002, 42.619929000000006],
     [21.9090497, 42.6199991],
     [21.909105800000003, 42.620065700000005],
     [21.9091697, 42.620128400000006], [21.9093561, 42.6202764],
     [21.909420400000002, 42.620321700000005],
     [21.9094902, 42.620362300000004], [21.9095805, 42.6204042],
     [21.9096766, 42.6204382],
     [21.910049500000003, 42.620489600000006],
     [21.9103472, 42.6205547], [21.910406400000003, 42.6205626],
     [21.910466600000003, 42.6205646], [21.9105181, 42.6205616],
     [21.9105688, 42.6205543], [21.9106181, 42.620542900000004],
     [21.910684800000002, 42.620529000000005],
     [21.910752900000002, 42.6205194],
     [21.910821900000002, 42.6205142],
     [21.910909500000002, 42.6205141],
     [21.9109966, 42.620521000000004],
     [21.9110821, 42.620535000000004], [21.9113879, 42.6206119],
     [21.9117983, 42.6207294], [21.9118983, 42.620766],
     [21.911994, 42.6208085], [21.9120847, 42.6208566],
     [21.9121698, 42.62091], [21.912257, 42.620975],
     [21.912335900000002, 42.6210456],
     [21.912405800000002, 42.621121200000005],
     [21.912706200000002, 42.6214784], [21.913065600000003, 42.621879],
     [21.913341900000002, 42.6221119], [21.9133961, 42.6221401],
     [21.9134545, 42.6221631], [21.9135163, 42.6221808],
     [21.913580600000003, 42.6221929], [21.913643, 42.6221989],
     [21.9137059, 42.6221996], [21.9137686, 42.622194900000004],
     [21.91383, 42.622185], [21.9141787, 42.6221188],
     [21.9142484, 42.6221076], [21.914319300000002, 42.6221016],
     [21.914390700000002, 42.6221011], [21.9144617, 42.622106],
     [21.914546400000003, 42.6221192], [21.914628200000003, 42.62214],
     [21.9147058, 42.622168200000004],
     [21.914778400000003, 42.6221885],
     [21.9148533, 42.622203600000006],
     [21.914929700000002, 42.6222136],
     [21.915021600000003, 42.6222185], [21.9151136, 42.6222158],
     [21.9152047, 42.6222057], [21.915438, 42.6221455],
     [21.9158015, 42.6220567], [21.916084400000003, 42.6219738],
     [21.9163101, 42.6219235], [21.916368900000002, 42.6219112],
     [21.916424600000003, 42.6218926],
     [21.916476000000003, 42.6218682],
     [21.916518200000002, 42.6218413], [21.9165551, 42.6218105],
     [21.916586000000002, 42.6217764],
     [21.9166464, 42.621594800000004],
     [21.916655000000002, 42.6215641], [21.916671, 42.6215349],
     [21.9166938, 42.6215084], [21.916722800000002, 42.6214853],
     [21.9167631, 42.6214637], [21.916808600000003, 42.6214488],
     [21.916866600000002, 42.621446500000005],
     [21.916924, 42.621452700000006], [21.916975400000002, 42.6214662],
     [21.9170224, 42.6214865], [21.9170634, 42.621512900000006],
     [21.9172981, 42.6216777], [21.9173458, 42.621699500000005],
     [21.917397700000002, 42.6217151],
     [21.917452400000002, 42.6217241],
     [21.9175045, 42.621726300000006],
     [21.9175565, 42.621722500000004], [21.917607, 42.621712800000005],
     [21.917654900000002, 42.6216975],
     [21.917860100000002, 42.6216017], [21.9179159, 42.6215765],
     [21.9179655, 42.621545000000005],
     [21.918007600000003, 42.621508000000006],
     [21.9180406, 42.621467200000005], [21.9180645, 42.6214231],
     [21.918078700000002, 42.621376700000006],
     [21.9180947, 42.6213404], [21.9181196, 42.6213068],
     [21.9181524, 42.6212771], [21.918189, 42.6212539],
     [21.918230400000002, 42.6212357],
     [21.918275400000002, 42.6212229], [21.9183227, 42.6212159],
     [21.918666100000003, 42.6211665],
     [21.918715000000002, 42.621157800000006],
     [21.918760300000002, 42.621141800000004],
     [21.9188002, 42.6211192],
     [21.918831800000003, 42.621092000000004],
     [21.9188554, 42.6210606], [21.9188699, 42.621026400000005],
     [21.9189192, 42.6209703], [21.9189738, 42.620916900000005],
     [21.9190335, 42.620866500000005], [21.9191076, 42.6208131],
     [21.9191873, 42.620764300000005],
     [21.9192722, 42.620720500000004],
     [21.9197041, 42.620513200000005], [21.9198013, 42.6204805],
     [21.9198999, 42.6204501], [21.9199838, 42.620429],
     [21.9200662, 42.6204047], [21.920143600000003, 42.6203785],
     [21.9202191, 42.6203494], [21.9203505, 42.620262600000004],
     [21.9204149, 42.6202132]]}},
  {"type":"Feature",
   "properties":{},
   "geometry":
   {"type":"LineString",
    "coordinates":
    [[21.8985629, 42.6094718], [21.8991933, 42.609653],
     [21.899539200000003, 42.6097674], [21.899799400000003, 42.609878],
     [21.9000816, 42.6101352], [21.9001385, 42.610323900000004],
     [21.9002044, 42.610410900000005],
     [21.9004042, 42.610641900000005], [21.900517, 42.610770800000004],
     [21.900590700000002, 42.6108551], [21.900655, 42.6109558],
     [21.9008138, 42.6113147], [21.9009313, 42.6115815],
     [21.9011673, 42.6118165], [21.901403300000002, 42.6122409],
     [21.901575, 42.612452100000006], [21.901693, 42.61253],
     [21.9022173, 42.612748100000005], [21.9027257, 42.612991],
     [21.903069000000002, 42.6131982]]}},
  {"type":"Feature",
   "properties":{},
   "geometry":
   {"type":"LineString",
    "coordinates":
    [[21.8892789, 42.584098000000004],
     [21.889172900000002, 42.5845679], [21.8890572, 42.5849387],
     [21.8889284, 42.5852863], [21.8887997, 42.5857602],
     [21.8886709, 42.5862658], [21.8883705, 42.5866133],
     [21.888113, 42.5871189], [21.887726800000003, 42.5875928],
     [21.8872976, 42.5877508], [21.8872976, 42.5881932],
     [21.8873813, 42.5887003], [21.8875551, 42.589267400000004],
     [21.8878984, 42.5895834], [21.8881559, 42.589930900000006],
     [21.8884563, 42.590057300000005], [21.8885422, 42.5904364],
     [21.8886709, 42.5908156], [21.8888426, 42.5912263],
     [21.8888834, 42.591573800000006], [21.8889713, 42.5919845],
     [21.889271700000002, 42.5922689],
     [21.8896365, 42.592521600000005], [21.8897653, 42.5927744],
     [21.8898726, 42.5930903], [21.889936900000002, 42.593501],
     [21.8900228, 42.593817], [21.8901515, 42.594069700000006],
     [21.8904305, 42.594433], [21.8907309, 42.594764700000006],
     [21.890902500000003, 42.595143900000004],
     [21.891007700000003, 42.595429], [21.8911386, 42.595854700000004],
     [21.891396, 42.5962654], [21.891632100000002, 42.5966919],
     [21.8917179, 42.5970078],
     [21.891846700000002, 42.597339500000004],
     [21.8920183, 42.5975922],
     [21.892190000000003, 42.597955500000005],
     [21.892297300000003, 42.5983662], [21.892426, 42.598745300000004],
     [21.892662, 42.5989506], [21.892962500000003, 42.599234900000006],
     [21.8930268, 42.5994876], [21.8931556, 42.5998983],
     [21.8933487, 42.600151000000004], [21.8937135, 42.6003406],
     [21.8939066, 42.6005775], [21.8939066, 42.600940800000004],
     [21.8936706, 42.6012409], [21.8935204, 42.6016673],
     [21.893456, 42.602109600000006], [21.893454900000002, 42.6026158],
     [21.8934131, 42.603073], [21.893412, 42.603388900000006],
     [21.8936062, 42.6036258], [21.8938208, 42.6040049],
     [21.893992400000002, 42.604194400000004], [21.893971, 42.6044313],
     [21.894035300000002, 42.604699800000006],
     [21.8941641, 42.6049525], [21.8940997, 42.6051578],
     [21.894142600000002, 42.605442100000005], [21.8942285, 42.605758],
     [21.894335700000003, 42.606089600000004],
     [21.894443000000003, 42.6063423],
     [21.894507400000002, 42.606721400000005],
     [21.8945718, 42.6069898],
     [21.894807800000002, 42.607274100000005],
     [21.895000900000003, 42.607416300000004],
     [21.895322800000002, 42.607669], [21.895752, 42.6078111],
     [21.896095300000002, 42.607921600000005],
     [21.896373200000003, 42.608159300000004],
     [21.8965888, 42.6083638], [21.8970823, 42.608458600000006],
     [21.8974042, 42.608600700000004], [21.8975748, 42.60887],
     [21.8977894, 42.6090437], [21.8985629, 42.6094718]]}},
  {"type":"Feature",
   "properties":{},
   "geometry":
   {"type":"LineString",
    "coordinates":
    [[21.8892789, 42.584098000000004],
     [21.889196400000003, 42.5840942],
     [21.8891624, 42.584084700000005], [21.8891287, 42.5840727],
     [21.8890891, 42.584046400000005], [21.8890627, 42.584012],
     [21.889041000000002, 42.583959300000004],
     [21.889034900000002, 42.5839155], [21.8890287, 42.583869],
     [21.889020900000002, 42.5837851],
     [21.8890192, 42.583673700000006],
     [21.8890214, 42.583617100000005], [21.8890299, 42.5835446],
     [21.8890384, 42.583474300000006], [21.88905, 42.583399500000006],
     [21.889052200000002, 42.583344200000006],
     [21.8890502, 42.5833006], [21.8890445, 42.583253600000006],
     [21.8890396, 42.583219], [21.889029, 42.583183500000004],
     [21.8890072, 42.583125300000006], [21.8889853, 42.5830691]]}},
  {"type":"Feature",
   "properties":{},
   "geometry":
   {"type":"LineString",
    "coordinates":
    [[21.8889853, 42.5830691], [21.888958900000002, 42.5830077],
     [21.888869800000002, 42.5828007],
     [21.888831200000002, 42.5827188],
     [21.888792600000002, 42.5826453],
     [21.8887587, 42.582592600000005],
     [21.8887344, 42.582562100000004],
     [21.8887103, 42.582541400000004], [21.888671900000002, 42.582518],
     [21.8886365, 42.5825015], [21.8886131, 42.5824919],
     [21.888584100000003, 42.5824851], [21.8885508, 42.5824839]]}},
  {"type":"Feature",
   "properties":{},
   "geometry":
   {"type":"LineString",
    "coordinates":
    [[21.8885508, 42.5824839], [21.888563, 42.5824525],
     [21.8885769, 42.5824264],
     [21.888597800000003, 42.582405400000006],
     [21.8886641, 42.582366300000004],
     [21.8887144, 42.582334200000005], [21.8887597, 42.582293],
     [21.8888049, 42.5822427], [21.8888135, 42.582204100000006],
     [21.888812400000003, 42.5821246],
     [21.8888067, 42.582062400000005], [21.8887979, 42.5819957],
     [21.8887642, 42.5818729], [21.888730600000002, 42.5817525],
     [21.8887244, 42.5816827], [21.8887298, 42.581624000000005],
     [21.8887383, 42.5815606], [21.888754600000002, 42.5814779],
     [21.8887833, 42.581386], [21.888874, 42.581169]]}},
  {"type":"Feature",
   "properties":{},
   "geometry":
   {"type":"LineString",
    "coordinates":
    [[21.888874, 42.581169], [21.8888415, 42.5810346],
     [21.888824, 42.5809622], [21.8887292, 42.5807991],
     [21.888736700000003, 42.5807659],
     [21.8887803, 42.580699700000004],
     [21.888786300000003, 42.5806551], [21.8887916, 42.5805188],
     [21.888827600000003, 42.5804776], [21.8889354, 42.5804181],
     [21.8891725, 42.5803786], [21.8892409, 42.580332600000006],
     [21.8893132, 42.5802926], [21.8893305, 42.5802539],
     [21.8893199, 42.580206100000005],
     [21.8892789, 42.580192000000004], [21.8892235, 42.5802056],
     [21.8891458, 42.5802391], [21.8891081, 42.5802453],
     [21.889066800000002, 42.580221], [21.8890008, 42.580114],
     [21.889009100000003, 42.580080200000005],
     [21.8890499, 42.5800746], [21.8891311, 42.580090600000005],
     [21.8891604, 42.5800788], [21.8891642, 42.580044300000004],
     [21.889073500000002, 42.5799968],
     [21.889066800000002, 42.5799627],
     [21.889184800000002, 42.5798039], [21.8890572, 42.5796143],
     [21.8889284, 42.579424700000004], [21.8890132, 42.5792043],
     [21.8888351, 42.5790494], [21.888681700000003, 42.5788835],
     [21.8886709, 42.5786031], [21.8885411, 42.5782879],
     [21.8886495, 42.578081700000006],
     [21.888626900000002, 42.5777822], [21.8887782, 42.5774654],
     [21.8888855, 42.57726], [21.8890572, 42.576944000000005],
     [21.8892932, 42.576722800000006], [21.8895936, 42.5764858],
     [21.889829600000002, 42.5763278], [21.8898511, 42.5761382],
     [21.889969100000002, 42.5760158], [21.8899787, 42.5758032],
     [21.889845700000002, 42.5754942], [21.8898082, 42.5752059],
     [21.8897438, 42.5749057], [21.8901086, 42.574384200000004],
     [21.890280200000003, 42.574147200000006],
     [21.890494800000003, 42.5737048], [21.8907309, 42.5733887],
     [21.8907986, 42.5732889], [21.8909454, 42.573072700000004],
     [21.891201900000002, 42.5726785], [21.891439000000002, 42.572409],
     [21.891750100000003, 42.5720022],
     [21.891878900000002, 42.571713700000004],
     [21.8920505, 42.571508300000005], [21.8922779, 42.5713309]]}},
  {"type":"Feature",
   "properties":{},
   "geometry":
   {"type":"LineString",
    "coordinates":
    [[21.8922779, 42.5713309], [21.892591200000002, 42.5711536],
     [21.892789500000003, 42.5710331],
     [21.8928502, 42.570988500000006], [21.8928894, 42.57094],
     [21.8929839, 42.570714300000006], [21.893014, 42.5705947],
     [21.893033300000003, 42.5704435],
     [21.893034200000002, 42.5703353], [21.8929562, 42.570191],
     [21.892897, 42.570022900000005], [21.892913500000002, 42.5698175],
     [21.8930054, 42.569612], [21.8930697, 42.5693908],
     [21.8931438, 42.569136500000006],
     [21.8933472, 42.568739300000004], [21.8934335, 42.5686364],
     [21.8936706, 42.568553200000004],
     [21.8940762, 42.568422000000005],
     [21.894217700000002, 42.568339900000005],
     [21.8943572, 42.568237200000006],
     [21.894504700000002, 42.5680831], [21.8945718, 42.5679369],
     [21.8946888, 42.5676335],
     [21.894778300000002, 42.567516100000006],
     [21.8949542, 42.5673412], [21.895346500000002, 42.5670097],
     [21.8959692, 42.5664268], [21.8963107, 42.5661901],
     [21.896419100000003, 42.5658291],
     [21.8967084, 42.565619000000005], [21.8969494, 42.5655687],
     [21.897146300000003, 42.565314300000004],
     [21.89777, 42.5649778]]}},
  {"type":"Feature",
   "properties":{},
   "geometry":
   {"type":"LineString",
    "coordinates":
    [[21.8984007, 42.5640106], [21.8983481, 42.564112800000004],
     [21.898312500000003, 42.564204700000005],
     [21.8982786, 42.564302600000005],
     [21.898254700000003, 42.564373200000006],
     [21.8982333, 42.5644336], [21.8981405, 42.564604700000004],
     [21.8980624, 42.5647311],
     [21.897989000000003, 42.564803100000006],
     [21.897819700000003, 42.564923300000004],
     [21.89777, 42.5649778]]}},
  {"type":"Feature",
   "properties":{},
   "geometry":
   {"type":"LineString",
    "coordinates":
    [[21.9010274, 42.5608297],
     [21.900934600000003, 42.560892100000004],
     [21.900806600000003, 42.5609519],
     [21.9007077, 42.561021700000005],
     [21.900657900000002, 42.5610805],
     [21.900643300000002, 42.5611313],
     [21.900651800000002, 42.561185300000005],
     [21.9007267, 42.561331300000006],
     [21.900761000000003, 42.5614502],
     [21.900765500000002, 42.561565800000004],
     [21.900764300000002, 42.5616301], [21.900752, 42.561674200000006],
     [21.9007301, 42.5617213], [21.9006535, 42.561823800000006],
     [21.9005961, 42.5618828],
     [21.900355700000002, 42.562067600000006],
     [21.900168200000003, 42.562224300000004],
     [21.899956500000002, 42.562465800000005],
     [21.8997981, 42.562674900000005],
     [21.899720600000002, 42.562719400000006], [21.899621, 42.5627439],
     [21.8991484, 42.5628076], [21.8987492, 42.562954700000006],
     [21.898630700000002, 42.5630569], [21.8984565, 42.5632071],
     [21.898409, 42.563248800000004],
     [21.898398200000003, 42.563278700000005],
     [21.898402500000003, 42.5633136], [21.8984446, 42.5634256],
     [21.8984434, 42.563464700000004], [21.8984387, 42.5634968],
     [21.8984239, 42.5635263], [21.8983986, 42.563588],
     [21.8983718, 42.5636797],
     [21.898350200000003, 42.563799100000004],
     [21.8983537, 42.5638834], [21.8983761, 42.5639685],
     [21.8984007, 42.5640106]]}},
  {"type":"Feature",
   "properties":{},
   "geometry":
   {"type":"LineString",
    "coordinates":
    [[21.9012964, 42.5604059], [21.9011651, 42.5606142],
     [21.9010564, 42.5607934], [21.9010274, 42.5608297]]}},
  {"type":"Feature",
   "properties":{},
   "geometry":
   {"type":"LineString",
    "coordinates":
    [[21.9014117, 42.5602511], [21.9012964, 42.5604059]]}},
  {"type":"Feature",
   "properties":{},
   "geometry":
   {"type":"LineString",
    "coordinates":
    [[21.9012888, 42.560028300000006], [21.9014117, 42.5602511]]}},
  {"type":"Feature",
   "properties":{},
   "geometry":
   {"type":"LineString",
    "coordinates":
    [[21.901136400000002, 42.5597256],
     [21.9012888, 42.560028300000006]]}},
  {"type":"Feature",
   "properties":{},
   "geometry":
   {"type":"LineString",
    "coordinates":
    [[21.9000628, 42.5582368], [21.9003167, 42.558534900000005],
     [21.9006386, 42.558956200000004],
     [21.9007125, 42.559054200000006],
     [21.901136400000002, 42.5597256]]}},
  {"type":"Feature",
   "properties":{},
   "geometry":
   {"type":"LineString",
    "coordinates":
    [[21.8999992, 42.558164500000004], [21.9000628, 42.5582368]]}},
  {"type":"Feature",
   "properties":{},
   "geometry":
   {"type":"LineString",
    "coordinates":
    [[21.897908100000002, 42.556096100000005],
     [21.898248300000002, 42.556421500000006],
     [21.8986607, 42.5568133],
     [21.898828100000003, 42.556984400000005],
     [21.8993895, 42.5575107],
     [21.899857500000003, 42.558001600000004], [21.899908, 42.5580611],
     [21.8999992, 42.558164500000004]]}},
  {"type":"Feature",
   "properties":{},
   "geometry":
   {"type":"LineString",
    "coordinates":
    [[21.897908100000002, 42.556096100000005],
     [21.897743600000002, 42.5561001], [21.8975468, 42.556108],
     [21.897529300000002, 42.5561087],
     [21.8974487, 42.556111900000005]]}},
  {"type":"Feature",
   "properties":{},
   "geometry":
   {"type":"LineString",
    "coordinates":
    [[21.8964365, 42.5561832], [21.8972957, 42.5561227],
     [21.897322000000003, 42.5561208],
     [21.8974487, 42.556111900000005]]}},
  {"type":"Feature",
   "properties":{},
   "geometry":
   {"type":"LineString",
    "coordinates":
    [[21.8964365, 42.5561832], [21.8964281, 42.555957500000005]]}},
  {"type":"Feature",
   "properties":{},
   "geometry":
   {"type":"LineString",
    "coordinates":
    [[21.8964281, 42.555957500000005], [21.8961691, 42.5557893],
     [21.8961381, 42.5557351], [21.8953169, 42.5551844],
     [21.895267, 42.555148300000006], [21.8949238, 42.5552677],
     [21.8949511, 42.5551327], [21.8950771, 42.554917],
     [21.895270200000002, 42.5547838],
     [21.895380000000003, 42.554687900000005],
     [21.895548700000003, 42.5545157],
     [21.8958777, 42.554179700000006], [21.8960098, 42.5539791],
     [21.896063700000003, 42.5538973],
     [21.896164300000002, 42.5537013]]}},
  {"type":"Feature",
   "properties":{},
   "geometry":
   {"type":"LineString",
    "coordinates":
    [[21.8963199, 42.5535039], [21.8962843, 42.5535179],
     [21.896263, 42.553534600000006], [21.8961866, 42.5536626],
     [21.896164300000002, 42.5537013]]}},
  {"type":"Feature",
   "properties":{},
   "geometry":
   {"type":"LineString",
    "coordinates":
    [[21.8963199, 42.5535039],
     [21.896182500000002, 42.553240800000005],
     [21.895813500000003, 42.553072400000005],
     [21.895936000000003, 42.5528667],
     [21.8961723, 42.552561100000005],
     [21.896274400000003, 42.5524178],
     [21.896350700000003, 42.552223000000005],
     [21.8966987, 42.551964500000004],
     [21.8967375, 42.551853200000004],
     [21.896938300000002, 42.5516949],
     [21.897006700000002, 42.5516013]]}},
  {"type":"Feature",
   "properties":{},
   "geometry":
   {"type":"LineString",
    "coordinates":
    [[21.898472, 42.551989600000006], [21.8983911, 42.551982100000004],
     [21.8983226, 42.551970100000005], [21.8977334, 42.5518268],
     [21.8976271, 42.551793800000006],
     [21.897006700000002, 42.5516013]]}},
  {"type":"Feature",
   "properties":{},
   "geometry":
   {"type":"LineString",
    "coordinates":
    [[21.8986968, 42.551762100000005],
     [21.898607000000002, 42.551880000000004], [21.8985762, 42.551918],
     [21.8985361, 42.551953700000006],
     [21.898472, 42.551989600000006]]}},
  {"type":"Feature",
   "properties":{},
   "geometry":
   {"type":"LineString",
    "coordinates":
    [[21.8996916, 42.547533200000004], [21.8996627, 42.5476454],
     [21.8996551, 42.5476747], [21.8995877, 42.5479362],
     [21.8995804, 42.547962000000005],
     [21.899526400000003, 42.5481512], [21.899499600000002, 42.548245],
     [21.899489600000003, 42.5482774],
     [21.899425700000002, 42.5484845], [21.8993182, 42.5488061],
     [21.8993116, 42.548829600000005],
     [21.8992948, 42.548889100000004],
     [21.899274400000003, 42.548946300000004],
     [21.899175800000002, 42.549222400000005],
     [21.8991699, 42.549241200000004], [21.899162800000003, 42.549264],
     [21.899150600000002, 42.5493031],
     [21.899049100000003, 42.5495953],
     [21.8990416, 42.549616900000004], [21.8990109, 42.5497053],
     [21.8990052, 42.549736100000004],
     [21.898956400000003, 42.550001800000004], [21.898923, 42.5501949],
     [21.8989097, 42.550296100000004], [21.8989055, 42.5503279],
     [21.898874600000003, 42.5505627], [21.8988754, 42.5506089],
     [21.8988511, 42.5514017], [21.8988462, 42.5515017],
     [21.8988289, 42.5515835], [21.8986968, 42.551762100000005]]}},
  {"type":"Feature",
   "properties":{},
   "geometry":
   {"type":"LineString",
    "coordinates":
    [[21.899910600000002, 42.547008500000004],
     [21.8997677, 42.547351000000006], [21.89976, 42.5473694],
     [21.8996916, 42.547533200000004]]}},
  {"type":"Feature",
   "properties":{},
   "geometry":
   {"type":"LineString",
    "coordinates":
    [[21.900599, 42.545025700000004], [21.9005481, 42.5450889],
     [21.900511100000003, 42.545138], [21.900349300000002, 42.5456477],
     [21.900319, 42.5457418], [21.900257200000002, 42.5459333],
     [21.8999266, 42.546959],
     [21.899910600000002, 42.547008500000004]]}},
  {"type":"Feature",
   "properties":{},
   "geometry":
   {"type":"LineString",
    "coordinates":
    [[21.9006747, 42.5449375], [21.900599, 42.545025700000004]]}},
  {"type":"Feature",
   "properties":{},
   "geometry":
   {"type":"LineString",
    "coordinates":
    [[21.902391, 42.5418054], [21.902404800000003, 42.5419186],
     [21.9020389, 42.5428275], [21.9019526, 42.542993700000004],
     [21.9018772, 42.5431254], [21.9017996, 42.543245600000006],
     [21.901726800000002, 42.543336800000006],
     [21.9013491, 42.5437803], [21.901057400000003, 42.5441444],
     [21.9009073, 42.5443689], [21.900850000000002, 42.5444716],
     [21.900794700000002, 42.544603800000004],
     [21.900738200000003, 42.5447556], [21.9006747, 42.5449375]]}},
  {"type":"Feature",
   "properties":{},
   "geometry":
   {"type":"LineString",
    "coordinates":
    [[21.904754200000003, 42.5348793],
     [21.9047519, 42.534904100000006],
     [21.904744800000003, 42.5351261], [21.9047407, 42.5352048],
     [21.9047319, 42.5352904], [21.9047185, 42.535357100000006],
     [21.904705, 42.5354204], [21.904416100000002, 42.536244100000005],
     [21.9043694, 42.536433], [21.904274400000002, 42.536946300000004],
     [21.904246, 42.5370999], [21.9041955, 42.5373145],
     [21.904094500000003, 42.5376616], [21.9040792, 42.5377141],
     [21.903782600000003, 42.538485800000004],
     [21.903574900000002, 42.539008900000006],
     [21.9034835, 42.539235700000006],
     [21.903401300000002, 42.5394152],
     [21.903226500000002, 42.5397735], [21.9030777, 42.5400927],
     [21.902995200000003, 42.5402696],
     [21.902584100000002, 42.541286500000005],
     [21.9024697, 42.541568500000004], [21.902391, 42.5418054]]}},
  {"type":"Feature",
   "properties":{},
   "geometry":
   {"type":"LineString",
    "coordinates":
    [[21.904759600000002, 42.534758800000006],
     [21.904754200000003, 42.5348793]]}},
  {"type":"Feature",
   "properties":{},
   "geometry":
   {"type":"LineString",
    "coordinates":
    [[21.906850300000002, 42.5296722],
     [21.9068209, 42.529704800000005],
     [21.906795000000002, 42.529735800000005],
     [21.906762500000003, 42.529783], [21.9067431, 42.529837400000005],
     [21.906724500000003, 42.5299032], [21.906706, 42.5299714],
     [21.9066881, 42.530038700000006],
     [21.906663700000003, 42.530184600000005],
     [21.906653900000002, 42.530249500000004],
     [21.906647300000003, 42.530301300000005],
     [21.906640600000003, 42.5303441],
     [21.9066215, 42.530415500000004],
     [21.906607100000002, 42.530454500000005],
     [21.9065891, 42.5304933], [21.906556700000003, 42.5305642],
     [21.9064455, 42.5307678], [21.9063343, 42.530962300000006],
     [21.9062775, 42.5310654], [21.9062208, 42.5311639],
     [21.906132200000002, 42.5313001], [21.9060697, 42.5313911],
     [21.9058552, 42.5317315], [21.905820600000002, 42.5317791],
     [21.905711, 42.5319297], [21.9055766, 42.532119300000005],
     [21.9053234, 42.5325076], [21.905271000000003, 42.5326012],
     [21.9052079, 42.532720000000005], [21.9051449, 42.5328414],
     [21.9051243, 42.5328808],
     [21.905087400000003, 42.532957200000006],
     [21.905077900000002, 42.5329804],
     [21.9050516, 42.533044100000005],
     [21.9050075, 42.533159600000005], [21.9049666, 42.5332925],
     [21.9049263, 42.533422800000004], [21.904893, 42.5335569],
     [21.904874600000003, 42.5336383],
     [21.904856300000002, 42.533735400000005],
     [21.904842000000002, 42.5338056],
     [21.9048278, 42.533894000000004], [21.9048179, 42.5339636],
     [21.9048081, 42.5340514], [21.904793700000003, 42.5342791],
     [21.904779400000002, 42.5344938],
     [21.9047717, 42.534599400000005],
     [21.9047644, 42.534694900000005],
     [21.904759600000002, 42.534758800000006]]}},
  {"type":"Feature",
   "properties":{},
   "geometry":
   {"type":"LineString",
    "coordinates":
    [[21.9071459, 42.529414700000004], [21.9069381, 42.5295957],
     [21.906850300000002, 42.5296722]]}},
  {"type":"Feature",
   "properties":{},
   "geometry":
   {"type":"LineString",
    "coordinates":
    [[21.9114726, 42.521164000000006],
     [21.911174600000002, 42.5213976], [21.9110593, 42.5214889],
     [21.910952700000003, 42.5215588], [21.910858, 42.521610300000006],
     [21.9107188, 42.5216967], [21.910654, 42.5217461],
     [21.9105959, 42.5218043], [21.9104955, 42.5219218],
     [21.910441300000002, 42.5219928], [21.9103837, 42.522069],
     [21.9103323, 42.522143400000004],
     [21.9102895, 42.522212800000005],
     [21.910243700000002, 42.5222878],
     [21.910197800000002, 42.522375700000005],
     [21.9101289, 42.5225123], [21.909932400000002, 42.522973],
     [21.9098383, 42.5232085], [21.9097721, 42.523379600000005],
     [21.9097101, 42.523540000000004], [21.9095902, 42.5238121],
     [21.9095167, 42.524006], [21.909462, 42.524149300000005],
     [21.909398200000002, 42.524307300000004],
     [21.9093351, 42.5244483],
     [21.909312800000002, 42.524498200000004],
     [21.909227400000002, 42.5246786], [21.909058, 42.5250125],
     [21.9090329, 42.5250603], [21.908808, 42.525509500000005],
     [21.9086897, 42.5257452], [21.908582000000003, 42.5259887],
     [21.908481100000003, 42.526200700000004],
     [21.908367700000003, 42.5264128],
     [21.908254300000003, 42.526626500000006], [21.908141, 42.5268371],
     [21.9079479, 42.5272063],
     [21.907926500000002, 42.527247100000004],
     [21.9078172, 42.5274537], [21.907712, 42.5276542],
     [21.907582400000003, 42.5279071],
     [21.907521900000003, 42.528040100000005],
     [21.9074798, 42.5281479], [21.90745, 42.528237700000005],
     [21.907416, 42.528357500000006], [21.907382100000003, 42.5284952],
     [21.9073461, 42.5286397], [21.907288100000002, 42.5291079],
     [21.9072634, 42.5292174], [21.907252800000002, 42.5292564],
     [21.9072412, 42.5292927], [21.9072238, 42.5293258],
     [21.907200900000003, 42.529354500000004],
     [21.907173500000003, 42.5293848],
     [21.9071459, 42.529414700000004]]}},
  {"type":"Feature",
   "properties":{},
   "geometry":
   {"type":"LineString",
    "coordinates":
    [[21.9114726, 42.521164000000006], [21.9116277, 42.5210358],
     [21.911796000000002, 42.5208961],
     [21.912011800000002, 42.5206728]]}},
  {"type":"Feature",
   "properties":{},
   "geometry":
   {"type":"LineString",
    "coordinates":
    [[21.9123291, 42.5202065], [21.9123033, 42.5202618],
     [21.9122798, 42.5203022], [21.912241700000003, 42.5203733],
     [21.9122109, 42.5204253], [21.9121735, 42.520473900000006],
     [21.9121355, 42.520525], [21.912011800000002, 42.5206728]]}},
  {"type":"Feature",
   "properties":{},
   "geometry":
   {"type":"LineString",
    "coordinates":
    [[21.9124139, 42.5199859],
     [21.912383900000002, 42.520087100000005],
     [21.9123574, 42.520153300000004], [21.9123291, 42.5202065]]}},
  {"type":"Feature",
   "properties":{},
   "geometry":
   {"type":"LineString",
    "coordinates":
    [[21.912398, 42.519601], [21.9124236, 42.519836500000004],
     [21.912424, 42.5199195], [21.9124139, 42.5199859]]}},
  {"type":"Feature",
   "properties":{},
   "geometry":
   {"type":"LineString",
    "coordinates":
    [[21.9123561, 42.5192848], [21.9123857, 42.5195121],
     [21.912398, 42.519601]]}},
  {"type":"Feature",
   "properties":{},
   "geometry":
   {"type":"LineString",
    "coordinates":
    [[21.9122644, 42.5186799], [21.9122829, 42.5188227],
     [21.9123085, 42.518991500000006],
     [21.912332300000003, 42.5191395], [21.9123561, 42.5192848]]}},
  {"type":"Feature",
   "properties":{},
   "geometry":
   {"type":"LineString",
    "coordinates":
    [[21.9150288, 42.515449600000004], [21.9149815, 42.5154784],
     [21.914941300000002, 42.515503800000005],
     [21.914853800000003, 42.5155666], [21.9147873, 42.5156146],
     [21.9147235, 42.5156652], [21.914649800000003, 42.515728],
     [21.914592600000002, 42.5157767], [21.9145425, 42.5158228],
     [21.914468900000003, 42.5158928], [21.9144255, 42.5159383],
     [21.9143727, 42.5159942], [21.914309300000003, 42.5160646],
     [21.914240300000003, 42.5161439],
     [21.9141754, 42.516221800000004], [21.914051, 42.5163724],
     [21.9139301, 42.5165169], [21.913802200000003, 42.5166795],
     [21.9136789, 42.5168386], [21.9136162, 42.5169172],
     [21.913553500000003, 42.516992800000004], [21.9134919, 42.517069],
     [21.913430400000003, 42.517143600000004],
     [21.913367700000002, 42.5172216],
     [21.9133049, 42.517295600000004],
     [21.913234000000003, 42.5173811], [21.913179500000002, 42.517446],
     [21.9131131, 42.5175203], [21.913037300000003, 42.5176031],
     [21.912953400000003, 42.517689000000004],
     [21.912853100000003, 42.5177939],
     [21.912720200000003, 42.5179356],
     [21.9126486, 42.518015000000005],
     [21.9125769, 42.518091000000005],
     [21.912526200000002, 42.518148100000005],
     [21.912482500000003, 42.5182008],
     [21.9124494, 42.518242400000005], [21.9124094, 42.5182979],
     [21.9123865, 42.518328800000006],
     [21.912358400000002, 42.518369500000006],
     [21.912338400000003, 42.5184039],
     [21.912316200000003, 42.5184451], [21.9122917, 42.5184979],
     [21.912277900000003, 42.5185429],
     [21.9122701, 42.518578500000004], [21.9122658, 42.5186219],
     [21.9122644, 42.5186799]]}},
  {"type":"Feature",
   "properties":{},
   "geometry":
   {"type":"LineString",
    "coordinates":
    [[21.9152062, 42.515349400000005],
     [21.9150288, 42.515449600000004]]}},
  {"type":"Feature",
   "properties":{},
   "geometry":
   {"type":"LineString",
    "coordinates":
    [[21.9183106, 42.512958600000005],
     [21.9181415, 42.513068100000005], [21.9179888, 42.5131759],
     [21.917650700000003, 42.513428600000005],
     [21.9173893, 42.5136302],
     [21.917137200000003, 42.513823200000004],
     [21.916939300000003, 42.513977000000004],
     [21.9167695, 42.5141153], [21.9166019, 42.5142541],
     [21.9164414, 42.5143902], [21.9163324, 42.514485],
     [21.916225700000002, 42.5145755], [21.9160404, 42.5147392],
     [21.9159419, 42.5148297], [21.9158434, 42.5149167],
     [21.915746000000002, 42.514998600000006],
     [21.915653300000002, 42.5150701], [21.915592, 42.5151168],
     [21.9155109, 42.515173000000004], [21.9154455, 42.5152141],
     [21.9153673, 42.515259500000006],
     [21.9152062, 42.515349400000005]]}},
  {"type":"Feature",
   "properties":{},
   "geometry":
   {"type":"LineString",
    "coordinates":
    [[21.9183106, 42.512958600000005], [21.918431400000003, 42.513043],
     [21.9185406, 42.5131206], [21.9186556, 42.513200700000006],
     [21.9187589, 42.513268800000006],
     [21.918877000000002, 42.5133449],
     [21.9189882, 42.513414000000004],
     [21.9191408, 42.513513200000006], [21.9193259, 42.513613],
     [21.919523, 42.5137079], [21.919889100000002, 42.513859200000006],
     [21.920393400000002, 42.514049],
     [21.920766200000003, 42.514219000000004], [21.9211417, 42.514391],
     [21.921423400000002, 42.5145215], [21.9220982, 42.5148777],
     [21.922226700000003, 42.5149762], [21.9223849, 42.5151393],
     [21.922552600000003, 42.5153607],
     [21.922714900000003, 42.5155842],
     [21.922819500000003, 42.515713600000005],
     [21.9229388, 42.5158402], [21.9231413, 42.5160062],
     [21.9233197, 42.516154500000006], [21.9234343, 42.5162926]]}},
  {"type":"Feature",
   "properties":{},
   "geometry":
   {"type":"LineString",
    "coordinates":
    [[21.9234343, 42.5162926], [21.923496, 42.5163669]]}},
  {"type":"Feature",
   "properties":{},
   "geometry":
   {"type":"LineString",
    "coordinates":
    [[21.923496, 42.5163669], [21.9235182, 42.5163937],
     [21.9238213, 42.516741700000004], [21.92406, 42.517002700000006],
     [21.9242746, 42.5171806]]}},
  {"type":"Feature",
   "properties":{},
   "geometry":
   {"type":"LineString",
    "coordinates":
    [[21.9242746, 42.5171806], [21.9244516, 42.5171154],
     [21.924623200000003, 42.5170382],
     [21.924659700000003, 42.5170167], [21.9247574, 42.5169592],
     [21.924921, 42.5168781], [21.925079200000003, 42.5168326],
     [21.9252375, 42.5168089], [21.925430600000002, 42.5167555],
     [21.9256934, 42.516670500000004], [21.9259188, 42.5165816],
     [21.9261011, 42.5164768], [21.926197700000003, 42.5164155],
     [21.926291600000003, 42.516364100000004],
     [21.926372, 42.516340400000004], [21.926541, 42.516287000000005],
     [21.926758300000003, 42.5162119],
     [21.9269648, 42.516136700000004],
     [21.9272089, 42.516035900000006],
     [21.9273457, 42.516002300000004], [21.9274047, 42.5160003],
     [21.9274798, 42.5159983]]}},
  {"type":"Feature",
   "properties":{},
   "geometry":
   {"type":"LineString",
    "coordinates":
    [[21.9274798, 42.5159983], [21.9277239, 42.516004300000006],
     [21.9279894, 42.516002300000004],
     [21.9281986, 42.515972600000005], [21.9283462, 42.5159232],
     [21.928515100000002, 42.5158244], [21.9285552, 42.5157911]]}},
  {"type":"Feature",
   "properties":{},
   "geometry":
   {"type":"LineString",
    "coordinates":
    [[21.9285552, 42.5157911], [21.9286211, 42.5158026],
     [21.928723, 42.515795700000005], [21.928854400000002, 42.5157838],
     [21.9289336, 42.515790800000005],
     [21.929086400000003, 42.5158214],
     [21.929349300000002, 42.5158629], [21.9295894, 42.5158876],
     [21.929838800000002, 42.5158955],
     [21.930139200000003, 42.5158787],
     [21.930428900000003, 42.5158402],
     [21.930878200000002, 42.5157581],
     [21.9311061, 42.515716600000005],
     [21.9313797, 42.515679000000006], [21.9315688, 42.5156445],
     [21.931729800000003, 42.515621700000004],
     [21.9319229, 42.515610800000005], [21.9320811, 42.515599],
     [21.9324929, 42.5155584], [21.9330615, 42.5154883],
     [21.933513400000002, 42.515428],
     [21.933985500000002, 42.515362700000004],
     [21.9341639, 42.5153449],
     [21.934221100000002, 42.515337200000005],
     [21.934279200000002, 42.515338], [21.9343167, 42.5153431],
     [21.9343353, 42.515346300000004], [21.934353, 42.515351800000005],
     [21.9343742, 42.5153626], [21.9343915, 42.515376700000004],
     [21.934403900000003, 42.5153934], [21.934483, 42.5154754],
     [21.9345447, 42.5155624], [21.934556100000002, 42.5155863],
     [21.9345742, 42.5156079], [21.934603300000003, 42.5156288],
     [21.934638600000003, 42.5156435], [21.9347835, 42.5156702],
     [21.9350396, 42.515682000000005],
     [21.935462100000002, 42.5156563],
     [21.935678000000003, 42.515616800000004], [21.9360709, 42.515509],
     [21.9364102, 42.5153687], [21.9365591, 42.515288600000005],
     [21.9366798, 42.5152233], [21.9367421, 42.515191200000004],
     [21.9367689, 42.5151783],
     [21.936789100000002, 42.515171900000006],
     [21.9368051, 42.5151702], [21.9368212, 42.515171200000005]]}},
  {"type":"Feature",
   "properties":{},
   "geometry":
   {"type":"LineString",
    "coordinates":
    [[21.9368212, 42.515171200000005], [21.9368261, 42.5151624],
     [21.9368495, 42.5151332], [21.9368783, 42.515106700000004],
     [21.9369161, 42.5150809], [21.9369589, 42.5150598],
     [21.9370057, 42.5150438], [21.9370553, 42.5150335],
     [21.9371531, 42.5150068], [21.9372465, 42.514972400000005],
     [21.937334200000002, 42.5149307], [21.937632, 42.5147963],
     [21.937940400000002, 42.5146421], [21.938074500000003, 42.514561],
     [21.938163000000003, 42.5145235],
     [21.938291800000002, 42.514480000000006],
     [21.938455400000002, 42.5144444], [21.938578800000002, 42.514395],
     [21.938847000000003, 42.5142862],
     [21.939058900000003, 42.514203200000004],
     [21.9390983, 42.5141888], [21.9391335, 42.5141695],
     [21.939163500000003, 42.5141458],
     [21.9391892, 42.514115800000006], [21.9392064, 42.5140826]]}},
  {"type":"Feature",
   "properties":{},
   "geometry":
   {"type":"LineString",
    "coordinates":
    [[21.9392064, 42.5140826],
     [21.939622200000002, 42.513844500000005], [21.939748, 42.513739],
     [21.940134200000003, 42.5135822],
     [21.9403316, 42.513476700000005],
     [21.940451000000003, 42.5133935],
     [21.940609300000002, 42.5133456], [21.94121, 42.513013]]}},
  {"type":"Feature",
   "properties":{},
   "geometry":
   {"type":"LineString",
    "coordinates":
    [[21.94121, 42.513013], [21.9414675, 42.5129734],
     [21.9417465, 42.5129121], [21.9419906, 42.5128785],
     [21.9422722, 42.512833], [21.942645000000002, 42.5127856],
     [21.942873000000002, 42.512757900000004],
     [21.943157300000003, 42.5126828],
     [21.943449700000002, 42.5126037], [21.9436508, 42.5125266],
     [21.9439539, 42.5124159], [21.9444528, 42.512255700000004],
     [21.9447908, 42.512145000000004],
     [21.9450241, 42.512091600000005],
     [21.9455606, 42.512036300000005],
     [21.9458583, 42.512004600000004], [21.946089, 42.5119552],
     [21.946534200000002, 42.511816800000005],
     [21.946974100000002, 42.5116883],
     [21.947430100000002, 42.5115855],
     [21.947853900000002, 42.5115064],
     [21.948140900000002, 42.5114747],
     [21.948490600000003, 42.511368000000004],
     [21.9486218, 42.5113281], [21.948758, 42.511286500000004],
     [21.9488962, 42.5112517], [21.949034, 42.511214700000004],
     [21.9490957, 42.511113900000005], [21.94914, 42.5110734],
     [21.949203, 42.5110467], [21.949286200000003, 42.511039800000006],
     [21.9494136, 42.5110358], [21.9496429, 42.511018],
     [21.9497851, 42.5109982], [21.9499715, 42.5109676],
     [21.950110900000002, 42.510941900000006],
     [21.9502169, 42.510913200000005], [21.9502799, 42.5108994],
     [21.950319, 42.5108977], [21.9503577, 42.5108935],
     [21.9503999, 42.5108856], [21.9504409, 42.5108747],
     [21.950532000000003, 42.510843], [21.9505509, 42.5108356],
     [21.950570900000002, 42.5108302],
     [21.950607700000003, 42.510826200000004],
     [21.9506447, 42.5108292], [21.9506795, 42.5108271],
     [21.9507131, 42.510820300000006], [21.9507462, 42.5108089],
     [21.950776100000002, 42.5107936],
     [21.950890100000002, 42.5107195],
     [21.950981300000002, 42.510638400000005],
     [21.9510256, 42.510578100000004],
     [21.951069800000003, 42.5105385],
     [21.951151600000003, 42.5104881],
     [21.951317900000003, 42.5103972],
     [21.951418500000003, 42.5103547],
     [21.951493600000003, 42.510336900000006], [21.951519, 42.5103298],
     [21.9515461, 42.5103281], [21.9515727, 42.510331900000004],
     [21.9515934, 42.510339300000005],
     [21.951611200000002, 42.510350100000004],
     [21.951625, 42.510363600000005], [21.951731000000002, 42.5104397],
     [21.951779300000002, 42.510498000000005],
     [21.951822200000002, 42.5105524], [21.9519027, 42.5106127],
     [21.9520301, 42.510649300000004],
     [21.952305000000003, 42.5107373],
     [21.9526094, 42.510834100000004],
     [21.952692600000002, 42.5108638], [21.9527502, 42.5108757],
     [21.9528052, 42.5108757], [21.952897800000002, 42.5108588],
     [21.9530721, 42.510831200000005],
     [21.9531244, 42.510831200000005], [21.953204900000003, 42.510849],
     [21.9534127, 42.510894400000005], [21.9536595, 42.5109389],
     [21.9537695, 42.5109745], [21.9539747, 42.511071400000006],
     [21.9541463, 42.511205800000006],
     [21.954234800000002, 42.5113245],
     [21.9542536, 42.511399600000004],
     [21.954234800000002, 42.5115143],
     [21.954189200000002, 42.5116883],
     [21.9541946, 42.511775300000004], [21.954206900000003, 42.511797],
     [21.9542241, 42.511816800000005],
     [21.9542506, 42.511837400000005], [21.9542824, 42.5118534],
     [21.954318, 42.511864200000005], [21.9546157, 42.511959100000006],
     [21.9550315, 42.512139100000006], [21.9553882, 42.5122814],
     [21.9557235, 42.512366400000005],
     [21.955836100000003, 42.5123783]]}},
  {"type":"Feature",
   "properties":{},
   "geometry":
   {"type":"LineString",
    "coordinates":
    [[21.955836100000003, 42.5123783],
     [21.9563755, 42.512492300000005], [21.956892, 42.5125533],
     [21.9574809, 42.5126675], [21.9579838, 42.5127005],
     [21.9583729, 42.5129214],
     [21.959072000000003, 42.513187900000005],
     [21.959164700000002, 42.5132047]]}},
  {"type":"Feature",
   "properties":{},
   "geometry":
   {"type":"LineString",
    "coordinates":
    [[21.959164700000002, 42.5132047],
     [21.9592452, 42.513262100000006],
     [21.9596449, 42.513497400000006], [21.9600204, 42.513699],
     [21.960240300000002, 42.5138394], [21.9605058, 42.5139976],
     [21.960980600000003, 42.514260500000006],
     [21.9612649, 42.514478000000004],
     [21.961404400000003, 42.514604500000004],
     [21.9615385, 42.514675700000005], [21.9616565, 42.5147251],
     [21.9618684, 42.5148418],
     [21.962040100000003, 42.514980200000004],
     [21.9620891, 42.5150534], [21.962147400000003, 42.5151228],
     [21.9622144, 42.5151878], [21.9622737, 42.515236],
     [21.9623378, 42.515280700000005],
     [21.9624001, 42.515335500000006], [21.9624531, 42.5153953],
     [21.9625899, 42.5154942], [21.962944, 42.515689900000005],
     [21.9631773, 42.515792700000006], [21.9633839, 42.5158975],
     [21.9634831, 42.515980500000005],
     [21.963598400000002, 42.5160418], [21.963796900000002, 42.516117],
     [21.963976600000002, 42.516176300000005],
     [21.964227700000002, 42.516236500000005]]}},
  {"type":"Feature",
   "properties":{},
   "geometry":
   {"type":"LineString",
    "coordinates":
    [[21.965434100000003, 42.5170459],
     [21.9652861, 42.516890700000005],
     [21.965131600000003, 42.516803800000005],
     [21.9647535, 42.516603100000005], [21.9645462, 42.5164832],
     [21.9643388, 42.516348400000005],
     [21.964237200000003, 42.5162734],
     [21.964227700000002, 42.516236500000005]]}},
  {"type":"Feature",
   "properties":{},
   "geometry":
   {"type":"LineString",
    "coordinates":
    [[21.994237000000002, 42.531488100000004],
     [21.9942148, 42.5314658], [21.994182900000002, 42.5314477],
     [21.9940573, 42.5313936], [21.9939982, 42.5313558],
     [21.9935824, 42.5310116], [21.9933207, 42.530745800000005],
     [21.9931215, 42.530529800000004],
     [21.9929184, 42.530216200000005],
     [21.992856200000002, 42.5299789],
     [21.9927977, 42.529874400000004], [21.992674400000002, 42.52977],
     [21.9925152, 42.5296503],
     [21.992117500000003, 42.529179500000005],
     [21.991682100000002, 42.528598800000005],
     [21.991620400000002, 42.5285512],
     [21.991568100000002, 42.528528400000006],
     [21.9914849, 42.528521600000005], [21.9913062, 42.5284944],
     [21.991105100000002, 42.5284281], [21.9909113, 42.5283345],
     [21.9907277, 42.5282756], [21.9906004, 42.5281985],
     [21.9903629, 42.5279985], [21.9901041, 42.527857700000006],
     [21.9898761, 42.5276852], [21.9895433, 42.5271538],
     [21.989327600000003, 42.526713300000004],
     [21.9891921, 42.5264363],
     [21.988957900000003, 42.526150200000004],
     [21.9888593, 42.5260821],
     [21.988662100000003, 42.526027600000006],
     [21.988520400000002, 42.5260185], [21.988391, 42.5260503],
     [21.9881014, 42.5261275], [21.9879596, 42.526132100000005],
     [21.987676200000003, 42.5260685],
     [21.987220200000003, 42.5258142],
     [21.986801200000002, 42.5257233],
     [21.986326700000003, 42.5255281],
     [21.985704300000002, 42.5251511], [21.9851312, 42.5247242],
     [21.9844842, 42.524283700000005],
     [21.9838002, 42.523838700000006],
     [21.983368900000002, 42.5235707],
     [21.983233300000002, 42.523479900000005],
     [21.9831039, 42.5234163], [21.982968300000003, 42.5233891],
     [21.982765, 42.523384500000006], [21.982247400000002, 42.5233981],
     [21.982068700000003, 42.523393600000006], [21.9816435, 42.523271],
     [21.9811567, 42.5230757], [21.9808424, 42.522907700000005],
     [21.980725300000003, 42.5227896],
     [21.980559000000003, 42.5225534],
     [21.980448000000003, 42.5224989], [21.9803125, 42.5224853],
     [21.980059100000002, 42.5225499], [21.9796504, 42.5227562],
     [21.9794683, 42.5228168], [21.979243800000003, 42.5229769],
     [21.979043100000002, 42.5230212],
     [21.978836100000002, 42.5230243],
     [21.978544000000003, 42.5229803],
     [21.9783036, 42.522880400000005],
     [21.978112600000003, 42.522753300000005],
     [21.977853800000002, 42.5226533],
     [21.9776813, 42.522453500000005],
     [21.977397800000002, 42.5222083],
     [21.9772253, 42.522067500000006],
     [21.976926300000002, 42.521917300000005],
     [21.9760251, 42.5215377], [21.9755264, 42.5213036],
     [21.9749522, 42.5209684], [21.9741797, 42.520509700000005],
     [21.973557500000002, 42.5199878],
     [21.972936400000002, 42.519524100000005],
     [21.9724846, 42.5193078], [21.972246300000002, 42.5192199],
     [21.9715993, 42.5188247], [21.971057000000002, 42.5186203],
     [21.9708228, 42.5185613], [21.9702436, 42.518497700000005],
     [21.969917000000002, 42.5184341],
     [21.968965500000003, 42.5183272], [21.9683457, 42.5182434],
     [21.9680858, 42.5181533],
     [21.967462400000002, 42.517821100000006],
     [21.9665837, 42.517378300000004], [21.9658552, 42.5171275],
     [21.9656804, 42.517058500000005], [21.9655828, 42.5170406],
     [21.965434100000003, 42.5170459]]}},
  {"type":"Feature",
   "properties":{},
   "geometry":
   {"type":"LineString",
    "coordinates":
    [[21.994237000000002, 42.531488100000004],
     [21.994327900000002, 42.5314795],
     [21.994428900000003, 42.5314447],
     [21.994530100000002, 42.5313777]]}},
  {"type":"Feature",
   "properties":{},
   "geometry":
   {"type":"LineString",
    "coordinates":
    [[21.994530100000002, 42.5313777],
     [21.994814400000003, 42.531275300000004],
     [21.994873400000003, 42.531251600000004],
     [21.9949914, 42.5312476],
     [21.995152400000002, 42.531259500000004],
     [21.995266700000002, 42.5312793],
     [21.9954663, 42.531341600000005],
     [21.9958221, 42.531333700000005], [21.9960542, 42.5312793],
     [21.9961714, 42.531280900000006],
     [21.996492500000002, 42.5313688],
     [21.997281400000002, 42.5314483]]}},
  {"type":"Feature",
   "properties":{},
   "geometry":
   {"type":"LineString",
    "coordinates":
    [[21.997281400000002, 42.5314483],
     [21.997522800000002, 42.531515500000005],
     [21.9977588, 42.5315669], [21.9980431, 42.531578800000005],
     [21.9981879, 42.531570900000006],
     [21.9985313, 42.531523400000005], [21.9986922, 42.5315195],
     [21.9989068, 42.5315669], [21.9991106, 42.5316618],
     [21.999545100000002, 42.5318515],
     [21.999818700000002, 42.5319583],
     [22.000072900000003, 42.5320483]]}},
  {"type":"Feature",
   "properties":{},
   "geometry":
   {"type":"LineString",
    "coordinates":
    [[22.0069783, 42.5311547], [22.006885800000003, 42.5311794],
     [22.0067632, 42.5312156], [22.0064034, 42.531244300000004],
     [22.006143700000003, 42.531250400000005],
     [22.005496700000002, 42.5312397], [22.0049882, 42.5312513],
     [22.004799300000002, 42.5312556], [22.0045785, 42.5312776],
     [22.0044553, 42.531291200000005],
     [22.0042741, 42.531413300000004], [22.0042185, 42.5314709],
     [22.0039303, 42.5317695],
     [22.003587500000002, 42.532061600000006],
     [22.003303000000002, 42.5321676],
     [22.003008100000002, 42.532219700000006], [22.002773, 42.5322176],
     [22.0026005, 42.532249400000005],
     [22.002355400000003, 42.532294500000006],
     [22.0022801, 42.532308400000005],
     [22.002101600000003, 42.5323609],
     [22.0019253, 42.532378300000005],
     [22.001559800000003, 42.5322265],
     [22.001259400000002, 42.532072400000004],
     [22.0010824, 42.5319933], [22.0009161, 42.5319656],
     [22.0006427, 42.5319932], [22.0004911, 42.5320125],
     [22.0003718, 42.5320276], [22.000072900000003, 42.5320483]]}},
  {"type":"Feature",
   "properties":{},
   "geometry":
   {"type":"LineString",
    "coordinates":
    [[22.0185098, 42.530559800000006],
     [22.018243100000003, 42.5306543], [22.0173311, 42.5309152],
     [22.016698100000003, 42.5310101],
     [22.016075800000003, 42.5309864], [22.0158413, 42.53101],
     [22.015594500000002, 42.5310495], [22.0148864, 42.5311523],
     [22.014489400000002, 42.5311839],
     [22.0141339, 42.531120800000004], [22.0136828, 42.5309551],
     [22.012825000000003, 42.5307254],
     [22.0118696, 42.530559800000006], [22.0110655, 42.5305199],
     [22.0101745, 42.530433300000006],
     [22.009595100000002, 42.530235700000006],
     [22.009158900000003, 42.530087800000004],
     [22.0088142, 42.5300044], [22.0086307, 42.5300044],
     [22.0085146, 42.530030100000005],
     [22.008413100000002, 42.5300771],
     [22.008360800000002, 42.530188300000006],
     [22.0082999, 42.530592500000004],
     [22.0082388, 42.530737200000004],
     [22.008093600000002, 42.5308757], [22.0079658, 42.5309297],
     [22.007813600000002, 42.530968800000004],
     [22.007542500000003, 42.531000600000006],
     [22.007150000000003, 42.531108800000005],
     [22.0070818, 42.531127100000006], [22.0069783, 42.5311547]]}},
  {"type":"Feature",
   "properties":{},
   "geometry":
   {"type":"LineString",
    "coordinates":
    [[22.0185098, 42.530559800000006], [22.0185457, 42.530496],
     [22.0185457, 42.5304499], [22.0185016, 42.5296642],
     [22.0184979, 42.529596500000004], [22.018542, 42.529455600000006],
     [22.0185751, 42.5293824], [22.0185935, 42.5292496],
     [22.018564100000003, 42.529122300000004],
     [22.0183876, 42.528664400000004],
     [22.0183582, 42.528453000000006],
     [22.018325100000002, 42.5282986], [22.0182773, 42.5282119],
     [22.018167000000002, 42.528071000000004],
     [22.018089800000002, 42.527995100000005],
     [22.017931700000002, 42.5276835],
     [22.017905900000002, 42.5276185],
     [22.017707400000003, 42.5274803],
     [22.017619200000002, 42.5274288], [22.0175236, 42.5272906],
     [22.0173361, 42.5270603], [22.0173066, 42.5269926],
     [22.017303000000002, 42.526908600000006],
     [22.0169721, 42.526659300000006], [22.0169096, 42.5265834],
     [22.016887500000003, 42.526494], [22.0169426, 42.526445200000005],
     [22.0170272, 42.5264344], [22.0171154, 42.526445200000005],
     [22.017575, 42.5265672], [22.017630200000003, 42.526578],
     [22.017667000000003, 42.5265563],
     [22.017637500000003, 42.5265076], [22.0165161, 42.5257895],
     [22.0164389, 42.5257706], [22.0161705, 42.5258058],
     [22.016075100000002, 42.525804900000004],
     [22.0160382, 42.5256125], [22.016015900000003, 42.5255037],
     [22.0159658, 42.525390800000004],
     [22.015876600000002, 42.525271700000005],
     [22.0154949, 42.5248404], [22.0152302, 42.5245467],
     [22.015185600000002, 42.5244687],
     [22.015185600000002, 42.524413300000006],
     [22.0152079, 42.524357800000004],
     [22.015269200000002, 42.5243229], [22.0154865, 42.5243003],
     [22.0157178, 42.524314700000005], [22.0158571, 42.5243455],
     [22.0159045, 42.5243496], [22.0159351, 42.524331100000005],
     [22.0159351, 42.524304400000005],
     [22.0158293, 42.524255100000005], [22.014723, 42.5239266],
     [22.0146227, 42.5239245], [22.0145586, 42.5239471],
     [22.0145363, 42.5239964], [22.014544700000002, 42.5240457],
     [22.014798300000002, 42.524756200000006],
     [22.014870700000003, 42.5250478],
     [22.0148958, 42.525245000000005],
     [22.014968200000002, 42.525637200000006],
     [22.0149766, 42.5257316], [22.0149671, 42.5258124],
     [22.014894700000003, 42.5257118], [22.0148167, 42.5255681],
     [22.014744200000003, 42.525397600000005],
     [22.0147136, 42.525288800000006],
     [22.0146801, 42.525054700000005], [22.0146662, 42.5249438],
     [22.0143625, 42.5242784], [22.0142817, 42.524108000000005],
     [22.0141841, 42.523995], [22.014067100000002, 42.5238985],
     [22.013925, 42.523802], [22.013812700000003, 42.5236839],
     [22.013802400000003, 42.5236521], [22.0137885, 42.5235987],
     [22.013816300000002, 42.523526800000006],
     [22.0138721, 42.5234693], [22.013899900000002, 42.5234241],
     [22.0140588, 42.523216700000006],
     [22.014106100000003, 42.523188000000005],
     [22.0141591, 42.5231695], [22.0142287, 42.5231592],
     [22.0142789, 42.5231572], [22.0143318, 42.5231243],
     [22.0144294, 42.5230298],
     [22.014476700000003, 42.523009300000005],
     [22.0145547, 42.523009300000005], [22.014616, 42.5230011],
     [22.014655100000002, 42.5229744],
     [22.014674600000003, 42.5228922], [22.0146969, 42.5228204],
     [22.014760900000002, 42.522769000000004],
     [22.0148306, 42.522736200000004], [22.0149337, 42.5226581],
     [22.0151594, 42.5224795], [22.015198400000003, 42.5224178],
     [22.015146700000003, 42.522273600000005],
     [22.0149003, 42.5221036], [22.014858500000003, 42.5220646],
     [22.014858500000003, 42.5220112],
     [22.014891900000002, 42.521970200000005],
     [22.0150089, 42.5218757], [22.015112000000002, 42.5217484],
     [22.015229100000003, 42.521655900000006], [22.01536, 42.521582],
     [22.0156442, 42.5215533], [22.0158086, 42.521573800000006],
     [22.0159229, 42.521643600000004],
     [22.0160288, 42.521709300000005], [22.0161096, 42.5217217],
     [22.016190400000003, 42.521697], [22.016324100000002, 42.5215984],
     [22.016427200000003, 42.5215163], [22.0167532, 42.5212966],
     [22.0169344, 42.521241100000005],
     [22.017065300000002, 42.5212432],
     [22.017268700000002, 42.521284200000004], [22.0173802, 42.521315],
     [22.0174889, 42.521313], [22.017539000000003, 42.521290400000005],
     [22.017555700000003, 42.5212432],
     [22.0175334, 42.521187700000006],
     [22.017452600000002, 42.521122000000005],
     [22.017412800000002, 42.521101800000004],
     [22.0173825, 42.5210865], [22.0174367, 42.5210609],
     [22.0176142, 42.5208716], [22.0177683, 42.5207132],
     [22.017931700000002, 42.520579000000005],
     [22.017983100000002, 42.520479200000004],
     [22.0180593, 42.520357600000004],
     [22.018139400000003, 42.5202577],
     [22.018225700000002, 42.520212300000004],
     [22.0182873, 42.5201578], [22.0183551, 42.520076],
     [22.0184964, 42.520003900000006], [22.0186694, 42.5199307],
     [22.018738600000002, 42.519908900000004],
     [22.0192178, 42.519758100000004],
     [22.0193809, 42.519654900000006], [22.0197909, 42.5193947],
     [22.019944900000002, 42.519322100000004],
     [22.0200867, 42.5192585], [22.0201175, 42.5192312],
     [22.0200867, 42.519199400000005],
     [22.019994200000003, 42.5192131], [22.0198587, 42.5192131],
     [22.0196861, 42.5191767], [22.0195444, 42.5190768],
     [22.0195136, 42.5190496], [22.0194335, 42.5190132],
     [22.019279400000002, 42.5189633],
     [22.019119200000002, 42.5189224], [22.018996, 42.518849700000004],
     [22.0189035, 42.518763400000005],
     [22.0188296, 42.518754400000006],
     [22.0187433, 42.518722600000004], [22.0187187, 42.518659],
     [22.018768, 42.518636300000004], [22.018872700000003, 42.5186136],
     [22.019045300000002, 42.518618100000005],
     [22.0191623, 42.5186499], [22.0193562, 42.5186584],
     [22.0195171, 42.518648500000005], [22.0196486, 42.5186149],
     [22.0197746, 42.5185575], [22.020003900000003, 42.51843],
     [22.0201099, 42.518378600000005], [22.0202628, 42.5183332],
     [22.020394200000002, 42.5183015], [22.0205243, 42.5182719],
     [22.0205887, 42.518244200000005],
     [22.020635600000002, 42.5182037], [22.020696, 42.518146300000005],
     [22.020750900000003, 42.518083100000005],
     [22.020822000000003, 42.518006], [22.0209508, 42.5179111],
     [22.0210031, 42.5178547], [22.0210218, 42.5177895],
     [22.021027200000002, 42.517700500000004],
     [22.0210165, 42.5175977],
     [22.021027200000002, 42.517518700000004],
     [22.021079500000003, 42.517420800000004],
     [22.021173400000002, 42.517318],
     [22.021220500000002, 42.517246500000006],
     [22.0211712, 42.5171738],
     [22.021047900000003, 42.517101100000005],
     [22.020887700000003, 42.516996600000006],
     [22.020644800000003, 42.516746600000005]]}},
  {"type":"Feature",
   "properties":{},
   "geometry":
   {"type":"LineString",
    "coordinates":
    [[22.020644800000003, 42.516746600000005],
     [22.0202345, 42.5163244],
     [22.020148300000002, 42.516183600000005],
     [22.020129800000003, 42.5161019], [22.020154400000003, 42.516061],
     [22.020216100000003, 42.5160247],
     [22.020450200000003, 42.515911100000004],
     [22.020591900000003, 42.515824800000004],
     [22.0208446, 42.5156113], [22.0208939, 42.515556800000006],
     [22.020900100000002, 42.515516000000005],
     [22.0208939, 42.515438700000004],
     [22.0208508, 42.515207100000005], [22.0208692, 42.5151344],
     [22.0209185, 42.5150481],
     [22.020955500000003, 42.515002700000004],
     [22.020992500000002, 42.5149209]]}},
  {"type":"Feature",
   "properties":{},
   "geometry":
   {"type":"LineString",
    "coordinates":
    [[22.020992500000002, 42.5149209], [22.0209802, 42.5148801],
     [22.020937, 42.5148437], [22.020770600000002, 42.5147938],
     [22.0205303, 42.5147892], [22.019653, 42.514815500000005],
     [22.019561900000003, 42.5148256],
     [22.019464300000003, 42.5148364],
     [22.0193951, 42.514825900000005],
     [22.019362100000002, 42.5147886], [22.0193592, 42.5147429],
     [22.0193866, 42.5146846], [22.019391600000002, 42.514637],
     [22.0193578, 42.5145998], [22.0192754, 42.514590500000004],
     [22.0191665, 42.514610000000005],
     [22.019007900000002, 42.514655000000005], [22.0187865, 42.514712],
     [22.018342800000003, 42.5148801], [22.018238, 42.514916400000004],
     [22.0181271, 42.514934600000004],
     [22.018022400000003, 42.5149437],
     [22.017856000000002, 42.5149028], [22.0174862, 42.5146348],
     [22.0173753, 42.5145939], [22.0172336, 42.514571200000006],
     [22.017104200000002, 42.514603], [22.0168639, 42.5146893],
     [22.016765300000003, 42.5147075], [22.0167037, 42.5146711],
     [22.0166605, 42.5146212], [22.016537300000003, 42.5144213],
     [22.0164572, 42.5143804],
     [22.016303100000002, 42.514366800000005],
     [22.0157917, 42.5144168], [22.0153234, 42.514462200000004],
     [22.015224800000002, 42.514471300000004],
     [22.0151262, 42.514521200000004],
     [22.0150337, 42.514607500000004], [22.0146887, 42.5149482],
     [22.0145038, 42.5150799], [22.0143559, 42.515148],
     [22.0141217, 42.5152389], [22.013881400000002, 42.515307],
     [22.0137274, 42.5153343], [22.0135918, 42.5153161],
     [22.013503, 42.5152696]]}},
  {"type":"Feature",
   "properties":{},
   "geometry":
   {"type":"LineString",
    "coordinates":
    [[22.024832200000002, 42.5091236],
     [22.024662300000003, 42.5091654], [22.0243629, 42.5093266],
     [22.024051500000002, 42.5094894], [22.0237619, 42.5095295],
     [22.023585, 42.509581700000005],
     [22.023231000000003, 42.509670400000005],
     [22.023054100000003, 42.5097539],
     [22.022940600000002, 42.5098349],
     [22.0228417, 42.509941700000006],
     [22.0225435, 42.510231000000005], [22.022372, 42.510415800000004],
     [22.022202, 42.5105145], [22.0220819, 42.5106276],
     [22.021997000000002, 42.5107684],
     [22.021904900000003, 42.5108624], [22.0217563, 42.5109354],
     [22.0215956, 42.5109858], [22.0214307, 42.510998],
     [22.0212891, 42.5110502],
     [22.020843900000003, 42.511172800000004],
     [22.020662, 42.511199500000004], [22.0205068, 42.5112223],
     [22.0202378, 42.5113057], [22.0200123, 42.5114401],
     [22.019621100000002, 42.511722600000006],
     [22.019529300000002, 42.5118342], [22.0194161, 42.5120012],
     [22.0193382, 42.512053300000005], [22.0191471, 42.5121003],
     [22.0187224, 42.512149900000004],
     [22.018568300000002, 42.5121942],
     [22.018347000000002, 42.5122584], [22.0175896, 42.5126654],
     [22.0174126, 42.512738500000005],
     [22.017278100000002, 42.512775000000005],
     [22.016924200000002, 42.5129315],
     [22.0165207, 42.513150700000004],
     [22.0162164, 42.513260200000005],
     [22.0159969, 42.513286300000004],
     [22.015536800000003, 42.513322800000005],
     [22.0153882, 42.5133698], [22.0153608, 42.5134052],
     [22.0153316, 42.5134428], [22.015105000000002, 42.5135889],
     [22.014857300000003, 42.5137246],
     [22.014680300000002, 42.513844600000006],
     [22.0145529, 42.5139907], [22.014503400000002, 42.5141107],
     [22.0144892, 42.5142359], [22.014453800000002, 42.5145855],
     [22.014347700000002, 42.5148098],
     [22.014177800000002, 42.5149872], [22.014020600000002, 42.51509],
     [22.013841900000003, 42.5151899], [22.013589300000003, 42.515258],
     [22.013503, 42.5152696]]}},
  {"type":"Feature",
   "properties":{},
   "geometry":
   {"type":"LineString",
    "coordinates":
    [[22.0396913, 42.5009801], [22.0396062, 42.5010107],
     [22.0394329, 42.5010629], [22.0390713, 42.5011293],
     [22.038811600000002, 42.501178], [22.0386928, 42.5012217],
     [22.0383733, 42.501367200000004],
     [22.038171900000002, 42.5014824],
     [22.038095000000002, 42.501527100000004], [22.038025, 42.5015857],
     [22.037940900000002, 42.501647600000005],
     [22.037816900000003, 42.501688400000006],
     [22.037065100000003, 42.5020284],
     [22.036981100000002, 42.5020648], [22.0368971, 42.5020855],
     [22.0362408, 42.5021756], [22.0361334, 42.5021756],
     [22.036012000000003, 42.5021859],
     [22.035909200000003, 42.502210000000005],
     [22.0357364, 42.5022651], [22.0355823, 42.502375300000004],
     [22.035185700000003, 42.5025454], [22.0349255, 42.5026899],
     [22.0346112, 42.5029939], [22.034472700000002, 42.5030811],
     [22.0340266, 42.503342700000005],
     [22.033928600000003, 42.5034523],
     [22.0334323, 42.503952500000004], [22.033279, 42.504058900000004],
     [22.033143600000002, 42.5041346],
     [22.0330082, 42.504189700000005],
     [22.0327385, 42.504310000000004], [22.0325425, 42.5044278],
     [22.032431600000002, 42.504528900000004],
     [22.032273500000002, 42.5047178], [22.032181, 42.5049343],
     [22.0321445, 42.5050163], [22.032119, 42.505129600000004],
     [22.0321164, 42.505295800000006],
     [22.032125800000003, 42.5053697], [22.0320791, 42.5054798],
     [22.032060400000002, 42.5055762],
     [22.032046100000002, 42.5056249], [22.0320249, 42.5056759],
     [22.0319985, 42.5057393], [22.0319684, 42.5058044],
     [22.0318843, 42.505883600000004], [22.0317069, 42.5060109],
     [22.031460000000003, 42.506139700000006],
     [22.0313853, 42.5061741],
     [22.031272400000002, 42.506236400000006], [22.03121, 42.5062943],
     [22.0310878, 42.5064125], [22.031041400000003, 42.5064733],
     [22.0309433, 42.5065249], [22.030546400000002, 42.50679],
     [22.030396900000003, 42.506879500000004],
     [22.0303082, 42.506927700000006], [22.0301681, 42.5070173],
     [22.0300981, 42.507062000000005],
     [22.0299766, 42.507124000000005], [22.0297053, 42.5072738],
     [22.029476900000002, 42.507359300000005],
     [22.029247700000003, 42.5073379],
     [22.028794700000002, 42.507358800000006],
     [22.0286106, 42.507374500000005],
     [22.028398300000003, 42.5074423],
     [22.0281293, 42.507546700000006],
     [22.027895700000002, 42.507687600000004],
     [22.027527600000003, 42.507859800000006],
     [22.0274356, 42.5079171], [22.0273153, 42.5080267],
     [22.026859700000003, 42.5082764], [22.026025, 42.5086663],
     [22.025750300000002, 42.508846000000005],
     [22.0255598, 42.5089503], [22.025399800000002, 42.5090615],
     [22.025285200000003, 42.5090767],
     [22.025030400000002, 42.509097600000004],
     [22.024832200000002, 42.5091236]]}},
  {"type":"Feature",
   "properties":{},
   "geometry":
   {"type":"LineString",
    "coordinates":
    [[22.040652700000003, 42.4999041], [22.0405534, 42.500146],
     [22.0404701, 42.5003285], [22.0402868, 42.500535400000004],
     [22.0400764, 42.5007432], [22.0399274, 42.500862000000005],
     [22.0397731, 42.500950700000004], [22.0396913, 42.5009801]]}},
  {"type":"Feature",
   "properties":{},
   "geometry":
   {"type":"LineString",
    "coordinates":
    [[22.050527900000002, 42.4860307], [22.0507238, 42.4862156],
     [22.050839, 42.4863354], [22.0509978, 42.486390500000006],
     [22.0510725, 42.4864181], [22.0510737, 42.486472400000004],
     [22.0510626, 42.486543600000005], [22.0510215, 42.4865999],
     [22.050879000000002, 42.4867089], [22.0506941, 42.4868752],
     [22.0506211, 42.4869752], [22.05054, 42.4872291],
     [22.0505144, 42.4872977],
     [22.050476800000002, 42.487374100000004],
     [22.050380800000003, 42.487679400000005],
     [22.0503128, 42.488229700000005], [22.0503068, 42.4884849],
     [22.0504329, 42.4890854], [22.0504558, 42.489176400000005],
     [22.0504615, 42.489300500000006],
     [22.050454000000002, 42.489363100000006],
     [22.0504487, 42.4894199], [22.0503776, 42.4895112],
     [22.0497187, 42.4900018],
     [22.049320400000003, 42.490318800000004],
     [22.0487626, 42.490682500000005], [22.0486803, 42.4907423],
     [22.0485371, 42.490875], [22.0483307, 42.491086],
     [22.0481754, 42.491323900000005], [22.048065, 42.491524000000005],
     [22.0478464, 42.491829200000005], [22.04764, 42.4920923],
     [22.0472922, 42.492372800000005], [22.047215, 42.4924316],
     [22.047079500000002, 42.4925705], [22.0469508, 42.4927318],
     [22.046820200000003, 42.4929616],
     [22.046700100000002, 42.4931464],
     [22.0465506, 42.493348000000005],
     [22.046446600000003, 42.493486000000004], [22.046326, 42.4936197],
     [22.045939800000003, 42.4939672], [22.0457705, 42.4941286],
     [22.045668900000003, 42.4942672],
     [22.045575600000003, 42.4944311],
     [22.0454738, 42.494608500000005],
     [22.045444500000002, 42.4947919],
     [22.0453885, 42.495280900000004], [22.0453091, 42.4955529],
     [22.0452203, 42.4956837], [22.0450754, 42.495839600000004],
     [22.0447664, 42.4959974], [22.0445283, 42.4961076],
     [22.0444676, 42.4961421], [22.0443882, 42.4961883],
     [22.044346100000002, 42.4962468],
     [22.044260100000002, 42.496356500000005],
     [22.043683, 42.496909900000006], [22.043580600000002, 42.4969923],
     [22.0434495, 42.4970501], [22.0432372, 42.4971258],
     [22.0429745, 42.497241300000006],
     [22.042856500000003, 42.4973327], [22.04276, 42.497402900000004],
     [22.042669500000002, 42.497514200000005],
     [22.042581300000002, 42.4976355],
     [22.042552800000003, 42.497935600000005],
     [22.042524800000002, 42.4980434],
     [22.0424103, 42.498324800000006], [22.0423669, 42.4983974],
     [22.0423069, 42.4984569], [22.0420671, 42.4986009],
     [22.0418659, 42.498759400000004],
     [22.041755700000003, 42.4988577],
     [22.041531300000003, 42.499045800000005],
     [22.0411982, 42.4993861], [22.0407517, 42.499732900000005],
     [22.0406702, 42.499830200000005],
     [22.040652700000003, 42.4999041]]}},
  {"type":"Feature",
   "properties":{},
   "geometry":
   {"type":"LineString",
    "coordinates":
    [[22.050299300000002, 42.485454100000005],
     [22.050326000000002, 42.4856022],
     [22.050527900000002, 42.4860307]]}},
  {"type":"Feature",
   "properties":{},
   "geometry":
   {"type":"LineString",
    "coordinates":
    [[22.0505578, 42.4848222], [22.0505204, 42.484914800000006],
     [22.050404500000003, 42.4850191],
     [22.0502885, 42.485123300000005],
     [22.050229700000003, 42.485230800000004],
     [22.0502271, 42.485343900000004],
     [22.050299300000002, 42.485454100000005]]}},
  {"type":"Feature",
   "properties":{},
   "geometry":
   {"type":"LineString",
    "coordinates":
    [[22.0504873, 42.484528700000006], [22.0505284, 42.4847247],
     [22.0505578, 42.4848222]]}},
  {"type":"Feature",
   "properties":{},
   "geometry":
   {"type":"LineString",
    "coordinates":
    [[22.0503532, 42.484268900000004],
     [22.0504873, 42.484528700000006]]}},
  {"type":"Feature",
   "properties":{},
   "geometry":
   {"type":"LineString",
    "coordinates":
    [[22.0505087, 42.4839069], [22.0503956, 42.484017400000006],
     [22.0503423, 42.4840968], [22.050325700000002, 42.4841659],
     [22.0503532, 42.484268900000004]]}},
  {"type":"Feature",
   "properties":{},
   "geometry":
   {"type":"LineString",
    "coordinates":
    [[22.050536400000002, 42.4834753], [22.0505526, 42.4836407],
     [22.0505406, 42.4838175], [22.0505087, 42.4839069]]}},
  {"type":"Feature",
   "properties":{},
   "geometry":
   {"type":"LineString",
    "coordinates":
    [[22.050186, 42.4823754], [22.050136300000002, 42.4824336],
     [22.050119900000002, 42.482561000000004],
     [22.0501435, 42.4827584], [22.0503606, 42.483165400000004],
     [22.0504593, 42.4833255], [22.050536400000002, 42.4834753]]}},
  {"type":"Feature",
   "properties":{},
   "geometry":
   {"type":"LineString",
    "coordinates":
    [[22.0503129, 42.482251600000005],
     [22.0502661, 42.482282600000005], [22.050186, 42.4823754]]}},
  {"type":"Feature",
   "properties":{},
   "geometry":
   {"type":"LineString",
    "coordinates":
    [[22.050885, 42.4820481], [22.0504429, 42.4821873],
     [22.0503129, 42.482251600000005]]}},
  {"type":"Feature",
   "properties":{},
   "geometry":
   {"type":"LineString",
    "coordinates":
    [[22.0517858, 42.4815247], [22.0517079, 42.4816567],
     [22.051630600000003, 42.4817528], [22.0515066, 42.4818014],
     [22.050885, 42.4820481]]}},
  {"type":"Feature",
   "properties":{},
   "geometry":
   {"type":"LineString",
    "coordinates":
    [[22.0520321, 42.481101800000005], [22.0517858, 42.4815247]]}},
  {"type":"Feature",
   "properties":{},
   "geometry":
   {"type":"LineString",
    "coordinates":
    [[22.0463349, 42.476572700000006],
     [22.046362900000002, 42.4766744], [22.0463591, 42.4768703],
     [22.046455, 42.4771538], [22.0469554, 42.4777137],
     [22.0472158, 42.477938200000004],
     [22.047425200000003, 42.4780621], [22.0476883, 42.4781703],
     [22.048185800000002, 42.4783849], [22.048494, 42.4785612],
     [22.0489006, 42.478858300000006],
     [22.049111800000002, 42.479025500000006],
     [22.0492332, 42.4791357], [22.0494422, 42.4791898],
     [22.0496197, 42.479238], [22.0497131, 42.4793138],
     [22.049742600000002, 42.4794909], [22.0498079, 42.4802216],
     [22.0498587, 42.480428700000004], [22.0498307, 42.4805969],
     [22.049849400000003, 42.480734600000005],
     [22.049954800000002, 42.4809463],
     [22.050091600000002, 42.4810268],
     [22.0502527, 42.481092100000005], [22.050473, 42.481127400000005],
     [22.0508919, 42.4811392], [22.0514617, 42.4811047],
     [22.051750600000002, 42.4810024], [22.0519561, 42.4809817],
     [22.052032200000003, 42.480993000000005],
     [22.0520655, 42.481039900000006],
     [22.0520321, 42.481101800000005]]}},
  {"type":"Feature",
   "properties":{},
   "geometry":
   {"type":"LineString",
    "coordinates":
    [[22.0440979, 42.4750463], [22.044173200000003, 42.4751734],
     [22.0442359, 42.475264800000005], [22.0442831, 42.4753046],
     [22.0443517, 42.4753513], [22.044404500000002, 42.4753838],
     [22.0444752, 42.475406400000004], [22.0446239, 42.4754159],
     [22.0447111, 42.475429500000004],
     [22.044777200000002, 42.4754475], [22.0448986, 42.4755033],
     [22.044994600000003, 42.4755715],
     [22.045077000000003, 42.4756256],
     [22.045233600000003, 42.475737900000006],
     [22.0454502, 42.4759478], [22.045630300000003, 42.4761177],
     [22.0457758, 42.4762575], [22.0459974, 42.4763889],
     [22.046239800000002, 42.4764952],
     [22.0463349, 42.476572700000006]]}},
  {"type":"Feature",
   "properties":{},
   "geometry":
   {"type":"LineString",
    "coordinates":
    [[22.0447603, 42.474850200000006], [22.0444563, 42.474924],
     [22.044248600000003, 42.474985700000005],
     [22.0440979, 42.4750463]]}}]}
