{"type":"FeatureCollection",
 "properties":{},
 "features":
 [{"type":"Feature",
   "properties":{},
   "geometry":
   {"type":"LineString",
    "coordinates":
    [[19.930389400000003, 45.1929985], [19.930308, 45.192854700000005],
     [19.9298916, 45.192512300000004], [19.9298459, 45.192433],
     [19.9298243, 45.192320900000006], [19.9298524, 45.1922408],
     [19.9299919, 45.1920088], [19.9300715, 45.191885500000005],
     [19.9302719, 45.191625300000005], [19.930465, 45.1910356],
     [19.9305415, 45.1907196], [19.9305755, 45.1906522],
     [19.9306074, 45.190364300000006]]}},
  {"type":"Feature",
   "properties":{},
   "geometry":
   {"type":"LineString",
    "coordinates":
    [[19.9306074, 45.190364300000006],
     [19.9308152, 45.190134500000006]]}},
  {"type":"Feature",
   "properties":{},
   "geometry":
   {"type":"LineString",
    "coordinates":
    [[19.9263252, 45.1910249], [19.9263514, 45.1910201],
     [19.9271648, 45.191076800000005],
     [19.927242500000002, 45.1910967], [19.9274263, 45.1913075],
     [19.9274893, 45.1913301], [19.927665, 45.1913245],
     [19.9277401, 45.191298], [19.927780300000002, 45.1912536],
     [19.9278407, 45.1912413],
     [19.928171900000002, 45.191248900000005],
     [19.928240300000002, 45.191242200000005],
     [19.928265800000002, 45.1911969],
     [19.9283195, 45.191042800000005], [19.9284187, 45.1908821],
     [19.9286239, 45.190478600000006],
     [19.928677500000003, 45.1904039], [19.928948400000003, 45.190403],
     [19.9291094, 45.1903396], [19.9292944, 45.190302800000005],
     [19.9297249, 45.190292400000004],
     [19.929961000000002, 45.190245100000006],
     [19.930017300000003, 45.1901856], [19.9300602, 45.1900192],
     [19.930088400000002, 45.1899134],
     [19.9301581, 45.189863300000006],
     [19.930277500000003, 45.1898491],
     [19.930434400000003, 45.189888800000006],
     [19.9306261, 45.1900022], [19.9308152, 45.190134500000006]]}},
  {"type":"Feature",
   "properties":{},
   "geometry":
   {"type":"LineString",
    "coordinates":
    [[19.9251501, 45.1909155], [19.9256444, 45.1909901],
     [19.9258317, 45.1910317], [19.9260182, 45.191057400000005],
     [19.926186400000002, 45.191054400000006],
     [19.926290400000003, 45.1910334], [19.9263252, 45.1910249]]}},
  {"type":"Feature",
   "properties":{},
   "geometry":
   {"type":"LineString",
    "coordinates":
    [[19.9236013, 45.190688200000004], [19.923783500000003, 45.1907],
     [19.9251501, 45.1909155]]}},
  {"type":"Feature",
   "properties":{},
   "geometry":
   {"type":"LineString",
    "coordinates":
    [[19.9094492, 45.2037356], [19.909401600000002, 45.2035325],
     [19.909302200000003, 45.2033373], [19.9092318, 45.2030844],
     [19.909125500000002, 45.202696200000005],
     [19.9089856, 45.2024805], [19.9089479, 45.2023139],
     [19.908962600000002, 45.2022246], [19.9090223, 45.2021249],
     [19.9091598, 45.2020521], [19.9092992, 45.2020129],
     [19.909367800000002, 45.2019807]]}},
  {"type":"Feature",
   "properties":{},
   "geometry":
   {"type":"LineString",
    "coordinates":
    [[19.9109319, 45.202573900000004], [19.9108382, 45.2025364],
     [19.910692, 45.2024977], [19.9105257, 45.202486300000004],
     [19.9103272, 45.2024325], [19.9099586, 45.202327800000006],
     [19.9097519, 45.202219400000004],
     [19.9095058, 45.202062000000005],
     [19.909367800000002, 45.2019807]]}},
  {"type":"Feature",
   "properties":{},
   "geometry":
   {"type":"LineString",
    "coordinates":
    [[19.8601558, 45.254797800000006],
     [19.8600938, 45.254819000000005],
     [19.8600248, 45.254825700000005],
     [19.859742500000003, 45.254818400000005],
     [19.8596372, 45.254810400000004],
     [19.859579800000002, 45.2548018]]}},
  {"type":"Feature",
   "properties":{},
   "geometry":
   {"type":"LineString",
    "coordinates":
    [[19.8601558, 45.254797800000006],
     [19.8601916, 45.254827000000006], [19.8603156, 45.2548419],
     [19.8603707, 45.2548502]]}},
  {"type":"Feature",
   "properties":{},
   "geometry":
   {"type":"LineString",
    "coordinates":
    [[19.8605983, 45.2548831], [19.860528600000002, 45.2548845],
     [19.860420100000002, 45.2548747], [19.8603707, 45.2548502]]}},
  {"type":"Feature",
   "properties":{},
   "geometry":
   {"type":"LineString",
    "coordinates":
    [[19.8606768, 45.254882], [19.8605983, 45.2548831]]}},
  {"type":"Feature",
   "properties":{},
   "geometry":
   {"type":"LineString",
    "coordinates":
    [[19.861625500000002, 45.2548053], [19.861006, 45.254866500000006],
     [19.8607127, 45.254881100000006], [19.8606768, 45.254882]]}},
  {"type":"Feature",
   "properties":{},
   "geometry":
   {"type":"LineString",
    "coordinates":
    [[19.861650100000002, 45.2548029],
     [19.861625500000002, 45.2548053]]}},
  {"type":"Feature",
   "properties":{},
   "geometry":
   {"type":"LineString",
    "coordinates":
    [[19.861650100000002, 45.2548029], [19.8615333, 45.2542702]]}},
  {"type":"Feature",
   "properties":{},
   "geometry":
   {"type":"LineString",
    "coordinates":
    [[19.8615333, 45.2542702], [19.8615283, 45.254250600000006]]}},
  {"type":"Feature",
   "properties":{},
   "geometry":
   {"type":"LineString",
    "coordinates":
    [[19.862252, 45.254104000000005],
     [19.8615283, 45.254250600000006]]}},
  {"type":"Feature",
   "properties":{},
   "geometry":
   {"type":"LineString",
    "coordinates":
    [[19.862252, 45.254104000000005],
     [19.862201900000002, 45.253973800000004]]}},
  {"type":"Feature",
   "properties":{},
   "geometry":
   {"type":"LineString",
    "coordinates":
    [[19.862201900000002, 45.253973800000004],
     [19.862174900000003, 45.2539037], [19.8621298, 45.2538405],
     [19.8620509, 45.2537845], [19.8619406, 45.2537491]]}},
  {"type":"Feature",
   "properties":{},
   "geometry":
   {"type":"LineString",
    "coordinates":
    [[19.8619406, 45.2537491], [19.8618479, 45.253746400000004],
     [19.861771, 45.2537449]]}},
  {"type":"Feature",
   "properties":{},
   "geometry":
   {"type":"LineString",
    "coordinates":
    [[19.861771, 45.2537449], [19.861712800000003, 45.2537389],
     [19.8616438, 45.253728], [19.8615613, 45.253704400000004],
     [19.8614855, 45.2536714], [19.86144, 45.2536399]]}},
  {"type":"Feature",
   "properties":{},
   "geometry":
   {"type":"LineString",
    "coordinates":
    [[19.86144, 45.2536399], [19.8614196, 45.2536239]]}},
  {"type":"Feature",
   "properties":{},
   "geometry":
   {"type":"LineString",
    "coordinates":
    [[19.8614196, 45.2536239], [19.861401400000002, 45.2536101]]}},
  {"type":"Feature",
   "properties":{},
   "geometry":
   {"type":"LineString",
    "coordinates":
    [[19.861401400000002, 45.2536101], [19.8613782, 45.2535925],
     [19.8613098, 45.253568]]}},
  {"type":"Feature",
   "properties":{},
   "geometry":
   {"type":"LineString",
    "coordinates":
    [[19.8613098, 45.253568], [19.8612307, 45.2535548],
     [19.861196500000002, 45.253543900000004]]}},
  {"type":"Feature",
   "properties":{},
   "geometry":
   {"type":"LineString",
    "coordinates":
    [[19.861196500000002, 45.253543900000004],
     [19.8611928, 45.2535387], [19.8611897, 45.2535341]]}},
  {"type":"Feature",
   "properties":{},
   "geometry":
   {"type":"LineString",
    "coordinates":
    [[19.8611897, 45.2535341], [19.861199600000003, 45.2534938],
     [19.8612132, 45.253462400000004],
     [19.861232100000002, 45.253398100000005],
     [19.8612591, 45.253328200000006],
     [19.8613012, 45.253225400000005],
     [19.861317800000002, 45.2531698]]}},
  {"type":"Feature",
   "properties":{},
   "geometry":
   {"type":"LineString",
    "coordinates":
    [[19.8612326, 45.253153700000006],
     [19.861317800000002, 45.2531534],
     [19.861317800000002, 45.2531698]]}},
  {"type":"Feature",
   "properties":{},
   "geometry":
   {"type":"LineString",
    "coordinates":
    [[19.861077400000003, 45.2531541], [19.8611527, 45.2531539],
     [19.8612326, 45.253153700000006]]}},
  {"type":"Feature",
   "properties":{},
   "geometry":
   {"type":"LineString",
    "coordinates":
    [[19.861077400000003, 45.2531541],
     [19.861132700000002, 45.2532146]]}},
  {"type":"Feature",
   "properties":{},
   "geometry":
   {"type":"LineString",
    "coordinates":
    [[19.861132700000002, 45.2532146],
     [19.8611341, 45.253248400000004],
     [19.861168300000003, 45.2532739], [19.861332, 45.2533291],
     [19.861396000000003, 45.2533436]]}},
  {"type":"Feature",
   "properties":{},
   "geometry":
   {"type":"LineString",
    "coordinates":
    [[19.8623054, 45.252804600000005], [19.8622319, 45.252831],
     [19.8621792, 45.252906200000005], [19.8621413, 45.2529449],
     [19.8618042, 45.253180500000006], [19.8617801, 45.2531982],
     [19.861755900000002, 45.253229700000006],
     [19.8617417, 45.2532708], [19.861702100000002, 45.2533195],
     [19.8616789, 45.2533345], [19.8616341, 45.253340900000005],
     [19.861396000000003, 45.2533436]]}},
  {"type":"Feature",
   "properties":{},
   "geometry":
   {"type":"LineString",
    "coordinates":
    [[19.8623105, 45.252768], [19.8623054, 45.252804600000005]]}},
  {"type":"Feature",
   "properties":{},
   "geometry":
   {"type":"LineString",
    "coordinates":
    [[19.8623105, 45.252768], [19.8623076, 45.2526239],
     [19.862296200000003, 45.2526017], [19.8622732, 45.2525829]]}},
  {"type":"Feature",
   "properties":{},
   "geometry":
   {"type":"LineString",
    "coordinates":
    [[19.8622732, 45.2525829], [19.862290400000003, 45.2525379],
     [19.8625951, 45.252126000000004]]}},
  {"type":"Feature",
   "properties":{},
   "geometry":
   {"type":"LineString",
    "coordinates":
    [[19.8625951, 45.252126000000004], [19.8628629, 45.252236]]}},
  {"type":"Feature",
   "properties":{},
   "geometry":
   {"type":"LineString",
    "coordinates":
    [[19.8628629, 45.252236], [19.8630032, 45.2522936]]}},
  {"type":"Feature",
   "properties":{},
   "geometry":
   {"type":"LineString",
    "coordinates":
    [[19.8630032, 45.2522936], [19.863102100000003, 45.2523342]]}},
  {"type":"Feature",
   "properties":{},
   "geometry":
   {"type":"LineString",
    "coordinates":
    [[19.863102100000003, 45.2523342],
     [19.8631686, 45.252362600000005], [19.8632323, 45.2523898]]}},
  {"type":"Feature",
   "properties":{},
   "geometry":
   {"type":"LineString",
    "coordinates":
    [[19.8632323, 45.2523898], [19.8633054, 45.2524123]]}},
  {"type":"Feature",
   "properties":{},
   "geometry":
   {"type":"LineString",
    "coordinates":
    [[19.8633054, 45.2524123], [19.863311900000003, 45.2524153],
     [19.8633636, 45.252418600000006], [19.863417400000003, 45.252408],
     [19.863492, 45.252391800000005]]}},
  {"type":"Feature",
   "properties":{},
   "geometry":
   {"type":"LineString",
    "coordinates":
    [[19.863492, 45.252391800000005],
     [19.8636342, 45.252360700000004]]}},
  {"type":"Feature",
   "properties":{},
   "geometry":
   {"type":"LineString",
    "coordinates":
    [[19.8636342, 45.252360700000004], [19.863725000000002, 45.25235],
     [19.8637847, 45.252353400000004],
     [19.863838700000002, 45.252362500000004],
     [19.863874300000003, 45.2523677]]}},
  {"type":"Feature",
   "properties":{},
   "geometry":
   {"type":"LineString",
    "coordinates":
    [[19.864519100000003, 45.2515835], [19.8645408, 45.2517093],
     [19.864558000000002, 45.2518283], [19.8645552, 45.2518643],
     [19.864539200000003, 45.2519007], [19.8645134, 45.2519306],
     [19.8639364, 45.252389300000004],
     [19.863874300000003, 45.2523677]]}},
  {"type":"Feature",
   "properties":{},
   "geometry":
   {"type":"LineString",
    "coordinates":
    [[19.8644444, 45.2512197], [19.864447900000002, 45.2512349],
     [19.864519100000003, 45.2515835]]}},
  {"type":"Feature",
   "properties":{},
   "geometry":
   {"type":"LineString",
    "coordinates":
    [[19.8644061, 45.251134], [19.864435800000003, 45.2511888],
     [19.8644444, 45.2512197]]}},
  {"type":"Feature",
   "properties":{},
   "geometry":
   {"type":"LineString",
    "coordinates":
    [[19.8653263, 45.250652800000005],
     [19.8653091, 45.250641800000004], [19.8652653, 45.2506138],
     [19.8652082, 45.250601100000004],
     [19.865157800000002, 45.250607800000004],
     [19.8651132, 45.2506311], [19.8650705, 45.250661],
     [19.8650148, 45.250697200000005],
     [19.864593000000003, 45.2509862],
     [19.864472300000003, 45.251087600000005],
     [19.8644061, 45.251134]]}},
  {"type":"Feature",
   "properties":{},
   "geometry":
   {"type":"LineString",
    "coordinates":
    [[19.8654337, 45.2507941], [19.8654277, 45.2507863],
     [19.8653263, 45.250652800000005]]}},
  {"type":"Feature",
   "properties":{},
   "geometry":
   {"type":"LineString",
    "coordinates":
    [[19.8659366, 45.2527891], [19.8658334, 45.2526947],
     [19.865773, 45.252625800000004], [19.8657194, 45.252572],
     [19.8656724, 45.252504], [19.8656443, 45.25242],
     [19.865651, 45.252318], [19.8657033, 45.251981900000004],
     [19.865728400000002, 45.2517596],
     [19.865738200000003, 45.2515419],
     [19.8657355, 45.251449400000006],
     [19.8657234, 45.251369100000005], [19.8656885, 45.2512568],
     [19.865617500000003, 45.251084000000006],
     [19.865510200000003, 45.250896100000006],
     [19.8654337, 45.2507941]]}},
  {"type":"Feature",
   "properties":{},
   "geometry":
   {"type":"LineString",
    "coordinates":
    [[19.8659366, 45.2527891], [19.865975300000002, 45.2527307],
     [19.866028800000002, 45.252598000000006],
     [19.8660339, 45.252522500000005]]}},
  {"type":"Feature",
   "properties":{},
   "geometry":
   {"type":"LineString",
    "coordinates":
    [[19.8660339, 45.252522500000005], [19.8662604, 45.2525374],
     [19.866410700000003, 45.2525671], [19.8664723, 45.252586],
     [19.866543200000002, 45.252608800000004],
     [19.8667668, 45.252698200000005]]}},
  {"type":"Feature",
   "properties":{},
   "geometry":
   {"type":"LineString",
    "coordinates":
    [[19.8667668, 45.252698200000005], [19.8668178, 45.2527163]]}},
  {"type":"Feature",
   "properties":{},
   "geometry":
   {"type":"LineString",
    "coordinates":
    [[19.8668178, 45.2527163], [19.8669739, 45.2527757]]}},
  {"type":"Feature",
   "properties":{},
   "geometry":
   {"type":"LineString",
    "coordinates":
    [[19.8669739, 45.2527757], [19.867204, 45.252696],
     [19.8672293, 45.2526841], [19.8673314, 45.252597300000005],
     [19.8673773, 45.2525843]]}},
  {"type":"Feature",
   "properties":{},
   "geometry":
   {"type":"LineString",
    "coordinates":
    [[19.8673773, 45.2525843], [19.8675129, 45.252558400000005],
     [19.8679868, 45.2524664], [19.8682532, 45.2524402],
     [19.868728, 45.2524151], [19.8693546, 45.252393100000006],
     [19.8701776, 45.252346700000004],
     [19.8703904, 45.252330300000004], [19.870766, 45.2523076],
     [19.870872000000002, 45.2523034], [19.871067, 45.2522911],
     [19.871399, 45.252268400000005],
     [19.871599500000002, 45.252251400000006],
     [19.8717517, 45.2522146], [19.871857600000002, 45.2521825],
     [19.8720338, 45.252095600000004], [19.8722673, 45.2519329],
     [19.8723759, 45.2518587]]}},
  {"type":"Feature",
   "properties":{},
   "geometry":
   {"type":"LineString",
    "coordinates":
    [[19.8723759, 45.2518587], [19.8727966, 45.2515811],
     [19.8733696, 45.251147800000005], [19.8738137, 45.250812],
     [19.874273000000002, 45.250453300000004],
     [19.874328000000002, 45.250417000000006],
     [19.8743759, 45.250385400000006]]}},
  {"type":"Feature",
   "properties":{},
   "geometry":
   {"type":"LineString",
    "coordinates":
    [[19.8743759, 45.250385400000006],
     [19.874405300000003, 45.250365900000006],
     [19.8744476, 45.2503335], [19.8749462, 45.2499515],
     [19.8752345, 45.2497362],
     [19.876198000000002, 45.249025200000005],
     [19.876328100000002, 45.2489415],
     [19.876682900000002, 45.248713200000005],
     [19.8767467, 45.248761900000005]]}},
  {"type":"Feature",
   "properties":{},
   "geometry":
   {"type":"LineString",
    "coordinates":
    [[19.8767467, 45.248761900000005],
     [19.876778100000003, 45.2487435]]}},
  {"type":"Feature",
   "properties":{},
   "geometry":
   {"type":"LineString",
    "coordinates":
    [[19.876778100000003, 45.2487435],
     [19.877031300000002, 45.2485683]]}},
  {"type":"Feature",
   "properties":{},
   "geometry":
   {"type":"LineString",
    "coordinates":
    [[19.877031300000002, 45.2485683], [19.8774534, 45.2483062],
     [19.8776593, 45.2481633], [19.8778229, 45.248048100000005],
     [19.878034600000003, 45.247944800000006]]}},
  {"type":"Feature",
   "properties":{},
   "geometry":
   {"type":"LineString",
    "coordinates":
    [[19.878034600000003, 45.247944800000006],
     [19.878049100000002, 45.2479304], [19.8783436, 45.2476391]]}},
  {"type":"Feature",
   "properties":{},
   "geometry":
   {"type":"LineString",
    "coordinates":
    [[19.8783436, 45.2476391],
     [19.878408800000003, 45.247577500000006],
     [19.878493000000002, 45.2474981], [19.8785218, 45.2474709],
     [19.878547, 45.2474483], [19.8785801, 45.247418700000004]]}},
  {"type":"Feature",
   "properties":{},
   "geometry":
   {"type":"LineString",
    "coordinates":
    [[19.8785801, 45.247418700000004], [19.8787273, 45.2472748],
     [19.8791078, 45.246903]]}},
  {"type":"Feature",
   "properties":{},
   "geometry":
   {"type":"LineString",
    "coordinates":
    [[19.8791078, 45.246903], [19.8793192, 45.246695900000006],
     [19.879466100000002, 45.2465349],
     [19.879589300000003, 45.246392400000005]]}},
  {"type":"Feature",
   "properties":{},
   "geometry":
   {"type":"LineString",
    "coordinates":
    [[19.879589300000003, 45.246392400000005],
     [19.879698400000002, 45.2462505],
     [19.880051100000003, 45.245745400000004],
     [19.880108, 45.245663900000004], [19.8801293, 45.2456334],
     [19.8801361, 45.2456236]]}},
  {"type":"Feature",
   "properties":{},
   "geometry":
   {"type":"LineString",
    "coordinates":
    [[19.8801361, 45.2456236], [19.8801655, 45.2455799],
     [19.880343200000002, 45.2453152],
     [19.880418300000002, 45.2452034]]}},
  {"type":"Feature",
   "properties":{},
   "geometry":
   {"type":"LineString",
    "coordinates":
    [[19.880418300000002, 45.2452034],
     [19.880775200000002, 45.244671800000006]]}},
  {"type":"Feature",
   "properties":{},
   "geometry":
   {"type":"LineString",
    "coordinates":
    [[19.880775200000002, 45.244671800000006],
     [19.881153100000002, 45.2441091],
     [19.881177100000002, 45.244073300000004],
     [19.881252, 45.2439617]]}},
  {"type":"Feature",
   "properties":{},
   "geometry":
   {"type":"LineString",
    "coordinates":
    [[19.881252, 45.2439617], [19.8813608, 45.243802],
     [19.8814105, 45.2437291]]}},
  {"type":"Feature",
   "properties":{},
   "geometry":
   {"type":"LineString",
    "coordinates":
    [[19.8814105, 45.2437291], [19.8815206, 45.243488600000006],
     [19.881638300000002, 45.243298900000006]]}},
  {"type":"Feature",
   "properties":{},
   "geometry":
   {"type":"LineString",
    "coordinates":
    [[19.881638300000002, 45.243298900000006],
     [19.881824, 45.2430205]]}},
  {"type":"Feature",
   "properties":{},
   "geometry":
   {"type":"LineString",
    "coordinates":
    [[19.881824, 45.2430205], [19.881826, 45.2429634],
     [19.8818583, 45.2428813], [19.881926, 45.242708900000004],
     [19.881985, 45.242564900000005], [19.8820272, 45.2424638]]}},
  {"type":"Feature",
   "properties":{},
   "geometry":
   {"type":"LineString",
    "coordinates":
    [[19.8820272, 45.2424638], [19.8820392, 45.2424393],
     [19.8821318, 45.242269300000004],
     [19.882183400000002, 45.2421857], [19.8822626, 45.2421183]]}},
  {"type":"Feature",
   "properties":{},
   "geometry":
   {"type":"LineString",
    "coordinates":
    [[19.8822797, 45.2420922], [19.8822626, 45.2421183]]}},
  {"type":"Feature",
   "properties":{},
   "geometry":
   {"type":"LineString",
    "coordinates":
    [[19.8826596, 45.241599900000004], [19.8826079, 45.241664],
     [19.8823759, 45.2419596], [19.8822797, 45.2420922]]}},
  {"type":"Feature",
   "properties":{},
   "geometry":
   {"type":"LineString",
    "coordinates":
    [[19.8829815, 45.241127500000005], [19.882960100000002, 45.241173],
     [19.882936, 45.2412192], [19.8829098, 45.241264400000006],
     [19.882873500000002, 45.241321000000006],
     [19.8828618, 45.2413363], [19.8826596, 45.241599900000004]]}},
  {"type":"Feature",
   "properties":{},
   "geometry":
   {"type":"LineString",
    "coordinates":
    [[19.883163800000002, 45.2406701],
     [19.883042200000002, 45.2409917],
     [19.883028300000003, 45.241028500000006],
     [19.8829815, 45.241127500000005]]}},
  {"type":"Feature",
   "properties":{},
   "geometry":
   {"type":"LineString",
    "coordinates":
    [[19.883532000000002, 45.2396684], [19.8835275, 45.2396801],
     [19.8835236, 45.2396898], [19.8834977, 45.2397556],
     [19.8833616, 45.240118700000004], [19.8832476, 45.2404303],
     [19.883163800000002, 45.2406701]]}},
  {"type":"Feature",
   "properties":{},
   "geometry":
   {"type":"LineString",
    "coordinates":
    [[19.883532000000002, 45.2396684],
     [19.8836534, 45.239693100000004]]}},
  {"type":"Feature",
   "properties":{},
   "geometry":
   {"type":"LineString",
    "coordinates":
    [[19.8836534, 45.239693100000004], [19.8837522, 45.2394515]]}},
  {"type":"Feature",
   "properties":{},
   "geometry":
   {"type":"LineString",
    "coordinates":
    [[19.8837522, 45.2394515], [19.8843114, 45.239583100000004]]}},
  {"type":"Feature",
   "properties":{},
   "geometry":
   {"type":"LineString",
    "coordinates":
    [[19.8843114, 45.239583100000004],
     [19.8845415, 45.239634800000005]]}},
  {"type":"Feature",
   "properties":{},
   "geometry":
   {"type":"LineString",
    "coordinates":
    [[19.8845415, 45.239634800000005],
     [19.884938400000003, 45.2397207],
     [19.884968800000003, 45.239664000000005]]}},
  {"type":"Feature",
   "properties":{},
   "geometry":
   {"type":"LineString",
    "coordinates":
    [[19.885234200000003, 45.2397348],
     [19.8851523, 45.239712100000006],
     [19.885129000000003, 45.239706500000004],
     [19.8850848, 45.2396952], [19.8850504, 45.239686400000004],
     [19.884968800000003, 45.239664000000005]]}},
  {"type":"Feature",
   "properties":{},
   "geometry":
   {"type":"LineString",
    "coordinates":
    [[19.885234200000003, 45.2397348],
     [19.885245400000002, 45.239722900000004],
     [19.885289200000003, 45.239667600000004],
     [19.8853304, 45.239614800000005],
     [19.885391600000002, 45.2395365], [19.8854295, 45.239488],
     [19.8854592, 45.239450000000005],
     [19.885524800000002, 45.239366700000005]]}},
  {"type":"Feature",
   "properties":{},
   "geometry":
   {"type":"LineString",
    "coordinates":
    [[19.885524800000002, 45.239366700000005],
     [19.885531200000003, 45.239358700000004],
     [19.885577400000003, 45.2393008],
     [19.885592000000003, 45.239282700000004],
     [19.885606900000003, 45.2392642], [19.8856259, 45.2392406],
     [19.8856581, 45.2392005], [19.885723600000002, 45.2391191],
     [19.885792900000002, 45.239032900000005],
     [19.886130400000003, 45.238613300000004]]}},
  {"type":"Feature",
   "properties":{},
   "geometry":
   {"type":"LineString",
    "coordinates":
    [[19.886130400000003, 45.238613300000004],
     [19.886348400000003, 45.2383346], [19.886417, 45.2382469],
     [19.886514700000003, 45.238122000000004],
     [19.8865324, 45.2381005]]}},
  {"type":"Feature",
   "properties":{},
   "geometry":
   {"type":"LineString",
    "coordinates":
    [[19.8865324, 45.2381005], [19.886735700000003, 45.2378438]]}},
  {"type":"Feature",
   "properties":{},
   "geometry":
   {"type":"LineString",
    "coordinates":
    [[19.886735700000003, 45.2378438],
     [19.8868757, 45.237666700000005], [19.8871426, 45.2373386]]}},
  {"type":"Feature",
   "properties":{},
   "geometry":
   {"type":"LineString",
    "coordinates":
    [[19.8871426, 45.2373386], [19.8874064, 45.237014200000004]]}},
  {"type":"Feature",
   "properties":{},
   "geometry":
   {"type":"LineString",
    "coordinates":
    [[19.8874064, 45.237014200000004], [19.887617300000002, 45.236755],
     [19.8877785, 45.2365517], [19.887797600000003, 45.2365275]]}},
  {"type":"Feature",
   "properties":{},
   "geometry":
   {"type":"LineString",
    "coordinates":
    [[19.887797600000003, 45.2365275],
     [19.8877889, 45.236388700000006],
     [19.8877673, 45.236245000000004], [19.8878321, 45.2361013]]}},
  {"type":"Feature",
   "properties":{},
   "geometry":
   {"type":"LineString",
    "coordinates":
    [[19.8878321, 45.2361013], [19.8879282, 45.2360118],
     [19.888035300000002, 45.235986800000006]]}},
  {"type":"Feature",
   "properties":{},
   "geometry":
   {"type":"LineString",
    "coordinates":
    [[19.888035300000002, 45.235986800000006],
     [19.8879513, 45.235895500000005],
     [19.887941100000003, 45.235822600000006],
     [19.8879705, 45.235750800000005], [19.8884708, 45.2349563],
     [19.8886143, 45.234726200000004],
     [19.8889698, 45.234150500000005]]}},
  {"type":"Feature",
   "properties":{},
   "geometry":
   {"type":"LineString",
    "coordinates":
    [[19.8889698, 45.234150500000005],
     [19.889142800000002, 45.233877400000004]]}},
  {"type":"Feature",
   "properties":{},
   "geometry":
   {"type":"LineString",
    "coordinates":
    [[19.889142800000002, 45.233877400000004],
     [19.8891665, 45.2338372], [19.8892472, 45.2336898],
     [19.889290900000002, 45.2336024], [19.8893516, 45.2334808],
     [19.8894027, 45.2333584]]}},
  {"type":"Feature",
   "properties":{},
   "geometry":
   {"type":"LineString",
    "coordinates":
    [[19.8894027, 45.2333584], [19.8897978, 45.233506500000004],
     [19.8905277, 45.2338176], [19.890593000000003, 45.2338455]]}},
  {"type":"Feature",
   "properties":{},
   "geometry":
   {"type":"LineString",
    "coordinates":
    [[19.890593000000003, 45.2338455],
     [19.891170600000002, 45.2333938]]}},
  {"type":"Feature",
   "properties":{},
   "geometry":
   {"type":"LineString",
    "coordinates":
    [[19.891170600000002, 45.2333938], [19.8913204, 45.2332766],
     [19.8914981, 45.233133900000006],
     [19.8919879, 45.232753900000006]]}},
  {"type":"Feature",
   "properties":{},
   "geometry":
   {"type":"LineString",
    "coordinates":
    [[19.8919879, 45.232753900000006],
     [19.8921229, 45.232651000000004], [19.8922342, 45.2325662]]}},
  {"type":"Feature",
   "properties":{},
   "geometry":
   {"type":"LineString",
    "coordinates":
    [[19.8922342, 45.2325662], [19.892374, 45.2324503],
     [19.8925299, 45.2323211],
     [19.892739600000002, 45.232153200000006],
     [19.8927719, 45.2321273], [19.8929376, 45.2319972]]}},
  {"type":"Feature",
   "properties":{},
   "geometry":
   {"type":"LineString",
    "coordinates":
    [[19.8929376, 45.2319972],
     [19.893014400000002, 45.231933000000005],
     [19.893128, 45.231831500000006], [19.8931709, 45.231793100000004],
     [19.8932267, 45.231743300000005],
     [19.8936399, 45.231341900000004],
     [19.893672000000002, 45.2313108],
     [19.8938019, 45.231168700000005],
     [19.893899100000002, 45.231063400000004]]}},
  {"type":"Feature",
   "properties":{},
   "geometry":
   {"type":"LineString",
    "coordinates":
    [[19.893899100000002, 45.231063400000004],
     [19.894006700000002, 45.230946800000005],
     [19.8942728, 45.230658600000005], [19.8944975, 45.230414],
     [19.8946812, 45.2302204], [19.8949001, 45.229996],
     [19.895145900000003, 45.2297121], [19.8953326, 45.2294965],
     [19.8954682, 45.2293432], [19.895506, 45.2293004],
     [19.895683000000002, 45.229098900000004]]}},
  {"type":"Feature",
   "properties":{},
   "geometry":
   {"type":"LineString",
    "coordinates":
    [[19.895683000000002, 45.229098900000004],
     [19.8956917, 45.2290895],
     [19.896114700000002, 45.228630100000004],
     [19.8961846, 45.2285434], [19.896243600000002, 45.2284628],
     [19.896264000000002, 45.2284298],
     [19.896329100000003, 45.2283247], [19.896387, 45.2282175],
     [19.896498100000002, 45.2279965], [19.8965353, 45.227912],
     [19.8965757, 45.2278157], [19.8966306, 45.2276694]]}},
  {"type":"Feature",
   "properties":{},
   "geometry":
   {"type":"LineString",
    "coordinates":
    [[19.8966306, 45.2276694], [19.8965256, 45.227484600000004],
     [19.896399000000002, 45.2272612], [19.8962301, 45.2269407],
     [19.8960957, 45.2266807], [19.8960073, 45.226460200000005],
     [19.8959479, 45.226246800000006],
     [19.895925000000002, 45.226090600000006], [19.895835, 45.2258398],
     [19.8958139, 45.2258106], [19.8956389, 45.2255685],
     [19.8953278, 45.2252941], [19.8951458, 45.2250451],
     [19.8951171, 45.225006900000004], [19.8950111, 45.2248432],
     [19.894940300000002, 45.224682400000006],
     [19.894902300000002, 45.224510900000006],
     [19.8948982, 45.2244496], [19.8948033, 45.224084600000005]]}},
  {"type":"Feature",
   "properties":{},
   "geometry":
   {"type":"LineString",
    "coordinates":
    [[19.894562, 45.2239566], [19.8946393, 45.2239949],
     [19.8946812, 45.224015200000004],
     [19.8947235, 45.224036000000005],
     [19.894764000000002, 45.2240586],
     [19.8948033, 45.224084600000005]]}},
  {"type":"Feature",
   "properties":{},
   "geometry":
   {"type":"LineString",
    "coordinates":
    [[19.894562, 45.2239566], [19.8946356, 45.2239264],
     [19.894731500000002, 45.2238683],
     [19.8947831, 45.223823100000004],
     [19.8948307, 45.223775700000004],
     [19.894886500000002, 45.223696000000004],
     [19.8949962, 45.223446300000006], [19.8951597, 45.2230046],
     [19.895375, 45.2225331]]}},
  {"type":"Feature",
   "properties":{},
   "geometry":
   {"type":"LineString",
    "coordinates":
    [[19.895375, 45.2225331], [19.8959826, 45.2219707],
     [19.896388700000003, 45.221674], [19.8964624, 45.2216201],
     [19.8975726, 45.220809]]}},
  {"type":"Feature",
   "properties":{},
   "geometry":
   {"type":"LineString",
    "coordinates":
    [[19.901152200000002, 45.218045200000006],
     [19.8998671, 45.218913900000004], [19.8991627, 45.2194957],
     [19.898880000000002, 45.2197292],
     [19.898092400000003, 45.2203797], [19.8975726, 45.220809]]}},
  {"type":"Feature",
   "properties":{},
   "geometry":
   {"type":"LineString",
    "coordinates":
    [[19.9031267, 45.2165321], [19.9030294, 45.216596700000004],
     [19.9023539, 45.2171419], [19.9018088, 45.217573900000005],
     [19.901152200000002, 45.218045200000006]]}},
  {"type":"Feature",
   "properties":{},
   "geometry":
   {"type":"LineString",
    "coordinates":
    [[19.9031267, 45.2165321],
     [19.903067500000002, 45.215612400000005],
     [19.9030613, 45.215389900000005], [19.9030984, 45.2152459],
     [19.903344500000003, 45.214725800000004]]}},
  {"type":"Feature",
   "properties":{},
   "geometry":
   {"type":"LineString",
    "coordinates":
    [[19.903344500000003, 45.214725800000004],
     [19.903103400000003, 45.2146112],
     [19.9023082, 45.214333200000006],
     [19.901983700000002, 45.2142198]]}},
  {"type":"Feature",
   "properties":{},
   "geometry":
   {"type":"LineString",
    "coordinates":
    [[19.901983700000002, 45.2142198],
     [19.901931400000002, 45.214182900000004],
     [19.9019081, 45.214121500000005], [19.9018994, 45.2140621],
     [19.901911000000002, 45.214006700000006],
     [19.90201, 45.213741000000006], [19.9020651, 45.2135929],
     [19.9021757, 45.2132384], [19.902228, 45.2130212],
     [19.9022978, 45.21255], [19.9023083, 45.2124417]]}},
  {"type":"Feature",
   "properties":{},
   "geometry":
   {"type":"LineString",
    "coordinates":
    [[19.8985543, 45.209525], [19.8986038, 45.209915300000006],
     [19.898629800000002, 45.210010600000004],
     [19.898662400000003, 45.210058800000006],
     [19.8991376, 45.2101496],
     [19.899236900000002, 45.210210100000005],
     [19.899269, 45.210295200000004], [19.899129600000002, 45.2106847],
     [19.899033000000003, 45.210945200000005],
     [19.8989385, 45.2113011], [19.8989599, 45.2114598],
     [19.8990464, 45.211559300000005],
     [19.899430000000002, 45.211719900000006],
     [19.899968400000002, 45.211885], [19.9004727, 45.211994600000004],
     [19.901164700000002, 45.212087200000006],
     [19.9019356, 45.2123251], [19.9023083, 45.2124417]]}},
  {"type":"Feature",
   "properties":{},
   "geometry":
   {"type":"LineString",
    "coordinates":
    [[19.8976624, 45.2070677], [19.898110300000003, 45.2084489],
     [19.898201500000003, 45.2087316], [19.8982968, 45.2088879],
     [19.898392, 45.2090442], [19.8985288, 45.2093239],
     [19.8985543, 45.209525]]}},
  {"type":"Feature",
   "properties":{},
   "geometry":
   {"type":"LineString",
    "coordinates":
    [[19.8976624, 45.2070677], [19.898101200000003, 45.206944],
     [19.898818900000002, 45.206703600000004],
     [19.898885200000002, 45.2066705], [19.8989158, 45.2066468],
     [19.8989175, 45.2066364]]}},
  {"type":"Feature",
   "properties":{},
   "geometry":
   {"type":"LineString",
    "coordinates":
    [[19.8989175, 45.2066364], [19.8989842, 45.206532100000004]]}},
  {"type":"Feature",
   "properties":{},
   "geometry":
   {"type":"LineString",
    "coordinates":
    [[19.8989842, 45.206532100000004],
     [19.899095000000003, 45.2064747]]}},
  {"type":"Feature",
   "properties":{},
   "geometry":
   {"type":"LineString",
    "coordinates":
    [[19.899095000000003, 45.2064747], [19.8993103, 45.206384]]}},
  {"type":"Feature",
   "properties":{},
   "geometry":
   {"type":"LineString",
    "coordinates":
    [[19.8993103, 45.206384], [19.899564700000003, 45.2063154],
     [19.8998962, 45.2062042], [19.9002161, 45.2060965],
     [19.900619600000002, 45.206002000000005],
     [19.9008916, 45.205927300000006],
     [19.9011353, 45.205859700000005], [19.9012935, 45.2058313],
     [19.901424900000002, 45.2058011], [19.9016087, 45.2057482],
     [19.9017254, 45.2056934], [19.9019091, 45.205586600000004],
     [19.9022167, 45.205388000000006]]}},
  {"type":"Feature",
   "properties":{},
   "geometry":
   {"type":"LineString",
    "coordinates":
    [[19.905000100000002, 45.2065429],
     [19.904651100000002, 45.2064339], [19.9041783, 45.2062347],
     [19.9034704, 45.205948600000006],
     [19.903230200000003, 45.2059231], [19.9030385, 45.2058425],
     [19.902693900000003, 45.205643300000006],
     [19.9022167, 45.205388000000006]]}},
  {"type":"Feature",
   "properties":{},
   "geometry":
   {"type":"LineString",
    "coordinates":
    [[19.905000100000002, 45.2065429],
     [19.905028700000003, 45.2063878],
     [19.905264000000003, 45.2060596],
     [19.905580200000003, 45.2057306], [19.9056865, 45.2056199],
     [19.9062395, 45.205263800000004], [19.9064374, 45.2051123],
     [19.9067002, 45.2049469], [19.906716900000003, 45.2049072],
     [19.9067127, 45.2048621]]}},
  {"type":"Feature",
   "properties":{},
   "geometry":
   {"type":"LineString",
    "coordinates":
    [[19.9067127, 45.2048621], [19.906921500000003, 45.2048411],
     [19.907154900000002, 45.204795700000005],
     [19.9074607, 45.2047107], [19.9077665, 45.204602900000005],
     [19.908299600000003, 45.204410800000005],
     [19.908854100000003, 45.204311700000005]]}},
  {"type":"Feature",
   "properties":{},
   "geometry":
   {"type":"LineString",
    "coordinates":
    [[19.908854100000003, 45.204311700000005],
     [19.9092902, 45.2042288], [19.909494600000002, 45.2040773],
     [19.9094902, 45.203910400000005], [19.9094492, 45.2037356]]}},
  {"type":"Feature",
   "properties":{},
   "geometry":
   {"type":"LineString",
    "coordinates":
    [[19.911110400000002, 45.202888900000005],
     [19.9110997, 45.202733900000005],
     [19.9110407, 45.202653600000005],
     [19.9109319, 45.202573900000004]]}},
  {"type":"Feature",
   "properties":{},
   "geometry":
   {"type":"LineString",
    "coordinates":
    [[19.911110400000002, 45.202888900000005],
     [19.9111681, 45.202958800000005]]}},
  {"type":"Feature",
   "properties":{},
   "geometry":
   {"type":"LineString",
    "coordinates":
    [[19.9111681, 45.202958800000005], [19.9112459, 45.2030344],
     [19.9113598, 45.2032253], [19.911535500000003, 45.2034473],
     [19.9116857, 45.203625900000006],
     [19.911818500000003, 45.203723200000006],
     [19.9119365, 45.2038026],
     [19.912108200000002, 45.203895200000005],
     [19.912460900000003, 45.2040152], [19.9128927, 45.204225],
     [19.9133661, 45.204518900000004], [19.9135472, 45.2046549],
     [19.913669000000002, 45.204779800000004],
     [19.914042600000002, 45.205259000000005],
     [19.9141359, 45.2054543], [19.9141762, 45.205662200000006],
     [19.914224400000002, 45.2059457], [19.9143049, 45.2062858],
     [19.914313, 45.206488], [19.9143586, 45.2067904],
     [19.914420200000002, 45.2071192],
     [19.914600500000002, 45.207526800000004],
     [19.9147877, 45.2077315], [19.9149385, 45.2078405],
     [19.915192700000002, 45.2079412],
     [19.915455400000003, 45.207981100000005],
     [19.915672800000003, 45.2079734], [19.9158684, 45.2079244],
     [19.9161369, 45.2077674], [19.9164131, 45.2075709],
     [19.916802, 45.207242], [19.917089, 45.207041700000005],
     [19.9173063, 45.2068017], [19.917628, 45.2065524]]}},
  {"type":"Feature",
   "properties":{},
   "geometry":
   {"type":"LineString",
    "coordinates":
    [[19.9180986, 45.2060904], [19.9177821, 45.206256700000004],
     [19.917621200000003, 45.206472100000006],
     [19.917628, 45.2065524]]}},
  {"type":"Feature",
   "properties":{},
   "geometry":
   {"type":"LineString",
    "coordinates":
    [[19.9208305, 45.2036194], [19.9207272, 45.203739500000005],
     [19.920544800000002, 45.2041514],
     [19.9203678, 45.204370700000005], [19.9197831, 45.2048204],
     [19.9192842, 45.2051455], [19.919193, 45.2053345],
     [19.9190106, 45.205625500000004],
     [19.9185248, 45.205975900000006],
     [19.918351700000002, 45.206059200000006],
     [19.9180986, 45.2060904]]}},
  {"type":"Feature",
   "properties":{},
   "geometry":
   {"type":"LineString",
    "coordinates":
    [[19.9208305, 45.2036194],
     [19.921225200000002, 45.203289700000006],
     [19.9213512, 45.203216600000005],
     [19.921501600000003, 45.2031293]]}},
  {"type":"Feature",
   "properties":{},
   "geometry":
   {"type":"LineString",
    "coordinates":
    [[19.921501600000003, 45.2031293],
     [19.9216753, 45.202930900000005],
     [19.9218489, 45.202645600000004], [19.9220283, 45.2021291]]}},
  {"type":"Feature",
   "properties":{},
   "geometry":
   {"type":"LineString",
    "coordinates":
    [[19.9220283, 45.2021291], [19.9221048, 45.201990200000004],
     [19.922196, 45.2018551], [19.9223153, 45.201720900000005],
     [19.9224307, 45.2016396], [19.922969900000002, 45.2014166],
     [19.923465500000002, 45.2011848]]}},
  {"type":"Feature",
   "properties":{},
   "geometry":
   {"type":"LineString",
    "coordinates":
    [[19.9236094, 45.2011586], [19.923642400000002, 45.2011407],
     [19.9237413, 45.201111100000006], [19.9238375, 45.2010925],
     [19.9239409, 45.201097700000005], [19.9240695, 45.2011303],
     [19.9241956, 45.2011757]]}},
  {"type":"Feature",
   "properties":{},
   "geometry":
   {"type":"LineString",
    "coordinates":
    [[19.9241956, 45.2011757],
     [19.924363200000002, 45.201394900000004],
     [19.924569700000003, 45.2015905], [19.9246905, 45.2016709]]}},
  {"type":"Feature",
   "properties":{},
   "geometry":
   {"type":"LineString",
    "coordinates":
    [[19.92493, 45.2018495], [19.924816200000002, 45.2017661],
     [19.9247835, 45.2017413], [19.9246905, 45.2016709]]}},
  {"type":"Feature",
   "properties":{},
   "geometry":
   {"type":"LineString",
    "coordinates":
    [[19.9260221, 45.2022336],
     [19.925940200000003, 45.202252200000004],
     [19.925819200000003, 45.2022573], [19.9256797, 45.2022422],
     [19.9256065, 45.202221200000004], [19.9255211, 45.2021919],
     [19.92493, 45.2018495]]}},
  {"type":"Feature",
   "properties":{},
   "geometry":
   {"type":"LineString",
    "coordinates":
    [[19.9260221, 45.2022336], [19.9259922, 45.2023644],
     [19.9259872, 45.202505200000004],
     [19.925999400000002, 45.202570300000005],
     [19.9260112, 45.2026179]]}},
  {"type":"Feature",
   "properties":{},
   "geometry":
   {"type":"LineString",
    "coordinates":
    [[19.9287913, 45.202054600000004],
     [19.9283296, 45.202147000000004], [19.928049700000003, 45.202184],
     [19.9277053, 45.2022988], [19.9272277, 45.202377000000006],
     [19.926656400000002, 45.2024879], [19.926473100000003, 45.202531],
     [19.9262367, 45.2025865], [19.9261087, 45.202615800000004],
     [19.9260112, 45.2026179]]}},
  {"type":"Feature",
   "properties":{},
   "geometry":
   {"type":"LineString",
    "coordinates":
    [[19.9287913, 45.202054600000004],
     [19.929254200000003, 45.2020063],
     [19.9299542, 45.201812000000004],
     [19.9301174, 45.201735500000005], [19.9312872, 45.2018375]]}},
  {"type":"Feature",
   "properties":{},
   "geometry":
   {"type":"LineString",
    "coordinates":
    [[19.9310681, 45.202237800000006], [19.9310902, 45.2021974],
     [19.931140000000003, 45.202106400000005],
     [19.9312872, 45.2018375]]}},
  {"type":"Feature",
   "properties":{},
   "geometry":
   {"type":"LineString",
    "coordinates":
    [[19.9311748, 45.2036875], [19.931189800000002, 45.2035727],
     [19.931256100000002, 45.203477],
     [19.931376200000003, 45.203286600000006],
     [19.9314636, 45.203118700000005],
     [19.931491100000002, 45.2029341], [19.9314593, 45.20279],
     [19.931444900000002, 45.202696200000005],
     [19.9314043, 45.2026563], [19.931285300000003, 45.2025182],
     [19.9311462, 45.202366700000006],
     [19.931091900000002, 45.2022771],
     [19.9310681, 45.202237800000006]]}},
  {"type":"Feature",
   "properties":{},
   "geometry":
   {"type":"LineString",
    "coordinates":
    [[19.9311748, 45.2036875], [19.932098200000002, 45.2034413],
     [19.932518700000003, 45.203302400000005],
     [19.9331915, 45.2030721], [19.9334618, 45.202972100000004],
     [19.9335443, 45.202937500000004], [19.9335795, 45.2029214]]}},
  {"type":"Feature",
   "properties":{},
   "geometry":
   {"type":"LineString",
    "coordinates":
    [[19.9335795, 45.2029214], [19.9336495, 45.2028845],
     [19.933674200000002, 45.2028611],
     [19.9336881, 45.202833600000005], [19.933699, 45.202800800000006],
     [19.9337042, 45.202766800000006],
     [19.933706100000002, 45.202740000000006],
     [19.9337023, 45.2027164]]}},
  {"type":"Feature",
   "properties":{},
   "geometry":
   {"type":"LineString",
    "coordinates":
    [[19.9337023, 45.2027164],
     [19.933592400000002, 45.202480900000005],
     [19.9335671, 45.202426800000005]]}},
  {"type":"Feature",
   "properties":{},
   "geometry":
   {"type":"LineString",
    "coordinates":
    [[19.9335671, 45.202426800000005],
     [19.933519800000003, 45.202320300000004],
     [19.933464, 45.2021944]]}},
  {"type":"Feature",
   "properties":{},
   "geometry":
   {"type":"LineString",
    "coordinates":
    [[19.933464, 45.2021944], [19.933346800000002, 45.2019208],
     [19.9331308, 45.201505000000004], [19.9329664, 45.2012804],
     [19.9328299, 45.201074500000004],
     [19.9327079, 45.200847800000005]]}},
  {"type":"Feature",
   "properties":{},
   "geometry":
   {"type":"LineString",
    "coordinates":
    [[19.9327079, 45.200847800000005],
     [19.932708100000003, 45.200693900000005],
     [19.9327596, 45.200439100000004], [19.9327851, 45.1998479],
     [19.9328365, 45.1996539], [19.9329764, 45.199421],
     [19.9330904, 45.1992789], [19.9331682, 45.1991269],
     [19.933220000000002, 45.198953200000005],
     [19.9332321, 45.1988774], [19.9332679, 45.198756]]}},
  {"type":"Feature",
   "properties":{},
   "geometry":
   {"type":"LineString",
    "coordinates":
    [[19.9331909, 45.1970249], [19.933193300000003, 45.1970558],
     [19.9332047, 45.1971992], [19.9331952, 45.1974948],
     [19.9331852, 45.1978063], [19.9331658, 45.198357900000005],
     [19.9331783, 45.198427200000005],
     [19.9332047, 45.198573800000005],
     [19.9332092, 45.198595000000005], [19.9332295, 45.1986896],
     [19.9332679, 45.198756]]}},
  {"type":"Feature",
   "properties":{},
   "geometry":
   {"type":"LineString",
    "coordinates":
    [[19.932360900000003, 45.1956019], [19.9325663, 45.1957838],
     [19.9327773, 45.1959743], [19.932860400000003, 45.1960556],
     [19.932906000000003, 45.1961463],
     [19.9330281, 45.196426100000004],
     [19.933101800000003, 45.196616000000006],
     [19.933163500000003, 45.1968362], [19.9331909, 45.1970249]]}},
  {"type":"Feature",
   "properties":{},
   "geometry":
   {"type":"LineString",
    "coordinates":
    [[19.9323704, 45.195541600000006],
     [19.932360900000003, 45.1956019]]}},
  {"type":"Feature",
   "properties":{},
   "geometry":
   {"type":"LineString",
    "coordinates":
    [[19.932393700000002, 45.1954848],
     [19.9323704, 45.195541600000006]]}},
  {"type":"Feature",
   "properties":{},
   "geometry":
   {"type":"LineString",
    "coordinates":
    [[19.9323927, 45.1942584], [19.932426, 45.1942832],
     [19.932494000000002, 45.194365000000005],
     [19.9325297, 45.1944024], [19.9325909, 45.1944821],
     [19.9326881, 45.1945952], [19.932707200000003, 45.1946488],
     [19.932686800000003, 45.194729], [19.9326791, 45.1947404],
     [19.932476700000002, 45.195326900000005],
     [19.932397700000003, 45.1954714],
     [19.932393700000002, 45.1954848]]}},
  {"type":"Feature",
   "properties":{},
   "geometry":
   {"type":"LineString",
    "coordinates":
    [[19.9324944, 45.194154100000006], [19.9323927, 45.1942584]]}},
  {"type":"Feature",
   "properties":{},
   "geometry":
   {"type":"LineString",
    "coordinates":
    [[19.932215600000003, 45.194036000000004],
     [19.9323346, 45.1940864], [19.9324944, 45.194154100000006]]}},
  {"type":"Feature",
   "properties":{},
   "geometry":
   {"type":"LineString",
    "coordinates":
    [[19.932215600000003, 45.194036000000004],
     [19.932085700000002, 45.194002000000005],
     [19.9313219, 45.1938022], [19.930998900000002, 45.1936997],
     [19.930861200000002, 45.1936352],
     [19.9307683, 45.193538700000005], [19.930616, 45.1933555],
     [19.930389400000003, 45.1929985]]}},
  {"type":"Feature",
   "properties":{},
   "geometry":
   {"type":"LineString",
    "coordinates":
    [[19.912923600000003, 45.177432200000005],
     [19.913044300000003, 45.1774265],
     [19.9133728, 45.177319700000005], [19.9140099, 45.1771618],
     [19.9141963, 45.1771448], [19.9147542, 45.177193],
     [19.915156500000002, 45.1772639],
     [19.916063100000002, 45.177493600000005],
     [19.9165902, 45.177580600000006],
     [19.917425700000003, 45.1777177],
     [19.9178535, 45.177748900000005], [19.9182424, 45.177799],
     [19.9187936, 45.177903900000004], [19.9194789, 45.1781081],
     [19.919963000000003, 45.178292400000004], [19.9201012, 45.17837],
     [19.920243300000003, 45.1784806], [19.9207983, 45.1793636],
     [19.9212953, 45.179965700000004],
     [19.921863400000003, 45.1806926], [19.9219586, 45.1808391],
     [19.9222019, 45.1814879], [19.922429100000002, 45.182381],
     [19.92249, 45.1831138], [19.9224588, 45.1833158],
     [19.9224521, 45.1834878], [19.9225393, 45.184066300000005],
     [19.9225447, 45.184289400000004],
     [19.9225272, 45.184414200000006],
     [19.922518800000002, 45.1847049], [19.9225275, 45.1850557],
     [19.9225648, 45.185320700000005],
     [19.922976300000002, 45.1877981],
     [19.9229816, 45.187829400000005],
     [19.923250900000003, 45.1888183],
     [19.923260600000003, 45.188854000000006], [19.9234097, 45.189368],
     [19.9235089, 45.1900636], [19.9236013, 45.190688200000004]]}},
  {"type":"Feature",
   "properties":{},
   "geometry":
   {"type":"LineString",
    "coordinates":
    [[19.9123871, 45.176680600000005], [19.9124671, 45.1768359],
     [19.9124716, 45.1769623], [19.9122986, 45.1771873],
     [19.912277200000002, 45.177253500000006],
     [19.9123415, 45.1773083],
     [19.912629900000002, 45.177362200000005],
     [19.912923600000003, 45.177432200000005]]}},
  {"type":"Feature",
   "properties":{},
   "geometry":
   {"type":"LineString",
    "coordinates":
    [[19.9123871, 45.176680600000005], [19.9123927, 45.1765667],
     [19.912390600000002, 45.176385800000006],
     [19.9124644, 45.1760928], [19.9127782, 45.175678700000006],
     [19.913521000000003, 45.1747656],
     [19.913724900000002, 45.1745803], [19.9140948, 45.1742956],
     [19.9141659, 45.1741223],
     [19.914113500000003, 45.174024200000005],
     [19.9139993, 45.1739461], [19.9138047, 45.1738936],
     [19.9137014, 45.1738671], [19.9136183, 45.173836800000004],
     [19.9135406, 45.173781600000005], [19.9134709, 45.1736833],
     [19.913061900000002, 45.1730877], [19.9129209, 45.17302],
     [19.9128364, 45.1729841], [19.9127574, 45.172904200000005],
     [19.912644800000002, 45.1727076]]}},
  {"type":"Feature",
   "properties":{},
   "geometry":
   {"type":"LineString",
    "coordinates":
    [[19.9125289, 45.1724934], [19.912644800000002, 45.1727076]]}},
  {"type":"Feature",
   "properties":{},
   "geometry":
   {"type":"LineString",
    "coordinates":
    [[19.912017000000002, 45.1699472],
     [19.912103400000003, 45.170032000000006],
     [19.9122419, 45.1702091],
     [19.912441700000002, 45.170281800000005], [19.912599, 45.1703576],
     [19.912666100000003, 45.1703916],
     [19.912714400000002, 45.1704294],
     [19.9126446, 45.170452100000006],
     [19.912489100000002, 45.1704408], [19.912194, 45.1704578],
     [19.912073300000003, 45.170535300000004],
     [19.912033100000002, 45.170603400000005], [19.9120706, 45.170645],
     [19.9123389, 45.1706261], [19.91243, 45.170658200000005],
     [19.912456900000002, 45.1707301], [19.9123869, 45.170811],
     [19.912290600000002, 45.1709362],
     [19.912271800000003, 45.171002400000006],
     [19.912320100000002, 45.171070500000006],
     [19.9124488, 45.1711102], [19.912424700000003, 45.1712009],
     [19.9124059, 45.1713012],
     [19.912440800000002, 45.171427800000004],
     [19.9123032, 45.171578600000004], [19.9123772, 45.1717716],
     [19.9124932, 45.1720169], [19.9126221, 45.1721645],
     [19.912712300000003, 45.1723689], [19.9126352, 45.1724357],
     [19.9125289, 45.1724934]]}},
  {"type":"Feature",
   "properties":{},
   "geometry":
   {"type":"LineString",
    "coordinates":
    [[19.912017000000002, 45.1699472],
     [19.9122129, 45.169948100000006], [19.9124877, 45.1698997],
     [19.9131006, 45.169754000000005],
     [19.913221800000002, 45.1697244],
     [19.9134962, 45.169681700000005],
     [19.9144657, 45.169645900000006],
     [19.915013700000003, 45.1695769], [19.915409, 45.1695502]]}},
  {"type":"Feature",
   "properties":{},
   "geometry":
   {"type":"LineString",
    "coordinates":
    [[19.915409, 45.1695502], [19.9155838, 45.1695548],
     [19.915743000000003, 45.169532700000005],
     [19.915966100000002, 45.169459100000005],
     [19.9161879, 45.169364400000006],
     [19.916496900000002, 45.1692502],
     [19.9166668, 45.169215400000006],
     [19.9168442, 45.169202500000004]]}},
  {"type":"Feature",
   "properties":{},
   "geometry":
   {"type":"LineString",
    "coordinates":
    [[19.9168442, 45.169202500000004], [19.9170282, 45.1691961],
     [19.917228, 45.169199600000006], [19.917340000000003, 45.1692071],
     [19.917531800000003, 45.1692301],
     [19.9177027, 45.169254900000006],
     [19.9178798, 45.169288800000004]]}},
  {"type":"Feature",
   "properties":{},
   "geometry":
   {"type":"LineString",
    "coordinates":
    [[19.9178798, 45.169288800000004],
     [19.917603800000002, 45.1691172],
     [19.9175535, 45.169089500000005], [19.9174666, 45.1690424],
     [19.917397400000002, 45.1689919]]}},
  {"type":"Feature",
   "properties":{},
   "geometry":
   {"type":"LineString",
    "coordinates":
    [[19.917397400000002, 45.1689919],
     [19.917370000000002, 45.168962400000005]]}},
  {"type":"Feature",
   "properties":{},
   "geometry":
   {"type":"LineString",
    "coordinates":
    [[19.917370000000002, 45.168962400000005],
     [19.9173426, 45.1689146], [19.9172891, 45.1688106],
     [19.917253900000002, 45.1687554]]}},
  {"type":"Feature",
   "properties":{},
   "geometry":
   {"type":"LineString",
    "coordinates":
    [[19.917253900000002, 45.1687554], [19.9172148, 45.1686975],
     [19.917183700000002, 45.1686482]]}},
  {"type":"Feature",
   "properties":{},
   "geometry":
   {"type":"LineString",
    "coordinates":
    [[19.917183700000002, 45.1686482], [19.9170817, 45.168638],
     [19.9170275, 45.168601200000005],
     [19.916999500000003, 45.168528200000004],
     [19.9169704, 45.1685152], [19.916939900000003, 45.1685225],
     [19.9169209, 45.168600000000005],
     [19.916881500000002, 45.1686387],
     [19.916808500000002, 45.1686867],
     [19.916731300000002, 45.168708800000005]]}},
  {"type":"Feature",
   "properties":{},
   "geometry":
   {"type":"LineString",
    "coordinates":
    [[19.916731300000002, 45.168708800000005],
     [19.9166868, 45.1687202]]}},
  {"type":"Feature",
   "properties":{},
   "geometry":
   {"type":"LineString",
    "coordinates":
    [[19.9166868, 45.1687202], [19.916602400000002, 45.1687486],
     [19.916493900000003, 45.168775000000004],
     [19.9163548, 45.1688251],
     [19.916312400000002, 45.168833400000004],
     [19.916278900000002, 45.168828500000004],
     [19.916269, 45.168813300000004], [19.9162848, 45.168794500000004],
     [19.916304200000003, 45.1687846]]}},
  {"type":"Feature",
   "properties":{},
   "geometry":
   {"type":"LineString",
    "coordinates":
    [[19.916304200000003, 45.1687846],
     [19.916328800000002, 45.1687722]]}},
  {"type":"Feature",
   "properties":{},
   "geometry":
   {"type":"LineString",
    "coordinates":
    [[19.916328800000002, 45.1687722],
     [19.916382300000002, 45.1687451],
     [19.9165521, 45.168683200000004], [19.9165971, 45.1686581]]}},
  {"type":"Feature",
   "properties":{},
   "geometry":
   {"type":"LineString",
    "coordinates":
    [[19.9165971, 45.1686581], [19.9166369, 45.1686276]]}},
  {"type":"Feature",
   "properties":{},
   "geometry":
   {"type":"LineString",
    "coordinates":
    [[19.9166369, 45.1686276], [19.9166507, 45.168588],
     [19.9166586, 45.1685448], [19.9166546, 45.1684976],
     [19.916629, 45.1683912], [19.9166014, 45.168316100000006],
     [19.9165955, 45.1682506], [19.9165895, 45.168176700000004]]}},
  {"type":"Feature",
   "properties":{},
   "geometry":
   {"type":"LineString",
    "coordinates":
    [[19.9165895, 45.168176700000004],
     [19.916589400000003, 45.1681478]]}},
  {"type":"Feature",
   "properties":{},
   "geometry":
   {"type":"LineString",
    "coordinates":
    [[19.916589400000003, 45.1681478],
     [19.9165846, 45.168124500000005], [19.9165691, 45.1681083],
     [19.9165353, 45.168107000000006],
     [19.916524000000003, 45.1681189],
     [19.9165205, 45.168138600000006]]}},
  {"type":"Feature",
   "properties":{},
   "geometry":
   {"type":"LineString",
    "coordinates":
    [[19.9165205, 45.168138600000006],
     [19.9165156, 45.168171400000006]]}},
  {"type":"Feature",
   "properties":{},
   "geometry":
   {"type":"LineString",
    "coordinates":
    [[19.9165156, 45.168171400000006], [19.9165116, 45.1682131],
     [19.916497800000002, 45.168253500000006],
     [19.9164524, 45.1683279], [19.9163721, 45.168410300000005],
     [19.916272600000003, 45.1684495]]}},
  {"type":"Feature",
   "properties":{},
   "geometry":
   {"type":"LineString",
    "coordinates":
    [[19.916272600000003, 45.1684495],
     [19.916219100000003, 45.1684624]]}},
  {"type":"Feature",
   "properties":{},
   "geometry":
   {"type":"LineString",
    "coordinates":
    [[19.916219100000003, 45.1684624], [19.916181, 45.1684694],
     [19.915988900000002, 45.168504500000004],
     [19.9158492, 45.168521500000004],
     [19.915749100000003, 45.1685436],
     [19.915694300000002, 45.1685443],
     [19.9156714, 45.168535000000006],
     [19.915671500000002, 45.168514900000005],
     [19.915722300000002, 45.168483300000005],
     [19.915869500000003, 45.168419], [19.9159504, 45.1683779],
     [19.9160031, 45.1683481], [19.9160301, 45.168330600000004]]}},
  {"type":"Feature",
   "properties":{},
   "geometry":
   {"type":"LineString",
    "coordinates":
    [[19.9160301, 45.168330600000004],
     [19.9160678, 45.168306300000005]]}},
  {"type":"Feature",
   "properties":{},
   "geometry":
   {"type":"LineString",
    "coordinates":
    [[19.9160678, 45.168306300000005],
     [19.916078600000002, 45.168287500000005],
     [19.9161053, 45.1682361], [19.9161043, 45.1681881],
     [19.9160629, 45.168097], [19.9160273, 45.1679837],
     [19.9160264, 45.167865500000005], [19.9160599, 45.1677771],
     [19.916078300000002, 45.1677351]]}},
  {"type":"Feature",
   "properties":{},
   "geometry":
   {"type":"LineString",
    "coordinates":
    [[19.916078300000002, 45.1677351],
     [19.9160897, 45.167709200000004]]}},
  {"type":"Feature",
   "properties":{},
   "geometry":
   {"type":"LineString",
    "coordinates":
    [[19.9160897, 45.167709200000004],
     [19.916100800000002, 45.1676852],
     [19.916090500000003, 45.1676707], [19.9160678, 45.1676652],
     [19.9160407, 45.167668400000004], [19.9160292, 45.1676864]]}},
  {"type":"Feature",
   "properties":{},
   "geometry":
   {"type":"LineString",
    "coordinates":
    [[19.9160292, 45.1676864], [19.916015700000003, 45.1677125]]}},
  {"type":"Feature",
   "properties":{},
   "geometry":
   {"type":"LineString",
    "coordinates":
    [[19.916015700000003, 45.1677125], [19.9159867, 45.1677711],
     [19.9159238, 45.1678616],
     [19.915885300000003, 45.167986400000004],
     [19.915869500000003, 45.1680574], [19.9158528, 45.1680762],
     [19.9158145, 45.168073500000006],
     [19.915799500000002, 45.168049700000005],
     [19.9158094, 45.167923900000005],
     [19.915836000000002, 45.167816800000004],
     [19.9158833, 45.1677118], [19.9159021, 45.1676207],
     [19.91591, 45.1675539], [19.915904100000002, 45.167478800000005],
     [19.9158656, 45.1673898], [19.9158222, 45.1672841],
     [19.9157555, 45.1671806],
     [19.915706800000002, 45.167139500000005],
     [19.915649600000002, 45.1671047], [19.9155924, 45.1670929],
     [19.915525300000002, 45.167072700000006],
     [19.915416800000003, 45.167008700000004],
     [19.915299400000002, 45.1669081],
     [19.915248100000003, 45.166801400000004],
     [19.9152294, 45.166704200000005], [19.9151998, 45.1665859],
     [19.9151683, 45.166467700000005],
     [19.9151436, 45.166399600000005],
     [19.915098200000003, 45.166317500000005]]}},
  {"type":"Feature",
   "properties":{},
   "geometry":
   {"type":"LineString",
    "coordinates":
    [[19.915098200000003, 45.166317500000005],
     [19.9150834, 45.1662954]]}},
  {"type":"Feature",
   "properties":{},
   "geometry":
   {"type":"LineString",
    "coordinates":
    [[19.9150834, 45.1662954], [19.9150588, 45.1662782],
     [19.9150326, 45.166273700000005], [19.9150139, 45.1662831],
     [19.915008500000003, 45.1663026],
     [19.915021300000003, 45.166322400000006]]}},
  {"type":"Feature",
   "properties":{},
   "geometry":
   {"type":"LineString",
    "coordinates":
    [[19.915021300000003, 45.166322400000006],
     [19.9150375, 45.1663531]]}},
  {"type":"Feature",
   "properties":{},
   "geometry":
   {"type":"LineString",
    "coordinates":
    [[19.9150375, 45.1663531], [19.9150429, 45.1663824],
     [19.915048600000002, 45.166468300000005],
     [19.9150309, 45.1665762], [19.9150065, 45.166670100000005],
     [19.914979900000002, 45.1667647], [19.9149582, 45.1668808],
     [19.9149503, 45.1669691],
     [19.914959200000002, 45.167068500000006],
     [19.915004500000002, 45.167174900000006],
     [19.9150667, 45.1672695],
     [19.915080500000002, 45.167318900000005],
     [19.915069600000002, 45.167348800000006],
     [19.915043, 45.167366200000004], [19.9149947, 45.1673689],
     [19.914948300000002, 45.1673564], [19.9149059, 45.1673272],
     [19.914824900000003, 45.1672537],
     [19.9147688, 45.167178400000005],
     [19.914657400000003, 45.1670588], [19.9145824, 45.1669733],
     [19.9144936, 45.1668717], [19.9144389, 45.166792400000006],
     [19.9144095, 45.166736500000006]]}},
  {"type":"Feature",
   "properties":{},
   "geometry":
   {"type":"LineString",
    "coordinates":
    [[19.9144095, 45.166736500000006],
     [19.914393, 45.166705500000006]]}},
  {"type":"Feature",
   "properties":{},
   "geometry":
   {"type":"LineString",
    "coordinates":
    [[19.914393, 45.166705500000006], [19.9143772, 45.166684000000004],
     [19.9143516, 45.1666784], [19.9143319, 45.1666916],
     [19.9143177, 45.1667113]]}},
  {"type":"Feature",
   "properties":{},
   "geometry":
   {"type":"LineString",
    "coordinates":
    [[19.9143177, 45.1667113], [19.9142978, 45.1667392]]}},
  {"type":"Feature",
   "properties":{},
   "geometry":
   {"type":"LineString",
    "coordinates":
    [[19.9142978, 45.1667392], [19.9142519, 45.166803200000004]]}},
  {"type":"Feature",
   "properties":{},
   "geometry":
   {"type":"LineString",
    "coordinates":
    [[19.9142519, 45.166803200000004], [19.9142036, 45.1668706]]}},
  {"type":"Feature",
   "properties":{},
   "geometry":
   {"type":"LineString",
    "coordinates":
    [[19.9142036, 45.1668706], [19.9141684, 45.166906600000004],
     [19.9140886, 45.1669038], [19.9140301, 45.166876900000005]]}},
  {"type":"Feature",
   "properties":{},
   "geometry":
   {"type":"LineString",
    "coordinates":
    [[19.9140301, 45.166876900000005],
     [19.914004600000002, 45.1668589]]}},
  {"type":"Feature",
   "properties":{},
   "geometry":
   {"type":"LineString",
    "coordinates":
    [[19.914004600000002, 45.1668589], [19.9139692, 45.1668353]]}},
  {"type":"Feature",
   "properties":{},
   "geometry":
   {"type":"LineString",
    "coordinates":
    [[19.9139692, 45.1668353], [19.9139266, 45.166790000000006],
     [19.9137495, 45.166507800000005],
     [19.9137206, 45.166462100000004], [19.9136928, 45.1663767],
     [19.9136794, 45.1661638], [19.913647, 45.166097300000004],
     [19.9133828, 45.165913], [19.9130702, 45.1655461],
     [19.912932700000002, 45.1654283], [19.912779, 45.165329500000006],
     [19.912080900000003, 45.1649456], [19.9118679, 45.1647954],
     [19.9117304, 45.1646548], [19.9112344, 45.1643545],
     [19.9106953, 45.163847000000004],
     [19.910485100000002, 45.1637387],
     [19.910158900000003, 45.1635277],
     [19.910037600000003, 45.1634137],
     [19.9099945, 45.163292000000006],
     [19.909875900000003, 45.1630735],
     [19.9098381, 45.162640100000004],
     [19.909797700000002, 45.162535600000005],
     [19.909676400000002, 45.162448100000006], [19.909388, 45.1623607],
     [19.9092936, 45.162296100000006],
     [19.908743700000002, 45.1617449],
     [19.908584700000002, 45.161524400000005],
     [19.9083218, 45.161303000000004],
     [19.908203200000003, 45.161224100000005], [19.9080482, 45.161149],
     [19.9078892, 45.161093900000004], [19.9070536, 45.1608839],
     [19.906635700000002, 45.1607356],
     [19.9064929, 45.160663400000004],
     [19.9062637, 45.160499900000005],
     [19.906088500000003, 45.1604049],
     [19.905024400000002, 45.160048200000006]]}},
  {"type":"Feature",
   "properties":{},
   "geometry":
   {"type":"LineString",
    "coordinates":
    [[19.905024400000002, 45.160048200000006],
     [19.904715900000003, 45.1599324],
     [19.904341300000002, 45.1597063], [19.9041049, 45.159599],
     [19.9038685, 45.159562300000005],
     [19.9036201, 45.159580600000005], [19.9034659, 45.1596315],
     [19.9033437, 45.159668200000006], [19.9031854, 45.159688],
     [19.9028208, 45.1596442], [19.9025243, 45.159624400000006],
     [19.902404100000002, 45.159582], [19.9020215, 45.159413900000004],
     [19.901739000000003, 45.1592585],
     [19.9014665, 45.159165300000005],
     [19.901320300000002, 45.1590848], [19.9006893, 45.1585946],
     [19.9003948, 45.158466100000005],
     [19.900226500000002, 45.158413800000005],
     [19.900090300000002, 45.1584039], [19.899958, 45.1584124],
     [19.899717600000002, 45.1584731],
     [19.8995494, 45.158478800000005],
     [19.899373100000002, 45.158505600000005],
     [19.8990505, 45.1585875], [19.898758100000002, 45.1586257],
     [19.8985778, 45.158637000000006],
     [19.8984515, 45.158584700000006],
     [19.898303300000002, 45.1584293],
     [19.8982172, 45.158190600000005], [19.898115, 45.1580649],
     [19.8979187, 45.1578954], [19.8978626, 45.1578035],
     [19.8978666, 45.1576849], [19.8979287, 45.1575761],
     [19.898143, 45.157415], [19.898277500000003, 45.157354500000004],
     [19.898361400000002, 45.157290700000004],
     [19.8984415, 45.1572003], [19.8985497, 45.1570393],
     [19.8986158, 45.1568076], [19.898754, 45.156526500000005],
     [19.898758100000002, 45.1564191], [19.898732000000003, 45.156323],
     [19.8984355, 45.1559261], [19.8983271, 45.1558251],
     [19.8981551, 45.1557015],
     [19.897980800000003, 45.155639300000004],
     [19.8977404, 45.155626600000005],
     [19.896852900000003, 45.1556803],
     [19.896580500000002, 45.155739600000004],
     [19.8961638, 45.155774900000004],
     [19.895935400000003, 45.155823000000005],
     [19.8956269, 45.1559473], [19.8954586, 45.1559444],
     [19.895252300000003, 45.1558809],
     [19.8947274, 45.155622400000006],
     [19.894563100000003, 45.1554853],
     [19.894539100000003, 45.1553667], [19.8945711, 45.1552762],
     [19.8946793, 45.1551604], [19.8947334, 45.155053],
     [19.8947995, 45.154632], [19.894842800000003, 45.1544742],
     [19.8952627, 45.153517300000004],
     [19.895297000000003, 45.153300200000004]]}},
  {"type":"Feature",
   "properties":{},
   "geometry":
   {"type":"LineString",
    "coordinates":
    [[19.8961319, 45.1525454], [19.895993500000003, 45.1527727],
     [19.8957945, 45.1529894], [19.895498200000002, 45.1531869],
     [19.895297000000003, 45.153300200000004]]}},
  {"type":"Feature",
   "properties":{},
   "geometry":
   {"type":"LineString",
    "coordinates":
    [[19.8961319, 45.1525454], [19.8963299, 45.1525551],
     [19.8964778, 45.152550100000006], [19.8965912, 45.1525091],
     [19.8967901, 45.1524057], [19.8970798, 45.152135300000005],
     [19.8973185, 45.151743700000004],
     [19.8973212, 45.151490200000005],
     [19.897401600000002, 45.151369200000005],
     [19.8976162, 45.1511914], [19.897747600000002, 45.1511441],
     [19.898249200000002, 45.151115700000005],
     [19.8983592, 45.1510419], [19.8989519, 45.1508963],
     [19.8990861, 45.150839500000004],
     [19.899188000000002, 45.1507714],
     [19.899276500000003, 45.1506806],
     [19.899517900000003, 45.150504700000006],
     [19.899897000000003, 45.150302200000006],
     [19.900222000000003, 45.150078900000004],
     [19.9003945, 45.149982300000005],
     [19.900615300000002, 45.149885700000006],
     [19.9009937, 45.1497715], [19.9013077, 45.149767100000005]]}},
  {"type":"Feature",
   "properties":{},
   "geometry":
   {"type":"LineString",
    "coordinates":
    [[19.9013077, 45.149767100000005], [19.901527, 45.1497316],
     [19.902172, 45.149578600000005], [19.9025648, 45.1494628],
     [19.9027312, 45.1494094], [19.902849200000002, 45.1493016],
     [19.9029136, 45.1491881], [19.902956500000002, 45.1490292],
     [19.9030101, 45.148834400000005],
     [19.9030665, 45.148734100000006],
     [19.903192500000003, 45.148649000000006],
     [19.903289100000002, 45.1485885],
     [19.903377600000002, 45.148456]]}},
  {"type":"Feature",
   "properties":{},
   "geometry":
   {"type":"LineString",
    "coordinates":
    [[19.903377600000002, 45.148456],
     [19.903541200000003, 45.148492000000005],
     [19.903707500000003, 45.148492000000005],
     [19.9039462, 45.1484485], [19.9041313, 45.148359600000006],
     [19.9043861, 45.148264000000005],
     [19.9044679, 45.148262100000004], [19.904709, 45.148316400000006],
     [19.9049051, 45.1482924], [19.9049547, 45.1482357],
     [19.904995, 45.148125], [19.9051733, 45.1480077],
     [19.9052605, 45.1479037], [19.9054724, 45.1474459],
     [19.9056092, 45.1473816], [19.9063495, 45.147372100000005],
     [19.9064541, 45.1473834], [19.9064997, 45.1474288],
     [19.906582800000002, 45.147584], [19.9066982, 45.147644500000006],
     [19.907088400000003, 45.147734400000004],
     [19.9071783, 45.147738100000005],
     [19.907442500000002, 45.147678600000006]]}},
  {"type":"Feature",
   "properties":{},
   "geometry":
   {"type":"LineString",
    "coordinates":
    [[19.910118, 45.1418754], [19.909956400000002, 45.1421143],
     [19.9097371, 45.142355], [19.9093375, 45.1426729],
     [19.908851300000002, 45.142984600000005],
     [19.9086374, 45.143073900000005], [19.9084577, 45.1431647],
     [19.9082297, 45.143361500000005], [19.9080312, 45.1436112],
     [19.907768400000002, 45.143902600000004],
     [19.9076986, 45.144055800000004],
     [19.907701300000003, 45.1441693],
     [19.907808600000003, 45.1443925],
     [19.907814000000002, 45.1445231], [19.907755, 45.1446612],
     [19.9076182, 45.1447482],
     [19.907264100000003, 45.144890100000005],
     [19.906928800000003, 45.1450509],
     [19.9068055, 45.145160600000004],
     [19.906625700000003, 45.1453706], [19.906607, 45.1455768],
     [19.906703500000003, 45.1457509], [19.9067759, 45.14594],
     [19.906837600000003, 45.146165200000006],
     [19.9068773, 45.1463936], [19.906902000000002, 45.1465284],
     [19.907012, 45.1467176], [19.9071836, 45.1468481],
     [19.907307000000003, 45.146959700000004],
     [19.9073976, 45.147108700000004],
     [19.9074767, 45.147235300000006],
     [19.907514900000002, 45.1473749],
     [19.907606100000002, 45.147776900000004],
     [19.9075305, 45.1478691]]}},
  {"type":"Feature",
   "properties":{},
   "geometry":
   {"type":"LineString",
    "coordinates":
    [[19.910118, 45.1418754], [19.9100107, 45.141800700000005],
     [19.9099027, 45.1417246], [19.9097525, 45.141675400000004],
     [19.9095762, 45.1416569], [19.9092543, 45.141691],
     [19.9087548, 45.141804], [19.9083739, 45.14191],
     [19.908062700000002, 45.1419743], [19.907757, 45.1419402],
     [19.9075317, 45.1417851], [19.907322500000003, 45.1415997],
     [19.9071186, 45.1413537], [19.9070757, 45.1412175],
     [19.9071079, 45.140797500000005], [19.9072044, 45.1406159],
     [19.9072634, 45.1403964], [19.9072695, 45.1401982],
     [19.907328500000002, 45.1400355],
     [19.9073473, 45.139887900000005],
     [19.907296300000002, 45.139702500000006],
     [19.907221200000002, 45.139353500000006],
     [19.9071448, 45.1391605], [19.907052200000003, 45.1390753],
     [19.906867300000002, 45.1390253],
     [19.906699500000002, 45.139006300000005],
     [19.9065024, 45.1390101], [19.9062476, 45.1389949],
     [19.9060303, 45.1389628], [19.9057862, 45.138924900000006],
     [19.9055576, 45.1389245], [19.9054, 45.138919200000004],
     [19.9052364, 45.1389155], [19.9051318, 45.1388814],
     [19.9050419, 45.138817100000004]]}},
  {"type":"Feature",
   "properties":{},
   "geometry":
   {"type":"LineString",
    "coordinates":
    [[19.902855900000002, 45.1371729], [19.9029136, 45.137224],
     [19.9029686, 45.1372968], [19.903054400000002, 45.1374075],
     [19.903156300000003, 45.137447200000004],
     [19.903329300000003, 45.137447200000004], [19.903399, 45.1374633],
     [19.9035224, 45.137508700000005],
     [19.903619000000003, 45.1375116],
     [19.903746400000003, 45.137506800000004],
     [19.903844300000003, 45.1375201],
     [19.903935500000003, 45.1375541],
     [19.904003600000003, 45.137607700000004],
     [19.9040696, 45.137685600000005],
     [19.904078700000003, 45.1377911],
     [19.903983500000002, 45.137962900000005],
     [19.9038669, 45.1380593],
     [19.903684300000002, 45.138238300000005], [19.9035479, 45.138416],
     [19.903501000000002, 45.1385427],
     [19.903511700000003, 45.138650600000005], [19.903568, 45.1387263],
     [19.903683400000002, 45.1387773], [19.903833600000002, 45.1388],
     [19.904107200000002, 45.1387944], [19.9043075, 45.1387869],
     [19.9046597, 45.1387584], [19.9048313, 45.138754600000006],
     [19.904942700000003, 45.1387707],
     [19.9050419, 45.138817100000004]]}},
  {"type":"Feature",
   "properties":{},
   "geometry":
   {"type":"LineString",
    "coordinates":
    [[19.902778100000003, 45.13512], [19.9026427, 45.1353215],
     [19.9025086, 45.1354927], [19.9024281, 45.135759500000006],
     [19.9023784, 45.136030600000005], [19.9023575, 45.1361087],
     [19.902320800000002, 45.136245800000005],
     [19.902328800000003, 45.1364577], [19.9024147, 45.1366734],
     [19.902530000000002, 45.1368475], [19.9026561, 45.1370291],
     [19.902855900000002, 45.1371729]]}},
  {"type":"Feature",
   "properties":{},
   "geometry":
   {"type":"LineString",
    "coordinates":
    [[19.902527300000003, 45.13519], [19.9026856, 45.1351663],
     [19.902778100000003, 45.13512]]}},
  {"type":"Feature",
   "properties":{},
   "geometry":
   {"type":"LineString",
    "coordinates":
    [[19.902377100000002, 45.1350386], [19.9024308, 45.1351389],
     [19.902527300000003, 45.13519]]}},
  {"type":"Feature",
   "properties":{},
   "geometry":
   {"type":"LineString",
    "coordinates":
    [[19.902377100000002, 45.1350386],
     [19.902516900000002, 45.1347384],
     [19.9027151, 45.134331200000005]]}},
  {"type":"Feature",
   "properties":{},
   "geometry":
   {"type":"LineString",
    "coordinates":
    [[19.900776500000003, 45.1322443],
     [19.9010199, 45.132512600000005],
     [19.9011433, 45.132679100000004], [19.9013999, 45.1328273],
     [19.9017608, 45.1328601], [19.902074300000002, 45.1329493],
     [19.902211100000002, 45.1330729],
     [19.9022511, 45.133256200000005],
     [19.902181300000002, 45.133477600000006],
     [19.902076700000002, 45.1338068], [19.902007, 45.1340377],
     [19.902012000000003, 45.1341782], [19.9020392, 45.1342142],
     [19.9023352, 45.134277000000004],
     [19.9027151, 45.134331200000005]]}},
  {"type":"Feature",
   "properties":{},
   "geometry":
   {"type":"LineString",
    "coordinates":
    [[19.900776500000003, 45.1322443], [19.9006478, 45.132215],
     [19.900541800000003, 45.1321847], [19.9004064, 45.1321327],
     [19.900234700000002, 45.1320622], [19.9001167, 45.132004],
     [19.9000282, 45.1319529],
     [19.899964500000003, 45.131890500000004],
     [19.899912200000003, 45.131819500000006],
     [19.899888, 45.131751400000006], [19.899878700000002, 45.1316842],
     [19.899882700000003, 45.131609000000005],
     [19.8998934, 45.131522000000004], [19.8999229, 45.1314013],
     [19.8999685, 45.131227700000004], [19.9000624, 45.1309723],
     [19.9002206, 45.1305806], [19.9003547, 45.130200200000004]]}},
  {"type":"Feature",
   "properties":{},
   "geometry":
   {"type":"LineString",
    "coordinates":
    [[19.879573, 45.1332694], [19.879801, 45.133322400000004],
     [19.880029, 45.133375400000006], [19.880484900000003, 45.1333981],
     [19.881212400000003, 45.1334613], [19.8821581, 45.1335631],
     [19.882260600000002, 45.133523000000004],
     [19.882346400000003, 45.133288400000005],
     [19.8824644, 45.1329288], [19.882561000000003, 45.1327926],
     [19.883092, 45.1328418], [19.883708900000002, 45.1328607],
     [19.8840684, 45.1328267], [19.88446, 45.132648800000005],
     [19.8848677, 45.132410400000005], [19.8852754, 45.1322855],
     [19.885629400000003, 45.132240100000004],
     [19.8859298, 45.1321682], [19.886267800000002, 45.1320319],
     [19.886584300000003, 45.1318806],
     [19.886707700000002, 45.1316043], [19.8868733, 45.1312104],
     [19.886968900000003, 45.130981000000006],
     [19.887067100000003, 45.1309004],
     [19.8872173, 45.130855000000004],
     [19.8874211, 45.130877700000006], [19.8876077, 45.1309227],
     [19.8876852, 45.130943200000004], [19.8878208, 45.1308493],
     [19.8879831, 45.130568100000005],
     [19.888075200000003, 45.1306026],
     [19.888159700000003, 45.1306311],
     [19.888579800000002, 45.130591900000006],
     [19.8888561, 45.1306279], [19.8891619, 45.1306695],
     [19.889347, 45.130877700000006], [19.8895293, 45.1311729],
     [19.889652700000003, 45.131513500000004],
     [19.8896474, 45.1317632], [19.8896635, 45.132088700000004],
     [19.8897014, 45.1322929],
     [19.889739900000002, 45.132373900000005],
     [19.8898201, 45.132418300000005],
     [19.890168300000003, 45.1324382], [19.8903119, 45.1328091],
     [19.8904409, 45.133059], [19.890583300000003, 45.1331647],
     [19.890711900000003, 45.133164], [19.8910284, 45.133139],
     [19.8911526, 45.1332023], [19.8912751, 45.1333075],
     [19.8914918, 45.1334601], [19.8918648, 45.133651400000005],
     [19.892136800000003, 45.133833300000006],
     [19.8922387, 45.133968800000005],
     [19.8924401, 45.134291000000005], [19.8925492, 45.1343747],
     [19.8925811, 45.1343994], [19.892742900000002, 45.1344544],
     [19.892911100000003, 45.134521], [19.8929745, 45.134576800000005],
     [19.8930216, 45.134677200000006], [19.893145, 45.134818800000005],
     [19.8932147, 45.134980000000006],
     [19.893257600000002, 45.135097300000005],
     [19.8932749, 45.1351433], [19.8934164, 45.135168400000005],
     [19.893508200000003, 45.1351157],
     [19.893592700000003, 45.1350458], [19.8936937, 45.1346019],
     [19.8937591, 45.1343863], [19.8937861, 45.134163400000006],
     [19.8937984, 45.134061700000004], [19.8937619, 45.1333603],
     [19.8938184, 45.1328535], [19.893897600000003, 45.1322307],
     [19.893997900000002, 45.1321871],
     [19.894727500000002, 45.132240100000004],
     [19.895560200000002, 45.1323087],
     [19.8963776, 45.132342300000005], [19.8965858, 45.1323002],
     [19.8965918, 45.1318702], [19.896628200000002, 45.1311498],
     [19.8967576, 45.131089], [19.8973245, 45.131123800000005],
     [19.8974416, 45.131071600000006], [19.8975341, 45.1309716],
     [19.897583400000002, 45.1307716], [19.8977682, 45.1305064],
     [19.897909900000002, 45.1303065], [19.8979946, 45.1302293],
     [19.8981441, 45.1302065], [19.8982427, 45.130228200000005],
     [19.898329, 45.130228200000005], [19.8984029, 45.1301804],
     [19.89852, 45.1300456], [19.898618600000002, 45.129936900000004],
     [19.898748, 45.1298587], [19.898871200000002, 45.1298587],
     [19.8991116, 45.129902200000004], [19.8997154, 45.1300717],
     [19.900202200000003, 45.130171700000005],
     [19.9003547, 45.130200200000004]]}},
  {"type":"Feature",
   "properties":{},
   "geometry":
   {"type":"LineString",
    "coordinates":
    [[19.8677888, 45.134390100000005],
     [19.867863500000002, 45.1341924], [19.8677981, 45.1338749],
     [19.867995500000003, 45.1334524],
     [19.868009800000003, 45.1332997],
     [19.867865400000003, 45.1330368],
     [19.867744400000003, 45.1326866],
     [19.867765900000002, 45.132073600000005], [19.8679054, 45.131574],
     [19.8679644, 45.1314037], [19.868006100000002, 45.1313377],
     [19.8681972, 45.131346300000004],
     [19.8697023, 45.131752500000005], [19.8702651, 45.1319077],
     [19.8707041, 45.1320287], [19.871549700000003, 45.1322039],
     [19.871896500000002, 45.132172000000004],
     [19.872089600000002, 45.132160600000006],
     [19.8722184, 45.1319941], [19.8724437, 45.1317784],
     [19.872588500000003, 45.131532400000005],
     [19.8727012, 45.1313167], [19.8727333, 45.130995000000006],
     [19.8727629, 45.130616200000006],
     [19.872770900000003, 45.1305143],
     [19.8728085, 45.130113200000004],
     [19.8729157, 45.129730900000006],
     [19.873060600000002, 45.129473600000004],
     [19.873285900000003, 45.129590900000004],
     [19.873468300000003, 45.129852], [19.8735863, 45.1300261],
     [19.8737108, 45.1300715], [19.8741442, 45.130151000000005],
     [19.8743212, 45.1303932], [19.8744607, 45.1307149],
     [19.8744446, 45.1309723], [19.8742568, 45.1312599],
     [19.8741871, 45.1315551], [19.874112, 45.132039500000005],
     [19.873994, 45.1325693], [19.8738384, 45.133031],
     [19.8737526, 45.1335495], [19.8738062, 45.1340452],
     [19.8739725, 45.134726400000005],
     [19.873967200000003, 45.135097300000005],
     [19.8743503, 45.135783800000006], [19.874364, 45.1362298],
     [19.874509500000002, 45.1363381],
     [19.8750937, 45.137277000000005], [19.8754692, 45.1373754],
     [19.875914400000003, 45.1373716],
     [19.876171900000003, 45.137401800000006],
     [19.8765179, 45.137401800000006],
     [19.8766789, 45.136858800000006],
     [19.876762000000003, 45.1363101], [19.8767915, 45.1359866],
     [19.876839800000003, 45.135776500000006],
     [19.8773065, 45.1358182], [19.8780441, 45.1358844],
     [19.8783606, 45.1359184], [19.8785752, 45.135888200000004],
     [19.8787415, 45.135789800000005], [19.8789024, 45.135347],
     [19.8790848, 45.134961000000004], [19.8791546, 45.1346318],
     [19.8792672, 45.1342231], [19.8793048, 45.1338749],
     [19.879573, 45.1332694]]}},
  {"type":"Feature",
   "properties":{},
   "geometry":
   {"type":"LineString",
    "coordinates":
    [[19.867321200000003, 45.134165800000005],
     [19.8674098, 45.1341995], [19.8674822, 45.134278200000004],
     [19.867543700000002, 45.1343534], [19.8675681, 45.1343601],
     [19.8676973, 45.1343954], [19.8677888, 45.134390100000005]]}},
  {"type":"Feature",
   "properties":{},
   "geometry":
   {"type":"LineString",
    "coordinates":
    [[19.866675700000002, 45.1324741], [19.8669468, 45.1327538],
     [19.8672153, 45.133047600000005], [19.8673, 45.133268900000004],
     [19.867317, 45.1334274], [19.867338200000003, 45.133765200000006],
     [19.867321200000003, 45.134165800000005]]}},
  {"type":"Feature",
   "properties":{},
   "geometry":
   {"type":"LineString",
    "coordinates":
    [[19.862996900000002, 45.1320357], [19.863040400000003, 45.132153],
     [19.863073, 45.1322836], [19.8631856, 45.1323182],
     [19.863320400000003, 45.132318500000004],
     [19.863487600000003, 45.1323123], [19.8639417, 45.1323163],
     [19.864066, 45.1323348], [19.8642185, 45.132375800000005],
     [19.864632500000003, 45.1324373], [19.8650191, 45.1325129],
     [19.8654984, 45.1325859], [19.8658161, 45.132553800000004],
     [19.866106600000002, 45.1325513],
     [19.866338900000002, 45.1325346],
     [19.866675700000002, 45.1324741]]}},
  {"type":"Feature",
   "properties":{},
   "geometry":
   {"type":"LineString",
    "coordinates":
    [[19.862996900000002, 45.1320357], [19.8630077, 45.1321455],
     [19.862996900000002, 45.132243900000006],
     [19.862947300000002, 45.132342300000005], [19.862887, 45.1324492],
     [19.8628454, 45.1326535], [19.862748800000002, 45.1331654],
     [19.8627113, 45.1333508], [19.862722, 45.1335769],
     [19.8627757, 45.1337349], [19.862823900000002, 45.1338683],
     [19.8628964, 45.133984700000006],
     [19.862941900000003, 45.134078300000006],
     [19.8629728, 45.134353700000005],
     [19.863003600000003, 45.134685700000006],
     [19.8631445, 45.1351427], [19.863174, 45.135403800000006],
     [19.8631922, 45.1355755], [19.8632004, 45.135676000000004],
     [19.8631925, 45.1357536], [19.8631512, 45.1358248]]}},
  {"type":"Feature",
   "properties":{},
   "geometry":
   {"type":"LineString",
    "coordinates":
    [[19.862321, 45.1366147], [19.862317, 45.136520100000006],
     [19.8623532, 45.1364558], [19.8625919, 45.136243900000004],
     [19.862836, 45.136049], [19.8630868, 45.1358929],
     [19.8631512, 45.1358248]]}},
  {"type":"Feature",
   "properties":{},
   "geometry":
   {"type":"LineString",
    "coordinates":
    [[19.862321, 45.1366147], [19.8622392, 45.1366024],
     [19.8621534, 45.1365731], [19.8621105, 45.136511600000006],
     [19.8620179, 45.136409400000005], [19.8619764, 45.1363603],
     [19.8619536, 45.136303500000004],
     [19.8619227, 45.136230600000005], [19.8618852, 45.1361531],
     [19.8618168, 45.136085], [19.8617484, 45.1360339],
     [19.8616719, 45.1360017], [19.8616169, 45.1359657],
     [19.8615277, 45.1359282],
     [19.861425200000003, 45.135915600000004], [19.861315, 45.1359398],
     [19.8612079, 45.1359762], [19.8611516, 45.1360216],
     [19.8610933, 45.1360796], [19.8610429, 45.136235400000004],
     [19.8610201, 45.136332800000005],
     [19.8609993, 45.136441000000005],
     [19.8609638, 45.136509700000005],
     [19.860926300000003, 45.136577800000005],
     [19.8608753, 45.1366346], [19.8608324, 45.1366724]]}},
  {"type":"Feature",
   "properties":{},
   "geometry":
   {"type":"LineString",
    "coordinates":
    [[19.8608324, 45.1366724], [19.8606151, 45.1367179],
     [19.860439600000003, 45.1367394], [19.8602946, 45.1367264],
     [19.860131000000003, 45.136705600000006],
     [19.859830600000002, 45.1366384],
     [19.859511400000002, 45.136630800000006],
     [19.8593823, 45.136653800000005],
     [19.8592629, 45.136689600000004], [19.8589683, 45.1368579],
     [19.8587709, 45.1370024], [19.858442500000002, 45.1371729],
     [19.858354000000002, 45.1372486],
     [19.858279200000002, 45.1373206], [19.858242, 45.1373523],
     [19.8582106, 45.137354300000005]]}},
  {"type":"Feature",
   "properties":{},
   "geometry":
   {"type":"LineString",
    "coordinates":
    [[19.8582106, 45.137354300000005],
     [19.8581316, 45.137369400000004]]}},
  {"type":"Feature",
   "properties":{},
   "geometry":
   {"type":"LineString",
    "coordinates":
    [[19.8581316, 45.137369400000004],
     [19.858054000000003, 45.1373988],
     [19.857991900000002, 45.137399900000005]]}},
  {"type":"Feature",
   "properties":{},
   "geometry":
   {"type":"LineString",
    "coordinates":
    [[19.857991900000002, 45.137399900000005],
     [19.8579356, 45.1373356], [19.8579544, 45.1371672],
     [19.8579705, 45.137023400000004],
     [19.8580402, 45.136856900000005],
     [19.858162500000002, 45.136657500000005], [19.8582092, 45.136471],
     [19.858219700000003, 45.136329800000006],
     [19.858210500000002, 45.1362183],
     [19.8581515, 45.136084000000004]]}},
  {"type":"Feature",
   "properties":{},
   "geometry":
   {"type":"LineString",
    "coordinates":
    [[19.8581515, 45.136084000000004],
     [19.8580818, 45.135958200000005],
     [19.858034800000002, 45.1358144],
     [19.8580228, 45.135662100000005], [19.8579772, 45.1355863],
     [19.8580402, 45.135386800000006],
     [19.8580536, 45.135250500000005],
     [19.8580724, 45.135031000000005],
     [19.8580912, 45.134877800000005],
     [19.858093200000003, 45.134704600000006],
     [19.8580107, 45.134319600000005]]}},
  {"type":"Feature",
   "properties":{},
   "geometry":
   {"type":"LineString",
    "coordinates":
    [[19.8580107, 45.134319600000005],
     [19.8580322, 45.134117100000005],
     [19.858037500000002, 45.133946800000004],
     [19.8580536, 45.133827600000004], [19.8580402, 45.133733],
     [19.8579678, 45.1336554], [19.857721, 45.1335854],
     [19.8574233, 45.1335552], [19.857219200000003, 45.1335606],
     [19.857021900000003, 45.1335393],
     [19.856596800000002, 45.1335185],
     [19.856280700000003, 45.1335807],
     [19.856153300000003, 45.1335939],
     [19.856062100000003, 45.1335552],
     [19.8560111, 45.133484200000005], [19.8560339, 45.1334208],
     [19.856078200000002, 45.1333678], [19.8561412, 45.1333205],
     [19.856194900000002, 45.13326], [19.856217700000002, 45.1331938],
     [19.856219000000003, 45.1331209],
     [19.856163000000002, 45.1330303],
     [19.856080900000002, 45.132953400000005],
     [19.8560312, 45.1328815], [19.855999100000002, 45.1328304],
     [19.855983000000002, 45.1327604], [19.8559749, 45.1325845],
     [19.855980300000002, 45.132408500000004],
     [19.8560017, 45.132242000000005],
     [19.856101000000002, 45.1317576],
     [19.856127800000003, 45.1315456],
     [19.8561224, 45.131381000000005],
     [19.8560634, 45.131261800000004], [19.8559105, 45.131118],
     [19.855513600000002, 45.1307916], [19.8553164, 45.1306717],
     [19.8552588, 45.1306099], [19.855250700000003, 45.1305229],
     [19.8552547, 45.1303743], [19.855273500000003, 45.1302305],
     [19.855335200000003, 45.1299183], [19.8553634, 45.129606],
     [19.855348600000003, 45.1294215]]}},
  {"type":"Feature",
   "properties":{},
   "geometry":
   {"type":"LineString",
    "coordinates":
    [[19.855348600000003, 45.1294215],
     [19.8554116, 45.129204900000005], [19.8555189, 45.1288624]]}},
  {"type":"Feature",
   "properties":{},
   "geometry":
   {"type":"LineString",
    "coordinates":
    [[19.8529521, 45.125831700000006], [19.8529762, 45.1259074],
     [19.8529708, 45.1260247], [19.8529105, 45.126143000000006],
     [19.8527831, 45.126354000000006], [19.8526798, 45.1264732],
     [19.8526275, 45.126610400000004],
     [19.8526275, 45.126729700000006], [19.8525883, 45.1269623],
     [19.8526999, 45.1272832],
     [19.852749600000003, 45.127337100000005],
     [19.852899800000003, 45.1274043], [19.8530889, 45.1274298],
     [19.8531921, 45.127490400000006], [19.853345, 45.127687200000004],
     [19.8534951, 45.1277733], [19.8535542, 45.1278651],
     [19.853558200000002, 45.128102600000005],
     [19.8536253, 45.1282123], [19.8537111, 45.128236900000005],
     [19.8538882, 45.128185800000004],
     [19.853998100000002, 45.1281868], [19.8540719, 45.1282161],
     [19.854412500000002, 45.1284792],
     [19.854754500000002, 45.128539700000005],
     [19.8555189, 45.1288624]]}},
  {"type":"Feature",
   "properties":{},
   "geometry":
   {"type":"LineString",
    "coordinates":
    [[19.852657200000003, 45.125322100000005],
     [19.8527729, 45.125324500000005], [19.8528479, 45.1254347],
     [19.852893100000003, 45.125530700000006],
     [19.852910100000003, 45.1256574], [19.8529243, 45.1257238],
     [19.8529521, 45.125831700000006]]}},
  {"type":"Feature",
   "properties":{},
   "geometry":
   {"type":"LineString",
    "coordinates":
    [[19.848906, 45.1273962], [19.8489603, 45.127396700000006],
     [19.8490369, 45.127404600000006], [19.8492627, 45.1273191],
     [19.8495718, 45.1271403], [19.849939300000003, 45.1268678],
     [19.850164600000003, 45.1266781], [19.8503496, 45.1265598],
     [19.8506743, 45.1263749], [19.8515242, 45.125970200000005],
     [19.852415500000003, 45.125518],
     [19.852657200000003, 45.125322100000005]]}},
  {"type":"Feature",
   "properties":{},
   "geometry":
   {"type":"LineString",
    "coordinates":
    [[19.8486163, 45.127147900000004],
     [19.8486495, 45.127182100000006], [19.8487027, 45.1272103],
     [19.848906, 45.1273962]]}},
  {"type":"Feature",
   "properties":{},
   "geometry":
   {"type":"LineString",
    "coordinates":
    [[19.846663600000003, 45.127801700000006],
     [19.8467641, 45.127859900000004],
     [19.8469118, 45.127899500000005],
     [19.846993100000002, 45.1278827], [19.8471063, 45.1278297],
     [19.8472106, 45.127748000000004], [19.8473571, 45.1276566],
     [19.847498, 45.127585800000006], [19.847711, 45.1274923],
     [19.8480637, 45.127375], [19.848344, 45.1272766],
     [19.848550600000003, 45.1271895],
     [19.8486163, 45.127147900000004]]}},
  {"type":"Feature",
   "properties":{},
   "geometry":
   {"type":"LineString",
    "coordinates":
    [[19.846686400000003, 45.126539400000006],
     [19.8467664, 45.1268352], [19.8467847, 45.1269134],
     [19.8467816, 45.1270012], [19.8467558, 45.1271099],
     [19.846673900000003, 45.127248300000005],
     [19.846565700000003, 45.1274469],
     [19.846541600000002, 45.127559500000004],
     [19.8465469, 45.1276664], [19.8465925, 45.1277449],
     [19.846663600000003, 45.127801700000006]]}},
  {"type":"Feature",
   "properties":{},
   "geometry":
   {"type":"LineString",
    "coordinates":
    [[19.8449524, 45.124584500000005], [19.8450221, 45.1246262],
     [19.845185700000002, 45.1247114], [19.8453011, 45.1247965],
     [19.8455076, 45.124972500000005],
     [19.845773100000002, 45.1252091],
     [19.846163400000002, 45.1255649],
     [19.846233100000003, 45.1256472],
     [19.846285400000003, 45.1257115],
     [19.846336400000002, 45.125802400000005],
     [19.846399400000003, 45.1259187],
     [19.846686400000003, 45.126539400000006]]}},
  {"type":"Feature",
   "properties":{},
   "geometry":
   {"type":"LineString",
    "coordinates":
    [[19.8449524, 45.124584500000005],
     [19.845048900000002, 45.1244701],
     [19.845239600000003, 45.1242297],
     [19.8454245, 45.123996600000005]]}},
  {"type":"Feature",
   "properties":{},
   "geometry":
   {"type":"LineString",
    "coordinates":
    [[19.8454245, 45.123996600000005],
     [19.845478800000002, 45.1239282],
     [19.845731100000002, 45.1236101]]}},
  {"type":"Feature",
   "properties":{},
   "geometry":
   {"type":"LineString",
    "coordinates":
    [[19.845731100000002, 45.1236101],
     [19.844974500000003, 45.1232875],
     [19.8448882, 45.123277900000005], [19.8447996, 45.1233036],
     [19.844554300000002, 45.123611200000006],
     [19.8444907, 45.1236529], [19.844202300000003, 45.1237106],
     [19.8436935, 45.123766700000004], [19.8433688, 45.1239301],
     [19.8430326, 45.124132], [19.8427419, 45.1243868],
     [19.842595000000003, 45.1245423]]}},
  {"type":"Feature",
   "properties":{},
   "geometry":
   {"type":"LineString",
    "coordinates":
    [[19.8396106, 45.1263494], [19.8399219, 45.1264643],
     [19.8401797, 45.1265386], [19.8404393, 45.126601300000004],
     [19.840640800000003, 45.1266602], [19.8408041, 45.1266705],
     [19.8409675, 45.1266167], [19.8410674, 45.1265386],
     [19.8413197, 45.1263759], [19.8414958, 45.1262145],
     [19.841606600000002, 45.126023700000005],
     [19.8417391, 45.125734200000004],
     [19.842035000000003, 45.1251681], [19.8422401, 45.124917],
     [19.842595000000003, 45.1245423]]}},
  {"type":"Feature",
   "properties":{},
   "geometry":
   {"type":"LineString",
    "coordinates":
    [[19.8396106, 45.1263494], [19.839508900000002, 45.1264915],
     [19.839349300000002, 45.126696200000005],
     [19.8390863, 45.126971000000005], [19.838802, 45.1271773],
     [19.8383425, 45.1273768], [19.838186200000003, 45.1274973],
     [19.838135700000002, 45.1276254],
     [19.8378441, 45.127856900000005],
     [19.8375738, 45.128131100000004],
     [19.837423700000002, 45.1284332],
     [19.837275100000003, 45.1285602],
     [19.8369846, 45.128806700000005], [19.8366288, 45.1292325],
     [19.836273000000002, 45.129736], [19.836089, 45.1299106],
     [19.8358478, 45.1300649], [19.8356041, 45.130263400000004],
     [19.835228100000002, 45.1304637],
     [19.8348635, 45.130700100000006]]}},
  {"type":"Feature",
   "properties":{},
   "geometry":
   {"type":"LineString",
    "coordinates":
    [[19.8297184, 45.131559800000005], [19.8300111, 45.1313772],
     [19.8304832, 45.1312675], [19.830966, 45.1312258],
     [19.8313522, 45.1311199], [19.8317707, 45.131029000000005],
     [19.8320228, 45.1309723], [19.832291, 45.1309004],
     [19.8325539, 45.130843600000006],
     [19.832716400000002, 45.130720600000004],
     [19.8328811, 45.130692200000006],
     [19.8331279, 45.130794400000006], [19.8333853, 45.1308322],
     [19.8336858, 45.130824700000005],
     [19.833948600000003, 45.1308322],
     [19.834211500000002, 45.130760300000006],
     [19.834495800000003, 45.130703600000004],
     [19.834737200000003, 45.130722500000005],
     [19.8348635, 45.130700100000006]]}},
  {"type":"Feature",
   "properties":{},
   "geometry":
   {"type":"LineString",
    "coordinates":
    [[19.8297184, 45.131559800000005], [19.8291741, 45.1316542],
     [19.8289154, 45.1314532], [19.8287197, 45.131289300000006],
     [19.828535600000002, 45.131234500000005],
     [19.8275384, 45.1315864], [19.8275049, 45.1314986],
     [19.827509300000003, 45.1313886], [19.8277556, 45.1310493],
     [19.827450300000002, 45.1306342]]}},
  {"type":"Feature",
   "properties":{},
   "geometry":
   {"type":"LineString",
    "coordinates":
    [[19.8258364, 45.131894900000006],
     [19.826238200000002, 45.131699700000006],
     [19.8264663, 45.1315296], [19.826702400000002, 45.1312591],
     [19.8273121, 45.1306856], [19.827450300000002, 45.1306342]]}},
  {"type":"Feature",
   "properties":{},
   "geometry":
   {"type":"LineString",
    "coordinates":
    [[19.819942700000002, 45.1316768], [19.820755600000002, 45.131602],
     [19.820801000000003, 45.131606000000005],
     [19.8211798, 45.131639400000005], [19.8221855, 45.1318363],
     [19.8228726, 45.131955500000004],
     [19.823344600000002, 45.131963500000005],
     [19.825085400000003, 45.132013400000005],
     [19.825688800000002, 45.1319182],
     [19.8258364, 45.131894900000006]]}},
  {"type":"Feature",
   "properties":{},
   "geometry":
   {"type":"LineString",
    "coordinates":
    [[19.8196051, 45.1323555], [19.819942700000002, 45.1316768]]}},
  {"type":"Feature",
   "properties":{},
   "geometry":
   {"type":"LineString",
    "coordinates":
    [[19.8136131, 45.129494300000005],
     [19.816000300000002, 45.1305654],
     [19.816225600000003, 45.130728100000006], [19.8167835, 45.131258],
     [19.8171429, 45.131451000000006],
     [19.8192565, 45.132241900000004], [19.8196051, 45.1323555]]}},
  {"type":"Feature",
   "properties":{},
   "geometry":
   {"type":"LineString",
    "coordinates":
    [[19.8133453, 45.1293969], [19.8136131, 45.129494300000005]]}},
  {"type":"Feature",
   "properties":{},
   "geometry":
   {"type":"LineString",
    "coordinates":
    [[19.8002922, 45.129788600000005], [19.8003579, 45.1297743],
     [19.8005874, 45.129801400000005],
     [19.800733100000002, 45.129801400000005], [19.800975, 45.1298138],
     [19.8011528, 45.1298261],
     [19.801560900000002, 45.129817900000006],
     [19.8019049, 45.1298261],
     [19.802190500000002, 45.129811700000005],
     [19.802359600000003, 45.1297829],
     [19.802651100000002, 45.129758200000005],
     [19.8028172, 45.129741800000005], [19.802884300000002, 45.129748],
     [19.803102900000003, 45.1297768], [19.8034731, 45.1297603],
     [19.803732500000002, 45.1297562], [19.803989, 45.1297439],
     [19.8043096, 45.1297439], [19.804487400000003, 45.1297459],
     [19.8048547, 45.129741800000005], [19.8049684, 45.129748],
     [19.805090800000002, 45.1297459],
     [19.8053677, 45.129719200000004],
     [19.8058224, 45.129682200000005], [19.8064083, 45.1296842],
     [19.807282800000003, 45.129645100000005],
     [19.8073556, 45.129645100000005],
     [19.8080406, 45.129628700000005], [19.8086936, 45.1296205],
     [19.8093261, 45.1295732],
     [19.809477700000002, 45.129548500000006],
     [19.8096934, 45.129569100000005], [19.8097779, 45.1295608],
     [19.810133500000003, 45.1295403], [19.810768, 45.1295458],
     [19.8117425, 45.1294971], [19.8118649, 45.129493000000004],
     [19.8124246, 45.1294765], [19.812853, 45.1295444],
     [19.813071700000002, 45.1294868],
     [19.813232000000003, 45.1294436], [19.8133453, 45.1293969]]}},
  {"type":"Feature",
   "properties":{},
   "geometry":
   {"type":"LineString",
    "coordinates":
    [[19.800138500000003, 45.129851900000006],
     [19.800229, 45.129801900000004],
     [19.8002922, 45.129788600000005]]}},
  {"type":"Feature",
   "properties":{},
   "geometry":
   {"type":"LineString",
    "coordinates":
    [[19.800087700000002, 45.1298499], [19.8001139, 45.1298509],
     [19.800138500000003, 45.129851900000006]]}},
  {"type":"Feature",
   "properties":{},
   "geometry":
   {"type":"LineString",
    "coordinates":
    [[19.799998300000002, 45.1297068],
     [19.800022600000002, 45.1297511], [19.8000314, 45.1298047],
     [19.800087700000002, 45.1298499]]}},
  {"type":"Feature",
   "properties":{},
   "geometry":
   {"type":"LineString",
    "coordinates":
    [[19.799998300000002, 45.1297068], [19.7999654, 45.129688],
     [19.7998309, 45.1296448], [19.799588200000002, 45.1296467],
     [19.7994008, 45.129580100000005],
     [19.799265300000002, 45.1294704],
     [19.7991818, 45.129274900000006],
     [19.7990159, 45.129137300000004],
     [19.798809000000002, 45.129040200000006],
     [19.798613500000002, 45.1288799], [19.798345, 45.128631500000004],
     [19.798170600000002, 45.1284195],
     [19.798143800000002, 45.1283382], [19.7981653, 45.1281508],
     [19.798143800000002, 45.1280032],
     [19.798017700000003, 45.127906700000004],
     [19.797703900000002, 45.1278197],
     [19.7974706, 45.127672100000005], [19.7973177, 45.127445],
     [19.7972909, 45.127252000000006],
     [19.7973445, 45.127119500000006],
     [19.797323000000002, 45.1269293],
     [19.797225100000002, 45.1266322],
     [19.7970897, 45.126514900000004], [19.7967735, 45.126365],
     [19.7963336, 45.126156800000004], [19.7961834, 45.126119],
     [19.795740900000002, 45.126037600000004],
     [19.795647000000002, 45.1260168], [19.7953972, 45.1258932],
     [19.7953449, 45.1257749]]}},
  {"type":"Feature",
   "properties":{},
   "geometry":
   {"type":"LineString",
    "coordinates":
    [[19.7953449, 45.1257749], [19.795314, 45.125806100000005],
     [19.795174600000003, 45.125778700000005],
     [19.794910400000003, 45.1256585],
     [19.794685100000002, 45.1255393]]}},
  {"type":"Feature",
   "properties":{},
   "geometry":
   {"type":"LineString",
    "coordinates":
    [[19.794685100000002, 45.1255393],
     [19.794643500000003, 45.125416300000005],
     [19.794573800000002, 45.1252744],
     [19.7943968, 45.125064300000005],
     [19.7943213, 45.124961000000006]]}},
  {"type":"Feature",
   "properties":{},
   "geometry":
   {"type":"LineString",
    "coordinates":
    [[19.7905656, 45.129099000000004], [19.7906248, 45.1286726],
     [19.7906789, 45.128481300000004],
     [19.790713800000002, 45.128357900000005],
     [19.7914005, 45.1273569], [19.7918822, 45.126571600000005],
     [19.7922051, 45.1260719], [19.792666500000003, 45.1254739],
     [19.7931484, 45.125224100000004],
     [19.7941352, 45.125002800000004],
     [19.7943213, 45.124961000000006]]}},
  {"type":"Feature",
   "properties":{},
   "geometry":
   {"type":"LineString",
    "coordinates":
    [[19.789947, 45.1291178], [19.7902953, 45.129088],
     [19.7905656, 45.129099000000004]]}},
  {"type":"Feature",
   "properties":{},
   "geometry":
   {"type":"LineString",
    "coordinates":
    [[19.789947, 45.1291178], [19.789875900000002, 45.129089500000006],
     [19.7898424, 45.129040200000006],
     [19.7898356, 45.128880300000006],
     [19.7898096, 45.128818900000006],
     [19.7897451, 45.128812700000005], [19.7892496, 45.1288056],
     [19.7891571, 45.128801800000005],
     [19.7891021, 45.128786700000006],
     [19.7890605, 45.128764000000004],
     [19.7890297, 45.128728900000006], [19.7890109, 45.1286788],
     [19.7890109, 45.128623000000005],
     [19.789018900000002, 45.1283278], [19.7889988, 45.1282842],
     [19.788982700000002, 45.1282227],
     [19.7889237, 45.128160300000005], [19.7888942, 45.128148],
     [19.7888084, 45.128111100000005], [19.7886434, 45.1280506],
     [19.7884557, 45.1279691], [19.7881606, 45.127797]]}},
  {"type":"Feature",
   "properties":{},
   "geometry":
   {"type":"LineString",
    "coordinates":
    [[19.7881606, 45.127797], [19.7881162, 45.1278309],
     [19.7880517, 45.1278835], [19.787985600000003, 45.1279271],
     [19.7879338, 45.127959600000004],
     [19.787853000000002, 45.1280117], [19.787717800000003, 45.128086],
     [19.787706, 45.1280925], [19.7875766, 45.1281636]]}},
  {"type":"Feature",
   "properties":{},
   "geometry":
   {"type":"LineString",
    "coordinates":
    [[19.7875766, 45.1281636], [19.787520500000003, 45.1281016],
     [19.7874667, 45.1280421], [19.787429900000003, 45.1280122]]}},
  {"type":"Feature",
   "properties":{},
   "geometry":
   {"type":"LineString",
    "coordinates":
    [[19.787429900000003, 45.1280122],
     [19.7873291, 45.127915400000006]]}},
  {"type":"Feature",
   "properties":{},
   "geometry":
   {"type":"LineString",
    "coordinates":
    [[19.7873291, 45.127915400000006], [19.787303, 45.1278779],
     [19.7872859, 45.1278403], [19.7872847, 45.1278014]]}},
  {"type":"Feature",
   "properties":{},
   "geometry":
   {"type":"LineString",
    "coordinates":
    [[19.786988, 45.1280275], [19.7870513, 45.1279139],
     [19.7871019, 45.1278559], [19.787154, 45.127830700000004],
     [19.787212, 45.1278139], [19.7872847, 45.1278014]]}},
  {"type":"Feature",
   "properties":{},
   "geometry":
   {"type":"LineString",
    "coordinates":
    [[19.786416900000003, 45.1282216], [19.7864803, 45.1282585],
     [19.786570100000002, 45.1282523],
     [19.786703900000003, 45.1282432], [19.7869449, 45.1281114],
     [19.786988, 45.1280275]]}},
  {"type":"Feature",
   "properties":{},
   "geometry":
   {"type":"LineString",
    "coordinates":
    [[19.786416900000003, 45.1282216], [19.7865457, 45.1279983],
     [19.786553700000002, 45.127960900000005],
     [19.786709300000002, 45.127290200000004]]}},
  {"type":"Feature",
   "properties":{},
   "geometry":
   {"type":"LineString",
    "coordinates":
    [[19.7830161, 45.125300900000006],
     [19.7831583, 45.125283800000005],
     [19.7832683, 45.125300900000006], [19.7833595, 45.125317],
     [19.7834115, 45.1253334], [19.7834748, 45.125397400000004],
     [19.783535200000003, 45.125497700000004],
     [19.7835432, 45.125644300000005], [19.7835472, 45.1258118],
     [19.7835539, 45.1259661], [19.7835417, 45.126097400000006],
     [19.783525700000002, 45.1262223],
     [19.783506000000003, 45.1263601], [19.7834419, 45.1265123],
     [19.7833778, 45.126660400000006],
     [19.783296200000002, 45.126831100000004], [19.783275, 45.1269397],
     [19.7835298, 45.1270145], [19.7837497, 45.127056100000004],
     [19.7840582, 45.1270949], [19.784364, 45.1271166],
     [19.784610800000003, 45.127160100000005],
     [19.784705900000002, 45.1272018], [19.7847797, 45.127268],
     [19.7848387, 45.1273021], [19.7849393, 45.127316300000004],
     [19.785357, 45.127279400000006], [19.7858467, 45.1272918],
     [19.7860507, 45.127302], [19.786251800000002, 45.127223900000004],
     [19.7864645, 45.1272237],
     [19.786709300000002, 45.127290200000004]]}},
  {"type":"Feature",
   "properties":{},
   "geometry":
   {"type":"LineString",
    "coordinates":
    [[19.7757192, 45.125263000000004],
     [19.7758815, 45.125263000000004],
     [19.776401800000002, 45.125363300000004],
     [19.777187700000002, 45.1254627],
     [19.777281600000002, 45.125437100000006],
     [19.7773557, 45.125379200000005],
     [19.777611500000003, 45.125266800000006],
     [19.7777992, 45.1252422],
     [19.778145300000002, 45.125224200000005],
     [19.7784255, 45.1251656], [19.7787219, 45.1251334],
     [19.7794931, 45.1250094], [19.7796889, 45.1250227],
     [19.7803648, 45.125132400000005], [19.7809439, 45.1251406],
     [19.7812646, 45.125179700000004],
     [19.7821478, 45.125292800000004],
     [19.782536800000003, 45.125364700000006],
     [19.7828364, 45.1254201], [19.7829638, 45.125384100000005],
     [19.7830161, 45.125300900000006]]}},
  {"type":"Feature",
   "properties":{},
   "geometry":
   {"type":"LineString",
    "coordinates":
    [[19.7757192, 45.125263000000004],
     [19.7757608, 45.125090900000004],
     [19.776128200000002, 45.124836300000005]]}},
  {"type":"Feature",
   "properties":{},
   "geometry":
   {"type":"LineString",
    "coordinates":
    [[19.776128200000002, 45.124836300000005],
     [19.7759512, 45.1246631], [19.7755663, 45.1243982],
     [19.7752726, 45.1241616], [19.7749883, 45.1238626],
     [19.7749668, 45.1237803], [19.7750647, 45.123714]]}},
  {"type":"Feature",
   "properties":{},
   "geometry":
   {"type":"LineString",
    "coordinates":
    [[19.7736474, 45.118376000000005], [19.773933, 45.1187479],
     [19.7740671, 45.1191832],
     [19.773997400000003, 45.119675300000004],
     [19.7742173, 45.120178700000004],
     [19.7743915, 45.120656600000004],
     [19.7745243, 45.120939500000006], [19.7746262, 45.1210484],
     [19.7747308, 45.121174200000006],
     [19.774786000000002, 45.1212765],
     [19.7747591, 45.121556600000005], [19.7746061, 45.1220827],
     [19.774563200000003, 45.1223022],
     [19.774579300000003, 45.1224063],
     [19.7746865, 45.122763000000006], [19.7748998, 45.1232977],
     [19.7750647, 45.123714]]}},
  {"type":"Feature",
   "properties":{},
   "geometry":
   {"type":"LineString",
    "coordinates":
    [[19.7736474, 45.118376000000005], [19.7729822, 45.118357],
     [19.7724082, 45.1182473], [19.7715713, 45.1183002],
     [19.7707573, 45.1185312]]}},
  {"type":"Feature",
   "properties":{},
   "geometry":
   {"type":"LineString",
    "coordinates":
    [[19.7707573, 45.1185312], [19.7706941, 45.118482900000004],
     [19.770513, 45.118435600000005],
     [19.770344, 45.118401500000004]]}},
  {"type":"Feature",
   "properties":{},
   "geometry":
   {"type":"LineString",
    "coordinates":
    [[19.770344, 45.118401500000004], [19.7702488, 45.1183362],
     [19.7699082, 45.118251], [19.7695246, 45.118217],
     [19.7690713, 45.118239700000004],
     [19.768883600000002, 45.118219800000006],
     [19.768573800000002, 45.118149800000005],
     [19.7682962, 45.1181403],
     [19.768124500000003, 45.118088300000004],
     [19.768010500000003, 45.118100600000005],
     [19.767909900000003, 45.118170600000006],
     [19.767834800000003, 45.1182548], [19.7677745, 45.1183788],
     [19.7675559, 45.118622900000005],
     [19.767445900000002, 45.1186968], [19.7674419, 45.1187393],
     [19.767404300000003, 45.118757300000006],
     [19.767325200000002, 45.1187441], [19.767289, 45.1187545],
     [19.7671925, 45.1188255], [19.7671187, 45.118838700000005],
     [19.7670731, 45.118821700000005], [19.7670302, 45.1187715],
     [19.7670114, 45.1185491], [19.7669457, 45.1184233],
     [19.766892000000002, 45.1183684], [19.7667284, 45.1183466],
     [19.7660941, 45.1183324]]}},
  {"type":"Feature",
   "properties":{},
   "geometry":
   {"type":"LineString",
    "coordinates":
    [[19.7660941, 45.1183324], [19.7661196, 45.1184658],
     [19.7661196, 45.1185387], [19.7660464, 45.118540800000005]]}},
  {"type":"Feature",
   "properties":{},
   "geometry":
   {"type":"LineString",
    "coordinates":
    [[19.7660464, 45.118540800000005],
     [19.7659117, 45.118556700000006]]}},
  {"type":"Feature",
   "properties":{},
   "geometry":
   {"type":"LineString",
    "coordinates":
    [[19.7659117, 45.118556700000006],
     [19.765477200000003, 45.1185756],
     [19.765215700000002, 45.1185898], [19.765103, 45.118617300000004],
     [19.7650241, 45.11865]]}},
  {"type":"Feature",
   "properties":{},
   "geometry":
   {"type":"LineString",
    "coordinates":
    [[19.7649513, 45.1185625], [19.7650241, 45.11865]]}},
  {"type":"Feature",
   "properties":{},
   "geometry":
   {"type":"LineString",
    "coordinates":
    [[19.7560521, 45.115805800000004],
     [19.7563201, 45.115862400000005], [19.7570658, 45.1160555],
     [19.7587502, 45.116434000000005],
     [19.759125700000002, 45.1164189],
     [19.759469000000003, 45.1164302],
     [19.7597855, 45.116466200000005], [19.7601798, 45.116646],
     [19.7603407, 45.116786100000006], [19.7605097, 45.1170075],
     [19.7609308, 45.117316], [19.7609737, 45.117389900000006],
     [19.7610703, 45.1174485], [19.7611159, 45.1175432],
     [19.7614968, 45.117456100000005], [19.7618294, 45.1174637],
     [19.762164600000002, 45.1174485], [19.7624275, 45.1174277],
     [19.762663500000002, 45.1174485],
     [19.762996100000002, 45.1173652],
     [19.763208000000002, 45.1174182],
     [19.7634307, 45.117437200000005],
     [19.763497700000002, 45.117467500000004],
     [19.7635004, 45.117607500000005],
     [19.7635648, 45.117760800000006],
     [19.7637046, 45.118280500000004],
     [19.763716300000002, 45.1184233],
     [19.763973800000002, 45.1186646],
     [19.763983200000002, 45.1187564], [19.7640181, 45.1187838],
     [19.764404300000002, 45.118791400000006],
     [19.764563900000002, 45.11878],
     [19.764789200000003, 45.118602100000004],
     [19.764883100000002, 45.118566200000004],
     [19.7649513, 45.1185625]]}},
  {"type":"Feature",
   "properties":{},
   "geometry":
   {"type":"LineString",
    "coordinates":
    [[19.7560521, 45.115805800000004],
     [19.755976800000003, 45.115939100000006],
     [19.7558963, 45.116005300000005],
     [19.755833300000003, 45.116026100000006],
     [19.755738100000002, 45.116022300000004],
     [19.7541435, 45.1158548],
     [19.753814900000002, 45.115834400000004],
     [19.753707300000002, 45.115875900000006],
     [19.7536011, 45.1158987], [19.7534971, 45.115888000000005],
     [19.7533992, 45.1158463], [19.7532745, 45.115777200000004],
     [19.7530948, 45.115708100000006], [19.7527337, 45.1157198],
     [19.752543600000003, 45.115745100000005],
     [19.7523759, 45.1157905], [19.7518217, 45.115996200000005],
     [19.7515106, 45.1161892], [19.751178, 45.1163407],
     [19.7509155, 45.1163545], [19.7507465, 45.116384800000006],
     [19.7501886, 45.1165892], [19.7499311, 45.1165627],
     [19.749738, 45.1166063], [19.7494134, 45.116617600000005],
     [19.7491774, 45.116551400000006], [19.7485846, 45.1165627],
     [19.748383500000003, 45.116523],
     [19.748262800000003, 45.116517300000005],
     [19.7480321, 45.1165627], [19.7476163, 45.1165589],
     [19.746642700000002, 45.1166782]]}},
  {"type":"Feature",
   "properties":{},
   "geometry":
   {"type":"LineString",
    "coordinates":
    [[19.746642700000002, 45.1166782],
     [19.746508600000002, 45.1162372], [19.7464227, 45.1157224],
     [19.7464549, 45.115324900000005], [19.7465461, 45.1151053],
     [19.746632, 45.114844100000006], [19.7466212, 45.1144163],
     [19.746590700000002, 45.1142915], [19.7463912, 45.1141201],
     [19.7462668, 45.1136822], [19.7463549, 45.1135826],
     [19.746326200000002, 45.1133904],
     [19.746294000000002, 45.113163300000004],
     [19.746401300000002, 45.1128074], [19.7464979, 45.1122698],
     [19.7465492, 45.111848900000005],
     [19.746691000000002, 45.1114748],
     [19.746798300000002, 45.1110356],
     [19.746927000000003, 45.1106873], [19.747045, 45.1104148],
     [19.747023600000002, 45.110172500000004]]}},
  {"type":"Feature",
   "properties":{},
   "geometry":
   {"type":"LineString",
    "coordinates":
    [[19.747790600000002, 45.1090205],
     [19.747715900000003, 45.109129200000005],
     [19.747656600000003, 45.1094169], [19.7471798, 45.1099556],
     [19.747023600000002, 45.110172500000004]]}},
  {"type":"Feature",
   "properties":{},
   "geometry":
   {"type":"LineString",
    "coordinates":
    [[19.7447947, 45.1091105], [19.7448832, 45.1091484],
     [19.7450461, 45.1092141], [19.7451514, 45.109222200000005],
     [19.745319000000002, 45.1092335],
     [19.745485300000002, 45.1092165], [19.7459239, 45.1091313],
     [19.746519300000003, 45.109002600000004],
     [19.7470128, 45.108934500000004],
     [19.747404500000002, 45.108919300000004], [19.7476768, 45.108977],
     [19.747790600000002, 45.1090205]]}},
  {"type":"Feature",
   "properties":{},
   "geometry":
   {"type":"LineString",
    "coordinates":
    [[19.7447947, 45.1091105], [19.7446793, 45.1092269],
     [19.744533200000003, 45.1094456],
     [19.744469000000002, 45.1095806],
     [19.7444256, 45.109718400000006], [19.7443986, 45.1098079],
     [19.7443853, 45.109895], [19.7443481, 45.109982200000005],
     [19.7443038, 45.110065500000005]]}},
  {"type":"Feature",
   "properties":{},
   "geometry":
   {"type":"LineString",
    "coordinates":
    [[19.7443038, 45.110065500000005], [19.7442113, 45.1101952],
     [19.7440088, 45.1104536], [19.743906900000002, 45.1105917],
     [19.743806300000003, 45.1107498],
     [19.7436802, 45.110942900000005],
     [19.743532700000003, 45.111138800000006],
     [19.743320800000003, 45.1113943],
     [19.743192500000003, 45.1115088], [19.743036500000002, 45.111612],
     [19.742848300000002, 45.1117153],
     [19.742683800000002, 45.111723700000006],
     [19.7425232, 45.1116971], [19.7423723, 45.1116091],
     [19.742250000000002, 45.1114979],
     [19.7421566, 45.111284500000004], [19.7421185, 45.1111072]]}},
  {"type":"Feature",
   "properties":{},
   "geometry":
   {"type":"LineString",
    "coordinates":
    [[19.7360587, 45.1166611], [19.7363363, 45.1165211],
     [19.7365201, 45.116393300000006], [19.7367038, 45.1162883],
     [19.736845900000002, 45.116156700000005],
     [19.7370471, 45.115930500000005],
     [19.737214700000003, 45.115714800000006],
     [19.737500400000002, 45.1153873],
     [19.7376627, 45.115160200000005],
     [19.737775300000003, 45.1150372], [19.7379202, 45.1148365],
     [19.7380704, 45.114575300000006], [19.7381025, 45.114386],
     [19.7382581, 45.114105900000006], [19.738403, 45.1139318],
     [19.7385693, 45.113655400000006], [19.7387087, 45.1135418],
     [19.738934, 45.113435800000005], [19.7391164, 45.113235200000005],
     [19.7392881, 45.113019400000006], [19.7393846, 45.1128604],
     [19.7394329, 45.11269], [19.7396475, 45.1124894],
     [19.7399533, 45.112197900000005], [19.7402215, 45.1118193],
     [19.7404736, 45.111418], [19.7407365, 45.1110849],
     [19.740908100000002, 45.110778200000006],
     [19.741090500000002, 45.110558600000005],
     [19.741208500000003, 45.110498], [19.7414446, 45.110558600000005],
     [19.741627, 45.110623000000004], [19.741796, 45.110729000000006],
     [19.741951500000003, 45.110944800000006],
     [19.7421185, 45.1111072]]}},
  {"type":"Feature",
   "properties":{},
   "geometry":
   {"type":"LineString",
    "coordinates":
    [[19.7357717, 45.1204011], [19.735629600000003, 45.1202837],
     [19.7356027, 45.120119100000004],
     [19.7356617, 45.119920400000005], [19.7356966, 45.1197084],
     [19.735773000000002, 45.119539], [19.7358227, 45.119267400000005],
     [19.7358562, 45.119011], [19.7358428, 45.1188273],
     [19.7358401, 45.1185756], [19.7358857, 45.1183106],
     [19.7360627, 45.118019200000006], [19.7361472, 45.1178195],
     [19.7361821, 45.1174939], [19.736162, 45.1168552],
     [19.7361231, 45.1167406], [19.7360587, 45.1166611]]}},
  {"type":"Feature",
   "properties":{},
   "geometry":
   {"type":"LineString",
    "coordinates":
    [[19.734755200000002, 45.120966], [19.734928200000002, 45.120984],
     [19.7357717, 45.1204011]]}},
  {"type":"Feature",
   "properties":{},
   "geometry":
   {"type":"LineString",
    "coordinates":
    [[19.7336576, 45.1206085], [19.7337306, 45.1206017],
     [19.7338741, 45.120581800000004], [19.7340041, 45.1205639],
     [19.7340953, 45.120544900000006],
     [19.734233500000002, 45.1204929],
     [19.734354200000002, 45.120481500000004],
     [19.7344754, 45.1204364], [19.734537500000002, 45.1204206],
     [19.734554600000003, 45.1205057],
     [19.734563400000003, 45.120600800000005],
     [19.734583500000003, 45.1206717],
     [19.734615700000003, 45.1207645],
     [19.7346827, 45.120862900000006],
     [19.734755200000002, 45.120966]]}},
  {"type":"Feature",
   "properties":{},
   "geometry":
   {"type":"LineString",
    "coordinates":
    [[19.7327122, 45.1205579], [19.7327938, 45.120620800000005],
     [19.7327316, 45.120767], [19.732714, 45.120847700000006],
     [19.732740800000002, 45.1209367], [19.7328334, 45.1210238],
     [19.732988900000002, 45.1210588],
     [19.733165500000002, 45.1210187],
     [19.733223600000002, 45.120946200000006],
     [19.733282600000003, 45.1208194],
     [19.733305400000003, 45.1207465],
     [19.733435500000002, 45.1206824],
     [19.7335254, 45.120655600000006], [19.7336576, 45.1206085]]}},
  {"type":"Feature",
   "properties":{},
   "geometry":
   {"type":"LineString",
    "coordinates":
    [[19.7327122, 45.1205579], [19.7325239, 45.120566600000004]]}},
  {"type":"Feature",
   "properties":{},
   "geometry":
   {"type":"LineString",
    "coordinates":
    [[19.7325239, 45.120566600000004],
     [19.732513400000002, 45.120389700000004]]}},
  {"type":"Feature",
   "properties":{},
   "geometry":
   {"type":"LineString",
    "coordinates":
    [[19.7163177, 45.115641000000004],
     [19.716870200000002, 45.115913500000005],
     [19.717202800000003, 45.116103700000004], [19.717479, 45.1163356],
     [19.717558200000003, 45.116432100000004],
     [19.7176051, 45.1165419], [19.7176467, 45.116779400000006],
     [19.717772800000002, 45.1170066], [19.7179176, 45.1171656],
     [19.7179557, 45.1171719], [19.7179942, 45.117158700000005],
     [19.7180138, 45.1171279], [19.7180772, 45.1169772],
     [19.7182071, 45.1168811], [19.7182837, 45.1167558],
     [19.7184634, 45.11661], [19.718572, 45.116557],
     [19.7189745, 45.116503200000004], [19.7190683, 45.11654],
     [19.7191876, 45.1165533], [19.7194009, 45.1165542],
     [19.7195095, 45.1165287], [19.7195886, 45.1165372],
     [19.7196852, 45.116590200000005],
     [19.720016400000002, 45.1166895],
     [19.7207902, 45.116728300000005],
     [19.721593600000002, 45.1168665],
     [19.721702200000003, 45.116913800000006],
     [19.721825600000003, 45.116995200000005],
     [19.7221957, 45.117134300000004],
     [19.722370100000003, 45.1172697], [19.7228944, 45.1174419],
     [19.7230259, 45.1175015], [19.7231962, 45.117614100000004],
     [19.723426800000002, 45.117665200000005],
     [19.7237796, 45.1176558], [19.7240438, 45.1176728],
     [19.724215400000002, 45.117667100000006],
     [19.724541300000002, 45.117721100000004],
     [19.7249373, 45.117651300000006],
     [19.7250187, 45.117624500000005], [19.7254586, 45.1173927],
     [19.7256772, 45.1173116], [19.7257946, 45.1172873],
     [19.7261144, 45.117300900000004], [19.7265576, 45.1173638],
     [19.7268359, 45.117445700000005],
     [19.727025100000002, 45.117602100000006],
     [19.7270438, 45.1176624], [19.7270009, 45.1177835],
     [19.7270572, 45.117889500000004], [19.7271001, 45.1179368],
     [19.7274229, 45.118146200000005], [19.7276527, 45.1183968],
     [19.7277573, 45.118442200000004], [19.7279102, 45.1184517],
     [19.7279826, 45.118474400000004], [19.7280309, 45.1185028],
     [19.7281435, 45.118622], [19.728215900000002, 45.1186371],
     [19.728515, 45.118640000000006], [19.729122500000003, 45.1187422],
     [19.729272700000003, 45.118791400000006],
     [19.7293907, 45.1188652], [19.7294994, 45.118904],
     [19.7299165, 45.1188775], [19.730098400000003, 45.1188349],
     [19.7302289, 45.1188312], [19.7303617, 45.118777200000004],
     [19.7304448, 45.118680700000006],
     [19.7305193, 45.118668400000004],
     [19.730930400000002, 45.118751100000004],
     [19.731041100000002, 45.1187939], [19.7312012, 45.118957],
     [19.7312629, 45.1190725], [19.7312951, 45.1192882],
     [19.7313568, 45.1194245], [19.7314453, 45.119481300000004],
     [19.731576200000003, 45.1195041],
     [19.7316745, 45.119542700000004],
     [19.7317886, 45.119549400000004], [19.7318503, 45.1195929],
     [19.7318798, 45.1196478], [19.7321296, 45.119864],
     [19.7321749, 45.1199998], [19.732199, 45.1201759],
     [19.732298800000002, 45.120285],
     [19.732513400000002, 45.120389700000004]]}},
  {"type":"Feature",
   "properties":{},
   "geometry":
   {"type":"LineString",
    "coordinates":
    [[19.7112871, 45.1121369], [19.7113516, 45.112242200000004],
     [19.711456700000003, 45.112426400000004],
     [19.711573400000002, 45.112720700000004],
     [19.711642100000002, 45.1127935],
     [19.7116905, 45.112872100000004], [19.7117605, 45.1129759],
     [19.7118588, 45.1130883], [19.7120539, 45.1132396],
     [19.712248900000002, 45.1133967],
     [19.712387800000002, 45.113503900000005],
     [19.7125227, 45.113616900000004], [19.7126902, 45.1137327],
     [19.712841400000002, 45.1138513],
     [19.712931700000002, 45.1139237],
     [19.7130464, 45.113990300000005], [19.7132772, 45.1140818],
     [19.713571, 45.1141567], [19.7136524, 45.114199500000005],
     [19.7137196, 45.1142495], [19.7138178, 45.1143786],
     [19.713924000000002, 45.114487600000004],
     [19.714038000000002, 45.114582500000004],
     [19.7141723, 45.114670200000006],
     [19.7143437, 45.114779500000004],
     [19.714525400000003, 45.114912700000005],
     [19.7146101, 45.1150056], [19.714707100000002, 45.1150898],
     [19.7148001, 45.1151263], [19.7149378, 45.115165600000005],
     [19.7151342, 45.1152199], [19.715294, 45.1152871],
     [19.7155165, 45.115373500000004], [19.7157172, 45.1154473],
     [19.715991000000002, 45.115509700000004],
     [19.716211400000002, 45.1155826],
     [19.7163177, 45.115641000000004]]}},
  {"type":"Feature",
   "properties":{},
   "geometry":
   {"type":"LineString",
    "coordinates":
    [[19.7108987, 45.1122211], [19.7109852, 45.112203400000006],
     [19.7111382, 45.1121544], [19.7112871, 45.1121369]]}},
  {"type":"Feature",
   "properties":{},
   "geometry":
   {"type":"LineString",
    "coordinates":
    [[19.7106171, 45.1121057], [19.7108987, 45.1122211]]}},
  {"type":"Feature",
   "properties":{},
   "geometry":
   {"type":"LineString",
    "coordinates":
    [[19.7106171, 45.1121057], [19.7104269, 45.112283500000004],
     [19.7102161, 45.1125338], [19.710077300000002, 45.1127406],
     [19.7100516, 45.1128767], [19.7099693, 45.113047200000004],
     [19.7098331, 45.113257600000004],
     [19.709754500000003, 45.113345100000004],
     [19.7097404, 45.1133608]]}},
  {"type":"Feature",
   "properties":{},
   "geometry":
   {"type":"LineString",
    "coordinates":
    [[19.7097404, 45.1133608], [19.7096796, 45.113412000000004]]}},
  {"type":"Feature",
   "properties":{},
   "geometry":
   {"type":"LineString",
    "coordinates":
    [[19.7096796, 45.113412000000004],
     [19.7096531, 45.113449900000006],
     [19.709480900000003, 45.1136495],
     [19.7092804, 45.113927000000004],
     [19.709136400000002, 45.114148400000005],
     [19.7089539, 45.114489400000004],
     [19.708827900000003, 45.1146309], [19.708594, 45.114819600000004],
     [19.7083112, 45.115109800000006],
     [19.7080619, 45.115443600000006], [19.7078166, 45.1157361],
     [19.7077627, 45.115785200000005],
     [19.707693300000003, 45.1158322]]}},
  {"type":"Feature",
   "properties":{},
   "geometry":
   {"type":"LineString",
    "coordinates":
    [[19.707693300000003, 45.1158322], [19.7076365, 45.115971],
     [19.707487500000003, 45.116164000000005],
     [19.707493600000003, 45.1162251], [19.7075105, 45.1162502]]}},
  {"type":"Feature",
   "properties":{},
   "geometry":
   {"type":"LineString",
    "coordinates":
    [[19.7075105, 45.1162502], [19.7075673, 45.1163187]]}},
  {"type":"Feature",
   "properties":{},
   "geometry":
   {"type":"LineString",
    "coordinates":
    [[19.7075673, 45.1163187],
     [19.707575600000002, 45.116352500000005],
     [19.707544600000002, 45.116411500000005],
     [19.7075113, 45.116428600000006], [19.7069595, 45.1167953]]}},
  {"type":"Feature",
   "properties":{},
   "geometry":
   {"type":"LineString",
    "coordinates":
    [[19.69313, 45.1350027], [19.693298900000002, 45.134828600000006],
     [19.6933848, 45.134688600000004], [19.6934371, 45.1345722],
     [19.6935256, 45.134398100000006],
     [19.6935806, 45.134249600000004],
     [19.693663700000002, 45.1340566], [19.6936986, 45.1337917],
     [19.6936852, 45.1335192], [19.693763, 45.1333186],
     [19.693703900000003, 45.133051800000004],
     [19.6937147, 45.1328702], [19.693738800000002, 45.1326374],
     [19.693628800000003, 45.1323688],
     [19.6934572, 45.132054600000004],
     [19.6933128, 45.131798800000006],
     [19.6931838, 45.131569500000005],
     [19.6931416, 45.131436400000005], [19.693159, 45.1311563],
     [19.6932136, 45.1309078],
     [19.693149000000002, 45.130611900000005],
     [19.6932136, 45.1304473], [19.6932781, 45.1300815],
     [19.693321100000002, 45.130002000000005],
     [19.6934736, 45.1299001], [19.693624200000002, 45.129804],
     [19.6937818, 45.129687600000004],
     [19.694018800000002, 45.1295055], [19.6940771, 45.1294399],
     [19.6941069, 45.129361100000004],
     [19.694219800000003, 45.129223700000004],
     [19.694372400000002, 45.1290757], [19.6945473, 45.1290223],
     [19.694726000000003, 45.128912], [19.6949282, 45.128656400000004],
     [19.695002600000002, 45.1285759],
     [19.695198700000002, 45.1285041], [19.6952806, 45.1284149],
     [19.69536, 45.1282853], [19.6956081, 45.1281102],
     [19.6957793, 45.127973700000005],
     [19.695888500000002, 45.1278774], [19.6959431, 45.1277899],
     [19.695953000000003, 45.1276305],
     [19.696015000000003, 45.1274572],
     [19.6960269, 45.127287100000004], [19.6960994, 45.1270983],
     [19.6961987, 45.126925], [19.696315300000002, 45.12682],
     [19.6963376, 45.126728], [19.696417, 45.1265906],
     [19.696456700000002, 45.1264558], [19.6965808, 45.1263],
     [19.696794200000003, 45.126089900000004],
     [19.696856200000003, 45.125988400000004],
     [19.6969952, 45.1258956], [19.6971242, 45.125781800000006],
     [19.6972607, 45.1257065], [19.6974331, 45.1255675],
     [19.697665200000003, 45.125505200000006],
     [19.6979729, 45.1254763], [19.6981404, 45.125367700000005],
     [19.6983243, 45.1252427], [19.6984041, 45.125215000000004],
     [19.6985791, 45.1251225], [19.6989391, 45.124966300000004],
     [19.6990762, 45.1248901], [19.6992295, 45.1247795],
     [19.6995301, 45.1245514],
     [19.699863200000003, 45.124369200000004], [19.700087, 45.1241691],
     [19.7002126, 45.1239581], [19.700362600000002, 45.1237471],
     [19.7004516, 45.123693800000005], [19.7005406, 45.1236635],
     [19.7006488, 45.1235002], [19.7007812, 45.123363000000005],
     [19.7009022, 45.1233006], [19.70109, 45.123271700000004],
     [19.7012696, 45.1232199], [19.7014567, 45.1231209],
     [19.7016046, 45.123075500000006], [19.7016712, 45.1230072],
     [19.7017679, 45.1229682], [19.7019531, 45.122971],
     [19.702045700000003, 45.1229609],
     [19.702122000000003, 45.1229394], [19.7022404, 45.1228647],
     [19.702334500000003, 45.122831700000006],
     [19.7024383, 45.122801700000004],
     [19.702623300000003, 45.122766600000006],
     [19.7027728, 45.1226773], [19.702971, 45.122605300000004],
     [19.7030502, 45.1224896], [19.7031829, 45.1224117],
     [19.703365400000003, 45.122362800000005],
     [19.703485800000003, 45.122229700000005],
     [19.7035954, 45.1221875], [19.7036431, 45.1221052],
     [19.703669400000003, 45.1220154],
     [19.703777900000002, 45.121911000000004],
     [19.7038221, 45.121821700000005],
     [19.703945400000002, 45.1214993],
     [19.703992900000003, 45.121330500000006],
     [19.7041156, 45.121222200000005],
     [19.704203800000002, 45.1210108],
     [19.7042922, 45.120761800000004], [19.7043864, 45.1205541],
     [19.704444900000002, 45.1203184], [19.7045888, 45.1201999],
     [19.704702400000002, 45.120183700000005],
     [19.7048014, 45.1200166], [19.7048315, 45.1198473],
     [19.704798500000003, 45.119716000000004],
     [19.704889, 45.119497100000004], [19.705001000000003, 45.119301],
     [19.70511, 45.1191283], [19.7052835, 45.1189784],
     [19.705555800000003, 45.1187801], [19.7057149, 45.1185185],
     [19.705866800000003, 45.1183191], [19.7060616, 45.1181272],
     [19.706186900000002, 45.1181081], [19.7062233, 45.1180936],
     [19.706339, 45.1180474], [19.706351100000003, 45.1178797],
     [19.706427400000003, 45.1175847], [19.7065983, 45.1173025],
     [19.7068905, 45.1168625], [19.7069595, 45.1167953]]}},
  {"type":"Feature",
   "properties":{},
   "geometry":
   {"type":"LineString",
    "coordinates":
    [[19.6924131, 45.135572200000006], [19.692615, 45.1354005],
     [19.6927249, 45.135267600000006], [19.6929301, 45.135137],
     [19.69313, 45.1350027]]}},
  {"type":"Feature",
   "properties":{},
   "geometry":
   {"type":"LineString",
    "coordinates":
    [[19.6778125, 45.1361336], [19.678159700000002, 45.1362609],
     [19.678218100000002, 45.1363709],
     [19.678286800000002, 45.1364868],
     [19.6784845, 45.136594300000006], [19.67886, 45.1365749],
     [19.6793997, 45.1366412], [19.6798101, 45.1367642],
     [19.6802151, 45.1368512],
     [19.680649600000002, 45.136870200000004],
     [19.680773000000002, 45.1368626],
     [19.680904400000003, 45.1368815], [19.6810654, 45.1368531],
     [19.6812478, 45.136786900000004], [19.6813577, 45.1367812],
     [19.681668900000002, 45.136618500000004],
     [19.6821302, 45.1365731], [19.6825057, 45.136499300000004],
     [19.682680100000002, 45.136505], [19.6829268, 45.136531500000004],
     [19.683101200000003, 45.136522], [19.6834375, 45.136529700000004],
     [19.6836218, 45.1365485], [19.6837248, 45.1366062],
     [19.683824, 45.136678100000005], [19.6838884, 45.136712200000005],
     [19.6840735, 45.136742500000004],
     [19.6843404, 45.136771800000005], [19.684736, 45.136802100000004],
     [19.6849358, 45.1368938], [19.685457500000002, 45.1370159],
     [19.6857539, 45.137054600000006],
     [19.6861804, 45.137050900000006],
     [19.686557200000003, 45.1369525], [19.6869823, 45.136786],
     [19.6872291, 45.1367339], [19.687496000000003, 45.1367812],
     [19.6877669, 45.136846500000004], [19.6878849, 45.1368768],
     [19.688019, 45.1368844], [19.6881263, 45.136880600000005],
     [19.6882604, 45.136861700000004],
     [19.6884321, 45.136812500000005],
     [19.6886279, 45.136686600000004], [19.6888022, 45.1366535],
     [19.6890463, 45.1365391], [19.6891938, 45.1364454],
     [19.6894218, 45.1363177], [19.689737, 45.1361956],
     [19.6904477, 45.136160600000004],
     [19.690687800000003, 45.1361256], [19.6908876, 45.136066],
     [19.691877, 45.135645000000004],
     [19.692150400000003, 45.135551500000005],
     [19.6922399, 45.1355432], [19.6924131, 45.135572200000006]]}},
  {"type":"Feature",
   "properties":{},
   "geometry":
   {"type":"LineString",
    "coordinates":
    [[19.6778125, 45.1361336], [19.677726500000002, 45.1361185],
     [19.677547, 45.136095100000006],
     [19.6772835, 45.136064100000006]]}},
  {"type":"Feature",
   "properties":{},
   "geometry":
   {"type":"LineString",
    "coordinates":
    [[19.6775893, 45.1356546],
     [19.677494300000003, 45.135797600000004],
     [19.6772835, 45.136064100000006]]}},
  {"type":"Feature",
   "properties":{},
   "geometry":
   {"type":"LineString",
    "coordinates":
    [[19.6728522, 45.118877700000006],
     [19.6727959, 45.118965900000006],
     [19.6725332, 45.119191900000004],
     [19.6724037, 45.119395100000006],
     [19.6723101, 45.119664300000004],
     [19.672302900000002, 45.119814100000006],
     [19.672428800000002, 45.1198776], [19.6726232, 45.1198421],
     [19.6728571, 45.1197582], [19.6730623, 45.119710000000005],
     [19.673231400000002, 45.1197582],
     [19.673368200000002, 45.119938600000005], [19.673451, 45.1201468],
     [19.6734006, 45.1204795], [19.6733538, 45.120829900000004],
     [19.6734474, 45.1210991], [19.6735301, 45.121365700000005],
     [19.673612900000002, 45.121607000000004],
     [19.6736489, 45.121881300000005],
     [19.673652500000003, 45.122213900000006],
     [19.673630900000003, 45.122686300000005],
     [19.673584100000003, 45.1230824], [19.6736021, 45.1233541],
     [19.673544500000002, 45.1236131],
     [19.6735013, 45.123966100000004],
     [19.673591300000002, 45.124225100000004],
     [19.673720900000003, 45.1246771],
     [19.6737425, 45.125091000000005], [19.6738396, 45.1253983],
     [19.6739512, 45.125723300000004],
     [19.673987200000003, 45.1260686],
     [19.6739944, 45.126561300000006],
     [19.674059200000002, 45.1270031],
     [19.674008800000003, 45.1273763], [19.6738073, 45.1276912],
     [19.673749700000002, 45.128072100000004],
     [19.6736885, 45.128376800000005],
     [19.6735337, 45.128595100000005], [19.6734654, 45.1288008],
     [19.6733754, 45.129052200000004],
     [19.6733502, 45.129443200000004],
     [19.673364600000003, 45.129775800000004],
     [19.6734294, 45.130019600000004], [19.6734222, 45.1303141],
     [19.6735265, 45.130613700000005],
     [19.673702900000002, 45.1309946],
     [19.673872000000003, 45.131218000000004],
     [19.6742175, 45.1314338],
     [19.674483900000002, 45.131609000000005],
     [19.6747358, 45.1318477], [19.6751137, 45.1320406],
     [19.6753764, 45.1322184], [19.6754916, 45.1324647],
     [19.6756679, 45.132779500000005],
     [19.6759954, 45.133053700000005],
     [19.6762267, 45.133390500000004],
     [19.676704100000002, 45.133610000000004],
     [19.676835500000003, 45.133712200000005],
     [19.677004500000002, 45.134166300000004],
     [19.677168100000003, 45.1343328],
     [19.677203000000002, 45.134705600000004],
     [19.6772379, 45.1349894], [19.6775628, 45.1354393],
     [19.6775893, 45.1356546]]}},
  {"type":"Feature",
   "properties":{},
   "geometry":
   {"type":"LineString",
    "coordinates":
    [[19.673385800000002, 45.1141628],
     [19.673496200000002, 45.1143538],
     [19.673590100000002, 45.114537500000004],
     [19.673515000000002, 45.1148308], [19.6733674, 45.1151337],
     [19.6727318, 45.116161500000004],
     [19.672211400000002, 45.1167634],
     [19.671315500000002, 45.1176681], [19.6708113, 45.1184706],
     [19.6703875, 45.1191065], [19.6699018, 45.119637600000004],
     [19.6699637, 45.119704600000006],
     [19.6701139, 45.119787900000006], [19.6704197, 45.1197954],
     [19.6712244, 45.119738700000006], [19.6715838, 45.1193753],
     [19.672012900000002, 45.118947500000004],
     [19.672483500000002, 45.118735],
     [19.6728522, 45.118877700000006]]}},
  {"type":"Feature",
   "properties":{},
   "geometry":
   {"type":"LineString",
    "coordinates":
    [[19.6611692, 45.122312300000004],
     [19.6616731, 45.122096400000004], [19.6621445, 45.1218755],
     [19.6625872, 45.121667200000005], [19.6631702, 45.121459],
     [19.6636273, 45.1212711], [19.6641744, 45.121022200000006],
     [19.664779000000003, 45.120720000000006],
     [19.665160500000002, 45.120471200000004],
     [19.6654808, 45.120202000000006],
     [19.665693100000002, 45.1198642],
     [19.665945100000002, 45.119539200000006],
     [19.666254600000002, 45.119107400000004],
     [19.666517300000002, 45.1187036],
     [19.666711600000003, 45.118348100000006],
     [19.6668592, 45.118073800000005],
     [19.667186700000002, 45.117654800000004],
     [19.667402600000003, 45.1172942], [19.6675934, 45.1170199],
     [19.667877700000002, 45.116753200000005],
     [19.6681512, 45.1165475], [19.6683564, 45.1164891],
     [19.6686479, 45.1165475], [19.6690258, 45.1165399],
     [19.6693101, 45.116506900000005],
     [19.669634000000002, 45.116623700000005],
     [19.6697564, 45.1166415], [19.6700227, 45.116595700000005],
     [19.670397, 45.116420500000004], [19.6708828, 45.116225],
     [19.6711852, 45.116065000000006], [19.6713975, 45.1158973],
     [19.671707, 45.1157881], [19.671919300000003, 45.1156738],
     [19.6721209, 45.11543], [19.672239700000002, 45.1151913],
     [19.6723764, 45.114889100000006], [19.6724052, 45.114663],
     [19.672484400000002, 45.1144675],
     [19.672635500000002, 45.1143938], [19.6728947, 45.1143075],
     [19.673215000000003, 45.1141805],
     [19.673385800000002, 45.1141628]]}},
  {"type":"Feature",
   "properties":{},
   "geometry":
   {"type":"LineString",
    "coordinates":
    [[19.6611692, 45.122312300000004],
     [19.660636800000002, 45.122394500000006],
     [19.6601933, 45.122418100000004],
     [19.6598334, 45.122418100000004], [19.6593063, 45.1224889],
     [19.658921300000003, 45.1224476], [19.6587289, 45.1223059],
     [19.6585699, 45.122111100000005],
     [19.6583021, 45.121703700000005],
     [19.658168200000002, 45.1214911],
     [19.6580343, 45.121296300000004],
     [19.657925600000002, 45.1211191], [19.6578921, 45.1208593],
     [19.657975800000003, 45.1206527], [19.658026, 45.120233500000005],
     [19.657925600000002, 45.119867400000004],
     [19.657883700000003, 45.1194481],
     [19.657883700000003, 45.119164700000006],
     [19.657783300000002, 45.1188045],
     [19.6576913, 45.118473900000005], [19.6575072, 45.1181727],
     [19.657323100000003, 45.117972], [19.6570922, 45.117721]]}},
  {"type":"Feature",
   "properties":{},
   "geometry":
   {"type":"LineString",
    "coordinates":
    [[19.6570922, 45.117721], [19.6568377, 45.1174346],
     [19.656670700000003, 45.117263], [19.656641200000003, 45.117229],
     [19.656620200000003, 45.117186600000004],
     [19.656508900000002, 45.116843900000006],
     [19.6564695, 45.116531200000004],
     [19.656268700000002, 45.1159052], [19.6560846, 45.1155568],
     [19.6558838, 45.114990000000006],
     [19.655775000000002, 45.1145884],
     [19.655867100000002, 45.1143286], [19.6559758, 45.1139329],
     [19.6560679, 45.1133778],
     [19.656252000000002, 45.112934900000006],
     [19.6565365, 45.112468400000004],
     [19.656653600000002, 45.112137700000005], [19.6567708, 45.111435],
     [19.6568377, 45.1111574], [19.6569432, 45.110866],
     [19.6569539, 45.1105783], [19.6569217, 45.110283],
     [19.656911, 45.1099271], [19.656964600000002, 45.1094577],
     [19.6569861, 45.1090639],
     [19.656964600000002, 45.108814100000004],
     [19.656918, 45.108701200000006],
     [19.656889500000002, 45.108632300000004], [19.6567072, 45.108443],
     [19.6564711, 45.108268900000006], [19.6562351, 45.1081401],
     [19.656074200000003, 45.1080417],
     [19.6557952, 45.108019000000006], [19.6555055, 45.1080266],
     [19.655194400000003, 45.1080114],
     [19.6550227, 45.107935700000006],
     [19.6549154, 45.107769100000006],
     [19.654894000000002, 45.1075041], [19.6548833, 45.10708],
     [19.654776000000002, 45.1069286], [19.6545399, 45.1068377],
     [19.654262900000003, 45.1067924], [19.6538831, 45.1067477]]}},
  {"type":"Feature",
   "properties":{},
   "geometry":
   {"type":"LineString",
    "coordinates":
    [[19.6538831, 45.1067477], [19.6538969, 45.1066887],
     [19.6539602, 45.105874500000006],
     [19.6539813, 45.105472400000004], [19.6539912, 45.1053282]]}},
  {"type":"Feature",
   "properties":{},
   "geometry":
   {"type":"LineString",
    "coordinates":
    [[19.6539912, 45.1053282], [19.6539094, 45.105331],
     [19.6532817, 45.1053294], [19.650910800000002, 45.1051967],
     [19.650787700000002, 45.105189800000005],
     [19.6506456, 45.105181800000004],
     [19.647743000000002, 45.1049212], [19.6470398, 45.1048661],
     [19.6468549, 45.1048477], [19.645749300000002, 45.1047286]]}},
  {"type":"Feature",
   "properties":{},
   "geometry":
   {"type":"LineString",
    "coordinates":
    [[19.645749300000002, 45.1047286],
     [19.645239500000002, 45.1047321],
     [19.6443477, 45.104803600000004],
     [19.643758400000003, 45.104859700000006],
     [19.6427137, 45.1049931], [19.6422798, 45.1050844],
     [19.642011800000002, 45.1052151]]}},
  {"type":"Feature",
   "properties":{},
   "geometry":
   {"type":"LineString",
    "coordinates":
    [[19.642011800000002, 45.1052151], [19.6419345, 45.1053207],
     [19.6418767, 45.105475000000006],
     [19.641871400000003, 45.105577100000005],
     [19.6418511, 45.1056474], [19.6418167, 45.1057149],
     [19.6417651, 45.1057484], [19.641722700000003, 45.1057593]]}},
  {"type":"Feature",
   "properties":{},
   "geometry":
   {"type":"LineString",
    "coordinates":
    [[19.641722700000003, 45.1057593], [19.6416118, 45.1057567]]}},
  {"type":"Feature",
   "properties":{},
   "geometry":
   {"type":"LineString",
    "coordinates":
    [[19.6416118, 45.1057567], [19.6415651, 45.1057514],
     [19.641516300000003, 45.1057385],
     [19.6414051, 45.105693200000005], [19.641005, 45.1054862],
     [19.6405549, 45.1051893],
     [19.640036900000002, 45.104745400000006],
     [19.6398945, 45.1046477], [19.6397634, 45.104591400000004]]}},
  {"type":"Feature",
   "properties":{},
   "geometry":
   {"type":"LineString",
    "coordinates":
    [[19.6397634, 45.104591400000004],
     [19.639609800000002, 45.104578800000006],
     [19.639425900000003, 45.1045901],
     [19.639186600000002, 45.1046325],
     [19.6389646, 45.104696100000005], [19.6387575, 45.1047771],
     [19.6374947, 45.1052489],
     [19.636904700000002, 45.105347300000005],
     [19.636542900000002, 45.1053529], [19.636291, 45.1053568],
     [19.6355019, 45.105359500000006],
     [19.634619400000002, 45.105362500000005],
     [19.634220300000003, 45.1054249],
     [19.6340293, 45.105529100000005],
     [19.6339757, 45.105602000000005],
     [19.6335658, 45.106159500000004],
     [19.6333808, 45.106328000000005], [19.6331689, 45.1065002],
     [19.6328846, 45.106579700000005], [19.6326968, 45.1066062],
     [19.632573, 45.1065867], [19.63242, 45.1065513],
     [19.632251, 45.106449100000006], [19.6321571, 45.1063355],
     [19.632044500000003, 45.106097000000005],
     [19.6318299, 45.1056048],
     [19.631604600000003, 45.104862700000005],
     [19.6314008, 45.1044689], [19.6312369, 45.1043147],
     [19.631078900000002, 45.104166], [19.6305854, 45.1039313],
     [19.6300275, 45.1037495], [19.6279246, 45.1031513],
     [19.6261513, 45.1026576], [19.6252317, 45.1024016],
     [19.622163200000003, 45.1014549], [19.6207685, 45.1009551],
     [19.6199745, 45.1006219], [19.619481, 45.100349300000005],
     [19.6193724, 45.1002785], [19.6186183, 45.0997867],
     [19.618354500000002, 45.099614700000004],
     [19.6170027, 45.098637700000005], [19.6160049, 45.0978274],
     [19.615736700000003, 45.0976835], [19.6155221, 45.0976456],
     [19.6142775, 45.0976532], [19.6140522, 45.0976835],
     [19.613934200000003, 45.097660700000006]]}},
  {"type":"Feature",
   "properties":{},
   "geometry":
   {"type":"LineString",
    "coordinates":
    [[19.6070914, 45.093979700000006], [19.607151, 45.094097700000006],
     [19.6069505, 45.094474500000004],
     [19.6068599, 45.094762100000004],
     [19.6069052, 45.094965300000005], [19.6071575, 45.0957507],
     [19.607720200000003, 45.0969197],
     [19.608554700000003, 45.097874000000004],
     [19.6087034, 45.0979448], [19.6091465, 45.0979722],
     [19.6099389, 45.097883100000004], [19.6112363, 45.0978057],
     [19.6121088, 45.097753600000004],
     [19.6130274, 45.097713600000006], [19.6133619, 45.0977296],
     [19.6135491, 45.097753600000004],
     [19.613826900000003, 45.0977176],
     [19.613934200000003, 45.097660700000006]]}},
  {"type":"Feature",
   "properties":{},
   "geometry":
   {"type":"LineString",
    "coordinates":
    [[19.6047002, 45.0924725],
     [19.604700100000002, 45.092520900000004],
     [19.604708300000002, 45.092569000000005],
     [19.6047234, 45.092613500000006],
     [19.604745700000002, 45.092656500000004],
     [19.6047747, 45.092697400000006],
     [19.604810200000003, 45.092735700000006],
     [19.60498, 45.092952000000004], [19.6051937, 45.0932242],
     [19.6054351, 45.0935063],
     [19.605477800000003, 45.093551700000006],
     [19.605529100000002, 45.093592300000005],
     [19.605588, 45.093627500000004],
     [19.605657100000002, 45.093658000000005],
     [19.605731900000002, 45.0936808],
     [19.6058106, 45.093695700000005],
     [19.6061446, 45.093772400000006],
     [19.6070914, 45.093979700000006]]}},
  {"type":"Feature",
   "properties":{},
   "geometry":
   {"type":"LineString",
    "coordinates":
    [[19.6058933, 45.092175700000006],
     [19.6058401, 45.092173300000006], [19.6056658, 45.0921922],
     [19.6051366, 45.092381800000005],
     [19.6049738, 45.092451600000004], [19.6048236, 45.09248],
     [19.6047002, 45.0924725]]}},
  {"type":"Feature",
   "properties":{},
   "geometry":
   {"type":"LineString",
    "coordinates":
    [[19.6059713, 45.092179200000004],
     [19.6058933, 45.092175700000006]]}},
  {"type":"Feature",
   "properties":{},
   "geometry":
   {"type":"LineString",
    "coordinates":
    [[19.6135302, 45.092956400000006], [19.6133482, 45.0929384],
     [19.6123908, 45.0928592], [19.6105224, 45.092677200000004],
     [19.6098573, 45.0926242], [19.6083503, 45.0924257],
     [19.6076149, 45.092328800000004],
     [19.606864700000003, 45.092235800000005],
     [19.6059713, 45.092179200000004]]}},
  {"type":"Feature",
   "properties":{},
   "geometry":
   {"type":"LineString",
    "coordinates":
    [[19.6135302, 45.092956400000006],
     [19.6135817, 45.092907000000004], [19.613619, 45.092780100000006],
     [19.6135875, 45.0917885], [19.613592500000003, 45.0825699]]}},
  {"type":"Feature",
   "properties":{},
   "geometry":
   {"type":"LineString",
    "coordinates":
    [[19.613592500000003, 45.0825699], [19.613555, 45.0768788]]}},
  {"type":"Feature",
   "properties":{},
   "geometry":
   {"type":"LineString",
    "coordinates":
    [[19.613555, 45.0768788], [19.614293200000002, 45.076661200000004],
     [19.614368600000002, 45.0766365],
     [19.6149083, 45.076459400000005], [19.6155538, 45.0760938],
     [19.6157045, 45.075928000000005]]}},
  {"type":"Feature",
   "properties":{},
   "geometry":
   {"type":"LineString",
    "coordinates":
    [[19.6144563, 45.068704200000006],
     [19.6146514, 45.068798400000006], [19.6147916, 45.0690546],
     [19.6151214, 45.0699338], [19.615393400000002, 45.0702773],
     [19.6155501, 45.0705102],
     [19.615822100000003, 45.071191400000004],
     [19.616086000000003, 45.071808600000004],
     [19.6164157, 45.0734214], [19.6165033, 45.073816400000005],
     [19.6164282, 45.073917200000004], [19.6163165, 45.074067],
     [19.6158588, 45.0744562], [19.6157654, 45.0751883],
     [19.6157045, 45.075928000000005]]}},
  {"type":"Feature",
   "properties":{},
   "geometry":
   {"type":"LineString",
    "coordinates":
    [[19.6121336, 45.0691751], [19.612397100000003, 45.0690347],
     [19.6144563, 45.068704200000006]]}},
  {"type":"Feature",
   "properties":{},
   "geometry":
   {"type":"LineString",
    "coordinates":
    [[19.6121336, 45.0691751], [19.6120731, 45.069184500000006]]}},
  {"type":"Feature",
   "properties":{},
   "geometry":
   {"type":"LineString",
    "coordinates":
    [[19.6120731, 45.069184500000006],
     [19.6119776, 45.069204000000006],
     [19.6118987, 45.069137100000006], [19.6119965, 45.0687969],
     [19.612191900000003, 45.0686095],
     [19.6122617, 45.068451800000005],
     [19.612066300000002, 45.068013]]}},
  {"type":"Feature",
   "properties":{},
   "geometry":
   {"type":"LineString",
    "coordinates":
    [[19.612066300000002, 45.068013], [19.611834700000003, 45.0671739],
     [19.6117555, 45.066419800000006],
     [19.6117288, 45.062868200000004]]}},
  {"type":"Feature",
   "properties":{},
   "geometry":
   {"type":"LineString",
    "coordinates":
    [[19.6127137, 45.0625476],
     [19.612640000000003, 45.062566700000005],
     [19.6124973, 45.0626139], [19.6117288, 45.062868200000004]]}},
  {"type":"Feature",
   "properties":{},
   "geometry":
   {"type":"LineString",
    "coordinates":
    [[19.612825700000002, 45.0625185], [19.6127556, 45.0625367],
     [19.6127137, 45.0625476]]}},
  {"type":"Feature",
   "properties":{},
   "geometry":
   {"type":"LineString",
    "coordinates":
    [[19.631301500000003, 45.057248900000005],
     [19.625763600000003, 45.058774], [19.617522400000002, 45.0611601],
     [19.6151538, 45.0618459],
     [19.614565000000002, 45.062016400000005],
     [19.613068000000002, 45.0624498],
     [19.612872900000003, 45.0625063],
     [19.612825700000002, 45.0625185]]}},
  {"type":"Feature",
   "properties":{},
   "geometry":
   {"type":"LineString",
    "coordinates":
    [[19.6159408, 45.0353748],
     [19.616003900000003, 45.036006900000004],
     [19.6162047, 45.0376703],
     [19.616429800000002, 45.039469800000006],
     [19.616539500000002, 45.0406928],
     [19.6161129, 45.043913700000004],
     [19.6161129, 45.044068700000004], [19.6162105, 45.044172],
     [19.616429800000002, 45.0441634],
     [19.620537300000002, 45.0445251],
     [19.6210004, 45.044662900000006], [19.6216708, 45.0452054],
     [19.622414900000003, 45.045910600000006],
     [19.6231943, 45.046764100000004],
     [19.623511200000003, 45.047031100000005], [19.626217, 45.0497694],
     [19.6276796, 45.0513452], [19.629766200000002, 45.0533957],
     [19.6298613, 45.0534892], [19.6300198, 45.0537131],
     [19.631301500000003, 45.057248900000005]]}},
  {"type":"Feature",
   "properties":{},
   "geometry":
   {"type":"LineString",
    "coordinates":
    [[19.6158693, 45.0353635], [19.6159408, 45.0353748]]}},
  {"type":"Feature",
   "properties":{},
   "geometry":
   {"type":"LineString",
    "coordinates":
    [[19.615676500000003, 45.035291], [19.6158693, 45.0353635]]}},
  {"type":"Feature",
   "properties":{},
   "geometry":
   {"type":"LineString",
    "coordinates":
    [[19.615676500000003, 45.035291], [19.615239600000002, 45.035421],
     [19.6148601, 45.035567300000004],
     [19.614615800000003, 45.0355329]]}},
  {"type":"Feature",
   "properties":{},
   "geometry":
   {"type":"LineString",
    "coordinates":
    [[19.614615800000003, 45.0355329], [19.6147487, 45.0350605],
     [19.614777, 45.0349567], [19.614800300000002, 45.0348447],
     [19.6148187, 45.034706400000005]]}},
  {"type":"Feature",
   "properties":{},
   "geometry":
   {"type":"LineString",
    "coordinates":
    [[19.6148187, 45.034706400000005],
     [19.6148251, 45.034604800000004],
     [19.614824300000002, 45.034467500000005],
     [19.6148063, 45.033756700000005]]}},
  {"type":"Feature",
   "properties":{},
   "geometry":
   {"type":"LineString",
    "coordinates":
    [[19.6148063, 45.033756700000005],
     [19.614779600000002, 45.032141200000005],
     [19.614724600000002, 45.029704200000005],
     [19.614666500000002, 45.0282642],
     [19.614660500000003, 45.028115500000006],
     [19.614637000000002, 45.027533000000005]]}},
  {"type":"Feature",
   "properties":{},
   "geometry":
   {"type":"LineString",
    "coordinates":
    [[19.614637000000002, 45.027533000000005],
     [19.6145962, 45.026524900000005]]}},
  {"type":"Feature",
   "properties":{},
   "geometry":
   {"type":"LineString",
    "coordinates":
    [[19.6145962, 45.026524900000005], [19.6145761, 45.0260265],
     [19.6145636, 45.025338700000006],
     [19.6145226, 45.023073600000004], [19.6144494, 45.0203305],
     [19.614422400000002, 45.019318600000005], [19.6143898, 45.017912],
     [19.6143554, 45.0164313], [19.614304800000003, 45.0143538]]}},
  {"type":"Feature",
   "properties":{},
   "geometry":
   {"type":"LineString",
    "coordinates":
    [[19.614304800000003, 45.0143538], [19.6142594, 45.0124931],
     [19.6142544, 45.0122859], [19.6142092, 45.0104321]]}},
  {"type":"Feature",
   "properties":{},
   "geometry":
   {"type":"LineString",
    "coordinates":
    [[19.6142092, 45.0104321], [19.6141884, 45.009579300000006]]}},
  {"type":"Feature",
   "properties":{},
   "geometry":
   {"type":"LineString",
    "coordinates":
    [[19.6141884, 45.009579300000006],
     [19.6141866, 45.009505600000004],
     [19.6141684, 45.009406500000004], [19.6140864, 45.0092166],
     [19.6137957, 45.0085842]]}},
  {"type":"Feature",
   "properties":{},
   "geometry":
   {"type":"LineString",
    "coordinates":
    [[19.6137957, 45.0085842], [19.613726, 45.008426]]}},
  {"type":"Feature",
   "properties":{},
   "geometry":
   {"type":"LineString",
    "coordinates":
    [[19.613726, 45.008426], [19.613494300000003, 45.0079006]]}},
  {"type":"Feature",
   "properties":{},
   "geometry":
   {"type":"LineString",
    "coordinates":
    [[19.613494300000003, 45.0079006], [19.6128369, 45.0064098],
     [19.612581300000002, 45.005811200000004]]}},
  {"type":"Feature",
   "properties":{},
   "geometry":
   {"type":"LineString",
    "coordinates":
    [[19.612581300000002, 45.005811200000004],
     [19.612159000000002, 45.004850100000006]]}},
  {"type":"Feature",
   "properties":{},
   "geometry":
   {"type":"LineString",
    "coordinates":
    [[19.612159000000002, 45.004850100000006],
     [19.611981200000002, 45.0044302]]}},
  {"type":"Feature",
   "properties":{},
   "geometry":
   {"type":"LineString",
    "coordinates":
    [[19.611981200000002, 45.0044302],
     [19.611695100000002, 45.003844900000004]]}},
  {"type":"Feature",
   "properties":{},
   "geometry":
   {"type":"LineString",
    "coordinates":
    [[19.611695100000002, 45.003844900000004],
     [19.6114956, 45.0033685],
     [19.611289600000003, 45.002883000000004],
     [19.6111296, 45.0025202],
     [19.610789800000003, 45.001749800000006],
     [19.6107501, 45.001659700000005]]}},
  {"type":"Feature",
   "properties":{},
   "geometry":
   {"type":"LineString",
    "coordinates":
    [[19.6107501, 45.001659700000005], [19.610655, 45.0014442],
     [19.610593, 45.0013036], [19.6105482, 45.001193],
     [19.6104589, 45.000973]]}},
  {"type":"Feature",
   "properties":{},
   "geometry":
   {"type":"LineString",
    "coordinates":
    [[19.6104589, 45.000973], [19.6103519, 45.0007533],
     [19.610246800000002, 45.0004183], [19.6102193, 45.0001753],
     [19.6102089, 45.000083200000006],
     [19.610199700000003, 44.9997739],
     [19.6102043, 44.999485400000005]]}},
  {"type":"Feature",
   "properties":{},
   "geometry":
   {"type":"LineString",
    "coordinates":
    [[19.6102043, 44.999485400000005], [19.6102151, 44.9987988],
     [19.610238600000002, 44.9973183]]}},
  {"type":"Feature",
   "properties":{},
   "geometry":
   {"type":"LineString",
    "coordinates":
    [[19.610238600000002, 44.9973183], [19.6102302, 44.9966517],
     [19.610230100000003, 44.996647]]}},
  {"type":"Feature",
   "properties":{},
   "geometry":
   {"type":"LineString",
    "coordinates":
    [[19.610230100000003, 44.996647], [19.610218, 44.995682300000006],
     [19.610206400000003, 44.995133100000004],
     [19.610197000000003, 44.995007300000005],
     [19.610120000000002, 44.993910500000005],
     [19.610069600000003, 44.9931926], [19.6099207, 44.9910738],
     [19.6099159, 44.9909508], [19.6098955, 44.990443500000005],
     [19.6098845, 44.9901683]]}},
  {"type":"Feature",
   "properties":{},
   "geometry":
   {"type":"LineString",
    "coordinates":
    [[19.6098845, 44.9901683], [19.6098842, 44.990160800000005],
     [19.6098812, 44.990085400000005],
     [19.6098766, 44.989970500000005],
     [19.6098763, 44.989921300000006],
     [19.609876200000002, 44.9899014], [19.6098761, 44.9898867],
     [19.6098696, 44.988765400000005],
     [19.6099128, 44.987326800000005],
     [19.609946100000002, 44.9868584], [19.6099487, 44.9868223],
     [19.6099496, 44.9868096], [19.6099594, 44.986671900000005],
     [19.6099707, 44.986603], [19.6099719, 44.9865859],
     [19.6099734, 44.986564400000006],
     [19.609974100000002, 44.986553400000005],
     [19.609979600000003, 44.9864742], [19.6099864, 44.9863763],
     [19.609988100000002, 44.9863513], [19.6099894, 44.9863323],
     [19.610010000000003, 44.9860362],
     [19.6100128, 44.985995300000006],
     [19.6100211, 44.985880200000004],
     [19.6100226, 44.985860200000005], [19.6100248, 44.9858295],
     [19.610045600000003, 44.9855437],
     [19.6100342, 44.984863600000004]]}},
  {"type":"Feature",
   "properties":{},
   "geometry":
   {"type":"LineString",
    "coordinates":
    [[19.609897200000002, 44.982958200000006],
     [19.609968900000002, 44.9829992],
     [19.609991400000002, 44.9831323],
     [19.6100521, 44.983453600000004], [19.6100675, 44.9834894],
     [19.610076900000003, 44.9835112],
     [19.6100946, 44.983527900000006], [19.6101034, 44.9835362],
     [19.6101423, 44.9835562], [19.6101937, 44.983575],
     [19.6102786, 44.983585000000005],
     [19.610294800000002, 44.983636600000004],
     [19.610301500000002, 44.983672000000006],
     [19.6103226, 44.9837409], [19.6102333, 44.983766],
     [19.610194800000002, 44.983791000000004],
     [19.610159300000003, 44.983828100000004],
     [19.6101362, 44.9838662], [19.610128500000002, 44.9839403],
     [19.610158900000002, 44.984780300000004],
     [19.6100342, 44.984863600000004]]}},
  {"type":"Feature",
   "properties":{},
   "geometry":
   {"type":"LineString",
    "coordinates":
    [[19.609897200000002, 44.982958200000006],
     [19.6098864, 44.9828915], [19.6098491, 44.9826617],
     [19.609842, 44.9825663], [19.609835, 44.9824709],
     [19.609839700000002, 44.9823226], [19.6098658, 44.9821742]]}},
  {"type":"Feature",
   "properties":{},
   "geometry":
   {"type":"LineString",
    "coordinates":
    [[19.6098658, 44.9821742], [19.6099089, 44.981983500000005]]}},
  {"type":"Feature",
   "properties":{},
   "geometry":
   {"type":"LineString",
    "coordinates":
    [[19.6099089, 44.981983500000005],
     [19.6099921, 44.981582800000005], [19.6100253, 44.9812589],
     [19.6100336, 44.981177800000005],
     [19.610054400000003, 44.9809746], [19.6100751, 44.9806765],
     [19.6101053, 44.9804358], [19.6101336, 44.980266]]}},
  {"type":"Feature",
   "properties":{},
   "geometry":
   {"type":"LineString",
    "coordinates":
    [[19.6101336, 44.980266], [19.610120600000002, 44.9800212],
     [19.6101217, 44.979964800000005]]}},
  {"type":"Feature",
   "properties":{},
   "geometry":
   {"type":"LineString",
    "coordinates":
    [[19.6101217, 44.979964800000005], [19.6098652, 44.9799154],
     [19.6098834, 44.979784200000005],
     [19.609889900000002, 44.979707600000005],
     [19.609913600000002, 44.979663200000005],
     [19.6099657, 44.979578200000006],
     [19.610164700000002, 44.9795662],
     [19.6101792, 44.979522900000006],
     [19.6102494, 44.979313000000005],
     [19.6102764, 44.979140300000005], [19.6102983, 44.9790482],
     [19.610331000000002, 44.9788021],
     [19.610417400000003, 44.978247100000004],
     [19.6104664, 44.9779003], [19.610505, 44.977523700000006],
     [19.6105383, 44.977248800000005], [19.610607, 44.976865800000006],
     [19.6106166, 44.976780600000005], [19.6104103, 44.9757714],
     [19.610393300000002, 44.975728600000004],
     [19.6103281, 44.975705000000005]]}},
  {"type":"Feature",
   "properties":{},
   "geometry":
   {"type":"LineString",
    "coordinates":
    [[19.6102944, 44.9755775], [19.610313, 44.975652100000005],
     [19.6103281, 44.975705000000005]]}},
  {"type":"Feature",
   "properties":{},
   "geometry":
   {"type":"LineString",
    "coordinates":
    [[19.6093851, 44.9722361], [19.6094592, 44.972354200000005],
     [19.6103437, 44.9755047], [19.6102944, 44.9755775]]}},
  {"type":"Feature",
   "properties":{},
   "geometry":
   {"type":"LineString",
    "coordinates":
    [[19.6093851, 44.9722361], [19.6095004, 44.972227200000006]]}},
  {"type":"Feature",
   "properties":{},
   "geometry":
   {"type":"LineString",
    "coordinates":
    [[19.6093996, 44.9718795], [19.6094666, 44.9721106],
     [19.6094714, 44.9721272], [19.6095004, 44.972227200000006]]}},
  {"type":"Feature",
   "properties":{},
   "geometry":
   {"type":"LineString",
    "coordinates":
    [[19.608535200000002, 44.9689853],
     [19.6085429, 44.969008200000005], [19.6086096, 44.9692057],
     [19.6087911, 44.9697885], [19.608812, 44.969861400000006],
     [19.6089243, 44.9702393], [19.6093996, 44.9718795]]}},
  {"type":"Feature",
   "properties":{},
   "geometry":
   {"type":"LineString",
    "coordinates":
    [[19.608535200000002, 44.9689853],
     [19.608521200000002, 44.9689284],
     [19.6084667, 44.968699400000006], [19.6084518, 44.9686455],
     [19.608446, 44.9686206], [19.6084369, 44.9685817]]}},
  {"type":"Feature",
   "properties":{},
   "geometry":
   {"type":"LineString",
    "coordinates":
    [[19.6084369, 44.9685817], [19.6084198, 44.968507900000006],
     [19.6084131, 44.9684766], [19.6084025, 44.9684274],
     [19.6083801, 44.9683233],
     [19.608382000000002, 44.968286600000006],
     [19.6084, 44.968253600000004]]}},
  {"type":"Feature",
   "properties":{},
   "geometry":
   {"type":"LineString",
    "coordinates":
    [[19.6080344, 44.967791000000005],
     [19.608124200000002, 44.9681093], [19.6081468, 44.9681645],
     [19.608197, 44.968212400000006], [19.6082833, 44.968238],
     [19.6083404, 44.9682411], [19.6084, 44.968253600000004]]}},
  {"type":"Feature",
   "properties":{},
   "geometry":
   {"type":"LineString",
    "coordinates":
    [[19.6080344, 44.967791000000005],
     [19.608073700000002, 44.967697400000006],
     [19.6079654, 44.967644500000006]]}},
  {"type":"Feature",
   "properties":{},
   "geometry":
   {"type":"LineString",
    "coordinates":
    [[19.6079128, 44.967249800000005],
     [19.6079654, 44.967644500000006]]}},
  {"type":"Feature",
   "properties":{},
   "geometry":
   {"type":"LineString",
    "coordinates":
    [[19.6079128, 44.967249800000005], [19.6077003, 44.9672721],
     [19.6074445, 44.967293500000004], [19.6069318, 44.9673499]]}},
  {"type":"Feature",
   "properties":{},
   "geometry":
   {"type":"LineString",
    "coordinates":
    [[19.6069318, 44.9673499], [19.6069168, 44.967297800000004],
     [19.6066577, 44.966396200000005],
     [19.6066055, 44.966241100000005],
     [19.6064757, 44.965931000000005]]}},
  {"type":"Feature",
   "properties":{},
   "geometry":
   {"type":"LineString",
    "coordinates":
    [[19.6064757, 44.965931000000005],
     [19.6063572, 44.965957100000004],
     [19.605536800000003, 44.966137800000006], [19.6052588, 44.9662],
     [19.6050423, 44.966259], [19.6049732, 44.966278800000005],
     [19.604904, 44.9662986], [19.6048616, 44.9663084],
     [19.6047924, 44.9663361], [19.6047367, 44.9663606],
     [19.604665, 44.9664127], [19.604615000000003, 44.966458700000004],
     [19.604552, 44.9665272]]}},
  {"type":"Feature",
   "properties":{},
   "geometry":
   {"type":"LineString",
    "coordinates":
    [[19.6043621, 44.966315900000005],
     [19.6044118, 44.966371200000005], [19.6044793, 44.9664463],
     [19.6045157, 44.966486800000006], [19.604552, 44.9665272]]}},
  {"type":"Feature",
   "properties":{},
   "geometry":
   {"type":"LineString",
    "coordinates":
    [[19.603302900000003, 44.9665735], [19.603382, 44.9665855],
     [19.6034611, 44.9665831], [19.6037632, 44.966515300000005],
     [19.6040318, 44.9664425], [19.6043621, 44.966315900000005]]}}]}
