{"type":"FeatureCollection",
 "properties":{},
 "features":
 [{"type":"Feature",
   "properties":{},
   "geometry":
   {"type":"LineString",
    "coordinates":
    [[19.4940135, 44.6027976], [19.4940755, 44.6026406],
     [19.494375, 44.6024273], [19.4946696, 44.602249500000006],
     [19.4974525, 44.6010186]]}},
  {"type":"Feature",
   "properties":{},
   "geometry":
   {"type":"LineString",
    "coordinates":
    [[19.4974525, 44.6010186], [19.4985661, 44.6007102],
     [19.4997222, 44.6005127]]}},
  {"type":"Feature",
   "properties":{},
   "geometry":
   {"type":"LineString",
    "coordinates":
    [[19.4997222, 44.6005127], [19.5000427, 44.6005703],
     [19.5001906, 44.6005721], [19.5003594, 44.600574200000004]]}},
  {"type":"Feature",
   "properties":{},
   "geometry":
   {"type":"LineString",
    "coordinates":
    [[19.5003594, 44.600574200000004],
     [19.500883700000003, 44.600438100000005],
     [19.5017576, 44.600150400000004],
     [19.502427400000002, 44.599903000000005],
     [19.5026389, 44.5998308], [19.5027656, 44.599787600000006],
     [19.5031964, 44.5996029], [19.5034905, 44.5994231],
     [19.503882, 44.5991659], [19.5044378, 44.598893700000005]]}},
  {"type":"Feature",
   "properties":{},
   "geometry":
   {"type":"LineString",
    "coordinates":
    [[19.5044378, 44.598893700000005],
     [19.5046417, 44.598761200000006], [19.5047643, 44.5984658],
     [19.5048385, 44.5981516], [19.5051373, 44.597929],
     [19.505681600000003, 44.5975793], [19.5060781, 44.5972676],
     [19.5062938, 44.5970847],
     [19.506550700000002, 44.596905500000005],
     [19.5068845, 44.5968031], [19.507054, 44.5967958],
     [19.5072081, 44.596879900000005], [19.507393, 44.596975],
     [19.507624200000002, 44.5970115], [19.5079323, 44.5969713],
     [19.5081481, 44.5968433], [19.5083638, 44.596605600000004],
     [19.508559, 44.596408100000005], [19.5088158, 44.596199600000006],
     [19.509185300000002, 44.595934400000004],
     [19.5094105, 44.595730100000004],
     [19.509646500000002, 44.5956137],
     [19.5099226, 44.595518000000006], [19.5103584, 44.5953965],
     [19.5108451, 44.5952956], [19.5111466, 44.595293000000005],
     [19.5113899, 44.5952671],
     [19.511629600000003, 44.595181800000006],
     [19.5118076, 44.5950809], [19.5119674, 44.594943900000004],
     [19.512112700000003, 44.5948456], [19.5123015, 44.5947551],
     [19.5126429, 44.594587000000004], [19.5130243, 44.5943801],
     [19.5133003, 44.5942042],
     [19.513565500000002, 44.594049000000005],
     [19.513968600000002, 44.593883500000004], [19.5143972, 44.593718],
     [19.5148112, 44.593609300000004], [19.515218, 44.593526600000004],
     [19.515345800000002, 44.5934745]]}},
  {"type":"Feature",
   "properties":{},
   "geometry":
   {"type":"LineString",
    "coordinates":
    [[19.515345800000002, 44.5934745],
     [19.515466500000002, 44.593425200000006],
     [19.5158059, 44.5932468], [19.5160746, 44.5930684],
     [19.5161628, 44.5929787]]}},
  {"type":"Feature",
   "properties":{},
   "geometry":
   {"type":"LineString",
    "coordinates":
    [[19.5161628, 44.5929787], [19.5163325, 44.5928459],
     [19.516630300000003, 44.5925821],
     [19.516920900000002, 44.592292500000006],
     [19.517280500000002, 44.591873500000005],
     [19.517523800000003, 44.5914596],
     [19.517738100000003, 44.591089800000006],
     [19.5178325, 44.590926800000005], [19.517956, 44.5907975],
     [19.5181231, 44.590608700000004], [19.5183846, 44.5904121],
     [19.5186207, 44.5901871], [19.518824000000002, 44.5899828],
     [19.519038300000002, 44.589812], [19.5192599, 44.589623200000005],
     [19.5194669, 44.589356800000004], [19.5196812, 44.5890749],
     [19.5198882, 44.588878300000005], [19.5200444, 44.5887231],
     [19.5203059, 44.588542100000005], [19.5206291, 44.5884438],
     [19.5210359, 44.5883325], [19.5213846, 44.5881903],
     [19.5216461, 44.5879782], [19.5217768, 44.5878126],
     [19.5219221, 44.5875773], [19.5221509, 44.587290100000004],
     [19.5223325, 44.587091], [19.522594, 44.586946100000006],
     [19.5228882, 44.586863300000005],
     [19.523142500000002, 44.5868892], [19.5234548, 44.5868711]]}},
  {"type":"Feature",
   "properties":{},
   "geometry":
   {"type":"LineString",
    "coordinates":
    [[19.5234548, 44.5868711], [19.5237272, 44.5867832],
     [19.523952400000002, 44.586638300000004],
     [19.5241703, 44.5863796], [19.5244827, 44.5860925],
     [19.5248822, 44.585774400000005], [19.5252345, 44.5854458],
     [19.5256122, 44.5850889], [19.5257672, 44.5849355],
     [19.525896900000003, 44.5848225],
     [19.5260509, 44.584699300000004],
     [19.526363500000002, 44.5844821],
     [19.5264105, 44.584447100000006],
     [19.5264642, 44.584411800000005], [19.5265178, 44.584387],
     [19.5265768, 44.5843688], [19.526624, 44.5843617],
     [19.526692200000003, 44.584358300000005],
     [19.5267579, 44.584361200000004],
     [19.526891300000003, 44.584383800000005],
     [19.527099800000002, 44.5844248], [19.5271951, 44.5844395],
     [19.5272715, 44.5844491], [19.5273185, 44.584451900000005],
     [19.5273761, 44.584445200000005],
     [19.5274338, 44.584427100000006]]}},
  {"type":"Feature",
   "properties":{},
   "geometry":
   {"type":"LineString",
    "coordinates":
    [[19.5274338, 44.584427100000006],
     [19.5274782, 44.584400900000006], [19.5275009, 44.5843803],
     [19.5275143, 44.5843554], [19.5275211, 44.584323000000005],
     [19.5275219, 44.5842942], [19.5275129, 44.584264700000006],
     [19.5274875, 44.584216000000005], [19.5274633, 44.5841816],
     [19.5273976, 44.584104200000006],
     [19.527370100000002, 44.5840812]]}},
  {"type":"Feature",
   "properties":{},
   "geometry":
   {"type":"LineString",
    "coordinates":
    [[19.527370100000002, 44.5840812], [19.5273477, 44.5840625],
     [19.527259700000002, 44.5839997], [19.5271696, 44.5839524],
     [19.5271052, 44.5839237], [19.5270243, 44.583895600000005],
     [19.526904100000003, 44.583866400000005], [19.5268115, 44.583854],
     [19.526737800000003, 44.5838492],
     [19.526646600000003, 44.5838521],
     [19.5265597, 44.583857200000004],
     [19.5264615, 44.583873100000005], [19.5263743, 44.5838903],
     [19.5262838, 44.5839103], [19.5259304, 44.5840145],
     [19.525722000000002, 44.584076100000004],
     [19.525482500000003, 44.5841396],
     [19.525238100000003, 44.584209400000006], [19.5249846, 44.584294],
     [19.524660400000002, 44.584423300000005], [19.524621, 44.5844314],
     [19.524575900000002, 44.5844328], [19.5245317, 44.584428],
     [19.5244831, 44.5844115], [19.5244539, 44.584400300000006],
     [19.524416300000002, 44.5843774],
     [19.5243934, 44.584356400000004], [19.5243788, 44.5843239],
     [19.524379500000002, 44.5842949], [19.5243922, 44.5842704],
     [19.524420900000003, 44.5842353], [19.524462, 44.584189300000006],
     [19.5245223, 44.5841444], [19.524585300000002, 44.5841061],
     [19.524671100000003, 44.5840593],
     [19.5247619, 44.584020900000006], [19.5248691, 44.5839769]]}},
  {"type":"Feature",
   "properties":{},
   "geometry":
   {"type":"LineString",
    "coordinates":
    [[19.5248691, 44.5839769], [19.525003700000003, 44.5839371],
     [19.525147200000003, 44.5839008], [19.525333, 44.5838563],
     [19.525410100000002, 44.5838301],
     [19.5254865, 44.583799500000005],
     [19.5255389, 44.583771500000005],
     [19.525593800000003, 44.583737500000005],
     [19.5256799, 44.5836793], [19.525785600000003, 44.5836028],
     [19.525921500000003, 44.5834941], [19.5260053, 44.5834163],
     [19.526032700000002, 44.583382], [19.5260672, 44.583329600000006],
     [19.526075300000002, 44.5832962], [19.526068600000002, 44.583258],
     [19.5260511, 44.583220700000005],
     [19.5260029, 44.583138600000005],
     [19.525977400000002, 44.5830965],
     [19.525921500000003, 44.582996900000005],
     [19.525906300000003, 44.582966600000006],
     [19.5258915, 44.582916000000004],
     [19.525884700000002, 44.582876500000005],
     [19.525872800000002, 44.5828148],
     [19.525864600000002, 44.582719700000006],
     [19.525854000000002, 44.5825358], [19.5258498, 44.5823843],
     [19.525854000000002, 44.5823228],
     [19.525863400000002, 44.582256900000004],
     [19.525883500000003, 44.5821738],
     [19.525904200000003, 44.582112900000006], [19.525921, 44.5820602],
     [19.5259438, 44.5820105], [19.5259666, 44.5819704],
     [19.5259949, 44.5819307],
     [19.526040400000003, 44.581882500000006],
     [19.5261222, 44.581813700000005], [19.5261892, 44.5817667],
     [19.5262818, 44.5817039], [19.526418200000002, 44.5816196],
     [19.5265232, 44.5815539], [19.526574200000002, 44.5815214],
     [19.5266415, 44.581472000000005], [19.5267066, 44.5814195],
     [19.526747200000003, 44.581381], [19.5267847, 44.581338],
     [19.5268169, 44.581295000000004], [19.5268424, 44.5812511],
     [19.5268695, 44.581197100000004],
     [19.5268826, 44.581146000000004],
     [19.526890700000003, 44.5810868],
     [19.5269054, 44.580954000000006],
     [19.526921400000003, 44.580807500000006], [19.5269416, 44.580635],
     [19.526963900000002, 44.5804842], [19.5270006, 44.5802787],
     [19.5270413, 44.580107600000005], [19.5271095, 44.5798004],
     [19.5271213, 44.579720800000004], [19.5271334, 44.5796597],
     [19.5271522, 44.5795967], [19.5271703, 44.579557400000006],
     [19.5271911, 44.5795155], [19.5272259, 44.5794639],
     [19.5272902, 44.579382300000006],
     [19.527399900000002, 44.5792535], [19.5274298, 44.5792069],
     [19.5274553, 44.5791744], [19.5274818, 44.579122700000006],
     [19.5274928, 44.579085600000006], [19.5274995, 44.5790541],
     [19.5275035, 44.5790226], [19.5274995, 44.5789824],
     [19.5274821, 44.578885], [19.5274658, 44.578802100000004],
     [19.5274499, 44.5787245], [19.5274405, 44.578638500000004],
     [19.5274393, 44.5785853],
     [19.527444600000003, 44.578540000000004],
     [19.5274526, 44.5785038], [19.52747, 44.578469500000004],
     [19.5274928, 44.5784322], [19.5275263, 44.5783873],
     [19.5275894, 44.5783214], [19.527649500000003, 44.5782806],
     [19.527712100000002, 44.578243], [19.5277812, 44.578210600000006],
     [19.5278522, 44.57818], [19.5279206, 44.5781561],
     [19.5279853, 44.578139300000004], [19.5280802, 44.5781189],
     [19.5282896, 44.5780765], [19.528521400000002, 44.5780339],
     [19.5286502, 44.578009], [19.5288164, 44.577971600000005],
     [19.5288916, 44.577952700000004],
     [19.5289761, 44.577927800000005],
     [19.529033700000003, 44.5779039],
     [19.529086900000003, 44.577876800000006],
     [19.529137000000002, 44.5778419],
     [19.529178100000003, 44.577804500000006]]}},
  {"type":"Feature",
   "properties":{},
   "geometry":
   {"type":"LineString",
    "coordinates":
    [[19.529178100000003, 44.577804500000006],
     [19.5292068, 44.5777693], [19.5292309, 44.5777282],
     [19.5292539, 44.5776769], [19.5292725, 44.577613500000005],
     [19.529291200000003, 44.577531400000005],
     [19.5293347, 44.577344000000004],
     [19.529352300000003, 44.5772551]]}},
  {"type":"Feature",
   "properties":{},
   "geometry":
   {"type":"LineString",
    "coordinates":
    [[19.529352300000003, 44.5772551], [19.5293891, 44.577112],
     [19.5294221, 44.577001], [19.529444100000003, 44.576945800000004],
     [19.529472300000002, 44.5768904], [19.5295045, 44.5768398],
     [19.529550200000003, 44.5767843],
     [19.529622500000002, 44.5767146],
     [19.529674800000002, 44.5766669],
     [19.529736500000002, 44.5766153],
     [19.529827400000002, 44.576556200000006],
     [19.5299537, 44.576480600000004], [19.530125, 44.576379],
     [19.530317200000002, 44.576259900000004],
     [19.5305478, 44.5761255], [19.5307403, 44.576016100000004],
     [19.5310253, 44.575853], [19.5313686, 44.575665],
     [19.531728, 44.5754679], [19.5318353, 44.575403],
     [19.5319748, 44.5753142], [19.5320982, 44.5752302],
     [19.5322041, 44.5751623], [19.5323496, 44.575056100000005],
     [19.5324509, 44.574976], [19.5325768, 44.574868200000004],
     [19.532703, 44.5747524], [19.5328667, 44.574597000000004],
     [19.5332419, 44.574241], [19.533509000000002, 44.573993900000005],
     [19.533655200000002, 44.5738439], [19.5338275, 44.5736781],
     [19.533873800000002, 44.573615600000004],
     [19.5338993, 44.573577400000005], [19.5339207, 44.5735363],
     [19.533937, 44.573494600000004], [19.5339435, 44.5734532],
     [19.533942200000002, 44.5733873],
     [19.5339394, 44.573343200000004],
     [19.5339274, 44.573274600000005],
     [19.533916700000002, 44.573227700000004],
     [19.533887800000002, 44.573126300000006],
     [19.5338309, 44.572935400000006],
     [19.5337897, 44.572786400000005],
     [19.5337611, 44.572744300000004], [19.5337213, 44.5726979],
     [19.5335948, 44.5725762], [19.533495600000002, 44.5724778],
     [19.533431200000003, 44.572416600000004],
     [19.5333989, 44.572372800000004],
     [19.533378900000002, 44.5723421], [19.5333669, 44.572302],
     [19.5333615, 44.5722657],
     [19.533358800000002, 44.572229400000005],
     [19.533366400000002, 44.5721925], [19.5333843, 44.5721568],
     [19.5334106, 44.5721226], [19.533443300000002, 44.5720899],
     [19.533488900000002, 44.5720584], [19.5335623, 44.5720222],
     [19.5337621, 44.5719549], [19.533990300000003, 44.5718783],
     [19.534147400000002, 44.571828100000005],
     [19.5343465, 44.571765000000006],
     [19.534484000000003, 44.5717135], [19.5345899, 44.5716705],
     [19.5346678, 44.5716327], [19.5347401, 44.5715969],
     [19.5348018, 44.571560600000005], [19.5348787, 44.571508],
     [19.534942700000002, 44.5714575], [19.5350261, 44.5713839],
     [19.535092900000002, 44.571317], [19.535169800000002, 44.5712355],
     [19.5352229, 44.571168], [19.5352605, 44.5711135],
     [19.535302100000003, 44.5710421],
     [19.5353195, 44.570985500000006],
     [19.535331600000003, 44.570936800000005],
     [19.5353378, 44.5708806], [19.535338300000003, 44.570825],
     [19.535338300000003, 44.5707858], [19.5353333, 44.570745],
     [19.5353222, 44.570700800000004], [19.5353128, 44.5706779],
     [19.535292700000003, 44.5706397], [19.5352618, 44.5705881],
     [19.5352229, 44.5705365], [19.5351719, 44.5704775],
     [19.5350647, 44.570371200000004],
     [19.534976500000003, 44.5702817], [19.534838, 44.5701467],
     [19.534789800000002, 44.570097000000004],
     [19.534735700000002, 44.570032600000005],
     [19.534698600000002, 44.569985200000005],
     [19.534653000000002, 44.569923100000004],
     [19.5346169, 44.5698705],
     [19.534591300000002, 44.569824700000005],
     [19.534571200000002, 44.5697722], [19.5345309, 44.5696585],
     [19.5344963, 44.5695719], [19.5344719, 44.5695113],
     [19.5344471, 44.5694594], [19.534415600000003, 44.5694091],
     [19.5343783, 44.5693539], [19.5343351, 44.5693126],
     [19.534290900000002, 44.5692773], [19.53424, 44.5692372],
     [19.5341554, 44.5691836], [19.534079900000002, 44.5691439],
     [19.5339308, 44.569076], [19.533775900000002, 44.569004],
     [19.5336812, 44.5689556],
     [19.533627000000003, 44.568926600000005],
     [19.533570700000002, 44.5688836],
     [19.5335264, 44.568838500000005],
     [19.533492900000002, 44.5688024], [19.5334527, 44.5687289],
     [19.5334343, 44.5686796],
     [19.533424500000002, 44.568645700000005],
     [19.533421800000003, 44.5686133],
     [19.533424500000002, 44.5685712], [19.5334337, 44.568534],
     [19.533451300000003, 44.568491900000005],
     [19.533470400000002, 44.568466], [19.533509000000002, 44.568426],
     [19.533572600000003, 44.5683821],
     [19.533633700000003, 44.568349600000005],
     [19.533720900000002, 44.568316],
     [19.533782600000002, 44.568298000000006],
     [19.5338827, 44.568279100000005], [19.5340975, 44.5682528],
     [19.5341983, 44.5682406], [19.534294900000003, 44.5682254],
     [19.534365100000002, 44.568206700000005],
     [19.5344196, 44.568191000000006], [19.534499, 44.5681591],
     [19.5345926, 44.5681164], [19.534685200000002, 44.5680616],
     [19.5347361, 44.5680209], [19.5348045, 44.567953100000004],
     [19.534822600000002, 44.567927000000005],
     [19.5348399, 44.567902000000004]]}},
  {"type":"Feature",
   "properties":{},
   "geometry":
   {"type":"LineString",
    "coordinates":
    [[19.5348399, 44.567902000000004], [19.5348487, 44.5678719],
     [19.534842100000002, 44.5678384], [19.534837, 44.567801900000006],
     [19.534819300000002, 44.5677601], [19.534793, 44.5677152],
     [19.5347528, 44.567657700000005], [19.5346084, 44.5674664],
     [19.534536300000003, 44.567377900000004],
     [19.5344696, 44.567306800000004], [19.534359300000002, 44.567203],
     [19.5343003, 44.567154300000006],
     [19.5342351, 44.567105500000004],
     [19.534121900000002, 44.567033900000006],
     [19.533994500000002, 44.5669527],
     [19.5337682, 44.566814900000004],
     [19.5336755, 44.566757700000004], [19.533610900000003, 44.56671],
     [19.5335372, 44.566647], [19.533495600000002, 44.5666011],
     [19.533461600000003, 44.5665514],
     [19.533430900000003, 44.566500500000004],
     [19.5333972, 44.5664388], [19.5333633, 44.566375300000004],
     [19.5333095, 44.5662615], [19.5332663, 44.5661712],
     [19.5332255, 44.5661032], [19.5331657, 44.566010000000006],
     [19.533117100000002, 44.5659477], [19.53299, 44.5658673],
     [19.5328908, 44.5657985], [19.532827, 44.5657453],
     [19.532785200000003, 44.565711400000005],
     [19.5327448, 44.565667000000005]]}},
  {"type":"Feature",
   "properties":{},
   "geometry":
   {"type":"LineString",
    "coordinates":
    [[19.532232800000003, 44.565250500000005],
     [19.5323166, 44.5653457],
     [19.532404500000002, 44.565431000000004],
     [19.532510300000002, 44.565522400000006],
     [19.5325999, 44.565589200000005], [19.5326935, 44.5656437],
     [19.5327448, 44.565667000000005]]}},
  {"type":"Feature",
   "properties":{},
   "geometry":
   {"type":"LineString",
    "coordinates":
    [[19.532232800000003, 44.565250500000005],
     [19.5322254, 44.5652545], [19.5322111, 44.5652533],
     [19.5321764, 44.5652388],
     [19.531415900000002, 44.564848000000005],
     [19.5309296, 44.5646232], [19.5308102, 44.5645381],
     [19.5305457, 44.5643253], [19.5302812, 44.5641369],
     [19.5298504, 44.5640943], [19.529406700000003, 44.5640943],
     [19.5291688, 44.563997900000004], [19.528728, 44.563661700000004],
     [19.528419500000002, 44.5634469], [19.5281881, 44.563287],
     [19.5280549, 44.5631721], [19.5279707, 44.5630022],
     [19.5277323, 44.562907300000006], [19.5273256, 44.5626825],
     [19.5271012, 44.5625676], [19.5268698, 44.5623227],
     [19.5266454, 44.562097900000005], [19.526435000000003, 44.561993],
     [19.526308800000002, 44.561888100000004],
     [19.5261405, 44.5616932], [19.525586500000003, 44.5610836],
     [19.525313, 44.560833800000005], [19.5251798, 44.560639],
     [19.5250956, 44.560549], [19.5248081, 44.5603142],
     [19.5243523, 44.5600144], [19.5240437, 44.5598345],
     [19.523770300000002, 44.5596247], [19.52363, 44.5595098],
     [19.523356500000002, 44.55923], [19.5233105, 44.5590756]]}},
  {"type":"Feature",
   "properties":{},
   "geometry":
   {"type":"LineString",
    "coordinates":
    [[19.5233105, 44.5590756], [19.5234346, 44.5590411],
     [19.5237136, 44.558888200000005],
     [19.523992500000002, 44.558674200000006],
     [19.524132, 44.5585595]]}},
  {"type":"Feature",
   "properties":{},
   "geometry":
   {"type":"LineString",
    "coordinates":
    [[19.524132, 44.5585595], [19.5240033, 44.5581085],
     [19.523896, 44.5577721], [19.5237887, 44.5572675],
     [19.5238745, 44.556831800000005], [19.523896, 44.556434200000005],
     [19.524035400000002, 44.556113200000006],
     [19.524400200000002, 44.5558762], [19.5246631, 44.5557347],
     [19.524775700000003, 44.555635300000006],
     [19.524778400000002, 44.5554939],
     [19.524759600000003, 44.5553467],
     [19.5247114, 44.555165200000005],
     [19.5246926, 44.554941500000005], [19.5245022, 44.5547065],
     [19.524338500000002, 44.554586], [19.5242098, 44.554274500000005],
     [19.5241776, 44.5540662], [19.524081000000002, 44.5539343],
     [19.5239845, 44.553792900000005],
     [19.5238987, 44.553649500000006], [19.5238754, 44.5534381],
     [19.5239052, 44.553289400000004], [19.5239733, 44.5531741],
     [19.5241151, 44.553030500000006]]}},
  {"type":"Feature",
   "properties":{},
   "geometry":
   {"type":"LineString",
    "coordinates":
    [[19.5241151, 44.553030500000006], [19.5244743, 44.552863],
     [19.5246792, 44.5527626], [19.524838000000003, 44.5526488],
     [19.5250136, 44.5525247], [19.525171500000003, 44.5524013]]}},
  {"type":"Feature",
   "properties":{},
   "geometry":
   {"type":"LineString",
    "coordinates":
    [[19.5207073, 44.5494208], [19.521125700000002, 44.5496871],
     [19.521560100000002, 44.549964800000005],
     [19.522396800000003, 44.550497500000006],
     [19.5226469, 44.550657400000006],
     [19.522768900000003, 44.5507368], [19.5228863, 44.5508096],
     [19.523131000000003, 44.55096],
     [19.523375700000003, 44.551110300000005],
     [19.523541100000003, 44.5512108], [19.5237389, 44.5513373],
     [19.5239307, 44.5514609], [19.5241347, 44.551599],
     [19.524268900000003, 44.5516936],
     [19.524407200000002, 44.5517911], [19.5245505, 44.5518987],
     [19.5246983, 44.5520129],
     [19.524857700000002, 44.552140800000004],
     [19.5249987, 44.5522544], [19.525171500000003, 44.5524013]]}},
  {"type":"Feature",
   "properties":{},
   "geometry":
   {"type":"LineString",
    "coordinates":
    [[19.517854200000002, 44.545293],
     [19.517946600000002, 44.545401000000005], [19.5180389, 44.545509],
     [19.518136600000002, 44.5456342], [19.5182344, 44.5457594],
     [19.5183234, 44.5458889],
     [19.518412400000003, 44.546026000000005],
     [19.5185068, 44.5461747], [19.5186065, 44.546338600000006],
     [19.518694500000002, 44.5464877], [19.5187825, 44.5466483],
     [19.5189585, 44.546988600000006],
     [19.519041100000003, 44.5471659],
     [19.519123800000003, 44.5473432], [19.5192891, 44.5477208],
     [19.5194243, 44.548002700000005], [19.519492, 44.548145600000005],
     [19.5195596, 44.548273200000004],
     [19.5196252, 44.548389300000004],
     [19.519690800000003, 44.5484902], [19.5197484, 44.5485714],
     [19.519806000000003, 44.548652600000004],
     [19.5198848, 44.548748800000006], [19.519953, 44.5488249],
     [19.520073800000002, 44.5489438],
     [19.520170500000003, 44.5490271],
     [19.520253200000003, 44.549097100000004],
     [19.5203999, 44.549213900000005],
     [19.520545600000002, 44.549313500000004],
     [19.5207073, 44.5494208]]}},
  {"type":"Feature",
   "properties":{},
   "geometry":
   {"type":"LineString",
    "coordinates":
    [[19.517854200000002, 44.545293],
     [19.517736300000003, 44.545267800000005],
     [19.5176462, 44.545246000000006], [19.5176325, 44.5452427],
     [19.517485500000003, 44.5452023], [19.5173101, 44.5451512],
     [19.517104800000002, 44.5450906]]}},
  {"type":"Feature",
   "properties":{},
   "geometry":
   {"type":"LineString",
    "coordinates":
    [[19.5007439, 44.5457126], [19.500844, 44.545670400000006],
     [19.5010365, 44.545585200000005],
     [19.5014378, 44.545382800000006], [19.5019722, 44.5451022],
     [19.5025798, 44.5447955],
     [19.502753900000002, 44.544713400000006],
     [19.5029223, 44.544646300000004],
     [19.503114200000002, 44.5445751], [19.5032752, 44.5445177],
     [19.503422800000003, 44.5444702],
     [19.5035393, 44.544434900000006],
     [19.5036883, 44.544396600000006], [19.5042887, 44.5442528],
     [19.5049134, 44.5441091], [19.5056805, 44.5439317],
     [19.506472000000002, 44.543751500000006],
     [19.5070753, 44.5436114], [19.5075132, 44.543508100000004],
     [19.507724, 44.5434622], [19.5078721, 44.543433500000006],
     [19.5080323, 44.5434047], [19.5081615, 44.5433822],
     [19.508276900000002, 44.543369500000004],
     [19.5083813, 44.543361700000005],
     [19.5084966, 44.543354900000004],
     [19.508605000000003, 44.5433558], [19.5087338, 44.5433626],
     [19.5088599, 44.5433709], [19.509020500000002, 44.5433852],
     [19.509225800000003, 44.5434081],
     [19.5096573, 44.543455200000004], [19.5097503, 44.5434653],
     [19.510369800000003, 44.5435298],
     [19.511001500000003, 44.5435972], [19.5115763, 44.5436631],
     [19.511735700000003, 44.543677300000006],
     [19.511906800000002, 44.5436873], [19.5120188, 44.5436908],
     [19.5121459, 44.543691100000004], [19.5122934, 44.5436856],
     [19.512465900000002, 44.543674700000004],
     [19.512623400000003, 44.5436576], [19.512761, 44.543634600000004],
     [19.5128987, 44.543611600000006], [19.51351, 44.5434969],
     [19.5137036, 44.543458900000005],
     [19.513866800000002, 44.543423700000005],
     [19.5140096, 44.543391400000004],
     [19.5141165, 44.543366500000005],
     [19.514252000000003, 44.543341700000006],
     [19.514342600000003, 44.543335400000004],
     [19.5144224, 44.543338000000006],
     [19.5145051, 44.543342300000006],
     [19.5145829, 44.543357400000005],
     [19.5146669, 44.543387100000004], [19.5147507, 44.5434331],
     [19.5148689, 44.5435255], [19.514956700000003, 44.5436077],
     [19.5150575, 44.543730700000005], [19.5151282, 44.5438284],
     [19.515199000000003, 44.543943500000005],
     [19.515286800000002, 44.544088], [19.5153767, 44.5442137],
     [19.5154697, 44.544338], [19.5155585, 44.5444362],
     [19.5156339, 44.544507100000004], [19.5157093, 44.5445721],
     [19.515823400000002, 44.5446503],
     [19.515914900000002, 44.5447081], [19.5159993, 44.5447545],
     [19.5160756, 44.544789200000004],
     [19.5161899, 44.544829500000006], [19.51633, 44.544873200000005],
     [19.5166265, 44.544957100000005],
     [19.5169183, 44.545034400000006],
     [19.517104800000002, 44.5450906]]}},
  {"type":"Feature",
   "properties":{},
   "geometry":
   {"type":"LineString",
    "coordinates":
    [[19.500342500000002, 44.5458688], [19.5004624, 44.5458268],
     [19.5005639, 44.5457875], [19.5007439, 44.5457126]]}},
  {"type":"Feature",
   "properties":{},
   "geometry":
   {"type":"LineString",
    "coordinates":
    [[19.4997453, 44.546023600000005],
     [19.4998779, 44.545994400000005],
     [19.5000062, 44.545963500000006],
     [19.500152200000002, 44.5459249],
     [19.500247400000003, 44.5458994],
     [19.500342500000002, 44.5458688]]}},
  {"type":"Feature",
   "properties":{},
   "geometry":
   {"type":"LineString",
    "coordinates":
    [[19.484203400000002, 44.546041200000005], [19.4852445, 44.546168],
     [19.485698600000003, 44.546175700000006], [19.486003, 44.5461419],
     [19.486109000000003, 44.546131800000005],
     [19.486476500000002, 44.546055300000006],
     [19.486849300000003, 44.5459674], [19.487088, 44.5459387],
     [19.487246300000002, 44.5459521],
     [19.487396500000003, 44.545971200000004], [19.4875896, 44.546019],
     [19.488085100000003, 44.546149400000004],
     [19.4883782, 44.5461681], [19.4886972, 44.5461345],
     [19.4892204, 44.5460189], [19.4896546, 44.5457206],
     [19.489937100000002, 44.5456647], [19.4902562, 44.5456871],
     [19.490894100000002, 44.546064900000005],
     [19.4910067, 44.5461107], [19.4912159, 44.546183400000004],
     [19.4914305, 44.546198700000005], [19.4917053, 44.546168],
     [19.4926992, 44.545825], [19.494865100000002, 44.545754200000005],
     [19.4968216, 44.545500600000004],
     [19.4974965, 44.545560300000005],
     [19.4995556, 44.545949500000006],
     [19.499634500000003, 44.5459752],
     [19.4996881, 44.545995600000005],
     [19.4997453, 44.546023600000005]]}},
  {"type":"Feature",
   "properties":{},
   "geometry":
   {"type":"LineString",
    "coordinates":
    [[19.4823406, 44.5463722], [19.482429, 44.546370700000004],
     [19.482573900000002, 44.5463134], [19.4829741, 44.5460823],
     [19.4833612, 44.546037500000004],
     [19.484203400000002, 44.546041200000005]]}},
  {"type":"Feature",
   "properties":{},
   "geometry":
   {"type":"LineString",
    "coordinates":
    [[19.481176400000003, 44.547408700000005],
     [19.4814392, 44.5473002], [19.4817888, 44.547083900000004],
     [19.4822659, 44.546647500000006], [19.4823406, 44.5463722]]}},
  {"type":"Feature",
   "properties":{},
   "geometry":
   {"type":"LineString",
    "coordinates":
    [[19.481176400000003, 44.547408700000005],
     [19.4811979, 44.5474412], [19.4811711, 44.547527200000005],
     [19.480996700000002, 44.5477623], [19.4807902, 44.5479726],
     [19.4806105, 44.548127400000006], [19.480412, 44.5482345],
     [19.480165200000002, 44.5483549], [19.479889, 44.548444700000005],
     [19.479323, 44.5486665], [19.4789958, 44.5488347],
     [19.4787812, 44.548991400000006], [19.4786417, 44.5491596],
     [19.478534500000002, 44.5493928], [19.4783467, 44.5499816],
     [19.478294400000003, 44.5501774],
     [19.478260900000002, 44.5503027],
     [19.4781482, 44.550944900000005],
     [19.478078500000002, 44.551239300000006],
     [19.478019500000002, 44.5513807],
     [19.477863900000003, 44.551583300000004],
     [19.477665400000003, 44.551866200000006],
     [19.477574200000003, 44.552049700000005],
     [19.4775581, 44.5522523],
     [19.477547400000002, 44.552489300000005],
     [19.477504500000002, 44.5526422],
     [19.4774508, 44.552768400000005], [19.4773892, 44.5528563],
     [19.477271100000003, 44.5529366],
     [19.477166500000003, 44.553011100000006]]}},
  {"type":"Feature",
   "properties":{},
   "geometry":
   {"type":"LineString",
    "coordinates":
    [[19.477166500000003, 44.553011100000006],
     [19.4769788, 44.5532806], [19.4765711, 44.553964900000004],
     [19.476327, 44.5542248], [19.476032, 44.5545192]]}},
  {"type":"Feature",
   "properties":{},
   "geometry":
   {"type":"LineString",
    "coordinates":
    [[19.4708043, 44.563199600000004],
     [19.470742400000002, 44.5629761], [19.470891400000003, 44.562809],
     [19.4713523, 44.562828700000004], [19.4717303, 44.5628149],
     [19.471926200000002, 44.5626891],
     [19.4721911, 44.562441400000004],
     [19.472251800000002, 44.5623352],
     [19.472444900000003, 44.5622015],
     [19.472687800000003, 44.5621012], [19.4730575, 44.5621681],
     [19.473347200000003, 44.562130700000004],
     [19.4735818, 44.5620521], [19.4738329, 44.5619322],
     [19.474028800000003, 44.5618063],
     [19.474166800000003, 44.561668700000006],
     [19.474130900000002, 44.5614682],
     [19.474238500000002, 44.561240100000006],
     [19.474343400000002, 44.5610927],
     [19.4744648, 44.560986500000006], [19.4745834, 44.5608273],
     [19.4748014, 44.560791900000005], [19.4750994, 44.5606425],
     [19.475325700000003, 44.5605088],
     [19.4755933, 44.560404600000005],
     [19.475753400000002, 44.5601627], [19.4757892, 44.5600467],
     [19.4760017, 44.5597597], [19.4760321, 44.559596500000005],
     [19.4759962, 44.5593979], [19.4759162, 44.559164],
     [19.4758168, 44.5590126], [19.4757423, 44.5588533],
     [19.4757009, 44.5586646], [19.4757561, 44.5584208],
     [19.4758555, 44.558267400000005], [19.4760376, 44.5581691],
     [19.4763853, 44.558031500000006], [19.4765425, 44.5579273],
     [19.4766391, 44.557819200000004], [19.4768626, 44.5572765],
     [19.4769371, 44.557015], [19.4771082, 44.556777100000005],
     [19.477191, 44.556584400000006],
     [19.477168900000002, 44.556389800000005],
     [19.4770144, 44.5561243], [19.476810200000003, 44.5559218],
     [19.4764598, 44.555717300000005], [19.4762059, 44.5555089],
     [19.4759879, 44.555237600000005], [19.4760376, 44.5549112],
     [19.476032, 44.5545192]]}},
  {"type":"Feature",
   "properties":{},
   "geometry":
   {"type":"LineString",
    "coordinates":
    [[19.4708043, 44.563199600000004], [19.4706729, 44.5632359],
     [19.4705495, 44.5633831], [19.4704342, 44.5637538],
     [19.4702491, 44.5640233], [19.4701874, 44.564214400000004],
     [19.470123, 44.5644647], [19.469983600000003, 44.564671100000005],
     [19.4697529, 44.5648775], [19.4695383, 44.5649883],
     [19.4690555, 44.565030300000004],
     [19.468255300000003, 44.565034600000004],
     [19.467545400000002, 44.5650777], [19.4670551, 44.5652039],
     [19.466365200000002, 44.565356900000005],
     [19.4656188, 44.565533800000004], [19.4651061, 44.565762],
     [19.4643036, 44.566403], [19.4637995, 44.5666141],
     [19.463354000000002, 44.566660000000006],
     [19.4628674, 44.566743900000006],
     [19.4623089, 44.566935300000004],
     [19.4614926, 44.567199900000006],
     [19.461264200000002, 44.5672505],
     [19.460706700000003, 44.5671721], [19.4603581, 44.5669678],
     [19.459844, 44.566687], [19.4592625, 44.5664996],
     [19.459069900000003, 44.566447600000004],
     [19.458802300000002, 44.566419100000005]]}},
  {"type":"Feature",
   "properties":{},
   "geometry":
   {"type":"LineString",
    "coordinates":
    [[19.458802300000002, 44.566419100000005],
     [19.4583349, 44.5664663], [19.4578898, 44.566508000000006],
     [19.457539500000003, 44.5664904], [19.4571726, 44.5664236],
     [19.4568552, 44.5663666], [19.4565765, 44.5662899],
     [19.4563227, 44.5661228], [19.4562068, 44.5660285],
     [19.4561461, 44.565883], [19.4559861, 44.5658358],
     [19.4556991, 44.5658161], [19.4554191, 44.565831],
     [19.455229000000003, 44.5658425], [19.455161, 44.5659026],
     [19.4550948, 44.5660265], [19.4551389, 44.566352800000004],
     [19.4551653, 44.566551800000006], [19.4551349, 44.5667002],
     [19.4550646, 44.566808300000005],
     [19.454913100000002, 44.566926900000006],
     [19.4547719, 44.5670013], [19.454554700000003, 44.5670647],
     [19.454054900000003, 44.5671156],
     [19.4534743, 44.567053800000004],
     [19.4529563, 44.566962200000006], [19.4521258, 44.5669131],
     [19.451703600000002, 44.566917000000004],
     [19.4512621, 44.5670094], [19.450851, 44.567198100000006],
     [19.450373600000002, 44.567265000000006],
     [19.4501804, 44.567255100000004], [19.4497417, 44.5671352],
     [19.4496691, 44.567072100000004], [19.449555200000002, 44.56696],
     [19.449461, 44.5668773], [19.4493893, 44.5667691],
     [19.449240200000002, 44.5667416], [19.4490616, 44.5667446],
     [19.448826200000003, 44.566767600000006],
     [19.4486291, 44.566850300000006],
     [19.448452800000002, 44.566929900000005],
     [19.448303900000003, 44.5669697],
     [19.448204200000003, 44.5669837],
     [19.4480586, 44.567089100000004],
     [19.4479097, 44.567050800000004],
     [19.4475987, 44.566916600000006],
     [19.447245000000002, 44.5666639], [19.446911, 44.5663986],
     [19.446801500000003, 44.566333900000004],
     [19.446686500000002, 44.5662925], [19.4462879, 44.5662286],
     [19.446047, 44.5662418], [19.4457962, 44.566273],
     [19.44501, 44.566493], [19.444436200000002, 44.5666444],
     [19.444070500000002, 44.5669884], [19.4435876, 44.5671047],
     [19.441968300000003, 44.567124500000006],
     [19.441593, 44.567038000000004], [19.4409859, 44.566717600000004],
     [19.440183, 44.566061000000005], [19.439622800000002, 44.5656186],
     [19.4391758, 44.5651645], [19.439258600000002, 44.5643565],
     [19.438842, 44.5640676], [19.438717800000003, 44.563601600000005],
     [19.4385991, 44.563143600000004]]}},
  {"type":"Feature",
   "properties":{},
   "geometry":
   {"type":"LineString",
    "coordinates":
    [[19.4385991, 44.563143600000004],
     [19.438143800000002, 44.563971200000005],
     [19.4378265, 44.5640852], [19.4374761, 44.5641285],
     [19.4373381, 44.5642641],
     [19.437331800000003, 44.564606100000006],
     [19.437254300000003, 44.5650732], [19.4370993, 44.5652133],
     [19.436574800000002, 44.565455400000005],
     [19.4363423, 44.565882200000004],
     [19.436032400000002, 44.566111500000005],
     [19.4354608, 44.566247700000005],
     [19.4349028, 44.566454500000006],
     [19.4344439, 44.566590700000006],
     [19.4342231, 44.566618000000005],
     [19.433659900000002, 44.5664372], [19.4334931, 44.566431],
     [19.433333100000002, 44.566548600000004],
     [19.4330116, 44.566855800000006], [19.4326013, 44.5670304],
     [19.4324675, 44.5670712], [19.431906, 44.5670031],
     [19.4314332, 44.5668632], [19.4312316, 44.566783900000004],
     [19.430840500000002, 44.566554800000006],
     [19.4306597, 44.5663071], [19.4303068, 44.5660273],
     [19.4301625, 44.565949200000006],
     [19.429889600000003, 44.5658514],
     [19.4296584, 44.565680500000006], [19.4294394, 44.5655913],
     [19.4291613, 44.5654947],
     [19.428775400000003, 44.565410500000006],
     [19.428443400000003, 44.5654118], [19.428184400000003, 44.565387],
     [19.4275047, 44.5651492],
     [19.427021500000002, 44.565098400000004],
     [19.426633900000002, 44.5650935],
     [19.4257169, 44.564756800000005], [19.4253605, 44.5647832],
     [19.4249045, 44.564633], [19.424685, 44.5644865],
     [19.424649300000002, 44.5643782], [19.4248115, 44.5640433],
     [19.4248181, 44.563845], [19.4246643, 44.5636292],
     [19.424416, 44.563361300000004], [19.424021, 44.5630529],
     [19.423332600000002, 44.562879300000006],
     [19.4224314, 44.562687100000005],
     [19.4220104, 44.562643300000005],
     [19.421357500000003, 44.562806800000004],
     [19.4210311, 44.563007400000004],
     [19.420754300000002, 44.5632281],
     [19.420605300000002, 44.5634607],
     [19.4203759, 44.563543300000006], [19.4194108, 44.5634135],
     [19.4191837, 44.563403400000006], [19.4190323, 44.5635264],
     [19.4189921, 44.5638382], [19.4188833, 44.564089300000006],
     [19.4186964, 44.564274700000006], [19.4179347, 44.564573],
     [19.4175563, 44.5646707], [19.417187300000002, 44.5646775],
     [19.4169082, 44.564748300000005],
     [19.415609500000002, 44.5655134], [19.4154416, 44.5655471],
     [19.4151554, 44.565508300000005],
     [19.4147982, 44.565338100000005],
     [19.414476500000003, 44.565301000000005],
     [19.414176100000002, 44.5651713],
     [19.4140318, 44.565146000000006], [19.4139372, 44.5651814],
     [19.4139206, 44.565250500000005],
     [19.4139088, 44.565361700000004], [19.4140176, 44.5655993],
     [19.414121700000003, 44.5659616],
     [19.4141525, 44.566158800000004], [19.4141383, 44.5663694],
     [19.413991600000003, 44.5666087],
     [19.413712500000003, 44.5667975], [19.4134144, 44.5669121],
     [19.413227600000003, 44.5669593],
     [19.413054900000002, 44.566969400000005],
     [19.4127379, 44.5669222], [19.4123784, 44.566888500000005],
     [19.4121135, 44.566932300000005],
     [19.4115292, 44.567153100000006],
     [19.411243000000002, 44.5672019],
     [19.4110041, 44.567218800000006],
     [19.4107841, 44.567176700000005], [19.409573, 44.5668245],
     [19.4090668, 44.566757], [19.4085535, 44.5668464],
     [19.408123, 44.5670755], [19.407545900000002, 44.5674513],
     [19.4072336, 44.567603000000005], [19.4067747, 44.5679822],
     [19.4063135, 44.568332700000006], [19.4060273, 44.5684759],
     [19.4056441, 44.568629300000005],
     [19.4053791, 44.568666300000004],
     [19.405050300000003, 44.5686647],
     [19.404537100000002, 44.568531500000006],
     [19.404158600000002, 44.5682501], [19.403922, 44.567913100000005],
     [19.403780100000002, 44.5675845], [19.4035933, 44.5673856],
     [19.4032881, 44.567161500000005],
     [19.4030011, 44.566962100000005],
     [19.4026253, 44.566740800000005], [19.4024013, 44.5666801],
     [19.4018124, 44.566666600000005],
     [19.400835400000002, 44.566504800000004],
     [19.4005894, 44.566343100000005],
     [19.400371800000002, 44.566129000000004],
     [19.4002677, 44.565965600000006],
     [19.400035900000002, 44.5657347], [19.4000005, 44.5654364],
     [19.399950800000003, 44.565187], [19.3997663, 44.565187],
     [19.3993192, 44.565449900000004],
     [19.3988863, 44.565611700000005],
     [19.3986451, 44.565677400000006], [19.3978834, 44.5656437],
     [19.397408000000002, 44.5654836],
     [19.3968734, 44.565257800000005],
     [19.3966037, 44.565050500000005],
     [19.3963743, 44.564954400000005],
     [19.396078600000003, 44.565013400000005],
     [19.3957143, 44.565257800000005],
     [19.395423400000002, 44.565561100000004],
     [19.395033100000003, 44.565677400000006],
     [19.394493800000003, 44.5658206], [19.3942903, 44.5658661],
     [19.3938504, 44.565677400000006],
     [19.3934412, 44.565419500000004],
     [19.392802500000002, 44.565288100000004],
     [19.392379100000003, 44.565116200000006],
     [19.391809000000002, 44.5650252], [19.390881800000002, 44.565251],
     [19.3903827, 44.5653943], [19.390096500000002, 44.5655426],
     [19.3898647, 44.5655999], [19.389543, 44.5656454],
     [19.389174, 44.5657347], [19.3889232, 44.5657397],
     [19.3886465, 44.5655341], [19.3883768, 44.5652325],
     [19.3882704, 44.565203800000006], [19.3881592, 44.565251],
     [19.3879392, 44.5653488],
     [19.387818600000003, 44.565478500000005],
     [19.3874259, 44.565515600000005], [19.3872201, 44.5654735],
     [19.386278700000002, 44.5655207],
     [19.3857441, 44.565596500000005],
     [19.385273400000003, 44.5656892],
     [19.3850298, 44.565839200000006],
     [19.384769600000002, 44.565935200000006],
     [19.384497500000002, 44.5659234],
     [19.3838754, 44.566024500000005], [19.3834993, 44.5659858],
     [19.3832439, 44.565989200000004], [19.3826123, 44.5664576],
     [19.3823663, 44.5664425], [19.3822504, 44.5663801],
     [19.382167600000002, 44.5662419],
     [19.381985500000003, 44.566011100000004],
     [19.381782100000002, 44.565891400000005], [19.3815999, 44.565851],
     [19.3812238, 44.5658442], [19.380873700000002, 44.5659251],
     [19.380542600000002, 44.565877900000004],
     [19.3803108, 44.565699300000006],
     [19.3801759, 44.565545900000004], [19.3800648, 44.5654313],
     [19.3799181, 44.565412800000004], [19.3796295, 44.5655409],
     [19.3793291, 44.565716200000004], [19.3789294, 44.5659555],
     [19.3786431, 44.5660869], [19.378274100000002, 44.566124],
     [19.3780565, 44.566127300000005],
     [19.3778247, 44.566113900000005],
     [19.377569100000002, 44.566098800000006],
     [19.3774231, 44.566101700000004],
     [19.377076300000002, 44.566055500000004],
     [19.3766931, 44.566032400000005],
     [19.376461900000002, 44.5659688],
     [19.375944800000003, 44.5657348], [19.3754136, 44.5655238],
     [19.3750912, 44.5654574], [19.3748884, 44.565421300000004],
     [19.374454500000002, 44.5652364],
     [19.3742132, 44.565149700000006], [19.37398, 44.5651006],
     [19.373341200000002, 44.5647163],
     [19.3731851, 44.564527000000005], [19.3730432, 44.5642944],
     [19.372962, 44.5642453], [19.3726153, 44.5641716],
     [19.3722564, 44.563988200000004], [19.372118500000003, 44.563861],
     [19.371978600000002, 44.563850900000006],
     [19.3717799, 44.563953500000004],
     [19.371560900000002, 44.5640373], [19.3713824, 44.5640748],
     [19.371141100000003, 44.5640286],
     [19.371056000000003, 44.5640012],
     [19.370607800000002, 44.563749800000004],
     [19.3703949, 44.5636227], [19.3701982, 44.563484],
     [19.370102900000003, 44.563239800000005],
     [19.3699184, 44.563096800000004],
     [19.369687300000002, 44.563043300000004],
     [19.3695473, 44.563040400000006],
     [19.369381100000002, 44.563020200000004],
     [19.368661200000002, 44.5628454], [19.3683571, 44.5626807],
     [19.3682273, 44.562679300000006],
     [19.3677487, 44.562755800000005],
     [19.3673979, 44.562744300000006], [19.3672013, 44.5627847],
     [19.3666659, 44.5629769],
     [19.366234000000002, 44.563205100000005],
     [19.3660333, 44.563286000000005], [19.3655973, 44.5636385],
     [19.3653114, 44.563811900000005], [19.3651674, 44.5639246],
     [19.3650072, 44.564096500000005],
     [19.364808500000002, 44.564203400000004],
     [19.3642225, 44.564457700000006],
     [19.363612200000002, 44.5647134],
     [19.363168100000003, 44.5647481], [19.3626772, 44.5647134],
     [19.362344800000002, 44.5645588],
     [19.3619008, 44.564362300000006],
     [19.361472900000003, 44.5643219],
     [19.361079500000002, 44.5643334],
     [19.360083900000003, 44.5639174], [19.3597818, 44.5638409],
     [19.359434200000003, 44.5638706],
     [19.359150800000002, 44.5640056],
     [19.358572000000002, 44.5640638],
     [19.3582661, 44.564158000000006],
     [19.357788000000003, 44.564195100000006],
     [19.3570962, 44.5642385], [19.356569500000003, 44.5641654],
     [19.3562653, 44.564092300000006], [19.3561297, 44.5639388],
     [19.355915900000003, 44.5637641],
     [19.355726500000003, 44.563679900000004],
     [19.3552815, 44.5636254], [19.3548869, 44.563450800000005],
     [19.3546261, 44.5633393], [19.354433200000003, 44.5633728],
     [19.3544002, 44.5634025], [19.3544158, 44.5636415],
     [19.3543689, 44.563917700000005], [19.354229800000002, 44.564132],
     [19.354026400000002, 44.564253300000004],
     [19.3536232, 44.564353600000004], [19.3533624, 44.5644032],
     [19.3530999, 44.5644973], [19.3526202, 44.564587700000004],
     [19.352074400000003, 44.5645778], [19.3515112, 44.564771],
     [19.3511096, 44.5651475], [19.3508552, 44.5653671],
     [19.350540600000002, 44.566051300000005],
     [19.3502473, 44.5664035], [19.3496039, 44.5666226],
     [19.348918, 44.567032100000006], [19.348433, 44.5674146],
     [19.347758900000002, 44.5676472],
     [19.347337900000003, 44.567970700000004],
     [19.347004300000002, 44.568117300000004],
     [19.3467938, 44.5683785], [19.3462238, 44.568735800000006],
     [19.346034500000002, 44.569128400000004],
     [19.3456702, 44.569414900000005], [19.3451664, 44.5697064],
     [19.3445585, 44.569819300000006],
     [19.3442297, 44.569755300000004],
     [19.343874900000003, 44.5695345],
     [19.3428341, 44.568811600000004],
     [19.342080600000003, 44.5682994], [19.341697, 44.5681912],
     [19.3406926, 44.568032], [19.3397213, 44.5678944],
     [19.339039800000002, 44.567874700000004],
     [19.338725200000003, 44.5678453], [19.337696, 44.5674305],
     [19.3371855, 44.5673735], [19.3368654, 44.567285000000005],
     [19.3365923, 44.5669331], [19.3364322, 44.566720800000006],
     [19.336057, 44.5665812], [19.335761700000003, 44.566433800000006],
     [19.335510600000003, 44.5660308], [19.3357369, 44.565268],
     [19.335654100000003, 44.564926], [19.3354803, 44.5645505],
     [19.3354168, 44.5642379], [19.3351823, 44.563543900000006],
     [19.3349118, 44.5630721], [19.334710400000002, 44.5626534],
     [19.3343545, 44.5620911], [19.334100600000003, 44.5616271],
     [19.3333032, 44.5615013], [19.333041, 44.5614561],
     [19.332660200000003, 44.5611553],
     [19.3319483, 44.560887900000004], [19.3312944, 44.5607562],
     [19.3309991, 44.560695200000005],
     [19.3306708, 44.560300000000005], [19.3306349, 44.5601782],
     [19.3308281, 44.559783], [19.3308474, 44.559592300000006],
     [19.3301465, 44.5595176],
     [19.329947800000003, 44.559203000000004],
     [19.3296305, 44.5587468], [19.329418, 44.558463700000004],
     [19.3289434, 44.5582809], [19.3288303, 44.558117700000004],
     [19.3287292, 44.5577981], [19.328941500000003, 44.5573895],
     [19.3289486, 44.5572231], [19.3283312, 44.5569198],
     [19.3281791, 44.5567925], [19.3282591, 44.556470100000006],
     [19.3284783, 44.5561839]]}},
  {"type":"Feature",
   "properties":{},
   "geometry":
   {"type":"LineString",
    "coordinates":
    [[19.3284783, 44.5561839], [19.3285762, 44.556017100000005],
     [19.3286647, 44.555727100000006],
     [19.328679400000002, 44.555544600000005],
     [19.3286526, 44.5553362], [19.328597600000002, 44.555148],
     [19.328591600000003, 44.5550252],
     [19.3286178, 44.554966400000005], [19.3286835, 44.5549],
     [19.328827, 44.554839300000005], [19.3291636, 44.5547691],
     [19.3293091, 44.5547538], [19.329497500000002, 44.5547619],
     [19.329643, 44.554783900000004], [19.3297141, 44.5548173],
     [19.3297631, 44.5548598], [19.3298321, 44.5549673],
     [19.329877, 44.555021800000006], [19.3299622, 44.5550787],
     [19.330417500000003, 44.5552908], [19.3306267, 44.5553448],
     [19.330856100000002, 44.555341000000006], [19.3310076, 44.555297],
     [19.3312034, 44.5551948], [19.3314099, 44.555046700000005],
     [19.331486400000003, 44.5549205],
     [19.3315132, 44.554760900000005],
     [19.3315279, 44.554582200000006], [19.3314944, 44.5544561],
     [19.3313777, 44.554172200000004], [19.3313482, 44.5540557],
     [19.331352300000002, 44.553883600000006],
     [19.3313844, 44.5536686], [19.331372400000003, 44.5534565],
     [19.331320100000003, 44.553359],
     [19.331224900000002, 44.553256700000006],
     [19.3310867, 44.553176400000005], [19.3307514, 44.5530465],
     [19.330652200000003, 44.5529901],
     [19.330557000000002, 44.5529108], [19.330295800000002, 44.55268],
     [19.330249900000002, 44.552639400000004]]}},
  {"type":"Feature",
   "properties":{},
   "geometry":
   {"type":"LineString",
    "coordinates":
    [[19.327625100000002, 44.55272], [19.3292895, 44.5526683],
     [19.3300595, 44.552680800000005],
     [19.330249900000002, 44.552639400000004]]}},
  {"type":"Feature",
   "properties":{},
   "geometry":
   {"type":"LineString",
    "coordinates":
    [[19.3278609, 44.5509293], [19.3279712, 44.551205100000004],
     [19.3279658, 44.551358], [19.327768900000002, 44.5520294],
     [19.3276842, 44.552432200000005],
     [19.327625100000002, 44.55272]]}},
  {"type":"Feature",
   "properties":{},
   "geometry":
   {"type":"LineString",
    "coordinates":
    [[19.3277948, 44.5507682], [19.3278609, 44.5509293]]}},
  {"type":"Feature",
   "properties":{},
   "geometry":
   {"type":"LineString",
    "coordinates":
    [[19.3239451, 44.5434312], [19.3240659, 44.543471000000004],
     [19.324285800000002, 44.543486300000005],
     [19.3246399, 44.5434939], [19.3249043, 44.5435767],
     [19.3250476, 44.543685100000005], [19.3251887, 44.5440393],
     [19.325247700000002, 44.5441731],
     [19.325268400000002, 44.544209900000006],
     [19.3252785, 44.5443152], [19.3253764, 44.5446205],
     [19.325616200000002, 44.545134100000006],
     [19.325923600000003, 44.545733000000006], [19.326283, 44.5464594],
     [19.3265603, 44.5468622], [19.326946600000003, 44.5473554],
     [19.327365, 44.547921200000005], [19.3273704, 44.5480588],
     [19.3274294, 44.548200200000004], [19.3274669, 44.5483149],
     [19.327402600000003, 44.5483914], [19.3271933, 44.548464],
     [19.3268892, 44.548543], [19.3268178, 44.5486208],
     [19.3268393, 44.548720200000005],
     [19.3269412, 44.548865400000004], [19.327372, 44.5494605],
     [19.3274884, 44.549649200000005], [19.3275313, 44.5497638],
     [19.3275581, 44.5499397], [19.3275903, 44.5501614],
     [19.3276279, 44.550436700000006], [19.3277948, 44.5507682]]}},
  {"type":"Feature",
   "properties":{},
   "geometry":
   {"type":"LineString",
    "coordinates":
    [[19.323870600000003, 44.543398200000006],
     [19.3239451, 44.5434312]]}},
  {"type":"Feature",
   "properties":{},
   "geometry":
   {"type":"LineString",
    "coordinates":
    [[19.3229536, 44.5418377], [19.3233095, 44.5424425],
     [19.3236099, 44.5429663], [19.3237764, 44.543294],
     [19.323806, 44.5433444],
     [19.323870600000003, 44.543398200000006]]}},
  {"type":"Feature",
   "properties":{},
   "geometry":
   {"type":"LineString",
    "coordinates":
    [[19.3135343, 44.5349184], [19.3138294, 44.535009200000005],
     [19.314048, 44.5350857], [19.314225, 44.535154500000004],
     [19.314394, 44.535254900000005], [19.3146582, 44.5354279],
     [19.3149117, 44.5356286], [19.3152711, 44.5359489],
     [19.3155219, 44.536185], [19.3156708, 44.536349400000006],
     [19.3157834, 44.536529200000004], [19.3158545, 44.5366324],
     [19.315928200000002, 44.5367012],
     [19.316052900000003, 44.5367595], [19.3167315, 44.5370148],
     [19.3169729, 44.537112300000004],
     [19.317160700000002, 44.5372203],
     [19.317356500000002, 44.537337900000004],
     [19.3174826, 44.537453500000005],
     [19.317630100000002, 44.5375759], [19.3178163, 44.5376781],
     [19.3180552, 44.537770900000005],
     [19.318263100000003, 44.5378617], [19.3186185, 44.5380539],
     [19.319028900000003, 44.5383129],
     [19.3205792, 44.539286000000004],
     [19.3207026, 44.539331000000004], [19.320812500000002, 44.539352],
     [19.321003, 44.539341500000006], [19.3211961, 44.539317600000004],
     [19.321471000000003, 44.5392889],
     [19.321890800000002, 44.539222900000006],
     [19.3221536, 44.539201000000006],
     [19.3224205, 44.539216200000006], [19.3227249, 44.5392631],
     [19.3230575, 44.539331000000004], [19.3233445, 44.5394103],
     [19.3241291, 44.539697100000005], [19.3243061, 44.539785],
     [19.324339600000002, 44.539830900000005],
     [19.3243544, 44.5399341], [19.3243587, 44.539982300000005],
     [19.3243571, 44.5400307], [19.324349100000003, 44.5400806],
     [19.3243347, 44.5401298], [19.324314100000002, 44.5401779],
     [19.324288600000003, 44.5402469], [19.3242565, 44.5403146],
     [19.3242099, 44.5403925], [19.3241546, 44.540467500000005],
     [19.3238944, 44.5407829], [19.3234746, 44.541265700000004],
     [19.323355900000003, 44.541384400000005],
     [19.3232439, 44.541506500000004], [19.3231684, 44.5415956],
     [19.3230964, 44.5416862],
     [19.323060700000003, 44.541731000000006],
     [19.3230213, 44.541774200000006], [19.322989, 44.5418068],
     [19.3229536, 44.5418377]]}},
  {"type":"Feature",
   "properties":{},
   "geometry":
   {"type":"LineString",
    "coordinates":
    [[19.3154882, 44.515309900000005],
     [19.315523600000002, 44.5155988],
     [19.315518700000002, 44.5159242], [19.3156351, 44.5165713],
     [19.315772600000003, 44.517403300000005],
     [19.315906700000003, 44.518214900000004],
     [19.3159765, 44.5185814], [19.3160639, 44.5189232],
     [19.316281200000002, 44.519407900000004],
     [19.3165103, 44.519807300000004], [19.3167526, 44.5201372],
     [19.3169904, 44.5205168], [19.3172023, 44.521004500000004],
     [19.3174329, 44.521442400000005], [19.317551, 44.521844],
     [19.317548300000002, 44.5219377],
     [19.317529500000003, 44.5220563], [19.317449, 44.522285800000006],
     [19.3172935, 44.522507600000004],
     [19.317062800000002, 44.5227638], [19.316749, 44.523035400000005],
     [19.3162367, 44.523446500000006], [19.3152228, 44.5241981],
     [19.3147588, 44.524603500000005],
     [19.3144986, 44.524882700000006],
     [19.314340400000003, 44.5250682],
     [19.3141633, 44.525316800000006], [19.3139943, 44.5255692],
     [19.3137288, 44.526030000000006],
     [19.313551800000003, 44.5263398],
     [19.313408300000003, 44.5265502], [19.3132406, 44.5267385],
     [19.313062300000002, 44.526940200000006],
     [19.3128034, 44.5272118], [19.3123958, 44.527636300000005],
     [19.3120686, 44.528020600000005],
     [19.311918300000002, 44.5282166],
     [19.311849900000002, 44.5283275],
     [19.311790900000002, 44.5284556], [19.3117762, 44.5285771],
     [19.3117574, 44.5287425], [19.311742600000002, 44.5288983],
     [19.311733200000003, 44.5291823], [19.3117375, 44.529269],
     [19.311748, 44.529483400000004], [19.311790900000002, 44.5296785],
     [19.311858, 44.529881100000004],
     [19.312100700000002, 44.530527400000004],
     [19.3122455, 44.5310332], [19.3123314, 44.5313381],
     [19.3124051, 44.5317664], [19.312515100000002, 44.5323056],
     [19.3125661, 44.5325494],
     [19.312635800000002, 44.532680400000004],
     [19.312765900000002, 44.5329423],
     [19.312802100000003, 44.533059900000005],
     [19.312820900000002, 44.533183300000005],
     [19.312822200000003, 44.533375400000004],
     [19.3128289, 44.5341192], [19.312850400000002, 44.5342568],
     [19.312889300000002, 44.534374400000004],
     [19.313004600000003, 44.5345589],
     [19.313162900000002, 44.5347214],
     [19.313365400000002, 44.5348534], [19.3135343, 44.5349184]]}},
  {"type":"Feature",
   "properties":{},
   "geometry":
   {"type":"LineString",
    "coordinates":
    [[19.312655900000003, 44.5117707],
     [19.3126398, 44.511820400000005],
     [19.3126827, 44.511900700000005], [19.3127874, 44.512048],
     [19.3129671, 44.5122775], [19.3131521, 44.5124688],
     [19.3136966, 44.512910600000005],
     [19.3143028, 44.513425100000006], [19.3145254, 44.513626],
     [19.3146729, 44.513790500000006],
     [19.3148392, 44.514065900000006],
     [19.315351500000002, 44.5150031], [19.3154293, 44.5151484],
     [19.3154882, 44.515309900000005]]}},
  {"type":"Feature",
   "properties":{},
   "geometry":
   {"type":"LineString",
    "coordinates":
    [[19.312655900000003, 44.5117707],
     [19.3123823, 44.511643500000005],
     [19.312153000000002, 44.5115278], [19.3118218, 44.5113107],
     [19.311569600000002, 44.511132800000006],
     [19.3113604, 44.511014200000005], [19.3111603, 44.51093],
     [19.3110037, 44.5108813], [19.3105276, 44.510756],
     [19.3103343, 44.510677900000005],
     [19.310186700000003, 44.510609300000006],
     [19.3100509, 44.5105427]]}},
  {"type":"Feature",
   "properties":{},
   "geometry":
   {"type":"LineString",
    "coordinates":
    [[19.3107329, 44.510037100000005], [19.3106581, 44.5100756],
     [19.3106008, 44.5101036], [19.3105501, 44.5101182],
     [19.3105081, 44.5101285], [19.3104361, 44.510141000000004],
     [19.310353900000003, 44.510155600000004],
     [19.3102892, 44.5101682], [19.310233200000003, 44.5101807],
     [19.3101659, 44.510200000000005], [19.3101074, 44.5102172],
     [19.310039800000002, 44.5102411],
     [19.3099794, 44.510270000000006], [19.3099379, 44.510299],
     [19.309907300000003, 44.510323500000005],
     [19.3098929, 44.5103457], [19.309878700000002, 44.5103754],
     [19.3098706, 44.5104077], [19.3098777, 44.510437200000005],
     [19.3098977, 44.5104586], [19.309937400000003, 44.510488],
     [19.3100509, 44.5105427]]}},
  {"type":"Feature",
   "properties":{},
   "geometry":
   {"type":"LineString",
    "coordinates":
    [[19.3107329, 44.510037100000005], [19.3105857, 44.5100435],
     [19.3104634, 44.5100519], [19.3103519, 44.510061400000005],
     [19.3102711, 44.5100708],
     [19.310179700000003, 44.510087500000004],
     [19.3100984, 44.5101062],
     [19.310038000000002, 44.510122900000006]]}},
  {"type":"Feature",
   "properties":{},
   "geometry":
   {"type":"LineString",
    "coordinates":
    [[19.302948800000003, 44.5052468], [19.3029398, 44.5053192],
     [19.302934, 44.5053828], [19.302928400000003, 44.5054704],
     [19.302927200000003, 44.505527900000004],
     [19.3029291, 44.505583300000005],
     [19.3029327, 44.505647800000006], [19.3029544, 44.5060093],
     [19.3029571, 44.5061337],
     [19.302916800000002, 44.506223600000006],
     [19.302777300000002, 44.5063862], [19.3026674, 44.5065335],
     [19.3026191, 44.5066349], [19.302568100000002, 44.5067535],
     [19.3025011, 44.5069658], [19.3024421, 44.5072106],
     [19.302401800000002, 44.5073139],
     [19.302265000000002, 44.5075492], [19.3021846, 44.5076984],
     [19.3020505, 44.50797], [19.3020371, 44.5080255],
     [19.302029, 44.508102], [19.3020558, 44.508167],
     [19.3022597, 44.508385100000005], [19.302308, 44.5084674],
     [19.3023643, 44.5086357], [19.3023965, 44.5087466],
     [19.3024635, 44.508871000000006],
     [19.3027908, 44.509431400000004],
     [19.302868500000002, 44.5095194],
     [19.302962400000002, 44.5096016],
     [19.3030885, 44.509682000000005],
     [19.3032226, 44.509758500000004], [19.3033916, 44.5098216],
     [19.3036625, 44.5098962], [19.303976300000002, 44.5099612],
     [19.304335700000003, 44.5100148], [19.304668, 44.5100722],
     [19.305062500000002, 44.510194600000005],
     [19.3056169, 44.5103671], [19.305821700000003, 44.5104107],
     [19.3060121, 44.5104452], [19.3061972, 44.510441300000004],
     [19.3065754, 44.510431800000006], [19.306798, 44.5104356],
     [19.3070421, 44.5104624], [19.3072164, 44.5104662],
     [19.307527500000003, 44.5104528],
     [19.3077046, 44.510456600000005],
     [19.3079782, 44.510485300000006], [19.3081766, 44.5104777],
     [19.308329500000003, 44.5104471],
     [19.3084314, 44.510405000000006], [19.30852, 44.5103342],
     [19.3086594, 44.5102367],
     [19.308774800000002, 44.510169700000006],
     [19.3089491, 44.5101104],
     [19.309123500000002, 44.510064500000006],
     [19.309515100000002, 44.51005], [19.3096654, 44.5100476],
     [19.3097682, 44.5100495],
     [19.309849200000002, 44.510053500000005],
     [19.3099101, 44.510067400000004],
     [19.309969600000002, 44.510086900000005],
     [19.310038000000002, 44.510122900000006]]}},
  {"type":"Feature",
   "properties":{},
   "geometry":
   {"type":"LineString",
    "coordinates":
    [[19.302948800000003, 44.5052468], [19.3030158, 44.5052723],
     [19.303103200000002, 44.5053081],
     [19.3031946, 44.505348000000005], [19.3032784, 44.505389],
     [19.3033688, 44.5054366], [19.3034733, 44.5054918],
     [19.3036789, 44.5056047], [19.303868100000003, 44.5057166],
     [19.303972400000003, 44.505774200000005],
     [19.304052000000002, 44.5058151],
     [19.3041316, 44.505852100000006], [19.3042023, 44.5058853],
     [19.3042872, 44.5059236], [19.304342600000002, 44.505946],
     [19.304408600000002, 44.5059684],
     [19.3045513, 44.506015700000006],
     [19.304822400000003, 44.5061103], [19.305439, 44.5063134],
     [19.3055241, 44.5063334], [19.305618000000003, 44.5063497],
     [19.3056924, 44.506358500000005], [19.3057756, 44.5063632],
     [19.3058614, 44.5063593], [19.3059486, 44.5063523],
     [19.306017, 44.5063399], [19.3060918, 44.5063186],
     [19.3061455, 44.5062973]]}},
  {"type":"Feature",
   "properties":{},
   "geometry":
   {"type":"LineString",
    "coordinates":
    [[19.3061455, 44.5062973], [19.306211, 44.506263700000005],
     [19.3062633, 44.506230800000004],
     [19.306323000000003, 44.506188400000006],
     [19.3063812, 44.5061363], [19.3065243, 44.506005900000005],
     [19.3069014, 44.505644600000004],
     [19.307274500000002, 44.5052828], [19.3076581, 44.504911],
     [19.307707800000003, 44.5048588], [19.3077486, 44.5048137],
     [19.307770700000003, 44.504787400000005],
     [19.307792900000003, 44.5047535], [19.3078073, 44.5047134],
     [19.3078144, 44.5046684], [19.3078116, 44.5046242],
     [19.3078001, 44.504585000000006], [19.3077755, 44.5045379],
     [19.307743900000002, 44.5044957],
     [19.307684300000002, 44.504446800000004],
     [19.3075999, 44.5043827], [19.3075154, 44.5043212],
     [19.307457900000003, 44.504277800000004],
     [19.3074328, 44.504255300000004], [19.3074085, 44.5042193],
     [19.3073842, 44.504178800000005], [19.3073652, 44.5041402],
     [19.3073559, 44.5041], [19.3073511, 44.5040543],
     [19.3073541, 44.5039907], [19.3073707, 44.503905800000005],
     [19.3073967, 44.5038185], [19.3074306, 44.503736],
     [19.3074739, 44.5036532], [19.3075446, 44.5035485],
     [19.30762, 44.5034439], [19.3078751, 44.5031551],
     [19.308130300000002, 44.502893], [19.3082762, 44.5027259],
     [19.308351400000003, 44.502639], [19.308426700000002, 44.5025421],
     [19.308465100000003, 44.502485], [19.3084867, 44.502448],
     [19.3085083, 44.502404500000004],
     [19.308515800000002, 44.5023289],
     [19.3085187, 44.502223300000004],
     [19.308529200000002, 44.502028800000005],
     [19.3085501, 44.5016295], [19.3085711, 44.5012069],
     [19.3085703, 44.501109], [19.3085695, 44.5010227],
     [19.308568700000002, 44.500937900000004],
     [19.3085638, 44.500879100000006],
     [19.3085561, 44.500803700000006], [19.308546200000002, 44.500737],
     [19.308536200000002, 44.500679000000005],
     [19.3085051, 44.5005406], [19.308469900000002, 44.5004022],
     [19.3084123, 44.500174], [19.308362900000002, 44.4999892],
     [19.3083539, 44.499916000000006], [19.3083449, 44.4998224],
     [19.3083452, 44.4997716], [19.3083539, 44.499719400000004],
     [19.3083755, 44.49967], [19.308408200000002, 44.4996208],
     [19.3084493, 44.4995702], [19.3085084, 44.4995101],
     [19.3086245, 44.4994181], [19.3088738, 44.499245800000004],
     [19.309106800000002, 44.499090800000005],
     [19.309243600000002, 44.498993600000006],
     [19.3093067, 44.498946200000006], [19.3093541, 44.4989086],
     [19.309405100000003, 44.498860900000004],
     [19.309450400000003, 44.4988132],
     [19.3094802, 44.498772900000006],
     [19.309509900000002, 44.4987276],
     [19.309534000000003, 44.498677900000004],
     [19.309542500000003, 44.4986392], [19.3095475, 44.4985954],
     [19.309543700000003, 44.498549700000005],
     [19.3095378, 44.4985124], [19.309534300000003, 44.4984954],
     [19.309531800000002, 44.498482800000005],
     [19.309503300000003, 44.4984042], [19.3094642, 44.4983258],
     [19.3094199, 44.498251200000006],
     [19.3093645, 44.498168500000006],
     [19.3092887, 44.498055300000004],
     [19.309224800000003, 44.4979573],
     [19.309153900000002, 44.497849200000005],
     [19.309112000000002, 44.497777400000004],
     [19.3090912, 44.4977414], [19.3090727, 44.497709300000004],
     [19.3090322, 44.497643200000006], [19.308991600000002, 44.497579],
     [19.3089586, 44.4975408], [19.3089277, 44.497508100000005],
     [19.308901600000002, 44.497481], [19.3088196, 44.4974068],
     [19.3087376, 44.497339100000005], [19.308571, 44.497210700000004],
     [19.3084044, 44.4970909], [19.3081079, 44.4968863],
     [19.3077991, 44.4966614], [19.3074865, 44.496417400000006],
     [19.3072994, 44.4962595], [19.3071777, 44.496161],
     [19.307028000000003, 44.4960431], [19.306977, 44.4959946],
     [19.3069296, 44.4959402], [19.3068756, 44.495865800000004],
     [19.3068393, 44.495808600000004],
     [19.306818800000002, 44.495753300000004],
     [19.3067983, 44.4956814]]}},
  {"type":"Feature",
   "properties":{},
   "geometry":
   {"type":"LineString",
    "coordinates":
    [[19.3067983, 44.4956814], [19.3067293, 44.495703000000006],
     [19.3066846, 44.4957246],
     [19.306631900000003, 44.495753300000004], [19.306574, 44.4957879],
     [19.3065298, 44.495830000000005], [19.3065071, 44.4958667],
     [19.3064739, 44.495934500000004],
     [19.3064484, 44.496006200000004],
     [19.306436700000003, 44.4960633],
     [19.3064286, 44.496140600000004],
     [19.3064104, 44.496247000000004],
     [19.3063943, 44.496462300000005],
     [19.3064064, 44.496621100000006],
     [19.3064359, 44.496729200000004], [19.306511, 44.4969243],
     [19.3065485, 44.497132900000004], [19.3065459, 44.4972821],
     [19.3065271, 44.497383500000005], [19.3064976, 44.497439],
     [19.3064466, 44.4974964], [19.3062991, 44.497593900000005],
     [19.3061194, 44.4976934], [19.3060309, 44.497748900000005],
     [19.305945, 44.4978197], [19.3056875, 44.4980818],
     [19.305489100000003, 44.4982253],
     [19.305199400000003, 44.4984644], [19.3051377, 44.4985008],
     [19.305017, 44.498535200000006], [19.3048936, 44.498533300000005],
     [19.3047997, 44.498508400000006],
     [19.3046039, 44.498452900000004],
     [19.304429600000002, 44.4984395],
     [19.304308900000002, 44.4984568], [19.304148, 44.498506500000005],
     [19.304018000000003, 44.4985701], [19.3036517, 44.4986978],
     [19.3034506, 44.498755200000005],
     [19.303249400000002, 44.4987897],
     [19.3030322, 44.498805000000004], [19.3026701, 44.4988222],
     [19.3023428, 44.4988279], [19.302147, 44.4988298],
     [19.30197, 44.4988011], [19.3018064, 44.4987456],
     [19.3015891, 44.498634700000004],
     [19.3014228, 44.498571600000005],
     [19.301208300000003, 44.4984893],
     [19.3010151, 44.498416600000006], [19.300425, 44.498254],
     [19.300194400000002, 44.4982023],
     [19.300057600000002, 44.4981889],
     [19.2999778, 44.498183000000004], [19.299902, 44.4981774],
     [19.2995828, 44.498164100000004], [19.299159, 44.4981468],
     [19.2990062, 44.498127700000005], [19.2987992, 44.4980867],
     [19.29851, 44.497972700000005], [19.298332900000002, 44.4978962],
     [19.2975712, 44.4974198], [19.2971125, 44.497150100000006],
     [19.296865800000003, 44.497018100000005],
     [19.2966512, 44.4969339],
     [19.296455400000003, 44.496901400000006],
     [19.2962515, 44.4968822], [19.295806600000002, 44.4968675],
     [19.2952194, 44.4968808], [19.2948443, 44.4969124],
     [19.2945242, 44.4969702], [19.294336400000002, 44.4970334],
     [19.294146, 44.4971156], [19.2938402, 44.4972572],
     [19.2935613, 44.497356700000005], [19.2932206, 44.4974313],
     [19.292903600000002, 44.4974578],
     [19.292598400000003, 44.497423700000006],
     [19.2924294, 44.497395000000004],
     [19.292102200000002, 44.4973089],
     [19.291874200000002, 44.4972706],
     [19.291619400000002, 44.4972725], [19.2913967, 44.4972763],
     [19.2910454, 44.497238100000004],
     [19.290908400000003, 44.497217600000006],
     [19.290584000000003, 44.4971692], [19.2900637, 44.4970468],
     [19.2897177, 44.496951100000004], [19.2892376, 44.4968306],
     [19.2887199, 44.4967349], [19.2878562, 44.4966852],
     [19.287547800000002, 44.4966833], [19.2872773, 44.4967112],
     [19.286287100000003, 44.496821000000004],
     [19.285863300000003, 44.4968784]]}},
  {"type":"Feature",
   "properties":{},
   "geometry":
   {"type":"LineString",
    "coordinates":
    [[19.285863300000003, 44.4968784], [19.2856649, 44.4969473],
     [19.285562900000002, 44.497006600000006],
     [19.2854771, 44.4970927], [19.2854074, 44.497203600000006],
     [19.2853779, 44.4972993],
     [19.285367100000002, 44.497393100000004]]}},
  {"type":"Feature",
   "properties":{},
   "geometry":
   {"type":"LineString",
    "coordinates":
    [[19.285367100000002, 44.497393100000004],
     [19.2853886, 44.4975308], [19.2854476, 44.4977126],
     [19.2855549, 44.497997600000005], [19.285594, 44.4981481],
     [19.2856568, 44.498389800000005],
     [19.285726500000003, 44.498611700000005],
     [19.2858124, 44.498778200000004], [19.2860404, 44.4991378]]}},
  {"type":"Feature",
   "properties":{},
   "geometry":
   {"type":"LineString",
    "coordinates":
    [[19.2860404, 44.4991378], [19.2859197, 44.499212500000006],
     [19.285863300000003, 44.4992737],
     [19.285608500000002, 44.499696500000006],
     [19.2854905, 44.4998438], [19.285077400000002, 44.5002283],
     [19.284398900000003, 44.500844300000004],
     [19.2839938, 44.5011829], [19.283674700000002, 44.5013895]]}},
  {"type":"Feature",
   "properties":{},
   "geometry":
   {"type":"LineString",
    "coordinates":
    [[19.283674700000002, 44.5013895],
     [19.283521800000003, 44.501471800000004],
     [19.283433300000002, 44.501510100000004],
     [19.2833072, 44.5015464],
     [19.283111400000003, 44.501575100000004],
     [19.2828673, 44.5015961],
     [19.282481100000002, 44.501613400000004],
     [19.2822745, 44.5016076],
     [19.281976800000002, 44.501578900000005],
     [19.2816067, 44.5015292], [19.2811239, 44.501448800000006],
     [19.2808449, 44.5014058],
     [19.280532400000002, 44.501377100000006],
     [19.2803393, 44.5013522], [19.2801449, 44.501314900000004],
     [19.279658, 44.5012126], [19.279414000000003, 44.501146600000006],
     [19.2793134, 44.501133200000005],
     [19.279231600000003, 44.501126500000005],
     [19.2791417, 44.5011274], [19.2790237, 44.5011294],
     [19.278921800000003, 44.5011294],
     [19.278797100000002, 44.5011093],
     [19.2786616, 44.501081500000005], [19.2784443, 44.5010107],
     [19.278093000000002, 44.5008749],
     [19.277001300000002, 44.500454000000005],
     [19.2767841, 44.500380400000004], [19.2765507, 44.5003316],
     [19.2764032, 44.500317300000006],
     [19.2762369, 44.500308700000005], [19.2761135, 44.5003067],
     [19.2759164, 44.5003412], [19.2757407, 44.5003699],
     [19.2755248, 44.500384200000006],
     [19.2750567, 44.500415800000006],
     [19.274839500000002, 44.5004359], [19.2747107, 44.5004579],
     [19.2746074, 44.5004799],
     [19.274506900000002, 44.500519100000005],
     [19.2743808, 44.5005765], [19.2742681, 44.500632],
     [19.2740858, 44.5007467],
     [19.273911400000003, 44.500859600000005],
     [19.273743800000002, 44.500951400000005], [19.273257, 44.501181],
     [19.272674900000002, 44.501471800000004],
     [19.2726146, 44.501493800000006],
     [19.2725376, 44.501508300000005],
     [19.2724255, 44.501507200000006],
     [19.2722954, 44.501493800000006],
     [19.2721304, 44.501460300000005],
     [19.2715725, 44.501298600000005],
     [19.2714183, 44.501278600000006], [19.271087, 44.5012747],
     [19.270800100000002, 44.5012671],
     [19.2703159, 44.501216400000004],
     [19.270151000000002, 44.5011887],
     [19.270011500000003, 44.5011389], [19.2699417, 44.5010873],
     [19.269754000000002, 44.5009419], [19.2695341, 44.5007869],
     [19.269359700000003, 44.5006415],
     [19.269287300000002, 44.500570700000004],
     [19.269225600000002, 44.500497100000004],
     [19.269180000000002, 44.5004215],
     [19.269082100000002, 44.5002331],
     [19.2690606, 44.500187200000006],
     [19.2690057, 44.500135500000006], [19.2689373, 44.5001106],
     [19.2688595, 44.500103], [19.268762900000002, 44.5001164],
     [19.268675700000003, 44.500149900000004],
     [19.268532200000003, 44.500235], [19.2683512, 44.5003517],
     [19.268247900000002, 44.500400500000005],
     [19.268136600000002, 44.5004368], [19.268028, 44.5004445],
     [19.267944800000002, 44.5004368], [19.267840200000002, 44.500411],
     [19.267657800000002, 44.5003182],
     [19.2675184, 44.500252200000006], [19.2674017, 44.500213],
     [19.267285, 44.500180500000006], [19.2668103, 44.500106800000005],
     [19.2664012, 44.500013100000004], [19.2663006, 44.4999662],
     [19.2662376, 44.499904400000005]]}},
  {"type":"Feature",
   "properties":{},
   "geometry":
   {"type":"LineString",
    "coordinates":
    [[19.2662376, 44.499904400000005],
     [19.266341200000003, 44.4998547], [19.2665906, 44.499735],
     [19.2670041, 44.499536600000006],
     [19.2671704, 44.499458100000005], [19.2674445, 44.4993252]]}},
  {"type":"Feature",
   "properties":{},
   "geometry":
   {"type":"LineString",
    "coordinates":
    [[19.2674445, 44.4993252], [19.267989, 44.4990363],
     [19.2681928, 44.4989215], [19.2683645, 44.4988335],
     [19.268453, 44.4987914], [19.2685549, 44.4987464],
     [19.2686609, 44.4986967], [19.268858, 44.498613500000005],
     [19.2689586, 44.4985657], [19.269044400000002, 44.498513],
     [19.2691464, 44.498460400000006], [19.2692818, 44.4984078],
     [19.269409500000002, 44.498358200000006],
     [19.269554000000003, 44.4983227]]}},
  {"type":"Feature",
   "properties":{},
   "geometry":
   {"type":"LineString",
    "coordinates":
    [[19.269554000000003, 44.4983227], [19.2695954, 44.4983142],
     [19.269699300000003, 44.4982929],
     [19.2699889, 44.498278600000006],
     [19.2702531, 44.498281500000004],
     [19.2704287, 44.498285300000006],
     [19.270553500000002, 44.498282]]}},
  {"type":"Feature",
   "properties":{},
   "geometry":
   {"type":"LineString",
    "coordinates":
    [[19.270553500000002, 44.498282],
     [19.2705458, 44.498249400000006]]}},
  {"type":"Feature",
   "properties":{},
   "geometry":
   {"type":"LineString",
    "coordinates":
    [[19.2705458, 44.498249400000006],
     [19.270536200000002, 44.498211700000006]]}},
  {"type":"Feature",
   "properties":{},
   "geometry":
   {"type":"LineString",
    "coordinates":
    [[19.270536200000002, 44.498211700000006],
     [19.270523400000002, 44.498179400000005],
     [19.2704302, 44.498036600000006],
     [19.270371100000002, 44.497958100000005],
     [19.270318800000002, 44.4978405],
     [19.2702639, 44.497642500000005], [19.2702116, 44.4974464],
     [19.2701727, 44.497350700000005], [19.2700734, 44.4972283],
     [19.2699795, 44.4971508], [19.269810500000002, 44.4970117]]}},
  {"type":"Feature",
   "properties":{},
   "geometry":
   {"type":"LineString",
    "coordinates":
    [[19.269810500000002, 44.4970117], [19.2698039, 44.4969176],
     [19.2698106, 44.496897000000004]]}},
  {"type":"Feature",
   "properties":{},
   "geometry":
   {"type":"LineString",
    "coordinates":
    [[19.2698106, 44.496897000000004],
     [19.269856100000002, 44.4967307],
     [19.270011800000002, 44.4963512],
     [19.270154700000003, 44.495845100000004],
     [19.2702019, 44.4956782], [19.2702159, 44.495589900000006],
     [19.2701879, 44.4954933], [19.2700579, 44.495335600000004],
     [19.2697837, 44.495074100000004],
     [19.269537200000002, 44.494907100000006],
     [19.2695002, 44.4948411], [19.2695495, 44.494753200000005],
     [19.2693865, 44.4945309], [19.2692719, 44.4944056],
     [19.2692604, 44.494393], [19.269111900000002, 44.4935345],
     [19.268941100000003, 44.4932111],
     [19.268931300000002, 44.493193600000005],
     [19.2688454, 44.493040400000005],
     [19.268752900000003, 44.492937100000006],
     [19.268700600000003, 44.492890200000005]]}},
  {"type":"Feature",
   "properties":{},
   "geometry":
   {"type":"LineString",
    "coordinates":
    [[19.268254600000002, 44.4922253], [19.2682305, 44.4923153],
     [19.2682654, 44.4924052],
     [19.268391400000002, 44.492477900000004],
     [19.268463800000003, 44.4926157],
     [19.268573800000002, 44.4927037],
     [19.2686543, 44.492830000000005],
     [19.268700600000003, 44.492890200000005]]}},
  {"type":"Feature",
   "properties":{},
   "geometry":
   {"type":"LineString",
    "coordinates":
    [[19.2682687, 44.491790800000004],
     [19.2682171, 44.491892400000005],
     [19.2682171, 44.491982300000004],
     [19.2681715, 44.492037800000006],
     [19.268254600000002, 44.4922253]]}},
  {"type":"Feature",
   "properties":{},
   "geometry":
   {"type":"LineString",
    "coordinates":
    [[19.2682395, 44.491708], [19.2682514, 44.4917418],
     [19.2682687, 44.491790800000004]]}},
  {"type":"Feature",
   "properties":{},
   "geometry":
   {"type":"LineString",
    "coordinates":
    [[19.268430600000002, 44.4897611], [19.26847, 44.4898017],
     [19.2685062, 44.489860400000005],
     [19.2685301, 44.489937100000006],
     [19.268582600000002, 44.4900614],
     [19.268549200000002, 44.4901312],
     [19.2684131, 44.490228300000005],
     [19.268322400000002, 44.490279400000006],
     [19.2682627, 44.490347500000006], [19.2682532, 44.4903935],
     [19.268241200000002, 44.4905417],
     [19.268205400000003, 44.490614900000004],
     [19.268191100000003, 44.4906677], [19.268141, 44.490740900000006],
     [19.268078900000003, 44.490819300000005],
     [19.2680741, 44.4908687], [19.2680526, 44.4909163],
     [19.2680216, 44.490974200000004], [19.2679309, 44.4910543],
     [19.2678784, 44.4911394], [19.267868800000002, 44.4912161],
     [19.2678736, 44.4913012], [19.2679356, 44.491376200000005],
     [19.268012000000002, 44.491429000000004],
     [19.2680908, 44.491512400000005],
     [19.268238500000002, 44.4917067], [19.2682395, 44.491708]]}},
  {"type":"Feature",
   "properties":{},
   "geometry":
   {"type":"LineString",
    "coordinates":
    [[19.268451300000002, 44.489698600000004],
     [19.268430600000002, 44.4897611]]}},
  {"type":"Feature",
   "properties":{},
   "geometry":
   {"type":"LineString",
    "coordinates":
    [[19.268660200000003, 44.4888963],
     [19.2687122, 44.488964700000004], [19.2687354, 44.4890412],
     [19.268692400000003, 44.489116200000005], [19.2686375, 44.489232],
     [19.2686256, 44.4893189], [19.2686566, 44.4894176],
     [19.2686089, 44.489484100000006],
     [19.268582600000002, 44.489562400000004],
     [19.2685874, 44.489596500000005], [19.2685922, 44.4896527],
     [19.2685062, 44.4896748],
     [19.268451300000002, 44.489698600000004]]}},
  {"type":"Feature",
   "properties":{},
   "geometry":
   {"type":"LineString",
    "coordinates":
    [[19.268660200000003, 44.4888963], [19.2694294, 44.4884081],
     [19.270159, 44.487903], [19.270556000000003, 44.4875279],
     [19.2708778, 44.4869539], [19.2710602, 44.4865865],
     [19.2714465, 44.4861961], [19.2717147, 44.485813400000005],
     [19.2717461, 44.4857309], [19.2717044, 44.485639600000006],
     [19.271478600000002, 44.4855761],
     [19.271221200000003, 44.485162800000005],
     [19.271307, 44.484328500000004], [19.2713177, 44.483371600000005],
     [19.2715645, 44.4827899], [19.2716932, 44.482047400000006],
     [19.2717576, 44.4811671], [19.2716503, 44.480554700000006],
     [19.2714263, 44.4801021], [19.271409600000002, 44.4799237],
     [19.2715739, 44.4798017], [19.2718354, 44.4797845],
     [19.2720674, 44.4798228],
     [19.272124400000003, 44.479796400000005],
     [19.2721546, 44.479758600000004],
     [19.272303400000002, 44.4795433],
     [19.2723222, 44.479226600000004],
     [19.272369100000002, 44.4789625],
     [19.272991400000002, 44.4780132], [19.273366900000003, 44.477508],
     [19.273463500000002, 44.4770793],
     [19.273688800000002, 44.476298400000005],
     [19.273754500000003, 44.475988400000006]]}},
  {"type":"Feature",
   "properties":{},
   "geometry":
   {"type":"LineString",
    "coordinates":
    [[19.273754500000003, 44.475988400000006],
     [19.273930200000002, 44.4757558], [19.2742749, 44.475596],
     [19.274836800000003, 44.475441000000004]]}},
  {"type":"Feature",
   "properties":{},
   "geometry":
   {"type":"LineString",
    "coordinates":
    [[19.274836800000003, 44.475441000000004],
     [19.2755985, 44.4750889], [19.2759269, 44.474767500000006],
     [19.2760599, 44.474637200000004], [19.2763068, 44.4744449]]}},
  {"type":"Feature",
   "properties":{},
   "geometry":
   {"type":"LineString",
    "coordinates":
    [[19.275201600000003, 44.4733108],
     [19.2755118, 44.473520400000005],
     [19.275698600000002, 44.4738349], [19.276084, 44.4742927],
     [19.2763068, 44.4744449]]}},
  {"type":"Feature",
   "properties":{},
   "geometry":
   {"type":"LineString",
    "coordinates":
    [[19.2757863, 44.471251300000006], [19.2756736, 44.4714791],
     [19.2756173, 44.4718102], [19.2754027, 44.4721969],
     [19.2751345, 44.4726524], [19.2751157, 44.473085000000005],
     [19.275201600000003, 44.4733108]]}},
  {"type":"Feature",
   "properties":{},
   "geometry":
   {"type":"LineString",
    "coordinates":
    [[19.278940000000002, 44.4698676], [19.2789137, 44.4699058],
     [19.278087600000003, 44.4701776],
     [19.277484100000002, 44.4704015], [19.2766848, 44.4706618],
     [19.276202, 44.470885800000005],
     [19.2757863, 44.471251300000006]]}},
  {"type":"Feature",
   "properties":{},
   "geometry":
   {"type":"LineString",
    "coordinates":
    [[19.278940000000002, 44.4698676], [19.2792652, 44.4697979],
     [19.2794041, 44.4696988], [19.2793253, 44.4694094],
     [19.279329, 44.4693478], [19.2795393, 44.4692165],
     [19.279655700000003, 44.469034300000004],
     [19.2795618, 44.468798500000005],
     [19.279505500000003, 44.4686323],
     [19.2794004, 44.468554600000004],
     [19.279631000000002, 44.4681851]]}},
  {"type":"Feature",
   "properties":{},
   "geometry":
   {"type":"LineString",
    "coordinates":
    [[19.2835749, 44.4652923], [19.282904900000002, 44.4654803],
     [19.282465000000002, 44.4656066],
     [19.282225800000003, 44.465738300000005], [19.2817086, 44.466223],
     [19.2815316, 44.466736000000004],
     [19.281145300000002, 44.467138000000006],
     [19.2803192, 44.4676892], [19.2798471, 44.4680491],
     [19.279631000000002, 44.4681851]]}},
  {"type":"Feature",
   "properties":{},
   "geometry":
   {"type":"LineString",
    "coordinates":
    [[19.282623, 44.461792700000004],
     [19.282605800000002, 44.461820200000005],
     [19.282475700000003, 44.462056600000004],
     [19.282403300000002, 44.4621724], [19.2823604, 44.4622614],
     [19.282347, 44.4623064], [19.2823403, 44.4623476],
     [19.282338900000003, 44.4624031], [19.2823429, 44.4624682],
     [19.282348300000002, 44.4625064], [19.2823584, 44.4625544],
     [19.2823751, 44.4626165],
     [19.282396600000002, 44.462678700000005],
     [19.282422500000003, 44.4627503], [19.282461, 44.4628424],
     [19.2825025, 44.4629257], [19.2825361, 44.462980200000004],
     [19.282557500000003, 44.4630147],
     [19.2825843, 44.463067300000006], [19.2826178, 44.4631411],
     [19.2826393, 44.463209000000006],
     [19.282658100000003, 44.4632808], [19.282670200000002, 44.463343],
     [19.282683600000002, 44.4634234],
     [19.282703700000003, 44.463551700000004],
     [19.2827144, 44.4636531], [19.282735900000002, 44.4637766],
     [19.282755, 44.463883300000006], [19.282804300000002, 44.4640312],
     [19.2828485, 44.4641384],
     [19.282932000000002, 44.464324500000004],
     [19.2831127, 44.4646198], [19.2832739, 44.4648741],
     [19.283406600000003, 44.4650839],
     [19.283488900000002, 44.4651991], [19.2835749, 44.4652923]]}},
  {"type":"Feature",
   "properties":{},
   "geometry":
   {"type":"LineString",
    "coordinates":
    [[19.2842071, 44.4599053],
     [19.284244100000002, 44.459956600000005],
     [19.2842479, 44.4599903], [19.2842346, 44.4600736],
     [19.2842166, 44.4601594],
     [19.284197600000002, 44.460264200000005],
     [19.2841802, 44.4603308], [19.2841548, 44.460413200000005],
     [19.2841373, 44.460468600000006], [19.284118600000003, 44.460506],
     [19.284095, 44.4605334], [19.2840569, 44.4605624],
     [19.2839725, 44.460619900000005], [19.283873, 44.460685500000004],
     [19.2836183, 44.4608429], [19.2834714, 44.4609352],
     [19.283429100000003, 44.4609618], [19.2832911, 44.4610429],
     [19.283209300000003, 44.4611023],
     [19.283081900000003, 44.4612009], [19.283009500000002, 44.461266],
     [19.2829233, 44.461368300000004], [19.2828284, 44.461488],
     [19.282744100000002, 44.461599500000005],
     [19.282623, 44.461792700000004]]}},
  {"type":"Feature",
   "properties":{},
   "geometry":
   {"type":"LineString",
    "coordinates":
    [[19.2842071, 44.4599053],
     [19.284218900000003, 44.459875800000006], [19.284268, 44.4598395],
     [19.2842868, 44.459738400000006], [19.2843206, 44.4596189],
     [19.284350200000002, 44.45947], [19.2843647, 44.4593495],
     [19.2843769, 44.459256200000006],
     [19.284449000000002, 44.459133400000006],
     [19.284666400000003, 44.459010400000004],
     [19.2848884, 44.4589328], [19.2850697, 44.4588617],
     [19.2852479, 44.4587377], [19.2853929, 44.4586321],
     [19.2856436, 44.458525300000005],
     [19.2858865, 44.458384900000006],
     [19.286148100000002, 44.4582387],
     [19.286279500000003, 44.4581115], [19.2863973, 44.4579509],
     [19.286510500000002, 44.457734200000004],
     [19.286554300000002, 44.457539100000005],
     [19.286583, 44.457357900000005], [19.2866268, 44.457292200000005],
     [19.286703900000003, 44.4572523],
     [19.286794500000003, 44.4572501],
     [19.286853400000002, 44.457291100000006],
     [19.2868806, 44.457349300000004], [19.286876, 44.4574313],
     [19.286853400000002, 44.4575617], [19.2868549, 44.4577137],
     [19.2868655, 44.457918500000005],
     [19.286841300000003, 44.458080200000005],
     [19.2867733, 44.4583195], [19.2867718, 44.458431600000004],
     [19.286916700000003, 44.458592200000005],
     [19.2870361, 44.458657900000006],
     [19.287392500000003, 44.4587377], [19.2875042, 44.4587585],
     [19.2877066, 44.458781200000004], [19.2878183, 44.4588211],
     [19.287899900000003, 44.4588868], [19.287918, 44.4589817],
     [19.2878712, 44.4591046], [19.2877851, 44.4593008],
     [19.2876492, 44.459548700000006],
     [19.2876416, 44.459658700000006], [19.2876477, 44.4598311],
     [19.287634100000002, 44.4599874],
     [19.287569100000002, 44.4600845],
     [19.287486100000002, 44.460162100000005],
     [19.2872656, 44.4603507], [19.2871311, 44.4604445],
     [19.2870269, 44.4605016], [19.2869937, 44.460574900000005],
     [19.287010000000002, 44.4606304],
     [19.287103000000002, 44.460665600000006],
     [19.2871931, 44.4606845], [19.2872822, 44.4606701],
     [19.287397900000002, 44.460641700000004]]}},
  {"type":"Feature",
   "properties":{},
   "geometry":
   {"type":"LineString",
    "coordinates":
    [[19.287397900000002, 44.460641700000004],
     [19.2877054, 44.460512300000005], [19.2879289, 44.4604487],
     [19.288063400000002, 44.4603916],
     [19.2882642, 44.460303200000006],
     [19.288383500000002, 44.4602051], [19.2884847, 44.4601005],
     [19.288533100000002, 44.459933400000004],
     [19.2886056, 44.459757700000004],
     [19.288696700000003, 44.459653800000005],
     [19.288841700000003, 44.459507200000004],
     [19.288977600000003, 44.4593627], [19.2890416, 44.4592052],
     [19.289096100000002, 44.4590454],
     [19.289050800000002, 44.4589103], [19.288937500000003, 44.458699],
     [19.2888711, 44.4585384], [19.2888333, 44.4583304],
     [19.2888726, 44.458148200000004], [19.2888771, 44.4579746],
     [19.2888296, 44.457804100000004],
     [19.288734400000003, 44.4576456], [19.2885789, 44.4575486]]}},
  {"type":"Feature",
   "properties":{},
   "geometry":
   {"type":"LineString",
    "coordinates":
    [[19.2885789, 44.4575486], [19.2884354, 44.4574688],
     [19.2883704, 44.4573728], [19.2883508, 44.457278],
     [19.2883538, 44.4569826], [19.2883599, 44.456777800000005],
     [19.2883691, 44.4566024], [19.2883646, 44.456456900000006],
     [19.2883268, 44.4562984],
     [19.288307200000002, 44.456177700000005],
     [19.2883163, 44.456010600000006],
     [19.288298700000002, 44.4557384], [19.2883123, 44.4554904],
     [19.288295700000003, 44.455270500000005],
     [19.2882851, 44.4550819], [19.2883198, 44.4548932],
     [19.2883923, 44.454739000000004],
     [19.288486000000002, 44.4546593], [19.2886068, 44.4546161],
     [19.2887895, 44.454573], [19.2889179, 44.454545],
     [19.288948100000002, 44.454518],
     [19.288955700000002, 44.454481400000006],
     [19.2889239, 44.4544458], [19.2889051, 44.454413800000005],
     [19.288835600000002, 44.454383500000006],
     [19.288594200000002, 44.454385200000004],
     [19.2884311, 44.4544165], [19.2883344, 44.4544553],
     [19.2881804, 44.4545577], [19.287976500000003, 44.4547097],
     [19.287750000000003, 44.4549189], [19.2876242, 44.4551299],
     [19.287529000000003, 44.4552053], [19.2873556, 44.4552314],
     [19.2872787, 44.4552196],
     [19.287182100000003, 44.455162300000005],
     [19.2871153, 44.4551012],
     [19.286974100000002, 44.454958100000006],
     [19.286738500000002, 44.454778100000006], [19.286441, 44.4545862],
     [19.286173700000003, 44.454383500000006],
     [19.2859924, 44.4542348], [19.285775, 44.454027800000006],
     [19.285519700000002, 44.4537798], [19.285263, 44.4534844],
     [19.2850545, 44.4532904], [19.2848748, 44.4531556],
     [19.2845984, 44.4529508], [19.284322, 44.452688800000004],
     [19.2842193, 44.452577700000006], [19.2841197, 44.4525098],
     [19.2839913, 44.452493600000004],
     [19.283955000000002, 44.452507700000005],
     [19.283870500000003, 44.452582], [19.2838251, 44.452693100000005],
     [19.2837481, 44.4528796], [19.283630300000002, 44.4530295],
     [19.283532100000002, 44.4531933], [19.2834521, 44.4533475],
     [19.2833434, 44.453614900000005],
     [19.283257300000002, 44.453833700000004],
     [19.2831923, 44.4539836], [19.2831379, 44.4540267],
     [19.283071500000002, 44.454018100000006],
     [19.283021700000003, 44.453965200000006],
     [19.283015600000002, 44.453904900000005],
     [19.2830549, 44.453794900000005],
     [19.2830534, 44.453543700000004],
     [19.283070000000002, 44.4532472],
     [19.2830987, 44.453005700000006],
     [19.283157600000003, 44.4527804], [19.283202900000003, 44.452568],
     [19.283218, 44.4523686], [19.283246700000003, 44.452136800000005],
     [19.283307100000002, 44.4518101], [19.2833434, 44.451574],
     [19.283352400000002, 44.4513789],
     [19.2833358, 44.451238700000005], [19.2833449, 44.4511665],
     [19.2833872, 44.4511428], [19.2834642, 44.4511514],
     [19.283618200000003, 44.4512031],
     [19.2840139, 44.451389600000006], [19.2844187, 44.4516117],
     [19.2847902, 44.4518004], [19.284973, 44.4518737],
     [19.2850742, 44.4519007], [19.2851527, 44.451894200000005],
     [19.2851754, 44.4518532],
     [19.285136100000003, 44.451799300000005],
     [19.2850666, 44.451761600000005],
     [19.2849669, 44.451708800000006], [19.284834, 44.4516161],
     [19.2845954, 44.4513746],
     [19.284291800000002, 44.451039300000005],
     [19.283961100000003, 44.450687800000004],
     [19.2836862, 44.450449500000005],
     [19.283489900000003, 44.4502899],
     [19.283341800000002, 44.4501347],
     [19.2832437, 44.449930900000005],
     [19.2831757, 44.449817700000004], [19.2831259, 44.4497541],
     [19.283060900000002, 44.449745500000006],
     [19.2829643, 44.449746600000005], [19.282703, 44.449766000000004],
     [19.2824236, 44.449797200000006],
     [19.2821532, 44.449794000000004],
     [19.2818587, 44.449775700000004],
     [19.2816729, 44.449721800000006],
     [19.281511300000002, 44.4497228],
     [19.281361800000003, 44.449770300000004],
     [19.2812334, 44.4498479], [19.281096, 44.4499007],
     [19.280984200000002, 44.449911500000006],
     [19.2808725, 44.449944900000006],
     [19.280812100000002, 44.4500301], [19.2807773, 44.4501476],
     [19.2807849, 44.4502274], [19.280854400000003, 44.450401],
     [19.280943500000003, 44.4505368],
     [19.2809752, 44.450678100000005], [19.2809314, 44.4507934],
     [19.280732, 44.4509174], [19.280568900000002, 44.450977800000004],
     [19.280433000000002, 44.4510037], [19.2802487, 44.4509595],
     [19.280097100000003, 44.450838000000005],
     [19.280015600000002, 44.4506299], [19.2798675, 44.4504553],
     [19.2796984, 44.450314000000006], [19.279502, 44.450148000000006],
     [19.279357100000002, 44.4499572], [19.279271, 44.4497933],
     [19.279254400000003, 44.4496984],
     [19.279296600000002, 44.4495863], [19.2794311, 44.44939],
     [19.279494, 44.4492661]]}},
  {"type":"Feature",
   "properties":{},
   "geometry":
   {"type":"LineString",
    "coordinates":
    [[19.279494, 44.4492661], [19.279792800000003, 44.4490878],
     [19.2801903, 44.448862000000005],
     [19.280488300000002, 44.448591300000004],
     [19.2813075, 44.4481064], [19.282280800000002, 44.4475737],
     [19.282907400000003, 44.447124900000006],
     [19.2830696, 44.4469599], [19.2833454, 44.446417100000005],
     [19.2840783, 44.4453502], [19.284905600000002, 44.4449449],
     [19.2853436, 44.444997], [19.2858465, 44.444881200000005],
     [19.286049300000002, 44.4447017], [19.286244, 44.444319500000006],
     [19.286552200000003, 44.444053100000005],
     [19.287507, 44.443685800000004]]}},
  {"type":"Feature",
   "properties":{},
   "geometry":
   {"type":"LineString",
    "coordinates":
    [[19.287507, 44.443685800000004], [19.2875719, 44.443689500000005],
     [19.287834800000002, 44.443864700000006],
     [19.288235800000002, 44.444074400000005],
     [19.2885697, 44.444129000000004],
     [19.2886837, 44.444085900000005],
     [19.2886743, 44.443991100000005], [19.2882384, 44.4434272],
     [19.2878589, 44.443146600000006], [19.28724, 44.4429997],
     [19.2867387, 44.4428834], [19.2852558, 44.4426554],
     [19.2847127, 44.442636300000004], [19.2843009, 44.4427394],
     [19.2831678, 44.442486], [19.2826688, 44.442258100000004],
     [19.281554, 44.4415996], [19.2812419, 44.441478700000005],
     [19.2809199, 44.441211100000004], [19.2795254, 44.4411051],
     [19.2787528, 44.4408011], [19.278475, 44.4405196],
     [19.2781305, 44.4402684]]}},
  {"type":"Feature",
   "properties":{},
   "geometry":
   {"type":"LineString",
    "coordinates":
    [[19.274521800000002, 44.4293573],
     [19.2751479, 44.429543100000004], [19.276135, 44.429635100000006],
     [19.2770684, 44.4297309], [19.2775903, 44.429877000000005],
     [19.2775994, 44.4304281], [19.277814000000003, 44.4307728],
     [19.277738900000003, 44.431267000000005],
     [19.2775512, 44.431596400000004],
     [19.2779159, 44.432082900000005], [19.2779642, 44.432623],
     [19.2778087, 44.433247400000006], [19.2775404, 44.4336611],
     [19.276424600000002, 44.4340786], [19.276181, 44.434239100000006],
     [19.2760062, 44.434354400000004], [19.2758346, 44.4345804],
     [19.2757219, 44.4350171], [19.2758238, 44.4353465],
     [19.2761457, 44.4360322], [19.2765427, 44.4362505],
     [19.277030800000002, 44.436499500000004],
     [19.277014700000002, 44.4370357], [19.2765534, 44.4375336],
     [19.2759258, 44.4381082], [19.275738, 44.438395400000005],
     [19.2755878, 44.4386406], [19.2755717, 44.4389891],
     [19.2758238, 44.439356800000006], [19.2760974, 44.4396288],
     [19.276714300000002, 44.4398892],
     [19.2770684, 44.440057700000004],
     [19.277835500000002, 44.440084500000005],
     [19.2781305, 44.4402684]]}},
  {"type":"Feature",
   "properties":{},
   "geometry":
   {"type":"LineString",
    "coordinates":
    [[19.274521800000002, 44.4293573],
     [19.273942700000003, 44.4290638],
     [19.272233500000002, 44.428730300000005],
     [19.2718341, 44.4286942], [19.270914, 44.4286071]]}},
  {"type":"Feature",
   "properties":{},
   "geometry":
   {"type":"LineString",
    "coordinates":
    [[19.269246000000003, 44.427953], [19.269754000000002, 44.4281756],
     [19.270298500000003, 44.4283901], [19.270914, 44.4286071]]}},
  {"type":"Feature",
   "properties":{},
   "geometry":
   {"type":"LineString",
    "coordinates":
    [[19.2729682, 44.419648], [19.272140200000003, 44.4201643],
     [19.2715763, 44.420224000000005],
     [19.2711887, 44.420340800000005], [19.2709121, 44.4206568],
     [19.270783, 44.421170100000005], [19.2707894, 44.421587900000006],
     [19.270868800000002, 44.421855900000004],
     [19.271057600000002, 44.422195200000004],
     [19.2712448, 44.4231222], [19.2715394, 44.4240263],
     [19.270991600000002, 44.424773900000005],
     [19.2706971, 44.4250319], [19.269591300000002, 44.4260369],
     [19.269354800000002, 44.4263132],
     [19.269538400000002, 44.427177300000004],
     [19.2693973, 44.427646900000006],
     [19.269246000000003, 44.427953]]}},
  {"type":"Feature",
   "properties":{},
   "geometry":
   {"type":"LineString",
    "coordinates":
    [[19.2752386, 44.395850800000005], [19.2755556, 44.3961636],
     [19.2758937, 44.3964784], [19.2766501, 44.396677700000005],
     [19.2774933, 44.396703200000005],
     [19.277959900000003, 44.3970123],
     [19.277762300000003, 44.3975395], [19.2774761, 44.3979574],
     [19.2776317, 44.3981639],
     [19.277762300000003, 44.398403800000004], [19.277538, 44.399399],
     [19.276927800000003, 44.3996998],
     [19.2769076, 44.399805300000004],
     [19.277073700000003, 44.3998738],
     [19.277358200000002, 44.399805300000004],
     [19.277615700000002, 44.3997133],
     [19.2779804, 44.399667300000004],
     [19.278304900000002, 44.3994924],
     [19.2784686, 44.399464200000004], [19.2788547, 44.3995097],
     [19.2789825, 44.3997271], [19.279214200000002, 44.4001273],
     [19.2795683, 44.400437700000005], [19.2799866, 44.4006747],
     [19.2800885, 44.400933900000005],
     [19.2802657, 44.401078000000005],
     [19.280705700000002, 44.4013525],
     [19.2805484, 44.402541500000005], [19.2800525, 44.4044396],
     [19.2799631, 44.404560000000004],
     [19.279667200000002, 44.405060500000005], [19.2791085, 44.405382],
     [19.2788089, 44.4055052], [19.278704700000002, 44.4057959],
     [19.278879800000002, 44.4064629], [19.2782288, 44.4073441],
     [19.2781644, 44.4080517], [19.277864, 44.4085423],
     [19.2777996, 44.409017500000004], [19.2781644, 44.4098452],
     [19.278250200000002, 44.4100291], [19.2790925, 44.4103549],
     [19.279430400000003, 44.410764900000004],
     [19.2795427, 44.4111726], [19.2794089, 44.411439300000005],
     [19.279172900000002, 44.411883800000005],
     [19.2784863, 44.4125889], [19.2779069, 44.413125300000004],
     [19.277745300000003, 44.4136108],
     [19.2772417, 44.413999000000004], [19.276083, 44.414964600000005],
     [19.274344900000003, 44.4154551], [19.2739963, 44.4157291],
     [19.274003, 44.4162334], [19.273894300000002, 44.416697500000005],
     [19.2741206, 44.4169202], [19.2744381, 44.4171132],
     [19.274648000000003, 44.417419], [19.274666800000002, 44.4177984],
     [19.274350300000002, 44.4186375],
     [19.273798300000003, 44.4191166], [19.2729682, 44.419648]]}},
  {"type":"Feature",
   "properties":{},
   "geometry":
   {"type":"LineString",
    "coordinates":
    [[19.2752386, 44.395850800000005], [19.274866600000003, 44.395788],
     [19.274587800000003, 44.3957386],
     [19.274378000000002, 44.3957014], [19.2741474, 44.3955666],
     [19.274024100000002, 44.3955695], [19.2739073, 44.3956078],
     [19.2737632, 44.3957029], [19.2736743, 44.395845800000004],
     [19.2735238, 44.3960208], [19.2733428, 44.3961003],
     [19.2731698, 44.396108000000005],
     [19.2730156, 44.396053200000004], [19.2724866, 44.3959154],
     [19.2720473, 44.395805200000005], [19.2719118, 44.3957439],
     [19.2718542, 44.3956365], [19.27183, 44.3955014],
     [19.2718823, 44.395407500000005], [19.2719689, 44.3952235],
     [19.2719856, 44.3950702], [19.2719643, 44.394941100000004],
     [19.2718944, 44.394853600000005], [19.271783300000003, 44.39479],
     [19.2714819, 44.394670100000006],
     [19.2713773, 44.394625600000005], [19.2713001, 44.3945796],
     [19.2712375, 44.394532500000004],
     [19.271201400000002, 44.394481600000006],
     [19.271181000000002, 44.3944338], [19.2711724, 44.3943948],
     [19.2711708, 44.3943876], [19.2711653, 44.394317400000006],
     [19.271168600000003, 44.3942968], [19.2711945, 44.3941336],
     [19.2713424, 44.394004300000006],
     [19.2717509, 44.393672800000004], [19.2717898, 44.3933118],
     [19.2717047, 44.3927812], [19.2715432, 44.3924681],
     [19.2714633, 44.3921958],
     [19.271447000000002, 44.391962500000005],
     [19.2714626, 44.3915178], [19.2717254, 44.3910118],
     [19.271876600000002, 44.390821300000006],
     [19.272006, 44.390661900000005], [19.2720595, 44.390539700000005],
     [19.271886300000002, 44.3901685], [19.2717241, 44.3898114],
     [19.2717898, 44.3895168], [19.271886300000002, 44.3892485],
     [19.271938600000002, 44.388919200000004],
     [19.271945900000002, 44.3887476],
     [19.272081200000002, 44.388423800000005],
     [19.2720641, 44.3879524], [19.2719716, 44.3876192],
     [19.271596300000002, 44.3871811],
     [19.2713915, 44.387024600000004], [19.2710256, 44.3869582],
     [19.270688200000002, 44.386755400000006],
     [19.2705641, 44.386638500000004]]}},
  {"type":"Feature",
   "properties":{},
   "geometry":
   {"type":"LineString",
    "coordinates":
    [[19.2705641, 44.386638500000004], [19.2704454, 44.3865599],
     [19.2702049, 44.386438600000005], [19.2700964, 44.3863021],
     [19.2700847, 44.3861724], [19.2701342, 44.3860359],
     [19.2701177, 44.3859045], [19.2699621, 44.3857646],
     [19.269698, 44.3857208], [19.2695306, 44.385613],
     [19.2694121, 44.3855641],
     [19.269301900000002, 44.385518600000005],
     [19.269193400000002, 44.385380500000004]]}},
  {"type":"Feature",
   "properties":{},
   "geometry":
   {"type":"LineString",
    "coordinates":
    [[19.269193400000002, 44.385380500000004], [19.269237, 44.3851437],
     [19.2693738, 44.3850056], [19.269378500000002, 44.3848842],
     [19.2693431, 44.384810900000005],
     [19.269163900000002, 44.3847503],
     [19.2689965, 44.384601200000006], [19.2688421, 44.3843383],
     [19.268740700000002, 44.3841352],
     [19.2687183, 44.383941500000006], [19.2687457, 44.3837896],
     [19.2688099, 44.3834329]]}},
  {"type":"Feature",
   "properties":{},
   "geometry":
   {"type":"LineString",
    "coordinates":
    [[19.2688099, 44.3834329], [19.2689105, 44.382947300000005],
     [19.2686865, 44.3822227], [19.2685266, 44.381756700000004],
     [19.2685175, 44.381188300000005], [19.2684846, 44.3811089],
     [19.268413000000002, 44.3810263], [19.268250300000002, 44.380996],
     [19.2679768, 44.3810213], [19.2675838, 44.381104400000005],
     [19.2673685, 44.3812538],
     [19.266859200000003, 44.381455200000005],
     [19.266463100000003, 44.381508200000006],
     [19.2660552, 44.3814476], [19.2658053, 44.381215000000005],
     [19.2655876, 44.380982], [19.2654196, 44.3802795],
     [19.265296600000003, 44.379736], [19.2650834, 44.3787247],
     [19.2648499, 44.377676], [19.2647508, 44.3768958],
     [19.2646596, 44.375904600000005],
     [19.264521000000002, 44.375528900000006],
     [19.2638254, 44.3749958],
     [19.263581300000002, 44.375001600000004],
     [19.2631558, 44.3752682], [19.2628008, 44.3753698],
     [19.261873700000002, 44.375435], [19.2615294, 44.3756995],
     [19.261247700000002, 44.375875900000004],
     [19.260553100000003, 44.3758701], [19.2596804, 44.3758585]]}},
  {"type":"Feature",
   "properties":{},
   "geometry":
   {"type":"LineString",
    "coordinates":
    [[19.270128, 44.3566434], [19.270031600000003, 44.356659],
     [19.269968600000002, 44.356671500000004],
     [19.2699149, 44.3566926], [19.269854600000002, 44.3567242],
     [19.2698036, 44.356757800000004], [19.2697667, 44.3567957],
     [19.2696413, 44.356990800000005],
     [19.269560900000002, 44.3571327],
     [19.2694496, 44.357342700000004], [19.2693289, 44.3575613],
     [19.2693128, 44.3576035], [19.269284600000002, 44.3576946],
     [19.2692403, 44.3578241], [19.269177300000003, 44.3579871],
     [19.269114300000002, 44.358152000000004],
     [19.269075400000002, 44.3582412], [19.269023, 44.3583445],
     [19.2685515, 44.3590145],
     [19.268284700000002, 44.359398600000006],
     [19.2682119, 44.359554700000004], [19.2682708, 44.3599313],
     [19.268312400000003, 44.3602162],
     [19.268284700000002, 44.3603922],
     [19.268208400000002, 44.3604913], [19.2680213, 44.3606276],
     [19.2678134, 44.3607415], [19.267647, 44.3608258],
     [19.2673802, 44.3610017], [19.2671549, 44.3610587],
     [19.266895, 44.361081000000006], [19.2666836, 44.3611008],
     [19.2666004, 44.3611231], [19.266493, 44.3611256],
     [19.266385500000002, 44.3611231],
     [19.2663128, 44.361142900000004],
     [19.2662435, 44.361177600000005], [19.2655724, 44.3615361],
     [19.2651445, 44.3617128], [19.2650331, 44.3617623],
     [19.2649379, 44.3618347], [19.2648583, 44.3619271],
     [19.2647823, 44.361993000000005],
     [19.2647075, 44.362042800000005], [19.2643852, 44.3621828],
     [19.264097500000002, 44.362307900000005],
     [19.263867100000002, 44.362346300000006],
     [19.263510800000002, 44.3623945], [19.2632561, 44.3623933],
     [19.2631036, 44.3623945], [19.2629771, 44.362414400000006],
     [19.262888800000002, 44.3624218],
     [19.2627293, 44.362416800000005], [19.2626375, 44.3623883],
     [19.262466, 44.3623227], [19.262381, 44.362288],
     [19.262200800000002, 44.362262], [19.262079500000002, 44.3622645],
     [19.2618699, 44.362284300000006], [19.2617191, 44.3623598],
     [19.2615374, 44.3624725], [19.2613928, 44.3626039],
     [19.261223700000002, 44.3628334],
     [19.261057100000002, 44.3632416], [19.2610546, 44.3634326],
     [19.2611183, 44.363606000000004], [19.261209, 44.363784700000004],
     [19.2613683, 44.3640002], [19.261591300000003, 44.3643243],
     [19.2618437, 44.3648341], [19.261993200000003, 44.3651126],
     [19.2620618, 44.365300100000006],
     [19.2620691, 44.365520800000006],
     [19.262032400000002, 44.3658572], [19.2620152, 44.36612],
     [19.2620495, 44.366363500000006], [19.2620358, 44.3665445],
     [19.262034800000002, 44.366557900000004],
     [19.261990700000002, 44.366731400000006],
     [19.2619098, 44.3669135],
     [19.261833900000003, 44.367055400000005],
     [19.2617163, 44.3672114], [19.2615227, 44.3674533],
     [19.2613719, 44.3676453], [19.2613407, 44.3677804],
     [19.261375400000002, 44.3679773], [19.2617462, 44.3685818],
     [19.261848500000003, 44.368794900000005],
     [19.2618744, 44.3689163],
     [19.261883100000002, 44.369063700000005],
     [19.261848500000003, 44.369159], [19.261399700000002, 44.3700818],
     [19.261197300000003, 44.370405500000004],
     [19.2611238, 44.3705842], [19.2611336, 44.3706648],
     [19.261236500000003, 44.370769900000006],
     [19.2613786, 44.3708364], [19.261515900000003, 44.3709275],
     [19.2616286, 44.3710431],
     [19.261672700000002, 44.371172800000004],
     [19.261638400000002, 44.3713514], [19.2615796, 44.3714881],
     [19.260766, 44.372441], [19.260712100000003, 44.3725601],
     [19.260707200000002, 44.3726932],
     [19.2606974, 44.372815800000005],
     [19.260668000000003, 44.372980500000004],
     [19.260623900000002, 44.3731031],
     [19.260560100000003, 44.3732327], [19.2604474, 44.3733203],
     [19.2600994, 44.373495500000004],
     [19.2598299, 44.373639100000005],
     [19.2596829, 44.373758200000005],
     [19.259501500000002, 44.3739404],
     [19.259379000000003, 44.3741156], [19.259232, 44.374402800000006],
     [19.2591584, 44.374557], [19.2591584, 44.3746796],
     [19.2591879, 44.3747917], [19.259374100000002, 44.3749388],
     [19.259462300000003, 44.3750334],
     [19.259584800000003, 44.375166500000006],
     [19.259628900000003, 44.3752926],
     [19.2596338, 44.375506300000005], [19.259648600000002, 44.375664],
     [19.2596521, 44.3757141], [19.2596804, 44.3758585]]}},
  {"type":"Feature",
   "properties":{},
   "geometry":
   {"type":"LineString",
    "coordinates":
    [[19.2854798, 44.3519967], [19.2854369, 44.352065800000005],
     [19.2853725, 44.352129100000006], [19.2853028, 44.3521866],
     [19.2851801, 44.3522747], [19.2850506, 44.3523324],
     [19.2848468, 44.3523918], [19.2846242, 44.3524474],
     [19.284313, 44.3525146], [19.2842352, 44.352535700000004],
     [19.2841977, 44.3525481], [19.2841494, 44.352574000000004],
     [19.284044100000003, 44.3526491], [19.2838758, 44.35276],
     [19.283731, 44.352859800000004], [19.2835095, 44.353028200000004],
     [19.2831878, 44.3532577],
     [19.283098000000003, 44.353326800000005],
     [19.283022900000002, 44.353390100000006],
     [19.2829598, 44.353451500000006],
     [19.2829048, 44.353515800000004], [19.2828687, 44.3535752],
     [19.282840500000002, 44.353630800000005],
     [19.2828163, 44.353720900000006],
     [19.282808300000003, 44.3538609],
     [19.282824400000003, 44.3541831], [19.2828324, 44.3543692],
     [19.282829800000002, 44.354442000000006],
     [19.2828163, 44.3545072], [19.282801600000003, 44.3545494],
     [19.282762700000003, 44.354619400000004],
     [19.282733200000003, 44.354651100000005],
     [19.2826986, 44.3546751],
     [19.282644700000002, 44.354705700000004],
     [19.2825777, 44.354733200000005],
     [19.282514600000003, 44.3547498],
     [19.282442200000002, 44.3547614],
     [19.282373800000002, 44.354764200000005],
     [19.282293300000003, 44.354755600000004],
     [19.2822269, 44.354744600000004],
     [19.282155200000002, 44.354724000000004],
     [19.28206, 44.354687500000004], [19.281970100000002, 44.3546482],
     [19.281888300000002, 44.354606000000004],
     [19.281790400000002, 44.3545485], [19.2817247, 44.3545159],
     [19.2816684, 44.3544986], [19.2816169, 44.3544853],
     [19.2815571, 44.354483300000005],
     [19.281494000000002, 44.3544919],
     [19.281432300000002, 44.3545053],
     [19.281363900000002, 44.3545303],
     [19.281282100000002, 44.3545705],
     [19.281165100000003, 44.354639000000006],
     [19.280887800000002, 44.354823700000004],
     [19.2806558, 44.3549771], [19.2803851, 44.3551463],
     [19.2798981, 44.3554326], [19.279494, 44.3556602],
     [19.279300000000003, 44.355755800000004],
     [19.2790854, 44.3558478],
     [19.278968000000003, 44.355901200000005],
     [19.2789325, 44.355943700000005], [19.2789003, 44.3559993],
     [19.2788574, 44.3560588], [19.278803800000002, 44.3561105],
     [19.2787474, 44.356154700000005],
     [19.2786629, 44.356191100000004],
     [19.278601300000002, 44.356206400000005],
     [19.2785382, 44.356213100000005],
     [19.278481900000003, 44.3562141], [19.278388, 44.356206400000005],
     [19.2782935, 44.356176600000005], [19.2782325, 44.3561489],
     [19.278110400000003, 44.3560789],
     [19.277962600000002, 44.3559799],
     [19.2778663, 44.355927400000006],
     [19.2777698, 44.355884200000006],
     [19.277630900000002, 44.3558408], [19.2775485, 44.3558238],
     [19.277451900000003, 44.355812300000004],
     [19.277213200000002, 44.355802700000005],
     [19.2770574, 44.355793000000006],
     [19.276932900000002, 44.355784500000006],
     [19.2768337, 44.355775900000005],
     [19.276734400000002, 44.3557615], [19.2766392, 44.3557404],
     [19.276544, 44.3557116], [19.2763858, 44.355653100000005],
     [19.2762748, 44.3556171], [19.2761524, 44.3555879],
     [19.2760666, 44.355578400000006],
     [19.2759982, 44.355578200000004], [19.2758882, 44.3556042],
     [19.2758144, 44.3556244], [19.2757259, 44.3556541],
     [19.275616000000003, 44.355703000000005],
     [19.2754733, 44.3557743], [19.2753947, 44.3558229],
     [19.2753316, 44.3558651], [19.2752458, 44.3559216],
     [19.275101000000003, 44.3560156],
     [19.274989700000003, 44.3560779], [19.2748743, 44.3561326],
     [19.274775100000003, 44.3561777], [19.2745216, 44.3562889],
     [19.274288300000002, 44.356387700000006],
     [19.2739866, 44.3565028], [19.273373600000003, 44.3567626],
     [19.2732503, 44.3568057], [19.273147, 44.356839300000004],
     [19.2730056, 44.3568805], [19.2726602, 44.356975500000004],
     [19.272528700000002, 44.3570033],
     [19.272446900000002, 44.3570177], [19.272341, 44.3570311],
     [19.2722216, 44.3570445], [19.2720728, 44.3570493],
     [19.2719479, 44.3570499], [19.2718649, 44.357047400000006],
     [19.271758900000002, 44.357034000000006], [19.271657, 44.3570148],
     [19.2715766, 44.3569966], [19.2713834, 44.356939000000004],
     [19.271252, 44.356900700000004], [19.2710969, 44.3568604],
     [19.2708443, 44.356796200000005],
     [19.270503700000003, 44.3567127],
     [19.2702671, 44.356657500000004], [19.2701885, 44.3566456],
     [19.270128, 44.3566434]]}},
  {"type":"Feature",
   "properties":{},
   "geometry":
   {"type":"LineString",
    "coordinates":
    [[19.315633700000003, 44.360392100000006],
     [19.315550100000003, 44.3605588],
     [19.315406300000003, 44.360673500000004],
     [19.315242400000002, 44.3606831], [19.3150015, 44.3606138],
     [19.3148108, 44.3605516], [19.3146637, 44.3605133],
     [19.3145667, 44.3603698], [19.314446200000003, 44.3603316],
     [19.314305700000002, 44.360317200000004],
     [19.314125100000002, 44.3603387], [19.313957900000002, 44.360365],
     [19.3136535, 44.3603339],
     [19.313466100000003, 44.360281300000004],
     [19.313352400000003, 44.3601833],
     [19.313292200000003, 44.3600733],
     [19.313195200000003, 44.359960900000004],
     [19.313091500000002, 44.359920200000005],
     [19.3129677, 44.359948900000006],
     [19.3128239, 44.359987200000006], [19.3126667, 44.360035],
     [19.3124158, 44.3600063], [19.312031100000002, 44.3598987],
     [19.3118906, 44.359781500000004],
     [19.311797000000002, 44.359676300000004],
     [19.3117646, 44.3595412], [19.311757500000002, 44.359411],
     [19.311658100000002, 44.359343300000006],
     [19.311478400000002, 44.3592807], [19.3112442, 44.3592249],
     [19.310932, 44.3591082], [19.3107262, 44.3590457],
     [19.310508600000002, 44.359003400000006],
     [19.3102106, 44.3590017],
     [19.309948000000002, 44.359020300000005],
     [19.309690200000002, 44.3590017],
     [19.309334500000002, 44.3589156], [19.3091557, 44.3588693],
     [19.308965, 44.3588095], [19.308844500000003, 44.3587624],
     [19.308714000000002, 44.358766],
     [19.308569300000002, 44.358804600000006],
     [19.3083987, 44.3588979], [19.3082332, 44.3589481],
     [19.3081144, 44.358978], [19.3078836, 44.3590151],
     [19.3076344, 44.359024700000006],
     [19.306662600000003, 44.3587538],
     [19.306212000000002, 44.358447000000005],
     [19.3057185, 44.357971400000004],
     [19.3051391, 44.357710600000004],
     [19.3040233, 44.356928100000005],
     [19.303486900000003, 44.356329800000005],
     [19.3029504, 44.355946200000005],
     [19.302092100000003, 44.355470600000004],
     [19.301233800000002, 44.3555933], [19.3005043, 44.3554552],
     [19.299796200000003, 44.3551944], [19.299367, 44.355025700000006],
     [19.2991095, 44.3549796],
     [19.298830600000002, 44.354749500000004], [19.2982298, 44.35455],
     [19.2978712, 44.354232800000005],
     [19.296905600000002, 44.3538032],
     [19.2964121, 44.353772500000005],
     [19.2959615, 44.353772500000005], [19.2955538, 44.353926],
     [19.2948457, 44.353972000000006],
     [19.2943307, 44.353833900000005], [19.2933865, 44.3532662],
     [19.2928716, 44.3531435], [19.2926141, 44.3531435],
     [19.2923525, 44.352977700000004],
     [19.292184900000002, 44.352851900000005],
     [19.291627000000002, 44.352499], [19.2912193, 44.3522382],
     [19.2909404, 44.352130800000005],
     [19.2904683, 44.352130800000005],
     [19.290082100000003, 44.352069400000005],
     [19.2897387, 44.351685800000006], [19.2895885, 44.3515631],
     [19.289266700000002, 44.3515324], [19.2888375, 44.3515324],
     [19.288537100000003, 44.351609100000005],
     [19.288386900000003, 44.351731900000004],
     [19.2884084, 44.3521615], [19.2883011, 44.3522842],
     [19.288086500000002, 44.352361], [19.287829000000002, 44.3522996],
     [19.287614400000002, 44.3522229],
     [19.287421300000002, 44.352207500000006],
     [19.2871424, 44.3522842], [19.287056500000002, 44.3525451],
     [19.286949200000002, 44.3527599], [19.2867132, 44.352944],
     [19.286391300000002, 44.3529593], [19.2860909, 44.3528673],
     [19.2859193, 44.3526218], [19.2858549, 44.352407],
     [19.2857047, 44.352115500000004], [19.2854798, 44.3519967]]}},
  {"type":"Feature",
   "properties":{},
   "geometry":
   {"type":"LineString",
    "coordinates":
    [[19.315633700000003, 44.360392100000006],
     [19.3158201, 44.360682600000004],
     [19.315906400000003, 44.360835300000005],
     [19.3161048, 44.3610569], [19.3162628, 44.3611438],
     [19.3163656, 44.3612004], [19.3168119, 44.361315600000005],
     [19.3172831, 44.361333300000005],
     [19.3178905, 44.361546100000005],
     [19.3185058, 44.361634900000006],
     [19.3189283, 44.361771600000004],
     [19.319291500000002, 44.3618917],
     [19.319812900000002, 44.361867000000004],
     [19.320952700000003, 44.3620158],
     [19.3216718, 44.362033600000004], [19.3226388, 44.3620424],
     [19.3229735, 44.362264], [19.3231471, 44.3627781],
     [19.323457, 44.363292200000004], [19.3240397, 44.3635935],
     [19.32461, 44.363753100000004], [19.3252051, 44.3640101],
     [19.326209300000002, 44.3641962],
     [19.327353300000002, 44.364523600000005],
     [19.327875600000002, 44.364735100000004],
     [19.3280999, 44.364915100000005], [19.3283615, 44.3651576],
     [19.3284668, 44.365215500000005],
     [19.328988000000003, 44.3654603],
     [19.3295025, 44.365589400000005], [19.3299162, 44.3656571],
     [19.330759200000003, 44.3658609],
     [19.331453500000002, 44.3661534],
     [19.331814700000002, 44.366525700000004]]}},
  {"type":"Feature",
   "properties":{},
   "geometry":
   {"type":"LineString",
    "coordinates":
    [[19.331814700000002, 44.366525700000004],
     [19.3320377, 44.3666532], [19.332696900000002, 44.3669608],
     [19.3330632, 44.3669608], [19.334180200000002, 44.3670132],
     [19.3349493, 44.3670525],
     [19.335414500000002, 44.367172700000005],
     [19.336139600000003, 44.3674059], [19.3365699, 44.3676285],
     [19.336689, 44.3678248], [19.3368904, 44.367981900000004],
     [19.3371834, 44.368008100000004],
     [19.337531300000002, 44.367949200000005],
     [19.338025700000003, 44.367896800000004],
     [19.3385293, 44.3680408], [19.338923, 44.368086600000005]]}},
  {"type":"Feature",
   "properties":{},
   "geometry":
   {"type":"LineString",
    "coordinates":
    [[19.338923, 44.368086600000005], [19.339176300000002, 44.368107],
     [19.339347200000002, 44.368222800000005],
     [19.3395446, 44.3684208],
     [19.339792000000003, 44.368635600000005],
     [19.340107200000002, 44.3687388],
     [19.340572700000003, 44.3688567],
     [19.340926200000002, 44.3689241],
     [19.3410525, 44.368933500000004], [19.3413474, 44.3689304],
     [19.341960200000003, 44.3688693], [19.3428852, 44.3687661],
     [19.3437454, 44.368625], [19.3441519, 44.3685303],
     [19.3444524, 44.368403900000004],
     [19.344923700000002, 44.368094400000004],
     [19.3452625, 44.3679259], [19.3455525, 44.367814800000005],
     [19.3456632, 44.367786900000006], [19.3458134, 44.3677581],
     [19.3489562, 44.3674115]]}},
  {"type":"Feature",
   "properties":{},
   "geometry":
   {"type":"LineString",
    "coordinates":
    [[19.3489562, 44.3674115],
     [19.349304200000002, 44.367167800000004],
     [19.349532200000002, 44.367040700000004],
     [19.3497938, 44.367010300000004],
     [19.3498716, 44.366989200000006],
     [19.3499735, 44.366937500000006], [19.3501157, 44.366878],
     [19.3503195, 44.366837700000005],
     [19.350480400000002, 44.3668339], [19.3506655, 44.3668473],
     [19.3508773, 44.366934], [19.3510658, 44.366986600000004],
     [19.3513646, 44.366986000000004], [19.351737500000002, 44.366953],
     [19.3518848, 44.366872900000004],
     [19.353045400000003, 44.366872900000004],
     [19.353313500000002, 44.3668034],
     [19.3537407, 44.366578100000005], [19.3541409, 44.3663565],
     [19.354845700000002, 44.3663401], [19.3549404, 44.3663959],
     [19.3555473, 44.366269700000004], [19.3556339, 44.3662525],
     [19.355745000000002, 44.3662405], [19.3564283, 44.3662915],
     [19.357010600000002, 44.3663407], [19.3571612, 44.3663481],
     [19.357612200000002, 44.366342700000004],
     [19.357790700000002, 44.3663302],
     [19.358438800000002, 44.3662653], [19.3586451, 44.3662621],
     [19.3588601, 44.366263200000006], [19.358989, 44.366248600000006],
     [19.3591044, 44.3662147], [19.3594151, 44.366174300000004],
     [19.3594674, 44.366159100000004],
     [19.359488900000002, 44.3661291], [19.359501, 44.366088000000005],
     [19.359534, 44.3659667], [19.3595577, 44.3659425],
     [19.359606300000003, 44.3659182],
     [19.3596817, 44.365900800000006],
     [19.360045600000003, 44.3658513],
     [19.3604448, 44.365807100000005], [19.3605811, 44.3657532]]}},
  {"type":"Feature",
   "properties":{},
   "geometry":
   {"type":"LineString",
    "coordinates":
    [[19.3605811, 44.3657532], [19.3622407, 44.3656877],
     [19.362624, 44.365643000000006], [19.3627499, 44.365618500000004],
     [19.3628703, 44.3655917]]}},
  {"type":"Feature",
   "properties":{},
   "geometry":
   {"type":"LineString",
    "coordinates":
    [[19.3628703, 44.3655917], [19.362898, 44.3655662],
     [19.3629475, 44.3655545]]}},
  {"type":"Feature",
   "properties":{},
   "geometry":
   {"type":"LineString",
    "coordinates":
    [[19.3629475, 44.3655545], [19.3631159, 44.3654846]]}},
  {"type":"Feature",
   "properties":{},
   "geometry":
   {"type":"LineString",
    "coordinates":
    [[19.3631159, 44.3654846], [19.363154, 44.36547],
     [19.363562700000003, 44.3653156]]}}]}
